job_id,first_seen,last_seen,snapshots,off_time,est_restore,customers_max,customers_last,cause,event_status,incident_type,device_type,service_center,storm_mode,lat,lon
NE25091501203,2025-09-16T03:09:29Z,2025-09-16T03:51:55Z,3,2025-09-15T22:26:25Z,2025-09-16T22:25:00Z,1,1,Determined upon crew arrival,In Progres,SERVICE DOWN NO,,NAE,NORMAL,43.41776,-82.57022
NE25091501296,2025-09-16T03:09:29Z,2025-09-16T06:29:41Z,10,2025-09-16T00:27:47Z,2025-09-16T09:05:00Z,24,24,Equipment problem,In Progres,OUTAGE,Service Transformer,MTC,NORMAL,42.53575,-82.97598
NW25091500313,2025-09-16T03:09:29Z,2025-09-16T10:53:34Z,22,2025-09-15T14:28:42Z,2025-09-16T11:00:00Z,1,1,Determined upon crew arrival,In Progres,PRIORITY,,PON,NORMAL,42.59059,-83.17432
NW25091501014,2025-09-16T03:09:29Z,2025-09-16T03:51:55Z,3,2025-09-15T19:41:26Z,2025-09-16T20:30:00Z,1,1,Equipment problem,Pending,OUTAGE,Single Customer,PON,NORMAL,42.63925,-83.29472
NW25091501146,2025-09-16T03:09:29Z,2025-09-16T03:39:36Z,2,2025-09-15T21:32:55Z,2025-09-16T21:35:00Z,1,1,Determined upon crew arrival,In Progres,OUTAGE,Single Customer,PON,NORMAL,42.5793,-83.22827
NW25091501260,2025-09-16T03:09:29Z,2025-09-16T22:17:15Z,52,2025-09-14T19:34:54Z,2025-09-16T23:35:00Z,1,1,Equipment problem,In Progres,OUTAGE,Single Customer,PON,NORMAL,42.53525,-83.34354
NW25091501318,2025-09-16T03:09:29Z,2025-09-16T05:18:42Z,7,2025-09-16T01:50:43Z,2025-09-16T06:20:00Z,14,14,Equipment problem,In Progres,OUTAGE,Service Transformer,PON,NORMAL,42.64138,-83.39797
SE25091500507,2025-09-16T03:09:29Z,2025-09-16T17:51:30Z,40,2025-09-15T15:33:13Z,2025-09-16T19:45:00Z,1,1,Equipment problem,In Progres,OUTAGE,Single Customer,RFD,NORMAL,42.37427,-83.26389
SE25091500763,2025-09-16T03:09:29Z,2025-09-16T05:51:33Z,9,2025-09-15T18:36:39Z,2025-09-16T07:05:00Z,1,1,Determined upon crew arrival,Pending,PRIORITY,,RFD,NORMAL,42.35341,-83.11156
SE25091501004,2025-09-16T03:09:29Z,2025-09-16T05:18:42Z,7,2025-09-15T20:28:31Z,2025-09-16T08:00:00Z,680,680,Public Interference w/DTE equip,In Progres,OUTAGE,Circuit Level,RFD,NORMAL,42.47285,-83.13541
SE25091501139,2025-09-16T03:09:29Z,2025-09-16T17:17:04Z,38,2025-09-15T21:27:44Z,2025-09-16T21:30:00Z,1,1,Determined upon crew arrival,In Progres,OUTAGE,Single Customer,RFD,NORMAL,42.30874,-83.26608
SE25091501147,2025-09-16T03:09:29Z,2025-09-16T09:41:13Z,18,2025-09-15T21:33:36Z,2025-09-16T21:35:00Z,1,1,Determined upon crew arrival,In Progres,OUTAGE,Single Customer,RFD,NORMAL,42.42943,-83.28028
SE25091501196,2025-09-16T03:09:29Z,2025-09-16T17:17:04Z,38,2025-09-15T22:06:47Z,2025-09-16T22:05:00Z,1,1,Problem with the customer equip,In Progres,OUTAGE,Single Customer,RFD,NORMAL,42.50787,-83.14581
SE25091501238,2025-09-16T03:09:29Z,2025-09-16T17:39:29Z,39,2025-09-15T22:31:54Z,2025-09-16T23:05:00Z,1,1,Determined upon crew arrival,Pending,OUTAGE,Single Customer,RFD,NORMAL,42.3392,-83.19902
SE25091501268,2025-09-16T03:09:29Z,2025-09-16T04:41:51Z,5,2025-09-15T23:54:51Z,2025-09-16T04:30:00Z,20,20,Determined upon crew arrival,In Progres,OUTAGE,Service Transformer,RFD,NORMAL,42.37538,-83.1959
SE25091501274,2025-09-16T03:09:29Z,2025-09-16T19:15:33Z,43,2025-09-16T00:08:05Z,2025-09-17T00:10:00Z,1,1,Determined upon crew arrival,In Progres,OUTAGE,Single Customer,CAN,NORMAL,42.34335,-83.05794
SE25091501276,2025-09-16T03:09:29Z,2025-09-16T15:41:09Z,34,2025-09-16T00:13:06Z,2025-09-17T00:15:00Z,1,1,Equipment problem,In Progres,OUTAGE,Single Customer,RFD,NORMAL,42.43438,-83.22491
SE25091501279,2025-09-16T03:09:29Z,2025-09-16T11:51:08Z,25,2025-09-16T00:17:33Z,2025-09-17T00:20:00Z,1,1,Determined upon crew arrival,Pending,OUTAGE,Single Customer,RFD,NORMAL,42.31616,-83.12777
SE25091501321,2025-09-16T03:09:29Z,2025-09-16T07:51:28Z,14,2025-09-15T22:23:42Z,2025-09-16T10:45:00Z,2,2,Equipment problem,In Progres,OUTAGE,Service Transformer,RFD,NORMAL,42.4647,-83.30093
SE25091501330,2025-09-16T03:09:29Z,2025-09-16T08:48:38Z,16,2025-09-16T02:33:19Z,2025-09-17T02:35:00Z,1,1,Determined upon crew arrival,In Progres,OUTAGE,Single Customer,RFD,NORMAL,42.35796,-83.17307
SW25091500559,2025-09-16T03:09:29Z,2025-09-16T11:51:08Z,25,2025-09-15T16:02:35Z,2025-09-16T12:35:00Z,1,1,Determined upon crew arrival,In Progres,PRIORITY,,WWS,NORMAL,42.34324,-83.39258
NW25091501339,2025-09-16T03:39:36Z,2025-09-16T08:48:38Z,15,2025-09-16T00:22:06Z,2025-09-17T03:15:00Z,1,1,Determined upon crew arrival,In Progres,OUTAGE,Single Customer,PON,NORMAL,42.71509,-83.39402
SE25091501338,2025-09-16T03:39:36Z,2025-09-16T05:40:01Z,7,2025-09-16T03:02:38Z,2025-09-17T03:15:00Z,1,1,Determined upon crew arrival,In Progres,OUTAGE,Single Customer,RFD,NORMAL,42.33573,-83.14983
SE25091501342,2025-09-16T03:51:55Z,2025-09-16T04:41:51Z,3,2025-09-15T21:15:44Z,2025-09-17T03:35:00Z,1,1,Determined upon crew arrival,New,OUTAGE,Single Customer,RFD,NORMAL,42.31915,-83.17615
SE25091501353,2025-09-16T05:18:42Z,2025-09-16T14:54:25Z,26,2025-09-15T21:15:44Z,2025-09-17T04:50:00Z,1,1,Determined upon crew arrival,In Progres,OUTAGE,Single Customer,RFD,NORMAL,42.31915,-83.17615
SE25091501356,2025-09-16T05:18:42Z,2025-09-16T11:15:38Z,17,2025-09-15T19:12:27Z,2025-09-17T05:00:00Z,1,1,Determined upon crew arrival,In Progres,OUTAGE,Single Customer,CAN,NORMAL,42.3912,-83.05258
SE25091600003,2025-09-16T06:29:41Z,2025-09-16T17:17:04Z,29,2025-09-16T06:14:46Z,2025-09-17T06:15:00Z,1,1,Wind damage,In Progres,OUTAGE,Single Customer,RFD,NORMAL,42.42707,-83.21533
NE25091600007,2025-09-16T07:19:21Z,2025-09-16T19:15:33Z,32,2025-09-16T06:54:06Z,2025-09-16T19:25:00Z,2,2,Equipment problem,In Progres,OUTAGE,Service Secondary,MTC,NORMAL,42.54797,-82.95421
NW25091600010,2025-09-16T08:27:01Z,2025-09-16T10:20:13Z,6,2025-09-16T07:55:39Z,2025-09-17T07:55:00Z,1,1,Equipment problem,In Progres,OUTAGE,Single Customer,HWL,NORMAL,42.76938,-84.28857
SE25091600012,2025-09-16T08:48:38Z,2025-09-16T11:51:08Z,10,2025-09-15T18:51:00Z,2025-09-17T08:20:00Z,1,1,Determined upon crew arrival,In Progres,OUTAGE,Single Customer,CAN,NORMAL,42.34705,-83.11691
SE25091600014,2025-09-16T09:21:30Z,2025-09-16T15:52:21Z,19,2025-09-15T23:47:03Z,2025-09-17T09:10:00Z,1,1,Equipment problem,In Progres,OUTAGE,Single Customer,CAN,NORMAL,42.31261,-83.10532
NE25091600018,2025-09-16T10:20:13Z,2025-09-16T11:51:08Z,6,2025-09-16T10:02:02Z,2025-09-17T10:00:00Z,1,1,Determined upon crew arrival,In Progres,OUTAGE,Single Customer,MAR,NORMAL,42.86493,-82.49758
NW25091600020,2025-09-16T10:42:23Z,2025-09-16T23:14:13Z,35,2025-09-16T10:28:26Z,2025-09-17T10:30:00Z,1,1,Equipment problem,In Progres,OUTAGE,Single Customer,PON,NORMAL,42.81844,-83.55034
SE25091600021,2025-09-16T10:53:34Z,2025-09-16T18:48:41Z,21,2025-09-16T10:37:49Z,2025-09-17T10:40:00Z,1,1,Determined upon crew arrival,In Progres,OUTAGE,Single Customer,CAN,NORMAL,42.41079,-83.11816
NE25091600027,2025-09-16T11:37:51Z,2025-09-16T13:17:19Z,4,2025-09-16T11:12:53Z,2025-09-16T15:45:00Z,19,19,Equipment problem,In Progres,OUTAGE,Service Transformer,MTC,NORMAL,42.52829,-82.91832
NE25091600028,2025-09-16T11:37:51Z,2025-09-16T13:17:19Z,4,2025-09-16T11:13:03Z,2025-09-16T15:45:00Z,6,6,Determined upon crew arrival,In Progres,OUTAGE,Service Transformer,MTC,NORMAL,42.52589,-82.91527
NE25091600030,2025-09-16T11:37:51Z,2025-09-16T13:56:36Z,6,2025-09-16T11:17:56Z,2025-09-16T15:50:00Z,1,1,Determined upon crew arrival,In Progres,PRIORITY,,MTC,NORMAL,42.52694,-82.91848
NE25091600032,2025-09-16T11:37:51Z,2025-09-16T13:17:19Z,4,2025-09-16T11:21:07Z,2025-09-17T11:20:00Z,1,1,Determined upon crew arrival,In Progres,OUTAGE,Single Customer,MTC,NORMAL,42.52549,-82.92033
SW25091600034,2025-09-16T11:37:51Z,2025-09-16T13:45:12Z,5,2025-09-16T11:29:49Z,2025-09-17T11:30:00Z,1,1,Animal/bird damaged DTE equip,In Progres,OUTAGE,Single Customer,WWS,NORMAL,42.50704,-83.41719
NW25091600035,2025-09-16T11:51:08Z,2025-09-16T13:56:36Z,5,2025-09-16T11:32:22Z,2025-09-17T11:30:00Z,1,1,Equipment problem,In Progres,OUTAGE,Single Customer,PON,NORMAL,42.5417,-83.45645
NE25091600038,2025-09-16T12:40:15Z,2025-09-16T13:17:19Z,2,2025-09-16T11:45:28Z,2025-09-17T11:45:00Z,1,1,Determined upon crew arrival,In Progres,OUTAGE,Single Customer,MTC,NORMAL,42.5283,-82.91456
NE25091600039,2025-09-16T12:40:15Z,2025-09-16T13:17:19Z,2,2025-09-16T11:45:57Z,2025-09-17T11:45:00Z,1,1,Determined upon crew arrival,In Progres,OUTAGE,Single Customer,MTC,NORMAL,42.52857,-82.91536
NE25091600040,2025-09-16T12:40:15Z,2025-09-16T13:56:36Z,4,2025-09-16T11:46:03Z,2025-09-16T16:15:00Z,1,1,Determined upon crew arrival,In Progres,PRIORITY,,MTC,NORMAL,42.52685,-82.91242
NE25091600041,2025-09-16T12:40:15Z,2025-09-16T13:17:19Z,2,2025-09-16T11:47:46Z,2025-09-17T11:50:00Z,1,1,Determined upon crew arrival,In Progres,OUTAGE,Single Customer,MTC,NORMAL,42.52931,-82.91033
NE25091600044,2025-09-16T12:40:15Z,2025-09-16T15:52:21Z,10,2025-09-16T11:53:14Z,2025-09-17T11:55:00Z,1,1,Problem with the customer equip,In Progres,OUTAGE,Single Customer,MAR,NORMAL,42.91879,-82.75987
NW25091600045,2025-09-16T12:40:15Z,2025-09-16T13:56:36Z,4,2025-09-16T11:53:52Z,2025-09-17T11:55:00Z,1,1,Equipment problem,In Progres,OUTAGE,Single Customer,HWL,NORMAL,42.68743,-84.27681
NW25091600046,2025-09-16T12:40:15Z,2025-09-16T13:17:19Z,2,2025-09-16T11:55:35Z,2025-09-17T11:55:00Z,1,1,Equipment problem,In Progres,OUTAGE,Single Customer,HWL,NORMAL,42.5098,-83.76398
NW25091600048,2025-09-16T12:40:15Z,2025-09-16T12:40:15Z,1,2025-09-16T12:11:29Z,2025-09-17T12:10:00Z,1,1,Determined upon crew arrival,New,OUTAGE,Single Customer,PON,NORMAL,42.66215,-83.36259
NW25091600051,2025-09-16T12:40:15Z,2025-09-16T13:17:19Z,2,2025-09-16T12:20:46Z,2025-09-16T16:50:00Z,66,66,Determined upon crew arrival,In Progres,OUTAGE,Service Transformer,PON,NORMAL,42.66372,-83.35412
NE25091600080,2025-09-16T13:17:19Z,2025-09-16T13:17:19Z,1,2025-09-16T12:52:19Z,2025-09-17T12:50:00Z,1,1,Determined upon crew arrival,New,OUTAGE,Single Customer,MTC,NORMAL,42.52751,-82.91813
NE25091600083,2025-09-16T13:17:19Z,2025-09-16T16:45:17Z,11,2025-09-16T12:55:35Z,2025-09-17T12:55:00Z,1,1,Equipment problem,In Progres,OUTAGE,Single Customer,MTC,NORMAL,42.7909,-82.87435
NE25091600085,2025-09-16T13:17:19Z,2025-09-16T14:43:10Z,5,2025-09-16T12:50:41Z,2025-09-16T17:30:00Z,10,10,Animal/bird damaged DTE equip,Pending,OUTAGE,Service Transformer,MTC,NORMAL,42.4795,-83.01228
NW25091600057,2025-09-16T13:17:19Z,2025-09-16T17:17:04Z,12,2025-09-16T12:31:26Z,2025-09-17T12:30:00Z,1,1,Determined upon crew arrival,In Progres,OUTAGE,Single Customer,PON,NORMAL,42.67627,-83.27582
NW25091600065,2025-09-16T13:17:19Z,2025-09-17T17:16:32Z,71,2025-09-15T22:46:13Z,2025-09-17T20:35:00Z,1,1,Equipment problem,In Progres,OUTAGE,Single Customer,PON,NORMAL,42.78274,-83.48596
NW25091600067,2025-09-16T13:17:19Z,2025-09-16T14:43:10Z,5,2025-09-16T12:36:58Z,2025-09-17T12:35:00Z,1,1,Equipment problem,In Progres,OUTAGE,Single Customer,HWL,NORMAL,42.45397,-83.79249
NW25091600068,2025-09-16T13:17:19Z,2025-09-16T14:54:25Z,6,2025-09-16T12:32:24Z,2025-09-16T17:10:00Z,7,7,Determined upon crew arrival,In Progres,OUTAGE,Device (I),PON,NORMAL,42.79348,-83.45357
SE25091600058,2025-09-16T13:17:19Z,2025-09-16T15:41:09Z,8,2025-09-16T12:31:39Z,2025-09-17T12:30:00Z,1,1,Determined upon crew arrival,Pending,OUTAGE,Single Customer,RFD,NORMAL,42.3297,-83.27672
SE25091600077,2025-09-16T13:17:19Z,2025-09-16T14:54:25Z,6,2025-09-16T12:49:55Z,2025-09-17T12:50:00Z,1,1,Determined upon crew arrival,In Progres,OUTAGE,Single Customer,CAN,NORMAL,42.42895,-83.05795
SE25091600086,2025-09-16T13:17:19Z,2025-09-16T13:45:12Z,2,2025-09-16T12:59:07Z,2025-09-16T17:30:00Z,36,36,Determined upon crew arrival,In Progres,OUTAGE,Service Transformer,RFD,NORMAL,42.52268,-83.16731
SW25091600078,2025-09-16T13:17:19Z,2025-09-16T14:54:25Z,6,2025-09-16T12:50:57Z,2025-09-17T12:50:00Z,1,1,Equipment problem,In Progres,OUTAGE,Single Customer,WWS,NORMAL,42.36864,-83.33145
NE25091600088,2025-09-16T13:45:12Z,2025-09-16T14:23:02Z,3,2025-09-16T12:56:12Z,2025-09-16T17:35:00Z,2,2,Determined upon crew arrival,In Progres,OUTAGE,Service Secondary,MTC,NORMAL,42.55358,-82.90132
NE25091600089,2025-09-16T13:45:12Z,2025-09-16T14:54:25Z,5,2025-09-16T13:07:57Z,2025-09-17T13:10:00Z,1,1,Determined upon crew arrival,In Progres,OUTAGE,Single Customer,MTC,NORMAL,42.52427,-82.91544
NE25091600108,2025-09-16T13:45:12Z,2025-09-16T13:56:36Z,2,2025-09-16T13:29:45Z,2025-09-16T18:00:00Z,13,13,Determined upon crew arrival,In Progres,OUTAGE,Service Transformer,MAR,NORMAL,42.98775,-82.4485
NW25091600106,2025-09-16T13:45:12Z,2025-09-16T17:17:04Z,11,2025-09-16T12:21:23Z,2025-09-17T13:30:00Z,1,1,Animal/bird damaged DTE equip,In Progres,OUTAGE,Single Customer,HWL,NORMAL,42.64417,-83.76129
SW25091600099,2025-09-16T13:45:12Z,2025-09-16T13:56:36Z,2,2025-09-16T13:20:24Z,2025-09-16T17:50:00Z,7,7,Determined upon crew arrival,In Progres,OUTAGE,Service Transformer,ANN,NORMAL,42.24002,-83.57297
SW25091600109,2025-09-16T13:45:12Z,2025-09-16T14:43:10Z,4,2025-09-16T13:29:54Z,2025-09-16T18:00:00Z,13,13,Determined upon crew arrival,In Progres,OUTAGE,Service Transformer,ANN,NORMAL,42.24953,-83.5886
NE25091600113,2025-09-16T13:56:36Z,2025-09-16T15:21:16Z,5,2025-09-16T13:29:25Z,2025-09-16T18:05:00Z,52,52,Public Interference w/DTE equip,In Progres,OUTAGE,Device (I),MAR,NORMAL,42.84507,-82.4824
NE25091600124,2025-09-16T13:56:36Z,2025-09-16T13:56:36Z,1,2025-09-16T13:26:03Z,2025-09-16T18:10:00Z,3,3,Determined upon crew arrival,New,OUTAGE,Service Transformer,MTC,NORMAL,42.52543,-82.87336
NE25091600125,2025-09-16T13:56:36Z,2025-09-16T17:17:04Z,10,2025-09-16T13:41:03Z,2025-09-17T13:40:00Z,1,1,Determined upon crew arrival,In Progres,OUTAGE,Single Customer,MTC,NORMAL,42.67167,-82.92233
NW25091600112,2025-09-16T13:56:36Z,2025-09-16T21:51:01Z,23,2025-09-16T13:32:20Z,2025-09-16T22:00:00Z,3,3,Equipment problem,In Progres,OUTAGE,Service Transformer,PON,NORMAL,42.64158,-83.31678
NW25091600119,2025-09-16T13:56:36Z,2025-09-16T15:52:21Z,7,2025-09-16T13:36:43Z,2025-09-17T13:35:00Z,1,1,Equipment problem,In Progres,OUTAGE,Single Customer,SBY,NORMAL,42.63962,-83.1886
NW25091600131,2025-09-16T13:56:36Z,2025-09-16T14:43:10Z,3,2025-09-16T13:40:50Z,2025-09-16T18:15:00Z,8,8,Determined upon crew arrival,In Progres,OUTAGE,Service Transformer,HWL,NORMAL,42.6013,-83.93569
SE25091600114,2025-09-16T13:56:36Z,2025-09-16T14:23:02Z,2,2025-09-16T13:33:02Z,2025-09-17T13:35:00Z,1,1,Determined upon crew arrival,In Progres,OUTAGE,Service Secondary,CAN,NORMAL,42.3991,-83.1335
SE25091600122,2025-09-16T13:56:36Z,2025-09-16T17:17:04Z,10,2025-09-15T19:12:27Z,2025-09-17T13:40:00Z,1,1,Equipment problem,In Progres,OUTAGE,Single Customer,CAN,NORMAL,42.3912,-83.05258
SE25091600133,2025-09-16T13:56:36Z,2025-09-16T14:23:02Z,2,2025-09-16T13:44:19Z,2025-09-17T13:45:00Z,1,1,Determined upon crew arrival,In Progres,OUTAGE,Single Customer,CAN,NORMAL,42.38887,-83.1391
SE25091600134,2025-09-16T13:56:36Z,2025-09-16T14:23:02Z,2,2025-09-16T13:34:11Z,2025-09-16T18:15:00Z,175,175,Determined upon crew arrival,In Progres,OUTAGE,Device (I),CAN,NORMAL,42.3991,-83.1335
SW25091600110,2025-09-16T13:56:36Z,2025-09-16T14:43:10Z,3,2025-09-16T13:31:29Z,2025-09-17T13:30:00Z,1,1,Determined upon crew arrival,In Progres,OUTAGE,Service Transformer,ANN,NORMAL,42.24691,-83.585
NE25091600141,2025-09-16T14:23:02Z,2025-09-16T17:17:04Z,9,2025-09-16T13:51:11Z,2025-09-17T13:50:00Z,1,1,Determined upon crew arrival,In Progres,OUTAGE,Single Customer,MTC,NORMAL,42.62864,-82.94995
NE25091600144,2025-09-16T14:23:02Z,2025-09-16T15:41:09Z,5,2025-09-16T13:54:18Z,2025-09-17T13:55:00Z,1,1,Determined upon crew arrival,In Progres,OUTAGE,Single Customer,MTC,NORMAL,42.52543,-82.87336
NE25091600149,2025-09-16T14:23:02Z,2025-09-16T15:41:09Z,5,2025-09-16T13:57:25Z,2025-09-17T13:55:00Z,1,1,Determined upon crew arrival,In Progres,OUTAGE,Single Customer,MTC,NORMAL,42.44796,-83.07762
NE25091600166,2025-09-16T14:23:02Z,2025-09-16T15:21:16Z,4,2025-09-16T14:07:16Z,2025-09-16T18:35:00Z,15,15,Determined upon crew arrival,In Progres,OUTAGE,Service Transformer,MAR,NORMAL,42.98776,-82.45604
NE25091600169,2025-09-16T14:23:02Z,2025-09-16T14:54:25Z,3,2025-09-16T14:09:30Z,2025-09-16T18:40:00Z,2,2,Determined upon crew arrival,In Progres,OUTAGE,Service Secondary,MTC,NORMAL,42.46912,-82.96532
NW25091600153,2025-09-16T14:23:02Z,2025-09-16T21:16:53Z,20,2025-09-16T14:01:22Z,2025-09-17T14:00:00Z,1,1,Determined upon crew arrival,In Progres,OUTAGE,Single Customer,SBY,NORMAL,42.5585,-82.9778
NW25091600156,2025-09-16T14:23:02Z,2025-09-16T15:21:16Z,4,2025-09-16T14:03:38Z,2025-09-17T14:05:00Z,1,1,Determined upon crew arrival,In Progres,OUTAGE,Single Customer,SBY,NORMAL,42.74094,-83.15011
NW25091600165,2025-09-16T14:23:02Z,2025-09-16T15:41:09Z,5,2025-09-16T13:51:07Z,2025-09-16T18:35:00Z,4,4,Determined upon crew arrival,In Progres,OUTAGE,Service Transformer,SBY,NORMAL,42.56429,-83.06812
NW25091600180,2025-09-16T14:23:02Z,2025-09-16T14:23:02Z,1,2025-09-16T14:14:56Z,,1,1,Determined upon crew arrival,New,OUTAGE,Single Customer,HWL,NORMAL,42.63108,-83.71937
SE25091600138,2025-09-16T14:23:02Z,2025-09-16T15:41:09Z,5,2025-09-16T13:49:29Z,2025-09-17T13:50:00Z,1,1,Determined upon crew arrival,In Progres,OUTAGE,Service Secondary,RFD,NORMAL,42.35388,-83.28909
SE25091600167,2025-09-16T14:23:02Z,2025-09-16T14:43:10Z,2,2025-09-16T14:07:55Z,2025-09-17T14:10:00Z,1,1,Determined upon crew arrival,New,OUTAGE,Single Customer,CAN,NORMAL,42.43161,-83.05366
SE25091600168,2025-09-16T14:23:02Z,2025-09-16T14:23:02Z,1,2025-09-16T14:08:15Z,2025-09-17T14:10:00Z,1,1,Determined upon crew arrival,In Progres,OUTAGE,Single Customer,CAN,NORMAL,42.39458,-83.13024
SE25091600172,2025-09-16T14:23:02Z,2025-09-16T17:17:04Z,9,2025-09-16T14:11:02Z,2025-09-17T14:10:00Z,1,1,Determined upon crew arrival,In Progres,OUTAGE,Single Customer,RFD,NORMAL,42.41176,-83.2589
SE25091600179,2025-09-16T14:23:02Z,2025-09-16T16:45:17Z,8,2025-09-16T14:08:15Z,2025-09-16T18:45:00Z,76,27,Determined upon crew arrival,In Progres,OUTAGE,Device (II),CAN,NORMAL,42.396,-83.12837
SW25091600135,2025-09-16T14:23:02Z,2025-09-16T14:54:25Z,3,2025-09-16T13:45:16Z,2025-09-17T13:45:00Z,1,1,Determined upon crew arrival,Pending,OUTAGE,Single Customer,ANN,NORMAL,42.28644,-83.8159
SW25091600158,2025-09-16T14:23:02Z,2025-09-16T17:17:04Z,9,2025-09-16T14:04:01Z,2025-09-17T14:05:00Z,1,1,Equipment problem,In Progres,OUTAGE,Single Customer,WWS,NORMAL,42.3062,-83.49071
NW25091600205,2025-09-16T14:43:10Z,2025-09-16T14:43:10Z,1,2025-09-16T14:30:00Z,,1006,1006,Determined upon crew arrival,New,OUTAGE,Circuit Level,PON,NORMAL,42.54998,-83.10012
SE25091600182,2025-09-16T14:43:10Z,2025-09-16T14:43:10Z,1,2025-09-16T14:15:34Z,2025-09-17T14:15:00Z,1,1,Determined upon crew arrival,New,OUTAGE,Single Customer,RFD,NORMAL,42.41546,-83.24158
SE25091600184,2025-09-16T14:43:10Z,2025-09-16T15:21:16Z,3,2025-09-16T14:07:47Z,2025-09-17T14:15:00Z,1,1,Determined upon crew arrival,In Progres,OUTAGE,Single Customer,CAN,NORMAL,42.4286,-83.05902
SE25091600185,2025-09-16T14:43:10Z,2025-09-16T17:17:04Z,8,2025-09-16T14:16:48Z,2025-09-17T14:15:00Z,1,1,Determined upon crew arrival,In Progres,OUTAGE,Service Secondary,CAN,NORMAL,42.38901,-83.13431
SE25091600190,2025-09-16T14:43:10Z,2025-09-16T17:51:30Z,10,2025-09-16T14:19:47Z,2025-09-17T14:20:00Z,1,1,Equipment problem,In Progres,OUTAGE,Single Customer,CAN,NORMAL,42.35711,-83.0988
SE25091600192,2025-09-16T14:43:10Z,2025-09-16T14:54:25Z,2,2025-09-16T14:21:17Z,2025-09-16T18:50:00Z,2,2,Determined upon crew arrival,Pending,OUTAGE,Service Secondary,CAN,NORMAL,42.43038,-83.05364
SE25091600198,2025-09-16T14:43:10Z,2025-09-16T19:37:56Z,14,2025-09-16T14:26:43Z,2025-09-17T14:25:00Z,1,1,Equipment problem,In Progres,OUTAGE,Single Customer,CAN,NORMAL,42.38542,-82.95567
SE25091600199,2025-09-16T14:43:10Z,2025-09-16T14:54:25Z,2,2025-09-16T14:25:39Z,2025-09-17T14:25:00Z,1,1,Determined upon crew arrival,In Progres,OUTAGE,Single Customer,CAN,NORMAL,42.37215,-82.98164
SE25091600201,2025-09-16T14:43:10Z,2025-09-16T14:43:10Z,1,2025-09-16T14:12:36Z,,1,1,Determined upon crew arrival,New,OUTAGE,Single Customer,CAN,NORMAL,42.39536,-83.13069
SW25091600183,2025-09-16T14:43:10Z,2025-09-16T15:41:09Z,4,2025-09-16T14:16:13Z,2025-09-17T14:15:00Z,1,1,Determined upon crew arrival,In Progres,OUTAGE,Single Customer,WWS,NORMAL,42.25588,-83.23495
SW25091600189,2025-09-16T14:43:10Z,2025-09-16T15:21:16Z,3,2025-09-16T14:18:23Z,2025-09-17T14:20:00Z,1,1,Determined upon crew arrival,In Progres,OUTAGE,Single Customer,WWS,NORMAL,42.43883,-83.32344
SW25091600195,2025-09-16T14:43:10Z,2025-09-17T17:51:03Z,69,2025-09-16T14:25:30Z,2025-09-17T19:00:00Z,2,2,Determined upon crew arrival,In Progres,OUTAGE,Service Transformer,ANN,NORMAL,42.24718,-83.64638
NE25091600221,2025-09-16T14:54:25Z,2025-09-16T15:41:09Z,3,2025-09-16T14:41:13Z,2025-09-17T14:40:00Z,1,1,Determined upon crew arrival,In Progres,OUTAGE,Single Customer,MAR,NORMAL,43.04215,-82.91433
NE25091600222,2025-09-16T14:54:25Z,2025-09-16T15:52:21Z,4,2025-09-16T14:41:48Z,2025-09-17T14:40:00Z,1,1,Determined upon crew arrival,In Progres,OUTAGE,Single Customer,MAR,NORMAL,42.93521,-82.70787
NW25091600208,2025-09-16T14:54:25Z,2025-09-16T14:54:25Z,1,2025-09-16T14:31:36Z,2025-09-17T14:30:00Z,1,1,Determined upon crew arrival,In Progres,OUTAGE,Single Customer,PON,NORMAL,42.65848,-83.29912
NW25091600210,2025-09-16T14:54:25Z,2025-09-16T15:41:09Z,3,2025-09-16T14:32:05Z,2025-09-17T14:30:00Z,1,1,Determined upon crew arrival,In Progres,OUTAGE,Single Customer,PON,NORMAL,42.66525,-83.2994
NW25091600228,2025-09-16T14:54:25Z,2025-09-16T17:17:04Z,7,2025-09-16T14:44:34Z,2025-09-17T14:45:00Z,1,1,Animal/bird damaged DTE equip,In Progres,OUTAGE,Single Customer,HWL,NORMAL,42.60936,-83.88873
SE25091600206,2025-09-16T14:54:25Z,2025-09-16T15:52:21Z,4,2025-09-16T14:30:14Z,2025-09-17T14:30:00Z,1,1,Determined upon crew arrival,In Progres,OUTAGE,Service Secondary,CAN,NORMAL,42.42947,-83.05257
SE25091600216,2025-09-16T14:54:25Z,2025-09-16T16:25:03Z,5,2025-09-16T14:39:39Z,2025-09-17T14:40:00Z,1,1,Determined upon crew arrival,In Progres,OUTAGE,Single Customer,CAN,NORMAL,42.38921,-83.13876
SE25091600217,2025-09-16T14:54:25Z,2025-09-16T15:52:21Z,4,2025-09-16T14:30:23Z,2025-09-16T19:10:00Z,12,12,Determined upon crew arrival,In Progres,OUTAGE,Service Transformer,CAN,NORMAL,42.42947,-83.05257
SW25091600220,2025-09-16T14:54:25Z,2025-09-16T16:25:03Z,5,2025-09-16T14:40:50Z,2025-09-16T19:10:00Z,18,18,Determined upon crew arrival,In Progres,OUTAGE,Service Transformer,WWS,NORMAL,42.29165,-83.3651
SW25091600227,2025-09-16T14:54:25Z,2025-09-16T17:17:04Z,7,2025-09-16T14:44:14Z,2025-09-16T19:15:00Z,72,72,Public Interference w/DTE equip,In Progres,OUTAGE,Device (II),NPT,NORMAL,41.91561,-83.39559
SW25091600231,2025-09-16T14:54:25Z,2025-09-16T15:52:21Z,4,2025-09-16T14:45:01Z,2025-09-17T14:45:00Z,1,1,Determined upon crew arrival,In Progres,OUTAGE,Single Customer,WWS,NORMAL,42.30301,-83.39525
NE25091600233,2025-09-16T15:21:16Z,2025-09-16T15:41:09Z,2,2025-09-16T14:31:36Z,2025-09-16T19:15:00Z,2,2,Determined upon crew arrival,In Progres,OUTAGE,Service Transformer,NAE,NORMAL,43.39218,-82.57825
NE25091600236,2025-09-16T15:21:16Z,2025-09-16T15:52:21Z,3,2025-09-16T14:48:21Z,2025-09-17T14:50:00Z,1,1,Determined upon crew arrival,PC3 Verifi,OUTAGE,Single Customer,NAE,NORMAL,43.39446,-82.57954
NE25091600248,2025-09-16T15:21:16Z,2025-09-16T16:25:03Z,4,2025-09-16T14:57:42Z,2025-09-16T19:30:00Z,7,7,Determined upon crew arrival,In Progres,OUTAGE,Service Transformer,MAR,NORMAL,42.98541,-82.45328
NE25091600264,2025-09-16T15:21:16Z,2025-09-16T15:52:21Z,3,2025-09-16T15:03:05Z,2025-09-17T15:05:00Z,1,1,Determined upon crew arrival,PC3 Verifi,OUTAGE,Single Customer,NAE,NORMAL,43.38703,-82.5783
NE25091600281,2025-09-16T15:21:16Z,2025-09-16T16:25:03Z,4,2025-09-16T15:09:50Z,2025-09-17T15:10:00Z,1,1,Determined upon crew arrival,In Progres,OUTAGE,Single Customer,MTC,NORMAL,42.55516,-82.90833
NE25091600284,2025-09-16T15:21:16Z,2025-09-16T17:17:04Z,6,2025-09-16T15:12:12Z,2025-09-17T15:10:00Z,1,1,Determined upon crew arrival,In Progres,OUTAGE,Single Customer,MTC,NORMAL,42.4675,-82.95743
NW25091600246,2025-09-16T15:21:16Z,2025-09-16T16:45:17Z,5,2025-09-16T14:55:25Z,2025-09-17T14:55:00Z,1,1,Determined upon crew arrival,In Progres,OUTAGE,Single Customer,HWL,NORMAL,42.65466,-83.78053
NW25091600271,2025-09-16T15:21:16Z,2025-09-16T15:52:21Z,3,2025-09-16T15:00:42Z,2025-09-17T15:05:00Z,1,1,Determined upon crew arrival,In Progres,OUTAGE,Single Customer,PON,NORMAL,42.67318,-83.29826
SE25091600274,2025-09-16T15:21:16Z,2025-09-16T17:17:04Z,6,2025-09-16T14:52:08Z,2025-09-16T19:40:00Z,19,19,Determined upon crew arrival,In Progres,OUTAGE,Service Transformer,CAN,NORMAL,42.39816,-83.1359
SE25091600275,2025-09-16T15:21:16Z,2025-09-16T15:41:09Z,2,2025-09-16T14:52:14Z,2025-09-16T19:40:00Z,37,37,Determined upon crew arrival,In Progres,OUTAGE,Service Transformer,CAN,NORMAL,42.38815,-83.1366
SE25091600277,2025-09-16T15:21:16Z,2025-09-16T17:17:04Z,6,2025-09-16T14:52:15Z,2025-09-16T19:40:00Z,3,3,Determined upon crew arrival,In Progres,OUTAGE,Service Transformer,CAN,NORMAL,42.38768,-83.13783
SE25091600286,2025-09-16T15:21:16Z,2025-09-16T17:17:04Z,6,2025-09-15T21:15:44Z,2025-09-17T15:15:00Z,1,1,Determined upon crew arrival,In Progres,OUTAGE,Single Customer,RFD,NORMAL,42.31915,-83.17615
SE25091600289,2025-09-16T15:21:16Z,2025-09-16T22:51:26Z,22,2025-09-16T15:15:10Z,2025-09-17T15:15:00Z,1,1,Determined upon crew arrival,In Progres,SERVICE DOWN NO,,RFD,NORMAL,42.40147,-83.15519
SW25091600238,2025-09-16T15:21:16Z,2025-09-16T17:39:29Z,7,2025-09-16T14:47:06Z,2025-09-17T14:50:00Z,1,1,Equipment problem,In Progres,OUTAGE,Single Customer,WWS,NORMAL,42.41004,-83.43862
SW25091600249,2025-09-16T15:21:16Z,2025-09-16T17:17:04Z,6,2025-09-16T14:58:06Z,2025-09-16T19:30:00Z,4,4,Determined upon crew arrival,In Progres,OUTAGE,Service Transformer,NPT,NORMAL,42.07048,-83.22932
SW25091600276,2025-09-16T15:21:16Z,2025-09-16T15:52:21Z,3,2025-09-16T15:06:39Z,2025-09-16T19:40:00Z,12,12,Determined upon crew arrival,In Progres,OUTAGE,Service Transformer,ANN,NORMAL,42.25215,-83.57983
SW25091600279,2025-09-16T15:21:16Z,2025-09-16T20:20:59Z,14,2025-09-16T15:08:49Z,2025-09-17T15:10:00Z,1,1,Determined upon crew arrival,Pending,SERVICE DOWN NO,,ANN,NORMAL,42.23596,-83.62405
SE25091600304,2025-09-16T15:41:09Z,2025-09-16T18:28:18Z,8,2025-09-16T15:27:31Z,2025-09-17T15:30:00Z,1,1,Determined upon crew arrival,In Progres,OUTAGE,Service Secondary,RFD,NORMAL,42.43436,-83.26266
NE25091600311,2025-09-16T15:52:21Z,2025-09-16T16:25:03Z,2,2025-09-16T15:37:38Z,2025-09-16T20:10:00Z,13,13,Determined upon crew arrival,In Progres,OUTAGE,Service Transformer,MAR,NORMAL,42.98775,-82.4485
NE25091600317,2025-09-16T15:52:21Z,2025-09-16T15:52:21Z,1,2025-09-16T15:40:04Z,2025-09-17T15:40:00Z,1,1,Determined upon crew arrival,New,OUTAGE,Single Customer,LAP,NORMAL,42.90788,-83.32479
NW25091600319,2025-09-16T15:52:21Z,2025-09-16T17:51:30Z,6,2025-09-16T15:19:11Z,2025-09-17T15:40:00Z,1,1,Determined upon crew arrival,In Progres,OUTAGE,Single Customer,SBY,NORMAL,42.61869,-83.04395
SE25091600324,2025-09-16T15:52:21Z,2025-09-16T17:17:04Z,4,2025-09-16T15:44:17Z,2025-09-17T15:45:00Z,1,1,Determined upon crew arrival,In Progres,OUTAGE,Service Secondary,CAN,NORMAL,42.42835,-83.0504
SW25091600323,2025-09-16T15:52:21Z,2025-09-16T15:52:21Z,1,2025-09-16T15:43:21Z,,11,11,Determined upon crew arrival,In Progres,OUTAGE,Service Transformer,ANN,NORMAL,42.2529,-83.68816
NE25091600345,2025-09-16T16:25:03Z,2025-09-16T16:25:03Z,1,2025-09-16T15:55:02Z,2025-09-17T15:55:00Z,1,1,Determined upon crew arrival,In Progres,OUTAGE,Single Customer,MTC,NORMAL,42.82164,-82.76182
NE25091600358,2025-09-16T16:25:03Z,2025-09-16T20:20:59Z,11,2025-09-16T16:04:06Z,2025-09-16T20:35:00Z,1,1,Equipment problem,In Progres,PRIORITY,,MTC,NORMAL,42.68751,-82.9658
NW25091600336,2025-09-16T16:25:03Z,2025-09-16T17:17:04Z,3,2025-09-16T15:45:06Z,2025-09-16T20:20:00Z,4,4,Equipment problem,In Progres,OUTAGE,Service Transformer,PON,NORMAL,42.73202,-83.40159
NW25091600347,2025-09-16T16:25:03Z,2025-09-16T17:39:29Z,4,2025-09-16T15:55:41Z,2025-09-17T15:55:00Z,1,1,Equipment problem,In Progres,OUTAGE,Single Customer,PON,NORMAL,42.73275,-83.40106
NW25091600352,2025-09-16T16:25:03Z,2025-09-16T16:25:03Z,1,2025-09-16T15:57:42Z,2025-09-17T16:00:00Z,1,1,Determined upon crew arrival,New,OUTAGE,Single Customer,PON,NORMAL,42.65098,-83.26582
NW25091600369,2025-09-16T16:25:03Z,2025-09-16T16:25:03Z,1,2025-09-16T14:18:05Z,2025-09-16T20:40:00Z,1,1,Determined upon crew arrival,New,PRIORITY,,PON,NORMAL,42.7294,-83.23999
NW25091600377,2025-09-16T16:25:03Z,2025-09-16T17:17:04Z,3,2025-09-16T16:08:55Z,2025-09-16T20:45:00Z,9,9,Equipment problem,In Progres,OUTAGE,Service Transformer,SBY,NORMAL,42.56328,-83.06753
SE25091600342,2025-09-16T16:25:03Z,2025-09-16T17:17:04Z,3,2025-09-16T15:54:21Z,2025-09-17T15:55:00Z,1,1,Determined upon crew arrival,In Progres,OUTAGE,Single Customer,CAN,NORMAL,42.42835,-83.0504
SE25091600360,2025-09-16T16:25:03Z,2025-09-16T19:51:26Z,10,2025-09-16T16:05:13Z,2025-09-17T16:05:00Z,1,1,Equipment problem,In Progres,OUTAGE,Single Customer,RFD,NORMAL,42.35259,-83.1521
SE25091600362,2025-09-16T16:25:03Z,2025-09-16T19:37:56Z,9,2025-09-16T16:06:28Z,2025-09-17T16:05:00Z,1,1,Determined upon crew arrival,In Progres,OUTAGE,Single Customer,RFD,NORMAL,42.46538,-83.20042
SE25091600366,2025-09-16T16:25:03Z,2025-09-16T19:51:26Z,10,2025-09-16T16:08:20Z,2025-09-17T16:10:00Z,1,1,Equipment problem,In Progres,OUTAGE,Single Customer,RFD,NORMAL,42.44776,-83.15468
SE25091600378,2025-09-16T16:25:03Z,2025-09-16T16:25:03Z,1,2025-09-16T16:12:23Z,,1,1,Determined upon crew arrival,New,OUTAGE,Single Customer,CAN,NORMAL,42.43498,-83.01264
SW25091600329,2025-09-16T16:25:03Z,2025-09-16T16:45:17Z,2,2025-09-16T15:45:54Z,2025-09-17T15:45:00Z,1,1,Determined upon crew arrival,In Progres,OUTAGE,Single Customer,WWS,NORMAL,42.33447,-83.37611
SW25091600348,2025-09-16T16:25:03Z,2025-09-16T18:28:18Z,6,2025-09-16T15:40:45Z,2025-09-16T20:25:00Z,2,2,Determined upon crew arrival,In Progres,OUTAGE,Service Transformer,ANN,NORMAL,42.34415,-83.72848
SW25091600359,2025-09-16T16:25:03Z,2025-09-16T17:17:04Z,3,2025-09-16T15:58:57Z,2025-09-16T20:35:00Z,11,11,Determined upon crew arrival,In Progres,OUTAGE,Service Transformer,ANN,NORMAL,42.2529,-83.68816
SW25091600372,2025-09-16T16:25:03Z,2025-09-16T17:51:30Z,5,2025-09-16T16:11:55Z,2025-09-17T16:10:00Z,1,1,Determined upon crew arrival,In Progres,OUTAGE,Service Secondary,WWS,NORMAL,42.30215,-83.39056
NE25091600383,2025-09-16T16:45:17Z,2025-09-16T16:45:17Z,1,2025-09-16T16:18:30Z,2025-09-17T16:20:00Z,1,1,Determined upon crew arrival,New,OUTAGE,Single Customer,MAR,NORMAL,42.82707,-82.6756
NE25091600387,2025-09-16T16:45:17Z,2025-09-16T16:45:17Z,1,2025-09-16T16:19:48Z,2025-09-16T20:50:00Z,12,12,Determined upon crew arrival,Pending,OUTAGE,Device (I),MAR,NORMAL,42.81582,-82.68839
NE25091600388,2025-09-16T16:45:17Z,2025-09-16T16:45:17Z,1,2025-09-16T16:19:50Z,2025-09-17T16:20:00Z,1,1,Determined upon crew arrival,New,OUTAGE,Single Customer,MAR,NORMAL,42.81855,-82.68548
NE25091600389,2025-09-16T16:45:17Z,2025-09-16T16:45:17Z,1,2025-09-16T16:20:17Z,2025-09-17T16:20:00Z,1,1,Determined upon crew arrival,New,OUTAGE,Single Customer,MAR,NORMAL,42.81811,-82.68661
NE25091600391,2025-09-16T16:45:17Z,2025-09-16T16:45:17Z,1,2025-09-16T16:20:28Z,2025-09-17T16:20:00Z,1,1,Determined upon crew arrival,New,OUTAGE,Single Customer,MAR,NORMAL,42.82625,-82.67554
NE25091600393,2025-09-16T16:45:17Z,2025-09-16T16:45:17Z,1,2025-09-16T16:22:54Z,2025-09-17T16:25:00Z,1,1,Determined upon crew arrival,New,OUTAGE,Single Customer,MAR,NORMAL,42.81794,-82.67162
NE25091600394,2025-09-16T16:45:17Z,2025-09-16T16:45:17Z,1,2025-09-16T16:23:24Z,2025-09-17T16:25:00Z,1,1,Determined upon crew arrival,New,OUTAGE,Single Customer,MAR,NORMAL,42.82406,-82.67496
NE25091600395,2025-09-16T16:45:17Z,2025-09-16T16:45:17Z,1,2025-09-16T16:23:32Z,2025-09-17T16:25:00Z,1,1,Determined upon crew arrival,New,OUTAGE,Single Customer,MAR,NORMAL,42.82545,-82.67547
NE25091600398,2025-09-16T16:45:17Z,2025-09-16T18:48:41Z,6,2025-09-16T16:17:10Z,2025-09-16T20:55:00Z,131,131,Public Interference w/DTE equip,In Progres,OUTAGE,Device (II),MAR,NORMAL,42.81488,-82.67486
NE25091600399,2025-09-16T16:45:17Z,2025-09-16T16:45:17Z,1,2025-09-16T16:25:04Z,2025-09-17T16:25:00Z,1,1,Determined upon crew arrival,New,OUTAGE,Single Customer,MAR,NORMAL,42.82835,-82.67489
NE25091600400,2025-09-16T16:45:17Z,2025-09-16T16:45:17Z,1,2025-09-16T16:25:13Z,2025-09-17T16:25:00Z,1,1,Determined upon crew arrival,New,OUTAGE,Single Customer,MAR,NORMAL,42.83434,-82.67123
NE25091600401,2025-09-16T16:45:17Z,2025-09-16T16:45:17Z,1,2025-09-16T16:25:37Z,2025-09-17T16:25:00Z,1,1,Determined upon crew arrival,New,OUTAGE,Single Customer,MAR,NORMAL,42.81936,-82.68113
NE25091600402,2025-09-16T16:45:17Z,2025-09-16T16:45:17Z,1,2025-09-16T16:25:40Z,2025-09-17T16:25:00Z,1,1,Determined upon crew arrival,New,OUTAGE,Single Customer,MAR,NORMAL,42.81852,-82.68643
NE25091600405,2025-09-16T16:45:17Z,2025-09-16T16:45:17Z,1,2025-09-16T16:26:46Z,2025-09-17T16:25:00Z,1,1,Determined upon crew arrival,New,OUTAGE,Single Customer,MAR,NORMAL,42.81738,-82.67271
NE25091600406,2025-09-16T16:45:17Z,2025-09-16T16:45:17Z,1,2025-09-16T16:27:15Z,,1,1,Determined upon crew arrival,New,OUTAGE,Single Customer,MAR,NORMAL,42.82792,-82.6766
NE25091600407,2025-09-16T16:45:17Z,2025-09-16T16:45:17Z,1,2025-09-16T16:27:16Z,,1,1,Determined upon crew arrival,New,OUTAGE,Single Customer,MAR,NORMAL,42.8356,-82.67057
NE25091600408,2025-09-16T16:45:17Z,2025-09-16T16:45:17Z,1,2025-09-16T16:28:18Z,,1,1,Determined upon crew arrival,New,OUTAGE,Single Customer,LAP,NORMAL,42.9023,-83.31888
NE25091600409,2025-09-16T16:45:17Z,2025-09-16T16:45:17Z,1,2025-09-16T16:28:49Z,,1,1,Determined upon crew arrival,New,OUTAGE,Single Customer,MAR,NORMAL,42.82381,-82.676
NE25091600411,2025-09-16T16:45:17Z,2025-09-16T16:45:17Z,1,2025-09-16T16:29:12Z,,1,1,Determined upon crew arrival,New,OUTAGE,Single Customer,MAR,NORMAL,42.82104,-82.67528
NE25091600412,2025-09-16T16:45:17Z,2025-09-16T17:17:04Z,2,2025-09-16T16:24:42Z,2025-09-16T21:00:00Z,61,61,Determined upon crew arrival,In Progres,OUTAGE,Device (I),LAP,NORMAL,42.9034,-83.31719
NW25091600381,2025-09-16T16:45:17Z,2025-09-16T19:51:26Z,9,2025-09-16T14:17:34Z,2025-09-16T20:45:00Z,1,1,Determined upon crew arrival,In Progres,PRIORITY,,PON,NORMAL,42.6554,-83.24835
NW25091600404,2025-09-16T16:45:17Z,2025-09-16T17:51:30Z,4,2025-09-16T16:25:45Z,2025-09-16T20:55:00Z,17,17,Determined upon crew arrival,In Progres,OUTAGE,Service Transformer,PON,NORMAL,42.55391,-83.13517
SE25091600386,2025-09-16T16:45:17Z,2025-09-16T17:17:04Z,2,2025-09-16T16:19:31Z,2025-09-17T16:20:00Z,1,1,Determined upon crew arrival,In Progres,OUTAGE,Single Customer,CAN,NORMAL,42.38714,-83.13668
SE25091600410,2025-09-16T16:45:17Z,2025-09-16T18:48:41Z,6,2025-09-16T16:28:57Z,2025-09-17T16:30:00Z,1,1,Determined upon crew arrival,In Progres,OUTAGE,Single Customer,CAN,NORMAL,42.4289,-83.06012
NE25091600425,2025-09-16T17:17:04Z,2025-09-16T23:39:04Z,20,2025-09-16T16:30:22Z,2025-09-17T16:40:00Z,1,1,Determined upon crew arrival,In Progres,OUTAGE,Single Customer,MTC,NORMAL,42.46229,-82.94091
SE25091600419,2025-09-16T17:17:04Z,2025-09-16T18:28:18Z,4,2025-09-16T16:33:24Z,2025-09-17T16:35:00Z,1,1,Determined upon crew arrival,In Progres,OUTAGE,Single Customer,RFD,NORMAL,42.41049,-83.2369
SE25091600426,2025-09-16T17:17:04Z,2025-09-17T02:41:42Z,22,2025-09-16T16:39:39Z,2025-09-17T16:40:00Z,1,1,Determined upon crew arrival,In Progres,OUTAGE,Single Customer,CAN,NORMAL,42.33109,-83.04164
SW25091600420,2025-09-16T17:17:04Z,2025-09-16T17:17:04Z,1,2025-09-16T16:34:16Z,2025-09-17T16:35:00Z,1,1,Determined upon crew arrival,In Progres,OUTAGE,Service Transformer,WWS,NORMAL,42.4106,-83.46956
SW25091600422,2025-09-16T17:17:04Z,2025-09-16T17:17:04Z,1,2025-09-16T16:35:54Z,2025-09-16T21:05:00Z,9,9,Determined upon crew arrival,In Progres,OUTAGE,Service Transformer,ANN,NORMAL,42.24588,-83.58881
SW25091600427,2025-09-16T17:17:04Z,2025-09-16T17:39:29Z,2,2025-09-16T16:41:18Z,2025-09-17T16:40:00Z,1,1,Determined upon crew arrival,In Progres,OUTAGE,Single Customer,WWS,NORMAL,42.33123,-83.3731
NE25091600439,2025-09-16T17:39:29Z,2025-09-16T18:28:18Z,3,2025-09-16T16:48:32Z,2025-09-17T16:50:00Z,1,1,Determined upon crew arrival,In Progres,OUTAGE,Single Customer,MTC,NORMAL,42.48145,-83.01272
NE25091600469,2025-09-16T17:39:29Z,2025-09-16T17:51:30Z,2,2025-09-16T17:09:14Z,2025-09-16T21:40:00Z,1436,1436,Determined upon crew arrival,In Progres,OUTAGE,Device (II),MTC,NORMAL,42.47364,-83.02152
NE25091600477,2025-09-16T17:39:29Z,2025-09-16T17:51:30Z,2,2025-09-16T17:03:29Z,2025-09-16T21:40:00Z,103,103,Determined upon crew arrival,In Progres,OUTAGE,Service Transformer,MTC,NORMAL,42.51887,-82.94642
NE25091600485,2025-09-16T17:39:29Z,2025-09-16T23:39:04Z,19,2025-09-16T17:12:59Z,2025-09-17T01:45:00Z,1,1,Determined upon crew arrival,In Progres,PRIORITY,,MTC,NORMAL,42.47826,-83.02605
NE25091600517,2025-09-16T17:39:29Z,2025-09-16T17:39:29Z,1,2025-09-16T17:30:00Z,,1436,1436,Determined upon crew arrival,New,OUTAGE,Circuit Level,MTC,NORMAL,42.54308,-82.87784
NW25091600437,2025-09-16T17:39:29Z,2025-09-16T20:20:59Z,8,2025-09-16T16:31:31Z,2025-09-16T21:20:00Z,6,6,Equipment problem,In Progres,OUTAGE,Service Transformer,PON,NORMAL,42.57792,-83.27112
NW25091600445,2025-09-16T17:39:29Z,2025-09-16T21:16:53Z,11,2025-09-16T16:53:04Z,2025-09-17T16:55:00Z,1,1,Equipment problem,In Progres,OUTAGE,Single Customer,HWL,NORMAL,42.68912,-84.28689
NW25091600462,2025-09-16T17:39:29Z,2025-09-16T21:16:53Z,11,2025-09-16T16:58:25Z,2025-09-17T17:00:00Z,1,1,Determined upon crew arrival,In Progres,OUTAGE,Single Customer,HWL,NORMAL,42.53544,-83.78378
NW25091600474,2025-09-16T17:39:29Z,2025-09-16T19:15:33Z,5,2025-09-16T17:10:02Z,2025-09-17T17:10:00Z,1,1,Equipment problem,In Progres,OUTAGE,Single Customer,PON,NORMAL,42.70239,-83.40894
NW25091600495,2025-09-16T17:39:29Z,2025-09-16T17:39:29Z,1,2025-09-16T17:17:31Z,2025-09-17T17:20:00Z,1,1,Determined upon crew arrival,New,OUTAGE,Single Customer,HWL,NORMAL,42.55053,-83.94088
NW25091600496,2025-09-16T17:39:29Z,2025-09-17T03:18:17Z,22,2025-09-16T16:51:10Z,2025-09-17T17:20:00Z,1,1,Equipment problem,In Progres,OUTAGE,Single Customer,PON,NORMAL,42.67194,-83.24698
NW25091600508,2025-09-16T17:39:29Z,2025-09-16T19:15:33Z,5,2025-09-16T17:23:07Z,2025-09-17T17:25:00Z,1,1,Determined upon crew arrival,In Progres,OUTAGE,Single Customer,SBY,NORMAL,42.55667,-82.97637
NW25091600516,2025-09-16T17:39:29Z,2025-09-16T17:39:29Z,1,2025-09-16T17:30:00Z,,2117,2117,Determined upon crew arrival,New,OUTAGE,Circuit Level,PON,NORMAL,42.69674,-83.32342
NW25091600518,2025-09-16T17:39:29Z,2025-09-16T17:39:29Z,1,2025-09-16T17:30:00Z,,204,204,Determined upon crew arrival,New,OUTAGE,Device (II),PON,NORMAL,42.64862,-83.38169
SE25091600451,2025-09-16T17:39:29Z,2025-09-16T18:28:18Z,3,2025-09-16T16:57:01Z,2025-09-16T21:25:00Z,2,2,Determined upon crew arrival,In Progres,OUTAGE,Service Secondary,CAN,NORMAL,42.4286,-83.05902
SE25091600453,2025-09-16T17:39:29Z,2025-09-16T20:40:31Z,9,2025-09-15T19:12:27Z,2025-09-17T17:00:00Z,1,1,Determined upon crew arrival,In Progres,OUTAGE,Single Customer,CAN,NORMAL,42.3912,-83.05258
SE25091600456,2025-09-16T17:39:29Z,2025-09-16T23:39:04Z,19,2025-09-16T16:58:42Z,2025-09-17T17:00:00Z,1,1,Equipment problem,In Progres,OUTAGE,Single Customer,RFD,NORMAL,42.29536,-83.24881
SE25091600504,2025-09-16T17:39:29Z,2025-09-16T18:48:41Z,4,2025-09-16T17:21:16Z,2025-09-17T17:20:00Z,1,1,Determined upon crew arrival,In Progres,OUTAGE,Single Customer,RFD,NORMAL,42.35323,-83.28798
SE25091600510,2025-09-16T17:39:29Z,2025-09-16T18:28:18Z,3,2025-09-16T17:18:55Z,2025-09-16T21:55:00Z,8,8,Determined upon crew arrival,In Progres,OUTAGE,Service Transformer,CAN,NORMAL,42.40033,-83.13354
SW25091600431,2025-09-16T17:39:29Z,2025-09-16T19:15:33Z,5,2025-09-16T16:45:17Z,2025-09-16T21:15:00Z,11,11,Determined upon crew arrival,In Progres,OUTAGE,Service Transformer,ANN,NORMAL,42.23865,-83.6038
SW25091600432,2025-09-16T17:39:29Z,2025-09-16T18:28:18Z,3,2025-09-16T16:45:22Z,2025-09-17T16:45:00Z,1,1,Equipment problem,In Progres,OUTAGE,Single Customer,WWS,NORMAL,42.27504,-83.39193
SW25091600440,2025-09-16T17:39:29Z,2025-09-16T19:51:26Z,7,2025-09-16T16:48:53Z,2025-09-16T21:20:00Z,15,15,Determined upon crew arrival,In Progres,OUTAGE,Service Transformer,ANN,NORMAL,42.23831,-83.60242
SW25091600447,2025-09-16T17:39:29Z,2025-09-16T17:51:30Z,2,2025-09-16T16:49:04Z,2025-09-16T21:25:00Z,2,2,Determined upon crew arrival,In Progres,OUTAGE,Service Transformer,ANN,NORMAL,42.25573,-83.57422
SW25091600452,2025-09-16T17:39:29Z,2025-09-16T19:15:33Z,5,2025-09-16T16:55:52Z,2025-09-16T21:25:00Z,49,49,Equipment problem,In Progres,OUTAGE,Device (I),ANN,NORMAL,42.19964,-83.56502
SW25091600471,2025-09-16T17:39:29Z,2025-09-16T17:51:30Z,2,2025-09-16T17:09:31Z,2025-09-17T17:10:00Z,1,1,Determined upon crew arrival,In Progres,OUTAGE,Service Secondary,ANN,NORMAL,42.24795,-83.57596
SW25091600501,2025-09-16T17:39:29Z,2025-09-16T17:51:30Z,2,2025-09-16T17:20:01Z,2025-09-16T21:50:00Z,16,16,Determined upon crew arrival,In Progres,OUTAGE,Service Transformer,ANN,NORMAL,42.24918,-83.57725
SW25091600509,2025-09-16T17:39:29Z,2025-09-16T18:48:41Z,4,2025-09-16T17:21:51Z,2025-09-17T17:25:00Z,1,1,Determined upon crew arrival,In Progres,OUTAGE,Single Customer,WWS,NORMAL,42.43023,-83.31935
NE25091600522,2025-09-16T17:51:30Z,2025-09-16T20:20:59Z,7,2025-09-16T17:34:26Z,2025-09-16T22:05:00Z,15,15,Determined upon crew arrival,In Progres,OUTAGE,Service Transformer,MTC,NORMAL,42.55903,-82.93685
NW25091600529,2025-09-16T17:51:30Z,2025-09-16T19:15:33Z,4,2025-09-16T17:39:48Z,2025-09-17T17:40:00Z,1,1,Determined upon crew arrival,In Progres,OUTAGE,Single Customer,PON,NORMAL,42.67971,-83.27946
NE25091600554,2025-09-16T18:28:18Z,2025-09-16T21:51:01Z,11,2025-09-16T17:58:04Z,2025-09-16T22:30:00Z,2,2,Determined upon crew arrival,In Progres,OUTAGE,Service Secondary,MTC,NORMAL,42.47163,-82.94839
NE25091600561,2025-09-16T18:28:18Z,2025-09-16T18:28:18Z,1,2025-09-16T18:02:45Z,2025-09-17T18:05:00Z,1,1,Determined upon crew arrival,In Progres,OUTAGE,Single Customer,MTC,NORMAL,42.47727,-83.01934
NE25091600564,2025-09-16T18:28:18Z,2025-09-16T21:51:01Z,11,2025-09-16T18:03:21Z,2025-09-16T22:35:00Z,18,18,Equipment problem,In Progres,OUTAGE,Service Transformer,MTC,NORMAL,42.47033,-82.94737
NE25091600565,2025-09-16T18:28:18Z,2025-09-16T21:51:01Z,11,2025-09-16T18:04:19Z,2025-09-16T22:35:00Z,14,14,Determined upon crew arrival,In Progres,OUTAGE,Service Transformer,MTC,NORMAL,42.47164,-82.94741
NE25091600570,2025-09-16T18:28:18Z,2025-09-16T22:51:26Z,14,2025-09-16T18:06:03Z,2025-09-17T18:05:00Z,1,1,Determined upon crew arrival,In Progres,OUTAGE,Single Customer,MTC,NORMAL,42.47354,-83.02613
NE25091600573,2025-09-16T18:28:18Z,2025-09-17T01:24:42Z,18,2025-09-16T18:06:03Z,2025-09-17T02:40:00Z,17,17,Public Interference w/DTE equip,In Progres,OUTAGE,Service Transformer,MTC,NORMAL,42.47357,-83.02451
NE25091600574,2025-09-16T18:28:18Z,2025-09-16T23:39:04Z,17,2025-09-16T18:07:32Z,2025-09-17T02:40:00Z,2,2,Determined upon crew arrival,In Progres,OUTAGE,Service Secondary,MTC,NORMAL,42.47426,-83.02611
NE25091600583,2025-09-16T18:28:18Z,2025-09-16T19:37:56Z,4,2025-09-16T18:11:44Z,2025-09-17T18:10:00Z,1,1,Determined upon crew arrival,In Progres,OUTAGE,Single Customer,NAE,NORMAL,43.66608,-83.56656
NE25091600590,2025-09-16T18:28:18Z,2025-09-19T02:47:59Z,138,2025-09-16T18:15:09Z,2025-09-19T02:45:00Z,1,1,Animal/bird damaged DTE equip,In Progres,PRIORITY,,MAR,NORMAL,42.95287,-82.44304
NW25091600556,2025-09-16T18:28:18Z,2025-09-16T22:17:15Z,12,2025-09-16T17:59:37Z,2025-09-17T18:00:00Z,1,1,Equipment problem,In Progres,OUTAGE,Single Customer,PON,NORMAL,42.55961,-83.5346
SE25091600589,2025-09-16T18:28:18Z,2025-09-17T09:20:46Z,36,2025-09-16T18:14:32Z,2025-09-17T18:15:00Z,1,1,Equipment problem,In Progres,OUTAGE,Single Customer,CAN,NORMAL,42.37972,-83.06969
SW25091600546,2025-09-16T18:28:18Z,2025-09-16T20:20:59Z,6,2025-09-16T17:49:49Z,2025-09-17T17:50:00Z,1,1,Determined upon crew arrival,In Progres,OUTAGE,Single Customer,ANN,NORMAL,42.23816,-83.60321
SW25091600559,2025-09-16T18:28:18Z,2025-09-16T19:15:33Z,3,2025-09-16T18:01:45Z,2025-09-17T18:00:00Z,1,1,Determined upon crew arrival,In Progres,OUTAGE,Single Customer,WWS,NORMAL,42.41376,-83.39398
SW25091600585,2025-09-16T18:28:18Z,2025-09-16T18:28:18Z,1,2025-09-16T18:13:50Z,,1,1,Determined upon crew arrival,New,OUTAGE,Single Customer,ANN,NORMAL,42.20052,-83.56586
SW25091600586,2025-09-16T18:28:18Z,2025-09-16T18:48:41Z,2,2025-09-16T17:41:32Z,2025-09-16T22:45:00Z,67,67,Determined upon crew arrival,In Progres,OUTAGE,Device (I),ANN,NORMAL,42.20043,-83.56474
NW25091600605,2025-09-16T18:48:41Z,2025-09-16T20:51:33Z,7,2025-09-16T18:29:45Z,2025-09-17T18:30:00Z,1,1,Determined upon crew arrival,In Progres,OUTAGE,Single Customer,SBY,NORMAL,42.80421,-83.0586
SW25091600599,2025-09-16T18:48:41Z,2025-09-16T18:48:41Z,1,2025-09-16T18:22:28Z,2025-09-17T18:20:00Z,1,1,Determined upon crew arrival,In Progres,OUTAGE,Service Secondary,WWS,NORMAL,42.29041,-83.36511
NE25091600614,2025-09-16T19:15:33Z,2025-09-16T21:51:01Z,9,2025-09-16T18:38:23Z,2025-09-16T23:10:00Z,154,154,Public Interference w/DTE equip,In Progres,OUTAGE,Device (II),MAR,NORMAL,42.78097,-82.71848
NE25091600615,2025-09-16T19:15:33Z,2025-09-16T19:15:33Z,1,2025-09-16T18:39:02Z,2025-09-17T18:40:00Z,1,1,Determined upon crew arrival,New,OUTAGE,Single Customer,MAR,NORMAL,42.77241,-82.71295
NE25091600616,2025-09-16T19:15:33Z,2025-09-16T19:15:33Z,1,2025-09-16T18:39:14Z,2025-09-17T18:40:00Z,1,1,Determined upon crew arrival,New,OUTAGE,Single Customer,MAR,NORMAL,42.78158,-82.70219
NE25091600618,2025-09-16T19:15:33Z,2025-09-16T19:15:33Z,1,2025-09-16T18:39:22Z,2025-09-17T18:40:00Z,1,1,Determined upon crew arrival,New,OUTAGE,Single Customer,MAR,NORMAL,42.79606,-82.70197
NE25091600619,2025-09-16T19:15:33Z,2025-09-16T19:15:33Z,1,2025-09-16T18:39:52Z,2025-09-17T18:40:00Z,1,1,Determined upon crew arrival,New,OUTAGE,Single Customer,MAR,NORMAL,42.78092,-82.72094
NE25091600620,2025-09-16T19:15:33Z,2025-09-16T19:15:33Z,1,2025-09-16T18:39:52Z,2025-09-17T18:40:00Z,1,1,Determined upon crew arrival,New,OUTAGE,Single Customer,MAR,NORMAL,42.78626,-82.71364
NE25091600622,2025-09-16T19:15:33Z,2025-09-16T19:15:33Z,1,2025-09-16T18:40:17Z,2025-09-17T18:40:00Z,1,1,Determined upon crew arrival,New,OUTAGE,Single Customer,MAR,NORMAL,42.78204,-82.70481
NE25091600623,2025-09-16T19:15:33Z,2025-09-16T19:15:33Z,1,2025-09-16T18:40:22Z,2025-09-17T18:40:00Z,1,1,Determined upon crew arrival,New,OUTAGE,Single Customer,MAR,NORMAL,42.78898,-82.7138
NE25091600625,2025-09-16T19:15:33Z,2025-09-16T19:15:33Z,1,2025-09-16T18:41:36Z,2025-09-17T18:40:00Z,1,1,Determined upon crew arrival,New,OUTAGE,Single Customer,MAR,NORMAL,42.77982,-82.72981
NE25091600626,2025-09-16T19:15:33Z,2025-09-16T19:15:33Z,1,2025-09-16T18:41:49Z,2025-09-17T18:40:00Z,1,1,Determined upon crew arrival,New,OUTAGE,Single Customer,MAR,NORMAL,42.78073,-82.73099
NE25091600627,2025-09-16T19:15:33Z,2025-09-16T19:15:33Z,1,2025-09-16T18:41:56Z,2025-09-17T18:40:00Z,1,1,Determined upon crew arrival,New,OUTAGE,Single Customer,MAR,NORMAL,42.79559,-82.71505
NE25091600628,2025-09-16T19:15:33Z,2025-09-16T19:15:33Z,1,2025-09-16T18:42:05Z,2025-09-17T18:40:00Z,1,1,Determined upon crew arrival,New,OUTAGE,Single Customer,MAR,NORMAL,42.78112,-82.71625
NE25091600629,2025-09-16T19:15:33Z,2025-09-16T19:15:33Z,1,2025-09-16T18:42:05Z,2025-09-17T18:40:00Z,1,1,Determined upon crew arrival,New,OUTAGE,Single Customer,MAR,NORMAL,42.77843,-82.71353
NE25091600630,2025-09-16T19:15:33Z,2025-09-16T19:15:33Z,1,2025-09-16T18:42:11Z,2025-09-17T18:40:00Z,1,1,Determined upon crew arrival,New,OUTAGE,Single Customer,MAR,NORMAL,42.78176,-82.72822
NE25091600631,2025-09-16T19:15:33Z,2025-09-16T19:15:33Z,1,2025-09-16T18:42:11Z,2025-09-17T18:40:00Z,1,1,Determined upon crew arrival,New,OUTAGE,Single Customer,MAR,NORMAL,42.78088,-82.72347
NE25091600632,2025-09-16T19:15:33Z,2025-09-16T19:15:33Z,1,2025-09-16T18:42:19Z,2025-09-17T18:40:00Z,1,1,Determined upon crew arrival,New,OUTAGE,Single Customer,MAR,NORMAL,42.78115,-82.71478
NE25091600633,2025-09-16T19:15:33Z,2025-09-16T19:15:33Z,1,2025-09-16T18:42:31Z,2025-09-17T18:45:00Z,1,1,Determined upon crew arrival,New,OUTAGE,Single Customer,MAR,NORMAL,42.78094,-82.72001
NE25091600637,2025-09-16T19:15:33Z,2025-09-16T19:15:33Z,1,2025-09-16T18:43:37Z,2025-09-17T18:45:00Z,1,1,Determined upon crew arrival,New,OUTAGE,Single Customer,MAR,NORMAL,42.78067,-82.71117
NE25091600638,2025-09-16T19:15:33Z,2025-09-16T19:15:33Z,1,2025-09-16T18:43:48Z,2025-09-17T18:45:00Z,1,1,Determined upon crew arrival,New,OUTAGE,Single Customer,MAR,NORMAL,42.79626,-82.70684
NE25091600639,2025-09-16T19:15:33Z,2025-09-16T19:15:33Z,1,2025-09-16T18:44:55Z,2025-09-17T18:45:00Z,1,1,Determined upon crew arrival,New,OUTAGE,Single Customer,MAR,NORMAL,42.79573,-82.71119
NE25091600640,2025-09-16T19:15:33Z,2025-09-16T19:15:33Z,1,2025-09-16T18:45:02Z,2025-09-17T18:45:00Z,1,1,Determined upon crew arrival,New,OUTAGE,Single Customer,MAR,NORMAL,42.78156,-82.70351
NE25091600642,2025-09-16T19:15:33Z,2025-09-16T19:15:33Z,1,2025-09-16T18:45:23Z,2025-09-16T23:15:00Z,2,2,Determined upon crew arrival,New,OUTAGE,Service Transformer,MAR,NORMAL,42.78338,-82.7136
NE25091600644,2025-09-16T19:15:33Z,2025-09-16T19:15:33Z,1,2025-09-16T18:45:36Z,2025-09-17T18:45:00Z,1,1,Determined upon crew arrival,New,OUTAGE,Single Customer,MAR,NORMAL,42.79907,-82.70444
NE25091600646,2025-09-16T19:15:33Z,2025-09-16T19:15:33Z,1,2025-09-16T18:46:20Z,2025-09-17T18:45:00Z,1,1,Determined upon crew arrival,New,OUTAGE,Single Customer,MAR,NORMAL,42.7911,-82.7139
NE25091600648,2025-09-16T19:15:33Z,2025-09-16T19:15:33Z,1,2025-09-16T18:46:44Z,2025-09-17T18:45:00Z,1,1,Determined upon crew arrival,New,OUTAGE,Single Customer,MAR,NORMAL,42.78694,-82.71404
NE25091600650,2025-09-16T19:15:33Z,2025-09-16T19:15:33Z,1,2025-09-16T18:47:00Z,2025-09-17T18:45:00Z,1,1,Determined upon crew arrival,New,OUTAGE,Single Customer,MAR,NORMAL,42.79298,-82.71402
NE25091600653,2025-09-16T19:15:33Z,2025-09-16T19:15:33Z,1,2025-09-16T18:49:26Z,2025-09-16T23:20:00Z,3,3,Determined upon crew arrival,New,OUTAGE,Service Transformer,MAR,NORMAL,42.79582,-82.70866
NE25091600655,2025-09-16T19:15:33Z,2025-09-16T23:39:04Z,15,2025-09-16T18:51:34Z,2025-09-17T18:50:00Z,1,1,Determined upon crew arrival,In Progres,OUTAGE,Single Customer,MTC,NORMAL,42.45801,-82.95431
NE25091600656,2025-09-16T19:15:33Z,2025-09-16T19:15:33Z,1,2025-09-16T18:51:45Z,2025-09-17T18:50:00Z,1,1,Determined upon crew arrival,New,OUTAGE,Single Customer,MAR,NORMAL,42.78351,-82.72234
NE25091600659,2025-09-16T19:15:33Z,2025-09-16T19:15:33Z,1,2025-09-16T18:52:19Z,2025-09-17T18:50:00Z,1,1,Determined upon crew arrival,New,OUTAGE,Single Customer,MAR,NORMAL,42.78015,-82.71247
NE25091600665,2025-09-16T19:15:33Z,2025-09-16T19:15:33Z,1,2025-09-16T18:54:31Z,2025-09-17T18:55:00Z,1,1,Determined upon crew arrival,New,OUTAGE,Single Customer,MAR,NORMAL,42.79483,-82.71524
NE25091600669,2025-09-16T19:15:33Z,2025-09-16T19:15:33Z,1,2025-09-16T18:56:09Z,2025-09-17T18:55:00Z,1,1,Determined upon crew arrival,New,OUTAGE,Single Customer,MAR,NORMAL,42.79489,-82.70504
NE25091600673,2025-09-16T19:15:33Z,2025-09-16T19:15:33Z,1,2025-09-16T18:58:56Z,,1,1,Determined upon crew arrival,New,OUTAGE,Single Customer,MAR,NORMAL,42.78048,-82.70844
NE25091600675,2025-09-16T19:15:33Z,2025-09-16T19:15:33Z,1,2025-09-16T18:59:58Z,,1,1,Determined upon crew arrival,New,OUTAGE,Single Customer,MAR,NORMAL,42.77971,-82.71839
NW25091600672,2025-09-16T19:15:33Z,2025-09-16T19:15:33Z,1,2025-09-16T18:58:16Z,,1,1,Determined upon crew arrival,In Progres,OUTAGE,Single Customer,SBY,NORMAL,42.55788,-82.97547
SE25091600617,2025-09-16T19:15:33Z,2025-09-16T19:15:33Z,1,2025-09-16T18:39:17Z,2025-09-17T18:40:00Z,1,1,Determined upon crew arrival,In Progres,OUTAGE,Single Customer,RFD,NORMAL,42.2602,-83.23069
SE25091600664,2025-09-16T19:15:33Z,2025-09-17T18:27:53Z,58,2025-09-16T18:54:03Z,2025-09-17T18:55:00Z,1,1,Equipment problem,In Progres,OUTAGE,Single Customer,CAN,NORMAL,42.43774,-82.93417
SW25091600611,2025-09-16T19:15:33Z,2025-09-16T23:39:04Z,15,2025-09-16T18:37:12Z,2025-09-17T18:35:00Z,1,1,Equipment problem,In Progres,OUTAGE,Single Customer,NPT,NORMAL,42.09003,-83.36731
SW25091600613,2025-09-16T19:15:33Z,2025-09-16T19:37:56Z,2,2025-09-16T18:38:15Z,2025-09-17T18:40:00Z,1,1,Determined upon crew arrival,In Progres,OUTAGE,Single Customer,WWS,NORMAL,42.33123,-83.3731
SE25091600680,2025-09-16T19:37:56Z,2025-09-16T23:39:04Z,14,2025-09-16T19:07:44Z,2025-09-17T19:10:00Z,1,1,Equipment problem,In Progres,OUTAGE,Single Customer,RFD,NORMAL,42.35995,-83.15726
SE25091600686,2025-09-16T19:37:56Z,2025-09-16T23:39:04Z,14,2025-09-16T19:07:45Z,2025-09-17T19:10:00Z,1,1,Problem with the customer equip,In Progres,OUTAGE,Single Customer,CAN,NORMAL,42.43162,-83.02673
SW25091600694,2025-09-16T19:37:56Z,2025-09-16T22:17:15Z,9,2025-09-16T19:21:17Z,2025-09-17T19:20:00Z,1,1,Equipment problem,In Progres,OUTAGE,Single Customer,WWS,NORMAL,42.43895,-83.39739
SW25091600699,2025-09-16T19:37:56Z,2025-09-16T20:20:59Z,3,2025-09-16T19:21:32Z,2025-09-16T23:55:00Z,13,13,Determined upon crew arrival,In Progres,OUTAGE,Service Transformer,WWS,NORMAL,42.51883,-83.38528
SW25091600700,2025-09-16T19:37:56Z,2025-09-16T19:51:26Z,2,2025-09-16T19:21:38Z,2025-09-17T19:25:00Z,1,1,Determined upon crew arrival,In Progres,OUTAGE,Single Customer,WWS,NORMAL,42.51761,-83.3852
NE25091600716,2025-09-16T19:51:26Z,2025-09-16T22:51:26Z,10,2025-09-16T16:01:57Z,2025-09-17T19:40:00Z,1,1,Determined upon crew arrival,In Progres,OUTAGE,Single Customer,MTC,NORMAL,42.50457,-83.02601
NW25091600711,2025-09-16T19:51:26Z,2025-09-16T21:16:53Z,5,2025-09-16T19:37:50Z,2025-09-17T19:40:00Z,1,1,Determined upon crew arrival,In Progres,OUTAGE,Single Customer,HWL,NORMAL,42.65587,-83.93307
NE25091600730,2025-09-16T20:20:59Z,2025-09-16T23:39:04Z,12,2025-09-16T19:58:59Z,2025-09-17T20:00:00Z,1,1,Equipment problem,In Progres,OUTAGE,Single Customer,MAR,NORMAL,43.2505,-82.96027
NW25091600735,2025-09-16T20:20:59Z,2025-09-17T03:44:49Z,16,2025-09-16T20:07:13Z,2025-09-17T20:05:00Z,1,1,Equipment problem,In Progres,OUTAGE,Single Customer,PON,NORMAL,42.8591,-83.42709
SE25091600727,2025-09-16T20:20:59Z,2025-09-17T12:40:28Z,40,2025-09-16T19:56:40Z,2025-09-17T19:55:00Z,1,1,Equipment problem,In Progres,OUTAGE,Single Customer,CAN,NORMAL,42.40781,-83.06295
SW25091600719,2025-09-16T20:20:59Z,2025-09-16T20:51:33Z,3,2025-09-16T19:26:06Z,2025-09-17T19:45:00Z,1,1,Problem with the customer equip,In Progres,OUTAGE,Single Customer,ANN,NORMAL,42.23039,-83.65923
NW25091600748,2025-09-16T20:40:31Z,2025-09-16T20:40:31Z,1,2025-09-16T20:21:45Z,2025-09-17T20:20:00Z,1,1,Determined upon crew arrival,New,OUTAGE,Single Customer,SBY,NORMAL,42.6866,-83.14622
NW25091600753,2025-09-16T20:40:31Z,2025-09-16T20:40:31Z,1,2025-09-16T02:55:30Z,,1,1,Determined upon crew arrival,New,OUTAGE,Single Customer,PON,NORMAL,42.69474,-83.58649
NW25091600755,2025-09-16T20:40:31Z,2025-09-16T20:40:31Z,1,2025-09-16T20:30:01Z,,2117,2117,Determined upon crew arrival,New,OUTAGE,Circuit Level,PON,NORMAL,42.69674,-83.32342
SE25091600757,2025-09-16T20:51:33Z,2025-09-17T09:40:04Z,30,2025-09-16T20:40:04Z,2025-09-17T20:40:00Z,1,1,Equipment problem,Pending,OUTAGE,Single Customer,CAN,NORMAL,42.3912,-83.05258
NE25091600766,2025-09-16T21:16:53Z,2025-09-17T01:24:42Z,10,2025-09-16T20:47:59Z,2025-09-17T20:50:00Z,1,1,Determined upon crew arrival,In Progres,OUTAGE,Single Customer,NAE,NORMAL,43.40051,-83.6893
NE25091600777,2025-09-16T21:16:53Z,2025-09-16T23:39:04Z,9,2025-09-16T20:57:31Z,2025-09-17T21:00:00Z,1,1,Determined upon crew arrival,In Progres,OUTAGE,Single Customer,MTC,NORMAL,42.63582,-82.85344
SE25091600771,2025-09-16T21:16:53Z,2025-09-17T06:29:41Z,21,2025-09-16T20:51:38Z,2025-09-17T20:50:00Z,1,1,Energy theft,In Progres,OUTAGE,Single Customer,CAN,NORMAL,42.41113,-82.929
SW25091600765,2025-09-16T21:16:53Z,2025-09-16T23:39:04Z,9,2025-09-16T19:21:36Z,2025-09-17T20:50:00Z,1,1,Equipment problem,Pending,OUTAGE,Single Customer,WWS,NORMAL,42.51883,-83.38528
SE25091600785,2025-09-16T21:37:54Z,2025-09-16T23:39:04Z,8,2025-09-16T21:07:04Z,2025-09-17T21:05:00Z,1,1,Determined upon crew arrival,In Progres,OUTAGE,Single Customer,RFD,NORMAL,42.34259,-83.22857
SE25091600810,2025-09-16T21:37:54Z,2025-09-16T23:39:04Z,8,2025-09-16T17:19:31Z,2025-09-17T21:30:00Z,1,1,Equipment problem,In Progres,OUTAGE,Single Customer,RFD,NORMAL,42.29025,-83.24716
SW25091600806,2025-09-16T21:37:54Z,2025-09-16T21:37:54Z,1,2025-09-16T21:12:13Z,,1,1,Determined upon crew arrival,New,OUTAGE,Single Customer,NPT,NORMAL,41.9672,-83.42505
SW25091600807,2025-09-16T21:37:54Z,2025-09-16T21:37:54Z,1,2025-09-16T21:12:13Z,,7,7,Determined upon crew arrival,New,OUTAGE,Service Transformer,NPT,NORMAL,41.96691,-83.42286
NE25091600812,2025-09-16T21:51:01Z,2025-09-17T03:18:17Z,10,2025-09-16T21:32:36Z,2025-09-17T21:35:00Z,1,1,Determined upon crew arrival,In Progres,OUTAGE,Single Customer,LAP,NORMAL,42.96365,-83.35655
NW25091600813,2025-09-16T21:51:01Z,2025-09-16T23:39:04Z,7,2025-09-16T20:21:45Z,2025-09-17T21:35:00Z,1,1,Equipment problem,In Progres,OUTAGE,Single Customer,SBY,NORMAL,42.6866,-83.14622
NW25091600827,2025-09-16T22:17:15Z,2025-09-16T22:17:15Z,1,2025-09-16T21:49:58Z,2025-09-17T21:50:00Z,1,1,Determined upon crew arrival,New,OUTAGE,Single Customer,PON,NORMAL,42.60484,-83.12415
NW25091600829,2025-09-16T22:17:15Z,2025-09-16T23:14:13Z,4,2025-09-16T21:47:14Z,2025-09-17T02:20:00Z,3,3,Determined upon crew arrival,In Progres,OUTAGE,Service Transformer,PON,NORMAL,42.60484,-83.12465
SE25091600831,2025-09-16T22:17:15Z,2025-09-16T23:39:04Z,6,2025-09-16T16:06:28Z,2025-09-17T22:00:00Z,1,1,Determined upon crew arrival,In Progres,OUTAGE,Single Customer,RFD,NORMAL,42.46538,-83.20042
SW25091600832,2025-09-16T22:17:15Z,2025-09-17T03:18:17Z,9,2025-09-16T21:59:09Z,2025-09-17T22:00:00Z,1,1,Equipment problem,In Progres,OUTAGE,Single Customer,NPT,NORMAL,42.06808,-83.22792
NE25091600850,2025-09-16T22:36:34Z,2025-09-16T22:36:34Z,1,2025-09-16T22:24:36Z,2025-09-17T22:25:00Z,1,1,Determined upon crew arrival,New,OUTAGE,Single Customer,MTC,NORMAL,42.57044,-82.95615
NE25091600851,2025-09-16T22:36:34Z,2025-09-16T22:36:34Z,1,2025-09-16T22:24:42Z,2025-09-17T22:25:00Z,1,1,Determined upon crew arrival,New,OUTAGE,Single Customer,MTC,NORMAL,42.58945,-82.95699
NE25091600857,2025-09-16T22:36:34Z,2025-09-16T22:36:34Z,1,2025-09-16T22:25:27Z,2025-09-17T22:25:00Z,1,1,Determined upon crew arrival,New,OUTAGE,Single Customer,MTC,NORMAL,42.56959,-82.95844
NE25091600858,2025-09-16T22:36:34Z,2025-09-16T22:36:34Z,1,2025-09-16T22:25:32Z,2025-09-17T22:25:00Z,1,1,Determined upon crew arrival,New,OUTAGE,Single Customer,MTC,NORMAL,42.57638,-82.95843
NE25091600866,2025-09-16T22:36:34Z,2025-09-16T22:36:34Z,1,2025-09-16T22:28:22Z,,1,1,Determined upon crew arrival,New,OUTAGE,Single Customer,MTC,NORMAL,42.57673,-82.96737
SW25091600880,2025-09-16T22:51:26Z,2025-09-16T23:26:49Z,3,2025-09-16T22:39:43Z,2025-09-17T03:10:00Z,1,1,Problem with the customer equip,In Progres,PRIORITY,,ANN,NORMAL,42.2392,-83.60248
NE25091600888,2025-09-16T23:14:13Z,2025-09-17T03:18:17Z,6,2025-09-16T22:54:30Z,2025-09-17T03:30:00Z,6,6,Determined upon crew arrival,In Progres,OUTAGE,Service Transformer,MTC,NORMAL,42.49711,-82.95867
NE25091600889,2025-09-16T23:14:13Z,2025-09-17T18:48:47Z,47,2025-09-16T22:55:42Z,2025-09-17T19:30:00Z,10,10,Equipment problem,In Progres,OUTAGE,Device (I),MTC,NORMAL,42.72733,-82.79546
NE25091600902,2025-09-16T23:26:49Z,2025-09-17T01:24:42Z,3,2025-09-16T23:07:25Z,2025-09-17T03:40:00Z,319,319,Determined upon crew arrival,In Progres,OUTAGE,Device (II),MTC,NORMAL,42.49574,-83.00965
NE25091600904,2025-09-16T23:26:49Z,2025-09-17T04:42:09Z,9,2025-09-16T23:13:30Z,2025-09-17T07:45:00Z,1018,1018,Determined upon crew arrival,In Progres,OUTAGE,Circuit Level,MTC,NORMAL,42.567,-82.95165
SE25091600907,2025-09-16T23:39:04Z,2025-09-16T23:39:04Z,1,2025-09-16T23:16:24Z,2025-09-17T23:15:00Z,1,1,Determined upon crew arrival,In Progres,OUTAGE,Single Customer,RFD,NORMAL,42.36882,-83.29172
SW25091600909,2025-09-16T23:39:04Z,2025-09-17T04:53:33Z,9,2025-09-16T23:15:00Z,2025-09-17T07:45:00Z,50,50,Equipment problem,In Progres,OUTAGE,Device (II),WWS,NORMAL,42.44318,-83.49155
NE25091600924,2025-09-17T01:24:42Z,2025-09-17T11:51:20Z,27,2025-09-16T21:04:43Z,2025-09-18T00:10:00Z,1,1,Determined upon crew arrival,In Progres,OUTAGE,Single Customer,MTC,NORMAL,42.51395,-83.05677
NE25091600942,2025-09-17T01:24:42Z,2025-09-17T05:18:53Z,9,2025-09-16T16:30:22Z,2025-09-18T01:10:00Z,1,1,Determined upon crew arrival,PC3 Verifi,OUTAGE,Single Customer,MTC,NORMAL,42.46229,-82.94091
SE25091600921,2025-09-17T01:24:42Z,2025-09-17T19:51:28Z,48,2025-09-16T00:08:05Z,2025-09-18T00:05:00Z,1,1,Determined upon crew arrival,In Progres,OUTAGE,Single Customer,CAN,NORMAL,42.34335,-83.05794
SW25091600918,2025-09-17T01:24:42Z,2025-09-17T01:24:42Z,1,2025-09-16T23:46:30Z,2025-09-17T23:45:00Z,1,1,Equipment problem,In Progres,OUTAGE,Single Customer,WWS,NORMAL,42.48053,-83.50867
SW25091600927,2025-09-17T01:24:42Z,2025-09-17T01:24:42Z,1,2025-09-17T00:08:34Z,2025-09-17T04:45:00Z,25,25,Equipment problem,In Progres,OUTAGE,Service Transformer,WWS,NORMAL,42.36773,-83.32093
SW25091600940,2025-09-17T01:24:42Z,2025-09-17T07:51:25Z,16,2025-09-17T01:07:38Z,2025-09-18T01:10:00Z,1,1,Determined upon crew arrival,In Progres,OUTAGE,Single Customer,ANN,NORMAL,42.29387,-83.78294
SW25091600944,2025-09-17T01:24:42Z,2025-09-17T04:53:33Z,8,2025-09-17T01:12:43Z,2025-09-18T01:15:00Z,1,1,Determined upon crew arrival,In Progres,SERVICE DOWN NO,,NPT,NORMAL,42.17085,-83.15553
NE25091600958,2025-09-17T02:41:42Z,2025-09-17T18:48:47Z,43,2025-09-16T18:07:32Z,2025-09-18T02:15:00Z,1,1,Determined upon crew arrival,In Progres,OUTAGE,Single Customer,MTC,NORMAL,42.47426,-83.02611
NE25091600959,2025-09-17T02:41:42Z,2025-09-17T02:41:42Z,1,2025-09-17T02:22:12Z,2025-09-18T02:20:00Z,1,1,Determined upon crew arrival,New,OUTAGE,Single Customer,MTC,NORMAL,42.49586,-83.00713
NW25091600947,2025-09-17T02:41:42Z,2025-09-17T12:40:28Z,27,2025-09-17T01:37:52Z,2025-09-17T14:10:00Z,1,1,Determined upon crew arrival,In Progres,PRIORITY,,PON,NORMAL,42.7235,-83.4207
SE25091600949,2025-09-17T02:41:42Z,2025-09-17T08:47:44Z,17,2025-09-17T01:42:17Z,2025-09-18T01:40:00Z,1,1,Equipment problem,In Progres,OUTAGE,Single Customer,RFD,NORMAL,42.43159,-83.26138
SE25091600961,2025-09-17T02:41:42Z,2025-09-17T02:41:42Z,1,2025-09-17T02:29:43Z,,1,1,Determined upon crew arrival,New,OUTAGE,Single Customer,RFD,NORMAL,42.36966,-83.21849
SW25091600952,2025-09-17T02:41:42Z,2025-09-17T17:51:03Z,41,2025-09-17T01:57:29Z,2025-09-18T02:00:00Z,1,1,Problem with the customer equip,In Progres,OUTAGE,Single Customer,ANN,NORMAL,42.18463,-83.6106
SW25091600953,2025-09-17T02:41:42Z,2025-09-17T05:40:19Z,9,2025-09-17T01:56:22Z,2025-09-17T06:30:00Z,124,124,Equipment problem,In Progres,OUTAGE,Device (I),WWS,NORMAL,42.47047,-83.44472
SW25091600960,2025-09-17T02:41:42Z,2025-09-17T13:16:47Z,28,2025-09-17T02:25:59Z,2025-09-18T02:25:00Z,1,1,Equipment problem,In Progres,OUTAGE,Single Customer,WWS,NORMAL,42.36784,-83.46775
NA25091600968,2025-09-17T03:18:17Z,2025-09-17T03:18:17Z,1,2025-09-17T03:00:07Z,,1,1,Determined upon crew arrival,New,OUTAGE,Single Customer,LAP,NORMAL,42.80295,-83.12632
NW25091600964,2025-09-17T03:18:17Z,2025-09-17T03:44:49Z,2,2025-09-17T02:43:12Z,2025-09-17T07:15:00Z,6,6,Determined upon crew arrival,In Progres,OUTAGE,Service Transformer,PON,NORMAL,42.57911,-83.15273
NW25091600965,2025-09-17T03:18:17Z,2025-09-17T03:44:49Z,2,2025-09-17T02:43:12Z,2025-09-17T07:15:00Z,2,2,Determined upon crew arrival,In Progres,OUTAGE,Service Secondary,PON,NORMAL,42.57916,-83.15118
SE25091600966,2025-09-17T03:18:17Z,2025-09-17T05:40:19Z,8,2025-09-17T02:29:43Z,2025-09-18T02:50:00Z,1,1,Determined upon crew arrival,In Progres,SERVICE DOWN NO,,RFD,NORMAL,42.36966,-83.21849
NE25091600968,2025-09-17T03:44:49Z,2025-09-17T08:47:44Z,15,2025-09-17T03:00:07Z,2025-09-18T03:00:00Z,1,1,Determined upon crew arrival,In Progres,OUTAGE,Single Customer,LAP,NORMAL,42.80295,-83.12632
SE25091600971,2025-09-17T03:55:36Z,2025-09-17T10:52:25Z,20,2025-09-16T00:44:49Z,2025-09-18T03:35:00Z,1,1,Determined upon crew arrival,In Progres,OUTAGE,Single Customer,RFD,NORMAL,42.34535,-83.2086
NE25091600977,2025-09-17T04:23:25Z,2025-09-17T04:23:25Z,1,2025-09-17T04:14:47Z,,1,1,Determined upon crew arrival,New,OUTAGE,Single Customer,MTC,NORMAL,42.58988,-82.95826
SE25091600972,2025-09-17T04:23:25Z,2025-09-17T09:20:46Z,14,2025-09-16T23:16:24Z,2025-09-18T03:45:00Z,1,1,Equipment problem,In Progres,OUTAGE,Single Customer,RFD,NORMAL,42.36882,-83.29172
NE25091600984,2025-09-17T04:42:09Z,2025-09-17T04:42:09Z,1,2025-09-17T04:11:46Z,,28,28,Determined upon crew arrival,New,OUTAGE,Device (I),MTC,NORMAL,42.5888,-82.95603
NW25091600981,2025-09-17T04:42:09Z,2025-09-17T09:40:04Z,14,2025-09-17T04:19:45Z,2025-09-18T04:20:00Z,1,1,Determined upon crew arrival,In Progres,OUTAGE,Single Customer,HWL,NORMAL,42.61349,-83.93376
SW25091700002,2025-09-17T05:40:19Z,2025-09-17T07:18:58Z,5,2025-09-17T05:10:45Z,2025-09-17T09:45:00Z,3,3,Determined upon crew arrival,In Progres,OUTAGE,Service Transformer,WWS,NORMAL,42.24141,-83.33619
SW25091700007,2025-09-17T05:51:32Z,2025-09-17T05:51:32Z,1,2025-09-17T05:35:14Z,2025-09-18T05:35:00Z,1,1,Determined upon crew arrival,PC3 Verifi,OUTAGE,Single Customer,WWS,NORMAL,42.23988,-83.34876
SW25091700008,2025-09-17T05:51:32Z,2025-09-17T09:51:31Z,11,2025-09-17T05:43:18Z,2025-09-17T10:15:00Z,1,1,Determined upon crew arrival,PC3 Verifi,PRIORITY,,WWS,NORMAL,42.24448,-83.34901
SE25091700010,2025-09-17T06:50:48Z,2025-09-17T12:40:28Z,16,2025-09-16T22:12:06Z,2025-09-18T06:35:00Z,1,1,Determined upon crew arrival,In Progres,OUTAGE,Single Customer,CAN,NORMAL,42.44654,-82.90855
SW25091700012,2025-09-17T07:37:45Z,2025-09-17T08:47:44Z,4,2025-09-17T07:26:27Z,2025-09-17T12:00:00Z,22,22,Determined upon crew arrival,Pending,OUTAGE,Service Transformer,WWS,NORMAL,42.3941,-83.4627
SE25091700021,2025-09-17T09:40:04Z,2025-09-17T17:16:32Z,21,2025-09-17T09:25:27Z,2025-09-18T09:25:00Z,1,1,Equipment problem,In Progres,OUTAGE,Single Customer,RFD,NORMAL,42.48875,-83.12489
SW25091700022,2025-09-17T09:51:31Z,2025-09-17T14:18:59Z,12,2025-09-17T09:38:40Z,2025-09-18T09:40:00Z,1,1,Determined upon crew arrival,In Progres,OUTAGE,Single Customer,NPT,NORMAL,41.99234,-83.34871
NE25091700026,2025-09-17T10:41:49Z,2025-09-17T19:38:50Z,25,2025-09-16T15:46:08Z,2025-09-18T10:25:00Z,1,1,Equipment problem,In Progres,OUTAGE,Single Customer,MTC,NORMAL,42.59489,-82.92951
NW25091700025,2025-09-17T10:41:49Z,2025-09-17T14:53:34Z,12,2025-09-17T09:48:47Z,2025-09-18T10:20:00Z,1,1,Equipment problem,In Progres,OUTAGE,Single Customer,PON,NORMAL,42.63844,-83.21221
NE25091700029,2025-09-17T11:15:20Z,2025-09-17T18:27:53Z,19,2025-09-17T10:46:32Z,2025-09-18T10:45:00Z,1,1,Determined upon crew arrival,In Progres,OUTAGE,Single Customer,MTC,NORMAL,42.47345,-83.02649
NE25091700041,2025-09-17T11:51:20Z,2025-09-17T23:50:55Z,34,2025-09-17T04:11:44Z,2025-09-18T11:40:00Z,1,1,Equipment problem,In Progres,OUTAGE,Single Customer,MTC,NORMAL,42.567,-82.95165
NW25091700038,2025-09-17T11:51:20Z,2025-09-17T14:53:34Z,8,2025-09-17T11:34:40Z,2025-09-18T11:35:00Z,1,1,Equipment problem,In Progres,OUTAGE,Single Customer,PON,NORMAL,42.63827,-83.21151
NW25091700040,2025-09-17T11:51:20Z,2025-09-17T11:51:20Z,1,2025-09-17T11:35:33Z,2025-09-17T16:05:00Z,78,78,Determined upon crew arrival,In Progres,OUTAGE,Device (I),SBY,NORMAL,42.73313,-83.03128
NE25091700056,2025-09-17T12:40:28Z,2025-09-17T13:54:37Z,4,2025-09-17T12:11:00Z,2025-09-18T12:15:00Z,1,1,Equipment problem,In Progres,OUTAGE,Single Customer,MAR,NORMAL,42.93423,-82.70829
NE25091700064,2025-09-17T12:40:28Z,2025-09-17T14:18:59Z,5,2025-09-17T12:15:01Z,2025-09-18T12:25:00Z,1,1,Determined upon crew arrival,In Progres,OUTAGE,Single Customer,MTC,NORMAL,42.70358,-82.72581
NW25091700062,2025-09-17T12:40:28Z,2025-09-17T13:16:47Z,2,2025-09-17T12:21:16Z,2025-09-18T12:20:00Z,1,1,Determined upon crew arrival,In Progres,OUTAGE,Single Customer,PON,NORMAL,42.54361,-83.12652
SE25091700047,2025-09-17T12:40:28Z,2025-09-17T13:54:37Z,4,2025-09-17T11:58:50Z,2025-09-17T16:30:00Z,2,2,Equipment problem,In Progres,OUTAGE,Service Secondary,RFD,NORMAL,42.39532,-83.24073
SE25091700059,2025-09-17T12:40:28Z,2025-09-18T07:51:00Z,48,2025-09-17T12:17:08Z,2025-09-18T12:15:00Z,1,1,Equipment problem,In Progres,OUTAGE,Single Customer,RFD,NORMAL,42.50249,-83.31881
SW25091700052,2025-09-17T12:40:28Z,2025-09-17T15:20:45Z,8,2025-09-17T12:09:30Z,2025-09-17T16:40:00Z,6,6,Animal/bird damaged DTE equip,In Progres,OUTAGE,Device (I),NPT,NORMAL,42.15848,-83.22716
NE25091700085,2025-09-17T13:16:47Z,2025-09-17T19:51:28Z,20,2025-09-17T12:47:07Z,2025-09-18T12:45:00Z,1,1,Equipment problem,In Progres,OUTAGE,Single Customer,MTC,NORMAL,42.58393,-82.95041
NW25091700091,2025-09-17T13:16:47Z,2025-09-17T15:39:57Z,8,2025-09-17T12:50:31Z,2025-09-18T12:50:00Z,1,1,Determined upon crew arrival,In Progres,OUTAGE,Single Customer,PON,NORMAL,42.61502,-83.27865
SE25091700081,2025-09-17T13:16:47Z,2025-09-17T15:51:26Z,9,2025-09-17T12:45:32Z,2025-09-17T17:15:00Z,2,2,Determined upon crew arrival,In Progres,OUTAGE,Service Secondary,CAN,NORMAL,42.42945,-83.05151
SE25091700083,2025-09-17T13:16:47Z,2025-09-17T17:39:15Z,13,2025-09-17T12:46:14Z,2025-09-18T12:45:00Z,1,1,Determined upon crew arrival,In Progres,OUTAGE,Service Secondary,CAN,NORMAL,42.42947,-83.05257
SE25091700099,2025-09-17T13:16:47Z,2025-09-17T13:16:47Z,1,2025-09-17T12:59:31Z,,1,1,Determined upon crew arrival,New,OUTAGE,Single Customer,RFD,NORMAL,42.46879,-83.14228
SW25091700067,2025-09-17T13:16:47Z,2025-09-17T13:54:37Z,3,2025-09-17T12:29:31Z,2025-09-17T17:00:00Z,13,13,Determined upon crew arrival,In Progres,OUTAGE,Service Transformer,WWS,NORMAL,42.26123,-83.32562
SW25091700086,2025-09-17T13:16:47Z,2025-09-17T14:53:34Z,6,2025-09-17T12:48:11Z,2025-09-18T12:50:00Z,1,1,Determined upon crew arrival,In Progres,OUTAGE,Single Customer,WWS,NORMAL,42.28595,-83.44529
SW25091700093,2025-09-17T13:16:47Z,2025-09-17T15:51:26Z,9,2025-09-17T12:52:06Z,2025-09-18T12:50:00Z,1,1,Equipment problem,In Progres,OUTAGE,Single Customer,WWS,NORMAL,42.31183,-83.47652
SW25091700094,2025-09-17T13:16:47Z,2025-09-17T15:39:57Z,8,2025-09-17T12:48:38Z,2025-09-17T17:25:00Z,2,2,Determined upon crew arrival,In Progres,OUTAGE,Service Transformer,WWS,NORMAL,42.45695,-83.33435
SW25091700096,2025-09-17T13:16:47Z,2025-09-17T19:38:50Z,19,2025-09-16T22:39:43Z,2025-09-17T21:30:00Z,1,1,Determined upon crew arrival,In Progres,PRIORITY,,ANN,NORMAL,42.2392,-83.60248
NE25091700105,2025-09-17T13:43:15Z,2025-09-17T15:20:45Z,6,2025-09-17T12:43:52Z,2025-09-18T13:05:00Z,1,1,Determined upon crew arrival,In Progres,OUTAGE,Single Customer,MTC,NORMAL,42.47165,-82.94741
NE25091700110,2025-09-17T13:43:15Z,2025-09-17T19:51:28Z,19,2025-09-17T13:05:45Z,2025-09-18T13:05:00Z,1,1,Animal/bird damaged DTE equip,In Progres,OUTAGE,Single Customer,LAP,NORMAL,43.27423,-83.31482
NE25091700123,2025-09-17T13:43:15Z,2025-09-17T13:54:37Z,2,2025-09-17T13:17:02Z,2025-09-17T17:45:00Z,33,33,Determined upon crew arrival,In Progres,OUTAGE,Device (I),LAP,NORMAL,43.18316,-83.30397
NW25091700101,2025-09-17T13:43:15Z,2025-09-17T16:45:29Z,10,2025-09-17T13:01:28Z,2025-09-18T13:00:00Z,1,1,Public Interference w/DTE equip,In Progres,OUTAGE,Single Customer,HWL,NORMAL,42.46169,-83.65285
NW25091700114,2025-09-17T13:43:15Z,2025-09-17T14:18:59Z,3,2025-09-17T13:00:24Z,2025-09-17T17:35:00Z,7,7,Determined upon crew arrival,In Progres,OUTAGE,Service Transformer,PON,NORMAL,42.67299,-83.27508
NW25091700125,2025-09-17T13:43:15Z,2025-09-17T14:18:59Z,3,2025-09-17T13:19:32Z,2025-09-18T13:20:00Z,1,1,Equipment problem,In Progres,OUTAGE,Single Customer,HWL,NORMAL,42.62918,-83.80692
NW25091700127,2025-09-17T13:43:15Z,2025-09-17T17:51:03Z,13,2025-09-17T13:22:08Z,2025-09-18T13:20:00Z,1,1,Problem with the customer equip,In Progres,OUTAGE,Single Customer,PON,NORMAL,42.70239,-83.40894
SE25091700111,2025-09-17T13:43:15Z,2025-09-17T14:41:57Z,4,2025-09-17T13:05:48Z,2025-09-18T13:05:00Z,1,1,Determined upon crew arrival,In Progres,OUTAGE,Single Customer,CAN,NORMAL,42.4286,-83.05902
SE25091700116,2025-09-17T13:43:15Z,2025-09-17T14:41:57Z,4,2025-09-17T13:07:11Z,2025-09-18T13:10:00Z,1,1,Determined upon crew arrival,In Progres,OUTAGE,Single Customer,CAN,NORMAL,42.4289,-83.06012
SE25091700122,2025-09-17T13:43:15Z,2025-09-17T14:53:34Z,5,2025-09-17T13:15:39Z,2025-09-18T13:15:00Z,1,1,Determined upon crew arrival,In Progres,OUTAGE,Single Customer,CAN,NORMAL,42.35428,-83.0252
SE25091700129,2025-09-17T13:43:15Z,2025-09-17T17:51:03Z,13,2025-09-17T13:24:12Z,2025-09-18T13:25:00Z,1,1,Determined upon crew arrival,In Progres,OUTAGE,Single Customer,CAN,NORMAL,42.41021,-83.1398
SW25091700121,2025-09-17T13:43:15Z,2025-09-17T13:43:15Z,1,2025-09-17T13:15:22Z,2025-09-18T13:15:00Z,1,1,Determined upon crew arrival,In Progres,OUTAGE,Service Secondary,WWS,NORMAL,42.30301,-83.39525
SW25091700124,2025-09-17T13:43:15Z,2025-09-17T14:18:59Z,3,2025-09-17T13:19:20Z,2025-09-17T17:50:00Z,6,6,Equipment problem,In Progres,OUTAGE,Service Transformer,ANN,NORMAL,42.23574,-83.68137
SW25091700134,2025-09-17T13:43:15Z,2025-09-17T13:43:15Z,1,2025-09-17T13:26:29Z,2025-09-18T13:25:00Z,2,2,Determined upon crew arrival,New,OUTAGE,Service Secondary,WWS,NORMAL,42.30301,-83.39525
SW25091700135,2025-09-17T13:43:15Z,2025-09-17T14:18:59Z,3,2025-09-17T13:26:36Z,2025-09-17T17:55:00Z,68,68,Determined upon crew arrival,In Progres,OUTAGE,Device (I),ANN,NORMAL,42.25213,-83.68849
NA25091700169,2025-09-17T13:54:37Z,2025-09-17T13:54:37Z,1,2025-09-17T13:27:13Z,,1,1,Determined upon crew arrival,New,OUTAGE,Single Customer,,NORMAL,42.33619,-83.11465
NE25091700152,2025-09-17T13:54:37Z,2025-09-17T13:54:37Z,1,2025-09-17T13:38:03Z,2025-09-18T13:40:00Z,1,1,Determined upon crew arrival,New,OUTAGE,Single Customer,MAR,NORMAL,42.99622,-82.42958
NE25091700156,2025-09-17T13:54:37Z,2025-09-17T16:25:07Z,8,2025-09-17T13:32:34Z,2025-09-17T18:10:00Z,148,148,Determined upon crew arrival,In Progres,OUTAGE,Circuit Level,MAR,NORMAL,42.99497,-82.42951
NE25091700162,2025-09-17T13:54:37Z,2025-09-17T16:25:07Z,8,2025-09-17T13:35:28Z,2025-09-17T18:15:00Z,2,2,Determined upon crew arrival,In Progres,OUTAGE,Service Secondary,MTC,NORMAL,42.53984,-82.88172
NE25091700166,2025-09-17T13:54:37Z,2025-09-17T13:54:37Z,1,2025-09-17T13:44:11Z,,1,1,Determined upon crew arrival,New,OUTAGE,Single Customer,MAR,NORMAL,42.99758,-82.43069
NW25091700143,2025-09-17T13:54:37Z,2025-09-17T17:39:15Z,11,2025-09-16T16:51:10Z,2025-09-18T13:30:00Z,1,1,Determined upon crew arrival,In Progres,OUTAGE,Single Customer,PON,NORMAL,42.67194,-83.24698
SE25091700146,2025-09-17T13:54:37Z,2025-09-17T14:41:57Z,3,2025-09-17T13:35:09Z,2025-09-17T18:05:00Z,10,10,Determined upon crew arrival,In Progres,OUTAGE,Service Transformer,CAN,NORMAL,42.43914,-83.00526
SE25091700155,2025-09-17T13:54:37Z,2025-09-17T14:41:57Z,3,2025-09-17T13:39:26Z,2025-09-18T13:40:00Z,1,1,Determined upon crew arrival,In Progres,OUTAGE,Single Customer,CAN,NORMAL,42.42684,-83.06
SW25091700142,2025-09-17T13:54:37Z,2025-09-17T14:41:57Z,3,2025-09-17T13:30:38Z,2025-09-18T13:30:00Z,1,1,Determined upon crew arrival,In Progres,OUTAGE,Service Transformer,WWS,NORMAL,42.381,-83.47531
SW25091700149,2025-09-17T13:54:37Z,2025-09-17T14:41:57Z,3,2025-09-17T13:37:08Z,2025-09-18T13:35:00Z,1,1,Determined upon crew arrival,In Progres,OUTAGE,Single Customer,WWS,NORMAL,42.29442,-83.2987
SW25091700153,2025-09-17T13:54:37Z,2025-09-17T17:51:03Z,12,2025-09-17T13:38:25Z,2025-09-18T13:40:00Z,1,1,Determined upon crew arrival,In Progres,OUTAGE,Single Customer,ANN,NORMAL,42.23488,-83.59362
SW25091700154,2025-09-17T13:54:37Z,2025-09-17T13:54:37Z,1,2025-09-17T13:38:53Z,2025-09-17T18:10:00Z,4,4,Determined upon crew arrival,In Progres,OUTAGE,Service Transformer,WWS,NORMAL,42.31823,-83.38402
SW25091700157,2025-09-17T13:54:37Z,2025-09-17T15:51:26Z,7,2025-09-17T13:41:35Z,2025-09-18T13:40:00Z,1,1,Determined upon crew arrival,In Progres,OUTAGE,Service Secondary,WWS,NORMAL,42.30429,-83.38351
SW25091700163,2025-09-17T13:54:37Z,2025-09-17T13:54:37Z,1,2025-09-17T13:44:03Z,,1,1,Determined upon crew arrival,New,OUTAGE,Single Customer,ANN,NORMAL,42.23718,-83.68174
SE25091700171,2025-09-17T14:18:59Z,2025-09-17T19:25:49Z,15,2025-09-17T13:46:55Z,2025-09-17T22:15:00Z,3,3,Equipment problem,In Progres,OUTAGE,Service Transformer,RFD,NORMAL,42.46442,-83.12456
SE25091700175,2025-09-17T14:18:59Z,2025-09-17T15:51:26Z,6,2025-09-17T13:47:32Z,2025-09-18T13:50:00Z,1,1,Determined upon crew arrival,In Progres,OUTAGE,Single Customer,CAN,NORMAL,42.41962,-83.04478
SE25091700177,2025-09-17T14:18:59Z,2025-09-17T14:18:59Z,1,2025-09-17T13:48:20Z,2025-09-17T18:20:00Z,2,2,Determined upon crew arrival,In Progres,OUTAGE,Service Secondary,RFD,NORMAL,42.46877,-83.14364
SE25091700186,2025-09-17T14:18:59Z,2025-09-17T14:18:59Z,1,2025-09-17T13:51:03Z,2025-09-18T13:50:00Z,1,1,Determined upon crew arrival,New,OUTAGE,Single Customer,RFD,NORMAL,42.46879,-83.14228
SW25091700170,2025-09-17T14:18:59Z,2025-09-17T14:41:57Z,2,2025-09-17T13:43:22Z,2025-09-17T18:15:00Z,124,124,Animal/bird damaged DTE equip,In Progres,OUTAGE,Device (II),ANN,NORMAL,42.20192,-83.76726
SW25091700183,2025-09-17T14:18:59Z,2025-09-17T14:18:59Z,1,2025-09-17T13:49:37Z,2025-09-18T13:50:00Z,1,1,Determined upon crew arrival,In Progres,OUTAGE,Service Transformer,WWS,NORMAL,42.32167,-83.38979
SW25091700185,2025-09-17T14:18:59Z,2025-09-17T15:20:45Z,4,2025-09-17T13:50:03Z,2025-09-18T13:50:00Z,1,1,Determined upon crew arrival,In Progres,OUTAGE,Service Secondary,ANN,NORMAL,42.26321,-83.76661
SW25091700191,2025-09-17T14:18:59Z,2025-09-17T15:51:26Z,6,2025-09-17T13:49:49Z,2025-09-18T13:55:00Z,1,1,Determined upon crew arrival,PC3 Verifi,OUTAGE,Single Customer,WWS,NORMAL,42.30425,-83.38545
SW25091700195,2025-09-17T14:18:59Z,2025-09-17T15:51:26Z,6,2025-09-17T13:55:29Z,2025-09-17T18:25:00Z,23,23,Determined upon crew arrival,In Progres,OUTAGE,Service Transformer,WWS,NORMAL,42.30087,-83.3918
NE25091700259,2025-09-17T14:41:57Z,2025-09-17T18:27:53Z,11,2025-09-17T14:25:06Z,2025-09-17T18:55:00Z,2,2,Determined upon crew arrival,In Progres,OUTAGE,Service Secondary,MTC,NORMAL,42.58326,-82.95089
NE25091700265,2025-09-17T14:41:57Z,2025-09-17T15:20:45Z,3,2025-09-17T14:27:27Z,2025-09-18T14:30:00Z,1,1,Determined upon crew arrival,In Progres,OUTAGE,Service Secondary,NAE,NORMAL,43.41562,-82.82456
NE25091700271,2025-09-17T14:41:57Z,2025-09-18T19:37:54Z,74,2025-09-17T14:30:02Z,2025-09-18T23:00:00Z,1,1,Animal/bird damaged DTE equip,In Progres,PRIORITY,,MTC,NORMAL,42.53064,-83.05411
NW25091700209,2025-09-17T14:41:57Z,2025-09-17T15:51:26Z,5,2025-09-17T14:02:20Z,2025-09-17T18:35:00Z,24,24,Determined upon crew arrival,In Progres,OUTAGE,Service Transformer,SBY,NORMAL,42.53702,-83.08401
NW25091700211,2025-09-17T14:41:57Z,2025-09-17T15:51:26Z,5,2025-09-17T14:02:18Z,2025-09-17T18:35:00Z,25,25,Equipment problem,In Progres,OUTAGE,Service Transformer,SBY,NORMAL,42.53646,-83.08395
NW25091700220,2025-09-17T14:41:57Z,2025-09-17T16:45:29Z,7,2025-09-17T14:11:24Z,2025-09-18T14:10:00Z,1,1,Equipment problem,In Progres,OUTAGE,Single Customer,SBY,NORMAL,42.75186,-83.15513
NW25091700240,2025-09-17T14:41:57Z,2025-09-17T15:51:26Z,5,2025-09-17T14:18:59Z,2025-09-17T18:50:00Z,4,4,Determined upon crew arrival,In Progres,OUTAGE,Service Transformer,PON,NORMAL,42.65758,-83.29712
NW25091700247,2025-09-17T14:41:57Z,2025-09-17T16:45:29Z,7,2025-09-17T14:21:13Z,2025-09-18T14:20:00Z,1,1,Equipment problem,In Progres,OUTAGE,Single Customer,PON,NORMAL,42.67299,-83.27508
SE25091700201,2025-09-17T14:41:57Z,2025-09-17T14:53:34Z,2,2025-09-17T14:01:36Z,2025-09-18T14:00:00Z,1,1,Determined upon crew arrival,In Progres,OUTAGE,Service Secondary,CAN,NORMAL,42.39774,-83.13943
SE25091700217,2025-09-17T14:41:57Z,2025-09-17T17:51:03Z,10,2025-09-17T14:03:13Z,2025-09-17T18:40:00Z,8,8,Determined upon crew arrival,In Progres,OUTAGE,Service Transformer,CAN,NORMAL,42.39774,-83.13943
SE25091700219,2025-09-17T14:41:57Z,2025-09-17T17:39:15Z,9,2025-09-17T14:11:20Z,2025-09-17T18:30:00Z,1,1,Determined upon crew arrival,In Progres,OUTAGE,Single Customer,CAN,NORMAL,42.40958,-83.12809
SE25091700224,2025-09-17T14:41:57Z,2025-09-17T15:39:57Z,4,2025-09-17T14:15:51Z,2025-09-17T18:45:00Z,680,680,Equipment problem,In Progres,OUTAGE,Device (II),RFD,NORMAL,42.47293,-83.13105
SE25091700226,2025-09-17T14:41:57Z,2025-09-17T14:53:34Z,2,2025-09-17T14:17:08Z,2025-09-17T18:45:00Z,373,373,Determined upon crew arrival,In Progres,OUTAGE,Device (II),RFD,NORMAL,42.47333,-83.13858
SE25091700238,2025-09-17T14:41:57Z,2025-09-17T17:39:15Z,9,2025-09-17T14:14:38Z,2025-09-17T18:50:00Z,26,26,Determined upon crew arrival,In Progres,OUTAGE,Device (I),CAN,NORMAL,42.40954,-83.13011
SE25091700244,2025-09-17T14:41:57Z,2025-09-17T15:51:26Z,5,2025-09-17T11:58:50Z,2025-09-18T14:20:00Z,1,1,Determined upon crew arrival,In Progres,OUTAGE,Single Customer,RFD,NORMAL,42.39532,-83.24073
SE25091700268,2025-09-17T14:41:57Z,2025-09-17T15:20:45Z,3,2025-09-17T14:28:58Z,2025-09-17T19:00:00Z,2,2,Determined upon crew arrival,In Progres,OUTAGE,Service Secondary,CAN,NORMAL,42.43173,-83.05474
SW25091700210,2025-09-17T14:41:57Z,2025-09-17T15:39:57Z,4,2025-09-17T14:06:45Z,2025-09-18T14:05:00Z,1,1,Determined upon crew arrival,In Progres,OUTAGE,Single Customer,WWS,NORMAL,42.42818,-83.31682
SW25091700222,2025-09-17T14:41:57Z,2025-09-17T14:41:57Z,1,2025-09-17T13:59:06Z,2025-09-17T18:45:00Z,2,2,Determined upon crew arrival,In Progres,OUTAGE,Service Transformer,WWS,NORMAL,42.31079,-83.41014
SW25091700223,2025-09-17T14:41:57Z,2025-09-17T15:39:57Z,4,2025-09-17T14:17:02Z,2025-09-18T14:15:00Z,1,1,Determined upon crew arrival,Pending,OUTAGE,Single Customer,ANN,NORMAL,42.23718,-83.68174
NE25091700291,2025-09-17T14:53:34Z,2025-09-17T17:16:32Z,7,2025-09-17T14:41:27Z,2025-09-18T14:40:00Z,1,1,Determined upon crew arrival,In Progres,OUTAGE,Service Transformer,NAE,NORMAL,43.65603,-83.56643
SE25091700276,2025-09-17T14:53:34Z,2025-09-17T15:51:26Z,4,2025-09-17T14:32:40Z,2025-09-18T14:35:00Z,1,1,Determined upon crew arrival,In Progres,OUTAGE,Single Customer,CAN,NORMAL,42.43498,-83.01264
SW25091700273,2025-09-17T14:53:34Z,2025-09-17T17:16:32Z,7,2025-09-17T14:31:13Z,2025-09-18T14:30:00Z,1,1,Determined upon crew arrival,In Progres,OUTAGE,Single Customer,WWS,NORMAL,42.30352,-83.39654
SW25091700280,2025-09-17T14:53:34Z,2025-09-17T21:51:20Z,21,2025-09-17T14:34:36Z,2025-09-18T14:35:00Z,1,1,Determined upon crew arrival,In Progres,OUTAGE,Single Customer,WWS,NORMAL,42.30591,-83.47988
SW25091700287,2025-09-17T14:53:34Z,2025-09-17T16:45:29Z,6,2025-09-17T14:40:02Z,2025-09-17T19:10:00Z,13,13,Determined upon crew arrival,In Progres,OUTAGE,Service Transformer,WWS,NORMAL,42.4324,-83.3601
SW25091700289,2025-09-17T14:53:34Z,2025-09-17T15:20:45Z,2,2025-09-17T14:40:24Z,2025-09-17T19:10:00Z,2,2,Determined upon crew arrival,In Progres,OUTAGE,Service Transformer,ANN,NORMAL,42.36965,-83.77537
SW25091700290,2025-09-17T14:53:34Z,2025-09-17T15:39:57Z,3,2025-09-17T13:26:29Z,2025-09-18T14:40:00Z,1,1,Determined upon crew arrival,In Progres,OUTAGE,Single Customer,WWS,NORMAL,42.30301,-83.39525
NE25091700311,2025-09-17T15:20:45Z,2025-09-17T15:51:26Z,3,2025-09-17T14:58:28Z,2025-09-17T19:30:00Z,1318,1318,Determined upon crew arrival,In Progres,OUTAGE,Circuit Level,MTC,NORMAL,42.48318,-83.01179
NE25091700318,2025-09-17T15:20:45Z,2025-09-17T16:45:29Z,5,2025-09-17T14:58:45Z,2025-09-17T19:30:00Z,97,97,Determined upon crew arrival,In Progres,OUTAGE,Service Transformer,MTC,NORMAL,42.49065,-83.00851
NE25091700322,2025-09-17T15:20:45Z,2025-09-17T15:39:57Z,2,2025-09-17T15:02:30Z,2025-09-17T19:35:00Z,1,1,Determined upon crew arrival,In Progres,PRIORITY,,MTC,NORMAL,42.47639,-83.00344
NE25091700334,2025-09-17T15:20:45Z,2025-09-17T15:39:57Z,2,2025-09-17T15:07:05Z,2025-09-17T19:35:00Z,1,1,Determined upon crew arrival,In Progres,PRIORITY,,MTC,NORMAL,42.48105,-83.0117
NE25091700337,2025-09-17T15:20:45Z,2025-09-17T15:39:57Z,2,2025-09-17T15:08:28Z,2025-09-17T19:40:00Z,1,1,Determined upon crew arrival,In Progres,PRIORITY,,MTC,NORMAL,42.47607,-83.00412
NE25091700339,2025-09-17T15:20:45Z,2025-09-17T15:39:57Z,2,2025-09-17T15:08:41Z,2025-09-17T19:40:00Z,1,1,Determined upon crew arrival,In Progres,PRIORITY,,MTC,NORMAL,42.48875,-83.01814
NE25091700344,2025-09-17T15:20:45Z,2025-09-17T15:39:57Z,2,2025-09-17T15:12:21Z,2025-09-17T19:40:00Z,1,1,Determined upon crew arrival,In Progres,PRIORITY,,MTC,NORMAL,42.48558,-83.01757
NE25091700349,2025-09-17T15:20:45Z,2025-09-17T16:25:07Z,4,2025-09-17T14:58:41Z,2025-09-17T19:45:00Z,5,5,Determined upon crew arrival,In Progres,OUTAGE,Service Transformer,MTC,NORMAL,42.47704,-83.00143
SE25091700304,2025-09-17T15:20:45Z,2025-09-17T18:48:47Z,10,2025-09-17T14:54:05Z,2025-09-17T19:25:00Z,1,1,Determined upon crew arrival,In Progres,PRIORITY,,RFD,NORMAL,42.47423,-83.13325
SE25091700312,2025-09-17T15:20:45Z,2025-09-17T16:45:29Z,5,2025-09-17T14:59:48Z,2025-09-18T15:00:00Z,1,1,Determined upon crew arrival,In Progres,OUTAGE,Single Customer,RFD,NORMAL,42.35306,-83.29004
SE25091700345,2025-09-17T15:20:45Z,2025-09-17T17:16:32Z,6,2025-09-17T15:13:23Z,2025-09-18T15:15:00Z,1,1,Determined upon crew arrival,In Progres,OUTAGE,Single Customer,CAN,NORMAL,42.42921,-83.06227
SE25091700347,2025-09-17T15:20:45Z,2025-09-17T15:20:45Z,1,2025-09-17T15:13:31Z,,2179,2179,Determined upon crew arrival,New,OUTAGE,Substation,RFD,NORMAL,42.47417,-83.23492
SW25091700295,2025-09-17T15:20:45Z,2025-09-17T16:45:29Z,5,2025-09-17T14:42:08Z,2025-09-17T19:15:00Z,14,14,Determined upon crew arrival,In Progres,OUTAGE,Service Transformer,WWS,NORMAL,42.43305,-83.35846
SW25091700298,2025-09-17T15:20:45Z,2025-09-17T15:39:57Z,2,2025-09-17T14:47:26Z,2025-09-18T14:45:00Z,1,1,Determined upon crew arrival,In Progres,OUTAGE,Service Secondary,WWS,NORMAL,42.20572,-83.51369
SW25091700348,2025-09-17T15:20:45Z,2025-09-17T16:45:29Z,5,2025-09-17T15:09:43Z,2025-09-18T15:15:00Z,1,1,Determined upon crew arrival,In Progres,OUTAGE,Single Customer,WWS,NORMAL,42.30215,-83.39056
NE25091700354,2025-09-17T15:39:57Z,2025-09-17T15:39:57Z,1,2025-09-17T15:16:03Z,2025-09-17T19:45:00Z,1,1,Determined upon crew arrival,In Progres,PRIORITY,,MTC,NORMAL,42.47743,-83.00387
NE25091700355,2025-09-17T15:39:57Z,2025-09-17T15:39:57Z,1,2025-09-17T15:16:34Z,2025-09-17T19:45:00Z,1,1,Determined upon crew arrival,In Progres,PRIORITY,,MTC,NORMAL,42.47374,-83.00436
NE25091700356,2025-09-17T15:39:57Z,2025-09-17T15:39:57Z,1,2025-09-17T15:19:27Z,2025-09-17T19:50:00Z,1,1,Determined upon crew arrival,In Progres,PRIORITY,,MTC,NORMAL,42.47607,-83.00412
NE25091700361,2025-09-17T15:39:57Z,2025-09-17T17:16:32Z,5,2025-09-17T15:25:39Z,2025-09-18T15:25:00Z,1,1,Determined upon crew arrival,In Progres,OUTAGE,Service Secondary,NAE,NORMAL,43.41608,-82.82573
NE25091700365,2025-09-17T15:39:57Z,2025-09-17T16:25:07Z,3,2025-09-17T15:28:40Z,2025-09-18T15:30:00Z,1,1,Determined upon crew arrival,In Progres,OUTAGE,Single Customer,MTC,NORMAL,42.48173,-83.0026
NW25091700366,2025-09-17T15:39:57Z,2025-09-17T20:20:35Z,14,2025-09-17T15:29:09Z,2025-09-18T00:00:00Z,18,18,Determined upon crew arrival,In Progres,OUTAGE,Service Transformer,PON,NORMAL,42.66958,-83.29748
NW25091700367,2025-09-17T15:39:57Z,2025-09-17T23:50:55Z,25,2025-09-17T15:29:59Z,2025-09-18T15:30:00Z,1,1,Determined upon crew arrival,In Progres,OUTAGE,Single Customer,PON,NORMAL,42.54907,-83.4986
SW25091700351,2025-09-17T15:39:57Z,2025-09-17T15:39:57Z,1,2025-09-17T15:15:32Z,2025-09-18T15:15:00Z,1,1,Determined upon crew arrival,In Progres,OUTAGE,Single Customer,ANN,NORMAL,42.25712,-83.76711
SE25091700370,2025-09-17T15:51:26Z,2025-09-17T16:45:29Z,3,2025-09-17T15:34:26Z,2025-09-17T20:05:00Z,2,2,Determined upon crew arrival,In Progres,OUTAGE,Service Secondary,CAN,NORMAL,42.38622,-83.13694
SE25091700380,2025-09-17T15:51:26Z,2025-09-17T18:48:47Z,8,2025-09-17T14:15:51Z,2025-09-17T19:30:00Z,680,680,Equipment problem,In Progres,OUTAGE,Device (II),RFD,NORMAL,42.47285,-83.13541
SE25091700381,2025-09-17T15:51:26Z,2025-09-17T17:51:03Z,6,2025-09-17T15:39:31Z,2025-09-18T15:40:00Z,1,1,Determined upon crew arrival,In Progres,OUTAGE,Single Customer,RFD,NORMAL,42.26292,-83.22635
SE25091700391,2025-09-17T15:51:26Z,2025-09-17T17:16:32Z,4,2025-09-17T15:39:42Z,2025-09-18T15:45:00Z,1,1,Determined upon crew arrival,In Progres,OUTAGE,Single Customer,CAN,NORMAL,42.44416,-82.89339
SE25091700394,2025-09-17T15:51:26Z,2025-09-17T18:48:47Z,8,2025-09-17T15:45:03Z,2025-09-17T20:15:00Z,20,20,Determined upon crew arrival,In Progres,OUTAGE,Service Transformer,CAN,NORMAL,42.40021,-83.13836
SW25091700371,2025-09-17T15:51:26Z,2025-09-17T19:51:28Z,12,2025-09-17T15:32:44Z,2025-09-17T20:05:00Z,88,88,Equipment problem,In Progres,OUTAGE,Device (I),WWS,NORMAL,42.40451,-83.41763
SW25091700378,2025-09-17T15:51:26Z,2025-09-17T15:51:26Z,1,2025-09-17T15:37:34Z,2025-09-17T20:10:00Z,11,11,Determined upon crew arrival,In Progres,OUTAGE,Service Transformer,ANN,NORMAL,42.2529,-83.68816
SW25091700385,2025-09-17T15:51:26Z,2025-09-17T19:25:49Z,10,2025-09-17T15:40:44Z,2025-09-18T15:40:00Z,1,1,Problem with the customer equip,In Progres,OUTAGE,Single Customer,ANN,NORMAL,42.19525,-83.60533
SW25091700386,2025-09-17T15:51:26Z,2025-09-17T16:25:07Z,2,2025-09-17T15:40:44Z,2025-09-17T20:10:00Z,5,5,Determined upon crew arrival,In Progres,OUTAGE,Service Transformer,ANN,NORMAL,42.24095,-83.57878
SW25091700388,2025-09-17T15:51:26Z,2025-09-17T21:51:20Z,18,2025-09-17T15:32:48Z,2025-09-18T15:40:00Z,1,1,Determined upon crew arrival,In Progres,OUTAGE,Single Customer,WWS,NORMAL,42.40534,-83.41396
SW25091700393,2025-09-17T15:51:26Z,2025-09-17T17:16:32Z,4,2025-09-17T15:39:04Z,2025-09-17T20:15:00Z,4,4,Equipment problem,In Progres,OUTAGE,Service Transformer,NPT,NORMAL,41.91015,-83.42753
NE25091700398,2025-09-17T16:25:07Z,2025-09-18T01:24:05Z,24,2025-09-17T15:46:42Z,2025-09-18T15:45:00Z,1,1,Determined upon crew arrival,In Progres,OUTAGE,Single Customer,MTC,NORMAL,42.7204,-82.7253
NE25091700414,2025-09-17T16:25:07Z,2025-09-17T16:25:07Z,1,2025-09-17T15:54:10Z,2025-09-18T16:00:00Z,1,1,Determined upon crew arrival,New,OUTAGE,Single Customer,NAE,NORMAL,43.94089,-82.99786
NE25091700435,2025-09-17T16:25:07Z,2025-09-17T16:25:07Z,1,2025-09-17T14:58:45Z,,1,1,Determined upon crew arrival,New,OUTAGE,Single Customer,MTC,NORMAL,42.48283,-83.01016
NE25091700436,2025-09-17T16:25:07Z,2025-09-17T16:25:07Z,1,2025-09-17T16:14:15Z,,1,1,Determined upon crew arrival,New,OUTAGE,Single Customer,MTC,NORMAL,42.48787,-83.01453
NW25091700401,2025-09-17T16:25:07Z,2025-09-17T17:51:03Z,5,2025-09-17T15:50:12Z,2025-09-18T15:50:00Z,1,1,Animal/bird damaged DTE equip,In Progres,OUTAGE,Single Customer,HWL,NORMAL,42.60001,-83.60967
NW25091700404,2025-09-17T16:25:07Z,2025-09-17T17:16:32Z,3,2025-09-17T15:47:10Z,2025-09-18T15:55:00Z,1,1,Determined upon crew arrival,In Progres,OUTAGE,Single Customer,HWL,NORMAL,42.53349,-83.77404
NW25091700437,2025-09-17T16:25:07Z,2025-09-17T18:27:53Z,6,2025-09-17T16:14:38Z,2025-09-18T16:15:00Z,1,1,Determined upon crew arrival,In Progres,OUTAGE,Single Customer,PON,NORMAL,42.72962,-83.61864
SE25091700399,2025-09-17T16:25:07Z,2025-09-17T19:51:28Z,11,2025-09-17T15:49:16Z,2025-09-18T15:50:00Z,1,1,Equipment problem,In Progres,OUTAGE,Single Customer,CAN,NORMAL,42.43217,-83.09302
SW25091700403,2025-09-17T16:25:07Z,2025-09-17T16:45:29Z,2,2025-09-17T15:52:35Z,2025-09-17T20:25:00Z,6,6,Determined upon crew arrival,In Progres,OUTAGE,Service Transformer,WWS,NORMAL,42.20409,-83.50384
SW25091700407,2025-09-17T16:25:07Z,2025-09-17T16:25:07Z,1,2025-09-17T15:54:38Z,2025-09-17T20:25:00Z,14,14,Determined upon crew arrival,In Progres,OUTAGE,Service Transformer,ANN,NORMAL,42.25197,-83.6882
SW25091700413,2025-09-17T16:25:07Z,2025-09-17T19:38:50Z,10,2025-09-17T15:56:20Z,2025-09-17T20:30:00Z,11,6,Equipment problem,In Progres,OUTAGE,Service Transformer,ANN,NORMAL,42.24383,-83.7498
SW25091700415,2025-09-17T16:25:07Z,2025-09-17T16:45:29Z,2,2025-09-17T16:01:34Z,2025-09-18T16:00:00Z,1,1,Determined upon crew arrival,In Progres,OUTAGE,Service Secondary,ANN,NORMAL,42.25712,-83.76711
SW25091700419,2025-09-17T16:25:07Z,2025-09-17T17:51:03Z,5,2025-09-17T15:49:58Z,2025-09-18T16:05:00Z,1,1,Equipment problem,In Progres,OUTAGE,Single Customer,ANN,NORMAL,42.23971,-83.57758
SW25091700420,2025-09-17T16:25:07Z,2025-09-17T19:38:50Z,10,2025-09-17T15:56:20Z,2025-09-17T20:35:00Z,7,7,Equipment problem,In Progres,OUTAGE,Service Transformer,ANN,NORMAL,42.24308,-83.73986
SW25091700429,2025-09-17T16:25:07Z,2025-09-17T16:25:07Z,1,2025-09-17T16:09:39Z,2025-09-18T16:10:00Z,1,1,Determined upon crew arrival,New,OUTAGE,Single Customer,ANN,NORMAL,42.2433,-83.747
NE25091700444,2025-09-17T16:45:29Z,2025-09-17T23:16:46Z,20,2025-09-17T16:02:23Z,2025-09-18T00:50:00Z,18,18,Equipment problem,In Progres,OUTAGE,Device (I),MTC,NORMAL,42.62795,-82.61441
NE25091700454,2025-09-17T16:45:29Z,2025-09-17T17:16:32Z,2,2025-09-17T16:21:35Z,2025-09-18T16:20:00Z,1,1,Determined upon crew arrival,In Progres,OUTAGE,Single Customer,MTC,NORMAL,42.59269,-82.88306
NE25091700455,2025-09-17T16:45:29Z,2025-09-17T22:50:39Z,19,2025-09-17T16:21:39Z,2025-09-18T00:50:00Z,17,17,Public Interference w/DTE equip,In Progres,OUTAGE,Service Transformer,MTC,NORMAL,42.48413,-83.01182
NE25091700458,2025-09-17T16:45:29Z,2025-09-17T22:50:39Z,19,2025-09-17T16:23:16Z,2025-09-18T00:55:00Z,23,23,Public Interference w/DTE equip,In Progres,OUTAGE,Service Transformer,MTC,NORMAL,42.4841,-83.01352
NE25091700468,2025-09-17T16:45:29Z,2025-09-17T17:51:03Z,4,2025-09-17T16:28:21Z,2025-09-18T16:30:00Z,1,1,Determined upon crew arrival,In Progres,OUTAGE,Single Customer,NAE,NORMAL,43.41765,-82.8288
SE25091700449,2025-09-17T16:45:29Z,2025-09-17T16:45:29Z,1,2025-09-17T16:19:44Z,2025-09-18T16:20:00Z,1,1,Determined upon crew arrival,New,SERVICE DOWN NO,,CAN,NORMAL,42.40035,-82.92048
SE25091700466,2025-09-17T16:45:29Z,2025-09-17T16:45:29Z,1,2025-09-17T16:28:47Z,,1,1,Determined upon crew arrival,In Progres,OUTAGE,Single Customer,RFD,NORMAL,42.46872,-83.14591
SW25091700447,2025-09-17T16:45:29Z,2025-09-17T18:27:53Z,5,2025-09-17T16:19:27Z,2025-09-18T16:20:00Z,1,1,Determined upon crew arrival,In Progres,OUTAGE,Service Secondary,WWS,NORMAL,42.25701,-83.23301
SW25091700464,2025-09-17T16:45:29Z,2025-09-17T17:51:03Z,4,2025-09-17T16:27:01Z,2025-09-18T16:25:00Z,1,1,Determined upon crew arrival,In Progres,OUTAGE,Single Customer,WWS,NORMAL,42.43687,-83.32086
NE25091700438,2025-09-17T17:16:32Z,2025-09-18T14:19:33Z,52,2025-09-17T16:15:28Z,2025-09-18T16:45:00Z,1,1,Determined upon crew arrival,In Progres,PRIORITY,,MTC,NORMAL,42.48172,-82.97521
NE25091700471,2025-09-17T17:16:32Z,2025-09-17T17:16:32Z,1,2025-09-17T16:31:41Z,2025-09-18T16:30:00Z,1,1,Determined upon crew arrival,New,OUTAGE,Single Customer,MTC,NORMAL,42.59262,-82.87178
NW25091700469,2025-09-17T17:16:32Z,2025-09-17T17:51:03Z,3,2025-09-17T16:30:21Z,2025-09-18T16:30:00Z,1,1,Equipment problem,In Progres,OUTAGE,Single Customer,HWL,NORMAL,42.58306,-83.97518
SE25091700483,2025-09-17T17:16:32Z,2025-09-17T17:16:32Z,1,2025-09-17T16:40:03Z,2025-09-18T16:40:00Z,1,1,Determined upon crew arrival,In Progres,OUTAGE,Single Customer,CAN,NORMAL,42.38163,-83.02537
SE25091700485,2025-09-17T17:16:32Z,2025-09-17T22:37:16Z,17,2025-09-17T16:42:08Z,2025-09-18T16:40:00Z,1,1,Equipment problem,In Progres,OUTAGE,Single Customer,RFD,NORMAL,42.26302,-83.18436
SE25091700490,2025-09-17T17:16:32Z,2025-09-17T17:51:03Z,3,2025-09-17T16:37:36Z,2025-09-17T21:15:00Z,11,11,Determined upon crew arrival,In Progres,OUTAGE,Service Transformer,CAN,NORMAL,42.4046,-83.12884
SE25091700494,2025-09-17T17:16:32Z,2025-09-17T17:51:03Z,3,2025-09-17T16:47:15Z,2025-09-18T16:45:00Z,1,1,Determined upon crew arrival,In Progres,OUTAGE,Single Customer,CAN,NORMAL,42.40149,-83.13725
SE25091700496,2025-09-17T17:16:32Z,2025-09-17T20:20:35Z,10,2025-09-17T16:50:33Z,2025-09-18T16:50:00Z,1,1,Equipment problem,In Progres,SERVICE DOWN NO,,CAN,NORMAL,42.38273,-83.12236
SE25091700503,2025-09-17T17:16:32Z,2025-09-17T19:25:49Z,7,2025-09-17T16:55:19Z,2025-09-18T17:00:00Z,1,1,Determined upon crew arrival,In Progres,OUTAGE,Single Customer,CAN,NORMAL,42.42984,-83.0591
SW25091700499,2025-09-17T17:16:32Z,2025-09-17T23:50:55Z,21,2025-09-17T16:43:15Z,2025-09-18T16:55:00Z,1,1,Equipment problem,In Progres,OUTAGE,Single Customer,NPT,NORMAL,41.95744,-83.51999
SW25091700501,2025-09-17T17:16:32Z,2025-09-17T17:39:15Z,2,2025-09-17T16:57:11Z,2025-09-17T21:25:00Z,3,3,Determined upon crew arrival,In Progres,OUTAGE,Service Transformer,ANN,NORMAL,42.35721,-83.80102
NE25091700506,2025-09-17T17:39:15Z,2025-09-17T23:50:55Z,20,2025-09-17T17:01:01Z,2025-09-18T01:30:00Z,22,22,Public Interference w/DTE equip,In Progres,OUTAGE,Service Transformer,MTC,NORMAL,42.48406,-83.01518
NE25091700558,2025-09-17T17:39:15Z,2025-09-17T17:39:15Z,1,2025-09-17T17:19:33Z,2025-09-18T17:20:00Z,1,1,Determined upon crew arrival,New,OUTAGE,Single Customer,MTC,NORMAL,42.53,-83.06918
NE25091700564,2025-09-17T17:39:15Z,2025-09-17T18:27:53Z,3,2025-09-17T17:23:37Z,2025-09-17T21:55:00Z,6,6,Determined upon crew arrival,In Progres,OUTAGE,Service Transformer,LAP,NORMAL,43.18647,-83.30592
NW25091700535,2025-09-17T17:39:15Z,2025-09-17T17:51:03Z,2,2025-09-17T17:02:09Z,2025-09-17T21:40:00Z,11,11,Determined upon crew arrival,In Progres,OUTAGE,Service Transformer,PON,NORMAL,42.65959,-83.4786
NW25091700563,2025-09-17T17:39:15Z,2025-09-17T23:50:55Z,20,2025-09-17T17:24:59Z,2025-09-18T17:25:00Z,1,1,Determined upon crew arrival,In Progres,OUTAGE,Single Customer,SBY,NORMAL,42.53955,-82.98593
SE25091700518,2025-09-17T17:39:15Z,2025-09-17T19:25:49Z,6,2025-09-17T17:00:43Z,2025-09-17T21:35:00Z,543,305,Equipment problem,In Progres,OUTAGE,Device (II),CAN,NORMAL,42.43888,-82.96846
SE25091700537,2025-09-17T17:39:15Z,2025-09-17T19:51:28Z,8,2025-09-17T17:10:12Z,2025-09-18T17:10:00Z,1,1,Equipment problem,In Progres,OUTAGE,Single Customer,RFD,NORMAL,42.51135,-83.12591
SW25091700546,2025-09-17T17:39:15Z,2025-09-17T19:38:50Z,7,2025-09-17T17:15:08Z,2025-09-17T21:45:00Z,85,85,Determined upon crew arrival,In Progres,OUTAGE,Device (I),WWS,NORMAL,42.40485,-83.42151
SW25091700553,2025-09-17T17:39:15Z,2025-09-17T18:48:47Z,4,2025-09-17T17:20:27Z,2025-09-17T21:50:00Z,1,1,Determined upon crew arrival,PC3 Verifi,PRIORITY,,ANN,NORMAL,42.24302,-83.74567
SW25091700568,2025-09-17T17:39:15Z,2025-09-17T18:27:53Z,3,2025-09-17T17:28:07Z,2025-09-18T17:30:00Z,1,1,Determined upon crew arrival,In Progres,OUTAGE,Single Customer,WWS,NORMAL,42.30217,-83.39624
NE25091700585,2025-09-17T17:51:03Z,2025-09-17T19:15:08Z,4,2025-09-17T17:34:18Z,2025-09-18T17:40:00Z,1,1,Determined upon crew arrival,In Progres,OUTAGE,Single Customer,MTC,NORMAL,42.48028,-82.97663
SE25091700580,2025-09-17T17:51:03Z,2025-09-17T18:48:47Z,3,2025-09-17T17:34:58Z,2025-09-18T17:35:00Z,1,1,Determined upon crew arrival,In Progres,OUTAGE,Single Customer,CAN,NORMAL,42.42743,-83.05535
SE25091700582,2025-09-17T17:51:03Z,2025-09-17T18:48:47Z,3,2025-09-17T17:28:06Z,2025-09-17T22:05:00Z,16,16,Determined upon crew arrival,In Progres,OUTAGE,Service Transformer,CAN,NORMAL,42.40354,-83.13175
SW25091700573,2025-09-17T17:51:03Z,2025-09-17T18:27:53Z,2,2025-09-17T17:31:39Z,2025-09-17T22:00:00Z,1,1,Determined upon crew arrival,New,PRIORITY,,ANN,NORMAL,42.24264,-83.74408
SW25091700590,2025-09-17T17:51:03Z,2025-09-17T18:48:47Z,3,2025-09-17T17:41:24Z,2025-09-17T22:10:00Z,5,5,Determined upon crew arrival,In Progres,OUTAGE,Service Transformer,ANN,NORMAL,42.24297,-83.57885
SW25091700593,2025-09-17T17:51:03Z,2025-09-17T17:51:03Z,1,2025-09-17T17:43:36Z,,1,1,Determined upon crew arrival,New,OUTAGE,Single Customer,ANN,NORMAL,42.24187,-83.74072
NE25091700620,2025-09-17T18:27:53Z,2025-09-17T23:50:55Z,18,2025-09-17T17:58:24Z,2025-09-18T02:30:00Z,1,1,Public Interference w/DTE equip,In Progres,PRIORITY,,MTC,NORMAL,42.47868,-83.00907
NE25091700621,2025-09-17T18:27:53Z,2025-09-17T23:50:55Z,18,2025-09-17T17:59:12Z,2025-09-18T18:00:00Z,1,1,Equipment problem,In Progres,OUTAGE,Single Customer,MTC,NORMAL,42.50604,-82.91653
NW25091700608,2025-09-17T18:27:53Z,2025-09-17T23:16:46Z,16,2025-09-17T17:53:13Z,2025-09-18T17:55:00Z,1,1,Determined upon crew arrival,In Progres,OUTAGE,Single Customer,PON,NORMAL,42.66553,-83.27458
NW25091700613,2025-09-17T18:27:53Z,2025-09-17T19:51:28Z,6,2025-09-17T17:56:14Z,2025-09-18T17:55:00Z,1,1,Equipment problem,In Progres,OUTAGE,Single Customer,PON,NORMAL,42.68572,-83.34298
SE25091700596,2025-09-17T18:27:53Z,2025-09-17T18:48:47Z,2,2025-09-17T17:45:58Z,2025-09-17T22:15:00Z,116,116,Equipment problem,In Progres,OUTAGE,Circuit Level,RFD,NORMAL,42.47946,-83.13674
SE25091700610,2025-09-17T18:27:53Z,2025-09-18T01:24:05Z,19,2025-09-17T17:54:37Z,2025-09-18T02:25:00Z,1,1,Determined upon crew arrival,In Progres,PRIORITY,,CAN,NORMAL,42.44212,-82.96188
SW25091700600,2025-09-17T18:27:53Z,2025-09-17T18:48:47Z,2,2025-09-17T17:47:19Z,2025-09-18T17:45:00Z,1,1,Determined upon crew arrival,In Progres,OUTAGE,Single Customer,WWS,NORMAL,42.33307,-83.37523
SW25091700601,2025-09-17T18:27:53Z,2025-09-18T03:47:29Z,22,2025-09-17T16:12:45Z,2025-09-18T17:50:00Z,1,1,Equipment problem,In Progres,OUTAGE,Single Customer,WWS,NORMAL,42.2739,-83.5152
SW25091700602,2025-09-17T18:27:53Z,2025-09-17T21:16:18Z,10,2025-09-17T17:48:18Z,2025-09-17T22:20:00Z,1,1,Determined upon crew arrival,In Progres,PRIORITY,,ANN,NORMAL,42.30471,-83.87193
SW25091700604,2025-09-17T18:27:53Z,2025-09-17T19:38:50Z,5,2025-09-17T17:48:51Z,2025-09-18T17:50:00Z,1,1,Determined upon crew arrival,In Progres,OUTAGE,Service Secondary,WWS,NORMAL,42.429,-83.35678
SW25091700605,2025-09-17T18:27:53Z,2025-09-17T19:51:28Z,6,2025-09-17T17:44:21Z,2025-09-17T22:20:00Z,2,2,Equipment problem,In Progres,OUTAGE,Service Transformer,ANN,NORMAL,42.30676,-83.8703
SW25091700643,2025-09-17T18:27:53Z,2025-09-17T19:51:28Z,6,2025-09-17T18:11:33Z,2025-09-17T22:40:00Z,9,9,Determined upon crew arrival,In Progres,OUTAGE,Service Transformer,WWS,NORMAL,42.29535,-83.36647
SW25091700646,2025-09-17T18:27:53Z,2025-09-17T20:39:44Z,8,2025-09-17T18:13:12Z,2025-09-18T18:15:00Z,1,1,Determined upon crew arrival,In Progres,OUTAGE,Single Customer,ANN,NORMAL,42.25928,-83.60609
SW25091700647,2025-09-17T18:27:53Z,2025-09-17T20:50:46Z,9,2025-09-17T12:22:38Z,2025-09-18T18:15:00Z,1,1,Determined upon crew arrival,In Progres,OUTAGE,Single Customer,WWS,NORMAL,42.31638,-83.36575
SE25091700651,2025-09-17T18:48:47Z,2025-09-17T23:50:55Z,17,2025-09-17T18:17:36Z,2025-09-18T18:20:00Z,1,1,Determined upon crew arrival,In Progres,OUTAGE,Single Customer,RFD,NORMAL,42.39961,-83.17076
SE25091700654,2025-09-17T18:48:47Z,2025-09-17T19:25:49Z,3,2025-09-17T18:22:17Z,2025-09-18T18:20:00Z,1,1,Determined upon crew arrival,In Progres,OUTAGE,Single Customer,CAN,NORMAL,42.40209,-83.13963
SE25091700664,2025-09-17T18:48:47Z,2025-09-18T04:23:46Z,22,2025-09-17T18:07:44Z,2025-09-18T18:30:00Z,1,1,Determined upon crew arrival,In Progres,OUTAGE,Single Customer,CAN,NORMAL,42.36117,-83.06795
SW25091700653,2025-09-17T18:48:47Z,2025-09-17T19:15:08Z,2,2025-09-17T18:19:43Z,2025-09-17T22:50:00Z,9,9,Determined upon crew arrival,In Progres,OUTAGE,Service Transformer,ANN,NORMAL,42.25712,-83.76711
NE25091700701,2025-09-17T19:15:08Z,2025-09-17T22:16:24Z,11,2025-09-17T18:34:08Z,2025-09-18T18:55:00Z,1,1,Determined upon crew arrival,In Progres,OUTAGE,Single Customer,MTC,NORMAL,42.72648,-82.77948
SE25091700682,2025-09-17T19:15:08Z,2025-09-18T01:24:05Z,17,2025-09-17T18:37:21Z,2025-09-18T03:05:00Z,1,1,Animal/bird damaged DTE equip,In Progres,PRIORITY,,RFD,NORMAL,42.30572,-83.10313
SE25091700709,2025-09-17T19:15:08Z,2025-09-17T19:38:50Z,3,2025-09-17T18:58:05Z,2025-09-18T19:00:00Z,1,1,Determined upon crew arrival,PC3 Verifi,OUTAGE,Single Customer,RFD,NORMAL,42.47233,-83.14008
SW25091700672,2025-09-17T19:15:08Z,2025-09-17T23:50:55Z,16,2025-09-17T18:32:58Z,2025-09-18T03:05:00Z,1,1,Determined upon crew arrival,In Progres,PRIORITY,,WWS,NORMAL,42.17503,-83.38272
SW25091700676,2025-09-17T19:15:08Z,2025-09-17T23:50:55Z,16,2025-09-17T18:31:29Z,2025-09-18T18:35:00Z,1,1,Determined upon crew arrival,In Progres,OUTAGE,Single Customer,ANN,NORMAL,42.2528,-83.75083
SW25091700696,2025-09-17T19:15:08Z,2025-09-17T20:39:44Z,6,2025-09-17T18:49:20Z,2025-09-18T18:50:00Z,1,1,Determined upon crew arrival,In Progres,OUTAGE,Single Customer,ANN,NORMAL,42.35207,-83.77161
NW25091700725,2025-09-17T19:25:49Z,2025-09-17T23:50:55Z,15,2025-09-17T19:08:02Z,2025-09-18T19:15:00Z,1,1,Determined upon crew arrival,In Progres,OUTAGE,Single Customer,SBY,NORMAL,42.72967,-83.03587
SE25091700720,2025-09-17T19:25:49Z,2025-09-17T23:50:55Z,15,2025-09-17T18:54:37Z,2025-09-18T19:10:00Z,1,1,Determined upon crew arrival,In Progres,OUTAGE,Single Customer,RFD,NORMAL,42.41201,-83.27631
SE25091700744,2025-09-17T19:38:50Z,2025-09-17T19:38:50Z,1,2025-09-17T17:40:37Z,,1,1,Determined upon crew arrival,New,OUTAGE,Single Customer,CAN,NORMAL,42.43582,-82.97598
SW25091700734,2025-09-17T19:38:50Z,2025-09-17T19:51:28Z,2,2025-09-17T17:44:19Z,2025-09-18T19:20:00Z,1,1,Determined upon crew arrival,New,OUTAGE,Single Customer,ANN,NORMAL,42.30585,-83.8642
SW25091700736,2025-09-17T19:38:50Z,2025-09-17T19:38:50Z,1,2025-09-17T15:56:20Z,2025-09-17T20:30:00Z,5,5,Determined upon crew arrival,New,OUTAGE,Service Transformer,ANN,NORMAL,42.24333,-83.74871
NE25091700762,2025-09-17T19:51:28Z,2025-09-17T19:51:28Z,1,2025-09-17T19:42:03Z,,2,2,Determined upon crew arrival,New,OUTAGE,Service Secondary,MTC,NORMAL,42.48421,-83.01656
SE25091700751,2025-09-17T19:51:28Z,2025-09-17T19:51:28Z,1,2025-09-17T19:35:28Z,2025-09-18T19:35:00Z,1,1,Determined upon crew arrival,New,OUTAGE,Single Customer,RFD,NORMAL,42.47414,-83.13625
SE25091700753,2025-09-17T19:51:28Z,2025-09-18T02:43:05Z,15,2025-09-16T15:53:11Z,2025-09-18T19:35:00Z,1,1,Equipment problem,In Progres,OUTAGE,Single Customer,RFD,NORMAL,42.47438,-83.09626
NE25091700803,2025-09-17T20:20:35Z,2025-09-18T18:28:59Z,55,2025-09-17T20:10:17Z,2025-09-18T20:10:00Z,1,1,Public Interference w/DTE equip,In Progres,OUTAGE,Single Customer,LAP,NORMAL,43.23556,-83.33016
NW25091700769,2025-09-17T20:20:35Z,2025-09-17T22:16:24Z,7,2025-09-17T19:47:06Z,2025-09-18T19:45:00Z,1,1,Equipment problem,In Progres,OUTAGE,Single Customer,PON,NORMAL,42.58197,-83.42976
NW25091700776,2025-09-17T20:20:35Z,2025-09-17T23:16:46Z,10,2025-09-17T19:50:46Z,2025-09-18T00:25:00Z,36,36,Equipment problem,In Progres,OUTAGE,Device (I),PON,NORMAL,42.79597,-83.24198
NW25091700805,2025-09-17T20:20:35Z,2025-09-17T21:51:20Z,6,2025-09-17T20:08:16Z,2025-09-18T00:40:00Z,10,10,Equipment problem,In Progres,OUTAGE,Service Transformer,SBY,NORMAL,42.58986,-83.01465
NW25091700810,2025-09-17T20:20:35Z,2025-09-17T21:51:20Z,6,2025-09-17T20:15:03Z,2025-09-18T00:45:00Z,2,2,Equipment problem,In Progres,OUTAGE,Service Secondary,SBY,NORMAL,42.58908,-83.01462
SE25091700772,2025-09-17T20:20:35Z,2025-09-17T20:39:44Z,2,2025-09-17T19:51:30Z,2025-09-18T00:20:00Z,2,2,Determined upon crew arrival,PC3 Verifi,OUTAGE,Service Secondary,CAN,NORMAL,42.44221,-82.96462
SE25091700775,2025-09-17T20:20:35Z,2025-09-17T20:39:44Z,2,2025-09-17T19:52:06Z,2025-09-18T00:20:00Z,14,14,Determined upon crew arrival,In Progres,OUTAGE,Service Transformer,CAN,NORMAL,42.44044,-82.9643
SE25091700779,2025-09-17T20:20:35Z,2025-09-17T20:39:44Z,2,2025-09-17T19:53:46Z,2025-09-18T19:55:00Z,1,1,Determined upon crew arrival,PC3 Verifi,OUTAGE,Single Customer,CAN,NORMAL,42.43905,-82.96646
SE25091700784,2025-09-17T20:20:35Z,2025-09-17T20:20:35Z,1,2025-09-16T20:40:04Z,2025-09-18T19:55:00Z,1,1,Determined upon crew arrival,In Progres,OUTAGE,Single Customer,CAN,NORMAL,42.3912,-83.05258
SE25091700785,2025-09-17T20:20:35Z,2025-09-18T03:47:29Z,16,2025-09-17T19:56:41Z,2025-09-18T19:55:00Z,1,1,Equipment problem,In Progres,OUTAGE,Single Customer,RFD,NORMAL,42.34286,-83.2164
SE25091700789,2025-09-17T20:20:35Z,2025-09-18T12:39:34Z,39,2025-09-17T17:50:39Z,2025-09-18T20:00:00Z,1,1,Equipment problem,In Progres,OUTAGE,Single Customer,CAN,NORMAL,42.35662,-83.1303
SE25091700794,2025-09-17T20:20:35Z,2025-09-17T20:39:44Z,2,2025-09-17T20:02:46Z,2025-09-18T00:35:00Z,2,2,Determined upon crew arrival,New,OUTAGE,Service Secondary,CAN,NORMAL,42.4422,-82.96967
SE25091700795,2025-09-17T20:20:35Z,2025-09-17T20:39:44Z,2,2025-09-17T20:02:56Z,2025-09-18T20:05:00Z,1,1,Determined upon crew arrival,New,OUTAGE,Single Customer,CAN,NORMAL,42.43954,-82.96427
SE25091700796,2025-09-17T20:20:35Z,2025-09-17T21:16:18Z,4,2025-09-17T18:29:13Z,2025-09-18T20:05:00Z,1,1,Determined upon crew arrival,In Progres,OUTAGE,Single Customer,RFD,NORMAL,42.33345,-83.12389
SE25091700800,2025-09-17T20:20:35Z,2025-09-17T20:39:44Z,2,2025-09-17T20:08:49Z,2025-09-18T20:10:00Z,1,1,Determined upon crew arrival,New,OUTAGE,Single Customer,CAN,NORMAL,42.44224,-82.96796
SE25091700806,2025-09-17T20:20:35Z,2025-09-17T20:39:44Z,2,2025-09-17T20:13:03Z,2025-09-18T20:15:00Z,1,1,Determined upon crew arrival,New,OUTAGE,Single Customer,CAN,NORMAL,42.44217,-82.97096
SE25091700812,2025-09-17T20:39:44Z,2025-09-17T23:16:46Z,9,2025-09-17T20:15:30Z,2025-09-18T20:15:00Z,1,1,Equipment problem,In Progres,OUTAGE,Single Customer,RFD,NORMAL,42.31794,-83.26048
SE25091700815,2025-09-17T20:39:44Z,2025-09-17T22:16:24Z,6,2025-09-17T20:16:03Z,2025-09-18T20:15:00Z,1,1,Determined upon crew arrival,In Progres,OUTAGE,Single Customer,RFD,NORMAL,42.50845,-83.31833
SE25091700826,2025-09-17T20:39:44Z,2025-09-17T22:16:24Z,6,2025-09-17T20:24:14Z,2025-09-18T00:55:00Z,3,3,Determined upon crew arrival,In Progres,OUTAGE,Service Transformer,RFD,NORMAL,42.50919,-83.31729
SE25091700832,2025-09-17T20:39:44Z,2025-09-17T20:39:44Z,1,2025-09-17T20:28:17Z,,2,2,Determined upon crew arrival,New,OUTAGE,Service Secondary,CAN,NORMAL,42.43566,-82.97189
SE25091700833,2025-09-17T20:39:44Z,2025-09-17T20:39:44Z,1,2025-09-17T20:28:27Z,,1,1,Determined upon crew arrival,New,OUTAGE,Single Customer,CAN,NORMAL,42.43768,-82.96421
SE25091700835,2025-09-17T20:39:44Z,2025-09-17T20:39:44Z,1,2025-09-17T17:12:18Z,,1,1,Determined upon crew arrival,New,OUTAGE,Single Customer,CAN,NORMAL,42.43577,-82.96816
SE25091700838,2025-09-17T20:39:44Z,2025-09-17T20:50:46Z,2,2025-09-17T17:06:34Z,2025-09-18T01:00:00Z,545,545,Determined upon crew arrival,In Progres,OUTAGE,Circuit Level,CAN,NORMAL,42.43762,-82.96775
SE25091700840,2025-09-17T20:39:44Z,2025-09-17T20:39:44Z,1,2025-09-17T20:29:18Z,,1,1,Determined upon crew arrival,New,OUTAGE,Single Customer,CAN,NORMAL,42.43753,-82.97205
SE25091700842,2025-09-17T20:39:44Z,2025-09-17T20:39:44Z,1,2025-09-17T20:29:39Z,,1,1,Determined upon crew arrival,New,OUTAGE,Single Customer,CAN,NORMAL,42.43895,-82.97126
SE25091700843,2025-09-17T20:39:44Z,2025-09-17T20:39:44Z,1,2025-09-17T20:29:51Z,,1,1,Determined upon crew arrival,New,OUTAGE,Single Customer,CAN,NORMAL,42.43653,-82.97347
SE25091700844,2025-09-17T20:39:44Z,2025-09-17T20:39:44Z,1,2025-09-17T20:29:54Z,,1,1,Determined upon crew arrival,New,OUTAGE,Single Customer,CAN,NORMAL,42.43899,-82.96907
SE25091700845,2025-09-17T20:39:44Z,2025-09-17T20:39:44Z,1,2025-09-17T20:30:00Z,,1,1,Determined upon crew arrival,New,OUTAGE,Single Customer,CAN,NORMAL,42.43909,-82.97423
SW25091700828,2025-09-17T20:39:44Z,2025-09-17T21:51:20Z,5,2025-09-17T20:25:12Z,2025-09-18T00:55:00Z,1,1,Determined upon crew arrival,In Progres,PRIORITY,,WWS,NORMAL,42.48395,-83.36039
SW25091700846,2025-09-17T20:39:44Z,2025-09-17T20:39:44Z,1,2025-09-17T20:30:02Z,,1,1,Determined upon crew arrival,New,OUTAGE,Single Customer,WWS,NORMAL,42.34976,-83.35049
SE25091700861,2025-09-17T20:50:46Z,2025-09-17T23:50:55Z,10,2025-09-17T20:29:43Z,2025-09-18T20:40:00Z,1,1,Determined upon crew arrival,Pending,OUTAGE,Single Customer,RFD,NORMAL,42.33629,-83.27091
SE25091700864,2025-09-17T20:50:46Z,2025-09-17T20:50:46Z,1,2025-09-17T20:26:25Z,,1,1,Determined upon crew arrival,New,OUTAGE,Single Customer,CAN,NORMAL,42.43481,-82.9722
SE25091700865,2025-09-17T20:50:46Z,2025-09-17T20:50:46Z,1,2025-09-17T20:26:24Z,,1,1,Determined upon crew arrival,New,OUTAGE,Single Customer,CAN,NORMAL,42.43478,-82.9731
SW25091700854,2025-09-17T20:50:46Z,2025-09-17T23:16:46Z,8,2025-09-17T20:34:26Z,2025-09-18T20:35:00Z,1,1,Determined upon crew arrival,In Progres,SERVICE DOWN NO,,ANN,NORMAL,42.25146,-83.67868
SE25091700885,2025-09-17T21:16:18Z,2025-09-17T22:16:24Z,4,2025-09-17T20:56:54Z,2025-09-18T20:55:00Z,1,1,Determined upon crew arrival,PC3 Verifi,OUTAGE,Single Customer,CAN,NORMAL,42.43662,-82.96958
SE25091700889,2025-09-17T21:16:18Z,2025-09-17T22:50:39Z,6,2025-09-17T20:26:24Z,2025-09-18T01:30:00Z,2,2,Determined upon crew arrival,PC3 Verifi,OUTAGE,Service Secondary,CAN,NORMAL,42.43582,-82.97598
SW25091700877,2025-09-17T21:16:18Z,2025-09-17T21:16:18Z,1,2025-09-17T20:51:23Z,2025-09-18T01:20:00Z,2,2,Determined upon crew arrival,New,OUTAGE,Service Secondary,NPT,NORMAL,41.94887,-83.4063
SW25091700883,2025-09-17T21:16:18Z,2025-09-17T21:37:33Z,2,2025-09-17T20:54:25Z,2025-09-18T01:25:00Z,54,54,Determined upon crew arrival,In Progres,OUTAGE,Device (I),WWS,NORMAL,42.42584,-83.47
SW25091700884,2025-09-17T21:16:18Z,2025-09-17T21:37:33Z,2,2025-09-17T20:54:25Z,2025-09-18T01:25:00Z,86,86,Determined upon crew arrival,In Progres,OUTAGE,Device (I),WWS,NORMAL,42.4269,-83.46911
NE25091700895,2025-09-17T21:37:33Z,2025-09-17T23:50:55Z,8,2025-09-17T21:04:21Z,2025-09-18T21:05:00Z,1,1,Animal/bird damaged DTE equip,In Progres,OUTAGE,Single Customer,LAP,NORMAL,43.06236,-83.3459
NE25091700902,2025-09-17T21:37:33Z,2025-09-17T22:50:39Z,5,2025-09-17T19:54:31Z,2025-09-18T21:10:00Z,1,1,Determined upon crew arrival,In Progres,OUTAGE,Single Customer,MTC,NORMAL,42.5331,-83.0676
SE25091700899,2025-09-17T21:37:33Z,2025-09-18T08:25:47Z,24,2025-09-17T19:47:27Z,2025-09-18T21:10:00Z,1,1,Equipment problem,In Progres,OUTAGE,Single Customer,CAN,NORMAL,42.43036,-82.91684
SE25091700903,2025-09-17T21:37:33Z,2025-09-18T01:24:05Z,9,2025-09-17T18:19:19Z,2025-09-18T21:10:00Z,1,1,Equipment problem,In Progres,OUTAGE,Single Customer,CAN,NORMAL,42.42992,-82.94761
SE25091700904,2025-09-17T21:37:33Z,2025-09-17T23:50:55Z,8,2025-09-17T17:51:51Z,2025-09-18T01:40:00Z,546,546,Determined upon crew arrival,In Progres,OUTAGE,Circuit Level,CAN,NORMAL,42.43863,-82.96419
SE25091700905,2025-09-17T21:37:33Z,2025-09-17T22:50:39Z,5,2025-09-17T21:12:54Z,2025-09-18T01:45:00Z,63,63,Determined upon crew arrival,PC3 Verifi,OUTAGE,Device (I),CAN,NORMAL,42.44138,-82.96832
SE25091700906,2025-09-17T21:37:33Z,2025-09-17T22:50:39Z,5,2025-09-17T21:15:37Z,2025-09-18T21:15:00Z,1,1,Determined upon crew arrival,New,OUTAGE,Single Customer,CAN,NORMAL,42.4406,-82.96657
SE25091700907,2025-09-17T21:37:33Z,2025-09-17T22:50:39Z,5,2025-09-17T21:18:48Z,2025-09-18T01:50:00Z,8,8,Determined upon crew arrival,New,OUTAGE,Service Transformer,CAN,NORMAL,42.44054,-82.96997
SE25091700912,2025-09-17T21:37:33Z,2025-09-17T22:16:24Z,3,2025-09-17T21:26:51Z,2025-09-18T21:25:00Z,1,1,Determined upon crew arrival,New,OUTAGE,Single Customer,CAN,NORMAL,42.44134,-82.97
SW25091700900,2025-09-17T21:37:33Z,2025-09-17T21:37:33Z,1,2025-09-17T21:09:42Z,2025-09-18T01:40:00Z,1,1,Determined upon crew arrival,New,PRIORITY,,WWS,NORMAL,42.49211,-83.36906
SE25091700920,2025-09-17T21:51:20Z,2025-09-17T22:50:39Z,4,2025-09-17T21:44:26Z,2025-09-18T21:45:00Z,1,1,Determined upon crew arrival,New,OUTAGE,Single Customer,CAN,NORMAL,42.44057,-82.96828
SE25091700921,2025-09-17T22:16:24Z,2025-09-17T22:50:39Z,3,2025-09-17T21:45:15Z,2025-09-18T21:45:00Z,1,1,Determined upon crew arrival,New,OUTAGE,Single Customer,CAN,NORMAL,42.44221,-82.96462
SW25091700924,2025-09-17T22:16:24Z,2025-09-18T03:47:29Z,10,2025-09-17T21:49:35Z,2025-09-18T21:50:00Z,1,1,Equipment problem,In Progres,OUTAGE,Single Customer,ANN,NORMAL,42.14123,-83.75022
SE25091700951,2025-09-17T22:37:16Z,2025-09-17T23:50:55Z,5,2025-09-17T20:00:02Z,2025-09-18T22:10:00Z,1,1,Determined upon crew arrival,In Progres,OUTAGE,Single Customer,CAN,NORMAL,42.35889,-83.09303
SE25091700962,2025-09-17T22:37:16Z,2025-09-17T22:50:39Z,2,2025-09-17T22:18:41Z,2025-09-18T22:20:00Z,1,1,Determined upon crew arrival,New,OUTAGE,Single Customer,CAN,NORMAL,42.44228,-82.96601
SW25091700931,2025-09-17T22:37:16Z,2025-09-17T23:50:55Z,5,2025-09-17T22:03:08Z,2025-09-18T02:35:00Z,875,875,Equipment problem,In Progres,OUTAGE,Device (II),ANN,NORMAL,42.32091,-83.81253
SW25091700938,2025-09-17T22:37:16Z,2025-09-17T23:16:46Z,3,2025-09-17T22:06:26Z,2025-09-18T22:05:00Z,1,1,Determined upon crew arrival,In Progres,OUTAGE,Single Customer,ANN,NORMAL,42.31599,-83.82056
SW25091700960,2025-09-17T22:37:16Z,2025-09-17T23:50:55Z,5,2025-09-17T22:17:37Z,2025-09-18T22:20:00Z,1,1,Determined upon crew arrival,In Progres,OUTAGE,Single Customer,ANN,NORMAL,42.30957,-83.81371
SW25091700966,2025-09-17T22:37:16Z,2025-09-17T23:50:55Z,5,2025-09-17T22:21:47Z,2025-09-18T02:50:00Z,3,3,Determined upon crew arrival,In Progres,OUTAGE,Service Transformer,ANN,NORMAL,42.32658,-83.81995
SW25091700967,2025-09-17T22:37:16Z,2025-09-17T23:50:55Z,5,2025-09-17T22:22:00Z,2025-09-18T22:20:00Z,1,1,Determined upon crew arrival,In Progres,OUTAGE,Single Customer,ANN,NORMAL,42.32515,-83.82045
NW25091700978,2025-09-17T22:50:39Z,2025-09-18T01:24:05Z,5,2025-09-17T22:32:31Z,2025-09-18T03:10:00Z,11,11,Equipment problem,In Progres,OUTAGE,Service Transformer,HWL,NORMAL,42.69479,-83.72831
SE25091700977,2025-09-17T22:50:39Z,2025-09-17T22:50:39Z,1,2025-09-17T22:40:53Z,2025-09-18T22:40:00Z,1,1,Determined upon crew arrival,New,OUTAGE,Single Customer,CAN,NORMAL,42.44046,-82.97311
NW25091700997,2025-09-17T23:37:21Z,2025-09-18T02:43:05Z,4,2025-09-17T23:06:53Z,2025-09-18T23:05:00Z,1,1,Equipment problem,In Progres,OUTAGE,Single Customer,PON,NORMAL,42.71867,-83.2437
SE25091701006,2025-09-17T23:37:21Z,2025-09-17T23:37:21Z,1,2025-09-17T23:29:16Z,,1,1,Determined upon crew arrival,New,OUTAGE,Single Customer,CAN,NORMAL,42.35669,-83.13208
SE25091701007,2025-09-17T23:37:21Z,2025-09-17T23:37:21Z,1,2025-09-17T22:19:03Z,,1,1,Determined upon crew arrival,New,OUTAGE,Single Customer,CAN,NORMAL,42.43413,-82.96917
SW25091701002,2025-09-17T23:37:21Z,2025-09-17T23:50:55Z,2,2025-09-17T22:06:26Z,2025-09-18T23:15:00Z,1,1,Determined upon crew arrival,PC3 Verifi,OUTAGE,Single Customer,ANN,NORMAL,42.31489,-83.82023
NW25091701024,2025-09-18T01:24:05Z,2025-09-18T12:39:34Z,27,2025-09-17T22:50:47Z,2025-09-19T00:10:00Z,1,1,Problem with the customer equip,In Progres,OUTAGE,Single Customer,PON,NORMAL,42.68011,-83.21362
SE25091701016,2025-09-18T01:24:05Z,2025-09-18T04:52:50Z,7,2025-09-17T23:31:32Z,2025-09-18T23:45:00Z,1,1,Determined upon crew arrival,In Progres,OUTAGE,Single Customer,RFD,NORMAL,42.46235,-83.29083
SE25091701035,2025-09-18T01:24:05Z,2025-09-18T01:24:05Z,1,2025-09-17T17:05:31Z,2025-09-19T00:45:00Z,1,1,Determined upon crew arrival,New,OUTAGE,Single Customer,CAN,NORMAL,42.43954,-82.96427
SE25091701043,2025-09-18T01:24:05Z,2025-09-18T04:42:07Z,6,2025-09-18T01:05:01Z,2025-09-19T01:10:00Z,1,1,Equipment problem,In Progres,OUTAGE,Single Customer,RFD,NORMAL,42.52053,-83.14095
NW25091701115,2025-09-18T02:43:05Z,2025-09-19T01:26:32Z,59,2025-09-18T02:13:45Z,2025-09-19T02:45:00Z,5,2,Determined upon crew arrival,In Progres,OUTAGE,Device (II),HWL,NORMAL,42.54458,-84.15843
SE25091701064,2025-09-18T02:43:05Z,2025-09-18T05:18:16Z,7,2025-09-18T01:18:09Z,2025-09-18T05:55:00Z,926,926,Equipment problem,In Progres,OUTAGE,Device (II),CAN,NORMAL,42.34407,-83.073
SE25091701084,2025-09-18T02:43:05Z,2025-09-18T05:51:23Z,9,2025-09-18T01:38:11Z,2025-09-19T01:40:00Z,1,1,Determined upon crew arrival,New,SERVICE DOWN NO,,CAN,NORMAL,42.34437,-83.07115
SE25091701092,2025-09-18T02:43:05Z,2025-09-18T02:43:05Z,1,2025-09-18T01:43:59Z,2025-09-19T01:45:00Z,1,1,Determined upon crew arrival,In Progres,OUTAGE,Single Customer,RFD,NORMAL,42.39381,-83.20755
NW25091701139,2025-09-18T03:21:09Z,2025-09-18T03:47:29Z,2,2025-09-18T03:00:26Z,2025-09-18T07:30:00Z,450,450,Determined upon crew arrival,In Progres,OUTAGE,Circuit Level,PON,NORMAL,42.71039,-83.26283
NW25091701140,2025-09-18T03:21:09Z,2025-09-18T03:47:29Z,2,2025-09-18T03:01:01Z,2025-09-18T07:30:00Z,11,11,Determined upon crew arrival,In Progres,OUTAGE,Circuit Level,PON,NORMAL,42.70864,-83.26327
NW25091701142,2025-09-18T03:21:09Z,2025-09-18T03:47:29Z,2,2025-09-18T03:08:42Z,2025-09-19T03:10:00Z,1,1,Determined upon crew arrival,PC3 Verifi,OUTAGE,Single Customer,PON,NORMAL,42.71214,-83.24633
NW25091701145,2025-09-18T03:21:09Z,2025-09-18T04:23:46Z,3,2025-09-18T03:08:48Z,2025-09-18T07:40:00Z,1,1,Determined upon crew arrival,PC3 Verifi,PRIORITY,,PON,NORMAL,42.72341,-83.25273
NW25091701148,2025-09-18T03:21:09Z,2025-09-18T04:23:46Z,3,2025-09-18T03:12:19Z,2025-09-18T07:40:00Z,1,1,Determined upon crew arrival,PC3 Verifi,PRIORITY,,PON,NORMAL,42.7066,-83.25513
NW25091701149,2025-09-18T03:21:09Z,2025-09-18T04:23:46Z,3,2025-09-18T03:14:14Z,2025-09-18T07:45:00Z,1,1,Determined upon crew arrival,PC3 Verifi,PRIORITY,,PON,NORMAL,42.71035,-83.268
SE25091701136,2025-09-18T03:21:09Z,2025-09-18T05:18:16Z,6,2025-09-18T02:53:00Z,2025-09-18T07:25:00Z,194,194,Determined upon crew arrival,In Progres,OUTAGE,Circuit Level,CAN,NORMAL,42.34675,-83.07157
SE25091701143,2025-09-18T03:21:09Z,2025-09-18T06:29:06Z,9,2025-09-18T03:06:55Z,2025-09-18T07:40:00Z,92,92,Determined upon crew arrival,In Progres,OUTAGE,Device (I),CAN,NORMAL,42.34842,-83.07285
SE25091701147,2025-09-18T03:21:09Z,2025-09-18T03:47:29Z,2,2025-09-18T03:06:57Z,2025-09-18T07:40:00Z,16,16,Determined upon crew arrival,PC3 Verifi,OUTAGE,Service Transformer,CAN,NORMAL,42.34532,-83.07222
NA25091701157,2025-09-18T03:47:29Z,2025-09-18T03:47:29Z,1,2025-09-18T03:06:57Z,2025-09-18T07:55:00Z,2,2,Determined upon crew arrival,Pending,OUTAGE,Service Secondary,TNA_S,NORMAL,42.34389,-83.07357
NW25091701150,2025-09-18T03:47:29Z,2025-09-18T04:23:46Z,2,2025-09-18T03:15:13Z,2025-09-18T07:45:00Z,1,1,Determined upon crew arrival,PC3 Verifi,PRIORITY,,PON,NORMAL,42.72411,-83.24786
NW25091701151,2025-09-18T03:47:29Z,2025-09-18T04:23:46Z,2,2025-09-18T03:15:34Z,2025-09-18T07:45:00Z,1,1,Determined upon crew arrival,PC3 Verifi,PRIORITY,,PON,NORMAL,42.70149,-83.25906
NW25091701153,2025-09-18T03:47:29Z,2025-09-18T03:47:29Z,1,2025-09-18T03:15:31Z,2025-09-19T03:15:00Z,1,1,Determined upon crew arrival,PC3 Verifi,OUTAGE,Single Customer,PON,NORMAL,42.71812,-83.27843
NW25091701161,2025-09-18T03:47:29Z,2025-09-18T04:23:46Z,2,2025-09-18T03:25:32Z,2025-09-18T07:55:00Z,1,1,Determined upon crew arrival,PC3 Verifi,PRIORITY,,PON,NORMAL,42.70676,-83.27662
NW25091701165,2025-09-18T04:23:46Z,2025-09-18T04:23:46Z,1,2025-09-18T03:39:28Z,2025-09-18T08:10:00Z,1,1,Determined upon crew arrival,PC3 Verifi,PRIORITY,,PON,NORMAL,42.70727,-83.25381
NW25091701181,2025-09-18T04:23:46Z,2025-09-18T04:23:46Z,1,2025-09-18T04:07:21Z,2025-09-18T08:35:00Z,1,1,Determined upon crew arrival,PC3 Verifi,PRIORITY,,PON,NORMAL,42.70547,-83.2768
SE25091701182,2025-09-18T04:42:07Z,2025-09-18T05:39:29Z,4,2025-09-18T04:25:41Z,2025-09-18T08:55:00Z,171,171,Determined upon crew arrival,In Progres,OUTAGE,Service Transformer,CAN,NORMAL,42.34335,-83.05794
SE25091701183,2025-09-18T04:42:07Z,2025-09-18T05:18:16Z,3,2025-09-18T04:26:37Z,2025-09-18T08:55:00Z,984,984,Determined upon crew arrival,In Progres,OUTAGE,Circuit Level,CAN,NORMAL,42.34978,-83.06975
SE25091701184,2025-09-18T04:42:07Z,2025-09-18T04:42:07Z,1,2025-09-18T04:26:41Z,2025-09-19T04:25:00Z,2,2,Determined upon crew arrival,New,OUTAGE,Service Secondary,CAN,NORMAL,42.34815,-83.06909
SE25091701185,2025-09-18T04:42:07Z,2025-09-18T04:42:07Z,1,2025-09-18T04:27:06Z,,60,60,Determined upon crew arrival,New,OUTAGE,Device (I),CAN,NORMAL,42.34253,-83.06589
SE25091701186,2025-09-18T04:42:07Z,2025-09-18T04:42:07Z,1,2025-09-18T04:27:36Z,,48,48,Determined upon crew arrival,New,OUTAGE,Device (I),CAN,NORMAL,42.3411,-83.06568
SE25091701187,2025-09-18T04:42:07Z,2025-09-18T04:42:07Z,1,2025-09-18T04:27:36Z,,60,60,Determined upon crew arrival,New,OUTAGE,Service Transformer,CAN,NORMAL,42.34641,-83.06703
SE25091701188,2025-09-18T04:42:07Z,2025-09-18T04:42:07Z,1,2025-09-18T04:27:39Z,,1,1,Determined upon crew arrival,New,OUTAGE,Single Customer,CAN,NORMAL,42.3448,-83.06515
SE25091701189,2025-09-18T04:42:07Z,2025-09-18T04:42:07Z,1,2025-09-18T04:27:52Z,,1,1,Determined upon crew arrival,New,OUTAGE,Single Customer,CAN,NORMAL,42.34546,-83.06858
SE25091701190,2025-09-18T04:42:07Z,2025-09-18T04:42:07Z,1,2025-09-18T04:27:53Z,,2,2,Determined upon crew arrival,New,OUTAGE,Service Secondary,CAN,NORMAL,42.34791,-83.06762
SE25091701191,2025-09-18T04:42:07Z,2025-09-18T04:42:07Z,1,2025-09-18T04:27:55Z,,1,1,Determined upon crew arrival,New,OUTAGE,Single Customer,CAN,NORMAL,42.34041,-83.06417
SE25091701192,2025-09-18T04:42:07Z,2025-09-18T04:42:07Z,1,2025-09-18T04:28:16Z,,2,2,Determined upon crew arrival,New,OUTAGE,Service Secondary,CAN,NORMAL,42.34738,-83.06759
SE25091701193,2025-09-18T04:42:07Z,2025-09-18T04:42:07Z,1,2025-09-18T04:28:36Z,,1,1,Determined upon crew arrival,New,OUTAGE,Single Customer,CAN,NORMAL,42.35066,-83.06947
SE25091701194,2025-09-18T04:42:07Z,2025-09-18T04:42:07Z,1,2025-09-18T04:29:12Z,,1,1,Determined upon crew arrival,New,OUTAGE,Single Customer,CAN,NORMAL,42.34698,-83.06736
SE25091701195,2025-09-18T04:42:07Z,2025-09-18T04:42:07Z,1,2025-09-18T04:29:19Z,,1,1,Determined upon crew arrival,New,OUTAGE,Single Customer,CAN,NORMAL,42.34792,-83.06788
SE25091701196,2025-09-18T04:42:07Z,2025-09-18T04:42:07Z,1,2025-09-18T04:29:50Z,,1,1,Determined upon crew arrival,New,OUTAGE,Single Customer,CAN,NORMAL,42.34976,-83.0701
SE25091701197,2025-09-18T04:52:50Z,2025-09-18T06:50:04Z,6,2025-09-18T04:37:20Z,2025-09-18T09:05:00Z,1,1,Determined upon crew arrival,PC3 Verifi,PRIORITY,,CAN,NORMAL,42.34468,-83.06595
SE25091701200,2025-09-18T05:18:16Z,2025-09-18T07:18:59Z,6,2025-09-18T04:53:36Z,2025-09-18T09:25:00Z,1,1,Equipment problem,PC3 Verifi,PRIORITY,,CAN,NORMAL,42.33723,-83.06284
SE25091701201,2025-09-18T05:18:16Z,2025-09-18T09:20:48Z,11,2025-09-18T04:53:55Z,2025-09-19T04:55:00Z,1,1,Determined upon crew arrival,In Progres,OUTAGE,Single Customer,RFD,NORMAL,42.37545,-83.19265
SE25091800005,2025-09-18T05:51:23Z,2025-09-18T09:40:20Z,10,2025-09-18T05:36:35Z,2025-09-19T05:35:00Z,1,1,Determined upon crew arrival,PC3 Verifi,OUTAGE,Single Customer,CAN,NORMAL,42.34268,-83.07089
SE25091800006,2025-09-18T06:29:06Z,2025-09-18T06:50:04Z,2,2025-09-18T03:06:57Z,2025-09-19T05:50:00Z,1,1,Determined upon crew arrival,PC3 Verifi,OUTAGE,Single Customer,CAN,NORMAL,42.34376,-83.0688
SE25091800007,2025-09-18T06:29:06Z,2025-09-18T09:40:20Z,9,2025-09-18T05:55:33Z,2025-09-18T10:25:00Z,2,2,Determined upon crew arrival,PC3 Verifi,OUTAGE,Service Secondary,CAN,NORMAL,42.34444,-83.07069
SE25091800010,2025-09-18T06:29:06Z,2025-09-18T09:40:20Z,9,2025-09-18T01:29:03Z,2025-09-19T06:15:00Z,1,1,Determined upon crew arrival,PC3 Verifi,OUTAGE,Single Customer,CAN,NORMAL,42.3451,-83.0713
NW25091800012,2025-09-18T06:50:04Z,2025-09-18T07:18:59Z,2,2025-09-18T03:29:11Z,2025-09-18T10:45:00Z,1,1,Determined upon crew arrival,PC3 Verifi,OUTAGE,Single Customer,HWL,NORMAL,42.54611,-84.15992
SE25091800011,2025-09-18T06:50:04Z,2025-09-18T06:50:04Z,1,2025-09-18T01:38:11Z,2025-09-19T06:25:00Z,1,1,Determined upon crew arrival,PC3 Verifi,OUTAGE,Single Customer,CAN,NORMAL,42.34437,-83.07115
NE25091800016,2025-09-18T07:37:47Z,2025-09-18T07:37:47Z,1,2025-09-18T07:09:42Z,2025-09-18T11:55:00Z,6,6,Determined upon crew arrival,New,OUTAGE,Service Transformer,NAE,NORMAL,43.79591,-82.99803
SE25091800014,2025-09-18T07:37:47Z,2025-09-18T07:37:47Z,1,2025-09-18T01:56:52Z,2025-09-19T07:20:00Z,1,1,Determined upon crew arrival,New,OUTAGE,Single Customer,CAN,NORMAL,42.34464,-83.06987
NW25091800018,2025-09-18T08:25:47Z,2025-09-18T08:46:17Z,2,2025-09-18T07:51:52Z,2025-09-19T07:50:00Z,1,1,Determined upon crew arrival,New,OUTAGE,Single Customer,PON,NORMAL,42.67797,-83.36644
NE25091800024,2025-09-18T09:20:48Z,2025-09-18T09:40:20Z,2,2025-09-18T08:44:46Z,2025-09-18T13:15:00Z,1,1,Determined upon crew arrival,New,PRIORITY,,MTC,NORMAL,42.47826,-83.02605
NE25091800028,2025-09-18T10:19:57Z,2025-09-18T11:51:00Z,6,2025-09-18T09:33:21Z,2025-09-18T14:20:00Z,3,3,Equipment problem,In Progres,OUTAGE,Service Transformer,LAP,NORMAL,43.21029,-83.0766
SW25091800030,2025-09-18T10:19:57Z,2025-09-18T13:16:14Z,8,2025-09-18T09:59:10Z,2025-09-19T10:00:00Z,1,1,Determined upon crew arrival,In Progres,OUTAGE,Single Customer,WWS,NORMAL,42.42849,-83.47229
SW25091800031,2025-09-18T10:41:22Z,2025-09-18T14:42:27Z,11,2025-09-18T10:23:03Z,2025-09-19T10:25:00Z,1,1,Equipment problem,In Progres,OUTAGE,Single Customer,NPT,NORMAL,42.08757,-83.25485
SE25091800032,2025-09-18T10:52:25Z,2025-09-18T13:16:14Z,6,2025-09-18T03:06:56Z,2025-09-18T15:05:00Z,92,92,Problem with the customer equip,In Progres,OUTAGE,Service Transformer,CAN,NORMAL,42.34444,-83.07069
SW25091800036,2025-09-18T11:37:49Z,2025-09-18T15:51:09Z,12,2025-09-18T11:19:16Z,2025-09-18T15:50:00Z,2,2,Equipment problem,In Progres,OUTAGE,Service Secondary,ANN,NORMAL,42.2896,-83.68487
SW25091800042,2025-09-18T11:51:00Z,2025-09-18T16:24:01Z,12,2025-09-18T11:43:53Z,2025-09-19T11:45:00Z,1,1,Determined upon crew arrival,In Progres,OUTAGE,Single Customer,WWS,NORMAL,42.34736,-83.4778
NE25091800049,2025-09-18T12:39:34Z,2025-09-18T13:16:14Z,2,2025-09-18T12:02:33Z,2025-09-18T16:35:00Z,271,271,Animal/bird damaged DTE equip,In Progres,OUTAGE,Device (II),MAR,NORMAL,43.01438,-82.92616
NW25091800045,2025-09-18T12:39:34Z,2025-09-18T12:39:34Z,1,2025-09-18T11:55:48Z,2025-09-18T16:30:00Z,25,25,Equipment problem,In Progres,OUTAGE,Service Transformer,PON,NORMAL,42.65016,-83.27502
NW25091800051,2025-09-18T12:39:34Z,2025-09-18T13:16:14Z,2,2025-09-18T00:52:21Z,2025-09-19T12:05:00Z,1,1,Equipment problem,In Progres,OUTAGE,Single Customer,HWL,NORMAL,42.59711,-83.56357
NW25091800062,2025-09-18T12:39:34Z,2025-09-18T14:53:24Z,7,2025-09-18T12:16:30Z,2025-09-19T12:15:00Z,1,1,Animal/bird damaged DTE equip,In Progres,OUTAGE,Single Customer,SBY,NORMAL,42.75393,-83.05542
NW25091800078,2025-09-18T12:39:34Z,2025-09-18T12:39:34Z,1,2025-09-18T12:13:28Z,,2,2,Determined upon crew arrival,New,OUTAGE,Service Transformer,PON,NORMAL,42.86627,-83.34831
SW25091800054,2025-09-18T12:39:34Z,2025-09-18T17:18:02Z,14,2025-09-18T12:09:04Z,2025-09-19T12:10:00Z,1,1,Determined upon crew arrival,In Progres,OUTAGE,Single Customer,WWS,NORMAL,42.34503,-83.48526
SW25091800065,2025-09-18T12:39:34Z,2025-09-18T14:19:33Z,5,2025-09-18T12:20:22Z,2025-09-19T12:20:00Z,1,1,Determined upon crew arrival,In Progres,OUTAGE,Single Customer,WWS,NORMAL,42.44476,-83.51934
SW25091800069,2025-09-18T12:39:34Z,2025-09-18T13:16:14Z,2,2025-09-18T12:22:46Z,2025-09-19T12:25:00Z,1,1,Determined upon crew arrival,PC3 Verifi,OUTAGE,Single Customer,ANN,NORMAL,42.22428,-83.58942
SW25091800072,2025-09-18T12:39:34Z,2025-09-18T14:42:27Z,6,2025-09-18T12:23:57Z,2025-09-18T16:55:00Z,58,58,Determined upon crew arrival,In Progres,OUTAGE,Device (I),WWS,NORMAL,42.47748,-83.4883
SW25091800077,2025-09-18T12:39:34Z,2025-09-18T15:51:09Z,10,2025-09-18T12:29:20Z,2025-09-19T12:30:00Z,1,1,Determined upon crew arrival,In Progres,OUTAGE,Single Customer,WWS,NORMAL,42.50367,-83.43438
NE25091800087,2025-09-18T13:16:14Z,2025-09-18T17:18:02Z,13,2025-09-18T12:41:08Z,2025-09-19T12:40:00Z,1,1,Equipment problem,In Progres,OUTAGE,Single Customer,LAP,NORMAL,43.23557,-83.32959
NE25091800093,2025-09-18T13:16:14Z,2025-09-18T14:19:33Z,4,2025-09-18T12:50:54Z,2025-09-19T12:50:00Z,1,1,Determined upon crew arrival,In Progres,OUTAGE,Single Customer,MTC,NORMAL,42.55521,-82.90591
NW25091800080,2025-09-18T13:16:14Z,2025-09-18T13:16:14Z,1,2025-09-18T12:30:17Z,2025-09-18T17:00:00Z,3,3,Determined upon crew arrival,Pending,OUTAGE,Service Transformer,PON,NORMAL,42.73105,-83.46774
NW25091800086,2025-09-18T13:16:14Z,2025-09-18T13:16:14Z,1,2025-09-18T12:39:37Z,2025-09-18T17:10:00Z,2,2,Determined upon crew arrival,In Progres,OUTAGE,Service Transformer,PON,NORMAL,42.65966,-83.30063
NW25091800097,2025-09-18T13:16:14Z,2025-09-18T13:54:37Z,3,2025-09-18T12:49:19Z,2025-09-18T17:25:00Z,33,33,Determined upon crew arrival,In Progres,OUTAGE,Service Transformer,SBY,NORMAL,42.62699,-83.06831
NW25091800103,2025-09-18T13:16:14Z,2025-09-18T13:16:14Z,1,2025-09-18T12:56:41Z,2025-09-18T17:25:00Z,1693,1693,Determined upon crew arrival,New,OUTAGE,Subtransmission,PON,NORMAL,42.54118,-83.21649
SE25091800085,2025-09-18T13:16:14Z,2025-09-18T14:53:24Z,6,2025-09-18T12:37:42Z,2025-09-18T17:10:00Z,6,6,Determined upon crew arrival,In Progres,OUTAGE,Service Transformer,CAN,NORMAL,42.40598,-83.11842
SE25091800100,2025-09-18T13:16:14Z,2025-09-18T14:42:27Z,5,2025-09-18T12:40:25Z,2025-09-18T17:25:00Z,19,19,Determined upon crew arrival,In Progres,OUTAGE,Service Transformer,RFD,NORMAL,42.34814,-83.25602
SE25091800101,2025-09-18T13:16:14Z,2025-09-18T14:42:27Z,5,2025-09-18T12:40:30Z,2025-09-18T17:25:00Z,17,17,Determined upon crew arrival,In Progres,OUTAGE,Service Transformer,RFD,NORMAL,42.3471,-83.25591
SE25091800106,2025-09-18T13:16:14Z,2025-09-18T14:19:33Z,4,2025-09-18T12:57:41Z,2025-09-19T13:00:00Z,1,1,Determined upon crew arrival,In Progres,OUTAGE,Service Secondary,CAN,NORMAL,42.41713,-83.05309
SW25091800098,2025-09-18T13:16:14Z,2025-09-18T20:21:12Z,21,2025-09-18T12:55:20Z,2025-09-19T12:55:00Z,1,1,Equipment problem,In Progres,OUTAGE,Single Customer,NPT,NORMAL,42.0762,-83.72102
SW25091800099,2025-09-18T13:16:14Z,2025-09-18T15:40:08Z,8,2025-09-18T12:55:33Z,2025-09-19T12:55:00Z,1,1,Determined upon crew arrival,In Progres,OUTAGE,Service Transformer,NPT,NORMAL,42.10259,-83.28991
NE25091800132,2025-09-18T13:43:14Z,2025-09-18T15:20:50Z,6,2025-09-18T13:15:22Z,2025-09-19T13:15:00Z,1,1,Determined upon crew arrival,In Progres,OUTAGE,Single Customer,MTC,NORMAL,42.5512,-82.91273
NE25091800138,2025-09-18T13:43:14Z,2025-09-18T14:19:33Z,3,2025-09-18T13:12:37Z,2025-09-18T17:50:00Z,12,12,Determined upon crew arrival,In Progres,OUTAGE,Service Transformer,MTC,NORMAL,42.50487,-82.99572
NW25091800113,2025-09-18T13:43:14Z,2025-09-18T14:42:27Z,4,2025-09-18T13:03:57Z,2025-09-18T17:35:00Z,19,19,Determined upon crew arrival,In Progres,OUTAGE,Device (I),SBY,NORMAL,42.5575,-82.97544
NW25091800119,2025-09-18T13:43:14Z,2025-09-18T15:51:09Z,8,2025-09-18T13:07:54Z,2025-09-18T17:40:00Z,33,33,Determined upon crew arrival,In Progres,OUTAGE,Device (I),PON,NORMAL,42.55054,-83.28301
NW25091800152,2025-09-18T13:43:14Z,2025-09-18T17:51:29Z,14,2025-09-18T13:29:43Z,2025-09-19T13:30:00Z,1,1,Equipment problem,In Progres,OUTAGE,Single Customer,PON,NORMAL,42.54627,-83.21682
SE25091800125,2025-09-18T13:43:14Z,2025-09-18T17:51:29Z,14,2025-09-18T13:13:17Z,2025-09-19T13:15:00Z,1,1,Determined upon crew arrival,In Progres,OUTAGE,Service Secondary,RFD,NORMAL,42.46871,-83.14687
SE25091800135,2025-09-18T13:43:14Z,2025-09-18T14:19:33Z,3,2025-09-18T13:00:28Z,2025-09-18T17:45:00Z,10,10,Determined upon crew arrival,In Progres,OUTAGE,Service Transformer,CAN,NORMAL,42.41713,-83.05309
SE25091800151,2025-09-18T13:43:14Z,2025-09-18T14:19:33Z,3,2025-09-18T13:28:57Z,2025-09-19T13:30:00Z,1,1,Determined upon crew arrival,In Progres,OUTAGE,Single Customer,CAN,NORMAL,42.38982,-83.13714
SW25091800126,2025-09-18T13:43:14Z,2025-09-18T14:19:33Z,3,2025-09-18T13:13:42Z,2025-09-19T13:15:00Z,1,1,Determined upon crew arrival,In Progres,OUTAGE,Single Customer,WWS,NORMAL,42.19163,-83.33926
SW25091800130,2025-09-18T13:43:14Z,2025-09-18T16:24:01Z,9,2025-09-18T13:14:59Z,2025-09-19T13:15:00Z,1,1,Determined upon crew arrival,In Progres,OUTAGE,Single Customer,WWS,NORMAL,42.50208,-83.41201
SW25091800133,2025-09-18T13:43:14Z,2025-09-18T14:53:24Z,5,2025-09-18T13:15:32Z,2025-09-19T13:15:00Z,1,1,Determined upon crew arrival,PC3 Verifi,OUTAGE,Single Customer,WWS,NORMAL,42.19217,-83.31115
SW25091800148,2025-09-18T13:43:14Z,2025-09-18T13:43:14Z,1,2025-09-18T13:12:01Z,,1,1,Determined upon crew arrival,New,OUTAGE,Single Customer,NPT,NORMAL,42.04009,-83.36293
SW25091800149,2025-09-18T13:43:14Z,2025-09-18T17:51:29Z,14,2025-09-17T18:00:52Z,2025-09-19T13:30:00Z,1,1,Determined upon crew arrival,In Progres,SERVICE DOWN NO,,NPT,NORMAL,41.90949,-83.57264
SW25091800150,2025-09-18T13:43:14Z,2025-09-18T15:40:08Z,7,2025-09-18T13:28:20Z,2025-09-18T18:00:00Z,11,11,Determined upon crew arrival,In Progres,OUTAGE,Service Transformer,WWS,NORMAL,42.43123,-83.36018
NE25091800156,2025-09-18T13:54:37Z,2025-09-18T14:53:24Z,4,2025-09-18T13:33:48Z,2025-09-19T13:35:00Z,1,1,Determined upon crew arrival,In Progres,OUTAGE,Single Customer,MTC,NORMAL,42.48141,-83.01516
NE25091800161,2025-09-18T13:54:37Z,2025-09-18T14:53:24Z,4,2025-09-18T13:38:06Z,2025-09-19T13:40:00Z,1,1,Determined upon crew arrival,In Progres,OUTAGE,Single Customer,MTC,NORMAL,42.81253,-82.75866
NW25091800157,2025-09-18T13:54:37Z,2025-09-18T15:51:09Z,7,2025-09-18T13:36:49Z,2025-09-19T13:35:00Z,1,1,Determined upon crew arrival,In Progres,OUTAGE,Single Customer,PON,NORMAL,42.67203,-83.27099
SE25091800158,2025-09-18T13:54:37Z,2025-09-18T14:53:24Z,4,2025-09-18T13:20:48Z,2025-09-18T18:05:00Z,5,5,Determined upon crew arrival,In Progres,OUTAGE,Service Transformer,RFD,NORMAL,42.46871,-83.14687
SW25091800164,2025-09-18T13:54:37Z,2025-09-18T13:54:37Z,1,2025-09-18T13:40:32Z,2025-09-18T18:10:00Z,14,14,Determined upon crew arrival,In Progres,OUTAGE,Service Transformer,WWS,NORMAL,42.3526,-83.32013
SW25091800166,2025-09-18T13:54:37Z,2025-09-18T16:24:01Z,8,2025-09-18T13:40:18Z,2025-09-18T18:10:00Z,34,34,Equipment problem,In Progres,OUTAGE,Device (I),WWS,NORMAL,42.33789,-83.50317
NE25091800171,2025-09-18T14:19:33Z,2025-09-18T17:51:29Z,12,2025-09-18T13:46:27Z,2025-09-19T13:45:00Z,1,1,Animal/bird damaged DTE equip,In Progres,OUTAGE,Single Customer,MAR,NORMAL,42.74047,-82.63045
NE25091800174,2025-09-18T14:19:33Z,2025-09-18T14:42:27Z,2,2025-09-18T13:52:40Z,2025-09-19T13:55:00Z,1,1,Determined upon crew arrival,In Progres,OUTAGE,Single Customer,LAP,NORMAL,43.17524,-83.32234
NW25091800183,2025-09-18T14:19:33Z,2025-09-18T16:24:01Z,7,2025-09-18T13:59:56Z,2025-09-19T14:00:00Z,1,1,Animal/bird damaged DTE equip,In Progres,OUTAGE,Single Customer,PON,NORMAL,42.54138,-83.12568
SE25091800176,2025-09-18T14:19:33Z,2025-09-18T14:53:24Z,3,2025-09-18T13:56:06Z,2025-09-18T18:25:00Z,1,1,Determined upon crew arrival,In Progres,PRIORITY,,TBY_S,NORMAL,42.24311,-83.15512
SW25091800182,2025-09-18T14:19:33Z,2025-09-18T14:19:33Z,1,2025-09-18T13:59:50Z,,1,1,Determined upon crew arrival,New,OUTAGE,Single Customer,ANN,NORMAL,42.25015,-83.64031
NE25091800186,2025-09-18T14:42:27Z,2025-09-18T15:20:50Z,3,2025-09-18T14:02:04Z,2025-09-19T14:00:00Z,1,1,Determined upon crew arrival,In Progres,OUTAGE,Service Transformer,MAR,NORMAL,43.131,-82.67928
NE25091800202,2025-09-18T14:42:27Z,2025-09-18T16:24:01Z,6,2025-09-18T14:07:38Z,2025-09-18T18:40:00Z,11,11,Determined upon crew arrival,In Progres,OUTAGE,Service Transformer,NAE,NORMAL,43.49288,-83.39903
NE25091800213,2025-09-18T14:42:27Z,2025-09-18T14:53:24Z,2,2025-09-18T14:19:47Z,2025-09-19T14:20:00Z,1,1,Determined upon crew arrival,In Progres,OUTAGE,Single Customer,MAR,NORMAL,43.15444,-82.66691
NE25091800218,2025-09-18T14:42:27Z,2025-09-18T19:16:02Z,14,2025-09-18T07:09:42Z,2025-09-18T22:50:00Z,6,6,Equipment problem,In Progres,OUTAGE,Service Transformer,NAE,NORMAL,43.79591,-82.99803
NW25091800215,2025-09-18T14:42:27Z,2025-09-18T17:18:02Z,9,2025-09-18T14:14:46Z,2025-09-18T18:50:00Z,5,5,Equipment problem,In Progres,OUTAGE,Service Transformer,PON,NORMAL,42.65737,-83.45656
NW25091800217,2025-09-18T14:42:27Z,2025-09-18T15:51:09Z,5,2025-09-18T14:20:36Z,2025-09-19T14:20:00Z,1,1,Determined upon crew arrival,In Progres,OUTAGE,Single Customer,PON,NORMAL,42.6597,-83.30162
SE25091800190,2025-09-18T14:42:27Z,2025-09-18T17:18:02Z,9,2025-09-18T14:03:11Z,2025-09-19T14:05:00Z,1,1,Determined upon crew arrival,In Progres,OUTAGE,Single Customer,CAN,NORMAL,42.43275,-83.05269
SE25091800193,2025-09-18T14:42:27Z,2025-09-18T15:20:50Z,3,2025-09-18T14:03:49Z,2025-09-19T14:05:00Z,1,1,Determined upon crew arrival,In Progres,OUTAGE,Service Secondary,CAN,NORMAL,42.38901,-83.13431
SE25091800211,2025-09-18T14:42:27Z,2025-09-18T18:28:59Z,12,2025-09-18T14:17:37Z,2025-09-19T14:20:00Z,1,1,Determined upon crew arrival,In Progres,OUTAGE,Single Customer,CAN,NORMAL,42.35505,-83.02536
SE25091800220,2025-09-18T14:42:27Z,2025-09-18T17:40:10Z,10,2025-09-18T14:21:42Z,2025-09-18T18:50:00Z,1,1,Determined upon crew arrival,In Progres,PRIORITY,,RFD,NORMAL,42.48753,-83.29065
SW25091800196,2025-09-18T14:42:27Z,2025-09-18T15:20:50Z,3,2025-09-18T14:06:46Z,2025-09-18T18:35:00Z,2,2,Determined upon crew arrival,In Progres,OUTAGE,Service Secondary,WWS,NORMAL,42.43019,-83.31811
SW25091800200,2025-09-18T14:42:27Z,2025-09-18T16:44:44Z,7,2025-09-18T14:06:00Z,2025-09-18T18:40:00Z,9,9,Determined upon crew arrival,In Progres,OUTAGE,Service Transformer,WWS,NORMAL,42.43405,-83.33127
SW25091800208,2025-09-18T14:42:27Z,2025-09-18T15:20:50Z,3,2025-09-18T14:11:57Z,2025-09-18T18:45:00Z,14,14,Determined upon crew arrival,In Progres,OUTAGE,Service Transformer,WWS,NORMAL,42.35769,-83.32105
SW25091800214,2025-09-18T14:42:27Z,2025-09-18T14:53:24Z,2,2025-09-18T12:22:46Z,2025-09-19T14:20:00Z,1,1,Determined upon crew arrival,In Progres,OUTAGE,Single Customer,ANN,NORMAL,42.22428,-83.58942
SW25091800226,2025-09-18T14:42:27Z,2025-09-18T15:20:50Z,3,2025-09-18T14:27:06Z,2025-09-18T19:00:00Z,12,12,Determined upon crew arrival,In Progres,OUTAGE,Service Transformer,ANN,NORMAL,42.25192,-83.56664
NE25091800235,2025-09-18T14:53:24Z,2025-09-18T16:24:01Z,5,2025-09-18T14:30:12Z,2025-09-18T19:05:00Z,2,2,Determined upon crew arrival,In Progres,OUTAGE,Service Transformer,MAR,NORMAL,42.76738,-82.67334
NE25091800239,2025-09-18T14:53:24Z,2025-09-18T15:51:09Z,4,2025-09-18T14:28:40Z,2025-09-19T14:35:00Z,1,1,Determined upon crew arrival,In Progres,OUTAGE,Single Customer,LAP,NORMAL,43.05577,-83.0733
NE25091800246,2025-09-18T14:53:24Z,2025-09-18T14:53:24Z,1,2025-09-18T14:41:15Z,2025-09-19T14:40:00Z,1,1,Determined upon crew arrival,In Progres,OUTAGE,Single Customer,LAP,NORMAL,43.18822,-83.29208
NE25091800247,2025-09-18T14:53:24Z,2025-09-18T15:40:08Z,3,2025-09-18T14:40:25Z,2025-09-18T19:10:00Z,15,15,Determined upon crew arrival,In Progres,OUTAGE,Service Transformer,LAP,NORMAL,43.05268,-83.32759
NW25091800233,2025-09-18T14:53:24Z,2025-09-18T16:44:44Z,6,2025-09-18T14:35:24Z,2025-09-19T14:35:00Z,1,1,Determined upon crew arrival,In Progres,OUTAGE,Single Customer,SBY,NORMAL,42.74933,-83.16044
NW25091800242,2025-09-18T14:53:24Z,2025-09-18T20:21:12Z,16,2025-09-18T14:37:00Z,2025-09-18T23:10:00Z,7,7,Equipment problem,In Progres,OUTAGE,Device (I),PON,NORMAL,42.51879,-83.51314
SE25091800231,2025-09-18T14:53:24Z,2025-09-18T15:40:08Z,3,2025-09-18T14:30:54Z,2025-09-19T14:30:00Z,1,1,Determined upon crew arrival,In Progres,OUTAGE,Single Customer,CAN,NORMAL,42.42835,-83.0504
SE25091800241,2025-09-18T14:53:24Z,2025-09-18T14:53:24Z,1,2025-09-18T14:37:43Z,2025-09-19T14:40:00Z,1,1,Determined upon crew arrival,In Progres,OUTAGE,Single Customer,RFD,NORMAL,42.51179,-83.25072
SE25091800245,2025-09-18T14:53:24Z,2025-09-18T14:53:24Z,1,2025-09-18T14:40:38Z,2025-09-19T14:40:00Z,1,1,Determined upon crew arrival,In Progres,OUTAGE,Single Customer,RFD,NORMAL,42.5117,-83.25218
SW25091800230,2025-09-18T14:53:24Z,2025-09-18T14:53:24Z,1,2025-09-18T14:27:17Z,2025-09-18T19:00:00Z,14,14,Determined upon crew arrival,New,OUTAGE,Service Transformer,WWS,NORMAL,42.3526,-83.32013
SW25091800240,2025-09-18T14:53:24Z,2025-09-18T15:40:08Z,3,2025-09-18T14:37:29Z,2025-09-19T14:40:00Z,1,1,Determined upon crew arrival,In Progres,OUTAGE,Service Secondary,WWS,NORMAL,42.3114,-83.38465
SW25091800243,2025-09-18T14:53:24Z,2025-09-18T15:51:09Z,4,2025-09-18T14:40:00Z,2025-09-18T19:10:00Z,17,17,Determined upon crew arrival,In Progres,OUTAGE,Service Transformer,ANN,NORMAL,42.23391,-83.59364
SW25091800250,2025-09-18T14:53:24Z,2025-09-18T14:53:24Z,1,2025-09-18T14:27:18Z,,1,1,Determined upon crew arrival,New,OUTAGE,Single Customer,WWS,NORMAL,42.3524,-83.32232
SW25091800251,2025-09-18T14:53:24Z,2025-09-18T17:18:02Z,8,2025-09-18T14:44:20Z,2025-09-18T19:15:00Z,1872,1872,Equipment problem,In Progres,OUTAGE,Device (II),WWS,NORMAL,42.27706,-83.37324
SW25091800252,2025-09-18T14:53:24Z,2025-09-18T14:53:24Z,1,2025-09-18T14:44:52Z,,1,1,Determined upon crew arrival,New,OUTAGE,Single Customer,WWS,NORMAL,42.27501,-83.3772
SW25091800253,2025-09-18T14:53:24Z,2025-09-18T14:53:24Z,1,2025-09-18T14:45:01Z,,1,1,Determined upon crew arrival,New,OUTAGE,Single Customer,WWS,NORMAL,42.27515,-83.37461
NE25091800268,2025-09-18T15:20:50Z,2025-09-18T15:40:08Z,2,2025-09-18T14:50:23Z,2025-09-19T14:50:00Z,1,1,Determined upon crew arrival,In Progres,OUTAGE,Single Customer,LAP,NORMAL,43.18647,-83.30592
NW25091800276,2025-09-18T15:20:50Z,2025-09-18T15:51:09Z,3,2025-09-18T14:59:42Z,2025-09-18T19:30:00Z,20,20,Determined upon crew arrival,In Progres,OUTAGE,Service Transformer,PON,NORMAL,42.65953,-83.30913
NW25091800277,2025-09-18T15:20:50Z,2025-09-18T16:55:43Z,6,2025-09-18T15:02:15Z,2025-09-19T15:00:00Z,1,1,Determined upon crew arrival,In Progres,OUTAGE,Single Customer,HWL,NORMAL,42.65938,-83.72007
NW25091800291,2025-09-18T15:20:50Z,2025-09-18T15:51:09Z,3,2025-09-18T15:04:47Z,2025-09-19T15:10:00Z,1,1,Determined upon crew arrival,In Progres,OUTAGE,Single Customer,HWL,NORMAL,42.59119,-84.05432
SE25091800260,2025-09-18T15:20:50Z,2025-09-18T21:17:55Z,18,2025-09-18T14:47:12Z,2025-09-19T14:45:00Z,1,1,Equipment problem,In Progres,SERVICE DOWN NO,,RFD,NORMAL,42.47649,-83.26163
SW25091800275,2025-09-18T15:20:50Z,2025-09-18T15:20:50Z,1,2025-09-18T14:58:18Z,2025-09-19T15:00:00Z,1,1,Determined upon crew arrival,New,OUTAGE,Single Customer,WWS,NORMAL,42.27374,-83.37478
SW25091800282,2025-09-18T15:20:50Z,2025-09-18T15:20:50Z,1,2025-09-18T15:03:48Z,2025-09-18T19:35:00Z,10,10,Determined upon crew arrival,In Progres,OUTAGE,Service Transformer,WWS,NORMAL,42.21092,-83.24912
SW25091800287,2025-09-18T15:20:50Z,2025-09-18T17:51:29Z,9,2025-09-18T12:22:46Z,2025-09-19T15:10:00Z,1,1,Determined upon crew arrival,In Progres,SERVICE DOWN NO,,ANN,NORMAL,42.22428,-83.58942
SW25091800294,2025-09-18T15:20:50Z,2025-09-18T18:28:59Z,10,2025-09-18T15:14:38Z,2025-09-19T15:15:00Z,1,1,Determined upon crew arrival,In Progres,OUTAGE,Service Secondary,WWS,NORMAL,42.42478,-83.32286
NE25091800313,2025-09-18T15:40:08Z,2025-09-18T16:55:43Z,5,2025-09-18T15:24:38Z,2025-09-19T15:25:00Z,1,1,Determined upon crew arrival,In Progres,OUTAGE,Single Customer,MTC,NORMAL,42.48141,-83.01516
NE25091800320,2025-09-18T15:40:08Z,2025-09-18T17:51:29Z,8,2025-09-18T15:27:12Z,2025-09-18T19:55:00Z,12,12,Determined upon crew arrival,In Progres,OUTAGE,Service Transformer,NAE,NORMAL,43.41775,-82.82732
NE25091800322,2025-09-18T15:40:08Z,2025-09-18T17:51:29Z,8,2025-09-18T15:28:40Z,2025-09-19T15:30:00Z,1,1,Equipment problem,In Progres,OUTAGE,Single Customer,NAE,NORMAL,43.40937,-82.82998
NE25091800323,2025-09-18T15:40:08Z,2025-09-18T15:40:08Z,1,2025-09-18T15:12:51Z,,1,1,Determined upon crew arrival,New,OUTAGE,Single Customer,MAR,NORMAL,42.76449,-82.51756
NW25091800308,2025-09-18T15:40:08Z,2025-09-18T19:37:54Z,12,2025-09-18T15:22:22Z,2025-09-19T15:20:00Z,1,1,Equipment problem,In Progres,OUTAGE,Single Customer,PON,NORMAL,42.81514,-83.33709
NW25091800316,2025-09-18T15:40:08Z,2025-09-18T17:51:29Z,8,2025-09-18T15:25:28Z,2025-09-19T15:25:00Z,1,1,Determined upon crew arrival,In Progres,OUTAGE,Single Customer,HWL,NORMAL,42.6826,-83.86134
NW25091800321,2025-09-18T15:40:08Z,2025-09-18T19:51:21Z,13,2025-09-18T15:28:08Z,2025-09-19T15:30:00Z,1,1,Equipment problem,In Progres,OUTAGE,Single Customer,PON,NORMAL,42.676,-83.38846
SE25091800314,2025-09-18T15:40:08Z,2025-09-18T16:44:44Z,4,2025-09-18T15:24:52Z,2025-09-18T19:55:00Z,39,39,Determined upon crew arrival,In Progres,OUTAGE,Service Transformer,CAN,NORMAL,42.38622,-83.13694
SE25091800317,2025-09-18T15:40:08Z,2025-09-18T23:17:15Z,23,2025-09-18T15:25:40Z,2025-09-19T15:25:00Z,1,1,Determined upon crew arrival,In Progres,OUTAGE,Single Customer,CAN,NORMAL,42.3912,-83.05258
SE25091800318,2025-09-18T15:40:08Z,2025-09-18T16:24:01Z,3,2025-09-18T15:26:08Z,2025-09-19T15:25:00Z,1,1,Determined upon crew arrival,In Progres,OUTAGE,Single Customer,CAN,NORMAL,42.40182,-83.12654
SW25091800301,2025-09-18T15:40:08Z,2025-09-18T17:51:29Z,8,2025-09-18T15:18:33Z,2025-09-18T19:50:00Z,23,23,Determined upon crew arrival,In Progres,OUTAGE,Service Transformer,WWS,NORMAL,42.42478,-83.32286
SW25091800303,2025-09-18T15:40:08Z,2025-09-18T15:51:09Z,2,2025-09-18T15:20:50Z,2025-09-19T15:20:00Z,1,1,Determined upon crew arrival,In Progres,OUTAGE,Single Customer,ANN,NORMAL,42.31591,-83.73752
SW25091800309,2025-09-18T15:40:08Z,2025-09-18T17:18:02Z,6,2025-09-18T15:23:32Z,2025-09-19T15:25:00Z,1,1,Determined upon crew arrival,In Progres,OUTAGE,Service Secondary,ANN,NORMAL,42.25753,-83.58338
SW25091800325,2025-09-18T15:40:08Z,2025-09-18T17:40:10Z,7,2025-09-18T15:29:08Z,2025-09-19T15:30:00Z,1,1,Determined upon crew arrival,In Progres,OUTAGE,Single Customer,WWS,NORMAL,42.30834,-83.48961
NE25091800327,2025-09-18T15:51:09Z,2025-09-18T17:40:10Z,6,2025-09-18T15:31:05Z,2025-09-19T15:30:00Z,1,1,Determined upon crew arrival,In Progres,OUTAGE,Single Customer,MTC,NORMAL,42.55126,-82.90932
NE25091800337,2025-09-18T15:51:09Z,2025-09-18T17:51:29Z,7,2025-09-18T15:37:26Z,2025-09-18T20:10:00Z,2,2,Determined upon crew arrival,In Progres,OUTAGE,Device (II),LAP,NORMAL,42.8067,-83.24426
NE25091800345,2025-09-18T15:51:09Z,2025-09-18T16:24:01Z,2,2025-09-18T07:09:42Z,2025-09-18T20:10:00Z,1,1,Determined upon crew arrival,In Progres,PRIORITY,,NAE,NORMAL,43.79591,-82.99803
NW25091800347,2025-09-18T15:51:09Z,2025-09-18T19:51:21Z,12,2025-09-18T15:41:57Z,2025-09-19T15:40:00Z,1,1,Determined upon crew arrival,In Progres,OUTAGE,Single Customer,PON,NORMAL,42.66031,-83.30268
SE25091800351,2025-09-18T15:51:09Z,2025-09-18T17:18:02Z,5,2025-09-18T15:43:45Z,2025-09-19T15:45:00Z,1,1,Determined upon crew arrival,In Progres,OUTAGE,Single Customer,CAN,NORMAL,42.41713,-83.05309
SW25091800334,2025-09-18T15:51:09Z,2025-09-18T16:44:44Z,3,2025-09-18T15:03:48Z,2025-09-18T20:05:00Z,2,2,Determined upon crew arrival,In Progres,OUTAGE,Service Secondary,WWS,NORMAL,42.21092,-83.24912
SW25091800346,2025-09-18T15:51:09Z,2025-09-18T17:40:10Z,6,2025-09-18T15:41:14Z,2025-09-18T20:10:00Z,4,4,Determined upon crew arrival,In Progres,OUTAGE,Service Transformer,WWS,NORMAL,42.319,-83.38957
NE25091800379,2025-09-18T16:24:01Z,2025-09-18T19:37:54Z,10,2025-09-18T16:02:09Z,2025-09-19T16:05:00Z,1,1,Equipment problem,In Progres,OUTAGE,Single Customer,MTC,NORMAL,42.56031,-82.89585
NW25091800354,2025-09-18T16:24:01Z,2025-09-18T17:18:02Z,4,2025-09-18T15:45:49Z,2025-09-18T20:15:00Z,71,71,Determined upon crew arrival,In Progres,OUTAGE,Device (I),PON,NORMAL,42.5889,-83.09838
NW25091800361,2025-09-18T16:24:01Z,2025-09-18T19:16:02Z,9,2025-09-18T15:53:18Z,2025-09-19T15:55:00Z,1,1,Equipment problem,In Progres,OUTAGE,Single Customer,HWL,NORMAL,42.51589,-84.10573
NW25091800364,2025-09-18T16:24:01Z,2025-09-18T17:18:02Z,4,2025-09-18T15:56:56Z,2025-09-19T15:55:00Z,1,1,Determined upon crew arrival,In Progres,OUTAGE,Single Customer,HWL,NORMAL,42.59283,-83.75433
NW25091800368,2025-09-18T16:24:01Z,2025-09-18T19:51:21Z,11,2025-09-18T15:58:42Z,2025-09-19T16:00:00Z,1,1,Equipment problem,In Progres,OUTAGE,Single Customer,PON,NORMAL,42.85833,-83.41355
NW25091800398,2025-09-18T16:24:01Z,2025-09-18T16:55:43Z,3,2025-09-18T16:12:34Z,2025-09-19T16:15:00Z,1,1,Determined upon crew arrival,In Progres,OUTAGE,Single Customer,HWL,NORMAL,42.53349,-83.77404
NW25091800399,2025-09-18T16:24:01Z,2025-09-18T18:28:59Z,7,2025-09-18T16:13:27Z,2025-09-19T16:15:00Z,1,1,Equipment problem,In Progres,OUTAGE,Single Customer,HWL,NORMAL,42.59119,-84.05432
SE25091800360,2025-09-18T16:24:01Z,2025-09-18T16:55:43Z,3,2025-09-18T15:52:06Z,2025-09-18T20:25:00Z,2,2,Determined upon crew arrival,In Progres,OUTAGE,Service Secondary,CAN,NORMAL,42.38177,-83.12836
SE25091800376,2025-09-18T16:24:01Z,2025-09-18T17:18:02Z,4,2025-09-18T16:02:23Z,2025-09-19T16:00:00Z,1,1,Determined upon crew arrival,In Progres,OUTAGE,Single Customer,CAN,NORMAL,42.40021,-83.13836
SE25091800378,2025-09-18T16:24:01Z,2025-09-18T20:21:12Z,12,2025-09-18T16:00:49Z,2025-09-19T16:05:00Z,1,1,Determined upon crew arrival,In Progres,OUTAGE,Single Customer,CAN,NORMAL,42.43966,-82.95724
SE25091800380,2025-09-18T16:24:01Z,2025-09-18T17:51:29Z,6,2025-09-18T16:05:12Z,2025-09-19T16:05:00Z,1,1,Determined upon crew arrival,In Progres,OUTAGE,Service Secondary,RFD,NORMAL,42.46875,-83.14459
SE25091800395,2025-09-18T16:24:01Z,2025-09-18T19:37:54Z,10,2025-09-18T16:11:39Z,2025-09-19T16:10:00Z,1,1,Determined upon crew arrival,In Progres,SERVICE DOWN NO,,CAN,NORMAL,42.41719,-82.93024
SE25091800397,2025-09-18T16:24:01Z,2025-09-18T17:18:02Z,4,2025-09-18T16:11:57Z,2025-09-18T20:40:00Z,9,9,Determined upon crew arrival,In Progres,OUTAGE,Service Transformer,CAN,NORMAL,42.40853,-83.13105
SW25091800357,2025-09-18T16:24:01Z,2025-09-18T16:44:44Z,2,2025-09-18T15:50:20Z,2025-09-19T15:50:00Z,1,1,Determined upon crew arrival,In Progres,OUTAGE,Service Secondary,ANN,NORMAL,42.24918,-83.57725
SW25091800358,2025-09-18T16:24:01Z,2025-09-18T17:18:02Z,4,2025-09-18T15:51:23Z,2025-09-18T20:20:00Z,14,14,Determined upon crew arrival,In Progres,OUTAGE,Service Transformer,ANN,NORMAL,42.24991,-83.686
SW25091800362,2025-09-18T16:24:01Z,2025-09-18T16:24:01Z,1,2025-09-18T15:51:59Z,2025-09-18T20:25:00Z,29,29,Determined upon crew arrival,New,OUTAGE,Device (I),ANN,NORMAL,42.2486,-83.57722
SW25091800363,2025-09-18T16:24:01Z,2025-09-18T18:49:51Z,8,2025-09-18T15:56:36Z,2025-09-19T15:55:00Z,1,1,Equipment problem,In Progres,OUTAGE,Single Customer,WWS,NORMAL,42.51903,-83.3302
NE25091800407,2025-09-18T16:44:44Z,2025-09-18T18:28:59Z,6,2025-09-18T16:19:22Z,2025-09-19T16:20:00Z,1,1,Determined upon crew arrival,In Progres,OUTAGE,Single Customer,MTC,NORMAL,42.47184,-82.94079
SE25091800404,2025-09-18T16:44:44Z,2025-09-18T19:51:21Z,10,2025-09-18T16:16:28Z,2025-09-18T20:45:00Z,1,1,Determined upon crew arrival,In Progres,PRIORITY,,RFD,NORMAL,42.47193,-83.25999
SE25091800405,2025-09-18T16:44:44Z,2025-09-18T17:18:02Z,3,2025-09-18T16:16:13Z,2025-09-18T20:45:00Z,2,2,Determined upon crew arrival,In Progres,OUTAGE,Service Secondary,CAN,NORMAL,42.40757,-83.13102
SE25091800409,2025-09-18T16:44:44Z,2025-09-18T19:16:02Z,8,2025-09-18T16:21:48Z,2025-09-19T16:20:00Z,1,1,Determined upon crew arrival,In Progres,OUTAGE,Single Customer,RFD,NORMAL,42.49894,-83.31597
SW25091800414,2025-09-18T16:44:44Z,2025-09-18T17:18:02Z,3,2025-09-18T16:24:55Z,2025-09-18T20:55:00Z,8,8,Determined upon crew arrival,In Progres,OUTAGE,Service Transformer,ANN,NORMAL,42.24107,-83.5776
SW25091800416,2025-09-18T16:44:44Z,2025-09-18T17:18:02Z,3,2025-09-18T16:25:52Z,2025-09-19T16:25:00Z,1,1,Determined upon crew arrival,In Progres,OUTAGE,Single Customer,WWS,NORMAL,42.33464,-83.37331
SW25091800417,2025-09-18T16:44:44Z,2025-09-18T16:44:44Z,1,2025-09-18T16:10:58Z,2025-09-19T16:25:00Z,1,1,Determined upon crew arrival,New,OUTAGE,Single Customer,WWS,NORMAL,42.50208,-83.41201
SW25091800418,2025-09-18T16:44:44Z,2025-09-18T22:38:33Z,18,2025-09-18T16:11:37Z,2025-09-19T16:25:00Z,1,1,Equipment problem,In Progres,OUTAGE,Single Customer,ANN,NORMAL,42.25933,-83.61964
SW25091800424,2025-09-18T16:44:44Z,2025-09-18T17:18:02Z,3,2025-09-18T16:29:37Z,2025-09-19T16:30:00Z,1,1,Determined upon crew arrival,In Progres,OUTAGE,Single Customer,WWS,NORMAL,42.34346,-83.37827
SW25091800425,2025-09-18T16:44:44Z,2025-09-18T16:44:44Z,1,2025-09-18T16:27:36Z,,1,1,Determined upon crew arrival,New,OUTAGE,Single Customer,WWS,NORMAL,42.3045,-83.31282
NE25091800437,2025-09-18T16:55:43Z,2025-09-18T17:18:02Z,2,2025-09-18T16:18:11Z,2025-09-18T21:05:00Z,3,3,Determined upon crew arrival,In Progres,OUTAGE,Service Transformer,LAP,NORMAL,43.01642,-83.2828
NE25091800508,2025-09-18T16:55:43Z,2025-09-18T17:18:02Z,2,2025-09-18T16:44:26Z,2025-09-19T16:45:00Z,1,1,Determined upon crew arrival,In Progres,OUTAGE,Single Customer,LAP,NORMAL,43.18761,-83.29014
SE25091800450,2025-09-18T16:55:43Z,2025-09-18T19:51:21Z,9,2025-09-18T12:20:39Z,2025-09-19T16:35:00Z,1,1,Determined upon crew arrival,In Progres,OUTAGE,Single Customer,CAN,NORMAL,42.37279,-83.12313
SE25091800501,2025-09-18T16:55:43Z,2025-09-18T18:28:59Z,5,2025-09-18T16:41:40Z,2025-09-18T21:10:00Z,25,25,Determined upon crew arrival,In Progres,OUTAGE,Service Transformer,RFD,NORMAL,42.4589,-83.16072
SW25091800448,2025-09-18T16:55:43Z,2025-09-18T17:40:10Z,3,2025-09-18T16:34:23Z,2025-09-18T21:05:00Z,1,1,Determined upon crew arrival,In Progres,PRIORITY,,WWS,NORMAL,42.26877,-83.39366
SW25091800457,2025-09-18T16:55:43Z,2025-09-18T16:55:43Z,1,2025-09-18T16:35:01Z,2025-09-18T21:05:00Z,2,2,Determined upon crew arrival,New,OUTAGE,Service Secondary,WWS,NORMAL,42.27418,-83.38983
SW25091800489,2025-09-18T16:55:43Z,2025-09-18T17:18:02Z,2,2025-09-18T16:37:14Z,2025-09-19T16:35:00Z,1,1,Determined upon crew arrival,New,OUTAGE,Single Customer,WWS,NORMAL,42.27134,-83.38151
SW25091800499,2025-09-18T16:55:43Z,2025-09-18T17:40:10Z,3,2025-09-18T16:40:27Z,2025-09-18T21:10:00Z,2,2,Determined upon crew arrival,In Progres,OUTAGE,Service Transformer,ANN,NORMAL,42.34466,-83.7254
SW25091800500,2025-09-18T16:55:43Z,2025-09-18T18:49:51Z,6,2025-09-18T16:41:05Z,2025-09-19T16:40:00Z,1,1,Determined upon crew arrival,In Progres,OUTAGE,Single Customer,WWS,NORMAL,42.25419,-83.38817
SW25091800510,2025-09-18T16:55:43Z,2025-09-18T16:55:43Z,1,2025-09-18T16:45:05Z,,1,1,Determined upon crew arrival,New,OUTAGE,Single Customer,WWS,NORMAL,42.34614,-83.34339
NE25091800512,2025-09-18T17:18:02Z,2025-09-18T23:51:20Z,20,2025-09-18T16:46:01Z,2025-09-19T16:45:00Z,1,1,Equipment problem,In Progres,OUTAGE,Single Customer,MTC,NORMAL,42.54797,-82.95421
NE25091800532,2025-09-18T17:18:02Z,2025-09-18T17:18:02Z,1,2025-09-18T16:59:10Z,,1,1,Determined upon crew arrival,New,OUTAGE,Single Customer,MTC,NORMAL,42.46229,-82.94091
NW25091800511,2025-09-18T17:18:02Z,2025-09-18T17:40:10Z,2,2025-09-18T16:41:05Z,2025-09-18T21:15:00Z,11,11,Equipment problem,In Progres,OUTAGE,Service Transformer,SBY,NORMAL,42.57853,-83.00942
NW25091800534,2025-09-18T17:18:02Z,2025-09-18T17:18:02Z,1,2025-09-18T16:59:57Z,,1,1,Determined upon crew arrival,New,OUTAGE,Single Customer,PON,NORMAL,42.60528,-83.2589
SE25091800519,2025-09-18T17:18:02Z,2025-09-18T18:28:59Z,4,2025-09-18T16:46:16Z,2025-09-18T21:20:00Z,174,174,Determined upon crew arrival,In Progres,OUTAGE,Service Transformer,RFD,NORMAL,42.4876,-83.28856
SE25091800531,2025-09-18T17:18:02Z,2025-09-18T18:28:59Z,4,2025-09-18T16:58:35Z,2025-09-19T17:00:00Z,1,1,Determined upon crew arrival,In Progres,OUTAGE,Single Customer,CAN,NORMAL,42.39531,-83.12484
SW25091800516,2025-09-18T17:18:02Z,2025-09-18T19:16:02Z,6,2025-09-18T16:48:17Z,2025-09-18T21:20:00Z,17,17,Determined upon crew arrival,In Progres,OUTAGE,Service Transformer,WWS,NORMAL,42.3114,-83.38465
SW25091800517,2025-09-18T17:18:02Z,2025-09-18T17:51:29Z,3,2025-09-18T16:48:16Z,2025-09-19T16:50:00Z,1,1,Determined upon crew arrival,In Progres,OUTAGE,Service Secondary,WWS,NORMAL,42.29535,-83.36647
SW25091800524,2025-09-18T17:18:02Z,2025-09-18T17:51:29Z,3,2025-09-18T16:55:15Z,2025-09-18T21:25:00Z,27,27,Determined upon crew arrival,In Progres,OUTAGE,Service Transformer,ANN,NORMAL,42.23339,-83.59144
SW25091800525,2025-09-18T17:18:02Z,2025-09-18T17:51:29Z,3,2025-09-18T16:55:45Z,2025-09-19T16:55:00Z,1,1,Determined upon crew arrival,In Progres,OUTAGE,Single Customer,WWS,NORMAL,42.29383,-83.36642
NE25091800540,2025-09-18T17:40:10Z,2025-09-18T18:28:59Z,3,2025-09-18T17:04:48Z,2025-09-19T17:05:00Z,1,1,Determined upon crew arrival,In Progres,OUTAGE,Single Customer,MTC,NORMAL,42.47148,-82.9494
NE25091800553,2025-09-18T17:40:10Z,2025-09-18T18:28:59Z,3,2025-09-18T17:07:22Z,2025-09-19T17:15:00Z,1,1,Determined upon crew arrival,In Progres,OUTAGE,Single Customer,MTC,NORMAL,42.81002,-82.75576
NW25091800539,2025-09-18T17:40:10Z,2025-09-18T21:51:23Z,13,2025-09-18T17:04:23Z,2025-09-19T17:05:00Z,1,1,Determined upon crew arrival,In Progres,SERVICE DOWN NO,,PON,NORMAL,42.60777,-83.26972
NW25091800549,2025-09-18T17:40:10Z,2025-09-18T20:21:12Z,8,2025-09-18T14:21:29Z,2025-09-19T17:10:00Z,1,1,Equipment problem,In Progres,OUTAGE,Single Customer,HWL,NORMAL,42.4451,-83.76536
NW25091800558,2025-09-18T17:40:10Z,2025-09-18T23:51:20Z,19,2025-09-18T17:20:22Z,2025-09-19T17:20:00Z,1,1,Equipment problem,In Progres,OUTAGE,Single Customer,HWL,NORMAL,42.46706,-83.76289
SE25091800536,2025-09-18T17:40:10Z,2025-09-18T18:49:51Z,4,2025-09-18T17:01:37Z,2025-09-19T17:00:00Z,1,1,Determined upon crew arrival,In Progres,OUTAGE,Single Customer,RFD,NORMAL,42.33315,-83.28919
SE25091800542,2025-09-18T17:40:10Z,2025-09-18T22:15:39Z,14,2025-09-18T17:06:21Z,2025-09-19T17:05:00Z,1,1,Equipment problem,In Progres,OUTAGE,Single Customer,TBY_S,NORMAL,42.1921,-83.22414
SE25091800559,2025-09-18T17:40:10Z,2025-09-18T23:51:20Z,19,2025-09-18T17:20:45Z,2025-09-19T17:20:00Z,1,1,Determined upon crew arrival,Pending,OUTAGE,Single Customer,CAN,NORMAL,42.37262,-82.94344
SE25091800560,2025-09-18T17:40:10Z,2025-09-18T17:51:29Z,2,2025-09-18T17:21:15Z,2025-09-19T17:20:00Z,1,1,Determined upon crew arrival,New,OUTAGE,Single Customer,RFD,NORMAL,42.33327,-83.28677
SW25091800557,2025-09-18T17:40:10Z,2025-09-18T17:51:29Z,2,2025-09-18T17:19:43Z,2025-09-19T17:20:00Z,1,1,Determined upon crew arrival,New,OUTAGE,Single Customer,WWS,NORMAL,42.26082,-83.38001
SW25091800562,2025-09-18T17:40:10Z,2025-09-18T18:28:59Z,3,2025-09-18T17:21:51Z,2025-09-18T21:50:00Z,12,12,Determined upon crew arrival,In Progres,OUTAGE,Service Transformer,WWS,NORMAL,42.31343,-83.41919
SW25091800565,2025-09-18T17:40:10Z,2025-09-18T18:49:51Z,4,2025-09-18T17:27:35Z,2025-09-19T17:30:00Z,1,1,Determined upon crew arrival,In Progres,OUTAGE,Single Customer,ANN,NORMAL,42.24991,-83.686
NE25091800573,2025-09-18T17:51:29Z,2025-09-18T17:51:29Z,1,2025-09-18T17:34:56Z,2025-09-19T17:35:00Z,2,2,Determined upon crew arrival,New,OUTAGE,Service Transformer,NAE,NORMAL,43.34107,-83.62322
NE25091800574,2025-09-18T17:51:29Z,2025-09-18T17:51:29Z,1,2025-09-18T17:35:00Z,2025-09-19T17:35:00Z,1,1,Determined upon crew arrival,New,OUTAGE,Single Customer,NAE,NORMAL,43.32105,-83.64265
NE25091800575,2025-09-18T17:51:29Z,2025-09-18T17:51:29Z,1,2025-09-18T17:35:34Z,2025-09-18T22:05:00Z,19,19,Determined upon crew arrival,In Progres,OUTAGE,Device (I),LAP,NORMAL,43.29445,-83.60178
NE25091800576,2025-09-18T17:51:29Z,2025-09-18T17:51:29Z,1,2025-09-18T17:35:45Z,2025-09-19T17:35:00Z,1,1,Determined upon crew arrival,New,OUTAGE,Single Customer,LAP,NORMAL,43.28124,-83.61724
NE25091800577,2025-09-18T17:51:29Z,2025-09-18T17:51:29Z,1,2025-09-18T17:36:02Z,2025-09-19T17:35:00Z,1,1,Determined upon crew arrival,New,OUTAGE,Single Customer,NAE,NORMAL,43.32187,-83.63164
NE25091800581,2025-09-18T17:51:29Z,2025-09-18T17:51:29Z,1,2025-09-18T17:36:47Z,2025-09-19T17:35:00Z,1,1,Determined upon crew arrival,New,OUTAGE,Single Customer,LAP,NORMAL,43.30341,-83.64566
NE25091800582,2025-09-18T17:51:29Z,2025-09-18T19:37:54Z,5,2025-09-18T17:36:46Z,2025-09-18T22:05:00Z,2,2,Determined upon crew arrival,In Progres,OUTAGE,Service Secondary,MTC,NORMAL,42.46804,-82.94727
NE25091800587,2025-09-18T17:51:29Z,2025-09-18T17:51:29Z,1,2025-09-18T17:38:34Z,2025-09-19T17:40:00Z,1,1,Determined upon crew arrival,New,OUTAGE,Single Customer,NAE,NORMAL,43.32105,-83.64952
NE25091800588,2025-09-18T17:51:29Z,2025-09-18T17:51:29Z,1,2025-09-18T17:39:58Z,2025-09-19T17:40:00Z,1,1,Determined upon crew arrival,New,OUTAGE,Single Customer,LAP,NORMAL,43.30594,-83.64347
NE25091800590,2025-09-18T17:51:29Z,2025-09-18T17:51:29Z,1,2025-09-18T17:40:15Z,2025-09-19T17:40:00Z,1,1,Determined upon crew arrival,New,OUTAGE,Single Customer,LAP,NORMAL,43.29571,-83.62509
NE25091800591,2025-09-18T17:51:29Z,2025-09-18T17:51:29Z,1,2025-09-18T17:40:27Z,2025-09-19T17:40:00Z,1,1,Determined upon crew arrival,New,OUTAGE,Single Customer,NAE,NORMAL,43.32456,-83.62389
NE25091800594,2025-09-18T17:51:29Z,2025-09-18T21:51:23Z,12,2025-09-18T17:32:45Z,2025-09-18T22:10:00Z,117,117,Public Interference w/DTE equip,In Progres,OUTAGE,Device (II),NAE,NORMAL,43.30715,-83.60342
NE25091800595,2025-09-18T17:51:29Z,2025-09-18T17:51:29Z,1,2025-09-18T17:41:36Z,2025-09-19T17:40:00Z,1,1,Determined upon crew arrival,New,OUTAGE,Single Customer,NAE,NORMAL,43.30736,-83.61861
NE25091800600,2025-09-18T17:51:29Z,2025-09-18T17:51:29Z,1,2025-09-18T17:42:40Z,,1,1,Determined upon crew arrival,New,OUTAGE,Single Customer,LAP,NORMAL,43.28553,-83.62248
NE25091800606,2025-09-18T17:51:29Z,2025-09-18T17:51:29Z,1,2025-09-18T17:44:03Z,,1,1,Determined upon crew arrival,New,OUTAGE,Single Customer,NAE,NORMAL,43.32136,-83.6363
NE25091800608,2025-09-18T17:51:29Z,2025-09-18T17:51:29Z,1,2025-09-18T17:44:15Z,,1,1,Determined upon crew arrival,New,OUTAGE,Single Customer,LAP,NORMAL,43.30584,-83.62299
NE25091800609,2025-09-18T17:51:29Z,2025-09-18T17:51:29Z,1,2025-09-18T17:44:33Z,,1,1,Determined upon crew arrival,New,OUTAGE,Single Customer,NAE,NORMAL,43.32205,-83.63472
NW25091800604,2025-09-18T17:51:29Z,2025-09-18T19:51:21Z,6,2025-09-18T17:41:38Z,2025-09-18T22:15:00Z,71,71,Determined upon crew arrival,In Progres,OUTAGE,Device (I),PON,NORMAL,42.58659,-83.09436
NW25091800607,2025-09-18T17:51:29Z,2025-09-18T17:51:29Z,1,2025-09-18T17:44:12Z,,1,1,Determined upon crew arrival,New,OUTAGE,Single Customer,PON,NORMAL,42.58782,-83.09819
SE25091800596,2025-09-18T17:51:29Z,2025-09-18T17:51:29Z,1,2025-09-18T17:41:51Z,2025-09-19T17:40:00Z,1,1,Determined upon crew arrival,New,OUTAGE,Single Customer,CAN,NORMAL,42.43862,-83.07834
SW25091800569,2025-09-18T17:51:29Z,2025-09-18T19:16:02Z,4,2025-09-18T17:31:53Z,2025-09-19T17:30:00Z,1,1,Determined upon crew arrival,In Progres,OUTAGE,Service Secondary,WWS,NORMAL,42.30197,-83.39402
SW25091800584,2025-09-18T17:51:29Z,2025-09-18T19:16:02Z,4,2025-09-18T17:36:05Z,2025-09-18T22:05:00Z,52,52,Determined upon crew arrival,In Progres,OUTAGE,Device (I),WWS,NORMAL,42.30197,-83.39402
SW25091800599,2025-09-18T17:51:29Z,2025-09-18T19:16:02Z,4,2025-09-18T17:42:33Z,2025-09-18T22:15:00Z,2,2,Determined upon crew arrival,In Progres,OUTAGE,Service Transformer,ANN,NORMAL,42.35672,-83.78943
NW25091800633,2025-09-18T18:28:59Z,2025-09-18T21:17:55Z,9,2025-09-18T18:01:59Z,2025-09-19T18:00:00Z,1,1,Equipment problem,In Progres,OUTAGE,Single Customer,HWL,NORMAL,42.51001,-83.78679
SE25091800649,2025-09-18T18:28:59Z,2025-09-19T01:26:32Z,18,2025-09-18T18:13:11Z,2025-09-19T18:15:00Z,1,1,Determined upon crew arrival,In Progres,OUTAGE,Single Customer,CAN,NORMAL,42.39445,-83.05716
SW25091800616,2025-09-18T18:28:59Z,2025-09-18T19:51:21Z,5,2025-09-18T17:48:51Z,2025-09-19T17:50:00Z,1,1,Determined upon crew arrival,In Progres,OUTAGE,Single Customer,WWS,NORMAL,42.25685,-83.23453
SW25091800623,2025-09-18T18:28:59Z,2025-09-18T18:28:59Z,1,2025-09-18T17:55:18Z,2025-09-19T17:55:00Z,1,1,Determined upon crew arrival,In Progres,OUTAGE,Service Secondary,WWS,NORMAL,42.334,-83.37442
SW25091800634,2025-09-18T18:28:59Z,2025-09-18T19:16:02Z,3,2025-09-18T18:02:57Z,2025-09-18T22:35:00Z,5,5,Determined upon crew arrival,In Progres,OUTAGE,Service Transformer,ANN,NORMAL,42.26254,-83.76661
SW25091800645,2025-09-18T18:28:59Z,2025-09-18T18:49:51Z,2,2025-09-18T18:10:56Z,2025-09-19T18:10:00Z,1,1,Determined upon crew arrival,In Progres,OUTAGE,Single Customer,ANN,NORMAL,42.24918,-83.57846
SW25091800648,2025-09-18T18:28:59Z,2025-09-18T19:16:02Z,3,2025-09-18T18:12:41Z,2025-09-19T18:15:00Z,1,1,Determined upon crew arrival,In Progres,OUTAGE,Service Secondary,WWS,NORMAL,42.20307,-83.50611
SE25091800661,2025-09-18T18:49:51Z,2025-09-18T21:17:55Z,8,2025-09-18T18:23:23Z,2025-09-18T22:55:00Z,21,21,Equipment problem,In Progres,OUTAGE,Service Transformer,RFD,NORMAL,42.1954,-83.18116
SE25091800673,2025-09-18T18:49:51Z,2025-09-18T23:17:15Z,14,2025-09-18T18:37:58Z,2025-09-18T23:10:00Z,1,1,Determined upon crew arrival,In Progres,PRIORITY,,RFD,NORMAL,42.27649,-83.22341
SW25091800677,2025-09-18T18:49:51Z,2025-09-18T19:51:21Z,4,2025-09-18T18:43:34Z,2025-09-19T18:45:00Z,1,1,Determined upon crew arrival,In Progres,OUTAGE,Single Customer,ANN,NORMAL,42.24933,-83.58739
NW25091800704,2025-09-18T19:16:02Z,2025-09-18T19:51:21Z,3,2025-09-18T18:47:45Z,2025-09-18T23:25:00Z,511,511,Equipment problem,In Progres,OUTAGE,Device (II),SBY,NORMAL,42.75829,-83.05766
SE25091800678,2025-09-18T19:16:02Z,2025-09-18T21:17:55Z,7,2025-09-18T18:45:16Z,2025-09-19T18:45:00Z,1,1,Determined upon crew arrival,In Progres,OUTAGE,Single Customer,CAN,NORMAL,42.39397,-83.12347
SE25091800700,2025-09-18T19:16:02Z,2025-09-18T23:51:20Z,15,2025-09-18T18:52:01Z,2025-09-19T18:50:00Z,1,1,Determined upon crew arrival,In Progres,OUTAGE,Single Customer,RFD,NORMAL,42.50034,-83.12365
SE25091800706,2025-09-18T19:16:02Z,2025-09-18T19:16:02Z,1,2025-09-18T18:55:29Z,2025-09-18T23:25:00Z,1,1,Determined upon crew arrival,New,PRIORITY,,CAN,NORMAL,42.34108,-83.00808
NE25091800736,2025-09-18T19:37:54Z,2025-09-18T20:51:34Z,5,2025-09-18T19:29:37Z,2025-09-19T19:30:00Z,1,1,Equipment problem,In Progres,OUTAGE,Single Customer,MAR,NORMAL,42.76069,-82.53195
NW25091800716,2025-09-18T19:37:54Z,2025-09-18T23:51:20Z,14,2025-09-18T19:09:11Z,2025-09-19T19:10:00Z,1,1,Equipment problem,In Progres,OUTAGE,Single Customer,PON,NORMAL,42.57256,-83.11106
NW25091800726,2025-09-18T19:37:54Z,2025-09-18T21:17:55Z,6,2025-09-18T19:23:47Z,2025-09-19T19:25:00Z,1,1,Animal/bird damaged DTE equip,In Progres,OUTAGE,Single Customer,SBY,NORMAL,42.63841,-83.16681
NW25091800733,2025-09-18T19:37:54Z,2025-09-18T21:17:55Z,6,2025-09-18T12:13:28Z,2025-09-19T19:25:00Z,1,1,Determined upon crew arrival,In Progres,OUTAGE,Single Customer,PON,NORMAL,42.86627,-83.34831
SW25091800731,2025-09-18T19:37:54Z,2025-09-18T19:51:21Z,2,2025-09-18T19:26:08Z,2025-09-19T19:25:00Z,1,1,Determined upon crew arrival,New,OUTAGE,Single Customer,WWS,NORMAL,42.48216,-83.54874
SE25091800737,2025-09-18T19:51:21Z,2025-09-19T01:26:32Z,14,2025-09-18T19:31:37Z,2025-09-19T19:30:00Z,1,1,Determined upon crew arrival,In Progres,OUTAGE,Single Customer,RFD,NORMAL,42.304,-83.13297
NW25091800765,2025-09-18T20:21:12Z,2025-09-18T23:37:55Z,11,2025-09-18T19:50:57Z,2025-09-19T19:55:00Z,1,1,Equipment problem,In Progres,OUTAGE,Single Customer,HWL,NORMAL,42.48118,-83.93309
SE25091800766,2025-09-18T20:21:12Z,2025-09-18T23:51:20Z,12,2025-09-17T19:47:27Z,2025-09-19T19:55:00Z,1,1,Equipment problem,In Progres,OUTAGE,Single Customer,CAN,NORMAL,42.43036,-82.91684
SW25091800754,2025-09-18T20:21:12Z,2025-09-18T21:17:55Z,4,2025-09-18T19:42:00Z,2025-09-19T19:50:00Z,1,1,Determined upon crew arrival,In Progres,OUTAGE,Single Customer,WWS,NORMAL,42.25806,-83.42082
SW25091800771,2025-09-18T20:21:12Z,2025-09-18T22:51:22Z,9,2025-09-18T20:01:45Z,2025-09-19T20:00:00Z,1,1,Equipment problem,In Progres,OUTAGE,Single Customer,ANN,NORMAL,42.25094,-83.75042
SE25091800782,2025-09-18T20:40:22Z,2025-09-18T23:51:20Z,11,2025-09-18T20:21:26Z,2025-09-19T20:20:00Z,1,1,Determined upon crew arrival,In Progres,OUTAGE,Single Customer,RFD,NORMAL,42.52658,-83.1845
NE25091800787,2025-09-18T20:51:34Z,2025-09-19T14:42:15Z,41,2025-09-18T19:05:54Z,2025-09-19T20:30:00Z,1,1,Equipment problem,In Progres,OUTAGE,Single Customer,MTC,NORMAL,42.59262,-82.87178
NE25091800790,2025-09-18T20:51:34Z,2025-09-18T23:51:20Z,10,2025-09-18T15:12:51Z,2025-09-19T20:35:00Z,1,1,Determined upon crew arrival,In Progres,OUTAGE,Single Customer,MAR,NORMAL,42.76449,-82.51756
NE25091800796,2025-09-18T20:51:34Z,2025-09-18T20:51:34Z,1,2025-09-18T20:41:50Z,2025-09-19T20:40:00Z,1,1,Determined upon crew arrival,New,OUTAGE,Single Customer,MAR,NORMAL,42.95626,-82.92115
SW25091800799,2025-09-18T21:17:55Z,2025-09-18T23:51:20Z,9,2025-09-18T13:40:18Z,2025-09-19T01:15:00Z,26,26,Determined upon crew arrival,In Progres,OUTAGE,Device (I),WWS,NORMAL,42.3379,-83.50348
NE25091800830,2025-09-18T21:37:36Z,2025-09-18T23:51:20Z,8,2025-09-18T21:05:45Z,2025-09-19T01:45:00Z,49,49,Wind damage,In Progres,OUTAGE,Device (I),MAR,NORMAL,43.08456,-82.84317
NW25091800829,2025-09-18T21:37:36Z,2025-09-18T22:51:22Z,5,2025-09-18T18:01:59Z,2025-09-19T21:15:00Z,1,1,Determined upon crew arrival,In Progres,OUTAGE,Single Customer,HWL,NORMAL,42.53536,-83.77834
SE25091800835,2025-09-18T21:37:36Z,2025-09-19T03:52:57Z,12,2025-09-18T20:09:58Z,2025-09-19T21:20:00Z,1,1,Determined upon crew arrival,In Progres,OUTAGE,Single Customer,RFD,NORMAL,42.38739,-83.17342
SE25091800836,2025-09-18T21:37:36Z,2025-09-19T14:42:15Z,39,2025-09-18T21:25:54Z,2025-09-19T21:25:00Z,1,1,Equipment problem,In Progres,OUTAGE,Single Customer,RFD,NORMAL,42.41963,-83.17185
SE25091800838,2025-09-18T21:37:36Z,2025-09-19T03:33:06Z,11,2025-09-18T21:29:35Z,2025-09-19T21:30:00Z,1,1,Determined upon crew arrival,In Progres,OUTAGE,Single Customer,RFD,NORMAL,42.43948,-83.14982
NE25091800844,2025-09-18T21:51:23Z,2025-09-18T21:51:23Z,1,2025-09-18T21:26:12Z,,1,1,Determined upon crew arrival,New,OUTAGE,Single Customer,MAR,NORMAL,42.79281,-82.52374
SE25091800842,2025-09-18T21:51:23Z,2025-09-19T02:47:59Z,9,2025-09-18T21:39:58Z,2025-09-19T21:40:00Z,1,1,Determined upon crew arrival,In Progres,OUTAGE,Single Customer,RFD,NORMAL,42.43567,-83.17246
SE25091800847,2025-09-18T21:51:23Z,2025-09-18T21:51:23Z,1,2025-09-18T21:44:50Z,,1,1,Determined upon crew arrival,New,OUTAGE,Single Customer,RFD,NORMAL,42.28812,-83.18434
SW25091800854,2025-09-18T22:15:39Z,2025-09-18T23:51:20Z,6,2025-09-18T21:50:07Z,2025-09-19T02:25:00Z,2,2,Determined upon crew arrival,In Progres,OUTAGE,Service Secondary,WWS,NORMAL,42.456,-83.31931
NE25091800873,2025-09-18T22:38:33Z,2025-09-18T23:51:20Z,5,2025-09-18T22:14:44Z,2025-09-19T02:45:00Z,88,88,Animal/bird damaged DTE equip,In Progres,OUTAGE,Device (I),MTC,NORMAL,42.48038,-83.05917
NE25091800882,2025-09-18T22:38:33Z,2025-09-18T22:38:33Z,1,2025-09-18T22:25:51Z,2025-09-19T22:25:00Z,1,1,Determined upon crew arrival,New,OUTAGE,Single Customer,MTC,NORMAL,42.48081,-83.0606
NE25091800887,2025-09-18T22:38:33Z,2025-09-18T22:38:33Z,1,2025-09-18T22:29:19Z,,1,1,Determined upon crew arrival,New,OUTAGE,Single Customer,MTC,NORMAL,42.47017,-83.05862
SE25091800857,2025-09-18T22:38:33Z,2025-09-18T22:51:22Z,2,2025-09-18T22:04:36Z,2025-09-19T22:05:00Z,1,1,Determined upon crew arrival,PC3 Verifi,OUTAGE,Single Customer,RFD,NORMAL,42.46538,-83.20042
SE25091800868,2025-09-18T22:38:33Z,2025-09-19T04:54:03Z,12,2025-09-18T22:08:56Z,2025-09-19T06:45:00Z,666,22,Wind damage,In Progres,OUTAGE,Device (II),CAN,NORMAL,42.3798,-83.09138
SE25091800876,2025-09-18T22:38:33Z,2025-09-18T23:17:15Z,3,2025-09-18T22:17:33Z,2025-09-19T22:20:00Z,1,1,Determined upon crew arrival,New,OUTAGE,Single Customer,RFD,NORMAL,42.52576,-83.18472
SE25091800879,2025-09-18T22:38:33Z,2025-09-19T02:47:59Z,7,2025-09-18T22:23:37Z,2025-09-19T22:25:00Z,1,1,Wind damage,In Progres,OUTAGE,Single Customer,CAN,NORMAL,42.37973,-83.09183
SW25091800859,2025-09-18T22:38:33Z,2025-09-18T22:51:22Z,2,2025-09-18T21:56:44Z,2025-09-19T22:10:00Z,1,1,Determined upon crew arrival,New,SERVICE DOWN NO,,WWS,NORMAL,42.456,-83.31931
NA25091800915,2025-09-18T22:51:22Z,2025-09-18T22:51:22Z,1,2025-09-18T22:45:03Z,,1,1,Determined upon crew arrival,New,OUTAGE,Single Customer,CAN,NORMAL,42.33671,-83.07598
NW25091800894,2025-09-18T22:51:22Z,2025-09-19T15:51:23Z,39,2025-09-18T22:35:08Z,2025-09-19T19:05:00Z,132,1,Determined upon crew arrival,In Progres,OUTAGE,Circuit Level,PON,NORMAL,42.52222,-83.54854
NW25091800908,2025-09-18T22:51:22Z,2025-09-19T03:52:57Z,8,2025-09-18T22:41:40Z,2025-09-19T07:10:00Z,1,1,Determined upon crew arrival,PC3 Verifi,PRIORITY,,PON,NORMAL,42.52515,-83.54513
SE25091800912,2025-09-18T22:51:22Z,2025-09-19T13:15:47Z,31,2025-09-18T22:42:37Z,2025-09-19T15:15:00Z,2,2,Equipment problem,In Progres,OUTAGE,Service Secondary,CAN,NORMAL,42.36162,-83.03939
SE25091800914,2025-09-18T22:51:22Z,2025-09-18T22:51:22Z,1,2025-09-18T22:27:11Z,,1,1,Determined upon crew arrival,New,OUTAGE,Single Customer,CAN,NORMAL,42.38061,-83.0919
SW25091800913,2025-09-18T22:51:22Z,2025-09-18T23:51:20Z,4,2025-09-18T22:42:56Z,2025-09-19T22:45:00Z,1,1,Determined upon crew arrival,In Progres,OUTAGE,Single Customer,WWS,NORMAL,42.24304,-83.26331
NW25091800919,2025-09-18T23:17:15Z,2025-09-19T03:52:57Z,7,2025-09-18T22:46:43Z,2025-09-19T07:15:00Z,1,1,Determined upon crew arrival,PC3 Verifi,PRIORITY,,PON,NORMAL,42.52025,-83.54971
SE25091800918,2025-09-18T23:17:15Z,2025-09-19T21:16:36Z,54,2025-09-18T22:41:39Z,2025-09-19T23:15:00Z,72,72,Determined upon crew arrival,In Progres,OUTAGE,Device (II),CAN,NORMAL,42.40728,-83.05062
SE25091800925,2025-09-18T23:17:15Z,2025-09-18T23:51:20Z,3,2025-09-18T22:41:40Z,2025-09-19T03:20:00Z,16,16,Determined upon crew arrival,Pending,OUTAGE,Service Transformer,CAN,NORMAL,42.40798,-83.04874
SE25091800929,2025-09-18T23:17:15Z,2025-09-19T22:38:41Z,58,2025-09-18T19:27:08Z,2025-09-19T23:00:00Z,1,1,Equipment problem,In Progres,OUTAGE,Single Customer,CAN,NORMAL,42.4075,-83.13391
SW25091800924,2025-09-18T23:17:15Z,2025-09-18T23:51:20Z,3,2025-09-18T22:48:36Z,2025-09-19T22:50:00Z,1,1,Determined upon crew arrival,In Progres,OUTAGE,Single Customer,WWS,NORMAL,42.30278,-83.44479
NE25091800981,2025-09-18T23:37:55Z,2025-09-19T03:33:06Z,5,2025-09-18T23:29:30Z,2025-09-19T23:30:00Z,1,1,Determined upon crew arrival,In Progres,OUTAGE,Single Customer,LAP,NORMAL,42.82473,-83.12039
NW25091800934,2025-09-18T23:37:55Z,2025-09-19T03:52:57Z,6,2025-09-18T23:04:08Z,2025-09-19T07:35:00Z,1,1,Determined upon crew arrival,PC3 Verifi,PRIORITY,,PON,NORMAL,42.51818,-83.55227
SE25091800935,2025-09-18T23:37:55Z,2025-09-19T01:26:32Z,3,2025-09-18T23:05:12Z,2025-09-19T23:05:00Z,1,1,Determined upon crew arrival,In Progres,OUTAGE,Single Customer,RFD,NORMAL,42.33005,-83.12767
SE25091800938,2025-09-18T23:37:55Z,2025-09-19T17:51:36Z,43,2025-09-18T23:07:14Z,2025-09-19T23:05:00Z,1,1,Determined upon crew arrival,In Progres,SERVICE DOWN NO,,CAN,NORMAL,42.40011,-83.03882
SE25091800941,2025-09-18T23:37:55Z,2025-09-19T08:46:03Z,19,2025-09-18T23:10:43Z,2025-09-19T11:40:00Z,2,2,Determined upon crew arrival,In Progres,OUTAGE,Service Secondary,CAN,NORMAL,42.43571,-83.02473
SE25091800943,2025-09-18T23:37:55Z,2025-09-19T09:21:12Z,20,2025-09-18T23:11:12Z,2025-09-19T11:40:00Z,8,8,Wind damage,In Progres,OUTAGE,Service Transformer,CAN,NORMAL,42.43488,-83.02471
SE25091800948,2025-09-18T23:37:55Z,2025-09-19T08:46:03Z,19,2025-09-18T22:27:11Z,2025-09-19T11:45:00Z,1,1,Wind damage,In Progres,PRIORITY,,CAN,NORMAL,42.38061,-83.0919
SE25091800951,2025-09-18T23:37:55Z,2025-09-19T09:21:12Z,20,2025-09-18T23:17:31Z,2025-09-19T23:20:00Z,1,1,Equipment problem,In Progres,OUTAGE,Single Customer,CAN,NORMAL,42.38657,-82.91399
SE25091800952,2025-09-18T23:37:55Z,2025-09-19T09:40:00Z,21,2025-09-18T23:14:11Z,2025-09-19T11:50:00Z,235,56,Determined upon crew arrival,In Progres,OUTAGE,Device (II),CAN,NORMAL,42.40122,-82.98828
SE25091800955,2025-09-18T23:37:55Z,2025-09-18T23:51:20Z,2,2025-09-18T23:17:47Z,2025-09-19T03:50:00Z,18,18,Determined upon crew arrival,New,OUTAGE,Service Transformer,CAN,NORMAL,42.43209,-82.99762
SE25091800956,2025-09-18T23:37:55Z,2025-09-19T18:47:22Z,45,2025-09-18T23:17:47Z,2025-09-19T19:50:00Z,177,2,Determined upon crew arrival,In Progres,OUTAGE,Device (I),CAN,NORMAL,42.43308,-82.99767
SE25091800960,2025-09-18T23:37:55Z,2025-09-19T08:46:03Z,19,2025-09-18T23:20:53Z,2025-09-19T11:50:00Z,18,18,Equipment problem,In Progres,OUTAGE,Device (I),CAN,NORMAL,42.32836,-83.09213
SE25091800968,2025-09-18T23:37:55Z,2025-09-19T01:26:32Z,3,2025-09-18T23:25:05Z,2025-09-19T03:55:00Z,25,25,Determined upon crew arrival,Pending,OUTAGE,Service Transformer,CAN,NORMAL,42.38755,-82.96569
SE25091800969,2025-09-18T23:37:55Z,2025-09-19T02:47:59Z,4,2025-09-18T23:25:06Z,2025-09-19T23:25:00Z,1,1,Determined upon crew arrival,In Progres,OUTAGE,Single Customer,CAN,NORMAL,42.43415,-82.99289
SE25091800972,2025-09-18T23:37:55Z,2025-09-19T01:26:32Z,3,2025-09-18T23:26:49Z,2025-09-19T03:55:00Z,7,7,Determined upon crew arrival,Pending,OUTAGE,Service Transformer,CAN,NORMAL,42.38633,-82.9649
SE25091800973,2025-09-18T23:37:55Z,2025-09-19T08:46:03Z,19,2025-09-18T23:27:10Z,2025-09-19T11:55:00Z,18,18,Wind damage,In Progres,OUTAGE,Service Transformer,CAN,NORMAL,42.40862,-82.98114
SE25091800975,2025-09-18T23:37:55Z,2025-09-19T17:16:20Z,41,2025-09-18T23:27:27Z,2025-09-19T23:25:00Z,1,1,Wind damage,In Progres,OUTAGE,Single Customer,CAN,NORMAL,42.39903,-83.09119
SE25091800977,2025-09-18T23:37:55Z,2025-09-19T04:54:03Z,9,2025-09-18T23:26:14Z,2025-09-19T08:00:00Z,101,101,Equipment problem,In Progres,OUTAGE,Device (I),CAN,NORMAL,42.38911,-82.95547
SE25091800979,2025-09-18T23:37:55Z,2025-09-19T07:18:33Z,15,2025-09-18T23:26:52Z,2025-09-19T23:30:00Z,1,1,Determined upon crew arrival,In Progres,SERVICE DOWN NO,,CAN,NORMAL,42.43268,-82.98801
SW25091800939,2025-09-18T23:37:55Z,2025-09-18T23:51:20Z,2,2025-09-18T23:07:29Z,2025-09-19T23:10:00Z,1,1,Determined upon crew arrival,In Progres,OUTAGE,Single Customer,WWS,NORMAL,42.33132,-83.51158
NW25091800996,2025-09-18T23:51:20Z,2025-09-18T23:51:20Z,1,2025-09-18T23:38:25Z,2025-09-19T23:40:00Z,1,1,Determined upon crew arrival,New,OUTAGE,Single Customer,PON,NORMAL,42.73803,-83.40136
SE25091800984,2025-09-18T23:51:20Z,2025-09-19T09:40:00Z,20,2025-09-18T23:30:42Z,2025-09-19T23:30:00Z,1,1,Wind damage,In Progres,OUTAGE,Single Customer,CAN,NORMAL,42.33671,-83.07598
SE25091800986,2025-09-18T23:51:20Z,2025-09-20T01:22:51Z,60,2025-09-18T23:31:43Z,2025-09-20T03:30:00Z,1,1,Determined upon crew arrival,In Progres,SERVICE DOWN NO,,CAN,NORMAL,42.43418,-82.99165
SE25091800992,2025-09-18T23:51:20Z,2025-09-19T01:26:32Z,2,2025-09-18T23:35:25Z,2025-09-19T23:35:00Z,1,1,Determined upon crew arrival,In Progres,OUTAGE,Single Customer,CAN,NORMAL,42.432,-82.98916
SE25091800993,2025-09-18T23:51:20Z,2025-09-19T07:37:58Z,15,2025-09-18T23:35:33Z,2025-09-19T23:35:00Z,1,1,Determined upon crew arrival,In Progres,OUTAGE,Single Customer,CAN,NORMAL,42.43568,-83.02673
SE25091800997,2025-09-18T23:51:20Z,2025-09-18T23:51:20Z,1,2025-09-18T23:26:18Z,,1,1,Determined upon crew arrival,New,OUTAGE,Single Customer,CAN,NORMAL,42.3902,-82.96009
SE25091800999,2025-09-18T23:51:20Z,2025-09-19T08:25:52Z,17,2025-09-18T23:35:25Z,2025-09-19T08:15:00Z,14,14,Wind damage,In Progres,OUTAGE,Service Transformer,CAN,NORMAL,42.43163,-82.98788
SE25091801000,2025-09-18T23:51:20Z,2025-09-18T23:51:20Z,1,2025-09-18T23:43:52Z,,1,1,Determined upon crew arrival,New,OUTAGE,Single Customer,CAN,NORMAL,42.43133,-82.99759
NW25091801002,2025-09-19T01:26:32Z,2025-09-19T03:33:06Z,3,2025-09-18T23:38:25Z,2025-09-19T23:50:00Z,1,1,Determined upon crew arrival,In Progres,SERVICE DOWN NO,,PON,NORMAL,42.73803,-83.40136
NW25091801016,2025-09-19T01:26:32Z,2025-09-19T02:47:59Z,2,2025-09-18T15:31:53Z,2025-09-20T00:15:00Z,1,1,Equipment problem,In Progres,OUTAGE,Single Customer,SBY,NORMAL,42.74933,-83.16044
NW25091801017,2025-09-19T01:26:32Z,2025-09-19T11:51:37Z,25,2025-09-19T00:15:24Z,2025-09-19T12:45:00Z,1,1,Determined upon crew arrival,In Progres,PRIORITY,,PON,NORMAL,42.52287,-83.54591
NW25091801027,2025-09-19T01:26:32Z,2025-09-19T13:15:47Z,27,2025-09-18T23:27:26Z,2025-09-20T00:25:00Z,1,1,Equipment problem,In Progres,OUTAGE,Single Customer,PON,NORMAL,42.55102,-83.40551
NW25091801074,2025-09-19T01:26:32Z,2025-09-19T01:26:32Z,1,2025-09-19T01:13:13Z,,1,1,Determined upon crew arrival,New,OUTAGE,Single Customer,PON,NORMAL,42.52098,-83.55011
SE25091801004,2025-09-19T01:26:32Z,2025-09-19T21:51:12Z,53,2025-09-18T23:52:25Z,2025-09-19T23:50:00Z,1,1,Determined upon crew arrival,In Progres,SERVICE DOWN NO,,CAN,NORMAL,42.43133,-82.99759
SE25091801024,2025-09-19T01:26:32Z,2025-09-19T06:50:05Z,12,2025-09-19T00:21:50Z,2025-09-19T08:50:00Z,7,7,Determined upon crew arrival,In Progres,OUTAGE,Service Transformer,CAN,NORMAL,42.4125,-82.99154
SE25091801025,2025-09-19T01:26:32Z,2025-09-19T07:18:33Z,13,2025-09-19T00:21:52Z,2025-09-20T00:20:00Z,1,1,Determined upon crew arrival,In Progres,SERVICE DOWN NO,,RFD,NORMAL,42.5226,-83.25174
SE25091801075,2025-09-19T01:26:32Z,2025-09-19T01:26:32Z,1,2025-09-19T01:14:37Z,,1,1,Determined upon crew arrival,New,OUTAGE,Single Customer,RFD,NORMAL,42.34893,-83.23249
SW25091801056,2025-09-19T01:26:32Z,2025-09-19T01:26:32Z,1,2025-09-19T00:36:39Z,2025-09-19T05:10:00Z,2,2,Determined upon crew arrival,In Progres,OUTAGE,Service Secondary,ANN,NORMAL,42.26864,-83.73678
NE25091801087,2025-09-19T02:47:59Z,2025-09-19T08:25:52Z,15,2025-09-18T19:22:48Z,2025-09-19T10:35:00Z,10,10,Determined upon crew arrival,In Progres,OUTAGE,Service Transformer,MTC,NORMAL,42.50118,-83.01767
NW25091801088,2025-09-19T02:47:59Z,2025-09-19T05:51:32Z,9,2025-09-19T02:07:24Z,2025-09-20T02:05:00Z,1,1,Equipment problem,In Progres,OUTAGE,Single Customer,SBY,NORMAL,42.62193,-83.01929
SE25091801083,2025-09-19T02:47:59Z,2025-09-19T04:54:03Z,6,2025-09-18T23:25:05Z,2025-09-19T06:20:00Z,60,60,Equipment problem,In Progres,OUTAGE,Device (I),CAN,NORMAL,42.38699,-82.96398
SE25091801085,2025-09-19T02:47:59Z,2025-09-19T17:16:20Z,38,2025-09-19T01:02:30Z,2025-09-20T02:00:00Z,1,1,Determined upon crew arrival,In Progres,OUTAGE,Single Customer,RFD,NORMAL,42.33976,-83.16373
NE25091801107,2025-09-19T03:33:06Z,2025-09-19T03:33:06Z,1,2025-09-19T03:15:00Z,,1,1,Determined upon crew arrival,New,OUTAGE,Single Customer,MTC,NORMAL,42.45221,-83.07785
NW25091801098,2025-09-19T03:33:06Z,2025-09-19T05:18:29Z,6,2025-09-19T02:45:48Z,2025-09-20T02:45:00Z,1,1,Equipment problem,In Progres,OUTAGE,Single Customer,HWL,NORMAL,42.67364,-83.75048
SE25091801093,2025-09-19T03:33:06Z,2025-09-19T03:33:06Z,1,2025-09-19T02:30:52Z,2025-09-19T07:05:00Z,143,143,Determined upon crew arrival,In Progres,OUTAGE,Device (I),RFD,NORMAL,42.4842,-83.24908
SE25091801097,2025-09-19T03:33:06Z,2025-09-19T03:33:06Z,1,2025-09-19T02:40:10Z,2025-09-20T02:40:00Z,1,1,Determined upon crew arrival,PC3 Verifi,OUTAGE,Single Customer,CAN,NORMAL,42.38755,-82.96569
SE25091801101,2025-09-19T03:33:06Z,2025-09-19T14:42:15Z,29,2025-09-19T02:51:43Z,2025-09-20T02:50:00Z,1,1,Equipment problem,In Progres,OUTAGE,Single Customer,RFD,NORMAL,42.46451,-83.23217
SE25091801103,2025-09-19T03:33:06Z,2025-09-19T04:42:54Z,4,2025-09-19T03:08:05Z,2025-09-20T03:10:00Z,1,1,Determined upon crew arrival,PC3 Verifi,OUTAGE,Single Customer,CAN,NORMAL,42.40014,-82.9877
SW25091801100,2025-09-19T03:33:06Z,2025-09-19T03:33:06Z,1,2025-09-18T16:29:40Z,2025-09-19T07:20:00Z,7,7,Determined upon crew arrival,In Progres,OUTAGE,Service Transformer,NPT,NORMAL,42.0219,-83.48071
NE25091801114,2025-09-19T03:52:57Z,2025-09-19T09:40:00Z,16,2025-09-19T03:34:52Z,2025-09-20T03:35:00Z,1,1,Determined upon crew arrival,Pending,OUTAGE,Single Customer,LAP,NORMAL,43.07093,-83.05278
NE25091801139,2025-09-19T03:52:57Z,2025-09-19T09:21:12Z,15,2025-09-19T03:43:34Z,2025-09-19T12:15:00Z,5,5,Determined upon crew arrival,In Progres,OUTAGE,Service Transformer,LAP,NORMAL,43.066,-83.05548
SE25091801108,2025-09-19T03:52:57Z,2025-09-19T17:16:20Z,36,2025-09-19T03:08:22Z,2025-09-20T03:15:00Z,1,1,Determined upon crew arrival,In Progres,OUTAGE,Single Customer,CAN,NORMAL,42.35379,-82.99413
SE25091801110,2025-09-19T03:52:57Z,2025-09-19T14:18:41Z,27,2025-09-19T03:30:46Z,2025-09-19T16:00:00Z,31,31,Determined upon crew arrival,In Progres,OUTAGE,Service Transformer,CAN,NORMAL,42.40688,-83.05171
SE25091801115,2025-09-19T03:52:57Z,2025-09-19T03:52:57Z,1,2025-09-19T03:35:47Z,2025-09-20T03:35:00Z,1,1,Determined upon crew arrival,New,OUTAGE,Single Customer,RFD,NORMAL,42.3354,-83.14707
SE25091801120,2025-09-19T03:52:57Z,2025-09-19T05:18:29Z,5,2025-09-19T03:35:46Z,2025-09-19T08:05:00Z,4,4,Determined upon crew arrival,In Progres,OUTAGE,Service Transformer,CAN,NORMAL,42.37381,-83.09465
SE25091801132,2025-09-19T03:52:57Z,2025-09-19T14:42:15Z,28,2025-09-19T03:38:49Z,2025-09-19T16:10:00Z,29,29,Determined upon crew arrival,In Progres,OUTAGE,Service Transformer,CAN,NORMAL,42.40671,-83.0545
SE25091801137,2025-09-19T03:52:57Z,2025-09-19T08:46:03Z,14,2025-09-19T03:39:36Z,2025-09-19T12:10:00Z,18,18,Determined upon crew arrival,In Progres,OUTAGE,Service Transformer,CAN,NORMAL,42.38755,-82.96569
SE25091801147,2025-09-19T04:23:04Z,2025-09-19T04:42:54Z,2,2025-09-19T04:14:00Z,2025-09-20T04:15:00Z,1,1,Determined upon crew arrival,PC3 Verifi,OUTAGE,Single Customer,CAN,NORMAL,42.37262,-83.0958
SW25091801140,2025-09-19T04:23:04Z,2025-09-19T15:19:37Z,29,2025-09-19T03:49:16Z,2025-09-20T03:50:00Z,1,1,Equipment problem,In Progres,OUTAGE,Single Customer,WWS,NORMAL,42.32974,-83.48539
NE25091801148,2025-09-19T04:42:54Z,2025-09-19T16:23:11Z,31,2025-09-19T04:29:34Z,2025-09-20T04:30:00Z,1,1,Equipment problem,In Progres,OUTAGE,Single Customer,MTC,NORMAL,42.69475,-82.83272
SE25091801155,2025-09-19T05:18:29Z,2025-09-19T19:50:50Z,40,2025-09-19T04:39:06Z,2025-09-20T04:50:00Z,1,1,Wind damage,In Progres,OUTAGE,Single Customer,CAN,NORMAL,42.40046,-83.10208
SE25091801156,2025-09-19T05:18:29Z,2025-09-19T08:46:03Z,10,2025-09-18T23:26:19Z,2025-09-19T12:00:00Z,13,13,Determined upon crew arrival,In Progres,OUTAGE,Device (II),CAN,NORMAL,42.39066,-82.95501
SW25091900004,2025-09-19T05:39:44Z,2025-09-19T07:18:33Z,5,2025-09-19T05:15:28Z,2025-09-19T09:55:00Z,4,4,Equipment problem,In Progres,OUTAGE,Service Transformer,ANN,NORMAL,42.20486,-83.8
SW25091900005,2025-09-19T05:39:44Z,2025-09-19T18:27:03Z,34,2025-09-19T05:25:46Z,2025-09-20T05:25:00Z,1,1,Equipment problem,In Progres,OUTAGE,Single Customer,ANN,NORMAL,42.20431,-83.79965
NE25091900025,2025-09-19T06:50:05Z,2025-09-19T06:50:05Z,1,2025-09-19T06:27:44Z,,3,3,Determined upon crew arrival,New,OUTAGE,Service Transformer,MAR,NORMAL,42.71602,-82.58894
SE25091900015,2025-09-19T06:50:05Z,2025-09-19T08:46:03Z,6,2025-09-18T23:26:18Z,2025-09-19T10:50:00Z,360,225,Determined upon crew arrival,In Progres,OUTAGE,Device (II),CAN,NORMAL,42.38414,-82.95985
SW25091900013,2025-09-19T06:50:05Z,2025-09-19T10:53:21Z,11,2025-09-19T06:17:19Z,2025-09-19T10:45:00Z,74,74,Equipment problem,In Progres,OUTAGE,Device (I),WWS,NORMAL,42.28749,-83.3658
SW25091900024,2025-09-19T06:50:05Z,2025-09-19T20:39:15Z,38,2025-09-19T06:43:15Z,2025-09-20T06:45:00Z,1,1,Equipment problem,In Progres,OUTAGE,Single Customer,NPT,NORMAL,42.09253,-83.23954
SE25091900026,2025-09-19T07:18:33Z,2025-09-19T08:46:03Z,5,2025-09-19T02:40:22Z,2025-09-19T11:25:00Z,143,143,Determined upon crew arrival,In Progres,OUTAGE,Device (I),RFD,NORMAL,42.48437,-83.25086
NE25091900027,2025-09-19T07:37:58Z,2025-09-19T09:40:00Z,6,2025-09-19T07:03:16Z,2025-09-20T07:05:00Z,1,1,Determined upon crew arrival,New,OUTAGE,Single Customer,MTC,NORMAL,42.63991,-82.94889
SE25091900035,2025-09-19T07:37:58Z,2025-09-19T08:46:03Z,4,2025-09-19T07:11:11Z,2025-09-19T11:55:00Z,90,90,Determined upon crew arrival,In Progres,OUTAGE,Device (I),CAN,NORMAL,42.38758,-82.9632
SE25091900036,2025-09-19T07:37:58Z,2025-09-19T07:37:58Z,1,2025-09-19T07:11:14Z,,1,1,Determined upon crew arrival,New,OUTAGE,Single Customer,CAN,NORMAL,42.38633,-82.9649
SW25091900028,2025-09-19T07:37:58Z,2025-09-19T08:46:03Z,4,2025-09-19T07:15:31Z,2025-09-19T11:45:00Z,64,64,Determined upon crew arrival,Pending,OUTAGE,Service Transformer,WWS,NORMAL,42.27774,-83.49225
SW25091900029,2025-09-19T07:37:58Z,2025-09-19T19:50:50Z,34,2025-09-19T07:15:29Z,2025-09-19T19:45:00Z,60,60,Equipment problem,In Progres,OUTAGE,Device (I),WWS,NORMAL,42.2812,-83.4914
SW25091900030,2025-09-19T07:37:58Z,2025-09-19T07:37:58Z,1,2025-09-19T07:17:35Z,2025-09-19T11:50:00Z,2,2,Determined upon crew arrival,PC3 Verifi,OUTAGE,Service Secondary,WWS,NORMAL,42.28217,-83.49221
SW25091900033,2025-09-19T07:37:58Z,2025-09-19T07:37:58Z,1,2025-09-19T07:24:08Z,2025-09-20T07:25:00Z,1,1,Determined upon crew arrival,New,OUTAGE,Single Customer,WWS,NORMAL,42.28109,-83.48937
SE25091900040,2025-09-19T07:51:39Z,2025-09-19T14:53:23Z,18,2025-09-19T07:35:42Z,2025-09-20T07:40:00Z,1,1,Problem with the customer equip,In Progres,OUTAGE,Single Customer,CAN,NORMAL,42.38752,-82.95432
SE25091900042,2025-09-19T07:51:39Z,2025-09-19T11:16:32Z,9,2025-09-19T07:39:18Z,2025-09-19T12:10:00Z,1,1,Determined upon crew arrival,In Progres,PRIORITY,,CAN,NORMAL,42.36929,-82.96931
SW25091900046,2025-09-19T08:46:03Z,2025-09-19T08:46:03Z,1,2025-09-19T07:15:32Z,2025-09-20T08:20:00Z,1,1,Determined upon crew arrival,New,OUTAGE,Single Customer,WWS,NORMAL,42.28182,-83.49151
NW25091900050,2025-09-19T09:21:12Z,2025-09-19T10:42:09Z,4,2025-09-19T08:45:03Z,2025-09-20T08:45:00Z,1,1,Determined upon crew arrival,In Progres,OUTAGE,Single Customer,HWL,NORMAL,42.67611,-83.79012
SW25091900049,2025-09-19T09:21:12Z,2025-09-19T18:27:03Z,25,2025-09-19T08:43:25Z,2025-09-20T08:45:00Z,1,1,Equipment problem,In Progres,OUTAGE,Single Customer,ANN,NORMAL,42.20365,-83.79918
NE25091900053,2025-09-19T09:40:00Z,2025-09-19T15:51:23Z,17,2025-09-18T21:13:12Z,2025-09-20T09:25:00Z,1,1,Equipment problem,In Progres,OUTAGE,Single Customer,MAR,NORMAL,43.09395,-82.84674
NW25091900052,2025-09-19T09:40:00Z,2025-09-19T17:38:35Z,22,2025-09-19T09:18:30Z,2025-09-19T17:55:00Z,30,30,Equipment problem,In Progres,OUTAGE,Device (I),PON,NORMAL,42.59564,-83.09318
NW25091900054,2025-09-19T09:40:00Z,2025-09-19T17:38:35Z,22,2025-09-19T09:18:30Z,2025-09-19T17:55:00Z,22,22,Equipment problem,In Progres,OUTAGE,Device (I),PON,NORMAL,42.5946,-83.09244
NW25091900059,2025-09-19T10:20:34Z,2025-09-19T11:16:32Z,4,2025-09-19T09:18:33Z,2025-09-20T09:50:00Z,1,1,Determined upon crew arrival,In Progres,OUTAGE,Single Customer,PON,NORMAL,42.5976,-83.09106
NW25091900066,2025-09-19T10:20:34Z,2025-09-19T10:42:09Z,2,2025-09-19T10:13:00Z,2025-09-20T10:15:00Z,1,1,Determined upon crew arrival,New,OUTAGE,Single Customer,PON,NORMAL,42.81544,-83.42
SE25091900058,2025-09-19T10:20:34Z,2025-09-19T11:16:32Z,4,2025-09-19T09:43:29Z,2025-09-20T09:45:00Z,1,1,Determined upon crew arrival,In Progres,OUTAGE,Single Customer,RFD,NORMAL,42.35878,-83.30125
SE25091900060,2025-09-19T10:20:34Z,2025-09-19T15:51:23Z,16,2025-09-19T09:55:32Z,2025-09-20T09:55:00Z,1,1,Determined upon crew arrival,In Progres,SERVICE DOWN NO,,CAN,NORMAL,42.42354,-83.00716
SE25091900062,2025-09-19T10:20:34Z,2025-09-19T11:51:37Z,6,2025-09-19T10:01:33Z,2025-09-20T10:00:00Z,1,1,Determined upon crew arrival,PC3 Verifi,OUTAGE,Single Customer,RFD,NORMAL,42.24793,-83.14089
NW25091900067,2025-09-19T10:42:09Z,2025-09-19T10:53:21Z,2,2025-09-19T10:15:31Z,2025-09-20T10:15:00Z,2,2,Determined upon crew arrival,New,OUTAGE,Service Transformer,PON,NORMAL,42.81005,-83.42169
NW25091900068,2025-09-19T10:42:09Z,2025-09-19T10:53:21Z,2,2025-09-19T10:15:46Z,2025-09-19T14:45:00Z,24,24,Determined upon crew arrival,New,OUTAGE,Device (I),PON,NORMAL,42.81485,-83.42963
NW25091900070,2025-09-19T10:42:09Z,2025-09-19T15:19:37Z,13,2025-09-19T10:12:20Z,2025-09-19T18:50:00Z,158,24,Equipment problem,In Progres,OUTAGE,Device (II),PON,NORMAL,42.81637,-83.43542
NW25091900073,2025-09-19T10:42:09Z,2025-09-19T11:37:46Z,4,2025-09-19T10:13:00Z,2025-09-19T14:55:00Z,16,16,Equipment problem,In Progres,OUTAGE,Device (II),PON,NORMAL,42.8144,-83.4239
NW25091900074,2025-09-19T10:42:09Z,2025-09-19T10:42:09Z,1,2025-09-19T10:22:42Z,2025-09-20T10:25:00Z,1,1,Determined upon crew arrival,New,OUTAGE,Single Customer,PON,NORMAL,42.81306,-83.42047
SE25091900076,2025-09-19T10:42:09Z,2025-09-19T17:38:35Z,20,2025-09-18T23:55:15Z,2025-09-20T10:25:00Z,1,1,Determined upon crew arrival,In Progres,OUTAGE,Service Transformer,CAN,NORMAL,42.43209,-82.99763
NE25091900077,2025-09-19T10:53:21Z,2025-09-19T17:16:20Z,18,2025-09-19T10:30:20Z,2025-09-20T10:30:00Z,1,1,Determined upon crew arrival,In Progres,OUTAGE,Single Customer,NAE,NORMAL,43.3761,-83.574
SE25091900081,2025-09-19T10:53:21Z,2025-09-19T11:51:37Z,4,2025-09-19T10:39:10Z,2025-09-20T10:40:00Z,1,1,Determined upon crew arrival,New,OUTAGE,Single Customer,RFD,NORMAL,42.27865,-83.14102
SW25091900084,2025-09-19T11:16:32Z,2025-09-19T11:16:32Z,1,2025-09-19T10:40:01Z,2025-09-20T10:45:00Z,1,1,Equipment problem,New,OUTAGE,Single Customer,WWS,NORMAL,42.29332,-83.37535
NW25091900092,2025-09-19T11:37:46Z,2025-09-19T11:37:46Z,1,2025-09-19T11:26:46Z,2025-09-20T11:25:00Z,26,26,Determined upon crew arrival,New,OUTAGE,Device (I),PON,NORMAL,42.81582,-83.432
NW25091900093,2025-09-19T11:37:46Z,2025-09-19T11:37:46Z,1,2025-09-19T11:26:50Z,2025-09-20T11:25:00Z,1,1,Determined upon crew arrival,New,OUTAGE,Single Customer,PON,NORMAL,42.80911,-83.4206
SW25091900086,2025-09-19T11:37:46Z,2025-09-19T15:51:23Z,12,2025-09-19T11:03:50Z,2025-09-20T11:05:00Z,1,1,Equipment problem,In Progres,OUTAGE,Single Customer,NPT,NORMAL,42.08041,-83.3098
SW25091900087,2025-09-19T11:37:46Z,2025-09-19T14:18:41Z,7,2025-09-19T11:06:50Z,2025-09-20T11:05:00Z,1,1,Equipment problem,In Progres,OUTAGE,Single Customer,ANN,NORMAL,42.2032,-83.64355
SW25091900089,2025-09-19T11:37:46Z,2025-09-19T15:51:23Z,12,2025-09-19T10:40:01Z,2025-09-20T11:15:00Z,1,1,Determined upon crew arrival,In Progres,OUTAGE,Single Customer,WWS,NORMAL,42.29332,-83.37535
SW25091900091,2025-09-19T11:37:46Z,2025-09-19T12:40:09Z,3,2025-09-19T11:21:38Z,2025-09-20T11:20:00Z,1,1,Equipment problem,In Progres,OUTAGE,Single Customer,WWS,NORMAL,42.28182,-83.49151
SW25091900096,2025-09-19T11:51:37Z,2025-09-19T14:42:15Z,7,2025-09-19T11:35:18Z,2025-09-19T16:05:00Z,200,200,Equipment problem,In Progres,OUTAGE,Device (II),WWS,NORMAL,42.20445,-83.41878
NE25091900114,2025-09-19T12:40:09Z,2025-09-19T15:51:23Z,10,2025-09-18T16:08:34Z,2025-09-20T12:05:00Z,1,1,Equipment problem,In Progres,OUTAGE,Single Customer,LAP,NORMAL,43.11416,-83.38266
NW25091900120,2025-09-19T12:40:09Z,2025-09-19T13:15:47Z,2,2025-09-19T12:09:14Z,2025-09-20T12:10:00Z,1,1,Equipment problem,In Progres,OUTAGE,Single Customer,PON,NORMAL,42.78307,-83.46303
NW25091900122,2025-09-19T12:40:09Z,2025-09-19T13:15:47Z,2,2025-09-19T12:09:37Z,2025-09-19T16:40:00Z,4,4,Equipment problem,In Progres,OUTAGE,Service Transformer,HWL,NORMAL,42.64515,-83.71782
NW25091900123,2025-09-19T12:40:09Z,2025-09-19T13:15:47Z,2,2025-09-19T12:09:41Z,2025-09-20T12:15:00Z,1,1,Equipment problem,In Progres,OUTAGE,Single Customer,HWL,NORMAL,42.64398,-83.71811
SW25091900115,2025-09-19T12:40:09Z,2025-09-19T13:54:15Z,4,2025-09-19T11:58:40Z,2025-09-19T16:35:00Z,3,3,Equipment problem,In Progres,OUTAGE,Service Transformer,WWS,NORMAL,42.41909,-83.3877
NW25091900137,2025-09-19T13:15:47Z,2025-09-19T17:51:36Z,15,2025-09-19T12:31:57Z,2025-09-19T21:00:00Z,1,1,Determined upon crew arrival,In Progres,PRIORITY,,PON,NORMAL,42.63027,-83.32761
NW25091900138,2025-09-19T13:15:47Z,2025-09-20T04:22:13Z,38,2025-09-19T12:32:59Z,2025-09-20T12:35:00Z,1,1,Problem with the customer equip,In Progres,OUTAGE,Single Customer,PON,NORMAL,42.60689,-83.3398
NW25091900143,2025-09-19T13:15:47Z,2025-09-19T20:20:28Z,22,2025-09-19T00:15:24Z,2025-09-19T21:10:00Z,1,1,Determined upon crew arrival,In Progres,PRIORITY,,PON,NORMAL,42.52287,-83.54591
NE25091900157,2025-09-19T13:43:36Z,2025-09-19T13:54:15Z,2,2025-09-19T12:58:00Z,2025-09-20T13:00:00Z,1,1,Determined upon crew arrival,In Progres,OUTAGE,Single Customer,MAR,NORMAL,42.98932,-82.4522
NE25091900198,2025-09-19T13:43:36Z,2025-09-19T13:54:15Z,2,2025-09-19T13:21:31Z,2025-09-20T13:20:00Z,1,1,Determined upon crew arrival,PC3 Verifi,OUTAGE,Single Customer,NAE,NORMAL,43.30736,-83.61861
NW25091900165,2025-09-19T13:43:36Z,2025-09-19T16:55:02Z,11,2025-09-19T13:02:08Z,2025-09-20T13:05:00Z,1,1,Equipment problem,In Progres,OUTAGE,Single Customer,HWL,NORMAL,42.68047,-84.18923
NW25091900172,2025-09-19T13:43:36Z,2025-09-19T14:18:41Z,3,2025-09-19T12:59:10Z,2025-09-19T17:35:00Z,5,5,Equipment problem,In Progres,OUTAGE,Service Transformer,SBY,NORMAL,42.69857,-82.99998
NW25091900183,2025-09-19T13:43:36Z,2025-09-20T21:51:16Z,84,2025-09-19T13:12:23Z,2025-09-21T01:10:00Z,1,1,Equipment problem,In Progres,OUTAGE,Single Customer,PON,NORMAL,42.70709,-83.44164
NW25091900191,2025-09-19T13:43:36Z,2025-09-19T14:53:23Z,5,2025-09-19T13:15:46Z,2025-09-19T17:50:00Z,2,2,Determined upon crew arrival,In Progres,OUTAGE,Service Secondary,PON,NORMAL,42.56113,-83.30407
NW25091900194,2025-09-19T13:43:36Z,2025-09-19T21:51:12Z,26,2025-09-19T13:19:55Z,2025-09-20T13:20:00Z,1,1,Determined upon crew arrival,In Progres,OUTAGE,Single Customer,PON,NORMAL,42.65889,-83.30162
NW25091900195,2025-09-19T13:43:36Z,2025-09-19T15:39:57Z,7,2025-09-19T13:16:15Z,2025-09-20T13:20:00Z,1,1,Determined upon crew arrival,In Progres,OUTAGE,Single Customer,PON,NORMAL,42.65969,-83.39094
NW25091900199,2025-09-19T13:43:36Z,2025-09-19T13:54:15Z,2,2025-09-19T13:22:09Z,2025-09-19T17:50:00Z,5,5,Determined upon crew arrival,New,OUTAGE,Substation,PON,NORMAL,42.54868,-83.21518
NW25091900208,2025-09-19T13:43:36Z,2025-09-19T17:16:20Z,12,2025-09-19T13:27:36Z,2025-09-20T13:30:00Z,1,1,Determined upon crew arrival,In Progres,OUTAGE,Single Customer,PON,NORMAL,42.67111,-83.27792
NW25091900209,2025-09-19T13:43:36Z,2025-09-19T14:53:23Z,5,2025-09-19T13:27:52Z,2025-09-20T13:30:00Z,1,1,Equipment problem,In Progres,OUTAGE,Single Customer,PON,NORMAL,42.7771,-83.414
NW25091900210,2025-09-19T13:43:36Z,2025-09-19T15:51:23Z,8,2025-09-19T13:28:08Z,2025-09-20T13:30:00Z,1,1,Equipment problem,In Progres,OUTAGE,Single Customer,PON,NORMAL,42.53791,-83.09444
SE25091900154,2025-09-19T13:43:36Z,2025-09-19T18:47:22Z,16,2025-09-19T12:54:20Z,2025-09-20T12:55:00Z,1,1,Equipment problem,In Progres,OUTAGE,Single Customer,RFD,NORMAL,42.2557,-83.18053
SE25091900190,2025-09-19T13:43:36Z,2025-09-20T01:22:51Z,32,2025-09-19T13:17:14Z,2025-09-20T13:15:00Z,1,1,Determined upon crew arrival,In Progres,OUTAGE,Single Customer,CAN,NORMAL,42.41013,-82.99819
SE25091900196,2025-09-19T13:43:36Z,2025-09-19T14:42:15Z,4,2025-09-19T13:20:25Z,2025-09-20T13:20:00Z,1,1,Determined upon crew arrival,In Progres,OUTAGE,Single Customer,CAN,NORMAL,42.42603,-83.05446
SE25091900201,2025-09-19T13:43:36Z,2025-09-19T14:42:15Z,4,2025-09-19T13:20:35Z,2025-09-19T17:55:00Z,2,2,Determined upon crew arrival,New,OUTAGE,Service Secondary,CAN,NORMAL,42.42661,-83.0563
SW25091900170,2025-09-19T13:43:36Z,2025-09-19T13:54:15Z,2,2025-09-19T13:04:11Z,2025-09-19T17:35:00Z,2,2,Determined upon crew arrival,In Progres,OUTAGE,Service Transformer,ANN,NORMAL,42.35731,-83.77716
SW25091900185,2025-09-19T13:43:36Z,2025-09-19T15:51:23Z,8,2025-09-19T13:12:42Z,2025-09-20T13:15:00Z,1,1,Equipment problem,In Progres,OUTAGE,Single Customer,WWS,NORMAL,42.27714,-83.29827
SW25091900205,2025-09-19T13:43:36Z,2025-09-19T13:43:36Z,1,2025-09-19T13:26:55Z,,1,1,Determined upon crew arrival,In Progres,OUTAGE,Service Transformer,ANN,NORMAL,42.29048,-83.88526
SW25091900211,2025-09-19T13:43:36Z,2025-09-19T13:43:36Z,1,2025-09-19T13:29:23Z,,4,4,Determined upon crew arrival,New,OUTAGE,Service Transformer,ANN,NORMAL,42.29202,-83.88547
SE25091900215,2025-09-19T13:54:15Z,2025-09-19T19:50:50Z,19,2025-09-19T13:30:50Z,2025-09-20T13:35:00Z,1,1,Equipment problem,In Progres,OUTAGE,Single Customer,RFD,NORMAL,42.44405,-83.16625
SE25091900218,2025-09-19T13:54:15Z,2025-09-19T19:50:50Z,19,2025-09-19T13:36:42Z,2025-09-20T13:35:00Z,1,1,Determined upon crew arrival,In Progres,OUTAGE,Single Customer,RFD,NORMAL,42.39876,-83.20206
SE25091900220,2025-09-19T13:54:15Z,2025-09-19T15:19:37Z,5,2025-09-19T13:38:48Z,2025-09-19T18:10:00Z,9,9,Determined upon crew arrival,In Progres,OUTAGE,Service Transformer,RFD,NORMAL,42.46875,-83.14459
SE25091900224,2025-09-19T13:54:15Z,2025-09-19T22:38:41Z,27,2025-09-19T13:43:52Z,2025-09-20T13:45:00Z,1,1,Public Interference w/DTE equip,In Progres,OUTAGE,Single Customer,RFD,NORMAL,42.33368,-83.15079
SW25091900213,2025-09-19T13:54:15Z,2025-09-19T16:44:21Z,9,2025-09-19T13:31:44Z,2025-09-20T13:30:00Z,1,1,Determined upon crew arrival,In Progres,OUTAGE,Service Secondary,ANN,NORMAL,42.24761,-83.56497
SW25091900223,2025-09-19T13:54:15Z,2025-09-19T18:27:03Z,14,2025-09-19T13:38:25Z,2025-09-20T13:45:00Z,1,1,Equipment problem,In Progres,OUTAGE,Single Customer,WWS,NORMAL,42.23367,-83.38435
NE25091900226,2025-09-19T14:18:41Z,2025-09-19T17:51:36Z,12,2025-09-19T13:46:14Z,2025-09-20T13:45:00Z,1,1,Determined upon crew arrival,In Progres,OUTAGE,Single Customer,MTC,NORMAL,42.54436,-82.92837
NE25091900228,2025-09-19T14:18:41Z,2025-09-19T15:51:23Z,6,2025-09-19T13:36:27Z,2025-09-19T18:20:00Z,2,2,Animal/bird damaged DTE equip,In Progres,OUTAGE,Service Transformer,MTC,NORMAL,42.58796,-82.91308
NE25091900232,2025-09-19T14:18:41Z,2025-09-19T18:47:22Z,14,2025-09-19T13:51:01Z,2025-09-20T13:50:00Z,1,1,Determined upon crew arrival,In Progres,OUTAGE,Single Customer,MTC,NORMAL,42.46518,-82.96128
NW25091900234,2025-09-19T14:18:41Z,2025-09-19T15:19:37Z,4,2025-09-19T13:53:56Z,2025-09-20T13:55:00Z,1,1,Equipment problem,In Progres,OUTAGE,Single Customer,HWL,NORMAL,42.65856,-84.21649
NW25091900235,2025-09-19T14:18:41Z,2025-09-19T17:16:20Z,10,2025-09-19T13:49:14Z,2025-09-19T18:25:00Z,5,5,Equipment problem,In Progres,OUTAGE,Service Transformer,PON,NORMAL,42.54636,-83.34762
SE25091900240,2025-09-19T14:18:41Z,2025-09-19T14:18:41Z,1,2025-09-19T13:42:38Z,,1,1,Determined upon crew arrival,New,OUTAGE,Single Customer,RFD,NORMAL,42.51727,-83.16919
SW25091900227,2025-09-19T14:18:41Z,2025-09-19T14:18:41Z,1,2025-09-19T13:48:41Z,2025-09-19T18:20:00Z,2,2,Determined upon crew arrival,In Progres,OUTAGE,Service Transformer,ANN,NORMAL,42.2479,-83.57966
SW25091900237,2025-09-19T14:18:41Z,2025-09-19T14:53:23Z,3,2025-09-19T13:56:44Z,2025-09-20T13:55:00Z,1,1,Determined upon crew arrival,In Progres,OUTAGE,Service Secondary,WWS,NORMAL,42.33375,-83.37605
NE25091900245,2025-09-19T14:42:15Z,2025-09-19T17:16:20Z,9,2025-09-19T14:03:25Z,2025-09-20T14:05:00Z,1,1,Energy theft,In Progres,OUTAGE,Single Customer,MTC,NORMAL,42.73471,-82.78395
NE25091900248,2025-09-19T14:42:15Z,2025-09-19T14:53:23Z,2,2025-09-19T14:04:09Z,2025-09-19T18:35:00Z,10,10,Determined upon crew arrival,In Progres,OUTAGE,Service Transformer,NAE,NORMAL,43.41458,-82.82566
NE25091900277,2025-09-19T14:42:15Z,2025-09-19T15:39:57Z,4,2025-09-19T14:23:56Z,2025-09-20T14:25:00Z,1,1,Determined upon crew arrival,In Progres,OUTAGE,Single Customer,MTC,NORMAL,42.45198,-82.98552
NW25091900244,2025-09-19T14:42:15Z,2025-09-19T14:53:23Z,2,2025-09-19T14:01:51Z,2025-09-20T14:00:00Z,1,1,Determined upon crew arrival,In Progres,OUTAGE,Single Customer,PON,NORMAL,42.6597,-83.30162
NW25091900280,2025-09-19T14:42:15Z,2025-09-19T17:51:36Z,11,2025-09-19T14:28:07Z,2025-09-20T14:30:00Z,1,1,Equipment problem,In Progres,SERVICE DOWN NO,,HWL,NORMAL,42.60104,-83.92781
SE25091900241,2025-09-19T14:42:15Z,2025-09-19T17:16:20Z,9,2025-09-19T14:00:51Z,2025-09-20T14:00:00Z,1,1,Equipment problem,In Progres,OUTAGE,Single Customer,RFD,NORMAL,42.50838,-83.17589
SE25091900243,2025-09-19T14:42:15Z,2025-09-19T17:38:35Z,10,2025-09-18T17:10:21Z,2025-09-20T14:00:00Z,1,1,Equipment problem,In Progres,OUTAGE,Single Customer,CAN,NORMAL,42.42279,-83.00584
SE25091900255,2025-09-19T14:42:15Z,2025-09-19T14:53:23Z,2,2025-09-19T13:55:18Z,2025-09-19T18:40:00Z,4,4,Determined upon crew arrival,In Progres,OUTAGE,Service Transformer,CAN,NORMAL,42.38737,-83.13864
SE25091900257,2025-09-19T14:42:15Z,2025-09-19T18:27:03Z,12,2025-09-19T13:06:19Z,2025-09-20T14:15:00Z,1,1,Determined upon crew arrival,Pending,SERVICE DOWN NO,,RFD,NORMAL,42.3643,-83.22567
SE25091900259,2025-09-19T14:42:15Z,2025-09-19T16:44:21Z,7,2025-09-19T14:14:23Z,2025-09-20T14:15:00Z,1,1,Determined upon crew arrival,In Progres,OUTAGE,Single Customer,RFD,NORMAL,42.46195,-83.23212
SE25091900263,2025-09-19T14:42:15Z,2025-09-19T17:38:35Z,10,2025-09-18T22:19:28Z,2025-09-20T14:15:00Z,1,1,Determined upon crew arrival,In Progres,OUTAGE,Single Customer,RFD,NORMAL,42.44934,-83.16009
SE25091900265,2025-09-19T14:42:15Z,2025-09-20T22:16:18Z,82,2025-09-19T14:13:41Z,2025-09-20T22:20:00Z,1,1,Equipment problem,In Progres,OUTAGE,Single Customer,CAN,NORMAL,42.38976,-82.94868
SE25091900270,2025-09-19T14:42:15Z,2025-09-19T17:16:20Z,9,2025-09-19T14:19:57Z,2025-09-20T14:20:00Z,1,1,Determined upon crew arrival,In Progres,OUTAGE,Single Customer,CAN,NORMAL,42.38622,-83.13694
SE25091900273,2025-09-19T14:42:15Z,2025-09-19T14:53:23Z,2,2025-09-19T14:22:26Z,2025-09-20T14:20:00Z,1,1,Determined upon crew arrival,PC3 Verifi,OUTAGE,Single Customer,CAN,NORMAL,42.38815,-83.1366
SW25091900247,2025-09-19T14:42:15Z,2025-09-19T19:26:56Z,15,2025-09-19T13:47:54Z,2025-09-19T22:35:00Z,4,4,Determined upon crew arrival,In Progres,OUTAGE,Service Transformer,ANN,NORMAL,42.29202,-83.88547
SW25091900253,2025-09-19T14:42:15Z,2025-09-19T14:53:23Z,2,2025-09-19T14:09:09Z,2025-09-20T14:10:00Z,1,1,Determined upon crew arrival,In Progres,OUTAGE,Single Customer,WWS,NORMAL,42.33162,-83.37187
SW25091900279,2025-09-19T14:42:15Z,2025-09-19T15:19:37Z,3,2025-09-19T14:25:55Z,2025-09-19T18:55:00Z,18,18,Determined upon crew arrival,In Progres,OUTAGE,Device (I),WWS,NORMAL,42.42891,-83.36309
NE25091900288,2025-09-19T14:53:23Z,2025-09-19T15:51:23Z,4,2025-09-19T14:34:40Z,2025-09-20T14:35:00Z,1,1,Determined upon crew arrival,In Progres,OUTAGE,Single Customer,MAR,NORMAL,42.98744,-82.45329
NE25091900296,2025-09-19T14:53:23Z,2025-09-19T15:51:23Z,4,2025-09-19T14:38:50Z,2025-09-20T14:40:00Z,1,1,Determined upon crew arrival,In Progres,OUTAGE,Single Customer,NAE,NORMAL,43.41474,-82.82864
NE25091900299,2025-09-19T14:53:23Z,2025-09-19T15:39:57Z,3,2025-09-19T14:40:03Z,2025-09-19T19:10:00Z,3,3,Determined upon crew arrival,In Progres,OUTAGE,Service Transformer,MAR,NORMAL,42.94462,-82.47195
SW25091900287,2025-09-19T14:53:23Z,2025-09-19T15:19:37Z,2,2025-09-19T14:34:09Z,2025-09-19T19:05:00Z,5,5,Determined upon crew arrival,In Progres,OUTAGE,Service Transformer,NPT,NORMAL,42.06569,-83.24085
SW25091900293,2025-09-19T14:53:23Z,2025-09-19T15:39:57Z,3,2025-09-19T14:37:12Z,2025-09-19T19:05:00Z,14,14,Determined upon crew arrival,In Progres,OUTAGE,Service Transformer,WWS,NORMAL,42.29383,-83.36642
SW25091900297,2025-09-19T14:53:23Z,2025-09-19T15:19:37Z,2,2025-09-19T14:39:20Z,2025-09-19T19:10:00Z,11,11,Determined upon crew arrival,In Progres,OUTAGE,Service Transformer,NPT,NORMAL,42.0934,-83.28311
SW25091900301,2025-09-19T14:53:23Z,2025-09-19T17:16:20Z,8,2025-09-19T14:41:36Z,2025-09-19T19:10:00Z,4,4,Determined upon crew arrival,In Progres,OUTAGE,Service Transformer,ANN,NORMAL,42.35304,-83.77163
SW25091900304,2025-09-19T14:53:23Z,2025-09-19T14:53:23Z,1,2025-09-19T14:42:54Z,,1,1,Determined upon crew arrival,In Progres,OUTAGE,Single Customer,WWS,NORMAL,42.26087,-83.23369
NE25091900343,2025-09-19T15:19:37Z,2025-09-19T16:44:21Z,5,2025-09-19T15:09:36Z,2025-09-20T15:10:00Z,1,1,Determined upon crew arrival,In Progres,OUTAGE,Single Customer,LAP,NORMAL,42.91873,-83.04307
NE25091900348,2025-09-19T15:19:37Z,2025-09-19T18:47:22Z,11,2025-09-19T15:12:10Z,2025-09-20T15:10:00Z,1,1,Determined upon crew arrival,In Progres,OUTAGE,Single Customer,LAP,NORMAL,42.93458,-83.42692
SE25091900309,2025-09-19T15:19:37Z,2025-09-19T15:51:23Z,3,2025-09-19T14:45:37Z,2025-09-20T14:45:00Z,1,1,Determined upon crew arrival,In Progres,OUTAGE,Single Customer,CAN,NORMAL,42.43914,-83.00526
SE25091900310,2025-09-19T15:19:37Z,2025-09-19T17:51:36Z,9,2025-09-18T17:36:57Z,2025-09-20T14:45:00Z,1,1,Determined upon crew arrival,In Progres,OUTAGE,Single Customer,RFD,NORMAL,42.29536,-83.24881
SE25091900313,2025-09-19T15:19:37Z,2025-09-19T15:51:23Z,3,2025-09-19T14:45:06Z,2025-09-19T19:20:00Z,2,2,Determined upon crew arrival,In Progres,OUTAGE,Service Secondary,CAN,NORMAL,42.38982,-83.13714
SE25091900336,2025-09-19T15:19:37Z,2025-09-19T16:23:11Z,4,2025-09-19T15:05:15Z,2025-09-20T15:05:00Z,1,1,Determined upon crew arrival,In Progres,OUTAGE,Service Secondary,CAN,NORMAL,42.35791,-83.02303
SE25091900340,2025-09-19T15:19:37Z,2025-09-19T17:16:20Z,7,2025-09-19T15:07:42Z,2025-09-20T15:10:00Z,1,1,Determined upon crew arrival,In Progres,OUTAGE,Single Customer,CAN,NORMAL,42.37262,-83.04844
SW25091900337,2025-09-19T15:19:37Z,2025-09-19T16:23:11Z,4,2025-09-19T15:05:38Z,2025-09-20T15:05:00Z,1,1,Determined upon crew arrival,In Progres,OUTAGE,Single Customer,ANN,NORMAL,42.26213,-83.58863
SW25091900350,2025-09-19T15:19:37Z,2025-09-19T15:39:57Z,2,2025-09-19T14:57:59Z,2025-09-19T19:45:00Z,2,2,Determined upon crew arrival,In Progres,OUTAGE,Service Transformer,ANN,NORMAL,42.2479,-83.57966
SW25091900351,2025-09-19T15:19:37Z,2025-09-19T16:23:11Z,4,2025-09-19T14:58:05Z,2025-09-19T19:45:00Z,49,49,Determined upon crew arrival,Pending,OUTAGE,Device (I),WWS,NORMAL,42.28713,-83.36613
NE25091900354,2025-09-19T15:39:57Z,2025-09-19T16:23:11Z,3,2025-09-19T15:14:12Z,2025-09-19T19:50:00Z,13,13,Equipment problem,In Progres,OUTAGE,Device (I),LAP,NORMAL,43.12938,-83.41894
NW25091900358,2025-09-19T15:39:57Z,2025-09-19T15:51:23Z,2,2025-09-19T15:18:56Z,2025-09-20T15:20:00Z,1,1,Determined upon crew arrival,New,OUTAGE,Single Customer,PON,NORMAL,42.53377,-83.51237
NW25091900359,2025-09-19T15:39:57Z,2025-09-19T17:16:20Z,6,2025-09-19T15:18:54Z,2025-09-20T15:20:00Z,1,1,Determined upon crew arrival,PC3 Verifi,OUTAGE,Single Customer,PON,NORMAL,42.52404,-83.51948
NW25091900378,2025-09-19T15:39:57Z,2025-09-19T15:51:23Z,2,2025-09-19T15:21:44Z,2025-09-20T15:20:00Z,1,1,Determined upon crew arrival,New,OUTAGE,Single Customer,PON,NORMAL,42.53386,-83.51385
NW25091900386,2025-09-19T15:39:57Z,2025-09-19T17:16:20Z,6,2025-09-19T15:24:38Z,2025-09-19T19:55:00Z,32,32,Determined upon crew arrival,In Progres,OUTAGE,Device (I),PON,NORMAL,42.53687,-83.35389
SE25091900372,2025-09-19T15:39:57Z,2025-09-20T01:22:51Z,26,2025-09-19T15:20:56Z,2025-09-20T15:20:00Z,1,1,Determined upon crew arrival,In Progres,SERVICE DOWN NO,,RFD,NORMAL,42.33656,-83.28699
SE25091900374,2025-09-19T15:39:57Z,2025-09-19T15:51:23Z,2,2025-09-19T15:21:18Z,2025-09-20T15:20:00Z,1,1,Determined upon crew arrival,In Progres,OUTAGE,Single Customer,RFD,NORMAL,42.33315,-83.28919
SW25091900373,2025-09-19T15:39:57Z,2025-09-19T15:51:23Z,2,2025-09-19T15:21:18Z,2025-09-20T15:20:00Z,1,1,Determined upon crew arrival,In Progres,OUTAGE,Single Customer,WWS,NORMAL,42.43897,-83.31723
NE25091900396,2025-09-19T15:51:23Z,2025-09-19T16:55:02Z,4,2025-09-19T15:30:36Z,2025-09-20T15:30:00Z,1,1,Determined upon crew arrival,In Progres,OUTAGE,Single Customer,MTC,NORMAL,42.47045,-82.95802
NE25091900400,2025-09-19T15:51:23Z,2025-09-19T17:16:20Z,5,2025-09-19T15:33:22Z,2025-09-19T20:05:00Z,2,2,Determined upon crew arrival,In Progres,OUTAGE,Service Transformer,MTC,NORMAL,42.82164,-82.76182
NW25091900392,2025-09-19T15:51:23Z,2025-09-19T16:23:11Z,2,2025-09-19T15:30:39Z,2025-09-20T15:30:00Z,1,1,Determined upon crew arrival,In Progres,OUTAGE,Single Customer,PON,NORMAL,42.6597,-83.30162
NW25091900393,2025-09-19T15:51:23Z,2025-09-19T15:51:23Z,1,2025-09-19T15:31:05Z,2025-09-20T15:30:00Z,1,1,Determined upon crew arrival,In Progres,OUTAGE,Single Customer,PON,NORMAL,42.66116,-83.30271
NW25091900397,2025-09-19T15:51:23Z,2025-09-19T17:16:20Z,5,2025-09-19T15:32:52Z,2025-09-20T15:35:00Z,1,1,Determined upon crew arrival,In Progres,OUTAGE,Single Customer,HWL,NORMAL,42.59276,-83.77438
NW25091900398,2025-09-19T15:51:23Z,2025-09-19T15:51:23Z,1,2025-09-19T15:33:11Z,2025-09-20T15:35:00Z,1,1,Determined upon crew arrival,New,OUTAGE,Single Customer,PON,NORMAL,42.54117,-83.50892
NW25091900411,2025-09-19T15:51:23Z,2025-09-19T16:55:02Z,4,2025-09-19T15:43:43Z,2025-09-19T20:15:00Z,2,2,Determined upon crew arrival,In Progres,OUTAGE,Service Transformer,PON,NORMAL,42.75167,-83.35677
NW25091900412,2025-09-19T15:51:23Z,2025-09-19T17:38:35Z,6,2025-09-19T15:40:08Z,2025-09-19T20:15:00Z,9,9,Equipment problem,In Progres,OUTAGE,Service Transformer,HWL,NORMAL,42.60104,-83.92781
SE25091900399,2025-09-19T15:51:23Z,2025-09-19T15:51:23Z,1,2025-09-19T15:33:13Z,2025-09-20T15:35:00Z,1,1,Determined upon crew arrival,In Progres,OUTAGE,Single Customer,CAN,NORMAL,42.35401,-83.02303
SW25091900401,2025-09-19T15:51:23Z,2025-09-19T17:51:36Z,7,2025-09-19T15:34:04Z,2025-09-20T15:35:00Z,1,1,Determined upon crew arrival,In Progres,OUTAGE,Single Customer,NPT,NORMAL,42.14609,-83.16645
SW25091900404,2025-09-19T15:51:23Z,2025-09-19T15:51:23Z,1,2025-09-19T15:36:42Z,2025-09-20T15:35:00Z,1,1,Determined upon crew arrival,In Progres,OUTAGE,Single Customer,ANN,NORMAL,42.24133,-83.59797
NE25091900425,2025-09-19T16:23:11Z,2025-09-19T18:47:22Z,8,2025-09-19T06:27:44Z,2025-09-20T15:55:00Z,1,1,Equipment problem,In Progres,OUTAGE,Single Customer,MAR,NORMAL,42.71602,-82.58894
NE25091900458,2025-09-19T16:23:11Z,2025-09-19T19:26:56Z,10,2025-09-19T16:15:04Z,2025-09-20T16:15:00Z,1,1,Equipment problem,In Progres,OUTAGE,Single Customer,MTC,NORMAL,42.51072,-82.9332
SE25091900415,2025-09-19T16:23:11Z,2025-09-19T21:16:36Z,16,2025-09-19T15:46:06Z,2025-09-20T15:45:00Z,1,1,Determined upon crew arrival,In Progres,OUTAGE,Single Customer,CAN,NORMAL,42.3912,-83.05258
SE25091900419,2025-09-19T16:23:11Z,2025-09-19T17:16:20Z,4,2025-09-19T15:48:05Z,2025-09-19T20:20:00Z,9,9,Equipment problem,In Progres,OUTAGE,Service Transformer,RFD,NORMAL,42.48387,-83.2185
SE25091900423,2025-09-19T16:23:11Z,2025-09-19T17:16:20Z,4,2025-09-19T15:53:31Z,2025-09-19T20:25:00Z,53,53,Equipment problem,In Progres,OUTAGE,Service Transformer,CAN,NORMAL,42.33669,-83.03598
SE25091900428,2025-09-19T16:23:11Z,2025-09-19T16:55:02Z,3,2025-09-19T15:55:35Z,2025-09-20T15:55:00Z,1,1,Determined upon crew arrival,New,OUTAGE,Single Customer,CAN,NORMAL,42.34114,-83.03757
SE25091900429,2025-09-19T16:23:11Z,2025-09-19T17:51:36Z,6,2025-09-19T15:57:55Z,2025-09-20T16:00:00Z,1,1,Determined upon crew arrival,PC3 Verifi,OUTAGE,Single Customer,CAN,NORMAL,42.34471,-83.03735
SE25091900448,2025-09-19T16:23:11Z,2025-09-19T20:51:25Z,15,2025-09-19T13:40:30Z,2025-09-20T16:10:00Z,1,1,Determined upon crew arrival,In Progres,OUTAGE,Single Customer,RFD,NORMAL,42.36636,-83.29885
SE25091900452,2025-09-19T16:23:11Z,2025-09-19T17:38:35Z,5,2025-09-19T16:10:39Z,2025-09-20T16:10:00Z,1,1,Determined upon crew arrival,Pending,SERVICE DOWN NO,,RFD,NORMAL,42.19529,-83.18085
SE25091900454,2025-09-19T16:23:11Z,2025-09-19T16:23:11Z,1,2025-09-19T16:12:43Z,,1,1,Determined upon crew arrival,New,OUTAGE,Single Customer,CAN,NORMAL,42.33693,-83.03538
SW25091900414,2025-09-19T16:23:11Z,2025-09-19T17:38:35Z,5,2025-09-19T15:45:46Z,2025-09-20T15:45:00Z,1,1,Equipment problem,In Progres,OUTAGE,Single Customer,WWS,NORMAL,42.30027,-83.37877
SW25091900420,2025-09-19T16:23:11Z,2025-09-19T17:16:20Z,4,2025-09-19T15:49:38Z,2025-09-19T20:20:00Z,2,2,Determined upon crew arrival,In Progres,OUTAGE,Service Secondary,WWS,NORMAL,42.25951,-83.2331
SW25091900427,2025-09-19T16:23:11Z,2025-09-19T17:51:36Z,6,2025-09-19T15:54:52Z,2025-09-19T20:25:00Z,27,27,Determined upon crew arrival,In Progres,OUTAGE,Service Transformer,ANN,NORMAL,42.23339,-83.59144
SW25091900432,2025-09-19T16:23:11Z,2025-09-19T17:38:35Z,5,2025-09-19T10:40:01Z,2025-09-20T16:00:00Z,1,1,Equipment problem,In Progres,OUTAGE,Single Customer,WWS,NORMAL,42.29332,-83.37535
SW25091900455,2025-09-19T16:23:11Z,2025-09-19T17:38:35Z,5,2025-09-19T16:12:44Z,2025-09-20T16:15:00Z,1,1,Determined upon crew arrival,In Progres,OUTAGE,Single Customer,WWS,NORMAL,42.44017,-83.32097
NE25091900462,2025-09-19T16:44:21Z,2025-09-19T16:55:02Z,2,2025-09-19T16:21:55Z,2025-09-20T16:20:00Z,1,1,Determined upon crew arrival,New,OUTAGE,Single Customer,MTC,NORMAL,42.82113,-82.76198
NE25091900464,2025-09-19T16:44:21Z,2025-09-19T19:50:50Z,11,2025-09-19T16:24:38Z,2025-09-20T16:25:00Z,1,1,Equipment problem,In Progres,OUTAGE,Single Customer,NAE,NORMAL,43.79971,-82.99087
SE25091900465,2025-09-19T16:44:21Z,2025-09-19T17:16:20Z,3,2025-09-19T16:24:41Z,2025-09-19T20:55:00Z,1,1,Determined upon crew arrival,In Progres,PRIORITY,,CAN,NORMAL,42.33874,-83.03342
SE25091900471,2025-09-19T16:44:21Z,2025-09-19T19:50:50Z,11,2025-09-19T16:28:28Z,2025-09-19T21:00:00Z,9,9,Equipment problem,In Progres,OUTAGE,Service Transformer,CAN,NORMAL,42.41536,-83.12738
SW25091900469,2025-09-19T16:44:21Z,2025-09-19T16:44:21Z,1,2025-09-19T16:26:21Z,2025-09-20T16:25:00Z,6,6,Determined upon crew arrival,In Progres,OUTAGE,Service Transformer,ANN,NORMAL,42.24823,-83.68702
SW25091900470,2025-09-19T16:44:21Z,2025-09-19T18:47:22Z,7,2025-09-19T16:28:02Z,2025-09-20T16:30:00Z,1,1,Determined upon crew arrival,In Progres,OUTAGE,Single Customer,WWS,NORMAL,42.31258,-83.3834
NE25091900481,2025-09-19T16:55:02Z,2025-09-19T17:16:20Z,2,2025-09-19T16:35:39Z,2025-09-20T16:35:00Z,1,1,Determined upon crew arrival,In Progres,OUTAGE,Single Customer,MAR,NORMAL,43.14209,-82.92375
NE25091900496,2025-09-19T16:55:02Z,2025-09-19T17:16:20Z,2,2025-09-19T16:44:33Z,2025-09-19T21:15:00Z,10,10,Determined upon crew arrival,In Progres,OUTAGE,Service Transformer,NAE,NORMAL,43.41458,-82.82566
SE25091900475,2025-09-19T16:55:02Z,2025-09-19T18:27:03Z,5,2025-09-19T16:31:06Z,2025-09-20T16:30:00Z,1,1,Determined upon crew arrival,In Progres,OUTAGE,Single Customer,RFD,NORMAL,42.41754,-83.16406
SE25091900477,2025-09-19T16:55:02Z,2025-09-19T19:50:50Z,10,2025-09-19T16:34:21Z,2025-09-20T16:35:00Z,1,1,Equipment problem,Pending,OUTAGE,Single Customer,RFD,NORMAL,42.28492,-83.18835
SE25091900486,2025-09-19T16:55:02Z,2025-09-19T17:51:36Z,4,2025-09-19T16:36:58Z,2025-09-20T16:40:00Z,1,1,Determined upon crew arrival,In Progres,OUTAGE,Single Customer,RFD,NORMAL,42.46881,-83.1412
SE25091900493,2025-09-19T16:55:02Z,2025-09-19T17:16:20Z,2,2025-09-19T16:41:57Z,2025-09-20T16:40:00Z,2,2,Determined upon crew arrival,PC3 Verifi,OUTAGE,Service Secondary,CAN,NORMAL,42.33718,-83.03479
SW25091900480,2025-09-19T16:55:02Z,2025-09-19T18:47:22Z,6,2025-09-19T16:33:37Z,2025-09-19T21:05:00Z,14,14,Determined upon crew arrival,In Progres,OUTAGE,Service Transformer,WWS,NORMAL,42.31229,-83.3851
SW25091900495,2025-09-19T16:55:02Z,2025-09-19T16:55:02Z,1,2025-09-19T16:27:00Z,,25,25,Determined upon crew arrival,New,OUTAGE,Service Transformer,WWS,NORMAL,42.28735,-83.36508
SE25091900507,2025-09-19T17:16:20Z,2025-09-19T17:16:20Z,1,2025-09-19T16:56:01Z,2025-09-20T16:55:00Z,87,87,Determined upon crew arrival,New,OUTAGE,Service Transformer,CAN,NORMAL,42.33841,-83.03646
SE25091900509,2025-09-19T17:16:20Z,2025-09-19T17:16:20Z,1,2025-09-19T16:58:31Z,,18,18,Determined upon crew arrival,New,OUTAGE,Service Transformer,CAN,NORMAL,42.33984,-83.03706
SE25091900513,2025-09-19T17:16:20Z,2025-09-19T17:16:20Z,1,2025-09-19T16:59:56Z,,1,1,Determined upon crew arrival,New,OUTAGE,Single Customer,CAN,NORMAL,42.33901,-83.03505
SW25091900503,2025-09-19T17:16:20Z,2025-09-19T20:20:28Z,10,2025-09-19T16:49:22Z,2025-09-20T16:50:00Z,1,1,Determined upon crew arrival,In Progres,OUTAGE,Single Customer,NPT,NORMAL,41.83622,-83.7138
SW25091900511,2025-09-19T17:16:20Z,2025-09-19T20:20:28Z,10,2025-09-19T16:59:24Z,2025-09-20T17:00:00Z,1,1,Equipment problem,In Progres,OUTAGE,Single Customer,ANN,NORMAL,42.24524,-83.99547
SW25091900512,2025-09-19T17:16:20Z,2025-09-19T17:16:20Z,1,2025-09-19T16:59:27Z,,18,18,Determined upon crew arrival,New,OUTAGE,Circuit Level,ANN,NORMAL,42.28101,-83.74637
NE25091900522,2025-09-19T17:38:35Z,2025-09-19T17:38:35Z,1,2025-09-19T17:07:20Z,2025-09-20T17:05:00Z,1,1,Determined upon crew arrival,In Progres,OUTAGE,Single Customer,LAP,NORMAL,42.9738,-83.19865
NE25091900528,2025-09-19T17:38:35Z,2025-09-19T18:47:22Z,4,2025-09-19T17:13:32Z,2025-09-20T17:15:00Z,1,1,Determined upon crew arrival,In Progres,OUTAGE,Single Customer,MTC,NORMAL,42.46825,-82.96562
SE25091900516,2025-09-19T17:38:35Z,2025-09-20T01:22:51Z,20,2025-09-19T17:01:55Z,2025-09-20T17:00:00Z,1,1,Equipment problem,In Progres,OUTAGE,Single Customer,RFD,NORMAL,42.30902,-83.12491
SE25091900517,2025-09-19T17:38:35Z,2025-09-19T17:51:36Z,2,2025-09-19T17:02:25Z,2025-09-20T17:00:00Z,1,1,Determined upon crew arrival,New,OUTAGE,Single Customer,CAN,NORMAL,42.33792,-83.03773
SE25091900525,2025-09-19T17:38:35Z,2025-09-19T19:50:50Z,8,2025-09-19T17:10:05Z,2025-09-20T17:10:00Z,1,1,Determined upon crew arrival,New,OUTAGE,Single Customer,CAN,NORMAL,42.38417,-82.98525
SW25091900514,2025-09-19T17:38:35Z,2025-09-19T19:15:02Z,5,2025-09-19T17:00:18Z,2025-09-19T21:30:00Z,14,14,Determined upon crew arrival,In Progres,OUTAGE,Service Transformer,ANN,NORMAL,42.25197,-83.6882
SW25091900534,2025-09-19T17:38:35Z,2025-09-19T19:50:50Z,8,2025-09-19T17:23:41Z,2025-09-20T17:25:00Z,1,1,Equipment problem,New,OUTAGE,Single Customer,WWS,NORMAL,42.25811,-83.2342
NW25091900551,2025-09-19T17:51:36Z,2025-09-19T18:27:03Z,2,2025-09-19T17:29:52Z,2025-09-20T17:35:00Z,1,1,Determined upon crew arrival,In Progres,OUTAGE,Single Customer,SBY,NORMAL,42.55769,-82.97776
SE25091900550,2025-09-19T17:51:36Z,2025-09-20T17:13:57Z,54,2025-09-19T17:30:12Z,2025-09-20T17:35:00Z,1,1,Determined upon crew arrival,In Progres,SERVICE DOWN NO,,CAN,NORMAL,42.389,-82.9679
SE25091900554,2025-09-19T17:51:36Z,2025-09-19T19:26:56Z,5,2025-09-19T17:37:20Z,2025-09-19T22:10:00Z,80,80,Determined upon crew arrival,In Progres,OUTAGE,Device (I),CAN,NORMAL,42.39902,-83.13832
SE25091900558,2025-09-19T17:51:36Z,2025-09-19T19:39:10Z,6,2025-09-19T17:41:05Z,2025-09-20T17:40:00Z,1,1,Determined upon crew arrival,In Progres,OUTAGE,Single Customer,CAN,NORMAL,42.41263,-83.03864
SW25091900545,2025-09-19T17:51:36Z,2025-09-19T18:27:03Z,2,2025-09-19T17:32:12Z,2025-09-19T22:00:00Z,2,2,Determined upon crew arrival,In Progres,OUTAGE,Service Secondary,ANN,NORMAL,42.2474,-83.687
SW25091900546,2025-09-19T17:51:36Z,2025-09-19T18:47:22Z,3,2025-09-19T17:32:27Z,2025-09-20T17:35:00Z,1,1,Determined upon crew arrival,In Progres,OUTAGE,Single Customer,WWS,NORMAL,42.3347,-83.37462
SW25091900549,2025-09-19T17:51:36Z,2025-09-19T17:51:36Z,1,2025-09-19T07:15:32Z,2025-09-20T17:35:00Z,1,1,Determined upon crew arrival,New,OUTAGE,Single Customer,WWS,NORMAL,42.28182,-83.49151
SW25091900559,2025-09-19T17:51:36Z,2025-09-19T17:51:36Z,1,2025-09-19T17:25:21Z,2025-09-20T17:40:00Z,1,1,Determined upon crew arrival,New,OUTAGE,Single Customer,WWS,NORMAL,42.2972,-83.33096
SW25091900565,2025-09-19T17:51:36Z,2025-09-19T18:27:03Z,2,2025-09-19T17:33:00Z,2025-09-19T22:15:00Z,33,33,Determined upon crew arrival,In Progres,OUTAGE,Service Transformer,ANN,NORMAL,42.31686,-83.72778
NE25091900614,2025-09-19T18:27:03Z,2025-09-19T23:16:58Z,15,2025-09-19T18:03:51Z,2025-09-20T18:05:00Z,1,1,Determined upon crew arrival,In Progres,OUTAGE,Single Customer,MTC,NORMAL,42.53194,-83.06215
NW25091900615,2025-09-19T18:27:03Z,2025-09-21T13:30:27Z,105,2025-09-19T16:00:24Z,2025-09-21T14:35:00Z,2,2,Equipment problem,In Progres,OUTAGE,Service Secondary,PON,NORMAL,42.59135,-83.13058
SE25091900581,2025-09-19T18:27:03Z,2025-09-19T19:15:02Z,3,2025-09-19T17:52:26Z,2025-09-20T17:50:00Z,1,1,Determined upon crew arrival,New,OUTAGE,Single Customer,RFD,NORMAL,42.51776,-83.31947
SE25091900590,2025-09-19T18:27:03Z,2025-09-20T14:50:46Z,47,2025-09-19T17:56:41Z,2025-09-20T17:55:00Z,1,1,Determined upon crew arrival,In Progres,OUTAGE,Single Customer,RFD,NORMAL,42.52286,-83.31224
SE25091900596,2025-09-19T18:27:03Z,2025-09-19T19:50:50Z,6,2025-09-19T17:59:24Z,2025-09-20T18:00:00Z,1,1,Determined upon crew arrival,In Progres,OUTAGE,Single Customer,CAN,NORMAL,42.4034,-83.13487
SE25091900610,2025-09-19T18:27:03Z,2025-09-20T05:51:25Z,28,2025-09-19T18:03:36Z,2025-09-20T18:05:00Z,1,1,Determined upon crew arrival,Pending,OUTAGE,Single Customer,CAN,NORMAL,42.31939,-83.10657
SE25091900624,2025-09-19T18:27:03Z,2025-09-19T18:27:03Z,1,2025-09-19T18:12:50Z,,1,1,Determined upon crew arrival,New,OUTAGE,Single Customer,CAN,NORMAL,42.39774,-83.13943
SW25091900571,2025-09-19T18:27:03Z,2025-09-19T18:47:22Z,2,2025-09-19T17:47:54Z,2025-09-20T17:50:00Z,1,1,Equipment problem,In Progres,OUTAGE,Single Customer,ANN,NORMAL,42.1574,-83.59703
SW25091900573,2025-09-19T18:27:03Z,2025-09-19T19:15:02Z,3,2025-09-19T17:48:35Z,2025-09-20T17:50:00Z,1,1,Equipment problem,PC3 Verifi,OUTAGE,Single Customer,WWS,NORMAL,42.25791,-83.23656
SW25091900604,2025-09-19T18:27:03Z,2025-09-19T21:37:10Z,11,2025-09-19T10:40:01Z,2025-09-20T18:00:00Z,1,1,Equipment problem,In Progres,OUTAGE,Single Customer,WWS,NORMAL,42.29332,-83.37535
SW25091900607,2025-09-19T18:27:03Z,2025-09-19T19:39:10Z,5,2025-09-19T17:52:46Z,2025-09-19T22:35:00Z,20,20,Equipment problem,In Progres,OUTAGE,Device (I),WWS,NORMAL,42.46217,-83.45025
SW25091900616,2025-09-19T18:27:03Z,2025-09-19T22:17:25Z,13,2025-09-19T18:05:54Z,2025-09-20T18:05:00Z,1,1,Equipment problem,In Progres,OUTAGE,Single Customer,ANN,NORMAL,42.23885,-83.65512
SW25091900618,2025-09-19T18:27:03Z,2025-09-19T19:15:02Z,3,2025-09-19T18:06:22Z,2025-09-20T18:05:00Z,1,1,Equipment problem,In Progres,OUTAGE,Single Customer,WWS,NORMAL,42.46184,-83.45185
SE25091900626,2025-09-19T18:47:22Z,2025-09-19T19:15:02Z,2,2025-09-19T18:16:15Z,2025-09-20T18:15:00Z,1,1,Determined upon crew arrival,In Progres,OUTAGE,Single Customer,CAN,NORMAL,42.43914,-83.00526
SE25091900633,2025-09-19T18:47:22Z,2025-09-19T23:51:18Z,16,2025-09-19T18:24:22Z,2025-09-20T18:25:00Z,1,1,Determined upon crew arrival,In Progres,OUTAGE,Single Customer,RFD,NORMAL,42.28407,-83.25415
SW25091900628,2025-09-19T18:47:22Z,2025-09-19T18:47:22Z,1,2025-09-19T18:14:55Z,2025-09-20T18:20:00Z,1,1,Determined upon crew arrival,In Progres,OUTAGE,Single Customer,ANN,NORMAL,42.23339,-83.59144
SW25091900629,2025-09-19T18:47:22Z,2025-09-19T19:50:50Z,5,2025-09-19T18:19:56Z,2025-09-19T22:50:00Z,10,10,Determined upon crew arrival,In Progres,OUTAGE,Service Transformer,WWS,NORMAL,42.35291,-83.31552
SW25091900632,2025-09-19T18:47:22Z,2025-09-19T19:15:02Z,2,2025-09-19T17:39:55Z,2025-09-20T18:20:00Z,1,1,Equipment problem,New,OUTAGE,Single Customer,WWS,NORMAL,42.25693,-83.23541
NE25091900663,2025-09-19T19:15:02Z,2025-09-19T20:20:28Z,5,2025-09-19T18:44:57Z,2025-09-19T23:15:00Z,3,3,Equipment problem,In Progres,OUTAGE,Service Transformer,MAR,NORMAL,42.96804,-82.65997
SE25091900647,2025-09-19T19:15:02Z,2025-09-20T10:18:10Z,38,2025-09-19T18:02:32Z,2025-09-20T18:35:00Z,1,1,Equipment problem,In Progres,OUTAGE,Single Customer,RFD,NORMAL,42.39194,-83.18783
SE25091900653,2025-09-19T19:15:02Z,2025-09-19T19:39:10Z,3,2025-09-19T18:39:58Z,2025-09-20T18:40:00Z,1,1,Determined upon crew arrival,In Progres,OUTAGE,Single Customer,RFD,NORMAL,42.33315,-83.28919
SE25091900672,2025-09-19T19:15:02Z,2025-09-19T21:51:12Z,10,2025-09-19T18:47:09Z,2025-09-20T18:55:00Z,1,1,Equipment problem,In Progres,OUTAGE,Single Customer,RFD,NORMAL,42.49065,-83.13525
SW25091900671,2025-09-19T19:15:02Z,2025-09-19T19:26:56Z,2,2025-09-19T18:52:56Z,2025-09-20T18:55:00Z,1,1,Determined upon crew arrival,In Progres,OUTAGE,Single Customer,WWS,NORMAL,42.3297,-83.37053
NW25091900687,2025-09-19T19:26:56Z,2025-09-19T23:51:18Z,14,2025-09-19T19:02:34Z,2025-09-20T03:40:00Z,4,4,Equipment problem,In Progres,OUTAGE,Service Transformer,PON,NORMAL,42.77104,-83.40714
SE25091900688,2025-09-19T19:26:56Z,2025-09-19T20:20:28Z,4,2025-09-19T19:11:48Z,2025-09-20T19:10:00Z,1,1,Determined upon crew arrival,New,SERVICE DOWN NO,,RFD,NORMAL,42.34798,-83.1982
NE25091900707,2025-09-19T19:39:10Z,2025-09-19T23:37:24Z,12,2025-09-19T19:21:50Z,2025-09-20T19:20:00Z,1,1,Problem with the customer equip,In Progres,OUTAGE,Single Customer,MTC,NORMAL,42.47259,-82.9562
NW25091900693,2025-09-19T19:39:10Z,2025-09-19T20:51:25Z,5,2025-09-19T19:15:16Z,2025-09-19T23:45:00Z,53,53,Equipment problem,In Progres,OUTAGE,Device (II),SBY,NORMAL,42.7838,-83.15555
NW25091900715,2025-09-19T19:39:10Z,2025-09-19T20:39:15Z,4,2025-09-19T19:23:08Z,2025-09-19T23:55:00Z,84,84,Equipment problem,In Progres,OUTAGE,Device (II),HWL,NORMAL,42.59484,-83.72585
SE25091900695,2025-09-19T19:39:10Z,2025-09-19T23:51:18Z,13,2025-09-19T19:15:49Z,2025-09-20T19:15:00Z,1,1,Determined upon crew arrival,In Progres,OUTAGE,Single Customer,CAN,NORMAL,42.4134,-82.95815
SE25091900709,2025-09-19T19:39:10Z,2025-09-20T17:50:59Z,52,2025-09-19T19:21:56Z,2025-09-20T19:20:00Z,1,1,Determined upon crew arrival,In Progres,OUTAGE,Single Customer,CAN,NORMAL,42.42048,-82.90798
SE25091900718,2025-09-19T19:39:10Z,2025-09-19T19:50:50Z,2,2025-09-18T23:36:50Z,2025-09-20T19:25:00Z,1,1,Determined upon crew arrival,PC3 Verifi,OUTAGE,Single Customer,CAN,NORMAL,42.43309,-82.99767
SE25091900720,2025-09-19T19:39:10Z,2025-09-19T19:39:10Z,1,2025-09-19T19:11:44Z,2025-09-20T19:25:00Z,1,1,Determined upon crew arrival,New,OUTAGE,Single Customer,RFD,NORMAL,42.34262,-83.19794
SE25091900723,2025-09-19T19:39:10Z,2025-09-19T22:38:41Z,10,2025-09-19T19:25:43Z,2025-09-20T00:00:00Z,31,31,Determined upon crew arrival,In Progres,OUTAGE,Service Transformer,RFD,NORMAL,42.34811,-83.18949
SW25091900713,2025-09-19T19:39:10Z,2025-09-19T21:16:36Z,6,2025-09-19T19:23:09Z,2025-09-19T23:55:00Z,10,10,Determined upon crew arrival,In Progres,OUTAGE,Service Transformer,ANN,NORMAL,42.25854,-83.76716
SW25091900714,2025-09-19T19:39:10Z,2025-09-19T21:37:10Z,7,2025-09-19T19:23:09Z,2025-09-20T19:25:00Z,1,1,Determined upon crew arrival,In Progres,OUTAGE,Single Customer,ANN,NORMAL,42.24222,-83.71342
NW25091900730,2025-09-19T19:50:50Z,2025-09-21T15:51:19Z,107,2025-09-19T19:41:00Z,2025-09-21T19:40:00Z,1,1,Equipment problem,In Progres,OUTAGE,Single Customer,PON,NORMAL,42.57178,-83.3142
SW25091900731,2025-09-19T19:50:50Z,2025-09-19T20:39:15Z,3,2025-09-19T13:38:25Z,2025-09-20T19:45:00Z,1,1,Equipment problem,In Progres,OUTAGE,Single Customer,WWS,NORMAL,42.23367,-83.38435
SW25091900742,2025-09-19T20:20:28Z,2025-09-19T22:38:41Z,8,2025-09-19T19:59:07Z,2025-09-20T20:00:00Z,1,1,Equipment problem,In Progres,OUTAGE,Single Customer,WWS,NORMAL,42.38373,-83.53354
SW25091900755,2025-09-19T20:20:28Z,2025-09-19T23:51:18Z,11,2025-09-19T20:11:43Z,2025-09-20T20:10:00Z,1,1,Equipment problem,In Progres,OUTAGE,Single Customer,NPT,NORMAL,42.17608,-83.2155
NW25091900765,2025-09-19T20:39:15Z,2025-09-19T20:39:15Z,1,2025-09-19T20:25:39Z,2025-09-20T20:25:00Z,1,1,Determined upon crew arrival,New,OUTAGE,Single Customer,HWL,NORMAL,42.52253,-84.06687
NW25091900766,2025-09-19T20:39:15Z,2025-09-19T22:38:41Z,7,2025-09-19T20:25:51Z,2025-09-20T20:25:00Z,1,1,Determined upon crew arrival,In Progres,OUTAGE,Single Customer,HWL,NORMAL,42.55302,-84.07493
NW25091900767,2025-09-19T20:39:15Z,2025-09-19T20:39:15Z,1,2025-09-19T20:26:21Z,2025-09-20T20:25:00Z,1,1,Determined upon crew arrival,New,OUTAGE,Single Customer,HWL,NORMAL,42.52036,-84.1175
NW25091900771,2025-09-19T20:39:15Z,2025-09-19T22:38:41Z,7,2025-09-19T20:21:01Z,2025-09-20T01:00:00Z,2,2,Equipment problem,In Progres,OUTAGE,Service Transformer,HWL,NORMAL,42.44529,-83.60848
NW25091900772,2025-09-19T20:39:15Z,2025-09-19T20:39:15Z,1,2025-09-19T20:29:11Z,,1,1,Determined upon crew arrival,New,OUTAGE,Single Customer,HWL,NORMAL,42.55644,-84.0293
NW25091900778,2025-09-19T20:39:15Z,2025-09-19T20:39:15Z,1,2025-09-19T20:29:24Z,,1,1,Determined upon crew arrival,New,OUTAGE,Single Customer,HWL,NORMAL,42.51122,-84.10288
SE25091900762,2025-09-19T20:39:15Z,2025-09-23T13:16:49Z,212,2025-09-19T20:21:50Z,2025-09-23T16:20:00Z,1,1,Determined upon crew arrival,In Progres,OUTAGE,Single Customer,RFD,NORMAL,42.5226,-83.25174
SW25091900760,2025-09-19T20:39:15Z,2025-09-19T21:51:12Z,5,2025-09-19T20:19:01Z,2025-09-20T00:50:00Z,2,2,Equipment problem,In Progres,OUTAGE,Service Transformer,WWS,NORMAL,42.52494,-83.37569
NW25091900791,2025-09-19T20:51:25Z,2025-09-19T22:38:41Z,6,2025-09-19T20:43:42Z,2025-09-20T20:45:00Z,1,1,Determined upon crew arrival,In Progres,OUTAGE,Single Customer,PON,NORMAL,42.78638,-83.43951
SE25091900797,2025-09-19T21:16:36Z,2025-09-19T23:16:58Z,6,2025-09-19T20:48:35Z,2025-09-20T01:20:00Z,69,69,Equipment problem,In Progres,OUTAGE,Device (I),RFD,NORMAL,42.27165,-83.16188
SE25091900801,2025-09-19T21:16:36Z,2025-09-19T21:37:10Z,2,2025-09-18T23:36:50Z,2025-09-20T20:55:00Z,1,1,Determined upon crew arrival,PC3 Verifi,OUTAGE,Single Customer,CAN,NORMAL,42.43309,-82.99767
NE25091900824,2025-09-19T21:51:12Z,2025-09-19T23:51:18Z,6,2025-09-19T07:03:16Z,2025-09-20T21:35:00Z,1,1,Determined upon crew arrival,In Progres,OUTAGE,Single Customer,MTC,NORMAL,42.63991,-82.94889
NW25091900826,2025-09-19T21:51:12Z,2025-09-19T23:51:18Z,6,2025-09-19T21:30:22Z,2025-09-20T21:40:00Z,1,1,Determined upon crew arrival,In Progres,OUTAGE,Single Customer,HWL,NORMAL,42.52934,-83.85998
NW25091900828,2025-09-19T21:51:12Z,2025-09-19T22:38:41Z,3,2025-09-19T21:38:59Z,2025-09-20T02:10:00Z,8,8,Determined upon crew arrival,In Progres,OUTAGE,Service Transformer,HWL,NORMAL,42.48023,-83.80294
SE25091900832,2025-09-19T22:17:25Z,2025-09-20T11:38:50Z,33,2025-09-18T23:36:50Z,2025-09-20T21:50:00Z,1,1,Determined upon crew arrival,Pending,OUTAGE,Single Customer,CAN,NORMAL,42.43309,-82.99767
SW25091900830,2025-09-19T22:17:25Z,2025-09-19T23:51:18Z,5,2025-09-19T10:40:01Z,2025-09-20T21:50:00Z,1,1,Equipment problem,In Progres,OUTAGE,Single Customer,WWS,NORMAL,42.29332,-83.37535
SE25091900837,2025-09-19T22:38:41Z,2025-09-20T01:22:51Z,5,2025-09-19T22:03:29Z,2025-09-20T02:35:00Z,45,45,Equipment problem,In Progres,OUTAGE,Device (I),RFD,NORMAL,42.20737,-83.21659
SE25091900842,2025-09-19T22:38:41Z,2025-09-20T14:50:46Z,34,2025-09-19T22:00:33Z,2025-09-20T22:10:00Z,1,1,Determined upon crew arrival,In Progres,OUTAGE,Single Customer,CAN,NORMAL,42.43827,-82.91769
NW25091900845,2025-09-19T23:16:58Z,2025-09-19T23:51:18Z,3,2025-09-19T15:20:31Z,2025-09-20T22:15:00Z,1,1,Determined upon crew arrival,In Progres,OUTAGE,Single Customer,HWL,NORMAL,42.48129,-83.57931
NW25091900848,2025-09-19T23:16:58Z,2025-09-19T23:16:58Z,1,2025-09-19T22:18:58Z,2025-09-20T22:20:00Z,1,1,Determined upon crew arrival,In Progres,OUTAGE,Single Customer,HWL,NORMAL,42.56911,-83.64847
NW25091900849,2025-09-19T23:16:58Z,2025-09-19T23:16:58Z,1,2025-09-19T22:19:01Z,2025-09-20T22:20:00Z,1,1,Determined upon crew arrival,In Progres,OUTAGE,Single Customer,HWL,NORMAL,42.56709,-83.65513
NW25091900852,2025-09-19T23:16:58Z,2025-09-19T23:16:58Z,1,2025-09-19T22:16:57Z,2025-09-20T02:50:00Z,4,4,Determined upon crew arrival,In Progres,OUTAGE,Service Transformer,HWL,NORMAL,42.56941,-83.65433
NW25091900854,2025-09-19T23:16:58Z,2025-09-19T23:16:58Z,1,2025-09-19T22:20:49Z,2025-09-20T22:20:00Z,1,1,Determined upon crew arrival,In Progres,OUTAGE,Single Customer,HWL,NORMAL,42.56989,-83.64914
NW25091900857,2025-09-19T23:16:58Z,2025-09-19T23:16:58Z,1,2025-09-19T22:24:44Z,2025-09-20T22:25:00Z,1,1,Determined upon crew arrival,In Progres,OUTAGE,Single Customer,HWL,NORMAL,42.56947,-83.65285
NW25091900858,2025-09-19T23:16:58Z,2025-09-19T23:16:58Z,1,2025-09-19T22:25:07Z,2025-09-20T22:25:00Z,1,1,Determined upon crew arrival,In Progres,OUTAGE,Single Customer,HWL,NORMAL,42.56955,-83.6523
NW25091900862,2025-09-19T23:16:58Z,2025-09-20T01:22:51Z,4,2025-09-19T22:16:56Z,2025-09-20T03:00:00Z,24,24,Equipment problem,In Progres,OUTAGE,Device (II),HWL,NORMAL,42.56712,-83.65742
NW25091900872,2025-09-19T23:16:58Z,2025-09-19T23:16:58Z,1,2025-09-19T22:40:34Z,2025-09-20T22:40:00Z,1,1,Determined upon crew arrival,New,OUTAGE,Single Customer,HWL,NORMAL,42.56763,-83.64618
NW25091900875,2025-09-19T23:16:58Z,2025-09-19T23:16:58Z,1,2025-09-19T22:45:01Z,2025-09-20T22:45:00Z,1,1,Determined upon crew arrival,New,OUTAGE,Single Customer,HWL,NORMAL,42.56737,-83.65003
SE25091900847,2025-09-19T23:16:58Z,2025-09-20T01:22:51Z,4,2025-09-19T22:03:29Z,2025-09-20T02:50:00Z,46,46,Equipment problem,In Progres,OUTAGE,Device (I),RFD,NORMAL,42.20955,-83.21698
SW25091900864,2025-09-19T23:16:58Z,2025-09-19T23:37:24Z,2,2025-09-19T22:30:00Z,2025-09-20T03:05:00Z,4,4,Equipment problem,In Progres,OUTAGE,Service Transformer,WWS,NORMAL,42.44652,-83.40802
SW25091900871,2025-09-19T23:16:58Z,2025-09-19T23:51:18Z,3,2025-09-19T22:40:15Z,2025-09-20T22:40:00Z,1,1,Equipment problem,In Progres,OUTAGE,Single Customer,WWS,NORMAL,42.45721,-83.40335
SW25091900876,2025-09-19T23:16:58Z,2025-09-20T03:54:51Z,8,2025-09-19T21:46:00Z,2025-09-20T22:45:00Z,1,1,Problem with the customer equip,In Progres,OUTAGE,Single Customer,WWS,NORMAL,42.4083,-83.48919
SW25091900881,2025-09-19T23:16:58Z,2025-09-19T23:51:18Z,3,2025-09-19T22:48:44Z,2025-09-20T23:00:00Z,1,1,Equipment problem,In Progres,OUTAGE,Single Customer,WWS,NORMAL,42.27687,-83.37737
NW25091900892,2025-09-19T23:37:24Z,2025-09-20T03:17:27Z,5,2025-09-19T23:22:43Z,2025-09-20T03:55:00Z,3,3,Determined upon crew arrival,In Progres,OUTAGE,Service Transformer,SBY,NORMAL,42.7843,-83.15943
NW25091900893,2025-09-19T23:37:24Z,2025-09-19T23:37:24Z,1,2025-09-19T23:25:14Z,2025-09-20T23:25:00Z,1,1,Determined upon crew arrival,New,OUTAGE,Single Customer,PON,NORMAL,42.77214,-83.40837
NW25091900898,2025-09-19T23:51:18Z,2025-09-19T23:51:18Z,1,2025-09-19T23:20:48Z,2025-09-20T04:05:00Z,3,3,Determined upon crew arrival,In Progres,OUTAGE,Service Transformer,PON,NORMAL,42.77188,-83.4084
NW25091900899,2025-09-19T23:51:18Z,2025-09-20T01:22:51Z,2,2025-09-19T23:33:37Z,2025-09-20T04:10:00Z,36,36,Equipment problem,In Progres,OUTAGE,Device (I),SBY,NORMAL,42.68242,-83.14743
SW25091900897,2025-09-19T23:51:18Z,2025-09-20T11:38:50Z,29,2025-09-19T13:38:25Z,2025-09-20T23:35:00Z,1,1,Equipment problem,Pending,OUTAGE,Single Customer,WWS,NORMAL,42.23367,-83.38435
SW25091900900,2025-09-19T23:51:18Z,2025-09-19T23:51:18Z,1,2025-09-19T23:40:31Z,2025-09-20T23:40:00Z,1,1,Determined upon crew arrival,New,OUTAGE,Single Customer,ANN,NORMAL,42.22068,-83.57551
NE25091900921,2025-09-20T01:22:51Z,2025-09-20T01:22:51Z,1,2025-09-20T00:58:29Z,2025-09-21T01:05:00Z,1,1,Determined upon crew arrival,New,OUTAGE,Single Customer,MTC,NORMAL,42.49865,-82.93367
SE25091900905,2025-09-20T01:22:51Z,2025-09-20T07:16:41Z,14,2025-09-19T23:50:36Z,2025-09-20T23:50:00Z,1,1,Equipment problem,In Progres,OUTAGE,Single Customer,RFD,NORMAL,42.40547,-83.29654
SE25091900906,2025-09-20T01:22:51Z,2025-09-20T19:51:19Z,46,2025-09-19T23:45:33Z,2025-09-20T23:50:00Z,1,1,Equipment problem,In Progres,OUTAGE,Single Customer,RFD,NORMAL,42.49642,-83.23061
SE25091900920,2025-09-20T01:22:51Z,2025-09-20T03:17:27Z,3,2025-09-20T01:04:29Z,2025-09-21T01:05:00Z,1,1,Determined upon crew arrival,PC3 Verifi,OUTAGE,Single Customer,RFD,NORMAL,42.44604,-83.29286
SW25091900918,2025-09-20T01:22:51Z,2025-09-20T05:39:40Z,10,2025-09-19T23:08:33Z,2025-09-21T01:00:00Z,1,1,Equipment problem,In Progres,OUTAGE,Single Customer,NPT,NORMAL,42.01574,-83.43951
NE25091900923,2025-09-20T02:39:28Z,2025-09-20T07:50:46Z,15,2025-09-20T01:26:15Z,2025-09-20T09:55:00Z,2,2,Equipment problem,In Progres,OUTAGE,Service Secondary,MTC,NORMAL,42.47546,-82.91291
NE25091900929,2025-09-20T02:39:28Z,2025-09-20T07:16:41Z,13,2025-09-20T00:58:11Z,2025-09-21T01:50:00Z,1,1,Determined upon crew arrival,In Progres,OUTAGE,Single Customer,MTC,NORMAL,42.53318,-83.05547
SW25091900930,2025-09-20T02:39:28Z,2025-09-20T06:46:15Z,12,2025-09-20T02:03:17Z,2025-09-20T06:35:00Z,31,31,Equipment problem,In Progres,OUTAGE,Device (I),NPT,NORMAL,42.12441,-83.14521
NE25091900941,2025-09-20T03:17:27Z,2025-09-20T03:17:27Z,1,2025-09-20T02:50:49Z,2025-09-20T07:20:00Z,2,2,Determined upon crew arrival,New,OUTAGE,Service Transformer,MAR,NORMAL,42.90965,-82.94153
NE25091900942,2025-09-20T03:17:27Z,2025-09-20T03:17:27Z,1,2025-09-20T02:51:04Z,2025-09-21T02:50:00Z,1,1,Determined upon crew arrival,New,OUTAGE,Single Customer,MAR,NORMAL,42.9014,-82.92429
NE25091900943,2025-09-20T03:17:27Z,2025-09-20T03:17:27Z,1,2025-09-20T02:51:19Z,2025-09-21T02:50:00Z,1,1,Determined upon crew arrival,New,OUTAGE,Single Customer,MAR,NORMAL,42.90646,-82.92947
NE25091900944,2025-09-20T03:17:27Z,2025-09-20T03:17:27Z,1,2025-09-20T02:52:02Z,2025-09-21T02:50:00Z,1,1,Determined upon crew arrival,New,OUTAGE,Single Customer,MAR,NORMAL,42.90231,-82.93202
NE25091900945,2025-09-20T03:17:27Z,2025-09-20T03:17:27Z,1,2025-09-20T02:52:18Z,2025-09-21T02:50:00Z,1,1,Determined upon crew arrival,New,OUTAGE,Single Customer,MAR,NORMAL,42.90223,-82.95459
NE25091900946,2025-09-20T03:17:27Z,2025-09-20T03:17:27Z,1,2025-09-20T02:52:32Z,2025-09-21T02:55:00Z,1,1,Determined upon crew arrival,New,OUTAGE,Single Customer,MAR,NORMAL,42.90924,-82.95724
NE25091900947,2025-09-20T03:17:27Z,2025-09-20T03:17:27Z,1,2025-09-20T02:52:13Z,2025-09-21T02:55:00Z,1,1,Determined upon crew arrival,New,OUTAGE,Single Customer,MAR,NORMAL,42.90772,-82.96773
NE25091900948,2025-09-20T03:17:27Z,2025-09-20T03:17:27Z,1,2025-09-20T02:52:57Z,2025-09-21T02:55:00Z,1,1,Determined upon crew arrival,New,OUTAGE,Single Customer,MAR,NORMAL,42.91621,-82.94146
NE25091900949,2025-09-20T03:17:27Z,2025-09-20T03:17:27Z,1,2025-09-20T02:52:56Z,2025-09-21T02:55:00Z,1,1,Determined upon crew arrival,New,OUTAGE,Single Customer,MAR,NORMAL,42.90877,-82.96735
NE25091900950,2025-09-20T03:17:27Z,2025-09-20T03:17:27Z,1,2025-09-20T02:53:01Z,2025-09-20T07:25:00Z,7,7,Determined upon crew arrival,In Progres,OUTAGE,Device (I),MAR,NORMAL,42.91033,-82.96553
NE25091900951,2025-09-20T03:17:27Z,2025-09-20T03:17:27Z,1,2025-09-20T02:53:09Z,2025-09-21T02:55:00Z,1,1,Determined upon crew arrival,New,OUTAGE,Single Customer,MAR,NORMAL,42.90134,-82.94553
NE25091900952,2025-09-20T03:17:27Z,2025-09-20T05:39:40Z,8,2025-09-20T02:50:04Z,2025-09-20T07:25:00Z,251,251,Public Interference w/DTE equip,In Progres,OUTAGE,Device (II),MAR,NORMAL,42.89885,-82.95489
NE25091900953,2025-09-20T03:17:27Z,2025-09-20T03:17:27Z,1,2025-09-20T02:53:40Z,2025-09-21T02:55:00Z,1,1,Determined upon crew arrival,New,OUTAGE,Single Customer,MAR,NORMAL,42.89961,-82.95488
NE25091900954,2025-09-20T03:17:27Z,2025-09-20T03:17:27Z,1,2025-09-20T02:53:56Z,2025-09-21T02:55:00Z,1,1,Determined upon crew arrival,New,OUTAGE,Single Customer,MAR,NORMAL,42.90532,-82.94537
NE25091900955,2025-09-20T03:17:27Z,2025-09-20T03:17:27Z,1,2025-09-20T02:53:58Z,2025-09-21T02:55:00Z,1,1,Determined upon crew arrival,New,OUTAGE,Single Customer,MAR,NORMAL,42.90862,-82.93845
NE25091900956,2025-09-20T03:17:27Z,2025-09-20T03:17:27Z,1,2025-09-20T02:54:04Z,2025-09-21T02:55:00Z,1,1,Determined upon crew arrival,New,OUTAGE,Single Customer,MAR,NORMAL,42.90818,-82.96485
NE25091900957,2025-09-20T03:17:27Z,2025-09-20T03:17:27Z,1,2025-09-20T02:54:13Z,2025-09-21T02:55:00Z,1,1,Determined upon crew arrival,New,OUTAGE,Single Customer,MAR,NORMAL,42.90795,-82.97173
NE25091900958,2025-09-20T03:17:27Z,2025-09-20T03:17:27Z,1,2025-09-20T02:54:52Z,2025-09-21T02:55:00Z,1,1,Determined upon crew arrival,New,OUTAGE,Single Customer,MAR,NORMAL,42.91618,-82.94372
NE25091900959,2025-09-20T03:17:27Z,2025-09-20T03:17:27Z,1,2025-09-20T02:55:43Z,2025-09-21T02:55:00Z,1,1,Determined upon crew arrival,New,OUTAGE,Single Customer,MAR,NORMAL,42.9072,-82.97276
NE25091900960,2025-09-20T03:17:27Z,2025-09-20T03:17:27Z,1,2025-09-20T02:55:50Z,2025-09-21T02:55:00Z,1,1,Determined upon crew arrival,New,OUTAGE,Single Customer,MAR,NORMAL,42.92045,-82.93063
NE25091900961,2025-09-20T03:17:27Z,2025-09-20T03:17:27Z,1,2025-09-20T02:56:08Z,2025-09-21T02:55:00Z,1,1,Determined upon crew arrival,New,OUTAGE,Single Customer,MTC,NORMAL,42.89429,-82.95488
NE25091900962,2025-09-20T03:17:27Z,2025-09-20T03:17:27Z,1,2025-09-20T02:56:15Z,2025-09-21T02:55:00Z,1,1,Determined upon crew arrival,New,OUTAGE,Single Customer,MAR,NORMAL,42.90546,-82.94351
NE25091900963,2025-09-20T03:17:27Z,2025-09-20T03:17:27Z,1,2025-09-20T02:56:22Z,2025-09-21T02:55:00Z,1,1,Determined upon crew arrival,New,OUTAGE,Single Customer,MAR,NORMAL,42.90468,-82.93098
NE25091900964,2025-09-20T03:17:27Z,2025-09-20T03:17:27Z,1,2025-09-20T02:56:26Z,2025-09-21T02:55:00Z,1,1,Determined upon crew arrival,New,OUTAGE,Single Customer,MAR,NORMAL,42.90443,-82.94363
NE25091900965,2025-09-20T03:17:27Z,2025-09-20T03:17:27Z,1,2025-09-20T02:56:33Z,2025-09-21T02:55:00Z,1,1,Determined upon crew arrival,New,OUTAGE,Single Customer,MAR,NORMAL,42.91472,-82.93088
NE25091900966,2025-09-20T03:17:27Z,2025-09-20T03:17:27Z,1,2025-09-20T02:56:48Z,2025-09-21T02:55:00Z,1,1,Determined upon crew arrival,New,OUTAGE,Single Customer,MAR,NORMAL,42.90224,-82.94666
NE25091900967,2025-09-20T03:17:27Z,2025-09-20T03:17:27Z,1,2025-09-20T02:56:51Z,2025-09-21T02:55:00Z,1,1,Determined upon crew arrival,New,OUTAGE,Single Customer,MAR,NORMAL,42.90903,-82.9461
NE25091900968,2025-09-20T03:17:27Z,2025-09-20T03:17:27Z,1,2025-09-20T02:57:10Z,,1,1,Determined upon crew arrival,New,OUTAGE,Single Customer,MAR,NORMAL,42.90855,-82.94918
NE25091900969,2025-09-20T03:17:27Z,2025-09-20T03:17:27Z,1,2025-09-20T02:58:00Z,,1,1,Determined upon crew arrival,New,OUTAGE,Single Customer,MAR,NORMAL,42.90219,-82.95606
NE25091900970,2025-09-20T03:17:27Z,2025-09-20T03:17:27Z,1,2025-09-20T02:58:39Z,,1,1,Determined upon crew arrival,New,OUTAGE,Single Customer,MAR,NORMAL,42.90468,-82.92962
NE25091900971,2025-09-20T03:17:27Z,2025-09-20T03:17:27Z,1,2025-09-20T02:58:44Z,,1,1,Determined upon crew arrival,New,OUTAGE,Single Customer,MTC,NORMAL,42.88687,-82.95431
NE25091900972,2025-09-20T03:17:27Z,2025-09-20T03:17:27Z,1,2025-09-20T02:59:50Z,,1,1,Determined upon crew arrival,New,OUTAGE,Single Customer,MAR,NORMAL,42.90635,-82.94295
SE25091900980,2025-09-20T03:44:27Z,2025-09-20T05:39:40Z,7,2025-09-20T03:02:25Z,2025-09-21T03:00:00Z,1,1,Determined upon crew arrival,In Progres,OUTAGE,Single Customer,CAN,NORMAL,42.42359,-82.96722
SW25091900992,2025-09-20T03:54:51Z,2025-09-20T17:27:38Z,33,2025-09-20T03:44:41Z,2025-09-21T03:45:00Z,1,1,Equipment problem,In Progres,OUTAGE,Single Customer,ANN,NORMAL,42.26078,-83.78023
NE25092000009,2025-09-20T07:16:41Z,2025-09-20T08:42:31Z,5,2025-09-20T06:35:15Z,2025-09-20T11:05:00Z,27,27,Determined upon crew arrival,In Progres,OUTAGE,Device (I),MTC,NORMAL,42.65217,-82.81299
SW25092000006,2025-09-20T07:16:41Z,2025-09-20T08:42:31Z,5,2025-09-20T06:28:40Z,2025-09-20T11:00:00Z,67,67,Equipment problem,In Progres,OUTAGE,Device (I),ANN,NORMAL,42.21422,-83.6009
SE25092000011,2025-09-20T07:37:38Z,2025-09-20T17:38:59Z,24,2025-09-19T14:00:51Z,2025-09-21T07:05:00Z,1,1,Equipment problem,In Progres,OUTAGE,Single Customer,RFD,NORMAL,42.50838,-83.17589
NW25092000014,2025-09-20T07:50:46Z,2025-09-20T11:38:50Z,13,2025-09-20T07:35:24Z,2025-09-20T12:05:00Z,41,41,Equipment problem,In Progres,OUTAGE,Device (I),PON,NORMAL,42.58714,-83.11852
SE25092000016,2025-09-20T08:22:58Z,2025-09-20T09:18:23Z,4,2025-09-20T07:52:29Z,2025-09-21T07:55:00Z,1,1,Determined upon crew arrival,PC3 Verifi,OUTAGE,Single Customer,CAN,NORMAL,42.40763,-82.91197
SW25092000018,2025-09-20T08:22:58Z,2025-09-20T11:38:50Z,12,2025-09-20T08:07:23Z,2025-09-20T12:35:00Z,8,8,Equipment problem,In Progres,OUTAGE,Service Transformer,WWS,NORMAL,42.36207,-83.47903
NE25092000028,2025-09-20T10:39:40Z,2025-09-20T11:26:22Z,4,2025-09-20T00:58:11Z,2025-09-21T10:25:00Z,1,1,Determined upon crew arrival,New,OUTAGE,Single Customer,MTC,NORMAL,42.53318,-83.05547
NW25092000034,2025-09-20T10:50:51Z,2025-09-20T11:38:50Z,4,2025-09-19T18:03:57Z,2025-09-21T10:40:00Z,1,1,Determined upon crew arrival,New,OUTAGE,Single Customer,SBY,NORMAL,42.69856,-83.05464
SE25092000035,2025-09-20T10:50:51Z,2025-09-20T17:50:59Z,15,2025-09-20T02:31:26Z,2025-09-21T10:45:00Z,1,1,Equipment problem,In Progres,OUTAGE,Single Customer,CAN,NORMAL,42.39725,-83.08349
SW25092000029,2025-09-20T10:50:51Z,2025-09-20T11:14:33Z,2,2025-09-20T10:32:39Z,2025-09-21T10:35:00Z,1,1,Determined upon crew arrival,New,OUTAGE,Single Customer,NPT,NORMAL,41.9305,-83.38209
SW25092000037,2025-09-20T10:50:51Z,2025-09-20T11:38:50Z,4,2025-09-20T10:43:14Z,2025-09-20T15:15:00Z,502,502,Determined upon crew arrival,In Progres,OUTAGE,Device (II),WWS,NORMAL,42.13183,-83.41915
SW25092000038,2025-09-20T10:50:51Z,2025-09-20T10:50:51Z,1,2025-09-20T10:44:13Z,,1,1,Determined upon crew arrival,New,OUTAGE,Single Customer,WWS,NORMAL,42.13249,-83.41824
SW25092000071,2025-09-20T11:26:22Z,2025-09-20T16:51:10Z,9,2025-09-20T06:28:40Z,2025-09-20T19:40:00Z,6,6,Equipment problem,In Progres,OUTAGE,Service Transformer,ANN,NORMAL,42.21564,-83.60086
NE25092000078,2025-09-20T11:38:50Z,2025-09-22T17:16:01Z,131,2025-09-20T11:23:01Z,2025-09-22T19:25:00Z,1,1,Public Interference w/DTE equip,Pending,OUTAGE,Single Customer,MTC,NORMAL,42.69475,-82.83272
SW25092000077,2025-09-20T11:38:50Z,2025-09-20T11:38:50Z,1,2025-09-20T11:22:46Z,2025-09-20T15:55:00Z,17,17,Determined upon crew arrival,New,OUTAGE,Service Transformer,WWS,NORMAL,42.46249,-83.35359
SW25092000079,2025-09-20T11:38:50Z,2025-09-20T11:38:50Z,1,2025-09-20T11:27:01Z,,1,1,Determined upon crew arrival,New,OUTAGE,Single Customer,NPT,NORMAL,42.0936,-83.223
NE25092000093,2025-09-20T14:38:19Z,2025-09-20T15:37:10Z,4,2025-09-20T12:18:28Z,2025-09-21T12:20:00Z,1,1,Equipment problem,In Progres,OUTAGE,Single Customer,MTC,NORMAL,42.51214,-83.0668
NE25092000098,2025-09-20T14:38:19Z,2025-09-20T15:37:10Z,4,2025-09-20T12:06:05Z,2025-09-20T16:50:00Z,5,5,Animal/bird damaged DTE equip,In Progres,OUTAGE,Service Transformer,MAR,NORMAL,42.99415,-82.43505
NE25092000122,2025-09-20T14:38:19Z,2025-09-20T15:37:10Z,4,2025-09-20T12:37:22Z,2025-09-21T12:35:00Z,1,1,Determined upon crew arrival,In Progres,SERVICE DOWN NO,,LAP,NORMAL,43.18822,-83.29208
NE25092000185,2025-09-20T14:38:19Z,2025-09-20T15:17:11Z,3,2025-09-20T13:51:53Z,2025-09-21T13:50:00Z,1,1,Determined upon crew arrival,In Progres,OUTAGE,Single Customer,LAP,NORMAL,42.91873,-83.04307
NE25092000186,2025-09-20T14:38:19Z,2025-09-20T15:37:10Z,4,2025-09-20T13:52:27Z,2025-09-21T13:55:00Z,1,1,Determined upon crew arrival,In Progres,OUTAGE,Single Customer,NAE,NORMAL,43.41547,-82.82718
NE25092000192,2025-09-20T14:38:19Z,2025-09-20T16:20:54Z,5,2025-09-20T13:56:36Z,2025-09-21T13:55:00Z,1,1,Determined upon crew arrival,In Progres,OUTAGE,Single Customer,MTC,NORMAL,42.45166,-82.98475
NE25092000203,2025-09-20T14:38:19Z,2025-09-20T17:50:59Z,11,2025-09-20T14:04:39Z,2025-09-21T14:05:00Z,1,1,Animal/bird damaged DTE equip,In Progres,OUTAGE,Single Customer,MTC,NORMAL,42.62326,-82.57444
NE25092000205,2025-09-20T14:38:19Z,2025-09-20T16:51:10Z,7,2025-09-20T14:07:59Z,2025-09-21T14:10:00Z,1,1,Determined upon crew arrival,In Progres,OUTAGE,Single Customer,MTC,NORMAL,42.52621,-82.92356
NE25092000209,2025-09-20T14:38:19Z,2025-09-20T17:27:38Z,9,2025-09-20T14:11:22Z,2025-09-21T14:10:00Z,1,1,Animal/bird damaged DTE equip,In Progres,OUTAGE,Single Customer,MTC,NORMAL,42.62399,-82.57361
NW25092000086,2025-09-20T14:38:19Z,2025-09-20T16:51:10Z,7,2025-09-20T11:34:49Z,2025-09-21T11:50:00Z,1,1,Determined upon crew arrival,In Progres,OUTAGE,Single Customer,SBY,NORMAL,42.66631,-83.11568
NW25092000102,2025-09-20T14:38:19Z,2025-09-20T21:27:09Z,23,2025-09-20T12:21:37Z,2025-09-21T00:55:00Z,46,46,Equipment problem,In Progres,OUTAGE,Device (I),PON,NORMAL,42.65615,-83.56496
NW25092000107,2025-09-20T14:38:19Z,2025-09-20T15:37:10Z,4,2025-09-20T12:25:51Z,2025-09-21T12:25:00Z,1,1,Determined upon crew arrival,In Progres,OUTAGE,Single Customer,PON,NORMAL,42.63457,-83.26359
NW25092000130,2025-09-20T14:38:19Z,2025-09-20T15:17:11Z,3,2025-09-20T12:44:56Z,2025-09-21T12:45:00Z,1,1,Equipment problem,In Progres,OUTAGE,Single Customer,HWL,NORMAL,42.60104,-83.92781
NW25092000131,2025-09-20T14:38:19Z,2025-09-20T15:37:10Z,4,2025-09-20T12:47:33Z,2025-09-21T12:50:00Z,1,1,Determined upon crew arrival,In Progres,OUTAGE,Single Customer,PON,NORMAL,42.67551,-83.27973
NW25092000132,2025-09-20T14:38:19Z,2025-09-20T15:37:10Z,4,2025-09-20T12:48:05Z,2025-09-21T12:50:00Z,1,1,Determined upon crew arrival,In Progres,OUTAGE,Single Customer,PON,NORMAL,42.54449,-83.12636
NW25092000144,2025-09-20T14:38:19Z,2025-09-20T19:51:19Z,18,2025-09-20T13:12:30Z,2025-09-21T13:15:00Z,1,1,Equipment problem,In Progres,OUTAGE,Single Customer,PON,NORMAL,42.62917,-83.22215
NW25092000160,2025-09-20T14:38:19Z,2025-09-20T17:38:59Z,10,2025-09-20T13:28:37Z,2025-09-21T13:30:00Z,1,1,Determined upon crew arrival,In Progres,OUTAGE,Single Customer,SBY,NORMAL,42.7459,-82.98623
NW25092000162,2025-09-20T14:38:19Z,2025-09-20T15:37:10Z,4,2025-09-20T13:19:13Z,2025-09-20T18:00:00Z,6,6,Equipment problem,In Progres,OUTAGE,Service Transformer,PON,NORMAL,42.69711,-83.41348
NW25092000166,2025-09-20T14:38:19Z,2025-09-20T14:38:19Z,1,2025-09-20T13:29:44Z,2025-09-20T18:05:00Z,125,125,Animal/bird damaged DTE equip,In Progres,OUTAGE,Device (I),PON,NORMAL,42.66573,-83.31572
NW25092000181,2025-09-20T14:38:19Z,2025-09-20T15:17:11Z,3,2025-09-20T13:47:36Z,2025-09-21T13:50:00Z,1,1,Equipment problem,In Progres,OUTAGE,Single Customer,HWL,NORMAL,42.48061,-83.65351
NW25092000187,2025-09-20T14:38:19Z,2025-09-20T14:38:19Z,1,2025-09-20T13:37:40Z,2025-09-20T18:25:00Z,3,3,Equipment problem,In Progres,OUTAGE,Service Transformer,HWL,NORMAL,42.58068,-83.76349
NW25092000200,2025-09-20T14:38:19Z,2025-09-20T18:42:05Z,13,2025-09-20T14:03:53Z,2025-09-21T14:05:00Z,1,1,Animal/bird damaged DTE equip,In Progres,OUTAGE,Single Customer,PON,NORMAL,42.61027,-83.13227
NW25092000201,2025-09-20T14:38:19Z,2025-09-20T15:37:10Z,4,2025-09-20T14:04:32Z,2025-09-21T14:05:00Z,1,1,Determined upon crew arrival,In Progres,OUTAGE,Single Customer,PON,NORMAL,42.65953,-83.30913
NW25092000219,2025-09-20T14:38:19Z,2025-09-20T17:13:57Z,8,2025-09-20T14:17:47Z,2025-09-21T14:20:00Z,1,1,Determined upon crew arrival,In Progres,OUTAGE,Single Customer,PON,NORMAL,42.61024,-83.1334
SE25092000136,2025-09-20T14:38:19Z,2025-09-20T15:37:10Z,4,2025-09-20T12:56:56Z,2025-09-21T12:55:00Z,1,1,Determined upon crew arrival,In Progres,OUTAGE,Single Customer,CAN,NORMAL,42.43523,-83.03504
SE25092000138,2025-09-20T14:38:19Z,2025-09-20T17:50:59Z,11,2025-09-20T13:00:48Z,2025-09-21T13:00:00Z,1,1,Equipment problem,In Progres,OUTAGE,Single Customer,CAN,NORMAL,42.37279,-83.12313
SE25092000143,2025-09-20T14:38:19Z,2025-09-20T14:38:19Z,1,2025-09-20T13:08:48Z,2025-09-20T17:40:00Z,68,68,Equipment problem,In Progres,OUTAGE,Device (I),RFD,NORMAL,42.51766,-83.10925
SE25092000171,2025-09-20T14:38:19Z,2025-09-20T20:37:11Z,20,2025-09-20T13:29:34Z,2025-09-20T22:05:00Z,29,2,Determined upon crew arrival,In Progres,OUTAGE,Service Transformer,RFD,NORMAL,42.42789,-83.17451
SE25092000172,2025-09-20T14:38:19Z,2025-09-20T17:50:59Z,11,2025-09-20T13:37:12Z,2025-09-21T13:35:00Z,1,1,Determined upon crew arrival,In Progres,OUTAGE,Service Secondary,CAN,NORMAL,42.38779,-83.12804
SE25092000179,2025-09-20T14:38:19Z,2025-09-20T20:51:24Z,21,2025-09-19T23:46:52Z,2025-09-21T13:40:00Z,1,1,Determined upon crew arrival,In Progres,OUTAGE,Single Customer,RFD,NORMAL,42.35877,-83.20099
SE25092000194,2025-09-20T14:38:19Z,2025-09-20T15:37:10Z,4,2025-09-20T13:57:07Z,2025-09-21T13:55:00Z,1,1,Determined upon crew arrival,In Progres,OUTAGE,Single Customer,RFD,NORMAL,42.35457,-83.29018
SE25092000195,2025-09-20T14:38:19Z,2025-09-20T21:15:04Z,22,2025-09-20T13:59:34Z,2025-09-21T14:00:00Z,1,1,Equipment problem,In Progres,OUTAGE,Single Customer,RFD,NORMAL,42.49285,-83.16709
SE25092000208,2025-09-20T14:38:19Z,2025-09-20T15:37:10Z,4,2025-09-20T14:10:16Z,2025-09-20T18:40:00Z,2,2,Determined upon crew arrival,In Progres,OUTAGE,Service Secondary,CAN,NORMAL,42.40616,-83.12554
SE25092000210,2025-09-20T14:38:19Z,2025-09-20T16:20:54Z,5,2025-09-20T14:12:25Z,2025-09-20T18:40:00Z,10,10,Determined upon crew arrival,In Progres,OUTAGE,Service Transformer,CAN,NORMAL,42.40952,-83.13109
SE25092000211,2025-09-20T14:38:19Z,2025-09-20T16:20:54Z,5,2025-09-20T14:12:35Z,2025-09-21T14:15:00Z,1,1,Determined upon crew arrival,In Progres,OUTAGE,Single Customer,CAN,NORMAL,42.44519,-83.03368
SE25092000214,2025-09-20T14:38:19Z,2025-09-20T17:27:38Z,9,2025-09-20T14:14:47Z,2025-09-21T14:15:00Z,1,1,Equipment problem,In Progres,OUTAGE,Single Customer,RFD,NORMAL,42.51933,-83.31372
SE25092000221,2025-09-20T14:38:19Z,2025-09-20T16:51:10Z,7,2025-09-20T14:19:45Z,2025-09-21T14:20:00Z,1,1,Determined upon crew arrival,In Progres,OUTAGE,Single Customer,CAN,NORMAL,42.38779,-83.12804
SE25092000222,2025-09-20T14:38:19Z,2025-09-20T16:40:15Z,6,2025-09-20T14:20:19Z,2025-09-20T18:50:00Z,246,246,Determined upon crew arrival,In Progres,OUTAGE,Device (II),CAN,NORMAL,42.40213,-83.13845
SE25092000227,2025-09-20T14:38:19Z,2025-09-20T14:38:19Z,1,2025-09-20T14:13:16Z,,9,9,Determined upon crew arrival,New,OUTAGE,Service Transformer,CAN,NORMAL,42.40952,-83.13109
SW25092000124,2025-09-20T14:38:19Z,2025-09-20T14:38:19Z,1,2025-09-20T10:32:39Z,2025-09-21T12:40:00Z,1,1,Equipment problem,In Progres,OUTAGE,Single Customer,NPT,NORMAL,41.9305,-83.38209
SW25092000140,2025-09-20T14:38:19Z,2025-09-20T16:40:15Z,6,2025-09-20T13:07:12Z,2025-09-21T13:05:00Z,1,1,Equipment problem,In Progres,OUTAGE,Single Customer,ANN,NORMAL,42.26296,-83.73552
SW25092000150,2025-09-20T14:38:19Z,2025-09-20T17:50:59Z,11,2025-09-20T13:17:44Z,2025-09-21T13:20:00Z,1,1,Equipment problem,In Progres,OUTAGE,Single Customer,WWS,NORMAL,42.12439,-83.42671
SW25092000151,2025-09-20T14:38:19Z,2025-09-20T14:38:19Z,1,2025-09-20T13:18:08Z,2025-09-21T13:20:00Z,1,1,Determined upon crew arrival,In Progres,OUTAGE,Single Customer,ANN,NORMAL,42.23594,-83.60108
SW25092000153,2025-09-20T14:38:19Z,2025-09-20T14:50:46Z,2,2025-09-20T13:14:31Z,2025-09-20T17:50:00Z,2,2,Determined upon crew arrival,In Progres,OUTAGE,Service Secondary,NPT,NORMAL,42.09282,-83.28615
SW25092000155,2025-09-20T14:38:19Z,2025-09-20T15:37:10Z,4,2025-09-20T13:17:08Z,2025-09-20T17:50:00Z,53,53,Determined upon crew arrival,In Progres,OUTAGE,Device (I),WWS,NORMAL,42.30119,-83.3934
SW25092000156,2025-09-20T14:38:19Z,2025-09-20T15:37:10Z,4,2025-09-20T13:22:22Z,2025-09-20T17:50:00Z,4,4,Determined upon crew arrival,In Progres,OUTAGE,Service Transformer,ANN,NORMAL,42.24059,-83.60254
SW25092000173,2025-09-20T14:38:19Z,2025-09-20T15:37:10Z,4,2025-09-20T13:32:47Z,2025-09-20T18:10:00Z,19,19,Determined upon crew arrival,In Progres,OUTAGE,Service Transformer,WWS,NORMAL,42.42996,-83.34873
SW25092000193,2025-09-20T14:38:19Z,2025-09-20T15:37:10Z,4,2025-09-20T13:57:08Z,2025-09-21T13:55:00Z,1,1,Determined upon crew arrival,PC3 Verifi,OUTAGE,Single Customer,ANN,NORMAL,42.17522,-83.74122
SW25092000215,2025-09-20T14:38:19Z,2025-09-20T15:37:10Z,4,2025-09-20T14:07:56Z,2025-09-21T14:15:00Z,1,1,Determined upon crew arrival,In Progres,OUTAGE,Single Customer,WWS,NORMAL,42.33608,-83.37231
NW25092000234,2025-09-20T14:50:46Z,2025-09-20T15:17:11Z,2,2025-09-20T14:35:12Z,2025-09-21T14:35:00Z,1,1,Determined upon crew arrival,New,OUTAGE,Single Customer,PON,NORMAL,42.6573,-83.56065
NW25092000239,2025-09-20T14:50:46Z,2025-09-20T15:37:10Z,3,2025-09-20T14:42:07Z,2025-09-21T14:45:00Z,1,1,Determined upon crew arrival,In Progres,OUTAGE,Single Customer,SBY,NORMAL,42.60305,-83.0066
SW25092000230,2025-09-20T14:50:46Z,2025-09-20T16:51:10Z,6,2025-09-20T14:30:12Z,2025-09-20T19:00:00Z,7,7,Determined upon crew arrival,In Progres,OUTAGE,Service Transformer,ANN,NORMAL,42.24748,-83.57964
SW25092000238,2025-09-20T14:50:46Z,2025-09-20T15:37:10Z,3,2025-09-20T13:23:34Z,2025-09-21T14:45:00Z,1,1,Determined upon crew arrival,In Progres,OUTAGE,Single Customer,ANN,NORMAL,42.2529,-83.68816
NW25092000246,2025-09-20T15:17:11Z,2025-09-20T15:37:10Z,2,2025-09-20T14:53:54Z,2025-09-21T14:55:00Z,1,1,Determined upon crew arrival,In Progres,OUTAGE,Single Customer,PON,NORMAL,42.6769,-83.28783
SE25092000241,2025-09-20T15:17:11Z,2025-09-20T16:20:54Z,3,2025-09-20T14:48:26Z,2025-09-20T19:20:00Z,22,22,Determined upon crew arrival,In Progres,OUTAGE,Service Transformer,CAN,NORMAL,42.4015,-83.13725
SE25092000242,2025-09-20T15:17:11Z,2025-09-20T15:37:10Z,2,2025-09-20T14:49:34Z,2025-09-21T14:50:00Z,1,1,Determined upon crew arrival,New,OUTAGE,Single Customer,RFD,NORMAL,42.49573,-83.25189
SW25092000247,2025-09-20T15:17:11Z,2025-09-20T16:20:54Z,3,2025-09-20T14:41:35Z,2025-09-20T19:30:00Z,2,2,Determined upon crew arrival,In Progres,OUTAGE,Service Transformer,ANN,NORMAL,42.2479,-83.57966
NE25092000257,2025-09-20T15:37:10Z,2025-09-20T16:20:54Z,2,2025-09-20T15:12:31Z,2025-09-21T15:15:00Z,1,1,Determined upon crew arrival,In Progres,OUTAGE,Single Customer,NAE,NORMAL,43.4302,-82.59635
NW25092000250,2025-09-20T15:37:10Z,2025-09-20T17:27:38Z,6,2025-09-20T15:02:54Z,2025-09-21T15:05:00Z,1,1,Determined upon crew arrival,In Progres,OUTAGE,Single Customer,SBY,NORMAL,42.55869,-82.97574
NW25092000258,2025-09-20T15:37:10Z,2025-09-20T15:37:10Z,1,2025-09-20T15:14:49Z,,1,1,Determined upon crew arrival,New,OUTAGE,Single Customer,PON,NORMAL,42.55469,-83.11929
NW25092000259,2025-09-20T15:37:10Z,2025-09-20T15:37:10Z,1,2025-09-20T15:15:03Z,,1,1,Determined upon crew arrival,New,OUTAGE,Single Customer,PON,NORMAL,42.55708,-83.13371
SE25092000251,2025-09-20T15:37:10Z,2025-09-20T17:50:59Z,8,2025-09-20T15:03:28Z,2025-09-20T19:35:00Z,2,2,Equipment problem,In Progres,OUTAGE,Service Secondary,RFD,NORMAL,42.51713,-83.10922
NE25092000297,2025-09-20T16:20:54Z,2025-09-20T17:50:59Z,7,2025-09-20T16:05:54Z,2025-09-20T20:35:00Z,8,8,Determined upon crew arrival,In Progres,OUTAGE,Service Transformer,MTC,NORMAL,42.55422,-82.90229
NE25092000302,2025-09-20T16:20:54Z,2025-09-20T17:38:59Z,6,2025-09-20T16:11:56Z,2025-09-21T16:10:00Z,1,1,Determined upon crew arrival,In Progres,OUTAGE,Single Customer,MTC,NORMAL,42.47166,-82.96447
NW25092000272,2025-09-20T16:20:54Z,2025-09-20T16:20:54Z,1,2025-09-20T15:12:00Z,2025-09-20T19:50:00Z,14,14,Determined upon crew arrival,In Progres,OUTAGE,Device (I),HWL,NORMAL,42.47202,-83.83045
NW25092000274,2025-09-20T16:20:54Z,2025-09-20T16:20:54Z,1,2025-09-20T15:24:55Z,2025-09-20T19:55:00Z,25,25,Equipment problem,In Progres,OUTAGE,Device (I),SBY,NORMAL,42.63019,-83.08793
NW25092000280,2025-09-20T16:20:54Z,2025-09-20T19:51:19Z,14,2025-09-20T15:42:32Z,2025-09-21T15:45:00Z,1,1,Determined upon crew arrival,In Progres,OUTAGE,Single Customer,SBY,NORMAL,42.6802,-83.13759
NW25092000287,2025-09-20T16:20:54Z,2025-09-20T18:42:05Z,9,2025-09-20T15:47:00Z,2025-09-21T15:50:00Z,1,1,Determined upon crew arrival,In Progres,OUTAGE,Single Customer,PON,NORMAL,42.65109,-83.64632
NW25092000294,2025-09-20T16:20:54Z,2025-09-20T18:53:16Z,10,2025-09-20T15:56:51Z,2025-09-21T15:55:00Z,1,1,Public Interference w/DTE equip,In Progres,SERVICE DOWN NO,,SBY,NORMAL,42.67739,-83.02802
NW25092000299,2025-09-20T16:20:54Z,2025-09-20T16:51:10Z,3,2025-09-20T16:08:44Z,2025-09-21T16:10:00Z,1,1,Determined upon crew arrival,Pending,OUTAGE,Single Customer,SBY,NORMAL,42.709,-83.14159
NW25092000300,2025-09-20T16:20:54Z,2025-09-20T16:40:15Z,2,2025-09-20T16:09:46Z,2025-09-20T20:40:00Z,23,23,Determined upon crew arrival,In Progres,OUTAGE,Device (II),PON,NORMAL,42.54418,-83.1126
SE25092000278,2025-09-20T16:20:54Z,2025-09-20T23:51:20Z,26,2025-09-20T15:38:13Z,2025-09-21T15:40:00Z,1,1,Determined upon crew arrival,In Progres,OUTAGE,Single Customer,RFD,NORMAL,42.34262,-83.19794
SE25092000288,2025-09-20T16:20:54Z,2025-09-20T18:42:05Z,9,2025-09-20T15:52:38Z,2025-09-21T15:55:00Z,1,1,Determined upon crew arrival,In Progres,OUTAGE,Single Customer,CAN,NORMAL,42.42145,-83.04548
SW25092000276,2025-09-20T16:20:54Z,2025-09-20T17:38:59Z,6,2025-09-20T15:30:00Z,2025-09-20T20:00:00Z,1669,1669,Public Interference w/DTE equip,In Progres,OUTAGE,Circuit Level,NPT,NORMAL,42.09721,-83.26242
SW25092000277,2025-09-20T16:20:54Z,2025-09-20T16:20:54Z,1,2025-09-20T15:34:38Z,2025-09-21T15:35:00Z,1,1,Determined upon crew arrival,In Progres,OUTAGE,Single Customer,WWS,NORMAL,42.25905,-83.23545
SW25092000285,2025-09-20T16:20:54Z,2025-09-20T17:13:57Z,4,2025-09-20T15:46:01Z,2025-09-20T20:15:00Z,7,7,Determined upon crew arrival,In Progres,OUTAGE,Service Transformer,WWS,NORMAL,42.31113,-83.38313
SW25092000289,2025-09-20T16:20:54Z,2025-09-20T17:50:59Z,7,2025-09-20T15:53:48Z,2025-09-20T20:25:00Z,2,2,Determined upon crew arrival,In Progres,OUTAGE,Service Transformer,ANN,NORMAL,42.35699,-83.72552
SW25092000291,2025-09-20T16:20:54Z,2025-09-20T16:51:10Z,3,2025-09-20T15:55:25Z,2025-09-21T15:55:00Z,1,1,Determined upon crew arrival,In Progres,OUTAGE,Service Secondary,WWS,NORMAL,42.29535,-83.36647
SW25092000295,2025-09-20T16:20:54Z,2025-09-20T18:53:16Z,10,2025-09-20T15:57:01Z,2025-09-20T20:25:00Z,1,1,Determined upon crew arrival,PC3 Verifi,PRIORITY,,WWS,NORMAL,42.3048,-83.41158
SW25092000298,2025-09-20T16:20:54Z,2025-09-20T17:50:59Z,7,2025-09-20T16:06:24Z,2025-09-21T16:05:00Z,1,1,Determined upon crew arrival,In Progres,OUTAGE,Single Customer,ANN,NORMAL,42.25854,-83.76716
SW25092000301,2025-09-20T16:20:54Z,2025-09-20T16:51:10Z,3,2025-09-20T16:00:41Z,2025-09-21T16:10:00Z,1,1,Determined upon crew arrival,In Progres,OUTAGE,Single Customer,WWS,NORMAL,42.29535,-83.36647
NE25092000310,2025-09-20T16:40:15Z,2025-09-20T17:50:59Z,6,2025-09-20T16:21:37Z,2025-09-20T20:50:00Z,45,45,Determined upon crew arrival,In Progres,OUTAGE,Device (II),LAP,NORMAL,43.06673,-83.07126
NE25092000315,2025-09-20T16:40:15Z,2025-09-20T17:13:57Z,3,2025-09-20T16:28:05Z,2025-09-20T21:00:00Z,16,16,Determined upon crew arrival,In Progres,OUTAGE,Device (I),LAP,NORMAL,43.07022,-83.07499
NE25092000316,2025-09-20T16:40:15Z,2025-09-20T17:13:57Z,3,2025-09-20T16:29:10Z,2025-09-20T21:00:00Z,2,2,Determined upon crew arrival,In Progres,OUTAGE,Service Secondary,LAP,NORMAL,43.066,-83.05548
NE25092000317,2025-09-20T16:40:15Z,2025-09-20T16:40:15Z,1,2025-09-20T16:29:58Z,,1,1,Determined upon crew arrival,New,OUTAGE,Single Customer,LAP,NORMAL,43.07761,-83.07652
SE25092000308,2025-09-20T16:40:15Z,2025-09-20T17:27:38Z,4,2025-09-20T16:18:07Z,2025-09-21T16:20:00Z,1,1,Determined upon crew arrival,In Progres,OUTAGE,Single Customer,CAN,NORMAL,42.38293,-83.12713
SW25092000305,2025-09-20T16:40:15Z,2025-09-20T21:27:09Z,18,2025-09-20T16:08:26Z,2025-09-21T00:45:00Z,9,9,Equipment problem,In Progres,OUTAGE,Device (I),WWS,NORMAL,42.33698,-83.39542
SW25092000306,2025-09-20T16:40:15Z,2025-09-20T17:38:59Z,5,2025-09-20T16:16:42Z,2025-09-20T20:45:00Z,1,1,Determined upon crew arrival,In Progres,PRIORITY,,NPT,NORMAL,42.10929,-83.26465
SW25092000307,2025-09-20T16:40:15Z,2025-09-20T20:51:24Z,16,2025-09-20T16:08:24Z,2025-09-20T20:45:00Z,3,3,Equipment problem,In Progres,OUTAGE,Service Transformer,WWS,NORMAL,42.33676,-83.3934
SW25092000313,2025-09-20T16:40:15Z,2025-09-20T18:42:05Z,8,2025-09-20T16:23:40Z,2025-09-21T16:25:00Z,1,1,Determined upon crew arrival,In Progres,OUTAGE,Service Transformer,WWS,NORMAL,42.34963,-83.32023
SW25092000314,2025-09-20T16:40:15Z,2025-09-20T17:50:59Z,6,2025-09-20T16:27:54Z,2025-09-21T16:30:00Z,1,1,Determined upon crew arrival,In Progres,OUTAGE,Service Secondary,ANN,NORMAL,42.26213,-83.58863
NE25092000321,2025-09-20T16:51:10Z,2025-09-20T17:13:57Z,2,2025-09-20T16:34:38Z,2025-09-21T16:35:00Z,1,1,Determined upon crew arrival,New,OUTAGE,Single Customer,MTC,NORMAL,42.46987,-82.96446
NE25092000324,2025-09-20T16:51:10Z,2025-09-20T21:27:09Z,17,2025-09-20T16:43:16Z,2025-09-21T16:45:00Z,1,1,Meter Issue,In Progres,OUTAGE,Single Customer,MTC,NORMAL,42.60386,-82.79543
SE25092000322,2025-09-20T16:51:10Z,2025-09-21T06:27:51Z,35,2025-09-20T16:40:58Z,2025-09-21T09:10:00Z,1,1,Determined upon crew arrival,PC3 Verifi,PRIORITY,,RFD,NORMAL,42.34055,-83.29303
SE25092000325,2025-09-20T16:51:10Z,2025-09-20T16:51:10Z,1,2025-09-20T16:43:40Z,,2,2,Determined upon crew arrival,New,OUTAGE,Service Secondary,CAN,NORMAL,42.40149,-83.13725
SE25092000326,2025-09-20T16:51:10Z,2025-09-20T16:51:10Z,1,2025-09-20T16:04:57Z,,56,56,Determined upon crew arrival,New,OUTAGE,Device (I),CAN,NORMAL,42.40366,-83.13601
SE25092000327,2025-09-20T16:51:10Z,2025-09-20T16:51:10Z,1,2025-09-20T14:20:19Z,,2,2,Determined upon crew arrival,New,OUTAGE,Service Secondary,CAN,NORMAL,42.40149,-83.13725
SW25092000320,2025-09-20T16:51:10Z,2025-09-20T17:50:59Z,5,2025-09-20T16:33:17Z,2025-09-21T16:35:00Z,1,1,Determined upon crew arrival,In Progres,OUTAGE,Service Secondary,ANN,NORMAL,42.24747,-83.68589
NE25092000334,2025-09-20T17:13:57Z,2025-09-20T18:24:01Z,5,2025-09-20T16:52:28Z,2025-09-21T16:55:00Z,1,1,Determined upon crew arrival,In Progres,OUTAGE,Single Customer,MTC,NORMAL,42.46748,-82.96184
NE25092000341,2025-09-20T17:13:57Z,2025-09-20T17:13:57Z,1,2025-09-20T17:00:07Z,,1,1,Determined upon crew arrival,New,OUTAGE,Single Customer,LAP,NORMAL,43.06886,-83.29872
SE25092000299,2025-09-20T17:13:57Z,2025-09-20T17:27:38Z,2,2025-09-20T16:08:44Z,2025-09-21T16:10:00Z,1,1,Determined upon crew arrival,Pending,OUTAGE,Single Customer,RFD,NORMAL,42.709,-83.14159
SE25092000337,2025-09-20T17:13:57Z,2025-09-21T06:27:51Z,34,2025-09-20T16:56:13Z,2025-09-21T09:25:00Z,1,1,Determined upon crew arrival,PC3 Verifi,PRIORITY,,RFD,NORMAL,42.34055,-83.29303
SE25092000339,2025-09-20T17:13:57Z,2025-09-20T18:53:16Z,7,2025-09-20T16:57:32Z,2025-09-21T17:00:00Z,1,1,Determined upon crew arrival,In Progres,OUTAGE,Service Secondary,CAN,NORMAL,42.44641,-83.03373
SE25092000340,2025-09-20T17:13:57Z,2025-09-20T18:53:16Z,7,2025-09-20T16:58:41Z,2025-09-21T17:00:00Z,1,1,Determined upon crew arrival,In Progres,OUTAGE,Single Customer,CAN,NORMAL,42.40438,-83.13966
SW25092000336,2025-09-20T17:13:57Z,2025-09-20T17:50:59Z,4,2025-09-20T16:56:10Z,2025-09-21T16:55:00Z,1,1,Determined upon crew arrival,In Progres,OUTAGE,Single Customer,NPT,NORMAL,42.08547,-83.27694
SW25092000338,2025-09-20T17:13:57Z,2025-09-20T18:24:01Z,5,2025-09-20T16:43:56Z,2025-09-20T21:25:00Z,16,16,Determined upon crew arrival,In Progres,OUTAGE,Service Transformer,WWS,NORMAL,42.33059,-83.37068
NE25092000346,2025-09-20T17:27:38Z,2025-09-20T19:37:06Z,9,2025-09-20T17:07:19Z,2025-09-21T17:05:00Z,1,1,Equipment problem,In Progres,OUTAGE,Single Customer,LAP,NORMAL,43.12834,-83.38812
NW25092000349,2025-09-20T17:27:38Z,2025-09-20T18:24:01Z,4,2025-09-20T17:04:35Z,2025-09-20T21:40:00Z,11,11,Animal/bird damaged DTE equip,In Progres,OUTAGE,Service Transformer,SBY,NORMAL,42.5546,-83.01266
SE25092000351,2025-09-20T17:27:38Z,2025-09-20T17:50:59Z,3,2025-09-20T17:12:32Z,2025-09-21T17:15:00Z,1,1,Determined upon crew arrival,In Progres,OUTAGE,Single Customer,RFD,NORMAL,42.35444,-83.29227
SW25092000348,2025-09-20T17:27:38Z,2025-09-20T17:50:59Z,3,2025-09-20T17:08:27Z,2025-09-21T17:10:00Z,1,1,Determined upon crew arrival,In Progres,OUTAGE,Single Customer,ANN,NORMAL,42.24747,-83.68589
SW25092000353,2025-09-20T17:27:38Z,2025-09-20T18:42:05Z,5,2025-09-20T17:14:55Z,2025-09-21T17:15:00Z,1,1,Determined upon crew arrival,In Progres,OUTAGE,Single Customer,WWS,NORMAL,42.30158,-83.3923
NW25092000354,2025-09-20T17:38:59Z,2025-09-20T18:42:05Z,4,2025-09-20T17:16:58Z,2025-09-21T17:15:00Z,1,1,Determined upon crew arrival,In Progres,OUTAGE,Single Customer,PON,NORMAL,42.54361,-83.12652
NW25092000360,2025-09-20T17:38:59Z,2025-09-20T18:42:05Z,4,2025-09-20T17:22:48Z,2025-09-21T17:25:00Z,1,1,Determined upon crew arrival,In Progres,OUTAGE,Single Customer,SBY,NORMAL,42.57643,-83.0572
SE25092000357,2025-09-20T17:38:59Z,2025-09-20T17:38:59Z,1,2025-09-20T17:19:37Z,2025-09-21T17:20:00Z,1,1,Determined upon crew arrival,In Progres,OUTAGE,Single Customer,CAN,NORMAL,42.43914,-83.00526
SE25092000365,2025-09-20T17:38:59Z,2025-09-20T19:23:48Z,7,2025-09-20T17:27:29Z,2025-09-21T17:30:00Z,1,1,Determined upon crew arrival,In Progres,SERVICE DOWN NO,,RFD,NORMAL,42.43948,-83.29304
SW25092000356,2025-09-20T17:38:59Z,2025-09-20T19:12:45Z,6,2025-09-20T17:18:30Z,2025-09-21T17:20:00Z,1,1,Determined upon crew arrival,In Progres,OUTAGE,Single Customer,ANN,NORMAL,42.32033,-83.75504
SW25092000362,2025-09-20T17:38:59Z,2025-09-20T18:53:16Z,5,2025-09-20T17:24:00Z,2025-09-21T17:25:00Z,1,1,Determined upon crew arrival,In Progres,OUTAGE,Service Secondary,WWS,NORMAL,42.31138,-83.38704
NW25092000371,2025-09-20T17:50:59Z,2025-09-20T17:50:59Z,1,2025-09-20T17:27:43Z,,2,2,Determined upon crew arrival,New,OUTAGE,Service Transformer,PON,NORMAL,42.54365,-83.1261
NE25092000382,2025-09-20T18:24:01Z,2025-09-20T20:51:24Z,10,2025-09-20T18:05:56Z,2025-09-21T18:05:00Z,1,1,Animal/bird damaged DTE equip,In Progres,OUTAGE,Single Customer,MAR,NORMAL,43.02809,-82.53026
SW25092000372,2025-09-20T18:24:01Z,2025-09-20T20:37:11Z,9,2025-09-20T17:49:10Z,2025-09-21T17:50:00Z,1,1,Determined upon crew arrival,In Progres,OUTAGE,Single Customer,NPT,NORMAL,42.08993,-83.25866
SW25092000373,2025-09-20T18:24:01Z,2025-09-20T19:23:48Z,5,2025-09-20T17:50:14Z,2025-09-21T17:50:00Z,1,1,Determined upon crew arrival,New,OUTAGE,Single Customer,NPT,NORMAL,42.09969,-83.27763
SW25092000375,2025-09-20T18:24:01Z,2025-09-20T18:42:05Z,2,2025-09-20T17:51:48Z,2025-09-21T17:50:00Z,1,1,Determined upon crew arrival,New,OUTAGE,Single Customer,NPT,NORMAL,42.09415,-83.26682
SW25092000378,2025-09-20T18:24:01Z,2025-09-20T18:53:16Z,3,2025-09-20T17:56:41Z,2025-09-21T17:55:00Z,1,1,Determined upon crew arrival,In Progres,OUTAGE,Service Secondary,ANN,NORMAL,42.24747,-83.68589
SW25092000379,2025-09-20T18:24:01Z,2025-09-20T19:37:06Z,6,2025-09-20T17:58:14Z,2025-09-21T18:00:00Z,1,1,Determined upon crew arrival,In Progres,OUTAGE,Service Secondary,ANN,NORMAL,42.35145,-83.72397
SW25092000381,2025-09-20T18:24:01Z,2025-09-20T18:24:01Z,1,2025-09-20T18:03:51Z,2025-09-20T22:35:00Z,4,4,Determined upon crew arrival,In Progres,OUTAGE,Service Transformer,ANN,NORMAL,42.26206,-83.58781
SW25092000383,2025-09-20T18:24:01Z,2025-09-20T20:18:23Z,8,2025-09-20T17:36:08Z,2025-09-21T18:10:00Z,1,1,Animal/bird damaged DTE equip,In Progres,OUTAGE,Single Customer,NPT,NORMAL,42.13863,-83.23874
NW25092000387,2025-09-20T18:42:05Z,2025-09-20T21:27:09Z,11,2025-09-20T18:20:13Z,2025-09-21T18:20:00Z,1,1,Determined upon crew arrival,In Progres,OUTAGE,Single Customer,SBY,NORMAL,42.63883,-82.98571
SW25092000385,2025-09-20T18:42:05Z,2025-09-20T18:42:05Z,1,2025-09-20T18:17:41Z,2025-09-21T18:20:00Z,1,1,Determined upon crew arrival,In Progres,OUTAGE,Single Customer,ANN,NORMAL,42.26206,-83.58781
SW25092000389,2025-09-20T18:42:05Z,2025-09-20T18:42:05Z,1,2025-09-20T18:27:12Z,,1,1,Determined upon crew arrival,In Progres,OUTAGE,Single Customer,WWS,NORMAL,42.33059,-83.37068
SE25092000394,2025-09-20T18:53:16Z,2025-09-21T18:55:15Z,63,2025-09-20T18:34:40Z,2025-09-21T22:35:00Z,1,1,Determined upon crew arrival,In Progres,OUTAGE,Single Customer,RFD,NORMAL,42.41123,-83.23606
SW25092000393,2025-09-20T18:53:16Z,2025-09-20T19:37:06Z,4,2025-09-20T18:34:30Z,2025-09-21T18:35:00Z,1,1,Equipment problem,Pending,OUTAGE,Single Customer,ANN,NORMAL,42.34467,-83.90582
NW25092000406,2025-09-20T19:12:45Z,2025-09-21T23:37:27Z,76,2025-09-20T18:58:30Z,2025-09-22T03:00:00Z,1,1,Equipment problem,In Progres,OUTAGE,Single Customer,PON,NORMAL,42.52404,-83.53733
SW25092000404,2025-09-20T19:12:45Z,2025-09-20T22:16:18Z,12,2025-09-20T18:57:39Z,2025-09-21T19:00:00Z,1,1,Determined upon crew arrival,New,OUTAGE,Single Customer,WWS,NORMAL,42.51262,-83.48912
SE25092000408,2025-09-20T19:23:48Z,2025-09-20T21:27:09Z,8,2025-09-20T02:31:26Z,2025-09-21T19:10:00Z,1,1,Determined upon crew arrival,In Progres,OUTAGE,Single Customer,CAN,NORMAL,42.39725,-83.08349
SE25092000409,2025-09-20T19:37:06Z,2025-09-22T01:40:43Z,76,2025-09-20T19:17:25Z,2025-09-22T03:20:00Z,1,1,Equipment problem,In Progres,OUTAGE,Single Customer,RFD,NORMAL,42.42583,-83.29501
SW25092000413,2025-09-20T19:37:06Z,2025-09-20T21:15:04Z,6,2025-09-20T19:26:32Z,2025-09-21T19:25:00Z,1,1,Determined upon crew arrival,In Progres,OUTAGE,Single Customer,NPT,NORMAL,42.0911,-83.26607
NE25092000416,2025-09-20T19:51:19Z,2025-09-21T17:37:35Z,55,2025-09-20T19:28:19Z,2025-09-21T19:30:00Z,1,1,Equipment problem,In Progres,OUTAGE,Single Customer,MTC,NORMAL,42.47884,-82.90281
SE25092000417,2025-09-20T19:51:19Z,2025-09-21T01:40:37Z,14,2025-09-20T19:32:27Z,2025-09-21T19:30:00Z,1,1,Determined upon crew arrival,Pending,OUTAGE,Single Customer,CAN,NORMAL,42.36925,-83.10088
SE25092000545,2025-09-20T19:51:19Z,2025-09-20T23:51:20Z,13,2025-09-20T19:36:06Z,2025-09-21T19:35:00Z,1,1,Equipment problem,In Progres,SERVICE DOWN NO,,RFD,NORMAL,42.41097,-83.25022
SW25092000418,2025-09-20T19:51:19Z,2025-09-20T19:51:19Z,1,2025-09-20T19:32:53Z,2025-09-21T00:05:00Z,45,45,Determined upon crew arrival,New,OUTAGE,Device (II),ANN,NORMAL,42.21457,-83.60297
SW25092000419,2025-09-20T19:51:19Z,2025-09-20T20:18:23Z,2,2025-09-20T19:33:09Z,2025-09-21T00:05:00Z,457,457,Determined upon crew arrival,In Progres,OUTAGE,Device (II),WWS,NORMAL,42.20345,-83.49842
SW25092000420,2025-09-20T19:51:19Z,2025-09-20T20:18:23Z,2,2025-09-20T19:33:09Z,2025-09-21T00:05:00Z,1311,1311,Determined upon crew arrival,In Progres,OUTAGE,Circuit Level,WWS,NORMAL,42.18847,-83.43872
SW25092000421,2025-09-20T19:51:19Z,2025-09-21T01:40:37Z,14,2025-09-20T19:33:05Z,2025-09-21T04:05:00Z,6027,458,Equipment problem,In Progres,OUTAGE,Subtransmission,WWS,NORMAL,42.20336,-83.46913
SW25092000422,2025-09-20T19:51:19Z,2025-09-20T19:51:19Z,1,2025-09-20T19:33:59Z,2025-09-21T00:05:00Z,565,565,Determined upon crew arrival,New,OUTAGE,Device (II),WWS,NORMAL,42.19072,-83.50046
SW25092000423,2025-09-20T19:51:19Z,2025-09-20T19:51:19Z,1,2025-09-20T19:34:04Z,2025-09-21T19:35:00Z,1,1,Determined upon crew arrival,New,OUTAGE,Single Customer,WWS,NORMAL,42.19427,-83.48297
SW25092000424,2025-09-20T19:51:19Z,2025-09-20T20:18:23Z,2,2025-09-20T19:33:09Z,2025-09-21T00:05:00Z,340,340,Determined upon crew arrival,In Progres,OUTAGE,Circuit Level,WWS,NORMAL,42.20536,-83.42153
SW25092000425,2025-09-20T19:51:19Z,2025-09-20T19:51:19Z,1,2025-09-20T19:34:12Z,2025-09-21T19:35:00Z,2,2,Determined upon crew arrival,New,OUTAGE,Service Secondary,WWS,NORMAL,42.22195,-83.42317
SW25092000437,2025-09-20T19:51:19Z,2025-09-20T19:51:19Z,1,2025-09-20T19:34:24Z,2025-09-21T00:05:00Z,130,130,Determined upon crew arrival,New,OUTAGE,Device (II),WWS,NORMAL,42.23951,-83.41434
SW25092000453,2025-09-20T19:51:19Z,2025-09-20T19:51:19Z,1,2025-09-20T19:34:36Z,2025-09-21T00:05:00Z,53,53,Determined upon crew arrival,New,OUTAGE,Device (II),WWS,NORMAL,42.16864,-83.50204
SW25092000456,2025-09-20T19:51:19Z,2025-09-20T19:51:19Z,1,2025-09-20T19:34:35Z,2025-09-21T00:05:00Z,282,282,Determined upon crew arrival,New,OUTAGE,Device (II),WWS,NORMAL,42.18051,-83.46259
SW25092000458,2025-09-20T19:51:19Z,2025-09-20T20:18:23Z,2,2025-09-20T19:33:08Z,2025-09-21T00:05:00Z,686,686,Determined upon crew arrival,In Progres,OUTAGE,Device (II),WWS,NORMAL,42.20349,-83.48893
SW25092000467,2025-09-20T19:51:19Z,2025-09-20T20:18:23Z,2,2025-09-20T19:34:57Z,2025-09-21T19:35:00Z,1,1,Determined upon crew arrival,New,OUTAGE,Single Customer,NPT,NORMAL,42.09051,-83.28309
SW25092000470,2025-09-20T19:51:19Z,2025-09-20T19:51:19Z,1,2025-09-20T19:34:57Z,2025-09-21T19:35:00Z,1,1,Determined upon crew arrival,New,OUTAGE,Single Customer,WWS,NORMAL,42.1835,-83.49214
SW25092000494,2025-09-20T19:51:19Z,2025-09-20T19:51:19Z,1,2025-09-20T19:35:21Z,2025-09-21T00:05:00Z,2,2,Determined upon crew arrival,New,OUTAGE,Service Secondary,WWS,NORMAL,42.17608,-83.50265
SW25092000516,2025-09-20T19:51:19Z,2025-09-20T19:51:19Z,1,2025-09-20T19:35:40Z,2025-09-21T00:05:00Z,30,30,Determined upon crew arrival,New,OUTAGE,Device (I),WWS,NORMAL,42.17991,-83.49453
SW25092000519,2025-09-20T19:51:19Z,2025-09-20T19:51:19Z,1,2025-09-20T19:35:46Z,2025-09-21T00:05:00Z,12,12,Determined upon crew arrival,New,OUTAGE,Service Transformer,WWS,NORMAL,42.22348,-83.42358
SW25092000525,2025-09-20T19:51:19Z,2025-09-20T19:51:19Z,1,2025-09-20T19:35:48Z,2025-09-21T19:35:00Z,1,1,Determined upon crew arrival,New,OUTAGE,Single Customer,WWS,NORMAL,42.17466,-83.49911
SW25092000528,2025-09-20T19:51:19Z,2025-09-20T19:51:19Z,1,2025-09-20T19:35:50Z,2025-09-21T19:35:00Z,1,1,Determined upon crew arrival,New,OUTAGE,Single Customer,WWS,NORMAL,42.17537,-83.50066
SW25092000529,2025-09-20T19:51:19Z,2025-09-20T19:51:19Z,1,2025-09-20T19:35:48Z,2025-09-21T19:35:00Z,1,1,Determined upon crew arrival,New,OUTAGE,Single Customer,WWS,NORMAL,42.17261,-83.49481
SW25092000537,2025-09-20T19:51:19Z,2025-09-20T19:51:19Z,1,2025-09-20T19:36:00Z,2025-09-21T19:35:00Z,1,1,Determined upon crew arrival,New,OUTAGE,Single Customer,WWS,NORMAL,42.21775,-83.43336
SW25092000543,2025-09-20T19:51:19Z,2025-09-20T19:51:19Z,1,2025-09-20T19:36:00Z,2025-09-21T19:35:00Z,1,1,Determined upon crew arrival,New,OUTAGE,Single Customer,WWS,NORMAL,42.17466,-83.50234
SW25092000547,2025-09-20T19:51:19Z,2025-09-20T19:51:19Z,1,2025-09-20T19:36:06Z,2025-09-21T19:35:00Z,1,1,Determined upon crew arrival,New,OUTAGE,Single Customer,WWS,NORMAL,42.23578,-83.43159
SW25092000560,2025-09-20T19:51:19Z,2025-09-20T19:51:19Z,1,2025-09-20T19:36:17Z,2025-09-21T00:05:00Z,2,2,Determined upon crew arrival,New,OUTAGE,Service Secondary,WWS,NORMAL,42.22247,-83.421
SW25092000571,2025-09-20T19:51:19Z,2025-09-20T19:51:19Z,1,2025-09-20T19:36:25Z,2025-09-21T19:35:00Z,1,1,Determined upon crew arrival,New,OUTAGE,Single Customer,WWS,NORMAL,42.2196,-83.43142
SW25092000573,2025-09-20T19:51:19Z,2025-09-20T19:51:19Z,1,2025-09-20T19:36:24Z,2025-09-21T19:35:00Z,1,1,Determined upon crew arrival,New,OUTAGE,Single Customer,WWS,NORMAL,42.17026,-83.50069
SW25092000579,2025-09-20T19:51:19Z,2025-09-20T19:51:19Z,1,2025-09-20T19:36:29Z,2025-09-21T19:35:00Z,1,1,Determined upon crew arrival,New,OUTAGE,Single Customer,WWS,NORMAL,42.17465,-83.48858
SW25092000582,2025-09-20T19:51:19Z,2025-09-20T19:51:19Z,1,2025-09-20T19:36:36Z,2025-09-21T00:05:00Z,8,8,Determined upon crew arrival,New,OUTAGE,Service Transformer,WWS,NORMAL,42.17465,-83.48335
SW25092000585,2025-09-20T19:51:19Z,2025-09-20T19:51:19Z,1,2025-09-20T19:36:42Z,2025-09-21T19:35:00Z,1,1,Determined upon crew arrival,New,OUTAGE,Single Customer,WWS,NORMAL,42.18139,-83.49207
SW25092000597,2025-09-20T19:51:19Z,2025-09-20T19:51:19Z,1,2025-09-20T19:36:53Z,2025-09-21T19:35:00Z,1,1,Determined upon crew arrival,New,OUTAGE,Single Customer,WWS,NORMAL,42.17837,-83.48192
SW25092000603,2025-09-20T19:51:19Z,2025-09-20T19:51:19Z,1,2025-09-20T19:37:07Z,2025-09-21T19:35:00Z,1,1,Determined upon crew arrival,New,OUTAGE,Single Customer,WWS,NORMAL,42.19444,-83.48338
SW25092000608,2025-09-20T19:51:19Z,2025-09-20T19:51:19Z,1,2025-09-20T19:37:13Z,2025-09-21T19:35:00Z,1,1,Determined upon crew arrival,New,OUTAGE,Single Customer,WWS,NORMAL,42.17535,-83.50328
SW25092000611,2025-09-20T19:51:19Z,2025-09-20T19:51:19Z,1,2025-09-20T19:37:17Z,2025-09-21T19:35:00Z,1,1,Determined upon crew arrival,New,OUTAGE,Single Customer,WWS,NORMAL,42.17468,-83.49613
SW25092000614,2025-09-20T19:51:19Z,2025-09-20T19:51:19Z,1,2025-09-20T19:37:21Z,2025-09-21T19:35:00Z,3,3,Determined upon crew arrival,New,OUTAGE,Service Transformer,WWS,NORMAL,42.23681,-83.42599
SW25092000622,2025-09-20T19:51:19Z,2025-09-20T19:51:19Z,1,2025-09-20T19:37:35Z,2025-09-21T00:10:00Z,8,8,Determined upon crew arrival,New,OUTAGE,Service Transformer,WWS,NORMAL,42.21809,-83.43797
SW25092000626,2025-09-20T19:51:19Z,2025-09-20T19:51:19Z,1,2025-09-20T19:37:45Z,2025-09-21T19:40:00Z,1,1,Determined upon crew arrival,New,OUTAGE,Single Customer,WWS,NORMAL,42.21972,-83.4368
SW25092000628,2025-09-20T19:51:19Z,2025-09-20T19:51:19Z,1,2025-09-20T19:37:51Z,2025-09-21T19:40:00Z,1,1,Determined upon crew arrival,New,OUTAGE,Single Customer,WWS,NORMAL,42.18206,-83.48391
SW25092000633,2025-09-20T19:51:19Z,2025-09-20T19:51:19Z,1,2025-09-20T19:38:03Z,2025-09-21T19:40:00Z,1,1,Determined upon crew arrival,New,OUTAGE,Single Customer,WWS,NORMAL,42.19087,-83.47218
SW25092000636,2025-09-20T19:51:19Z,2025-09-20T19:51:19Z,1,2025-09-20T19:38:13Z,2025-09-21T00:10:00Z,8,8,Determined upon crew arrival,New,OUTAGE,Service Transformer,WWS,NORMAL,42.21779,-83.43439
SW25092000640,2025-09-20T19:51:19Z,2025-09-20T19:51:19Z,1,2025-09-20T19:38:17Z,2025-09-21T19:40:00Z,1,1,Determined upon crew arrival,New,OUTAGE,Single Customer,WWS,NORMAL,42.22469,-83.4239
SW25092000645,2025-09-20T19:51:19Z,2025-09-20T19:51:19Z,1,2025-09-20T19:38:23Z,2025-09-21T19:40:00Z,2,2,Determined upon crew arrival,New,OUTAGE,Service Secondary,WWS,NORMAL,42.17244,-83.48328
SW25092000657,2025-09-20T19:51:19Z,2025-09-20T19:51:19Z,1,2025-09-20T19:38:56Z,2025-09-21T19:40:00Z,1,1,Determined upon crew arrival,New,OUTAGE,Single Customer,WWS,NORMAL,42.23585,-83.42804
SW25092000659,2025-09-20T19:51:19Z,2025-09-20T19:51:19Z,1,2025-09-20T19:39:03Z,2025-09-21T19:40:00Z,2,2,Determined upon crew arrival,New,OUTAGE,Service Secondary,WWS,NORMAL,42.17611,-83.49123
SW25092000661,2025-09-20T19:51:19Z,2025-09-20T19:51:19Z,1,2025-09-20T19:39:05Z,2025-09-21T19:40:00Z,1,1,Determined upon crew arrival,New,OUTAGE,Single Customer,WWS,NORMAL,42.2368,-83.42663
SW25092000662,2025-09-20T19:51:19Z,2025-09-20T19:51:19Z,1,2025-09-20T19:39:06Z,2025-09-21T19:40:00Z,1,1,Determined upon crew arrival,New,OUTAGE,Single Customer,WWS,NORMAL,42.18391,-83.4633
SW25092000669,2025-09-20T19:51:19Z,2025-09-20T19:51:19Z,1,2025-09-20T19:39:56Z,2025-09-21T19:40:00Z,1,1,Determined upon crew arrival,New,OUTAGE,Single Customer,WWS,NORMAL,42.24562,-83.42627
SW25092000674,2025-09-20T19:51:19Z,2025-09-20T19:51:19Z,1,2025-09-20T19:40:15Z,2025-09-21T19:40:00Z,1,1,Determined upon crew arrival,New,OUTAGE,Single Customer,WWS,NORMAL,42.21658,-83.43611
SW25092000682,2025-09-20T19:51:19Z,2025-09-20T19:51:19Z,1,2025-09-20T19:40:57Z,2025-09-21T19:40:00Z,2,2,Determined upon crew arrival,New,OUTAGE,Service Secondary,WWS,NORMAL,42.21586,-83.43816
SW25092000684,2025-09-20T19:51:19Z,2025-09-20T19:51:19Z,1,2025-09-20T19:41:08Z,2025-09-21T19:40:00Z,1,1,Determined upon crew arrival,New,OUTAGE,Single Customer,WWS,NORMAL,42.21623,-83.43554
SW25092000685,2025-09-20T19:51:19Z,2025-09-20T19:51:19Z,1,2025-09-20T19:41:03Z,2025-09-21T19:40:00Z,1,1,Determined upon crew arrival,New,OUTAGE,Single Customer,WWS,NORMAL,42.16992,-83.49965
SW25092000693,2025-09-20T19:51:19Z,2025-09-20T19:51:19Z,1,2025-09-20T19:42:18Z,,1,1,Determined upon crew arrival,New,OUTAGE,Single Customer,WWS,NORMAL,42.17622,-83.47792
SW25092000694,2025-09-20T19:51:19Z,2025-09-20T19:51:19Z,1,2025-09-20T19:42:25Z,,1,1,Determined upon crew arrival,New,OUTAGE,Single Customer,WWS,NORMAL,42.23575,-83.43496
SW25092000695,2025-09-20T19:51:19Z,2025-09-20T19:51:19Z,1,2025-09-20T19:42:25Z,,1,1,Determined upon crew arrival,New,OUTAGE,Single Customer,WWS,NORMAL,42.17471,-83.49197
SW25092000698,2025-09-20T19:51:19Z,2025-09-20T20:18:23Z,2,2025-09-20T19:43:14Z,2025-09-21T00:15:00Z,50,50,Determined upon crew arrival,New,OUTAGE,Service Transformer,WWS,NORMAL,42.19812,-83.48353
SW25092000699,2025-09-20T19:51:19Z,2025-09-20T19:51:19Z,1,2025-09-20T19:43:18Z,,1,1,Determined upon crew arrival,New,OUTAGE,Single Customer,WWS,NORMAL,42.17583,-83.47667
SW25092000700,2025-09-20T19:51:19Z,2025-09-21T03:55:47Z,17,2025-09-20T19:44:14Z,2025-09-21T04:15:00Z,1,1,Determined upon crew arrival,In Progres,PRIORITY,,WWS,NORMAL,42.19906,-83.46101
SW25092000701,2025-09-20T19:51:19Z,2025-09-20T19:51:19Z,1,2025-09-20T19:44:55Z,,1,1,Determined upon crew arrival,New,OUTAGE,Single Customer,WWS,NORMAL,42.17464,-83.5046
SE25092000717,2025-09-20T20:18:23Z,2025-09-20T23:51:20Z,12,2025-09-20T19:56:56Z,2025-09-21T19:55:00Z,1,1,Determined upon crew arrival,In Progres,SERVICE DOWN NO,,RFD,NORMAL,42.43948,-83.29304
SW25092000707,2025-09-20T20:18:23Z,2025-09-20T20:18:23Z,1,2025-09-20T19:33:09Z,2025-09-21T00:20:00Z,311,311,Determined upon crew arrival,In Progres,OUTAGE,Circuit Level,WWS,NORMAL,42.23155,-83.42446
SW25092000714,2025-09-20T20:18:23Z,2025-09-21T03:55:47Z,16,2025-09-20T19:50:15Z,2025-09-21T04:20:00Z,1,1,Determined upon crew arrival,In Progres,PRIORITY,,WWS,NORMAL,42.1982,-83.4823
SW25092000716,2025-09-20T20:18:23Z,2025-09-20T20:37:11Z,2,2025-09-20T19:54:06Z,2025-09-21T19:55:00Z,1,1,Determined upon crew arrival,New,OUTAGE,Single Customer,WWS,NORMAL,42.17579,-83.50741
SW25092000719,2025-09-20T20:18:23Z,2025-09-20T20:18:23Z,1,2025-09-20T19:59:51Z,,1,1,Determined upon crew arrival,New,OUTAGE,Single Customer,ANN,NORMAL,42.2984,-83.68704
SW25092000720,2025-09-20T20:18:23Z,2025-09-21T03:55:47Z,16,2025-09-20T20:00:07Z,2025-09-21T04:30:00Z,1,1,Determined upon crew arrival,In Progres,PRIORITY,,WWS,NORMAL,42.22469,-83.4239
SW25092000722,2025-09-20T20:37:11Z,2025-09-20T20:37:11Z,1,2025-09-20T20:02:17Z,2025-09-21T20:00:00Z,1,1,Determined upon crew arrival,New,OUTAGE,Single Customer,WWS,NORMAL,42.19983,-83.4833
SW25092000728,2025-09-20T20:37:11Z,2025-09-20T20:37:11Z,1,2025-09-20T19:33:12Z,,1,1,Determined upon crew arrival,New,OUTAGE,Single Customer,WWS,NORMAL,42.21542,-83.42176
SW25092000730,2025-09-20T20:37:11Z,2025-09-21T04:52:56Z,18,2025-09-20T20:14:30Z,2025-09-21T04:45:00Z,44,41,Equipment problem,In Progres,OUTAGE,Service Transformer,WWS,NORMAL,42.19812,-83.48353
SW25092000731,2025-09-20T20:37:11Z,2025-09-20T21:38:45Z,5,2025-09-20T20:15:09Z,2025-09-21T20:15:00Z,1,1,Public Interference w/DTE equip,In Progres,SERVICE DOWN NO,,ANN,NORMAL,42.2312,-83.57626
SW25092000733,2025-09-20T20:51:24Z,2025-09-20T22:37:49Z,7,2025-09-20T20:15:44Z,2025-09-21T00:45:00Z,1,1,Determined upon crew arrival,PC3 Verifi,PRIORITY,,WWS,NORMAL,42.19302,-83.42198
SW25092000734,2025-09-20T20:51:24Z,2025-09-20T21:15:04Z,2,2025-09-20T20:29:04Z,2025-09-21T20:30:00Z,1,1,Determined upon crew arrival,New,OUTAGE,Single Customer,WWS,NORMAL,42.24331,-83.41853
NW25092000755,2025-09-20T21:15:04Z,2025-09-20T21:15:04Z,1,2025-09-20T18:31:38Z,,1,1,Determined upon crew arrival,New,OUTAGE,Single Customer,PON,NORMAL,42.75671,-83.41893
NW25092000756,2025-09-20T21:15:04Z,2025-09-20T21:15:04Z,1,2025-09-20T20:59:58Z,,1,1,Determined upon crew arrival,New,OUTAGE,Single Customer,PON,NORMAL,42.67951,-83.2706
SW25092000746,2025-09-20T21:15:04Z,2025-09-21T01:40:37Z,10,2025-09-20T20:46:27Z,2025-09-21T05:20:00Z,27,27,Equipment problem,In Progres,OUTAGE,Device (I),ANN,NORMAL,42.16016,-83.73606
SW25092000748,2025-09-20T21:15:04Z,2025-09-20T22:16:18Z,5,2025-09-20T20:52:38Z,2025-09-21T20:55:00Z,1,1,Determined upon crew arrival,New,OUTAGE,Single Customer,WWS,NORMAL,42.19988,-83.45092
SW25092000749,2025-09-20T21:15:04Z,2025-09-20T22:37:49Z,6,2025-09-20T20:52:59Z,2025-09-21T01:25:00Z,162,162,Determined upon crew arrival,In Progres,OUTAGE,Device (II),WWS,NORMAL,42.20118,-83.44213
SW25092000750,2025-09-20T21:15:04Z,2025-09-20T22:16:18Z,5,2025-09-20T20:53:23Z,2025-09-21T20:55:00Z,1,1,Determined upon crew arrival,New,OUTAGE,Single Customer,WWS,NORMAL,42.19295,-83.451
SW25092000751,2025-09-20T21:15:04Z,2025-09-20T21:15:04Z,1,2025-09-20T20:54:49Z,2025-09-21T20:55:00Z,1,1,Determined upon crew arrival,New,OUTAGE,Single Customer,WWS,NORMAL,42.2077,-83.41663
SW25092000752,2025-09-20T21:15:04Z,2025-09-20T23:16:19Z,7,2025-09-20T20:55:41Z,2025-09-21T20:55:00Z,1,1,Equipment problem,In Progres,OUTAGE,Single Customer,NPT,NORMAL,42.12476,-83.25429
SE25092000762,2025-09-20T21:27:09Z,2025-09-20T23:51:20Z,8,2025-09-20T21:12:25Z,2025-09-21T01:45:00Z,27,27,Determined upon crew arrival,Pending,OUTAGE,Service Transformer,RFD,NORMAL,42.38612,-83.22032
SW25092000757,2025-09-20T21:27:09Z,2025-09-20T21:27:09Z,1,2025-09-20T21:00:36Z,2025-09-21T21:00:00Z,1,1,Determined upon crew arrival,New,OUTAGE,Single Customer,WWS,NORMAL,42.16354,-83.42337
SW25092000763,2025-09-20T21:27:09Z,2025-09-20T22:16:18Z,4,2025-09-20T21:13:05Z,2025-09-21T21:15:00Z,1,1,Determined upon crew arrival,New,OUTAGE,Single Customer,WWS,NORMAL,42.19904,-83.43904
NE25092000766,2025-09-20T21:38:45Z,2025-09-21T02:59:27Z,9,2025-09-20T21:23:19Z,2025-09-21T21:25:00Z,1,1,Determined upon crew arrival,In Progres,SERVICE DOWN NO,,MTC,NORMAL,42.56335,-82.91148
SW25092000767,2025-09-20T21:38:45Z,2025-09-20T22:16:18Z,3,2025-09-20T21:25:17Z,2025-09-21T21:25:00Z,1,1,Determined upon crew arrival,New,OUTAGE,Single Customer,WWS,NORMAL,42.19312,-83.45234
SW25092000769,2025-09-20T21:38:45Z,2025-09-20T22:16:18Z,3,2025-09-20T21:26:04Z,2025-09-21T21:25:00Z,1,1,Determined upon crew arrival,New,OUTAGE,Single Customer,WWS,NORMAL,42.19209,-83.45059
SW25092000777,2025-09-20T21:51:16Z,2025-09-20T22:37:49Z,3,2025-09-20T20:00:07Z,2025-09-21T21:40:00Z,1,1,Determined upon crew arrival,New,OUTAGE,Single Customer,WWS,NORMAL,42.21623,-83.43554
SW25092000778,2025-09-20T22:16:18Z,2025-09-20T23:16:19Z,3,2025-09-20T21:45:26Z,2025-09-21T21:45:00Z,1,1,Public Interference w/DTE equip,In Progres,OUTAGE,Single Customer,ANN,NORMAL,42.2312,-83.57626
NW25092000788,2025-09-20T22:37:49Z,2025-09-20T23:51:20Z,4,2025-09-20T00:04:14Z,2025-09-21T22:10:00Z,1,1,Determined upon crew arrival,In Progres,OUTAGE,Single Customer,PON,NORMAL,42.62605,-83.24019
SE25092000789,2025-09-20T22:37:49Z,2025-09-21T13:50:58Z,35,2025-09-20T22:15:05Z,2025-09-21T22:15:00Z,1,1,Determined upon crew arrival,In Progres,OUTAGE,Single Customer,CAN,NORMAL,42.4002,-82.99013
SW25092000790,2025-09-20T22:37:49Z,2025-09-20T22:37:49Z,1,2025-09-20T22:17:08Z,2025-09-21T22:15:00Z,1,1,Determined upon crew arrival,New,OUTAGE,Single Customer,WWS,NORMAL,42.21977,-83.43612
SW25092000791,2025-09-20T22:37:49Z,2025-09-20T22:37:49Z,1,2025-09-20T19:36:22Z,2025-09-21T22:20:00Z,1,1,Determined upon crew arrival,New,OUTAGE,Single Customer,WWS,NORMAL,42.21247,-83.42627
SE25092000802,2025-09-20T23:16:19Z,2025-09-21T11:50:56Z,30,2025-09-20T22:30:44Z,2025-09-21T22:30:00Z,1,1,Equipment problem,In Progres,OUTAGE,Single Customer,CAN,NORMAL,42.31455,-83.08012
SE25092000804,2025-09-20T23:16:19Z,2025-09-21T09:51:14Z,24,2025-09-20T22:40:57Z,2025-09-21T22:40:00Z,1,1,Determined upon crew arrival,In Progres,OUTAGE,Single Customer,RFD,NORMAL,42.52629,-83.12427
SW25092000803,2025-09-20T23:16:19Z,2025-09-21T10:18:18Z,25,2025-09-20T22:21:14Z,2025-09-21T22:35:00Z,1,1,Determined upon crew arrival,In Progres,OUTAGE,Single Customer,NPT,NORMAL,42.04935,-83.23168
SW25092000805,2025-09-20T23:16:19Z,2025-09-20T23:37:45Z,2,2025-09-20T22:42:39Z,2025-09-21T22:45:00Z,1,1,Determined upon crew arrival,PC3 Verifi,OUTAGE,Single Customer,WWS,NORMAL,42.19988,-83.45092
SW25092000811,2025-09-20T23:51:20Z,2025-09-21T01:40:37Z,2,2025-09-20T23:30:34Z,2025-09-21T23:30:00Z,1,1,Determined upon crew arrival,New,OUTAGE,Single Customer,WWS,NORMAL,42.18369,-83.44605
SW25092000812,2025-09-20T23:51:20Z,2025-09-20T23:51:20Z,1,2025-09-20T18:57:39Z,2025-09-21T23:35:00Z,1,1,Determined upon crew arrival,PC3 Verifi,OUTAGE,Single Customer,WWS,NORMAL,42.51262,-83.48912
SW25092000816,2025-09-20T23:51:20Z,2025-09-20T23:51:20Z,1,2025-09-20T23:37:24Z,2025-09-21T23:40:00Z,1,1,Determined upon crew arrival,New,OUTAGE,Single Customer,WWS,NORMAL,42.20105,-83.46735
SW25092000817,2025-09-20T23:51:20Z,2025-09-20T23:51:20Z,1,2025-09-20T23:37:34Z,2025-09-21T23:40:00Z,1,1,Determined upon crew arrival,New,OUTAGE,Single Customer,WWS,NORMAL,42.178,-83.45912
SW25092000818,2025-09-20T23:51:20Z,2025-09-21T01:40:37Z,2,2025-09-20T20:53:23Z,2025-09-21T23:40:00Z,1,1,Determined upon crew arrival,New,OUTAGE,Single Customer,WWS,NORMAL,42.19906,-83.46101
SW25092000823,2025-09-20T23:51:20Z,2025-09-20T23:51:20Z,1,2025-09-20T19:35:53Z,2025-09-21T23:40:00Z,1,1,Determined upon crew arrival,New,OUTAGE,Single Customer,WWS,NORMAL,42.1752,-83.44083
SW25092000825,2025-09-20T23:51:20Z,2025-09-20T23:51:20Z,1,2025-09-20T19:57:50Z,2025-09-21T23:40:00Z,1,1,Determined upon crew arrival,New,OUTAGE,Single Customer,WWS,NORMAL,42.20546,-83.48042
SW25092000829,2025-09-20T23:51:20Z,2025-09-20T23:51:20Z,1,2025-09-20T19:55:26Z,,1,1,Determined upon crew arrival,New,OUTAGE,Single Customer,WWS,NORMAL,42.23372,-83.41201
NE25092000880,2025-09-21T01:40:37Z,2025-09-21T05:51:18Z,10,2025-09-21T00:49:34Z,2025-09-22T00:50:00Z,1,1,Animal/bird damaged DTE equip,In Progres,OUTAGE,Single Customer,MAR,NORMAL,42.95836,-82.43803
NW25092000842,2025-09-21T01:40:37Z,2025-09-21T01:40:37Z,1,2025-09-20T15:28:45Z,2025-09-21T23:50:00Z,1,1,Determined upon crew arrival,In Progres,OUTAGE,Single Customer,HWL,NORMAL,42.56331,-83.88977
NW25092000865,2025-09-21T01:40:37Z,2025-09-21T04:52:56Z,7,2025-09-21T00:14:12Z,2025-09-21T04:50:00Z,4,4,Equipment problem,In Progres,OUTAGE,Service Transformer,PON,NORMAL,42.56893,-83.26599
NW25092000867,2025-09-21T01:40:37Z,2025-09-21T01:40:37Z,1,2025-09-21T00:30:51Z,2025-09-22T00:30:00Z,1,1,Determined upon crew arrival,In Progres,OUTAGE,Single Customer,SBY,NORMAL,42.72798,-83.1267
NW25092000873,2025-09-21T01:40:37Z,2025-09-21T01:40:37Z,1,2025-09-21T00:35:52Z,2025-09-22T00:35:00Z,1,1,Equipment problem,In Progres,OUTAGE,Single Customer,HWL,NORMAL,42.6172,-83.80205
NW25092000875,2025-09-21T01:40:37Z,2025-09-21T15:51:19Z,37,2025-09-21T00:31:10Z,2025-09-22T00:40:00Z,1,1,Equipment problem,In Progres,OUTAGE,Single Customer,PON,NORMAL,42.53612,-83.36096
NW25092000892,2025-09-21T01:40:37Z,2025-09-21T04:41:45Z,6,2025-09-21T01:18:17Z,2025-09-21T05:50:00Z,43,43,Equipment problem,In Progres,OUTAGE,Device (I),PON,NORMAL,42.57035,-83.11739
SE25092000854,2025-09-21T01:40:37Z,2025-09-21T11:25:29Z,26,2025-09-20T23:53:00Z,2025-09-22T00:05:00Z,1,1,Determined upon crew arrival,PC3 Verifi,OUTAGE,Single Customer,CAN,NORMAL,42.42926,-82.90297
SE25092000870,2025-09-21T01:40:37Z,2025-09-21T01:40:37Z,1,2025-09-21T00:33:59Z,2025-09-22T00:35:00Z,1,1,Determined upon crew arrival,In Progres,OUTAGE,Single Customer,RFD,NORMAL,42.34262,-83.19794
SE25092000872,2025-09-21T01:40:37Z,2025-09-21T05:17:57Z,8,2025-09-21T00:35:23Z,2025-09-22T00:35:00Z,1,1,Determined upon crew arrival,New,SERVICE DOWN NO,,CAN,NORMAL,42.41727,-83.00992
SE25092000884,2025-09-21T01:40:37Z,2025-09-21T06:27:51Z,11,2025-09-20T15:21:53Z,2025-09-21T09:30:00Z,2,2,Equipment problem,In Progres,OUTAGE,Service Secondary,RFD,NORMAL,42.50838,-83.17589
SE25092000886,2025-09-21T01:40:37Z,2025-09-21T02:59:27Z,2,2025-09-19T23:46:52Z,2025-09-22T01:05:00Z,1,1,Determined upon crew arrival,Pending,OUTAGE,Single Customer,RFD,NORMAL,42.35877,-83.20099
SE25092000890,2025-09-21T01:40:37Z,2025-09-21T01:40:37Z,1,2025-09-21T01:19:08Z,2025-09-22T01:20:00Z,1,1,Determined upon crew arrival,New,OUTAGE,Single Customer,RFD,NORMAL,42.3561,-83.22667
SE25092000894,2025-09-21T01:40:37Z,2025-09-21T03:55:47Z,4,2025-09-21T01:19:30Z,2025-09-21T05:50:00Z,12,12,Equipment problem,In Progres,OUTAGE,Service Transformer,RFD,NORMAL,42.35707,-83.2267
SW25092000849,2025-09-21T01:40:37Z,2025-09-21T01:40:37Z,1,2025-09-20T21:18:21Z,2025-09-22T00:00:00Z,1,1,Determined upon crew arrival,New,OUTAGE,Single Customer,WWS,NORMAL,42.20689,-83.49203
SW25092000851,2025-09-21T01:40:37Z,2025-09-21T01:40:37Z,1,2025-09-21T00:04:13Z,2025-09-21T04:35:00Z,10,10,Equipment problem,In Progres,OUTAGE,Device (I),WWS,NORMAL,42.2019,-83.50088
SW25092000855,2025-09-21T01:40:37Z,2025-09-21T01:40:37Z,1,2025-09-21T00:06:49Z,2025-09-22T00:05:00Z,1,1,Determined upon crew arrival,New,OUTAGE,Single Customer,WWS,NORMAL,42.20968,-83.46851
SW25092000857,2025-09-21T01:40:37Z,2025-09-21T01:40:37Z,1,2025-09-20T19:40:49Z,2025-09-22T00:10:00Z,1,1,Determined upon crew arrival,New,OUTAGE,Single Customer,WWS,NORMAL,42.20962,-83.45989
SW25092000876,2025-09-21T01:40:37Z,2025-09-21T04:52:56Z,7,2025-09-21T00:41:54Z,2025-09-22T00:40:00Z,1,1,Determined upon crew arrival,Pending,OUTAGE,Single Customer,WWS,NORMAL,42.18954,-83.45038
NE25092000903,2025-09-21T02:59:27Z,2025-09-21T03:40:52Z,2,2025-09-21T01:27:15Z,2025-09-22T01:35:00Z,1,1,Determined upon crew arrival,In Progres,OUTAGE,Single Customer,MTC,NORMAL,42.48889,-82.93131
NW25092000902,2025-09-21T02:59:27Z,2025-09-21T04:41:45Z,5,2025-09-21T01:18:35Z,2025-09-21T06:05:00Z,12,12,Determined upon crew arrival,In Progres,OUTAGE,Service Transformer,PON,NORMAL,42.57148,-83.11775
NW25092000904,2025-09-21T02:59:27Z,2025-09-21T19:24:47Z,47,2025-09-21T01:48:19Z,2025-09-22T01:50:00Z,1,1,Equipment problem,In Progres,OUTAGE,Single Customer,PON,NORMAL,42.53744,-83.22672
SE25092000908,2025-09-21T02:59:27Z,2025-09-21T02:59:27Z,1,2025-09-21T01:56:15Z,2025-09-22T01:55:00Z,1,1,Determined upon crew arrival,New,OUTAGE,Single Customer,CAN,NORMAL,42.39141,-82.93922
SE25092000922,2025-09-21T03:40:52Z,2025-09-21T08:41:01Z,15,2025-09-21T03:20:40Z,2025-09-22T03:20:00Z,1,1,Determined upon crew arrival,In Progres,OUTAGE,Single Customer,RFD,NORMAL,42.45777,-83.19096
SW25092000920,2025-09-21T03:40:52Z,2025-09-21T14:37:57Z,31,2025-09-20T18:57:39Z,2025-09-22T03:05:00Z,1,1,Determined upon crew arrival,In Progres,OUTAGE,Single Customer,WWS,NORMAL,42.51262,-83.48912
SW25092000924,2025-09-21T03:55:47Z,2025-09-21T06:27:51Z,8,2025-09-21T03:41:20Z,2025-09-21T08:15:00Z,31,31,Determined upon crew arrival,In Progres,OUTAGE,Device (I),WWS,NORMAL,42.3403,-83.46195
NW25092000925,2025-09-21T04:24:10Z,2025-09-21T05:39:30Z,5,2025-09-21T03:46:41Z,2025-09-22T03:45:00Z,1,1,Determined upon crew arrival,In Progres,OUTAGE,Single Customer,HWL,NORMAL,42.72939,-84.18515
SW25092000930,2025-09-21T04:24:10Z,2025-09-21T06:47:17Z,8,2025-09-21T03:55:19Z,2025-09-21T08:40:00Z,7,7,Animal/bird damaged DTE equip,In Progres,OUTAGE,Service Transformer,WWS,NORMAL,42.48301,-83.33335
SE25092000936,2025-09-21T05:17:57Z,2025-09-21T11:25:29Z,19,2025-09-19T23:46:52Z,2025-09-22T05:00:00Z,1,1,Determined upon crew arrival,In Progres,OUTAGE,Single Customer,RFD,NORMAL,42.35877,-83.20099
SE25092100011,2025-09-21T06:27:51Z,2025-09-21T14:15:57Z,22,2025-09-21T05:52:59Z,2025-09-21T14:25:00Z,24,24,Determined upon crew arrival,In Progres,OUTAGE,Service Transformer,RFD,NORMAL,42.48626,-83.13289
SE25092100012,2025-09-21T06:27:51Z,2025-09-21T06:27:51Z,1,2025-09-21T05:53:01Z,2025-09-22T05:55:00Z,1,1,Determined upon crew arrival,New,OUTAGE,Single Customer,RFD,NORMAL,42.48709,-83.1327
SE25092100013,2025-09-21T06:27:51Z,2025-09-21T14:37:57Z,23,2025-09-21T06:03:21Z,2025-09-21T14:35:00Z,15,15,Determined upon crew arrival,Pending,OUTAGE,Service Transformer,RFD,NORMAL,42.48628,-83.12949
SE25092100014,2025-09-21T06:27:51Z,2025-09-21T14:37:57Z,23,2025-09-21T05:52:59Z,2025-09-21T14:35:00Z,11,11,Determined upon crew arrival,In Progres,OUTAGE,Service Transformer,RFD,NORMAL,42.48626,-83.13053
NW25092100016,2025-09-21T07:16:19Z,2025-09-21T17:50:39Z,31,2025-09-21T06:54:29Z,2025-09-21T19:30:00Z,2,2,Equipment problem,In Progres,OUTAGE,Service Transformer,PON,NORMAL,42.71397,-83.51748
NW25092100017,2025-09-21T07:16:19Z,2025-09-21T07:16:19Z,1,2025-09-21T06:59:52Z,,1,1,Determined upon crew arrival,New,OUTAGE,Single Customer,PON,NORMAL,42.7163,-83.51117
NW25092100018,2025-09-21T07:36:58Z,2025-09-21T19:37:29Z,36,2025-09-21T06:54:28Z,2025-09-21T19:30:00Z,18,18,Equipment problem,In Progres,OUTAGE,Device (I),PON,NORMAL,42.71616,-83.51239
SE25092100027,2025-09-21T08:51:46Z,2025-09-21T13:50:58Z,14,2025-09-21T08:43:27Z,2025-09-22T08:45:00Z,1,1,Determined upon crew arrival,In Progres,OUTAGE,Single Customer,RFD,NORMAL,42.41153,-83.17779
NW25092100037,2025-09-21T10:51:25Z,2025-09-21T10:51:25Z,1,2025-09-21T10:31:49Z,2025-09-22T10:30:00Z,1,1,Determined upon crew arrival,New,OUTAGE,Single Customer,PON,NORMAL,42.7164,-83.51049
SE25092100038,2025-09-21T10:51:25Z,2025-09-21T11:50:56Z,4,2025-09-21T10:40:18Z,2025-09-22T10:40:00Z,1,1,Determined upon crew arrival,New,SERVICE DOWN NO,,RFD,NORMAL,42.34262,-83.19794
NW25092100041,2025-09-21T11:50:56Z,2025-09-21T12:35:55Z,2,2025-09-21T11:20:07Z,2025-09-21T15:55:00Z,2,2,Equipment problem,In Progres,OUTAGE,Service Transformer,HWL,NORMAL,42.64115,-83.9176
NW25092100044,2025-09-21T11:50:56Z,2025-09-21T13:03:53Z,3,2025-09-21T11:41:08Z,2025-09-21T16:15:00Z,137,137,Equipment problem,In Progres,OUTAGE,Device (I),PON,NORMAL,42.62513,-83.23274
SE25092100043,2025-09-21T11:50:56Z,2025-09-21T11:50:56Z,1,2025-09-21T01:55:48Z,2025-09-22T11:30:00Z,1,1,Determined upon crew arrival,In Progres,OUTAGE,Single Customer,RFD,NORMAL,42.50838,-83.17589
NW25092100047,2025-09-21T12:35:55Z,2025-09-21T13:03:53Z,2,2025-09-21T11:47:02Z,2025-09-21T16:20:00Z,14,14,Equipment problem,In Progres,OUTAGE,Service Transformer,PON,NORMAL,42.68275,-83.34011
NW25092100055,2025-09-21T12:35:55Z,2025-09-21T13:03:53Z,2,2025-09-21T12:01:40Z,2025-09-21T16:35:00Z,2,2,Determined upon crew arrival,In Progres,OUTAGE,Service Secondary,SBY,NORMAL,42.56716,-83.02221
NW25092100061,2025-09-21T12:35:55Z,2025-09-21T13:30:27Z,3,2025-09-21T12:18:28Z,2025-09-21T16:50:00Z,84,84,Equipment problem,In Progres,OUTAGE,Device (II),HWL,NORMAL,42.59253,-83.72908
NW25092100062,2025-09-21T12:35:55Z,2025-09-21T13:50:58Z,4,2025-09-21T12:18:39Z,2025-09-22T12:20:00Z,1,1,Equipment problem,In Progres,OUTAGE,Single Customer,HWL,NORMAL,42.6078,-83.7021
NW25092100067,2025-09-21T12:35:55Z,2025-09-21T13:30:27Z,3,2025-09-21T12:20:00Z,2025-09-22T12:20:00Z,1,1,Equipment problem,In Progres,OUTAGE,Single Customer,HWL,NORMAL,42.60172,-83.78321
NW25092100079,2025-09-21T12:35:55Z,2025-09-21T14:51:19Z,7,2025-09-21T12:26:58Z,2025-09-22T12:25:00Z,1,1,Equipment problem,In Progres,OUTAGE,Single Customer,HWL,NORMAL,42.66766,-83.7214
NW25092100080,2025-09-21T12:35:55Z,2025-09-21T12:35:55Z,1,2025-09-21T12:27:15Z,,1,1,Determined upon crew arrival,New,OUTAGE,Single Customer,HWL,NORMAL,42.60524,-83.74581
SE25092100054,2025-09-21T12:35:55Z,2025-09-21T18:55:15Z,19,2025-09-21T12:00:02Z,2025-09-21T20:30:00Z,26,26,Determined upon crew arrival,In Progres,OUTAGE,Device (I),RFD,NORMAL,42.49181,-83.24216
SE25092100082,2025-09-21T12:35:55Z,2025-09-21T15:17:08Z,8,2025-09-21T12:28:53Z,2025-09-22T12:30:00Z,1,1,Equipment problem,In Progres,SERVICE DOWN NO,,CAN,NORMAL,42.43862,-83.07834
SW25092100048,2025-09-21T12:35:55Z,2025-09-21T13:03:53Z,2,2025-09-21T11:48:21Z,2025-09-21T16:20:00Z,47,47,Determined upon crew arrival,In Progres,OUTAGE,Device (I),WWS,NORMAL,42.40762,-83.33949
SW25092100056,2025-09-21T12:35:55Z,2025-09-21T13:30:27Z,3,2025-09-21T12:10:49Z,2025-09-21T16:40:00Z,11,11,Determined upon crew arrival,In Progres,OUTAGE,Device (I),WWS,NORMAL,42.26595,-83.39079
NW25092100094,2025-09-21T13:03:53Z,2025-09-21T14:37:57Z,5,2025-09-21T12:42:35Z,2025-09-21T17:15:00Z,7,7,Equipment problem,In Progres,OUTAGE,Service Transformer,PON,NORMAL,42.55427,-83.13271
SW25092100087,2025-09-21T13:03:53Z,2025-09-21T14:51:19Z,6,2025-09-21T12:23:47Z,2025-09-21T17:05:00Z,3,3,Determined upon crew arrival,In Progres,OUTAGE,Service Transformer,WWS,NORMAL,42.49522,-83.32539
NE25092100107,2025-09-21T13:30:27Z,2025-09-22T01:40:43Z,33,2025-09-21T13:15:14Z,2025-09-22T01:45:00Z,1,1,Ice on lines and equipment,In Progres,PRIORITY,,NAE,NORMAL,43.97736,-83.20611
NW25092100097,2025-09-21T13:30:27Z,2025-09-21T18:44:42Z,16,2025-09-21T12:20:53Z,2025-09-22T12:55:00Z,1,1,Equipment problem,In Progres,OUTAGE,Single Customer,HWL,NORMAL,42.66095,-83.74695
NW25092100106,2025-09-21T13:30:27Z,2025-09-21T15:51:19Z,8,2025-09-21T00:35:52Z,2025-09-22T13:15:00Z,1,1,Equipment problem,In Progres,OUTAGE,Single Customer,HWL,NORMAL,42.6172,-83.80205
SE25092100103,2025-09-21T13:30:27Z,2025-09-21T15:17:08Z,6,2025-09-21T13:09:44Z,2025-09-21T17:40:00Z,33,33,Equipment problem,In Progres,OUTAGE,Service Transformer,CAN,NORMAL,42.44469,-83.04791
SE25092100104,2025-09-21T13:30:27Z,2025-09-21T18:55:15Z,17,2025-09-21T13:12:47Z,2025-09-22T13:15:00Z,1,1,Equipment problem,In Progres,OUTAGE,Single Customer,CAN,NORMAL,42.42877,-82.96128
SW25092100099,2025-09-21T13:30:27Z,2025-09-21T19:14:21Z,18,2025-09-21T12:57:51Z,2025-09-22T13:00:00Z,1,1,Animal/bird damaged DTE equip,In Progres,OUTAGE,Single Customer,WWS,NORMAL,42.4533,-83.33593
SW25092100105,2025-09-21T13:30:27Z,2025-09-21T15:51:19Z,8,2025-09-21T13:13:17Z,2025-09-22T13:15:00Z,1,1,Determined upon crew arrival,In Progres,OUTAGE,Single Customer,WWS,NORMAL,42.44158,-83.35662
NW25092100108,2025-09-21T13:50:58Z,2025-09-21T20:38:43Z,22,2025-09-21T13:17:06Z,2025-09-21T21:45:00Z,9,9,Equipment problem,In Progres,OUTAGE,Service Transformer,PON,NORMAL,42.71827,-83.24605
NW25092100112,2025-09-21T13:50:58Z,2025-09-21T14:15:57Z,2,2025-09-21T13:26:17Z,2025-09-22T13:25:00Z,1,1,Determined upon crew arrival,In Progres,OUTAGE,Single Customer,SBY,NORMAL,42.71277,-83.09032
NW25092100118,2025-09-21T14:15:57Z,2025-09-21T15:37:31Z,5,2025-09-21T13:44:45Z,2025-09-21T18:25:00Z,106,106,Determined upon crew arrival,In Progres,OUTAGE,Device (I),SBY,NORMAL,42.55208,-82.97785
NW25092100119,2025-09-21T14:15:57Z,2025-09-21T18:55:15Z,15,2025-09-21T13:53:00Z,2025-09-22T13:55:00Z,1,1,Determined upon crew arrival,New,OUTAGE,Subtransmission,SBY,NORMAL,42.69832,-83.13052
NW25092100121,2025-09-21T14:15:57Z,2025-09-21T16:52:49Z,9,2025-09-21T13:57:36Z,2025-09-21T18:30:00Z,2,2,Equipment problem,In Progres,OUTAGE,Service Transformer,PON,NORMAL,42.73772,-83.63378
SW25092100117,2025-09-21T14:15:57Z,2025-09-21T15:51:19Z,6,2025-09-21T13:45:45Z,2025-09-21T18:20:00Z,7,7,Determined upon crew arrival,In Progres,OUTAGE,Service Transformer,NPT,NORMAL,42.12757,-83.21576
SW25092100120,2025-09-21T14:15:57Z,2025-09-21T14:15:57Z,1,2025-09-21T13:57:54Z,,1,1,Determined upon crew arrival,New,OUTAGE,Single Customer,NPT,NORMAL,42.1258,-83.21609
NW25092100132,2025-09-21T14:37:57Z,2025-09-21T14:37:57Z,1,2025-09-21T14:13:55Z,2025-09-21T18:45:00Z,2,2,Determined upon crew arrival,New,OUTAGE,Service Secondary,PON,NORMAL,42.54564,-83.20107
NW25092100140,2025-09-21T14:37:57Z,2025-09-21T14:37:57Z,1,2025-09-21T14:13:55Z,2025-09-21T18:50:00Z,50,50,Determined upon crew arrival,New,OUTAGE,Service Transformer,PON,NORMAL,42.54659,-83.20837
NW25092100149,2025-09-21T14:37:57Z,2025-09-21T15:51:19Z,5,2025-09-21T14:13:44Z,2025-09-21T18:55:00Z,500,500,Equipment problem,In Progres,OUTAGE,Device (II),PON,NORMAL,42.54399,-83.20519
NW25092100150,2025-09-21T14:37:57Z,2025-09-21T16:21:26Z,6,2025-09-21T14:22:31Z,2025-09-21T18:55:00Z,41,41,Equipment problem,In Progres,OUTAGE,Device (I),PON,NORMAL,42.63357,-83.36662
NW25092100155,2025-09-21T14:37:57Z,2025-09-21T14:37:57Z,1,2025-09-21T14:30:00Z,,1,1,Determined upon crew arrival,New,OUTAGE,Single Customer,PON,NORMAL,42.54553,-83.20476
SE25092100129,2025-09-21T14:37:57Z,2025-09-21T14:37:57Z,1,2025-09-21T14:11:52Z,2025-09-22T14:15:00Z,1,1,Determined upon crew arrival,In Progres,OUTAGE,Single Customer,RFD,NORMAL,42.35102,-83.29296
SE25092100151,2025-09-21T14:37:57Z,2025-09-21T15:17:08Z,3,2025-09-21T14:11:47Z,2025-09-21T18:55:00Z,13,13,Determined upon crew arrival,In Progres,OUTAGE,Service Transformer,RFD,NORMAL,42.34991,-83.2924
NE25092100164,2025-09-21T14:51:19Z,2025-09-21T16:21:26Z,5,2025-09-21T14:42:25Z,2025-09-22T14:45:00Z,1,1,Determined upon crew arrival,In Progres,OUTAGE,Single Customer,LAP,NORMAL,43.03282,-82.99992
NW25092100162,2025-09-21T14:51:19Z,2025-09-21T14:51:19Z,1,2025-09-21T14:42:00Z,,1,1,Determined upon crew arrival,New,OUTAGE,Single Customer,PON,NORMAL,42.54755,-83.20292
SE25092100158,2025-09-21T14:51:19Z,2025-09-21T19:50:44Z,17,2025-09-21T14:33:04Z,2025-09-21T23:05:00Z,113,113,Equipment problem,In Progres,OUTAGE,Device (I),RFD,NORMAL,42.35392,-83.31115
SE25092100169,2025-09-21T15:17:08Z,2025-09-21T15:17:08Z,1,2025-09-21T14:42:51Z,2025-09-22T14:55:00Z,5,5,Determined upon crew arrival,In Progres,OUTAGE,Service Transformer,RFD,NORMAL,42.46048,-83.09563
SE25092100171,2025-09-21T15:17:08Z,2025-09-21T15:17:08Z,1,2025-09-21T14:42:51Z,,8,8,Determined upon crew arrival,New,OUTAGE,Service Transformer,RFD,NORMAL,42.4605,-83.09411
SE25092100172,2025-09-21T15:17:08Z,2025-09-21T15:17:08Z,1,2025-09-21T14:42:59Z,,1,1,Determined upon crew arrival,New,OUTAGE,Single Customer,RFD,NORMAL,42.45897,-83.09454
SW25092100168,2025-09-21T15:17:08Z,2025-09-21T15:17:08Z,1,2025-09-21T14:51:50Z,2025-09-22T14:50:00Z,1,1,Determined upon crew arrival,New,OUTAGE,Single Customer,NPT,NORMAL,42.12723,-83.21614
NE25092100174,2025-09-21T15:37:31Z,2025-09-21T17:50:39Z,8,2025-09-21T15:04:54Z,2025-09-22T15:05:00Z,1,1,Equipment problem,In Progres,OUTAGE,Single Customer,MAR,NORMAL,43.00309,-82.44427
NW25092100177,2025-09-21T15:37:31Z,2025-09-21T19:14:21Z,12,2025-09-21T11:42:36Z,2025-09-22T15:15:00Z,1,1,Equipment problem,In Progres,OUTAGE,Single Customer,PON,NORMAL,42.55427,-83.11254
NW25092100187,2025-09-21T15:37:31Z,2025-09-21T15:37:31Z,1,2025-09-21T14:13:52Z,,40,40,Determined upon crew arrival,New,OUTAGE,Device (II),PON,NORMAL,42.54652,-83.2031
NW25092100188,2025-09-21T15:37:31Z,2025-09-21T15:37:31Z,1,2025-09-21T14:13:55Z,,7,7,Determined upon crew arrival,New,OUTAGE,Service Transformer,PON,NORMAL,42.5448,-83.20153
SE25092100185,2025-09-21T15:37:31Z,2025-09-21T23:51:31Z,26,2025-09-21T15:21:47Z,2025-09-22T15:20:00Z,1,1,Equipment problem,In Progres,OUTAGE,Single Customer,RFD,NORMAL,42.27204,-83.26948
SE25092100189,2025-09-21T15:51:19Z,2025-09-21T16:21:26Z,2,2025-09-21T15:24:54Z,2025-09-22T15:35:00Z,1,1,Determined upon crew arrival,In Progres,OUTAGE,Single Customer,RFD,NORMAL,42.3647,-83.28178
NW25092100197,2025-09-21T16:21:26Z,2025-09-21T19:37:29Z,12,2025-09-21T16:00:40Z,2025-09-22T16:00:00Z,1,1,Determined upon crew arrival,In Progres,OUTAGE,Single Customer,PON,NORMAL,42.75671,-83.41893
NW25092100199,2025-09-21T16:21:26Z,2025-09-21T21:16:02Z,17,2025-09-21T04:07:39Z,2025-09-22T16:05:00Z,1,1,Equipment problem,In Progres,OUTAGE,Single Customer,PON,NORMAL,42.71895,-83.24363
NW25092100202,2025-09-21T16:21:26Z,2025-09-21T16:41:57Z,2,2025-09-21T16:09:30Z,2025-09-22T16:10:00Z,1,1,Determined upon crew arrival,New,OUTAGE,Single Customer,PON,NORMAL,42.54666,-83.20059
NE25092100225,2025-09-21T16:52:49Z,2025-09-21T16:52:49Z,1,2025-09-21T16:27:19Z,,2,2,Determined upon crew arrival,New,OUTAGE,Service Transformer,MAR,NORMAL,42.72206,-82.51052
NW25092100226,2025-09-21T16:52:49Z,2025-09-22T01:40:43Z,23,2025-09-21T16:43:39Z,2025-09-22T16:45:00Z,1,1,Equipment problem,In Progres,OUTAGE,Single Customer,PON,NORMAL,42.70474,-83.32533
SW25092100212,2025-09-21T16:52:49Z,2025-09-21T17:15:24Z,2,2025-09-21T16:28:12Z,2025-09-21T21:00:00Z,77,77,Determined upon crew arrival,In Progres,OUTAGE,Device (I),WWS,NORMAL,42.40457,-83.50974
SW25092100214,2025-09-21T16:52:49Z,2025-09-21T23:51:31Z,22,2025-09-20T23:18:19Z,2025-09-22T16:35:00Z,1,1,Determined upon crew arrival,In Progres,OUTAGE,Single Customer,NPT,NORMAL,42.17741,-83.17346
SW25092100217,2025-09-21T16:52:49Z,2025-09-21T18:55:15Z,7,2025-09-20T20:44:24Z,2025-09-22T16:35:00Z,1,1,Equipment problem,In Progres,OUTAGE,Single Customer,WWS,NORMAL,42.24221,-83.25281
SW25092100223,2025-09-21T16:52:49Z,2025-09-21T16:52:49Z,1,2025-09-21T16:26:51Z,,10,10,Determined upon crew arrival,New,OUTAGE,Service Transformer,ANN,NORMAL,42.23142,-83.75031
NW25092100230,2025-09-21T17:15:24Z,2025-09-21T17:15:24Z,1,2025-09-21T16:51:24Z,2025-09-21T21:20:00Z,2,2,Determined upon crew arrival,New,OUTAGE,Service Secondary,SBY,NORMAL,42.55015,-82.97707
NW25092100232,2025-09-21T17:15:24Z,2025-09-21T17:50:39Z,3,2025-09-21T16:48:35Z,2025-09-21T21:20:00Z,106,106,Determined upon crew arrival,In Progres,OUTAGE,Device (I),SBY,NORMAL,42.55109,-82.97701
SW25092100235,2025-09-21T17:15:24Z,2025-09-21T17:15:24Z,1,2025-09-21T16:40:15Z,2025-09-21T21:25:00Z,10,10,Determined upon crew arrival,New,OUTAGE,Service Transformer,ANN,NORMAL,42.23142,-83.75031
NW25092100237,2025-09-21T17:37:35Z,2025-09-21T18:25:31Z,3,2025-09-21T17:00:20Z,2025-09-22T17:00:00Z,1,1,Determined upon crew arrival,In Progres,OUTAGE,Single Customer,HWL,NORMAL,42.66209,-83.73927
SW25092100244,2025-09-21T17:37:35Z,2025-09-21T18:25:31Z,3,2025-09-21T17:08:06Z,2025-09-21T21:40:00Z,86,86,Equipment problem,In Progres,OUTAGE,Device (II),WWS,NORMAL,42.46699,-83.32465
SW25092100257,2025-09-21T17:37:35Z,2025-09-21T18:25:31Z,3,2025-09-21T17:24:06Z,2025-09-22T17:25:00Z,1,1,Determined upon crew arrival,In Progres,OUTAGE,Single Customer,ANN,NORMAL,42.25664,-83.7403
SW25092100258,2025-09-21T17:37:35Z,2025-09-21T17:37:35Z,1,2025-09-21T17:09:39Z,2025-09-21T21:55:00Z,10,10,Determined upon crew arrival,New,OUTAGE,Service Transformer,ANN,NORMAL,42.23142,-83.75031
NE25092100265,2025-09-21T17:50:39Z,2025-09-21T18:55:15Z,4,2025-09-21T17:20:12Z,2025-09-21T22:05:00Z,5,5,Determined upon crew arrival,In Progres,OUTAGE,Service Transformer,LAP,NORMAL,42.82216,-83.15233
NW25092100260,2025-09-21T17:50:39Z,2025-09-21T18:25:31Z,2,2025-09-21T17:30:28Z,2025-09-22T17:30:00Z,1,1,Equipment problem,In Progres,OUTAGE,Single Customer,HWL,NORMAL,42.60518,-83.9857
SE25092100262,2025-09-21T17:50:39Z,2025-09-21T23:51:31Z,19,2025-09-21T17:34:40Z,2025-09-22T17:35:00Z,1,1,Equipment problem,In Progres,OUTAGE,Single Customer,RFD,NORMAL,42.49696,-83.17029
SE25092100267,2025-09-21T17:50:39Z,2025-09-21T22:39:03Z,15,2025-09-21T17:39:00Z,2025-09-22T17:40:00Z,1,1,Equipment problem,In Progres,OUTAGE,Single Customer,RFD,NORMAL,42.42342,-83.15081
NE25092100276,2025-09-21T18:25:31Z,2025-09-21T19:14:21Z,4,2025-09-21T17:35:18Z,2025-09-22T17:55:00Z,1,1,Determined upon crew arrival,In Progres,OUTAGE,Single Customer,MTC,NORMAL,42.63303,-82.90068
SE25092100280,2025-09-21T18:25:31Z,2025-09-22T09:54:29Z,38,2025-09-21T18:03:51Z,2025-09-22T18:05:00Z,1,1,Equipment problem,In Progres,OUTAGE,Single Customer,RFD,NORMAL,42.45711,-83.15421
SW25092100286,2025-09-21T18:25:31Z,2025-09-21T21:51:15Z,13,2025-09-21T18:05:38Z,2025-09-22T18:10:00Z,1,1,Equipment problem,In Progres,OUTAGE,Single Customer,WWS,NORMAL,42.51293,-83.36961
NE25092100293,2025-09-21T18:44:42Z,2025-09-23T07:39:06Z,88,2025-09-21T18:29:26Z,2025-09-23T11:00:00Z,1,1,Problem with the customer equip,In Progres,PRIORITY,,MTC,NORMAL,42.50792,-83.00313
NW25092100289,2025-09-21T18:44:42Z,2025-09-22T11:51:39Z,43,2025-09-21T18:18:54Z,2025-09-22T14:50:00Z,1,1,Equipment problem,In Progres,PRIORITY,,PON,NORMAL,42.53845,-83.11115
NE25092100308,2025-09-21T18:55:15Z,2025-09-21T23:51:31Z,16,2025-09-21T18:44:23Z,2025-09-22T18:45:00Z,1,1,Problem with the customer equip,In Progres,OUTAGE,Single Customer,LAP,NORMAL,43.0711,-83.31398
SE25092100295,2025-09-21T18:55:15Z,2025-09-21T22:50:55Z,13,2025-09-21T18:32:01Z,2025-09-21T23:05:00Z,32,32,Determined upon crew arrival,In Progres,OUTAGE,Device (I),RFD,NORMAL,42.48117,-83.16465
SW25092100297,2025-09-21T18:55:15Z,2025-09-21T21:51:15Z,11,2025-09-21T18:36:37Z,2025-09-22T18:35:00Z,1,1,Determined upon crew arrival,In Progres,OUTAGE,Single Customer,WWS,NORMAL,42.48304,-83.41674
SW25092100305,2025-09-21T18:55:15Z,2025-09-21T19:50:44Z,5,2025-09-21T18:40:59Z,2025-09-22T18:40:00Z,1,1,Equipment problem,In Progres,OUTAGE,Single Customer,ANN,NORMAL,42.23374,-83.64942
NW25092100314,2025-09-21T19:14:21Z,2025-09-21T21:51:15Z,10,2025-09-21T13:59:47Z,2025-09-21T23:20:00Z,1665,2,Animal/bird damaged DTE equip,In Progres,OUTAGE,Device (II),PON,NORMAL,42.74478,-83.63503
NW25092100317,2025-09-21T19:14:21Z,2025-09-21T19:14:21Z,1,2025-09-21T18:48:33Z,2025-09-21T23:20:00Z,387,387,Determined upon crew arrival,In Progres,OUTAGE,Device (II),PON,NORMAL,42.72961,-83.60917
NW25092100329,2025-09-21T19:14:21Z,2025-09-21T19:14:21Z,1,2025-09-21T18:49:26Z,2025-09-22T18:50:00Z,1,1,Determined upon crew arrival,New,OUTAGE,Single Customer,PON,NORMAL,42.74747,-83.61417
NW25092100343,2025-09-21T19:14:21Z,2025-09-21T19:14:21Z,1,2025-09-21T18:50:24Z,2025-09-22T18:50:00Z,1,1,Determined upon crew arrival,New,OUTAGE,Single Customer,PON,NORMAL,42.6959,-83.6047
NW25092100347,2025-09-21T19:14:21Z,2025-09-21T19:14:21Z,1,2025-09-21T18:50:28Z,2025-09-21T23:20:00Z,63,63,Determined upon crew arrival,In Progres,OUTAGE,Device (II),PON,NORMAL,42.69459,-83.64429
NW25092100363,2025-09-21T19:14:21Z,2025-09-21T19:14:21Z,1,2025-09-21T18:52:21Z,2025-09-21T23:20:00Z,2,2,Determined upon crew arrival,New,OUTAGE,Service Transformer,PON,NORMAL,42.69275,-83.60473
NW25092100377,2025-09-21T19:14:21Z,2025-09-21T19:14:21Z,1,2025-09-21T18:57:00Z,,1,1,Determined upon crew arrival,New,OUTAGE,Single Customer,PON,NORMAL,42.73991,-83.62347
SW25092100312,2025-09-21T19:14:21Z,2025-09-21T19:14:21Z,1,2025-09-21T18:47:49Z,2025-09-22T18:50:00Z,1,1,Determined upon crew arrival,New,OUTAGE,Single Customer,ANN,NORMAL,42.2358,-83.66134
SW25092100373,2025-09-21T19:14:21Z,2025-09-21T19:37:29Z,3,2025-09-21T18:38:22Z,2025-09-21T23:25:00Z,100,100,Equipment problem,In Progres,OUTAGE,Device (I),ANN,NORMAL,42.23605,-83.6394
SW25092100376,2025-09-21T19:14:21Z,2025-09-21T19:50:44Z,4,2025-09-21T18:39:36Z,2025-09-21T23:25:00Z,28,28,Determined upon crew arrival,In Progres,OUTAGE,Device (II),WWS,NORMAL,42.19134,-83.40179
NW25092100381,2025-09-21T19:24:47Z,2025-09-21T19:50:44Z,3,2025-09-21T19:11:05Z,2025-09-22T19:10:00Z,1,1,Determined upon crew arrival,In Progres,OUTAGE,Single Customer,PON,NORMAL,42.8622,-83.49526
NE25092100415,2025-09-21T19:37:29Z,2025-09-21T20:19:48Z,3,2025-09-21T19:22:07Z,2025-09-21T23:55:00Z,17,17,Determined upon crew arrival,In Progres,OUTAGE,Device (I),LAP,NORMAL,43.04679,-83.261
NE25092100421,2025-09-21T19:37:29Z,2025-09-22T15:40:58Z,48,2025-09-21T19:29:48Z,2025-09-22T19:30:00Z,1,1,Determined upon crew arrival,In Progres,OUTAGE,Single Customer,MTC,NORMAL,42.60608,-82.87059
NW25092100405,2025-09-21T19:37:29Z,2025-09-21T19:37:29Z,1,2025-09-21T19:21:48Z,2025-09-22T19:20:00Z,1,1,Determined upon crew arrival,In Progres,OUTAGE,Single Customer,HWL,NORMAL,42.60274,-83.89017
NW25092100416,2025-09-21T19:37:29Z,2025-09-21T19:37:29Z,1,2025-09-21T19:26:42Z,2025-09-22T19:25:00Z,1,1,Determined upon crew arrival,New,OUTAGE,Single Customer,PON,NORMAL,42.68009,-83.61274
NW25092100417,2025-09-21T19:37:29Z,2025-09-21T21:16:02Z,6,2025-09-21T19:12:30Z,2025-09-22T00:00:00Z,44,44,Equipment problem,In Progres,OUTAGE,Device (I),PON,NORMAL,42.71864,-83.24394
SE25092100398,2025-09-21T19:37:29Z,2025-09-21T23:51:31Z,13,2025-09-21T18:43:53Z,2025-09-22T19:20:00Z,1,1,Determined upon crew arrival,In Progres,SERVICE DOWN NO,,RFD,NORMAL,42.39381,-83.20755
SW25092100385,2025-09-21T19:37:29Z,2025-09-21T19:37:29Z,1,2025-09-21T19:17:38Z,2025-09-21T23:50:00Z,25,25,Determined upon crew arrival,New,OUTAGE,Device (I),WWS,NORMAL,42.18788,-83.41615
SW25092100388,2025-09-21T19:37:29Z,2025-09-21T19:37:29Z,1,2025-09-21T19:18:12Z,2025-09-21T23:50:00Z,2,2,Determined upon crew arrival,New,OUTAGE,Service Secondary,WWS,NORMAL,42.18252,-83.40272
SW25092100391,2025-09-21T19:37:29Z,2025-09-21T21:16:02Z,6,2025-09-21T18:39:36Z,2025-09-21T23:50:00Z,720,688,Equipment problem,In Progres,OUTAGE,Device (II),WWS,NORMAL,42.17721,-83.40382
SW25092100395,2025-09-21T19:37:29Z,2025-09-21T19:37:29Z,1,2025-09-21T19:19:33Z,2025-09-22T19:20:00Z,1,1,Determined upon crew arrival,New,OUTAGE,Single Customer,WWS,NORMAL,42.16576,-83.40758
SW25092100396,2025-09-21T19:37:29Z,2025-09-21T19:37:29Z,1,2025-09-21T19:19:44Z,2025-09-22T19:20:00Z,1,1,Determined upon crew arrival,New,OUTAGE,Single Customer,WWS,NORMAL,42.18718,-83.41947
SW25092100397,2025-09-21T19:37:29Z,2025-09-21T19:37:29Z,1,2025-09-21T19:20:05Z,2025-09-21T23:50:00Z,2,2,Determined upon crew arrival,New,OUTAGE,Service Transformer,WWS,NORMAL,42.17251,-83.41429
SW25092100399,2025-09-21T19:37:29Z,2025-09-21T19:37:29Z,1,2025-09-21T19:20:42Z,2025-09-22T19:20:00Z,1,1,Determined upon crew arrival,New,OUTAGE,Single Customer,WWS,NORMAL,42.19018,-83.4135
SW25092100401,2025-09-21T19:37:29Z,2025-09-21T19:37:29Z,1,2025-09-21T19:20:51Z,2025-09-21T23:50:00Z,5,5,Determined upon crew arrival,New,OUTAGE,Service Transformer,WWS,NORMAL,42.17896,-83.41013
SW25092100403,2025-09-21T19:37:29Z,2025-09-21T19:37:29Z,1,2025-09-21T19:17:54Z,2025-09-22T19:20:00Z,1,1,Determined upon crew arrival,New,OUTAGE,Single Customer,WWS,NORMAL,42.19314,-83.40301
SW25092100404,2025-09-21T19:37:29Z,2025-09-21T19:37:29Z,1,2025-09-21T19:21:44Z,2025-09-21T23:50:00Z,2,2,Determined upon crew arrival,New,OUTAGE,Service Secondary,WWS,NORMAL,42.17885,-83.41396
SW25092100406,2025-09-21T19:37:29Z,2025-09-21T19:37:29Z,1,2025-09-21T19:22:06Z,2025-09-21T23:50:00Z,2,2,Determined upon crew arrival,New,OUTAGE,Service Secondary,WWS,NORMAL,42.16812,-83.41248
SW25092100407,2025-09-21T19:37:29Z,2025-09-21T19:37:29Z,1,2025-09-21T19:22:36Z,2025-09-22T19:25:00Z,1,1,Determined upon crew arrival,New,OUTAGE,Single Customer,WWS,NORMAL,42.19023,-83.41144
SW25092100409,2025-09-21T19:37:29Z,2025-09-21T19:50:44Z,2,2025-09-21T19:16:37Z,2025-09-21T23:55:00Z,232,232,Determined upon crew arrival,In Progres,OUTAGE,Device (II),WWS,NORMAL,42.17656,-83.41436
SW25092100410,2025-09-21T19:37:29Z,2025-09-21T19:37:29Z,1,2025-09-21T19:24:10Z,2025-09-22T19:25:00Z,1,1,Determined upon crew arrival,New,OUTAGE,Single Customer,WWS,NORMAL,42.18115,-83.41717
SW25092100411,2025-09-21T19:37:29Z,2025-09-21T19:37:29Z,1,2025-09-21T19:24:43Z,2025-09-22T19:25:00Z,2,2,Determined upon crew arrival,New,OUTAGE,Service Secondary,WWS,NORMAL,42.18933,-83.41441
SW25092100412,2025-09-21T19:37:29Z,2025-09-21T19:37:29Z,1,2025-09-21T19:24:48Z,2025-09-22T19:25:00Z,1,1,Determined upon crew arrival,New,OUTAGE,Single Customer,WWS,NORMAL,42.16328,-83.40519
SW25092100413,2025-09-21T19:37:29Z,2025-09-21T19:37:29Z,1,2025-09-21T19:25:44Z,2025-09-22T19:25:00Z,1,1,Determined upon crew arrival,New,OUTAGE,Single Customer,WWS,NORMAL,42.17012,-83.41369
SW25092100419,2025-09-21T19:37:29Z,2025-09-21T19:37:29Z,1,2025-09-21T19:29:19Z,,1,1,Determined upon crew arrival,New,OUTAGE,Single Customer,WWS,NORMAL,42.16431,-83.40736
SW25092100420,2025-09-21T19:37:29Z,2025-09-21T19:50:44Z,2,2025-09-21T19:29:31Z,2025-09-22T00:00:00Z,2,2,Determined upon crew arrival,PC3 Verifi,OUTAGE,Service Secondary,WWS,NORMAL,42.1676,-83.40361
SE25092100422,2025-09-21T19:50:44Z,2025-09-22T01:40:43Z,13,2025-09-21T19:26:59Z,2025-09-22T19:30:00Z,1,1,Equipment problem,Pending,OUTAGE,Single Customer,RFD,NORMAL,42.33525,-83.14545
SE25092100423,2025-09-21T19:50:44Z,2025-09-21T19:50:44Z,1,2025-09-21T19:31:40Z,2025-09-22T00:00:00Z,457,457,Determined upon crew arrival,In Progres,OUTAGE,Circuit Level,CAN,NORMAL,42.38617,-83.07813
SE25092100427,2025-09-21T19:50:44Z,2025-09-21T20:19:48Z,2,2025-09-21T19:31:42Z,2025-09-22T00:10:00Z,2,2,Determined upon crew arrival,New,OUTAGE,Service Secondary,CAN,NORMAL,42.38369,-83.07224
SW25092100431,2025-09-21T19:50:44Z,2025-09-21T20:38:43Z,3,2025-09-21T19:16:36Z,2025-09-22T00:15:00Z,81,81,Determined upon crew arrival,PC3 Verifi,OUTAGE,Device (II),WWS,NORMAL,42.19262,-83.40507
NE25092100441,2025-09-21T20:19:48Z,2025-09-21T21:51:15Z,6,2025-09-21T19:50:04Z,2025-09-22T20:00:00Z,1,1,Determined upon crew arrival,Pending,OUTAGE,Single Customer,MTC,NORMAL,42.5913,-82.87889
NE25092100443,2025-09-21T20:19:48Z,2025-09-22T11:51:39Z,37,2025-09-21T20:02:28Z,2025-09-22T12:30:00Z,1,1,Equipment problem,In Progres,PRIORITY,,MTC,NORMAL,42.52467,-82.90096
NE25092100446,2025-09-21T20:19:48Z,2025-09-21T22:39:03Z,7,2025-09-21T20:02:05Z,2025-09-22T20:05:00Z,1,1,Determined upon crew arrival,In Progres,OUTAGE,Single Customer,MTC,NORMAL,42.45543,-82.89459
NE25092100449,2025-09-21T20:19:48Z,2025-09-21T22:39:03Z,7,2025-09-21T20:09:51Z,2025-09-22T00:40:00Z,2,2,Equipment problem,In Progres,OUTAGE,Service Secondary,MAR,NORMAL,42.82988,-82.489
NW25092100433,2025-09-21T20:19:48Z,2025-09-21T21:37:12Z,5,2025-09-21T19:21:48Z,2025-09-22T19:45:00Z,1,1,Equipment problem,In Progres,OUTAGE,Single Customer,HWL,NORMAL,42.60274,-83.89017
SE25092100444,2025-09-21T20:19:48Z,2025-09-21T23:51:31Z,11,2025-09-21T20:02:26Z,2025-09-22T20:00:00Z,1,1,Determined upon crew arrival,In Progres,OUTAGE,Single Customer,CAN,NORMAL,42.38383,-83.07186
SW25092100452,2025-09-21T20:19:48Z,2025-09-21T20:19:48Z,1,2025-09-21T20:12:27Z,,118,118,Determined upon crew arrival,New,OUTAGE,Device (I),WWS,NORMAL,42.20377,-83.4122
SW25092100457,2025-09-21T20:19:48Z,2025-09-21T20:19:48Z,1,2025-09-21T20:13:25Z,,28,28,Determined upon crew arrival,New,OUTAGE,Device (I),WWS,NORMAL,42.20287,-83.40868
SW25092100459,2025-09-21T20:19:48Z,2025-09-21T20:19:48Z,1,2025-09-21T20:13:50Z,,1,1,Determined upon crew arrival,New,OUTAGE,Single Customer,WWS,NORMAL,42.19014,-83.41506
SW25092100460,2025-09-21T20:19:48Z,2025-09-21T20:38:43Z,2,2025-09-21T20:13:51Z,2025-09-22T00:45:00Z,7,7,Determined upon crew arrival,PC3 Verifi,OUTAGE,Service Transformer,WWS,NORMAL,42.19041,-83.4067
SW25092100461,2025-09-21T20:19:48Z,2025-09-21T20:19:48Z,1,2025-09-21T20:14:00Z,,1,1,Determined upon crew arrival,New,OUTAGE,Single Customer,WWS,NORMAL,42.19011,-83.41612
SW25092100462,2025-09-21T20:19:48Z,2025-09-21T20:50:56Z,3,2025-09-21T19:16:43Z,2025-09-22T00:45:00Z,86,86,Determined upon crew arrival,New,OUTAGE,Device (II),WWS,NORMAL,42.18865,-83.40457
SW25092100464,2025-09-21T20:19:48Z,2025-09-21T20:38:43Z,2,2025-09-21T20:11:46Z,2025-09-22T20:15:00Z,1,1,Determined upon crew arrival,PC3 Verifi,OUTAGE,Single Customer,WWS,NORMAL,42.19109,-83.4059
NE25092100476,2025-09-21T20:38:43Z,2025-09-22T19:15:37Z,54,2025-09-21T20:18:48Z,2025-09-22T20:20:00Z,1,1,Determined upon crew arrival,In Progres,SERVICE DOWN NO,,MTC,NORMAL,42.48964,-82.95988
NW25092100467,2025-09-21T20:38:43Z,2025-09-22T02:59:37Z,12,2025-09-21T20:16:13Z,2025-09-22T20:15:00Z,1,1,Equipment problem,In Progres,OUTAGE,Single Customer,PON,NORMAL,42.56383,-83.40935
NW25092100477,2025-09-21T20:38:43Z,2025-09-21T21:37:12Z,4,2025-09-21T20:19:13Z,2025-09-22T20:20:00Z,1,1,Determined upon crew arrival,In Progres,OUTAGE,Single Customer,PON,NORMAL,42.76479,-83.58695
NW25092100486,2025-09-21T20:38:43Z,2025-09-21T20:50:56Z,2,2025-09-21T20:22:30Z,2025-09-22T20:25:00Z,1,1,Determined upon crew arrival,New,OUTAGE,Single Customer,PON,NORMAL,42.76851,-83.58196
NW25092100487,2025-09-21T20:38:43Z,2025-09-21T21:37:12Z,4,2025-09-21T20:23:39Z,2025-09-22T20:25:00Z,1,1,Determined upon crew arrival,In Progres,OUTAGE,Single Customer,PON,NORMAL,42.7283,-83.61964
SE25092100473,2025-09-21T20:38:43Z,2025-09-22T08:27:41Z,26,2025-09-21T20:17:24Z,2025-09-22T20:15:00Z,1,1,Equipment problem,In Progres,OUTAGE,Single Customer,RFD,NORMAL,42.53166,-83.18503
SE25092100484,2025-09-21T20:38:43Z,2025-09-22T02:59:37Z,12,2025-09-21T20:17:52Z,2025-09-22T20:20:00Z,1,1,Equipment problem,In Progres,OUTAGE,Single Customer,CAN,NORMAL,42.4226,-82.94756
SE25092100492,2025-09-21T20:38:43Z,2025-09-21T20:50:56Z,2,2025-09-21T20:26:56Z,2025-09-22T20:25:00Z,1,1,Determined upon crew arrival,New,OUTAGE,Single Customer,CAN,NORMAL,42.43853,-82.91886
SW25092100482,2025-09-21T20:38:43Z,2025-09-21T20:38:43Z,1,2025-09-21T20:20:22Z,2025-09-22T20:20:00Z,1,1,Determined upon crew arrival,PC3 Verifi,OUTAGE,Single Customer,WWS,NORMAL,42.18333,-83.40423
SW25092100490,2025-09-21T20:38:43Z,2025-09-21T20:38:43Z,1,2025-09-21T20:26:27Z,2025-09-22T20:25:00Z,1,1,Determined upon crew arrival,New,OUTAGE,Single Customer,WWS,NORMAL,42.19011,-83.41612
SW25092100493,2025-09-21T20:38:43Z,2025-09-21T21:51:15Z,5,2025-09-21T20:26:59Z,2025-09-22T00:55:00Z,2,2,Equipment problem,In Progres,OUTAGE,Service Secondary,ANN,NORMAL,42.28567,-83.74014
SW25092100495,2025-09-21T20:38:43Z,2025-09-21T20:38:43Z,1,2025-09-21T20:11:51Z,,1,1,Determined upon crew arrival,New,OUTAGE,Single Customer,WWS,NORMAL,42.19002,-83.41979
SW25092100497,2025-09-21T20:38:43Z,2025-09-21T20:38:43Z,1,2025-09-21T20:12:03Z,,1,1,Determined upon crew arrival,New,OUTAGE,Single Customer,WWS,NORMAL,42.20395,-83.40491
SW25092100499,2025-09-21T20:38:43Z,2025-09-21T20:38:43Z,1,2025-09-21T20:29:17Z,,1,1,Determined upon crew arrival,New,OUTAGE,Single Customer,WWS,NORMAL,42.18738,-83.40457
SW25092100507,2025-09-21T20:50:56Z,2025-09-21T21:51:15Z,4,2025-09-21T20:38:23Z,2025-09-22T01:15:00Z,8,8,Determined upon crew arrival,In Progres,OUTAGE,Service Transformer,WWS,NORMAL,42.48784,-83.32744
NW25092100516,2025-09-21T21:16:02Z,2025-09-21T22:39:03Z,4,2025-09-21T20:55:37Z,2025-09-22T20:55:00Z,1,1,Equipment problem,In Progres,OUTAGE,Single Customer,HWL,NORMAL,42.66632,-83.95243
NW25092100518,2025-09-21T21:16:02Z,2025-09-21T21:16:02Z,1,2025-09-21T20:59:16Z,,1,1,Determined upon crew arrival,New,OUTAGE,Single Customer,HWL,NORMAL,42.5944,-83.79289
SE25092100510,2025-09-21T21:16:02Z,2025-09-21T21:51:15Z,3,2025-09-21T20:31:16Z,2025-09-22T20:45:00Z,1,1,Determined upon crew arrival,In Progres,OUTAGE,Single Customer,RFD,NORMAL,42.46243,-83.18617
SE25092100520,2025-09-21T21:16:02Z,2025-09-22T01:40:43Z,9,2025-09-21T20:26:56Z,2025-09-22T21:00:00Z,1,1,Determined upon crew arrival,In Progres,SERVICE DOWN NO,,CAN,NORMAL,42.43853,-82.91886
NW25092100524,2025-09-21T21:37:12Z,2025-09-21T21:51:15Z,2,2025-09-21T20:59:57Z,2025-09-22T01:35:00Z,107,107,Equipment problem,In Progres,OUTAGE,Device (II),SBY,NORMAL,42.65446,-83.16634
NW25092100535,2025-09-21T21:37:12Z,2025-09-21T21:37:12Z,1,2025-09-19T16:00:24Z,2025-09-22T21:15:00Z,1,1,Determined upon crew arrival,New,OUTAGE,Single Customer,PON,NORMAL,42.59135,-83.13058
NW25092100563,2025-09-21T21:37:12Z,2025-09-21T21:51:15Z,2,2025-09-21T21:18:39Z,2025-09-22T01:50:00Z,24,24,Equipment problem,In Progres,OUTAGE,Device (I),HWL,NORMAL,42.53529,-83.84795
SE25092100527,2025-09-21T21:37:12Z,2025-09-21T23:37:27Z,6,2025-09-21T21:04:39Z,2025-09-22T21:05:00Z,1,1,Determined upon crew arrival,In Progres,OUTAGE,Single Customer,RFD,NORMAL,42.43923,-83.16713
SW25092100525,2025-09-21T21:37:12Z,2025-09-21T23:51:31Z,7,2025-09-21T21:03:22Z,2025-09-22T21:05:00Z,1,1,Determined upon crew arrival,In Progres,OUTAGE,Single Customer,WWS,NORMAL,42.26021,-83.2325
SW25092100529,2025-09-21T21:37:12Z,2025-09-21T22:39:03Z,3,2025-09-21T21:03:03Z,2025-09-22T01:35:00Z,40,40,Equipment problem,In Progres,OUTAGE,Device (I),WWS,NORMAL,42.42899,-83.44653
SW25092100531,2025-09-21T21:37:12Z,2025-09-21T21:37:12Z,1,2025-09-21T21:07:34Z,2025-09-22T21:10:00Z,1,1,Determined upon crew arrival,New,OUTAGE,Single Customer,WWS,NORMAL,42.24696,-83.2813
SW25092100533,2025-09-21T21:37:12Z,2025-09-22T04:44:13Z,13,2025-09-21T18:39:36Z,2025-09-22T05:45:00Z,689,1,Equipment problem,In Progres,OUTAGE,Device (II),WWS,NORMAL,42.18374,-83.40974
SW25092100546,2025-09-21T21:37:12Z,2025-09-21T21:37:12Z,1,2025-09-21T20:12:03Z,2025-09-22T01:45:00Z,577,577,Determined upon crew arrival,PC3 Verifi,OUTAGE,Circuit Level,WWS,NORMAL,42.20454,-83.39832
SW25092100568,2025-09-21T21:37:12Z,2025-09-21T23:51:31Z,7,2025-09-21T21:22:19Z,2025-09-22T01:50:00Z,1,1,Determined upon crew arrival,In Progres,PRIORITY,,WWS,NORMAL,42.19087,-83.3938
NW25092100587,2025-09-21T21:51:15Z,2025-09-21T22:39:03Z,2,2025-09-21T21:38:49Z,2025-09-22T02:10:00Z,5,5,Determined upon crew arrival,In Progres,OUTAGE,Service Transformer,PON,NORMAL,42.54033,-83.32906
SW25092100583,2025-09-21T21:51:15Z,2025-09-21T21:51:15Z,1,2025-09-21T21:36:42Z,2025-09-22T21:35:00Z,1,1,Determined upon crew arrival,PC3 Verifi,OUTAGE,Single Customer,WWS,NORMAL,42.42572,-83.44538
SW25092100584,2025-09-21T21:51:15Z,2025-09-21T22:50:55Z,3,2025-09-21T21:33:55Z,2025-09-22T02:05:00Z,62,62,Determined upon crew arrival,In Progres,OUTAGE,Device (II),WWS,NORMAL,42.30981,-83.33189
NE25092100602,2025-09-21T22:39:03Z,2025-09-21T23:17:02Z,3,2025-09-21T22:13:12Z,2025-09-22T02:50:00Z,11,11,Determined upon crew arrival,In Progres,OUTAGE,Service Transformer,MTC,NORMAL,42.68581,-82.73406
NW25092100591,2025-09-21T22:39:03Z,2025-09-21T22:50:55Z,2,2025-09-21T21:53:20Z,2025-09-22T02:25:00Z,67,67,Determined upon crew arrival,In Progres,OUTAGE,Device (II),PON,NORMAL,42.64208,-83.44102
SW25092100590,2025-09-21T22:39:03Z,2025-09-21T23:51:31Z,5,2025-09-21T18:31:18Z,2025-09-22T21:50:00Z,1,1,Determined upon crew arrival,In Progres,OUTAGE,Single Customer,NPT,NORMAL,42.12872,-83.14807
SW25092100600,2025-09-21T22:39:03Z,2025-09-21T23:51:31Z,5,2025-09-21T22:14:58Z,2025-09-22T22:15:00Z,1,1,Determined upon crew arrival,In Progres,OUTAGE,Single Customer,WWS,NORMAL,42.15874,-83.80807
NW25092100606,2025-09-21T22:50:55Z,2025-09-22T01:40:43Z,5,2025-09-21T22:43:11Z,2025-09-22T03:15:00Z,5,5,Equipment problem,In Progres,OUTAGE,Service Transformer,PON,NORMAL,42.57248,-83.21891
SW25092100604,2025-09-21T22:50:55Z,2025-09-21T23:51:31Z,4,2025-09-21T22:36:28Z,2025-09-22T22:35:00Z,1,1,Equipment problem,In Progres,OUTAGE,Single Customer,ANN,NORMAL,42.26396,-83.73465
SE25092100608,2025-09-21T23:17:02Z,2025-09-22T10:55:41Z,26,2025-09-21T22:59:44Z,2025-09-22T23:00:00Z,1,1,Determined upon crew arrival,Pending,OUTAGE,Single Customer,CAN,NORMAL,42.34376,-83.0688
SW25092100613,2025-09-21T23:37:27Z,2025-09-22T01:40:43Z,3,2025-09-21T23:07:53Z,2025-09-22T23:10:00Z,1,1,Determined upon crew arrival,In Progres,OUTAGE,Single Customer,WWS,NORMAL,42.42572,-83.44538
SW25092100616,2025-09-21T23:37:27Z,2025-09-21T23:37:27Z,1,2025-09-21T23:19:17Z,2025-09-22T23:20:00Z,1,1,Determined upon crew arrival,New,OUTAGE,Single Customer,WWS,NORMAL,42.19036,-83.39213
SE25092100624,2025-09-21T23:51:31Z,2025-09-22T05:51:21Z,11,2025-09-21T21:04:39Z,2025-09-22T23:40:00Z,1,1,Determined upon crew arrival,In Progres,SERVICE DOWN NO,,RFD,NORMAL,42.43923,-83.16713
NE25092100631,2025-09-22T01:40:43Z,2025-09-22T13:56:06Z,30,2025-09-22T00:10:43Z,2025-09-23T00:10:00Z,1,1,Determined upon crew arrival,In Progres,OUTAGE,Single Customer,MTC,NORMAL,42.47295,-82.97026
NE25092100636,2025-09-22T01:40:43Z,2025-09-22T09:43:17Z,19,2025-09-22T00:25:29Z,2025-09-23T00:25:00Z,1,1,Equipment problem,In Progres,OUTAGE,Single Customer,MAR,NORMAL,42.99874,-82.45555
NW25092100643,2025-09-22T01:40:43Z,2025-09-22T08:27:41Z,16,2025-09-22T00:07:08Z,2025-09-22T09:10:00Z,2,2,Determined upon crew arrival,In Progres,OUTAGE,Service Transformer,PON,NORMAL,42.80009,-83.34678
NW25092100651,2025-09-22T01:40:43Z,2025-09-22T01:40:43Z,1,2025-09-22T01:13:43Z,2025-09-22T05:50:00Z,5,5,Determined upon crew arrival,In Progres,OUTAGE,Service Transformer,PON,NORMAL,42.57182,-83.21897
NW25092100655,2025-09-22T01:40:43Z,2025-09-22T03:57:03Z,4,2025-09-22T01:13:46Z,2025-09-23T01:25:00Z,1,1,Determined upon crew arrival,In Progres,OUTAGE,Single Customer,PON,NORMAL,42.57118,-83.21964
SE25092100629,2025-09-22T01:40:43Z,2025-09-22T08:49:45Z,17,2025-09-21T23:59:59Z,2025-09-23T00:00:00Z,1,1,Determined upon crew arrival,New,OUTAGE,Single Customer,CAN,NORMAL,42.40985,-82.98743
SW25092100640,2025-09-22T01:40:43Z,2025-09-22T01:40:43Z,1,2025-09-22T00:25:34Z,2025-09-23T00:30:00Z,1,1,Determined upon crew arrival,In Progres,OUTAGE,Single Customer,WWS,NORMAL,42.47921,-83.31998
SE25092100665,2025-09-22T03:41:53Z,2025-09-23T01:25:09Z,57,2025-09-22T02:50:59Z,2025-09-23T02:50:00Z,1,1,Determined upon crew arrival,In Progres,OUTAGE,Single Customer,CAN,NORMAL,42.44348,-82.91665
NW25092100675,2025-09-22T04:28:33Z,2025-09-22T08:27:41Z,12,2025-09-21T20:59:16Z,2025-09-23T04:05:00Z,1,1,Determined upon crew arrival,In Progres,OUTAGE,Single Customer,HWL,NORMAL,42.5944,-83.79289
SW25092100670,2025-09-22T04:28:33Z,2025-09-22T11:51:39Z,22,2025-09-22T03:58:15Z,2025-09-22T12:30:00Z,1,1,Lightning strike,In Progres,PRIORITY,,WWS,NORMAL,42.24281,-83.30937
SE25092200003,2025-09-22T05:40:37Z,2025-09-22T05:40:37Z,1,2025-09-22T05:21:35Z,2025-09-22T09:50:00Z,42,42,Determined upon crew arrival,New,OUTAGE,Service Transformer,CAN,NORMAL,42.37874,-83.07755
SE25092200004,2025-09-22T05:40:37Z,2025-09-22T05:40:37Z,1,2025-09-21T19:36:27Z,2025-09-22T09:50:00Z,2,2,Determined upon crew arrival,New,OUTAGE,Service Secondary,CAN,NORMAL,42.38747,-83.07612
SE25092200005,2025-09-22T05:40:37Z,2025-09-22T05:40:37Z,1,2025-09-22T05:21:50Z,2025-09-22T09:50:00Z,13,13,Determined upon crew arrival,New,OUTAGE,Service Transformer,CAN,NORMAL,42.38186,-83.07718
SE25092200006,2025-09-22T05:40:37Z,2025-09-22T05:40:37Z,1,2025-09-22T05:21:58Z,2025-09-22T09:50:00Z,2,2,Determined upon crew arrival,New,OUTAGE,Service Secondary,CAN,NORMAL,42.38224,-83.07109
SE25092200007,2025-09-22T05:40:37Z,2025-09-22T05:40:37Z,1,2025-09-21T19:31:44Z,2025-09-22T09:50:00Z,2,2,Determined upon crew arrival,New,OUTAGE,Service Secondary,CAN,NORMAL,42.38708,-83.07993
SE25092200008,2025-09-22T05:40:37Z,2025-09-22T05:40:37Z,1,2025-09-21T19:45:37Z,2025-09-22T09:50:00Z,2,2,Determined upon crew arrival,New,OUTAGE,Service Secondary,CAN,NORMAL,42.38467,-83.07266
SE25092200009,2025-09-22T05:40:37Z,2025-09-22T05:40:37Z,1,2025-09-22T05:22:24Z,2025-09-22T09:50:00Z,6,6,Determined upon crew arrival,New,OUTAGE,Service Transformer,CAN,NORMAL,42.37844,-83.06823
SE25092200010,2025-09-22T05:40:37Z,2025-09-22T05:40:37Z,1,2025-09-22T05:22:25Z,2025-09-22T09:50:00Z,16,16,Determined upon crew arrival,New,OUTAGE,Service Transformer,CAN,NORMAL,42.38046,-83.07306
SE25092200011,2025-09-22T05:40:37Z,2025-09-22T05:40:37Z,1,2025-09-22T05:22:22Z,2025-09-23T05:20:00Z,1,1,Determined upon crew arrival,New,OUTAGE,Single Customer,CAN,NORMAL,42.37805,-83.07417
SE25092200012,2025-09-22T05:40:37Z,2025-09-22T05:40:37Z,1,2025-09-22T05:22:22Z,2025-09-23T05:20:00Z,1,1,Determined upon crew arrival,New,OUTAGE,Single Customer,CAN,NORMAL,42.38546,-83.0755
SE25092200013,2025-09-22T05:40:37Z,2025-09-22T05:40:37Z,1,2025-09-22T05:22:29Z,2025-09-22T09:55:00Z,17,17,Determined upon crew arrival,New,OUTAGE,Service Transformer,CAN,NORMAL,42.37726,-83.07136
SE25092200014,2025-09-22T05:40:37Z,2025-09-22T05:40:37Z,1,2025-09-22T05:22:34Z,2025-09-23T05:25:00Z,2,2,Determined upon crew arrival,New,OUTAGE,Service Secondary,CAN,NORMAL,42.3758,-83.07246
SE25092200015,2025-09-22T05:40:37Z,2025-09-22T05:40:37Z,1,2025-09-22T05:22:38Z,2025-09-22T09:55:00Z,2,2,Determined upon crew arrival,New,OUTAGE,Service Secondary,CAN,NORMAL,42.37732,-83.0737
SE25092200016,2025-09-22T05:40:37Z,2025-09-22T05:40:37Z,1,2025-09-21T19:36:41Z,2025-09-23T05:25:00Z,1,1,Determined upon crew arrival,New,OUTAGE,Single Customer,CAN,NORMAL,42.38631,-83.07931
SE25092200017,2025-09-22T05:40:37Z,2025-09-22T05:40:37Z,1,2025-09-22T05:22:37Z,2025-09-23T05:25:00Z,1,1,Determined upon crew arrival,New,OUTAGE,Single Customer,CAN,NORMAL,42.38202,-83.07426
SE25092200018,2025-09-22T05:40:37Z,2025-09-22T05:40:37Z,1,2025-09-22T05:22:44Z,2025-09-23T05:25:00Z,1,1,Determined upon crew arrival,New,OUTAGE,Single Customer,CAN,NORMAL,42.37571,-83.0753
SE25092200019,2025-09-22T05:40:37Z,2025-09-22T05:40:37Z,1,2025-09-22T05:22:55Z,2025-09-23T05:25:00Z,1,1,Determined upon crew arrival,New,OUTAGE,Single Customer,CAN,NORMAL,42.38115,-83.07912
SE25092200020,2025-09-22T05:40:37Z,2025-09-22T05:40:37Z,1,2025-09-22T05:23:05Z,2025-09-23T05:25:00Z,1,1,Determined upon crew arrival,New,OUTAGE,Single Customer,CAN,NORMAL,42.38047,-83.07031
SE25092200021,2025-09-22T05:40:37Z,2025-09-22T05:40:37Z,1,2025-09-22T05:23:10Z,2025-09-23T05:25:00Z,1,1,Determined upon crew arrival,New,OUTAGE,Single Customer,CAN,NORMAL,42.37435,-83.06822
SE25092200022,2025-09-22T05:40:37Z,2025-09-22T05:40:37Z,1,2025-09-22T05:23:12Z,2025-09-23T05:25:00Z,1,1,Determined upon crew arrival,New,OUTAGE,Single Customer,CAN,NORMAL,42.37941,-83.07054
SE25092200023,2025-09-22T05:40:37Z,2025-09-22T05:40:37Z,1,2025-09-22T05:23:19Z,2025-09-23T05:25:00Z,1,1,Determined upon crew arrival,New,OUTAGE,Single Customer,CAN,NORMAL,42.3828,-83.07468
SE25092200024,2025-09-22T05:40:37Z,2025-09-22T05:40:37Z,1,2025-09-21T19:31:43Z,2025-09-22T09:55:00Z,11,11,Determined upon crew arrival,New,OUTAGE,Service Transformer,CAN,NORMAL,42.38853,-83.08033
SE25092200025,2025-09-22T05:40:37Z,2025-09-22T05:40:37Z,1,2025-09-22T05:23:31Z,2025-09-23T05:25:00Z,1,1,Determined upon crew arrival,New,OUTAGE,Single Customer,CAN,NORMAL,42.37583,-83.06659
SE25092200026,2025-09-22T05:40:37Z,2025-09-22T09:43:17Z,11,2025-09-21T19:31:39Z,2025-09-22T09:55:00Z,1524,1523,Determined upon crew arrival,In Progres,OUTAGE,Circuit Level,CAN,NORMAL,42.38547,-83.08155
SE25092200027,2025-09-22T05:40:37Z,2025-09-22T05:40:37Z,1,2025-09-22T05:23:41Z,2025-09-22T09:55:00Z,14,14,Determined upon crew arrival,New,OUTAGE,Service Transformer,CAN,NORMAL,42.37806,-83.07169
SE25092200028,2025-09-22T05:40:37Z,2025-09-22T05:40:37Z,1,2025-09-21T19:36:54Z,2025-09-23T05:25:00Z,1,1,Determined upon crew arrival,New,OUTAGE,Single Customer,CAN,NORMAL,42.38372,-83.08026
SE25092200029,2025-09-22T05:40:37Z,2025-09-22T05:40:37Z,1,2025-09-22T05:23:45Z,2025-09-22T09:55:00Z,14,14,Determined upon crew arrival,New,OUTAGE,Service Transformer,CAN,NORMAL,42.37655,-83.07575
SE25092200030,2025-09-22T05:40:37Z,2025-09-22T05:40:37Z,1,2025-09-22T05:23:48Z,2025-09-23T05:25:00Z,2,2,Determined upon crew arrival,New,OUTAGE,Service Secondary,CAN,NORMAL,42.3789,-83.07464
SE25092200031,2025-09-22T05:40:37Z,2025-09-22T05:40:37Z,1,2025-09-21T19:38:54Z,2025-09-23T05:25:00Z,1,1,Determined upon crew arrival,New,OUTAGE,Single Customer,CAN,NORMAL,42.38369,-83.07224
SE25092200032,2025-09-22T05:40:37Z,2025-09-22T05:40:37Z,1,2025-09-22T05:23:54Z,2025-09-23T05:25:00Z,1,1,Determined upon crew arrival,New,OUTAGE,Single Customer,CAN,NORMAL,42.38168,-83.0726
SE25092200033,2025-09-22T05:40:37Z,2025-09-22T05:40:37Z,1,2025-09-22T05:23:56Z,2025-09-23T05:25:00Z,1,1,Determined upon crew arrival,New,OUTAGE,Single Customer,CAN,NORMAL,42.37893,-83.06917
SE25092200034,2025-09-22T05:40:37Z,2025-09-22T05:40:37Z,1,2025-09-22T05:24:01Z,2025-09-22T09:55:00Z,2,2,Determined upon crew arrival,New,OUTAGE,Service Secondary,CAN,NORMAL,42.38121,-83.07382
SE25092200035,2025-09-22T05:40:37Z,2025-09-22T05:40:37Z,1,2025-09-21T19:51:24Z,2025-09-23T05:25:00Z,1,1,Determined upon crew arrival,New,OUTAGE,Single Customer,CAN,NORMAL,42.3844,-83.08103
SE25092200036,2025-09-22T05:40:37Z,2025-09-22T05:40:37Z,1,2025-09-22T05:24:14Z,2025-09-23T05:25:00Z,1,1,Determined upon crew arrival,New,OUTAGE,Single Customer,CAN,NORMAL,42.37274,-83.0707
SE25092200037,2025-09-22T05:40:37Z,2025-09-22T05:40:37Z,1,2025-09-22T05:24:15Z,2025-09-23T05:25:00Z,1,1,Determined upon crew arrival,New,OUTAGE,Single Customer,CAN,NORMAL,42.37444,-83.06759
SE25092200038,2025-09-22T05:40:37Z,2025-09-22T05:40:37Z,1,2025-09-21T19:31:40Z,2025-09-22T09:55:00Z,2,2,Determined upon crew arrival,New,OUTAGE,Service Secondary,CAN,NORMAL,42.38997,-83.07649
SE25092200039,2025-09-22T05:40:37Z,2025-09-22T05:40:37Z,1,2025-09-21T19:31:39Z,2025-09-23T05:25:00Z,2,2,Determined upon crew arrival,New,OUTAGE,Service Secondary,CAN,NORMAL,42.38619,-83.08233
SE25092200040,2025-09-22T05:40:37Z,2025-09-22T05:40:37Z,1,2025-09-22T05:24:24Z,2025-09-23T05:25:00Z,1,1,Determined upon crew arrival,New,OUTAGE,Single Customer,CAN,NORMAL,42.38051,-83.07561
SE25092200041,2025-09-22T05:40:37Z,2025-09-22T05:40:37Z,1,2025-09-21T19:38:15Z,2025-09-23T05:25:00Z,1,1,Determined upon crew arrival,New,OUTAGE,Single Customer,CAN,NORMAL,42.38913,-83.07872
SE25092200042,2025-09-22T05:40:37Z,2025-09-22T05:40:37Z,1,2025-09-22T05:24:35Z,2025-09-23T05:25:00Z,1,1,Determined upon crew arrival,New,OUTAGE,Single Customer,CAN,NORMAL,42.37667,-83.06711
SE25092200043,2025-09-22T05:40:37Z,2025-09-22T05:40:37Z,1,2025-09-22T05:24:52Z,2025-09-22T09:55:00Z,37,37,Determined upon crew arrival,New,OUTAGE,Service Transformer,CAN,NORMAL,42.3757,-83.07555
SE25092200044,2025-09-22T05:40:37Z,2025-09-22T05:40:37Z,1,2025-09-22T05:24:54Z,2025-09-23T05:25:00Z,2,2,Determined upon crew arrival,New,OUTAGE,Service Secondary,CAN,NORMAL,42.37961,-83.07269
SE25092200045,2025-09-22T05:40:37Z,2025-09-22T05:40:37Z,1,2025-09-22T05:24:54Z,2025-09-22T09:55:00Z,2,2,Determined upon crew arrival,New,OUTAGE,Service Secondary,CAN,NORMAL,42.37557,-83.07008
SE25092200046,2025-09-22T05:40:37Z,2025-09-22T05:40:37Z,1,2025-09-21T19:39:34Z,2025-09-23T05:25:00Z,2,2,Determined upon crew arrival,New,OUTAGE,Service Secondary,CAN,NORMAL,42.38575,-83.07735
SE25092200047,2025-09-22T05:40:37Z,2025-09-22T05:40:37Z,1,2025-09-22T05:24:59Z,2025-09-23T05:25:00Z,2,2,Determined upon crew arrival,New,OUTAGE,Service Secondary,CAN,NORMAL,42.37751,-83.06785
SE25092200048,2025-09-22T05:40:37Z,2025-09-22T05:40:37Z,1,2025-09-22T05:25:02Z,2025-09-23T05:25:00Z,1,1,Determined upon crew arrival,New,OUTAGE,Single Customer,CAN,NORMAL,42.37971,-83.06969
SE25092200049,2025-09-22T05:40:37Z,2025-09-22T05:40:37Z,1,2025-09-22T05:25:12Z,2025-09-23T05:25:00Z,1,1,Determined upon crew arrival,New,OUTAGE,Single Customer,CAN,NORMAL,42.3797,-83.07513
SE25092200050,2025-09-22T05:40:37Z,2025-09-22T05:40:37Z,1,2025-09-22T05:25:22Z,2025-09-23T05:25:00Z,1,1,Determined upon crew arrival,New,OUTAGE,Single Customer,CAN,NORMAL,42.38337,-83.0811
SE25092200051,2025-09-22T05:40:37Z,2025-09-22T05:40:37Z,1,2025-09-22T05:25:30Z,2025-09-23T05:25:00Z,2,2,Determined upon crew arrival,New,OUTAGE,Service Secondary,CAN,NORMAL,42.37965,-83.078
SE25092200052,2025-09-22T05:40:37Z,2025-09-22T05:40:37Z,1,2025-09-22T05:25:35Z,2025-09-23T05:25:00Z,1,1,Determined upon crew arrival,New,OUTAGE,Single Customer,CAN,NORMAL,42.37677,-83.06988
SE25092200053,2025-09-22T05:40:37Z,2025-09-22T05:40:37Z,1,2025-09-22T05:25:33Z,2025-09-23T05:25:00Z,1,1,Determined upon crew arrival,New,OUTAGE,Single Customer,CAN,NORMAL,42.38117,-83.07651
SE25092200055,2025-09-22T05:40:37Z,2025-09-22T05:40:37Z,1,2025-09-22T05:26:05Z,2025-09-23T05:25:00Z,1,1,Determined upon crew arrival,New,OUTAGE,Single Customer,CAN,NORMAL,42.37818,-83.06891
SE25092200056,2025-09-22T05:40:37Z,2025-09-22T05:40:37Z,1,2025-09-21T19:39:10Z,2025-09-23T05:25:00Z,4,4,Determined upon crew arrival,New,OUTAGE,Service Transformer,CAN,NORMAL,42.38489,-83.07471
SE25092200057,2025-09-22T05:40:37Z,2025-09-22T05:40:37Z,1,2025-09-22T05:26:15Z,2025-09-23T05:25:00Z,2,2,Determined upon crew arrival,New,OUTAGE,Service Secondary,CAN,NORMAL,42.38383,-83.07186
SE25092200058,2025-09-22T05:40:37Z,2025-09-22T05:40:37Z,1,2025-09-21T19:33:52Z,2025-09-23T05:25:00Z,1,1,Determined upon crew arrival,New,OUTAGE,Single Customer,CAN,NORMAL,42.38314,-83.07696
SE25092200059,2025-09-22T05:40:37Z,2025-09-22T05:40:37Z,1,2025-09-22T05:26:11Z,2025-09-23T05:25:00Z,1,1,Determined upon crew arrival,New,OUTAGE,Single Customer,CAN,NORMAL,42.38258,-83.07291
SE25092200060,2025-09-22T05:40:37Z,2025-09-22T05:40:37Z,1,2025-09-21T19:37:25Z,2025-09-23T05:25:00Z,1,1,Determined upon crew arrival,New,OUTAGE,Single Customer,CAN,NORMAL,42.38535,-83.08189
SE25092200061,2025-09-22T05:40:37Z,2025-09-22T05:40:37Z,1,2025-09-22T05:26:46Z,2025-09-23T05:25:00Z,1,1,Determined upon crew arrival,New,OUTAGE,Single Customer,CAN,NORMAL,42.37377,-83.06538
SE25092200062,2025-09-22T05:40:37Z,2025-09-22T05:40:37Z,1,2025-09-22T05:26:56Z,2025-09-23T05:25:00Z,17,17,Determined upon crew arrival,New,OUTAGE,Service Transformer,CAN,NORMAL,42.3811,-83.07139
SE25092200063,2025-09-22T05:40:37Z,2025-09-22T05:40:37Z,1,2025-09-22T05:27:04Z,,1,1,Determined upon crew arrival,New,OUTAGE,Single Customer,CAN,NORMAL,42.37857,-83.07014
SE25092200064,2025-09-22T05:40:37Z,2025-09-22T05:40:37Z,1,2025-09-22T05:27:17Z,,1,1,Determined upon crew arrival,New,OUTAGE,Single Customer,CAN,NORMAL,42.38206,-83.07994
SE25092200065,2025-09-22T05:40:37Z,2025-09-22T05:40:37Z,1,2025-09-21T19:36:15Z,,1,1,Determined upon crew arrival,New,OUTAGE,Single Customer,CAN,NORMAL,42.38422,-83.07387
SE25092200066,2025-09-22T05:40:37Z,2025-09-22T05:40:37Z,1,2025-09-22T05:27:26Z,,1,1,Determined upon crew arrival,New,OUTAGE,Single Customer,CAN,NORMAL,42.37772,-83.07016
SE25092200067,2025-09-22T05:40:37Z,2025-09-22T05:40:37Z,1,2025-09-22T05:27:32Z,,1,1,Determined upon crew arrival,New,OUTAGE,Single Customer,CAN,NORMAL,42.37603,-83.0747
SE25092200068,2025-09-22T05:40:37Z,2025-09-22T05:40:37Z,1,2025-09-22T05:28:05Z,,1,1,Determined upon crew arrival,New,OUTAGE,Single Customer,CAN,NORMAL,42.3738,-83.0678
SE25092200069,2025-09-22T05:40:37Z,2025-09-22T10:21:58Z,13,2025-09-22T05:28:20Z,2025-09-22T14:00:00Z,1,1,Determined upon crew arrival,PC3 Verifi,PRIORITY,,CAN,NORMAL,42.37117,-83.07213
SE25092200070,2025-09-22T05:40:37Z,2025-09-22T05:40:37Z,1,2025-09-21T19:31:40Z,,1,1,Determined upon crew arrival,New,OUTAGE,Single Customer,CAN,NORMAL,42.38811,-83.07442
SE25092200071,2025-09-22T05:40:37Z,2025-09-22T05:40:37Z,1,2025-09-21T19:45:30Z,,1,1,Determined upon crew arrival,New,OUTAGE,Single Customer,CAN,NORMAL,42.38454,-83.078
SE25092200072,2025-09-22T05:40:37Z,2025-09-22T05:40:37Z,1,2025-09-22T05:29:04Z,,1,1,Determined upon crew arrival,New,OUTAGE,Single Customer,CAN,NORMAL,42.37835,-83.07632
SE25092200073,2025-09-22T05:40:37Z,2025-09-22T05:40:37Z,1,2025-09-22T05:29:03Z,,1,1,Determined upon crew arrival,New,OUTAGE,Single Customer,CAN,NORMAL,42.37389,-83.06908
SE25092200074,2025-09-22T05:40:37Z,2025-09-22T05:40:37Z,1,2025-09-21T19:31:40Z,,1,1,Determined upon crew arrival,New,OUTAGE,Single Customer,CAN,NORMAL,42.38364,-83.07539
SE25092200075,2025-09-22T05:40:37Z,2025-09-22T05:40:37Z,1,2025-09-22T05:29:14Z,,1,1,Determined upon crew arrival,New,OUTAGE,Single Customer,CAN,NORMAL,42.37519,-83.07412
SE25092200076,2025-09-22T05:40:37Z,2025-09-22T05:40:37Z,1,2025-09-22T05:29:20Z,,1,1,Determined upon crew arrival,New,OUTAGE,Single Customer,CAN,NORMAL,42.3763,-83.07113
SE25092200077,2025-09-22T05:40:37Z,2025-09-22T05:40:37Z,1,2025-09-22T05:29:35Z,,2,2,Determined upon crew arrival,New,OUTAGE,Service Secondary,CAN,NORMAL,42.38318,-83.0713
SE25092200078,2025-09-22T05:40:37Z,2025-09-22T05:40:37Z,1,2025-09-22T05:29:58Z,,1,1,Determined upon crew arrival,New,OUTAGE,Single Customer,CAN,NORMAL,42.38012,-83.07673
NW25092200100,2025-09-22T05:51:21Z,2025-09-22T10:21:58Z,12,2025-09-22T05:42:27Z,2025-09-23T05:45:00Z,1,1,Determined upon crew arrival,In Progres,OUTAGE,Single Customer,HWL,NORMAL,42.55222,-84.20646
SW25092200103,2025-09-22T05:51:21Z,2025-09-22T05:51:21Z,1,2025-09-22T05:28:31Z,,5,5,Determined upon crew arrival,New,OUTAGE,Service Transformer,ANN,NORMAL,42.28909,-83.74662
SE25092200104,2025-09-22T06:31:28Z,2025-09-22T08:49:45Z,7,2025-09-22T05:50:06Z,2025-09-22T10:20:00Z,1,1,Determined upon crew arrival,In Progres,PRIORITY,,RFD,NORMAL,42.20266,-83.20716
SE25092200106,2025-09-22T06:56:10Z,2025-09-22T10:55:41Z,12,2025-09-22T06:22:11Z,2025-09-23T06:20:00Z,1,1,Determined upon crew arrival,PC3 Verifi,OUTAGE,Single Customer,RFD,NORMAL,42.37039,-83.23832
SW25092200108,2025-09-22T06:56:10Z,2025-09-22T15:40:58Z,24,2025-09-22T06:44:04Z,2025-09-23T06:45:00Z,1,1,Determined upon crew arrival,In Progres,OUTAGE,Single Customer,WWS,NORMAL,42.24593,-83.23479
SW25092200109,2025-09-22T06:56:10Z,2025-09-22T11:37:44Z,14,2025-09-21T21:58:59Z,2025-09-23T06:45:00Z,1,1,Equipment problem,In Progres,OUTAGE,Single Customer,WWS,NORMAL,42.4268,-83.44737
SW25092200111,2025-09-22T07:22:36Z,2025-09-22T08:49:45Z,5,2025-09-22T06:55:15Z,2025-09-22T11:30:00Z,3,3,Equipment problem,In Progres,OUTAGE,Service Transformer,ANN,NORMAL,42.3225,-83.8854
NE25092200115,2025-09-22T07:51:21Z,2025-09-22T08:49:45Z,3,2025-09-22T07:36:15Z,2025-09-22T12:10:00Z,23,23,Determined upon crew arrival,In Progres,OUTAGE,Device (I),MTC,NORMAL,42.71431,-82.93446
NE25092200118,2025-09-22T07:51:21Z,2025-09-22T08:27:41Z,2,2025-09-22T07:36:14Z,2025-09-22T12:15:00Z,19,19,Determined upon crew arrival,In Progres,OUTAGE,Device (I),MTC,NORMAL,42.71584,-82.93398
SW25092200117,2025-09-22T07:51:21Z,2025-09-22T07:51:21Z,1,2025-09-22T07:26:45Z,,1,1,Determined upon crew arrival,New,OUTAGE,Single Customer,ANN,NORMAL,42.37886,-83.88138
NE25092200126,2025-09-22T08:27:41Z,2025-09-22T15:40:58Z,20,2025-09-22T07:58:15Z,2025-09-22T16:35:00Z,23,23,Determined upon crew arrival,In Progres,OUTAGE,Service Transformer,NAE,NORMAL,43.80382,-83.00175
NW25092200127,2025-09-22T08:27:41Z,2025-09-22T08:27:41Z,1,2025-09-21T06:58:47Z,2025-09-23T08:10:00Z,1,1,Determined upon crew arrival,New,OUTAGE,Single Customer,PON,NORMAL,42.71516,-83.5143
SE25092200120,2025-09-22T08:27:41Z,2025-09-22T17:16:01Z,24,2025-09-22T07:51:23Z,2025-09-23T07:50:00Z,1,1,Equipment problem,In Progres,OUTAGE,Single Customer,CAN,NORMAL,42.42481,-82.91663
NE25092200133,2025-09-22T08:49:45Z,2025-09-22T10:21:58Z,5,2025-09-22T08:18:36Z,2025-09-22T13:05:00Z,80,80,Equipment problem,In Progres,OUTAGE,Device (II),NAE,NORMAL,43.40818,-83.01843
NE25092200135,2025-09-22T09:23:54Z,2025-09-22T10:21:58Z,4,2025-09-22T08:46:13Z,2025-09-23T08:45:00Z,1,1,Determined upon crew arrival,PC3 Verifi,OUTAGE,Single Customer,MTC,NORMAL,42.58309,-82.84458
SE25092200138,2025-09-22T09:54:29Z,2025-09-22T11:17:53Z,5,2025-09-22T09:40:47Z,2025-09-23T09:40:00Z,1,1,Determined upon crew arrival,PC3 Verifi,OUTAGE,Single Customer,CAN,NORMAL,42.38454,-83.078
NE25092200139,2025-09-22T10:21:58Z,2025-09-22T15:52:08Z,16,2025-09-22T09:57:04Z,2025-09-23T09:55:00Z,1,1,Determined upon crew arrival,In Progres,OUTAGE,Single Customer,MTC,NORMAL,42.45636,-82.93784
NW25092200140,2025-09-22T10:21:58Z,2025-09-22T14:44:04Z,12,2025-09-19T16:00:24Z,2025-09-22T14:30:00Z,2,2,Equipment problem,PC3 Verifi,OUTAGE,Service Secondary,PON,NORMAL,42.59135,-83.13058
SW25092200141,2025-09-22T10:21:58Z,2025-09-22T11:51:39Z,6,2025-09-21T23:07:53Z,2025-09-23T10:15:00Z,1,1,Determined upon crew arrival,PC3 Verifi,OUTAGE,Single Customer,WWS,NORMAL,42.42572,-83.44538
NE25092200142,2025-09-22T10:44:39Z,2025-09-22T17:51:36Z,20,2025-09-22T08:46:13Z,2025-09-23T10:25:00Z,1,1,Determined upon crew arrival,In Progres,SERVICE DOWN NO,,MTC,NORMAL,42.58309,-82.84458
NE25092200146,2025-09-22T10:55:41Z,2025-09-23T15:52:19Z,68,2025-09-22T10:39:16Z,2025-09-23T19:10:00Z,1,1,Determined upon crew arrival,In Progres,PRIORITY,,MTC,NORMAL,42.50557,-83.0046
NW25092200145,2025-09-22T10:55:41Z,2025-09-22T17:16:01Z,17,2025-09-22T10:34:53Z,2025-09-23T10:35:00Z,1,1,Equipment problem,In Progres,OUTAGE,Single Customer,HWL,NORMAL,42.51256,-83.65458
SE25092200147,2025-09-22T10:55:41Z,2025-09-23T06:30:08Z,46,2025-09-22T00:17:16Z,2025-09-23T10:45:00Z,1,1,Equipment problem,In Progres,OUTAGE,Single Customer,RFD,NORMAL,42.52705,-83.30602
NE25092200149,2025-09-22T11:17:53Z,2025-09-22T15:40:58Z,12,2025-09-22T07:41:52Z,2025-09-23T10:45:00Z,1,1,Equipment problem,In Progres,OUTAGE,Single Customer,LAP,NORMAL,43.07342,-83.31253
SE25092200152,2025-09-22T11:17:53Z,2025-09-23T10:20:34Z,54,2025-09-21T18:38:24Z,2025-09-23T10:55:00Z,1,1,Equipment problem,In Progres,OUTAGE,Single Customer,RFD,NORMAL,42.50207,-83.2127
SW25092200151,2025-09-22T11:17:53Z,2025-09-24T23:17:32Z,144,2025-09-22T10:47:34Z,2025-09-24T23:20:00Z,1,1,Public Interference w/DTE equip,In Progres,PRIORITY,,NPT,NORMAL,42.10974,-83.24368
NE25092200159,2025-09-22T11:37:44Z,2025-09-23T23:16:55Z,85,2025-09-22T11:27:10Z,2025-09-23T23:55:00Z,1,1,Determined upon crew arrival,In Progres,PRIORITY,,MTC,NORMAL,42.53546,-83.03707
NW25092200155,2025-09-22T11:37:44Z,2025-09-22T15:21:30Z,10,2025-09-22T10:52:23Z,2025-09-22T15:40:00Z,3,3,Equipment problem,In Progres,OUTAGE,Service Transformer,HWL,NORMAL,42.46699,-83.64853
NW25092200158,2025-09-22T11:37:44Z,2025-09-22T19:15:37Z,20,2025-09-22T11:21:10Z,2025-09-23T11:20:00Z,1,1,Equipment problem,In Progres,OUTAGE,Single Customer,PON,NORMAL,42.65171,-83.65577
NW25092200160,2025-09-22T11:37:44Z,2025-09-22T18:30:25Z,18,2025-09-22T11:27:57Z,2025-09-23T11:30:00Z,1,1,Equipment problem,In Progres,OUTAGE,Single Customer,PON,NORMAL,42.65177,-83.65429
SE25092200154,2025-09-22T11:37:44Z,2025-09-22T13:45:02Z,5,2025-09-22T11:07:58Z,2025-09-22T15:40:00Z,1,1,Determined upon crew arrival,In Progres,PRIORITY,,CAN,NORMAL,42.3544,-83.01431
SW25092200156,2025-09-22T11:37:44Z,2025-09-22T14:44:04Z,8,2025-09-22T11:14:20Z,2025-09-22T15:45:00Z,1,1,Determined upon crew arrival,In Progres,PRIORITY,,WWS,NORMAL,42.50459,-83.32845
NW25092200161,2025-09-22T11:51:39Z,2025-09-22T18:30:25Z,17,2025-09-22T11:33:30Z,2025-09-23T11:35:00Z,1,1,Equipment problem,In Progres,OUTAGE,Single Customer,PON,NORMAL,42.65214,-83.65658
SE25092200163,2025-09-22T11:51:39Z,2025-09-22T11:51:39Z,1,2025-09-22T05:54:21Z,,1,1,Determined upon crew arrival,New,OUTAGE,Single Customer,CAN,NORMAL,42.3757,-83.07555
SE25092200164,2025-09-22T11:51:39Z,2025-09-22T12:41:04Z,2,2025-09-22T11:31:23Z,2025-09-22T16:15:00Z,2,2,Determined upon crew arrival,In Progres,OUTAGE,Service Transformer,CAN,NORMAL,42.38526,-83.12844
NE25092200166,2025-09-22T12:41:04Z,2025-09-22T17:51:36Z,15,2025-09-22T11:57:30Z,2025-09-23T12:00:00Z,1,1,Equipment problem,In Progres,OUTAGE,Single Customer,MTC,NORMAL,42.51429,-83.05301
NW25092200200,2025-09-22T12:41:04Z,2025-09-22T13:18:29Z,2,2025-09-22T12:07:42Z,2025-09-22T16:40:00Z,5,5,Equipment problem,In Progres,OUTAGE,Service Transformer,SBY,NORMAL,42.62978,-83.2086
NW25092200212,2025-09-22T12:41:04Z,2025-09-22T14:55:28Z,7,2025-09-22T12:06:06Z,2025-09-22T16:45:00Z,301,301,Equipment problem,In Progres,OUTAGE,Device (II),PON,NORMAL,42.82862,-83.512
NW25092200224,2025-09-22T12:41:04Z,2025-09-22T12:41:04Z,1,2025-09-22T12:19:03Z,2025-09-23T12:20:00Z,1,1,Determined upon crew arrival,New,OUTAGE,Single Customer,SBY,NORMAL,42.62949,-83.20821
NW25092200236,2025-09-22T12:41:04Z,2025-09-22T14:44:04Z,6,2025-09-22T12:06:21Z,2025-09-22T16:45:00Z,150,150,Equipment problem,In Progres,OUTAGE,Device (II),PON,NORMAL,42.82638,-83.50876
NW25092200237,2025-09-22T12:41:04Z,2025-09-22T14:44:04Z,6,2025-09-22T12:10:28Z,2025-09-22T16:55:00Z,26,26,Equipment problem,In Progres,OUTAGE,Device (I),PON,NORMAL,42.67825,-83.59333
NW25092200241,2025-09-22T12:41:04Z,2025-09-22T12:41:04Z,1,2025-09-22T12:26:07Z,2025-09-23T12:25:00Z,1,1,Determined upon crew arrival,New,OUTAGE,Single Customer,PON,NORMAL,42.84837,-83.50969
NW25092200243,2025-09-22T12:41:04Z,2025-09-22T15:40:58Z,9,2025-09-22T12:10:28Z,2025-09-22T16:55:00Z,25,25,Equipment problem,In Progres,OUTAGE,Device (I),PON,NORMAL,42.6779,-83.59273
NW25092200245,2025-09-22T12:41:04Z,2025-09-22T12:41:04Z,1,2025-09-22T12:26:51Z,2025-09-23T12:25:00Z,1,1,Determined upon crew arrival,New,OUTAGE,Single Customer,HWL,NORMAL,42.5817,-83.81849
SE25092200167,2025-09-22T12:41:04Z,2025-09-22T16:25:31Z,11,2025-09-22T12:01:04Z,2025-09-23T12:00:00Z,1,1,Determined upon crew arrival,In Progres,OUTAGE,Single Customer,RFD,NORMAL,42.50838,-83.17589
SE25092200191,2025-09-22T12:41:04Z,2025-09-23T01:25:09Z,33,2025-09-22T12:10:18Z,2025-09-23T12:10:00Z,1,1,Equipment problem,Pending,OUTAGE,Single Customer,RFD,NORMAL,42.34262,-83.19794
SW25092200168,2025-09-22T12:41:04Z,2025-09-22T13:56:06Z,4,2025-09-22T05:28:31Z,2025-09-22T16:30:00Z,14,14,Equipment problem,In Progres,OUTAGE,Device (I),ANN,NORMAL,42.28964,-83.74665
SW25092200178,2025-09-22T12:41:04Z,2025-09-22T14:22:17Z,5,2025-09-22T12:08:37Z,2025-09-23T12:10:00Z,1,1,Determined upon crew arrival,In Progres,OUTAGE,Single Customer,NPT,NORMAL,42.05854,-83.39905
SW25092200238,2025-09-22T12:41:04Z,2025-09-22T12:41:04Z,1,2025-09-22T12:24:07Z,2025-09-22T16:55:00Z,50,50,Determined upon crew arrival,In Progres,OUTAGE,Service Transformer,WWS,NORMAL,42.29377,-83.36446
SW25092200248,2025-09-22T12:41:04Z,2025-09-22T12:41:04Z,1,2025-09-22T12:30:00Z,,608,608,Determined upon crew arrival,New,OUTAGE,Device (II),NPT,NORMAL,42.17012,-83.24474
NE25092200255,2025-09-22T13:18:29Z,2025-09-22T14:22:17Z,4,2025-09-22T12:33:28Z,2025-09-22T17:05:00Z,2,2,Determined upon crew arrival,In Progres,OUTAGE,Service Transformer,MTC,NORMAL,42.71976,-82.86444
NE25092200290,2025-09-22T13:18:29Z,2025-09-22T13:18:29Z,1,2025-09-22T12:41:45Z,2025-09-23T12:55:00Z,2,2,Determined upon crew arrival,New,OUTAGE,Service Transformer,MAR,NORMAL,43.25141,-82.57734
NW25092200249,2025-09-22T13:18:29Z,2025-09-22T16:25:31Z,10,2025-09-22T12:30:04Z,2025-09-23T12:30:00Z,1,1,Equipment problem,In Progres,OUTAGE,Single Customer,PON,NORMAL,42.70202,-83.26079
NW25092200252,2025-09-22T13:18:29Z,2025-09-22T18:53:08Z,16,2025-09-22T12:31:44Z,2025-09-23T12:30:00Z,1,1,Equipment problem,In Progres,OUTAGE,Single Customer,PON,NORMAL,42.60957,-83.29188
NW25092200257,2025-09-22T13:18:29Z,2025-09-22T17:16:01Z,12,2025-09-22T12:35:31Z,2025-09-22T17:05:00Z,4,4,Equipment problem,In Progres,OUTAGE,Device (I),HWL,NORMAL,42.58162,-83.81809
NW25092200281,2025-09-22T13:18:29Z,2025-09-22T15:21:30Z,7,2025-09-22T12:53:40Z,2025-09-23T12:55:00Z,1,1,Determined upon crew arrival,In Progres,OUTAGE,Single Customer,PON,NORMAL,42.86622,-83.4922
SE25092200259,2025-09-22T13:18:29Z,2025-09-22T15:52:08Z,9,2025-09-22T12:36:14Z,2025-09-23T12:35:00Z,1,1,Determined upon crew arrival,In Progres,OUTAGE,Single Customer,CAN,NORMAL,42.38135,-83.13143
SE25092200260,2025-09-22T13:18:29Z,2025-09-22T16:25:31Z,10,2025-09-22T05:54:21Z,2025-09-23T12:35:00Z,1,1,Determined upon crew arrival,In Progres,OUTAGE,Single Customer,CAN,NORMAL,42.3757,-83.07555
SE25092200264,2025-09-22T13:18:29Z,2025-09-22T13:56:06Z,3,2025-09-22T12:35:28Z,2025-09-22T17:10:00Z,2,2,Determined upon crew arrival,Pending,OUTAGE,Service Transformer,RFD,NORMAL,42.21749,-83.21012
SE25092200275,2025-09-22T13:18:29Z,2025-09-22T13:56:06Z,3,2025-09-22T12:47:36Z,2025-09-23T12:50:00Z,1,1,Determined upon crew arrival,PC3 Verifi,OUTAGE,Single Customer,RFD,NORMAL,42.33404,-83.23186
SE25092200295,2025-09-22T13:18:29Z,2025-09-22T13:18:29Z,1,2025-09-22T13:00:10Z,,1,1,Determined upon crew arrival,New,OUTAGE,Single Customer,RFD,NORMAL,42.41812,-83.14567
SW25092200254,2025-09-22T13:18:29Z,2025-09-22T14:55:28Z,6,2025-09-22T12:17:03Z,2025-09-22T17:05:00Z,11,11,Determined upon crew arrival,In Progres,OUTAGE,Device (I),WWS,NORMAL,42.30895,-83.36576
SW25092200279,2025-09-22T13:18:29Z,2025-09-22T13:56:06Z,3,2025-09-22T12:52:20Z,2025-09-23T12:50:00Z,1,1,Determined upon crew arrival,In Progres,OUTAGE,Single Customer,NPT,NORMAL,42.00505,-83.34159
SW25092200288,2025-09-22T13:18:29Z,2025-09-22T13:18:29Z,1,2025-09-22T12:56:15Z,2025-09-22T17:25:00Z,7477,7477,Determined upon crew arrival,New,OUTAGE,Substation,WWS,NORMAL,42.30643,-83.53503
NE25092200344,2025-09-22T13:45:02Z,2025-09-22T14:44:04Z,4,2025-09-22T13:26:20Z,2025-09-22T17:55:00Z,2164,2164,Determined upon crew arrival,In Progres,OUTAGE,Circuit Level,LAP,NORMAL,42.82383,-83.26304
NW25092200332,2025-09-22T13:45:02Z,2025-09-22T17:51:36Z,13,2025-09-22T13:18:36Z,2025-09-23T13:20:00Z,1,1,Equipment problem,In Progres,OUTAGE,Single Customer,PON,NORMAL,42.65446,-83.35544
NW25092200338,2025-09-22T13:45:02Z,2025-09-22T15:21:30Z,6,2025-09-22T13:20:26Z,2025-09-23T13:25:00Z,1,1,Determined upon crew arrival,In Progres,OUTAGE,Single Customer,PON,NORMAL,42.57075,-83.51112
NW25092200347,2025-09-22T13:45:02Z,2025-09-22T16:25:31Z,9,2025-09-22T13:23:10Z,2025-09-22T17:55:00Z,15,15,Equipment problem,In Progres,OUTAGE,Device (II),PON,NORMAL,42.67428,-83.66532
NW25092200351,2025-09-22T13:45:02Z,2025-09-22T19:15:37Z,16,2025-09-22T13:23:15Z,2025-09-23T13:30:00Z,1,1,Equipment problem,In Progres,OUTAGE,Single Customer,PON,NORMAL,42.67771,-83.66937
SE25092200302,2025-09-22T13:45:02Z,2025-09-22T13:45:02Z,1,2025-09-22T12:57:22Z,2025-09-23T13:05:00Z,1,1,Determined upon crew arrival,In Progres,OUTAGE,Single Customer,RFD,NORMAL,42.3663,-83.21878
SE25092200309,2025-09-22T13:45:02Z,2025-09-22T21:50:54Z,24,2025-09-22T13:08:58Z,2025-09-23T01:40:00Z,97,97,Equipment problem,In Progres,OUTAGE,Device (I),CAN,NORMAL,42.36027,-83.07933
SE25092200310,2025-09-22T13:45:02Z,2025-09-22T22:17:43Z,25,2025-09-22T13:08:59Z,2025-09-23T01:40:00Z,197,154,Equipment problem,In Progres,OUTAGE,Device (II),CAN,NORMAL,42.358,-83.08108
SE25092200311,2025-09-22T13:45:02Z,2025-09-22T16:48:11Z,10,2025-09-22T13:08:57Z,2025-09-22T17:40:00Z,68,68,Equipment problem,In Progres,OUTAGE,Service Transformer,CAN,NORMAL,42.3819,-83.09479
SE25092200312,2025-09-22T13:45:02Z,2025-09-22T13:56:06Z,2,2025-09-22T13:08:59Z,2025-09-22T17:40:00Z,154,154,Determined upon crew arrival,In Progres,OUTAGE,Service Transformer,CAN,NORMAL,42.35893,-83.08224
SE25092200321,2025-09-22T13:45:02Z,2025-09-23T12:40:01Z,54,2025-09-21T20:45:53Z,2025-09-23T13:15:00Z,1,1,Equipment problem,Pending,OUTAGE,Single Customer,RFD,NORMAL,42.4358,-83.16597
SE25092200330,2025-09-22T13:45:02Z,2025-09-22T23:37:17Z,29,2025-09-22T13:17:38Z,2025-09-23T13:20:00Z,1,1,Equipment problem,In Progres,OUTAGE,Single Customer,RFD,NORMAL,42.50479,-83.10086
SE25092200337,2025-09-22T13:45:02Z,2025-09-22T18:30:25Z,14,2025-09-22T13:22:38Z,2025-09-23T13:25:00Z,1,1,Determined upon crew arrival,In Progres,OUTAGE,Service Secondary,CAN,NORMAL,42.40755,-83.12684
SE25092200341,2025-09-22T13:45:02Z,2025-09-22T13:56:06Z,2,2025-09-22T13:09:13Z,2025-09-22T17:55:00Z,9,9,Determined upon crew arrival,In Progres,OUTAGE,Service Transformer,CAN,NORMAL,42.35869,-83.08169
SE25092200342,2025-09-22T13:45:02Z,2025-09-22T13:56:06Z,2,2025-09-22T13:09:13Z,2025-09-22T17:55:00Z,15,15,Determined upon crew arrival,In Progres,OUTAGE,Service Transformer,CAN,NORMAL,42.35728,-83.08185
SE25092200353,2025-09-22T13:45:02Z,2025-09-22T21:50:54Z,24,2025-09-22T13:29:01Z,2025-09-22T22:00:00Z,1,1,Determined upon crew arrival,In Progres,PRIORITY,,CAN,NORMAL,42.358,-83.08108
SW25092200296,2025-09-22T13:45:02Z,2025-09-22T16:48:11Z,10,2025-09-22T13:01:35Z,2025-09-23T13:00:00Z,1,1,Determined upon crew arrival,In Progres,OUTAGE,Service Transformer,ANN,NORMAL,42.34291,-83.76475
SW25092200297,2025-09-22T13:45:02Z,2025-09-22T15:52:08Z,8,2025-09-22T13:03:33Z,2025-09-22T17:35:00Z,19,19,Determined upon crew arrival,In Progres,OUTAGE,Service Transformer,ANN,NORMAL,42.2512,-83.68928
SW25092200301,2025-09-22T13:45:02Z,2025-09-22T17:16:01Z,11,2025-09-22T13:06:50Z,2025-09-23T13:05:00Z,1,1,Determined upon crew arrival,In Progres,OUTAGE,Single Customer,NPT,NORMAL,42.11031,-83.24636
SW25092200334,2025-09-22T13:45:02Z,2025-09-22T17:16:01Z,11,2025-09-22T13:19:11Z,2025-09-22T17:50:00Z,95,95,Equipment problem,In Progres,OUTAGE,Device (II),ANN,NORMAL,42.20281,-83.7869
NE25092200377,2025-09-22T13:56:06Z,2025-09-22T15:52:08Z,7,2025-09-22T13:38:43Z,2025-09-23T13:40:00Z,1,1,Determined upon crew arrival,In Progres,OUTAGE,Single Customer,MTC,NORMAL,42.70438,-82.76324
NW25092200366,2025-09-22T13:56:06Z,2025-09-22T14:44:04Z,3,2025-09-22T13:34:59Z,2025-09-23T13:35:00Z,1,1,Determined upon crew arrival,In Progres,OUTAGE,Single Customer,PON,NORMAL,42.67354,-83.67227
NW25092200369,2025-09-22T13:56:06Z,2025-09-22T14:44:04Z,3,2025-09-22T13:35:40Z,2025-09-23T13:35:00Z,1,1,Determined upon crew arrival,In Progres,OUTAGE,Single Customer,PON,NORMAL,42.67359,-83.66765
NW25092200375,2025-09-22T13:56:06Z,2025-09-22T19:50:57Z,17,2025-09-22T13:38:31Z,2025-09-22T22:10:00Z,1,1,Determined upon crew arrival,In Progres,PRIORITY,,PON,NORMAL,42.70839,-83.23203
NW25092200379,2025-09-22T13:56:06Z,2025-09-22T14:44:04Z,3,2025-09-22T13:23:10Z,2025-09-22T18:10:00Z,2,2,Determined upon crew arrival,New,OUTAGE,Service Transformer,PON,NORMAL,42.67626,-83.66528
NW25092200388,2025-09-22T13:56:06Z,2025-09-22T14:44:04Z,3,2025-09-22T13:44:00Z,2025-09-22T18:15:00Z,2,2,Determined upon crew arrival,PC3 Verifi,OUTAGE,Device (I),PON,NORMAL,42.67376,-83.66972
SE25092200362,2025-09-22T13:56:06Z,2025-09-22T15:52:08Z,7,2025-09-22T13:31:56Z,2025-09-23T13:30:00Z,1,1,Determined upon crew arrival,In Progres,OUTAGE,Single Customer,CAN,NORMAL,42.38177,-83.12836
SE25092200387,2025-09-22T13:56:06Z,2025-09-22T16:25:31Z,8,2025-09-22T13:37:07Z,2025-09-22T18:15:00Z,18,18,Equipment problem,In Progres,OUTAGE,Device (I),RFD,NORMAL,42.30884,-83.24468
SW25092200381,2025-09-22T13:56:06Z,2025-09-22T14:55:28Z,4,2025-09-22T13:40:00Z,2025-09-23T13:40:00Z,1,1,Determined upon crew arrival,In Progres,OUTAGE,Service Secondary,WWS,NORMAL,42.29383,-83.36642
NE25092200443,2025-09-22T14:22:17Z,2025-09-22T17:38:38Z,10,2025-09-22T13:43:51Z,2025-09-22T18:25:00Z,5,5,Determined upon crew arrival,In Progres,OUTAGE,Service Transformer,LAP,NORMAL,43.23105,-83.19494
NE25092200452,2025-09-22T14:22:17Z,2025-09-22T15:40:58Z,5,2025-09-22T13:56:13Z,2025-09-23T13:55:00Z,1,1,Determined upon crew arrival,In Progres,OUTAGE,Service Secondary,MAR,NORMAL,42.99281,-82.48869
NE25092200457,2025-09-22T14:22:17Z,2025-09-22T14:44:04Z,2,2025-09-22T13:57:15Z,2025-09-23T13:55:00Z,1,1,Determined upon crew arrival,In Progres,OUTAGE,Single Customer,NAE,NORMAL,43.42348,-82.82602
NE25092200529,2025-09-22T14:22:17Z,2025-09-22T14:22:17Z,1,2025-09-22T14:06:55Z,2025-09-23T14:05:00Z,1,1,Determined upon crew arrival,In Progres,OUTAGE,Single Customer,MTC,NORMAL,42.48873,-83.00951
NE25092200537,2025-09-22T14:22:17Z,2025-09-22T15:40:58Z,5,2025-09-22T14:04:58Z,2025-09-22T18:35:00Z,75,75,Animal/bird damaged DTE equip,In Progres,OUTAGE,Device (I),MTC,NORMAL,42.69242,-82.81481
NE25092200549,2025-09-22T14:22:17Z,2025-09-22T14:55:28Z,3,2025-09-22T14:06:35Z,2025-09-22T18:40:00Z,13,13,Determined upon crew arrival,In Progres,OUTAGE,Service Transformer,MTC,NORMAL,42.54982,-82.87236
NW25092200391,2025-09-22T14:22:17Z,2025-09-22T18:53:08Z,13,2025-09-22T13:47:09Z,2025-09-23T13:45:00Z,1,1,Equipment problem,In Progres,OUTAGE,Single Customer,PON,NORMAL,42.70579,-83.23135
NW25092200392,2025-09-22T14:22:17Z,2025-09-22T16:48:11Z,8,2025-09-22T13:47:17Z,2025-09-23T13:45:00Z,1,1,Determined upon crew arrival,In Progres,OUTAGE,Single Customer,SBY,NORMAL,42.76105,-83.18488
NW25092200409,2025-09-22T14:22:17Z,2025-09-22T14:55:28Z,3,2025-09-22T13:52:27Z,2025-09-23T13:55:00Z,1,1,Determined upon crew arrival,PC3 Verifi,OUTAGE,Single Customer,PON,NORMAL,42.58002,-83.36415
NW25092200553,2025-09-22T14:22:17Z,2025-09-22T14:55:28Z,3,2025-09-22T14:11:28Z,2025-09-23T14:10:00Z,1,1,Equipment problem,In Progres,OUTAGE,Single Customer,HWL,NORMAL,42.43619,-83.92593
SE25092200403,2025-09-22T14:22:17Z,2025-09-22T16:25:31Z,7,2025-09-22T13:46:54Z,2025-09-22T18:20:00Z,49,49,Determined upon crew arrival,Pending,OUTAGE,Service Transformer,RFD,NORMAL,42.43015,-83.28335
SE25092200456,2025-09-22T14:22:17Z,2025-09-22T23:51:24Z,28,2025-09-22T13:57:05Z,2025-09-23T13:55:00Z,1,1,Determined upon crew arrival,In Progres,OUTAGE,Single Customer,CAN,NORMAL,42.38026,-83.12072
SE25092200546,2025-09-22T14:22:17Z,2025-09-22T22:39:15Z,24,2025-09-22T14:10:01Z,2025-09-23T14:10:00Z,1,1,Equipment problem,Pending,OUTAGE,Single Customer,RFD,NORMAL,42.42357,-83.22774
SE25092200556,2025-09-22T14:22:17Z,2025-09-22T15:52:08Z,6,2025-09-22T14:12:47Z,2025-09-23T14:15:00Z,1,1,Determined upon crew arrival,In Progres,OUTAGE,Single Customer,CAN,NORMAL,42.40668,-83.13099
SE25092200558,2025-09-22T14:22:17Z,2025-09-22T19:38:22Z,15,2025-09-22T14:13:47Z,2025-09-23T14:15:00Z,1,1,Equipment problem,Pending,OUTAGE,Single Customer,RFD,NORMAL,42.42659,-83.1678
SW25092200395,2025-09-22T14:22:17Z,2025-09-22T14:22:17Z,1,2025-09-22T13:48:48Z,2025-09-22T18:20:00Z,56,56,Equipment problem,In Progres,OUTAGE,Device (II),ANN,NORMAL,42.30642,-83.7037
SW25092200405,2025-09-22T14:22:17Z,2025-09-22T14:44:04Z,2,2025-09-22T13:47:46Z,2025-09-22T18:20:00Z,184,184,Determined upon crew arrival,In Progres,OUTAGE,Device (II),ANN,NORMAL,42.31517,-83.69639
SW25092200423,2025-09-22T14:22:17Z,2025-09-22T14:55:28Z,3,2025-09-22T13:53:28Z,2025-09-22T18:25:00Z,202,202,Determined upon crew arrival,In Progres,OUTAGE,Device (II),ANN,NORMAL,42.31997,-83.69505
SW25092200424,2025-09-22T14:22:17Z,2025-09-22T14:22:17Z,1,2025-09-22T13:53:38Z,2025-09-23T13:55:00Z,1,1,Determined upon crew arrival,New,OUTAGE,Single Customer,ANN,NORMAL,42.30412,-83.69826
SW25092200465,2025-09-22T14:22:17Z,2025-09-22T19:15:37Z,14,2025-09-22T13:58:26Z,2025-09-22T22:30:00Z,1,1,Determined upon crew arrival,PC3 Verifi,PRIORITY,,ANN,NORMAL,42.25591,-83.67819
SW25092200473,2025-09-22T14:22:17Z,2025-09-22T15:52:08Z,6,2025-09-22T13:51:35Z,2025-09-22T18:30:00Z,2750,1623,Determined upon crew arrival,In Progres,OUTAGE,Device (II),ANN,NORMAL,42.25745,-83.67297
SW25092200482,2025-09-22T14:22:17Z,2025-09-22T14:44:04Z,2,2025-09-22T14:00:36Z,2025-09-22T18:30:00Z,25,25,Determined upon crew arrival,In Progres,OUTAGE,Device (I),ANN,NORMAL,42.3042,-83.70965
SW25092200483,2025-09-22T14:22:17Z,2025-09-22T15:52:08Z,6,2025-09-22T14:00:46Z,2025-09-22T18:30:00Z,1,1,Determined upon crew arrival,PC3 Verifi,PRIORITY,,ANN,NORMAL,42.30643,-83.70195
SW25092200498,2025-09-22T14:22:17Z,2025-09-22T20:20:52Z,17,2025-09-22T14:02:22Z,2025-09-22T22:30:00Z,1,1,Determined upon crew arrival,PC3 Verifi,PRIORITY,,ANN,NORMAL,42.30727,-83.71306
SW25092200531,2025-09-22T14:22:17Z,2025-09-22T14:44:04Z,2,2025-09-22T14:07:01Z,2025-09-22T18:35:00Z,2,2,Determined upon crew arrival,PC3 Verifi,OUTAGE,Service Secondary,ANN,NORMAL,42.26191,-83.66405
SW25092200532,2025-09-22T14:22:17Z,2025-09-22T17:38:38Z,10,2025-09-22T14:07:07Z,2025-09-23T14:05:00Z,1,1,Determined upon crew arrival,In Progres,SERVICE DOWN NO,,ANN,NORMAL,42.25049,-83.66551
SW25092200543,2025-09-22T14:22:17Z,2025-09-22T15:52:08Z,6,2025-09-22T14:08:48Z,2025-09-22T18:40:00Z,1,1,Determined upon crew arrival,PC3 Verifi,PRIORITY,,ANN,NORMAL,42.30143,-83.71468
SW25092200550,2025-09-22T14:22:17Z,2025-09-22T14:55:28Z,3,2025-09-22T14:09:02Z,2025-09-22T18:40:00Z,2,2,Determined upon crew arrival,PC3 Verifi,OUTAGE,Service Secondary,WWS,NORMAL,42.49814,-83.36334
NE25092200610,2025-09-22T14:44:04Z,2025-09-22T15:52:08Z,5,2025-09-22T14:23:59Z,2025-09-23T14:25:00Z,1,1,Determined upon crew arrival,In Progres,OUTAGE,Single Customer,MAR,NORMAL,42.90832,-82.62125
NE25092200623,2025-09-22T14:44:04Z,2025-09-22T15:52:08Z,5,2025-09-22T14:28:26Z,2025-09-23T14:30:00Z,1,1,Determined upon crew arrival,New,OUTAGE,Single Customer,LAP,NORMAL,42.83832,-83.27414
NE25092200624,2025-09-22T14:44:04Z,2025-09-22T14:44:04Z,1,2025-09-22T14:28:41Z,,1,1,Determined upon crew arrival,New,OUTAGE,Single Customer,LAP,NORMAL,42.82757,-83.26835
NE25092200625,2025-09-22T14:44:04Z,2025-09-22T15:40:58Z,4,2025-09-22T14:23:01Z,2025-09-22T19:00:00Z,6,6,Determined upon crew arrival,In Progres,OUTAGE,Device (I),LAP,NORMAL,42.81274,-83.25251
NE25092200628,2025-09-22T14:44:04Z,2025-09-22T15:52:08Z,5,2025-09-22T14:29:46Z,2025-09-22T19:00:00Z,1,1,Determined upon crew arrival,PC3 Verifi,PRIORITY,,LAP,NORMAL,42.80468,-83.24987
NW25092200562,2025-09-22T14:44:04Z,2025-09-22T16:25:31Z,6,2025-09-22T14:15:18Z,2025-09-23T14:15:00Z,1,1,Determined upon crew arrival,In Progres,OUTAGE,Single Customer,SBY,NORMAL,42.66232,-82.98563
NW25092200588,2025-09-22T14:44:04Z,2025-09-22T18:30:25Z,11,2025-09-22T13:29:37Z,2025-09-23T14:25:00Z,1,1,Equipment problem,In Progres,OUTAGE,Single Customer,PON,NORMAL,42.69964,-83.23221
SE25092200614,2025-09-22T14:44:04Z,2025-09-22T14:44:04Z,1,2025-09-22T14:10:17Z,2025-09-23T14:25:00Z,1,1,Determined upon crew arrival,New,OUTAGE,Single Customer,CAN,NORMAL,42.34888,-83.06971
SW25092200570,2025-09-22T14:44:04Z,2025-09-22T14:44:04Z,1,2025-09-22T14:18:44Z,2025-09-23T14:20:00Z,1,1,Determined upon crew arrival,PC3 Verifi,OUTAGE,Single Customer,ANN,NORMAL,42.25953,-83.66194
SW25092200573,2025-09-22T14:44:04Z,2025-09-22T14:55:28Z,2,2025-09-22T14:18:57Z,2025-09-22T18:50:00Z,1,1,Determined upon crew arrival,PC3 Verifi,PRIORITY,,ANN,NORMAL,42.2533,-83.66746
SW25092200581,2025-09-22T14:44:04Z,2025-09-22T14:55:28Z,2,2025-09-22T14:21:30Z,2025-09-22T18:50:00Z,1,1,Determined upon crew arrival,PC3 Verifi,PRIORITY,,ANN,NORMAL,42.24405,-83.66721
SW25092200617,2025-09-22T14:44:04Z,2025-09-22T14:44:04Z,1,2025-09-22T01:20:48Z,2025-09-23T14:25:00Z,1,1,Determined upon crew arrival,New,OUTAGE,Single Customer,WWS,NORMAL,42.43532,-83.46089
SW25092200619,2025-09-22T14:44:04Z,2025-09-22T15:52:08Z,5,2025-09-22T14:27:15Z,2025-09-22T18:55:00Z,4260,2078,Determined upon crew arrival,In Progres,OUTAGE,Subtransmission,NPT,NORMAL,41.91923,-83.54832
NE25092200629,2025-09-22T14:55:28Z,2025-09-22T15:52:08Z,4,2025-09-22T14:30:55Z,2025-09-22T19:00:00Z,5,5,Determined upon crew arrival,In Progres,OUTAGE,Service Transformer,MAR,NORMAL,42.97754,-82.4533
NE25092200674,2025-09-22T14:55:28Z,2025-09-22T15:52:08Z,4,2025-09-22T14:23:02Z,2025-09-22T19:10:00Z,193,193,Determined upon crew arrival,In Progres,OUTAGE,Device (II),LAP,NORMAL,42.80162,-83.25648
NE25092200675,2025-09-22T14:55:28Z,2025-09-22T15:21:30Z,2,2025-09-22T14:39:43Z,2025-09-23T14:40:00Z,1,1,Determined upon crew arrival,New,OUTAGE,Single Customer,LAP,NORMAL,42.80031,-83.24587
NE25092200676,2025-09-22T14:55:28Z,2025-09-22T15:21:30Z,2,2025-09-22T14:39:47Z,2025-09-22T19:10:00Z,2,2,Determined upon crew arrival,New,OUTAGE,Service Secondary,LAP,NORMAL,42.81743,-83.26155
NE25092200679,2025-09-22T14:55:28Z,2025-09-22T15:21:30Z,2,2025-09-22T14:40:38Z,2025-09-23T14:40:00Z,1,1,Determined upon crew arrival,New,OUTAGE,Single Customer,LAP,NORMAL,42.8135,-83.25349
NE25092200680,2025-09-22T14:55:28Z,2025-09-22T15:52:08Z,4,2025-09-22T14:40:54Z,2025-09-22T19:10:00Z,106,106,Determined upon crew arrival,In Progres,OUTAGE,Device (II),LAP,NORMAL,42.81231,-83.21918
NE25092200682,2025-09-22T14:55:28Z,2025-09-22T14:55:28Z,1,2025-09-22T14:41:02Z,2025-09-23T14:40:00Z,1,1,Determined upon crew arrival,New,OUTAGE,Single Customer,LAP,NORMAL,42.81489,-83.21665
NE25092200684,2025-09-22T14:55:28Z,2025-09-22T14:55:28Z,1,2025-09-22T14:41:07Z,2025-09-23T14:40:00Z,1,1,Determined upon crew arrival,New,OUTAGE,Single Customer,LAP,NORMAL,42.81601,-83.26656
NE25092200685,2025-09-22T14:55:28Z,2025-09-22T15:40:58Z,3,2025-09-22T14:41:16Z,2025-09-23T14:40:00Z,1,1,Determined upon crew arrival,New,OUTAGE,Single Customer,LAP,NORMAL,42.80721,-83.25416
NE25092200686,2025-09-22T14:55:28Z,2025-09-22T15:21:30Z,2,2025-09-22T14:41:23Z,2025-09-23T14:40:00Z,1,1,Determined upon crew arrival,New,OUTAGE,Single Customer,LAP,NORMAL,42.81906,-83.25858
NE25092200687,2025-09-22T14:55:28Z,2025-09-22T14:55:28Z,1,2025-09-22T14:41:27Z,2025-09-23T14:40:00Z,2,2,Determined upon crew arrival,New,OUTAGE,Service Secondary,LAP,NORMAL,42.80338,-83.25385
NE25092200688,2025-09-22T14:55:28Z,2025-09-22T15:21:30Z,2,2025-09-22T14:41:28Z,2025-09-23T14:40:00Z,1,1,Determined upon crew arrival,New,OUTAGE,Single Customer,LAP,NORMAL,42.81277,-83.25497
NE25092200689,2025-09-22T14:55:28Z,2025-09-22T15:40:58Z,3,2025-09-22T14:23:04Z,2025-09-22T19:10:00Z,3,3,Determined upon crew arrival,New,OUTAGE,Service Transformer,LAP,NORMAL,42.81901,-83.25723
NE25092200692,2025-09-22T14:55:28Z,2025-09-22T15:21:30Z,2,2025-09-22T14:23:02Z,2025-09-22T19:10:00Z,2,2,Determined upon crew arrival,New,OUTAGE,Service Secondary,LAP,NORMAL,42.80242,-83.25055
NE25092200693,2025-09-22T14:55:28Z,2025-09-22T14:55:28Z,1,2025-09-22T14:42:01Z,,1,1,Determined upon crew arrival,New,OUTAGE,Single Customer,LAP,NORMAL,42.81163,-83.22348
NE25092200695,2025-09-22T14:55:28Z,2025-09-22T15:52:08Z,4,2025-09-22T14:23:01Z,2025-09-22T19:10:00Z,36,36,Determined upon crew arrival,In Progres,OUTAGE,Device (I),LAP,NORMAL,42.81462,-83.25779
NE25092200697,2025-09-22T14:55:28Z,2025-09-22T15:21:30Z,2,2025-09-22T14:42:27Z,2025-09-23T14:45:00Z,1,1,Determined upon crew arrival,New,OUTAGE,Single Customer,LAP,NORMAL,42.81003,-83.25335
NE25092200700,2025-09-22T14:55:28Z,2025-09-22T15:40:58Z,3,2025-09-22T14:42:36Z,2025-09-23T14:45:00Z,1,1,Determined upon crew arrival,PC3 Verifi,OUTAGE,Single Customer,LAP,NORMAL,42.81745,-83.25954
NE25092200701,2025-09-22T14:55:28Z,2025-09-22T14:55:28Z,1,2025-09-22T14:43:06Z,,1,1,Determined upon crew arrival,New,OUTAGE,Single Customer,LAP,NORMAL,42.81264,-83.22669
NE25092200702,2025-09-22T14:55:28Z,2025-09-22T14:55:28Z,1,2025-09-22T14:43:08Z,,1,1,Determined upon crew arrival,New,OUTAGE,Single Customer,LAP,NORMAL,42.80858,-83.21998
NE25092200703,2025-09-22T14:55:28Z,2025-09-22T14:55:28Z,1,2025-09-22T14:43:34Z,,1,1,Determined upon crew arrival,New,OUTAGE,Single Customer,LAP,NORMAL,42.81609,-83.23508
NE25092200704,2025-09-22T14:55:28Z,2025-09-22T15:21:30Z,2,2025-09-22T14:43:39Z,2025-09-22T19:15:00Z,2,2,Determined upon crew arrival,New,OUTAGE,Service Secondary,LAP,NORMAL,42.80392,-83.25397
NE25092200705,2025-09-22T14:55:28Z,2025-09-22T16:25:31Z,5,2025-09-22T14:23:06Z,2025-09-22T19:15:00Z,15,15,Determined upon crew arrival,In Progres,OUTAGE,Service Transformer,LAP,NORMAL,42.82524,-83.26666
NE25092200707,2025-09-22T14:55:28Z,2025-09-22T14:55:28Z,1,2025-09-22T14:43:54Z,,1,1,Determined upon crew arrival,New,OUTAGE,Single Customer,LAP,NORMAL,42.81664,-83.22213
NE25092200708,2025-09-22T14:55:28Z,2025-09-22T14:55:28Z,1,2025-09-22T14:44:13Z,,1,1,Determined upon crew arrival,New,OUTAGE,Single Customer,LAP,NORMAL,42.81324,-83.21531
NE25092200709,2025-09-22T14:55:28Z,2025-09-22T14:55:28Z,1,2025-09-22T14:44:09Z,,1,1,Determined upon crew arrival,New,OUTAGE,Single Customer,LAP,NORMAL,42.81658,-83.26116
NE25092200710,2025-09-22T14:55:28Z,2025-09-22T14:55:28Z,1,2025-09-22T14:44:15Z,,1,1,Determined upon crew arrival,New,OUTAGE,Single Customer,LAP,NORMAL,42.81015,-83.22642
NW25092200633,2025-09-22T14:55:28Z,2025-09-22T15:21:30Z,2,2025-09-22T12:06:28Z,2025-09-22T16:45:00Z,142,142,Equipment problem,In Progres,OUTAGE,Device (II),PON,NORMAL,42.8377,-83.4848
NW25092200634,2025-09-22T14:55:28Z,2025-09-22T16:48:11Z,6,2025-09-22T12:06:24Z,2025-09-22T16:45:00Z,150,102,Equipment problem,In Progres,OUTAGE,Device (II),PON,NORMAL,42.83462,-83.47739
NW25092200667,2025-09-22T14:55:28Z,2025-09-22T19:50:57Z,14,2025-09-22T14:38:29Z,2025-09-23T14:40:00Z,1,1,Determined upon crew arrival,In Progres,OUTAGE,Single Customer,PON,NORMAL,42.64946,-83.29146
SE25092200648,2025-09-22T14:55:28Z,2025-09-22T16:48:11Z,6,2025-09-22T14:19:22Z,2025-09-23T14:35:00Z,1,1,Determined upon crew arrival,In Progres,OUTAGE,Single Customer,CAN,NORMAL,42.31939,-83.10657
SE25092200654,2025-09-22T14:55:28Z,2025-09-22T15:21:30Z,2,2025-09-22T14:36:03Z,2025-09-23T14:35:00Z,1,1,Determined upon crew arrival,In Progres,OUTAGE,Single Customer,CAN,NORMAL,42.4382,-83.0073
SW25092200657,2025-09-22T14:55:28Z,2025-09-22T15:52:08Z,4,2025-09-22T14:29:50Z,2025-09-22T19:05:00Z,563,563,Determined upon crew arrival,In Progres,OUTAGE,Device (II),WWS,NORMAL,42.45116,-83.48466
SW25092200659,2025-09-22T14:55:28Z,2025-09-22T16:48:11Z,6,2025-09-22T14:33:48Z,2025-09-22T19:05:00Z,63,63,Determined upon crew arrival,Pending,OUTAGE,Device (I),WWS,NORMAL,42.52292,-83.49556
SW25092200673,2025-09-22T14:55:28Z,2025-09-22T17:16:01Z,7,2025-09-22T14:39:20Z,2025-09-22T19:10:00Z,1,1,Determined upon crew arrival,PC3 Verifi,PRIORITY,,NPT,NORMAL,41.90611,-83.56589
SW25092200683,2025-09-22T14:55:28Z,2025-09-22T19:50:57Z,14,2025-09-22T14:39:59Z,2025-09-22T23:10:00Z,128,1,Determined upon crew arrival,In Progres,OUTAGE,Device (I),WWS,NORMAL,42.29153,-83.50344
SW25092200699,2025-09-22T14:55:28Z,2025-09-22T16:25:31Z,5,2025-09-22T14:42:31Z,2025-09-23T14:45:00Z,1,1,Determined upon crew arrival,In Progres,OUTAGE,Single Customer,ANN,NORMAL,42.29019,-83.74666
SW25092200711,2025-09-22T14:55:28Z,2025-09-22T19:38:22Z,13,2025-09-22T14:36:20Z,2025-09-23T14:45:00Z,1,1,Determined upon crew arrival,In Progres,OUTAGE,Single Customer,WWS,NORMAL,42.51163,-83.46377
NE25092200716,2025-09-22T15:21:30Z,2025-09-22T15:40:58Z,2,2025-09-22T14:46:06Z,2025-09-22T19:15:00Z,2,2,Determined upon crew arrival,In Progres,OUTAGE,Service Transformer,MAR,NORMAL,42.99392,-82.48946
NE25092200717,2025-09-22T15:21:30Z,2025-09-22T15:21:30Z,1,2025-09-22T14:23:02Z,2025-09-23T14:45:00Z,1,1,Determined upon crew arrival,New,OUTAGE,Single Customer,LAP,NORMAL,42.79973,-83.24283
NE25092200719,2025-09-22T15:21:30Z,2025-09-22T15:40:58Z,2,2025-09-22T14:34:22Z,2025-09-23T14:45:00Z,1,1,Determined upon crew arrival,New,OUTAGE,Single Customer,LAP,NORMAL,42.81925,-83.25912
NE25092200726,2025-09-22T15:21:30Z,2025-09-22T15:40:58Z,2,2025-09-22T14:49:03Z,2025-09-23T14:50:00Z,1,1,Determined upon crew arrival,New,OUTAGE,Single Customer,LAP,NORMAL,42.80873,-83.25927
NE25092200735,2025-09-22T15:21:30Z,2025-09-22T15:40:58Z,2,2025-09-22T14:51:07Z,2025-09-23T14:50:00Z,1,1,Determined upon crew arrival,New,OUTAGE,Single Customer,LAP,NORMAL,42.8061,-83.24963
NE25092200738,2025-09-22T15:21:30Z,2025-09-22T15:21:30Z,1,2025-09-22T14:53:05Z,2025-09-23T14:55:00Z,1,1,Determined upon crew arrival,New,OUTAGE,Single Customer,LAP,NORMAL,42.7993,-83.24637
NE25092200741,2025-09-22T15:21:30Z,2025-09-22T15:21:30Z,1,2025-09-22T14:23:05Z,2025-09-23T14:55:00Z,1,1,Determined upon crew arrival,New,OUTAGE,Single Customer,LAP,NORMAL,42.81661,-83.25828
NE25092200750,2025-09-22T15:21:30Z,2025-09-22T15:21:30Z,1,2025-09-22T14:57:14Z,2025-09-23T14:55:00Z,1,1,Determined upon crew arrival,New,OUTAGE,Single Customer,LAP,NORMAL,42.80966,-83.25016
NE25092200765,2025-09-22T15:21:30Z,2025-09-22T15:40:58Z,2,2025-09-22T15:01:04Z,2025-09-23T15:00:00Z,1,1,Determined upon crew arrival,New,OUTAGE,Single Customer,LAP,NORMAL,42.80607,-83.2509
NE25092200767,2025-09-22T15:21:30Z,2025-09-22T15:21:30Z,1,2025-09-22T15:02:38Z,2025-09-23T15:05:00Z,1,1,Determined upon crew arrival,New,OUTAGE,Single Customer,LAP,NORMAL,42.80405,-83.25214
NE25092200768,2025-09-22T15:21:30Z,2025-09-22T15:21:30Z,1,2025-09-22T14:23:01Z,2025-09-23T15:05:00Z,1,1,Determined upon crew arrival,New,OUTAGE,Single Customer,LAP,NORMAL,42.81141,-83.25376
NE25092200772,2025-09-22T15:21:30Z,2025-09-22T15:40:58Z,2,2025-09-22T15:03:29Z,2025-09-23T15:05:00Z,1,1,Determined upon crew arrival,New,OUTAGE,Single Customer,LAP,NORMAL,42.81012,-83.25066
NE25092200778,2025-09-22T15:21:30Z,2025-09-22T15:21:30Z,1,2025-09-22T14:23:01Z,2025-09-23T15:05:00Z,1,1,Determined upon crew arrival,New,OUTAGE,Single Customer,LAP,NORMAL,42.80727,-83.25296
NE25092200779,2025-09-22T15:21:30Z,2025-09-22T15:21:30Z,1,2025-09-22T15:05:05Z,2025-09-23T15:05:00Z,1,1,Determined upon crew arrival,New,OUTAGE,Single Customer,LAP,NORMAL,42.81612,-83.2558
NE25092200808,2025-09-22T15:21:30Z,2025-09-22T16:25:31Z,4,2025-09-22T15:13:52Z,2025-09-23T15:15:00Z,1,1,Determined upon crew arrival,In Progres,OUTAGE,Single Customer,MAR,NORMAL,43.0278,-82.93224
NW25092200720,2025-09-22T15:21:30Z,2025-09-22T16:25:31Z,4,2025-09-22T14:45:19Z,2025-09-22T19:15:00Z,9,9,Equipment problem,In Progres,OUTAGE,Service Transformer,PON,NORMAL,42.5839,-83.41308
NW25092200740,2025-09-22T15:21:30Z,2025-09-22T16:48:11Z,5,2025-09-22T14:52:03Z,2025-09-22T19:25:00Z,20,20,Determined upon crew arrival,In Progres,OUTAGE,Service Transformer,SBY,NORMAL,42.67398,-83.05562
NW25092200749,2025-09-22T15:21:30Z,2025-09-22T16:48:11Z,5,2025-09-22T14:52:06Z,2025-09-22T19:25:00Z,8,8,Determined upon crew arrival,In Progres,OUTAGE,Service Transformer,SBY,NORMAL,42.67398,-83.05764
NW25092200760,2025-09-22T15:21:30Z,2025-09-22T15:21:30Z,1,2025-09-22T12:06:45Z,2025-09-22T16:45:00Z,16,16,Determined upon crew arrival,In Progres,OUTAGE,Device (II),PON,NORMAL,42.84092,-83.4909
NW25092200761,2025-09-22T15:21:30Z,2025-09-22T17:38:38Z,7,2025-09-22T12:06:28Z,2025-09-22T20:45:00Z,57,57,Equipment problem,In Progres,OUTAGE,Device (II),PON,NORMAL,42.83349,-83.47501
SE25092200754,2025-09-22T15:21:30Z,2025-09-23T03:46:40Z,29,2025-09-22T14:57:34Z,2025-09-23T15:00:00Z,1,1,Equipment problem,In Progres,OUTAGE,Single Customer,RFD,NORMAL,42.35026,-83.28093
SE25092200771,2025-09-22T15:21:30Z,2025-09-22T17:38:38Z,7,2025-09-22T15:02:27Z,2025-09-22T19:35:00Z,27,27,Public Interference w/DTE equip,In Progres,OUTAGE,Device (II),RFD,NORMAL,42.44636,-83.28322
SW25092200732,2025-09-22T15:21:30Z,2025-09-22T19:15:37Z,11,2025-09-22T14:50:02Z,2025-09-22T19:20:00Z,1,1,Determined upon crew arrival,In Progres,PRIORITY,,NPT,NORMAL,41.9188,-83.43772
SW25092200792,2025-09-22T15:21:30Z,2025-09-22T18:30:25Z,9,2025-09-22T14:07:21Z,2025-09-22T19:40:00Z,202,202,Determined upon crew arrival,In Progres,OUTAGE,Device (II),ANN,NORMAL,42.3189,-83.69386
SW25092200794,2025-09-22T15:21:30Z,2025-09-22T15:21:30Z,1,2025-09-22T15:08:59Z,2025-09-23T15:10:00Z,1,1,Determined upon crew arrival,In Progres,OUTAGE,Single Customer,ANN,NORMAL,42.31847,-83.69496
NE25092200822,2025-09-22T15:40:58Z,2025-09-22T15:52:08Z,2,2025-09-22T15:18:13Z,2025-09-23T15:20:00Z,1,1,Determined upon crew arrival,In Progres,OUTAGE,Single Customer,LAP,NORMAL,43.18539,-83.29879
NE25092200837,2025-09-22T15:40:58Z,2025-09-22T16:48:11Z,4,2025-09-22T15:22:10Z,2025-09-23T15:20:00Z,1,1,Determined upon crew arrival,In Progres,OUTAGE,Single Customer,LAP,NORMAL,43.18916,-83.30608
NW25092200827,2025-09-22T15:40:58Z,2025-09-22T20:51:58Z,15,2025-09-22T15:16:03Z,2025-09-22T20:45:00Z,2,2,Equipment problem,In Progres,OUTAGE,Device (II),PON,NORMAL,42.83063,-83.48385
NW25092200833,2025-09-22T15:40:58Z,2025-09-22T17:16:01Z,5,2025-09-22T15:21:00Z,2025-09-23T15:20:00Z,1,1,Determined upon crew arrival,In Progres,OUTAGE,Single Customer,HWL,NORMAL,42.58603,-83.77278
NW25092200834,2025-09-22T15:40:58Z,2025-09-22T16:25:31Z,3,2025-09-22T15:15:09Z,2025-09-22T19:50:00Z,8,8,Determined upon crew arrival,In Progres,OUTAGE,Service Transformer,HWL,NORMAL,42.48023,-83.80294
SE25092200819,2025-09-22T15:40:58Z,2025-09-23T01:25:09Z,25,2025-09-22T15:17:34Z,2025-09-23T15:20:00Z,1,1,Equipment problem,In Progres,OUTAGE,Single Customer,RFD,NORMAL,42.45031,-83.14566
SE25092200820,2025-09-22T15:40:58Z,2025-09-22T23:37:17Z,23,2025-09-22T15:18:02Z,2025-09-23T15:20:00Z,1,1,Determined upon crew arrival,In Progres,OUTAGE,Single Customer,RFD,NORMAL,42.40354,-83.2411
SE25092200823,2025-09-22T15:40:58Z,2025-09-24T01:25:36Z,78,2025-09-22T15:03:29Z,2025-09-24T03:20:00Z,1,1,Public Interference w/DTE equip,Pending,SERVICE DOWN NO,,RFD,NORMAL,42.44647,-83.28286
SE25092200824,2025-09-22T15:40:58Z,2025-09-23T10:20:34Z,43,2025-09-22T15:18:31Z,2025-09-23T11:50:00Z,1,1,Determined upon crew arrival,In Progres,PRIORITY,,RFD,NORMAL,42.45002,-83.27956
SE25092200842,2025-09-22T15:40:58Z,2025-09-23T15:20:23Z,54,2025-09-22T15:24:00Z,2025-09-23T15:25:00Z,1,1,Determined upon crew arrival,In Progres,SERVICE DOWN NO,,CAN,NORMAL,42.36922,-83.02929
SE25092200843,2025-09-22T15:40:58Z,2025-09-22T18:53:08Z,9,2025-09-22T15:10:12Z,2025-09-22T19:55:00Z,75,1,Determined upon crew arrival,Pending,OUTAGE,Service Transformer,RFD,NORMAL,42.42617,-83.27823
SE25092200851,2025-09-22T15:40:58Z,2025-09-22T17:16:01Z,5,2025-09-22T15:26:07Z,2025-09-23T15:30:00Z,1,1,Determined upon crew arrival,In Progres,OUTAGE,Single Customer,CAN,NORMAL,42.38765,-82.91472
SW25092200821,2025-09-22T15:40:58Z,2025-09-23T03:46:40Z,28,2025-09-22T15:18:06Z,2025-09-23T15:20:00Z,1,1,Determined upon crew arrival,In Progres,OUTAGE,Single Customer,WWS,NORMAL,42.26561,-83.30341
SW25092200828,2025-09-22T15:40:58Z,2025-09-22T22:17:43Z,19,2025-09-22T15:19:09Z,2025-09-23T15:20:00Z,1,1,Determined upon crew arrival,In Progres,OUTAGE,Single Customer,WWS,NORMAL,42.29956,-83.3135
SW25092200835,2025-09-22T15:40:58Z,2025-09-22T16:25:31Z,3,2025-09-22T15:22:03Z,2025-09-23T15:20:00Z,1,1,Determined upon crew arrival,In Progres,OUTAGE,Single Customer,WWS,NORMAL,42.28564,-83.50204
NE25092200863,2025-09-22T15:52:08Z,2025-09-22T15:52:08Z,1,2025-09-22T15:40:48Z,2025-09-23T15:40:00Z,1,1,Determined upon crew arrival,New,OUTAGE,Single Customer,LAP,NORMAL,42.80725,-83.20667
NE25092200871,2025-09-22T15:52:08Z,2025-09-22T16:48:11Z,3,2025-09-22T15:43:02Z,2025-09-22T20:15:00Z,59,59,Determined upon crew arrival,In Progres,OUTAGE,Device (I),MTC,NORMAL,42.46837,-83.01644
SE25092200866,2025-09-22T15:52:08Z,2025-09-22T18:53:08Z,8,2025-09-22T15:42:44Z,2025-09-22T20:15:00Z,31,31,Equipment problem,Pending,OUTAGE,Service Transformer,CAN,NORMAL,42.39295,-83.13127
SE25092200869,2025-09-22T15:52:08Z,2025-09-22T23:51:24Z,23,2025-09-22T15:44:04Z,2025-09-23T15:45:00Z,1,1,Determined upon crew arrival,In Progres,OUTAGE,Single Customer,RFD,NORMAL,42.52136,-83.18192
SW25092200868,2025-09-22T15:52:08Z,2025-09-22T15:52:08Z,1,2025-09-22T15:43:42Z,,1,1,Determined upon crew arrival,New,OUTAGE,Single Customer,ANN,NORMAL,42.26011,-83.67704
NE25092200903,2025-09-22T16:25:31Z,2025-09-22T16:25:31Z,1,2025-09-22T15:57:46Z,2025-09-23T16:05:00Z,1,1,Determined upon crew arrival,PC3 Verifi,OUTAGE,Single Customer,MAR,NORMAL,42.99295,-82.45431
NE25092200906,2025-09-22T16:25:31Z,2025-09-22T16:25:31Z,1,2025-09-22T16:03:59Z,2025-09-23T16:05:00Z,1,1,Determined upon crew arrival,New,OUTAGE,Single Customer,MAR,NORMAL,42.9911,-82.44904
NE25092200911,2025-09-22T16:25:31Z,2025-09-22T19:15:37Z,8,2025-09-22T15:57:46Z,2025-09-22T20:35:00Z,10,4,Equipment problem,In Progres,OUTAGE,Device (II),MAR,NORMAL,42.98936,-82.44846
NE25092200922,2025-09-22T16:25:31Z,2025-09-22T16:25:31Z,1,2025-09-22T15:55:36Z,2025-09-23T16:10:00Z,1,1,Determined upon crew arrival,New,OUTAGE,Single Customer,MTC,NORMAL,42.70438,-82.76324
NW25092200890,2025-09-22T16:25:31Z,2025-09-22T18:30:25Z,6,2025-09-22T15:54:03Z,2025-09-22T20:25:00Z,2,2,Equipment problem,In Progres,OUTAGE,Service Transformer,PON,NORMAL,42.70244,-83.2324
NW25092200891,2025-09-22T16:25:31Z,2025-09-22T16:48:11Z,2,2025-09-22T15:57:08Z,2025-09-23T15:55:00Z,1,1,Determined upon crew arrival,In Progres,OUTAGE,Single Customer,HWL,NORMAL,42.63872,-83.85565
NW25092200927,2025-09-22T16:25:31Z,2025-09-22T22:51:31Z,19,2025-09-22T16:10:49Z,2025-09-23T00:40:00Z,46,46,Equipment problem,In Progres,OUTAGE,Device (I),PON,NORMAL,42.61942,-83.11371
NW25092200928,2025-09-22T16:25:31Z,2025-09-22T17:51:36Z,5,2025-09-22T16:10:49Z,2025-09-22T20:40:00Z,54,54,Equipment problem,In Progres,OUTAGE,Device (I),PON,NORMAL,42.62271,-83.11287
NW25092200930,2025-09-22T16:25:31Z,2025-09-22T16:25:31Z,1,2025-09-22T16:12:43Z,,1,1,Determined upon crew arrival,New,OUTAGE,Single Customer,PON,NORMAL,42.62335,-83.11358
NW25092200935,2025-09-22T16:25:31Z,2025-09-22T17:16:01Z,3,2025-09-22T16:13:36Z,2025-09-23T16:15:00Z,1,1,Determined upon crew arrival,In Progres,OUTAGE,Single Customer,PON,NORMAL,42.68325,-83.32529
SE25092200874,2025-09-22T16:25:31Z,2025-09-23T01:25:09Z,23,2025-09-22T15:47:12Z,2025-09-23T15:45:00Z,1,1,Determined upon crew arrival,In Progres,OUTAGE,Single Customer,RFD,NORMAL,42.39907,-83.29144
SE25092200888,2025-09-22T16:25:31Z,2025-09-22T16:48:11Z,2,2025-09-22T15:52:55Z,2025-09-23T15:55:00Z,1,1,Determined upon crew arrival,New,OUTAGE,Single Customer,CAN,NORMAL,42.39205,-83.13126
SE25092200894,2025-09-22T16:25:31Z,2025-09-23T03:46:40Z,26,2025-09-22T15:59:36Z,2025-09-23T16:00:00Z,1,1,Determined upon crew arrival,In Progres,OUTAGE,Single Customer,RFD,NORMAL,42.37766,-83.20905
SE25092200920,2025-09-22T16:25:31Z,2025-09-22T17:51:36Z,5,2025-09-22T16:09:19Z,2025-09-23T16:10:00Z,1,1,Determined upon crew arrival,In Progres,OUTAGE,Service Secondary,RFD,NORMAL,42.40691,-83.2392
SW25092200879,2025-09-22T16:25:31Z,2025-09-22T16:25:31Z,1,2025-09-22T15:49:49Z,2025-09-23T15:50:00Z,1,1,Determined upon crew arrival,PC3 Verifi,OUTAGE,Single Customer,NPT,NORMAL,41.92589,-83.61335
SW25092200892,2025-09-22T16:25:31Z,2025-09-22T19:50:57Z,10,2025-09-22T15:48:27Z,2025-09-23T16:00:00Z,1,1,Determined upon crew arrival,In Progres,OUTAGE,Single Customer,WWS,NORMAL,42.3309,-83.35834
SW25092200902,2025-09-22T16:25:31Z,2025-09-22T17:16:01Z,3,2025-09-22T14:03:19Z,2025-09-22T20:35:00Z,54,54,Determined upon crew arrival,In Progres,OUTAGE,Device (II),ANN,NORMAL,42.24193,-83.6629
SW25092200907,2025-09-22T16:25:31Z,2025-09-22T17:16:01Z,3,2025-09-22T14:26:04Z,2025-09-23T16:05:00Z,1,1,Determined upon crew arrival,PC3 Verifi,OUTAGE,Single Customer,ANN,NORMAL,42.24616,-83.66145
SW25092200908,2025-09-22T16:25:31Z,2025-09-22T16:25:31Z,1,2025-09-22T16:04:44Z,2025-09-23T16:05:00Z,1,1,Determined upon crew arrival,New,OUTAGE,Single Customer,ANN,NORMAL,42.25616,-83.66405
SW25092200910,2025-09-22T16:25:31Z,2025-09-22T17:38:38Z,4,2025-09-22T16:05:55Z,2025-09-22T20:35:00Z,90,90,Determined upon crew arrival,In Progres,OUTAGE,Device (I),ANN,NORMAL,42.25666,-83.67629
SW25092200912,2025-09-22T16:25:31Z,2025-09-22T17:16:01Z,3,2025-09-22T16:06:09Z,2025-09-23T16:05:00Z,1,1,Determined upon crew arrival,New,OUTAGE,Single Customer,ANN,NORMAL,42.24971,-83.66137
SW25092200913,2025-09-22T16:25:31Z,2025-09-22T16:48:11Z,2,2025-09-22T13:57:31Z,2025-09-23T16:05:00Z,1,1,Determined upon crew arrival,New,OUTAGE,Single Customer,ANN,NORMAL,42.25179,-83.66555
SW25092200917,2025-09-22T16:25:31Z,2025-09-23T02:43:33Z,24,2025-09-22T16:08:35Z,2025-09-23T16:10:00Z,1,1,Determined upon crew arrival,In Progres,OUTAGE,Single Customer,WWS,NORMAL,42.33408,-83.34438
SW25092200919,2025-09-22T16:25:31Z,2025-09-22T16:48:11Z,2,2025-09-22T16:09:03Z,2025-09-23T16:10:00Z,1,1,Determined upon crew arrival,New,OUTAGE,Single Customer,NPT,NORMAL,41.90112,-83.59732
SW25092200921,2025-09-22T16:25:31Z,2025-09-22T17:16:01Z,3,2025-09-22T15:20:52Z,2025-09-22T20:40:00Z,38,38,Determined upon crew arrival,In Progres,OUTAGE,Device (I),ANN,NORMAL,42.24693,-83.65836
SW25092200931,2025-09-22T16:25:31Z,2025-09-22T19:15:37Z,8,2025-09-22T16:08:31Z,2025-09-23T16:15:00Z,1,1,Determined upon crew arrival,In Progres,OUTAGE,Single Customer,ANN,NORMAL,42.36847,-83.85094
SW25092200932,2025-09-22T16:25:31Z,2025-09-22T17:16:01Z,3,2025-09-22T14:40:16Z,2025-09-23T16:15:00Z,1,1,Determined upon crew arrival,New,OUTAGE,Single Customer,ANN,NORMAL,42.25018,-83.66343
SW25092200934,2025-09-22T16:25:31Z,2025-09-22T23:17:19Z,20,2025-09-22T16:10:48Z,2025-09-23T16:15:00Z,1,1,Determined upon crew arrival,In Progres,OUTAGE,Single Customer,ANN,NORMAL,42.27161,-83.57191
SW25092200938,2025-09-22T16:25:31Z,2025-09-22T16:48:11Z,2,2025-09-22T16:14:52Z,2025-09-22T20:45:00Z,2,2,Determined upon crew arrival,New,OUTAGE,Service Secondary,ANN,NORMAL,42.24261,-83.66137
NE25092200964,2025-09-22T16:48:11Z,2025-09-22T18:53:08Z,6,2025-09-22T16:23:08Z,2025-09-23T16:25:00Z,1,1,Determined upon crew arrival,In Progres,OUTAGE,Single Customer,MTC,NORMAL,42.45762,-82.91089
NW25092200971,2025-09-22T16:48:11Z,2025-09-22T16:48:11Z,1,2025-09-22T16:10:53Z,,1,1,Determined upon crew arrival,New,OUTAGE,Single Customer,PON,NORMAL,42.67681,-83.36151
NW25092200973,2025-09-22T16:48:11Z,2025-09-22T22:17:43Z,16,2025-09-22T16:28:02Z,2025-09-23T16:30:00Z,1,1,Equipment problem,In Progres,OUTAGE,Single Customer,PON,NORMAL,42.63879,-83.6198
SE25092200952,2025-09-22T16:48:11Z,2025-09-22T23:51:24Z,21,2025-09-22T13:43:38Z,2025-09-23T16:20:00Z,1,1,Determined upon crew arrival,In Progres,OUTAGE,Single Customer,RFD,NORMAL,42.40126,-83.28397
SW25092200941,2025-09-22T16:48:11Z,2025-09-22T17:16:01Z,2,2025-09-22T13:56:18Z,2025-09-22T20:45:00Z,3,3,Determined upon crew arrival,New,OUTAGE,Service Transformer,ANN,NORMAL,42.25139,-83.66874
SW25092200947,2025-09-22T16:48:11Z,2025-09-22T16:48:11Z,1,2025-09-22T16:16:49Z,2025-09-23T16:15:00Z,1,1,Determined upon crew arrival,New,OUTAGE,Single Customer,NPT,NORMAL,41.88053,-83.58963
SW25092200949,2025-09-22T16:48:11Z,2025-09-22T17:16:01Z,2,2025-09-22T16:04:44Z,2025-09-22T20:50:00Z,682,682,Determined upon crew arrival,In Progres,OUTAGE,Device (II),ANN,NORMAL,42.25722,-83.66327
SW25092200951,2025-09-22T16:48:11Z,2025-09-22T16:48:11Z,1,2025-09-22T16:18:23Z,2025-09-23T16:20:00Z,1,1,Determined upon crew arrival,New,OUTAGE,Single Customer,ANN,NORMAL,42.25859,-83.67352
SW25092200953,2025-09-22T16:48:11Z,2025-09-22T17:16:01Z,2,2025-09-22T14:55:16Z,2025-09-23T16:20:00Z,1,1,Determined upon crew arrival,PC3 Verifi,OUTAGE,Single Customer,ANN,NORMAL,42.25237,-83.6682
SW25092200954,2025-09-22T16:48:11Z,2025-09-22T17:16:01Z,2,2025-09-22T16:19:04Z,2025-09-23T16:20:00Z,1,1,Determined upon crew arrival,PC3 Verifi,OUTAGE,Single Customer,ANN,NORMAL,42.24868,-83.66565
SW25092200957,2025-09-22T16:48:11Z,2025-09-22T17:16:01Z,2,2025-09-22T15:01:01Z,2025-09-22T20:50:00Z,34,34,Determined upon crew arrival,In Progres,OUTAGE,Device (I),ANN,NORMAL,42.25378,-83.66557
SW25092200962,2025-09-22T16:48:11Z,2025-09-22T17:51:36Z,4,2025-09-21T21:33:55Z,2025-09-22T20:50:00Z,2,2,Determined upon crew arrival,In Progres,OUTAGE,Service Secondary,WWS,NORMAL,42.30951,-83.33289
SW25092200968,2025-09-22T16:48:11Z,2025-09-22T17:16:01Z,2,2025-09-22T13:55:48Z,2025-09-22T20:55:00Z,2,2,Determined upon crew arrival,New,OUTAGE,Service Transformer,ANN,NORMAL,42.25096,-83.66706
SW25092200976,2025-09-22T16:48:11Z,2025-09-22T16:48:11Z,1,2025-09-22T16:30:01Z,,1,1,Determined upon crew arrival,New,OUTAGE,Single Customer,ANN,NORMAL,42.25638,-83.66654
NE25092201025,2025-09-22T17:16:01Z,2025-09-22T21:16:48Z,12,2025-09-22T16:52:48Z,2025-09-23T16:55:00Z,1,1,Determined upon crew arrival,In Progres,OUTAGE,Single Customer,LAP,NORMAL,43.11266,-83.11158
NE25092201046,2025-09-22T17:16:01Z,2025-09-22T20:51:58Z,11,2025-09-22T16:58:14Z,2025-09-23T17:00:00Z,1,1,Determined upon crew arrival,In Progres,OUTAGE,Single Customer,MTC,NORMAL,42.68853,-82.87057
NW25092201005,2025-09-22T17:16:01Z,2025-09-22T17:51:36Z,3,2025-09-22T16:41:56Z,2025-09-23T16:40:00Z,1,1,Equipment problem,In Progres,OUTAGE,Single Customer,HWL,NORMAL,42.53446,-83.82314
NW25092201022,2025-09-22T17:16:01Z,2025-09-22T19:50:57Z,8,2025-09-22T16:49:47Z,2025-09-22T21:20:00Z,7,7,Equipment problem,In Progres,OUTAGE,Device (II),HWL,NORMAL,42.4362,-83.9756
NW25092201043,2025-09-22T17:16:01Z,2025-09-22T23:37:17Z,19,2025-09-22T16:57:37Z,2025-09-23T01:30:00Z,365,365,Determined upon crew arrival,In Progres,OUTAGE,Device (II),PON,NORMAL,42.75122,-83.34176
SE25092200995,2025-09-22T17:16:01Z,2025-09-22T23:17:19Z,18,2025-09-22T16:37:28Z,2025-09-23T16:40:00Z,1,1,Equipment problem,In Progres,OUTAGE,Single Customer,RFD,NORMAL,42.27446,-83.12834
SE25092201019,2025-09-22T17:16:01Z,2025-09-22T17:16:01Z,1,2025-09-22T16:49:19Z,2025-09-23T16:50:00Z,1,1,Determined upon crew arrival,In Progres,OUTAGE,Single Customer,CAN,NORMAL,42.44014,-83.02591
SE25092201026,2025-09-22T17:16:01Z,2025-09-22T18:30:25Z,4,2025-09-22T16:49:43Z,2025-09-22T21:25:00Z,21,21,Equipment problem,In Progres,OUTAGE,Service Transformer,CAN,NORMAL,42.40985,-82.98743
SE25092201044,2025-09-22T17:16:01Z,2025-09-23T09:21:10Z,36,2025-09-22T16:57:39Z,2025-09-23T17:00:00Z,1,1,Meter Issue,In Progres,OUTAGE,Single Customer,RFD,NORMAL,42.41292,-83.15947
SE25092201048,2025-09-22T17:16:01Z,2025-09-22T21:16:48Z,12,2025-09-22T16:52:43Z,2025-09-22T21:30:00Z,2,2,Determined upon crew arrival,In Progres,OUTAGE,Service Secondary,RFD,NORMAL,42.23518,-83.17862
SW25092200982,2025-09-22T17:16:01Z,2025-09-22T17:16:01Z,1,2025-09-22T14:08:53Z,2025-09-23T16:30:00Z,1,1,Determined upon crew arrival,PC3 Verifi,OUTAGE,Single Customer,ANN,NORMAL,42.24603,-83.66229
SW25092200984,2025-09-22T17:16:01Z,2025-09-22T18:30:25Z,4,2025-09-21T21:33:55Z,2025-09-23T16:35:00Z,1,1,Determined upon crew arrival,In Progres,OUTAGE,Single Customer,WWS,NORMAL,42.30966,-83.3317
SW25092200997,2025-09-22T17:16:01Z,2025-09-22T17:16:01Z,1,2025-09-22T16:38:30Z,2025-09-23T16:40:00Z,1,1,Determined upon crew arrival,New,OUTAGE,Single Customer,WWS,NORMAL,42.29021,-83.50195
SW25092201000,2025-09-22T17:16:01Z,2025-09-22T19:50:57Z,8,2025-09-22T16:39:36Z,2025-09-23T16:40:00Z,1,1,Determined upon crew arrival,In Progres,OUTAGE,Single Customer,WWS,NORMAL,42.27565,-83.32424
SW25092201009,2025-09-22T17:16:01Z,2025-09-22T17:16:01Z,1,2025-09-22T15:20:50Z,2025-09-23T16:45:00Z,1,1,Determined upon crew arrival,New,OUTAGE,Single Customer,ANN,NORMAL,42.24902,-83.65885
SW25092201013,2025-09-22T17:16:01Z,2025-09-22T17:51:36Z,3,2025-09-22T15:22:03Z,2025-09-23T16:45:00Z,1,1,Determined upon crew arrival,PC3 Verifi,OUTAGE,Single Customer,WWS,NORMAL,42.28564,-83.50204
SW25092201028,2025-09-22T17:16:01Z,2025-09-22T17:16:01Z,1,2025-09-22T16:53:15Z,2025-09-23T16:55:00Z,1,1,Determined upon crew arrival,New,OUTAGE,Single Customer,ANN,NORMAL,42.2454,-83.66348
SW25092201029,2025-09-22T17:16:01Z,2025-09-22T17:16:01Z,1,2025-09-22T16:43:58Z,2025-09-22T21:25:00Z,1548,1548,Determined upon crew arrival,In Progres,OUTAGE,Circuit Level,WWS,NORMAL,42.35014,-83.31741
SW25092201031,2025-09-22T17:16:01Z,2025-09-22T17:16:01Z,1,2025-09-22T16:55:04Z,2025-09-23T16:55:00Z,1,1,Determined upon crew arrival,New,OUTAGE,Single Customer,WWS,NORMAL,42.29633,-83.50776
SW25092201050,2025-09-22T17:16:01Z,2025-09-22T18:53:08Z,5,2025-09-22T16:52:01Z,2025-09-23T17:00:00Z,1,1,Determined upon crew arrival,In Progres,OUTAGE,Single Customer,WWS,NORMAL,42.34944,-83.3288
SW25092201051,2025-09-22T17:16:01Z,2025-09-22T18:53:08Z,5,2025-09-22T17:00:05Z,2025-09-23T17:00:00Z,1,1,Determined upon crew arrival,In Progres,OUTAGE,Service Secondary,WWS,NORMAL,42.29383,-83.36642
NE25092201079,2025-09-22T17:38:38Z,2025-09-22T19:50:57Z,7,2025-09-22T17:02:29Z,2025-09-23T17:10:00Z,1,1,Equipment problem,In Progres,OUTAGE,Single Customer,MTC,NORMAL,42.68531,-82.82038
NE25092201090,2025-09-22T17:38:38Z,2025-09-22T18:53:08Z,4,2025-09-22T17:20:53Z,2025-09-23T17:20:00Z,1,1,Determined upon crew arrival,In Progres,OUTAGE,Single Customer,LAP,NORMAL,42.80877,-83.22476
NE25092201099,2025-09-22T17:38:38Z,2025-09-22T19:15:37Z,5,2025-09-22T17:26:54Z,2025-09-23T17:25:00Z,1,1,Determined upon crew arrival,In Progres,OUTAGE,Single Customer,NAE,NORMAL,43.3991,-82.64357
NW25092201059,2025-09-22T17:38:38Z,2025-09-23T17:28:02Z,54,2025-09-22T17:04:57Z,2025-09-23T17:35:00Z,123,123,Equipment problem,In Progres,OUTAGE,Device (II),PON,NORMAL,42.53388,-83.30667
NW25092201068,2025-09-22T17:38:38Z,2025-09-22T21:16:48Z,11,2025-09-22T17:06:17Z,2025-09-22T21:40:00Z,521,42,Equipment problem,In Progres,OUTAGE,Device (I),SBY,NORMAL,42.65597,-83.19408
NW25092201098,2025-09-22T17:38:38Z,2025-09-23T14:19:39Z,46,2025-09-22T16:34:49Z,2025-09-23T17:25:00Z,1,1,Determined upon crew arrival,In Progres,OUTAGE,Single Customer,PON,NORMAL,42.6782,-83.4307
SE25092201052,2025-09-22T17:38:38Z,2025-09-22T20:20:52Z,8,2025-09-22T13:36:47Z,2025-09-23T17:00:00Z,1,1,Equipment problem,Pending,OUTAGE,Single Customer,CAN,NORMAL,42.40652,-82.9392
SE25092201065,2025-09-22T17:38:38Z,2025-09-23T14:43:32Z,47,2025-09-22T16:43:05Z,2025-09-23T17:10:00Z,1,1,Equipment problem,In Progres,OUTAGE,Single Customer,CAN,NORMAL,42.38455,-83.13637
SE25092201073,2025-09-22T17:38:38Z,2025-09-22T19:15:37Z,5,2025-09-22T17:09:16Z,2025-09-23T17:10:00Z,1,1,Determined upon crew arrival,In Progres,OUTAGE,Single Customer,CAN,NORMAL,42.38316,-83.0264
SE25092201083,2025-09-22T17:38:38Z,2025-09-22T17:38:38Z,1,2025-09-22T17:15:09Z,2025-09-23T17:15:00Z,1,1,Determined upon crew arrival,New,OUTAGE,Single Customer,RFD,NORMAL,42.42583,-83.27845
SE25092201093,2025-09-22T17:38:38Z,2025-09-22T20:40:49Z,9,2025-09-22T17:23:55Z,2025-09-23T17:25:00Z,1,1,Determined upon crew arrival,In Progres,OUTAGE,Single Customer,CAN,NORMAL,42.40853,-83.13105
SW25092201078,2025-09-22T17:38:38Z,2025-09-22T18:53:08Z,4,2025-09-22T17:10:07Z,2025-09-22T21:40:00Z,8,8,Determined upon crew arrival,In Progres,OUTAGE,Service Transformer,ANN,NORMAL,42.24747,-83.68589
SW25092201087,2025-09-22T17:38:38Z,2025-09-22T17:38:38Z,1,2025-09-22T17:19:43Z,2025-09-23T17:20:00Z,1,1,Determined upon crew arrival,PC3 Verifi,OUTAGE,Single Customer,ANN,NORMAL,42.25862,-83.68004
SW25092201089,2025-09-22T17:38:38Z,2025-09-22T17:51:36Z,2,2025-09-22T13:55:51Z,2025-09-22T21:50:00Z,120,120,Determined upon crew arrival,PC3 Verifi,OUTAGE,Device (I),ANN,NORMAL,42.24987,-83.66544
SW25092201095,2025-09-22T17:38:38Z,2025-09-22T17:38:38Z,1,2025-09-22T17:24:17Z,2025-09-23T17:25:00Z,1,1,Determined upon crew arrival,New,OUTAGE,Single Customer,ANN,NORMAL,42.2474,-83.65888
SW25092201102,2025-09-22T17:38:38Z,2025-09-22T17:38:38Z,1,2025-09-22T17:28:11Z,,1,1,Determined upon crew arrival,New,OUTAGE,Single Customer,ANN,NORMAL,42.2533,-83.66746
SW25092201104,2025-09-22T17:38:38Z,2025-09-22T17:38:38Z,1,2025-09-22T17:29:22Z,,1,1,Determined upon crew arrival,New,OUTAGE,Single Customer,ANN,NORMAL,42.25592,-83.67761
NE25092201111,2025-09-22T17:51:36Z,2025-09-22T17:51:36Z,1,2025-09-22T17:33:56Z,2025-09-23T17:35:00Z,1,1,Determined upon crew arrival,In Progres,SERVICE DOWN NO,,MTC,NORMAL,42.58637,-82.84981
NE25092201124,2025-09-22T17:51:36Z,2025-09-22T20:51:58Z,9,2025-09-22T17:41:16Z,2025-09-23T17:40:00Z,1,1,Determined upon crew arrival,In Progres,OUTAGE,Single Customer,MTC,NORMAL,42.68806,-82.87068
NW25092201120,2025-09-22T17:51:36Z,2025-09-22T21:16:48Z,10,2025-09-22T17:06:17Z,2025-09-22T21:40:00Z,85,85,Equipment problem,In Progres,OUTAGE,Device (I),SBY,NORMAL,42.65183,-83.19081
SE25092201110,2025-09-22T17:51:36Z,2025-09-23T06:51:56Z,29,2025-09-22T17:33:05Z,2025-09-23T17:35:00Z,1,1,Equipment problem,In Progres,OUTAGE,Single Customer,RFD,NORMAL,42.19781,-83.19889
SE25092201113,2025-09-22T17:51:36Z,2025-09-22T23:51:24Z,18,2025-09-22T17:34:23Z,2025-09-23T17:35:00Z,1,1,Determined upon crew arrival,In Progres,OUTAGE,Single Customer,RFD,NORMAL,42.34417,-83.2017
SW25092201118,2025-09-22T17:51:36Z,2025-09-22T17:51:36Z,1,2025-09-22T17:38:25Z,2025-09-23T17:40:00Z,1,1,Determined upon crew arrival,New,OUTAGE,Single Customer,WWS,NORMAL,42.28145,-83.32304
SW25092201123,2025-09-22T17:51:36Z,2025-09-22T17:51:36Z,1,2025-09-22T17:40:48Z,2025-09-23T17:40:00Z,1,1,Determined upon crew arrival,New,OUTAGE,Single Customer,ANN,NORMAL,42.31434,-83.64069
SW25092201126,2025-09-22T17:51:36Z,2025-09-23T01:25:09Z,19,2025-09-22T17:42:43Z,2025-09-23T02:15:00Z,1,1,Determined upon crew arrival,In Progres,PRIORITY,,ANN,NORMAL,42.29871,-83.67834
SW25092201130,2025-09-22T17:51:36Z,2025-09-22T17:51:36Z,1,2025-09-22T17:44:34Z,,1,1,Determined upon crew arrival,New,OUTAGE,Single Customer,ANN,NORMAL,42.2964,-83.65565
SW25092201131,2025-09-22T17:51:36Z,2025-09-22T17:51:36Z,1,2025-09-22T17:44:46Z,,1,1,Determined upon crew arrival,New,OUTAGE,Single Customer,ANN,NORMAL,42.31928,-83.63437
NE25092201133,2025-09-22T18:30:25Z,2025-09-22T18:53:08Z,2,2025-09-22T17:47:06Z,2025-09-23T17:45:00Z,1,1,Determined upon crew arrival,In Progres,OUTAGE,Single Customer,LAP,NORMAL,42.9738,-83.19865
NE25092201174,2025-09-22T18:30:25Z,2025-09-22T19:38:22Z,4,2025-09-22T18:06:12Z,2025-09-23T18:10:00Z,1,1,Determined upon crew arrival,In Progres,OUTAGE,Single Customer,MTC,NORMAL,42.8114,-82.76081
NW25092201164,2025-09-22T18:30:25Z,2025-09-22T18:53:08Z,2,2025-09-22T17:48:58Z,2025-09-22T22:35:00Z,2,2,Determined upon crew arrival,In Progres,OUTAGE,Service Transformer,HWL,NORMAL,42.54284,-83.97375
NW25092201172,2025-09-22T18:30:25Z,2025-09-22T18:53:08Z,2,2025-09-22T17:48:59Z,2025-09-22T22:35:00Z,16,16,Determined upon crew arrival,In Progres,OUTAGE,Device (II),HWL,NORMAL,42.53846,-83.9754
SE25092201141,2025-09-22T18:30:25Z,2025-09-22T18:30:25Z,1,2025-09-22T17:52:08Z,2025-09-23T17:50:00Z,1,1,Determined upon crew arrival,PC3 Verifi,OUTAGE,Single Customer,CAN,NORMAL,42.41011,-82.98948
SE25092201145,2025-09-22T18:30:25Z,2025-09-22T21:16:48Z,9,2025-09-22T17:54:57Z,2025-09-22T22:25:00Z,12,12,Determined upon crew arrival,In Progres,OUTAGE,Service Transformer,RFD,NORMAL,42.4394,-83.14542
SE25092201168,2025-09-22T18:30:25Z,2025-09-22T21:36:45Z,10,2025-09-22T13:08:58Z,2025-09-22T22:35:00Z,2,2,Determined upon crew arrival,In Progres,OUTAGE,Service Secondary,CAN,NORMAL,42.3819,-83.09479
SE25092201170,2025-09-22T18:30:25Z,2025-09-22T18:53:08Z,2,2025-09-22T18:06:03Z,2025-09-23T18:05:00Z,1,1,Determined upon crew arrival,New,OUTAGE,Single Customer,RFD,NORMAL,42.38969,-83.20873
SE25092201176,2025-09-22T18:30:25Z,2025-09-22T23:51:24Z,17,2025-09-22T18:08:49Z,2025-09-23T02:40:00Z,2,2,Equipment problem,In Progres,OUTAGE,Service Secondary,CAN,NORMAL,42.39531,-83.12484
NE25092201197,2025-09-22T18:53:08Z,2025-09-22T22:51:31Z,13,2025-09-22T18:21:17Z,2025-09-23T18:20:00Z,1,1,Determined upon crew arrival,In Progres,OUTAGE,Single Customer,LAP,NORMAL,43.23602,-83.66964
NE25092201211,2025-09-22T18:53:08Z,2025-09-22T23:51:24Z,16,2025-09-22T18:29:28Z,2025-09-23T18:30:00Z,1,1,Determined upon crew arrival,In Progres,OUTAGE,Single Customer,NAE,NORMAL,43.6198,-83.23372
NW25092201198,2025-09-22T18:53:08Z,2025-09-22T21:50:54Z,10,2025-09-22T18:21:17Z,2025-09-23T18:20:00Z,1,1,Equipment problem,In Progres,OUTAGE,Single Customer,PON,NORMAL,42.54107,-83.18558
NW25092201212,2025-09-22T18:53:08Z,2025-09-22T18:53:08Z,1,2025-09-22T18:29:53Z,,1,1,Determined upon crew arrival,New,OUTAGE,Single Customer,PON,NORMAL,42.63863,-83.33031
SE25092201192,2025-09-22T18:53:08Z,2025-09-22T18:53:08Z,1,2025-09-22T18:20:13Z,2025-09-23T18:20:00Z,1,1,Determined upon crew arrival,New,OUTAGE,Single Customer,RFD,NORMAL,42.34428,-83.19682
NE25092201249,2025-09-22T19:15:37Z,2025-09-22T19:15:37Z,1,2025-09-22T18:52:14Z,2025-09-23T18:50:00Z,1,1,Determined upon crew arrival,In Progres,OUTAGE,Single Customer,MTC,NORMAL,42.55186,-82.91561
NW25092201233,2025-09-22T19:15:37Z,2025-09-22T21:50:54Z,9,2025-09-22T18:41:03Z,2025-09-23T18:40:00Z,1,1,Animal/bird damaged DTE equip,In Progres,OUTAGE,Single Customer,HWL,NORMAL,42.65005,-83.92825
NW25092201257,2025-09-22T19:15:37Z,2025-09-23T01:25:09Z,16,2025-09-22T14:15:18Z,2025-09-23T19:00:00Z,1,1,Determined upon crew arrival,In Progres,OUTAGE,Single Customer,SBY,NORMAL,42.66232,-82.98563
SE25092201230,2025-09-22T19:15:37Z,2025-09-23T06:51:56Z,26,2025-09-21T20:59:24Z,2025-09-23T18:40:00Z,1,1,Determined upon crew arrival,In Progres,OUTAGE,Single Customer,CAN,NORMAL,42.43036,-82.91684
SE25092201237,2025-09-22T19:15:37Z,2025-09-22T20:40:49Z,5,2025-09-22T18:43:10Z,2025-09-23T18:45:00Z,1,1,Determined upon crew arrival,In Progres,OUTAGE,Single Customer,CAN,NORMAL,42.38622,-83.13694
SW25092201252,2025-09-22T19:15:37Z,2025-09-22T19:15:37Z,1,2025-09-22T18:55:11Z,2025-09-22T23:25:00Z,6,6,Determined upon crew arrival,In Progres,OUTAGE,Service Transformer,WWS,NORMAL,42.23132,-83.45268
NE25092201269,2025-09-22T19:38:22Z,2025-09-22T19:50:57Z,2,2025-09-22T19:00:29Z,2025-09-22T23:40:00Z,2,2,Determined upon crew arrival,In Progres,OUTAGE,Service Transformer,LAP,NORMAL,42.97072,-83.30698
NE25092201286,2025-09-22T19:38:22Z,2025-09-22T19:38:22Z,1,2025-09-22T19:19:47Z,2025-09-23T19:20:00Z,1,1,Determined upon crew arrival,New,OUTAGE,Single Customer,MTC,NORMAL,42.60608,-82.87059
NW25092201291,2025-09-22T19:38:22Z,2025-09-22T22:51:31Z,11,2025-09-22T19:23:51Z,2025-09-23T19:25:00Z,1,1,Equipment problem,In Progres,OUTAGE,Single Customer,SBY,NORMAL,42.59658,-82.99981
SW25092201267,2025-09-22T19:38:22Z,2025-09-22T21:36:45Z,7,2025-09-22T19:10:21Z,2025-09-23T19:10:00Z,1,1,Determined upon crew arrival,In Progres,OUTAGE,Single Customer,NPT,NORMAL,41.9176,-83.37069
SW25092201287,2025-09-22T19:38:22Z,2025-09-22T19:50:57Z,2,2025-09-22T19:20:08Z,2025-09-23T19:20:00Z,1,1,Determined upon crew arrival,New,OUTAGE,Single Customer,WWS,NORMAL,42.4533,-83.33593
SW25092201290,2025-09-22T19:38:22Z,2025-09-22T20:40:49Z,4,2025-09-22T19:07:08Z,2025-09-22T23:55:00Z,2,2,Determined upon crew arrival,In Progres,OUTAGE,Service Transformer,ANN,NORMAL,42.36814,-83.69686
NW25092201296,2025-09-22T19:50:57Z,2025-09-22T19:50:57Z,1,2025-09-22T19:14:26Z,2025-09-23T00:00:00Z,2,2,Determined upon crew arrival,In Progres,OUTAGE,Service Transformer,HWL,NORMAL,42.47538,-83.84017
SE25092201301,2025-09-22T19:50:57Z,2025-09-23T09:40:53Z,30,2025-09-22T19:17:13Z,2025-09-23T19:40:00Z,1,1,Equipment problem,In Progres,OUTAGE,Single Customer,CAN,NORMAL,42.43168,-83.0297
SE25092201304,2025-09-22T19:50:57Z,2025-09-23T09:21:10Z,29,2025-09-22T19:39:11Z,2025-09-23T19:40:00Z,1,1,Equipment problem,In Progres,OUTAGE,Single Customer,RFD,NORMAL,42.48042,-83.09578
NE25092201344,2025-09-22T20:20:52Z,2025-09-22T22:51:31Z,9,2025-09-22T20:14:12Z,2025-09-23T20:15:00Z,1,1,Determined upon crew arrival,In Progres,OUTAGE,Single Customer,MTC,NORMAL,42.46745,-83.06086
SE25092201312,2025-09-22T20:20:52Z,2025-09-22T21:16:48Z,4,2025-09-22T19:41:03Z,2025-09-23T00:15:00Z,19,19,Determined upon crew arrival,In Progres,OUTAGE,Service Transformer,RFD,NORMAL,42.44065,-83.14545
SE25092201318,2025-09-22T20:20:52Z,2025-09-22T22:17:43Z,7,2025-09-22T19:48:33Z,2025-09-23T19:50:00Z,1,1,Determined upon crew arrival,In Progres,OUTAGE,Single Customer,CAN,NORMAL,42.3907,-82.97427
SE25092201323,2025-09-22T20:20:52Z,2025-09-23T15:52:19Z,44,2025-09-22T19:55:38Z,2025-09-23T16:25:00Z,2,2,Determined upon crew arrival,In Progres,OUTAGE,Service Secondary,RFD,NORMAL,42.45141,-83.25893
SE25092201336,2025-09-22T20:20:52Z,2025-09-22T23:51:24Z,12,2025-09-22T20:05:02Z,2025-09-23T20:10:00Z,1,1,Determined upon crew arrival,In Progres,OUTAGE,Single Customer,RFD,NORMAL,42.3365,-83.21864
SW25092201319,2025-09-22T20:20:52Z,2025-09-23T05:51:28Z,21,2025-09-22T13:33:03Z,2025-09-23T19:50:00Z,1,1,Equipment problem,In Progres,OUTAGE,Single Customer,WWS,NORMAL,42.28521,-83.37912
SW25092201322,2025-09-22T20:20:52Z,2025-09-22T22:51:31Z,9,2025-09-22T19:28:49Z,2025-09-23T19:55:00Z,1,1,Determined upon crew arrival,In Progres,SERVICE DOWN NO,,ANN,NORMAL,42.36814,-83.69686
SW25092201327,2025-09-22T20:20:52Z,2025-09-22T22:17:43Z,7,2025-09-22T19:57:52Z,2025-09-23T20:00:00Z,1,1,Determined upon crew arrival,In Progres,OUTAGE,Service Secondary,WWS,NORMAL,42.23052,-83.45223
SW25092201331,2025-09-22T20:20:52Z,2025-09-22T22:17:43Z,7,2025-09-22T19:57:52Z,2025-09-23T20:05:00Z,1,1,Determined upon crew arrival,In Progres,OUTAGE,Single Customer,WWS,NORMAL,42.23254,-83.45182
SW25092201335,2025-09-22T20:20:52Z,2025-09-22T20:51:58Z,3,2025-09-22T19:57:51Z,2025-09-23T00:35:00Z,44,44,Determined upon crew arrival,In Progres,OUTAGE,Device (I),WWS,NORMAL,42.23132,-83.45268
SW25092201346,2025-09-22T20:20:52Z,2025-09-22T20:20:52Z,1,2025-09-22T20:15:01Z,,1,1,Determined upon crew arrival,New,OUTAGE,Single Customer,NPT,NORMAL,41.96761,-83.55178
NE25092201360,2025-09-22T20:40:49Z,2025-09-23T07:50:59Z,25,2025-09-22T13:17:18Z,2025-09-23T20:25:00Z,1,1,Equipment problem,In Progres,OUTAGE,Single Customer,MAR,NORMAL,43.03968,-82.98746
SE25092201356,2025-09-22T20:40:49Z,2025-09-23T20:51:39Z,56,2025-09-22T20:24:44Z,2025-09-24T00:25:00Z,1,1,Equipment problem,In Progres,OUTAGE,Single Customer,CAN,NORMAL,42.41664,-82.99254
SE25092201363,2025-09-22T20:40:49Z,2025-09-22T21:16:48Z,3,2025-09-22T20:28:10Z,2025-09-23T20:30:00Z,1,1,Determined upon crew arrival,Pending,SERVICE DOWN NO,,CAN,NORMAL,42.43567,-83.05326
SE25092201365,2025-09-22T20:40:49Z,2025-09-23T01:25:09Z,12,2025-09-22T20:12:35Z,2025-09-23T20:30:00Z,1,1,Equipment problem,In Progres,OUTAGE,Single Customer,RFD,NORMAL,42.37985,-83.14439
SW25092201352,2025-09-22T20:40:49Z,2025-09-23T13:45:30Z,37,2025-09-22T12:08:37Z,2025-09-23T20:25:00Z,1,1,Determined upon crew arrival,In Progres,OUTAGE,Single Customer,NPT,NORMAL,42.05854,-83.39905
SW25092201361,2025-09-22T20:40:49Z,2025-09-24T13:17:24Z,92,2025-09-22T20:24:17Z,2025-09-24T12:55:00Z,825,825,Equipment problem,In Progres,OUTAGE,Device (II),WWS,NORMAL,42.18901,-83.33914
SE25092201386,2025-09-22T20:51:58Z,2025-09-22T23:17:19Z,8,2025-09-22T12:47:36Z,2025-09-23T20:45:00Z,1,1,Determined upon crew arrival,In Progres,OUTAGE,Single Customer,RFD,NORMAL,42.33404,-83.23186
NW25092201396,2025-09-22T21:16:48Z,2025-09-22T21:36:45Z,2,2025-09-22T20:47:26Z,2025-09-23T01:20:00Z,23,23,Equipment problem,In Progres,OUTAGE,Device (I),HWL,NORMAL,42.65652,-83.75368
NW25092201398,2025-09-22T21:16:48Z,2025-09-22T21:50:54Z,3,2025-09-22T20:47:26Z,2025-09-23T20:55:00Z,1,1,Equipment problem,In Progres,OUTAGE,Single Customer,HWL,NORMAL,42.65639,-83.75418
NW25092201403,2025-09-22T21:16:48Z,2025-09-22T21:36:45Z,2,2025-09-22T20:47:26Z,2025-09-23T20:55:00Z,1,1,Equipment problem,In Progres,OUTAGE,Single Customer,HWL,NORMAL,42.65732,-83.75427
SE25092201415,2025-09-22T21:36:45Z,2025-09-23T08:25:55Z,23,2025-09-22T21:08:22Z,2025-09-23T21:10:00Z,1,1,Equipment problem,Pending,OUTAGE,Single Customer,RFD,NORMAL,42.30473,-83.24797
SW25092201409,2025-09-22T21:36:45Z,2025-09-22T22:17:43Z,3,2025-09-22T21:00:35Z,2025-09-23T01:30:00Z,7,7,Determined upon crew arrival,In Progres,OUTAGE,Service Transformer,WWS,NORMAL,42.23052,-83.45223
SW25092201423,2025-09-22T21:36:45Z,2025-09-22T23:51:24Z,8,2025-09-22T15:20:50Z,2025-09-23T21:20:00Z,1,1,Determined upon crew arrival,In Progres,OUTAGE,Single Customer,ANN,NORMAL,42.24966,-83.66069
NW25092201437,2025-09-22T21:50:54Z,2025-09-22T21:50:54Z,1,2025-09-22T21:44:51Z,,1,1,Determined upon crew arrival,New,OUTAGE,Single Customer,SBY,NORMAL,42.57815,-83.00396
SE25092201435,2025-09-22T21:50:54Z,2025-09-23T11:51:08Z,30,2025-09-22T21:38:26Z,2025-09-23T21:40:00Z,1,1,Determined upon crew arrival,Pending,SERVICE DOWN NO,,CAN,NORMAL,42.38803,-83.03227
SE25092201446,2025-09-22T22:17:43Z,2025-09-23T05:51:28Z,15,2025-09-22T22:00:03Z,2025-09-23T22:00:00Z,1,1,Determined upon crew arrival,In Progres,OUTAGE,Single Customer,RFD,NORMAL,42.33986,-83.17469
SE25092201455,2025-09-22T22:39:15Z,2025-09-23T03:21:29Z,8,2025-09-22T22:12:11Z,2025-09-23T22:10:00Z,1,1,Determined upon crew arrival,In Progres,OUTAGE,Single Customer,RFD,NORMAL,42.27042,-83.23071
SE25092201461,2025-09-22T22:39:15Z,2025-09-23T03:46:40Z,9,2025-09-22T22:28:40Z,2025-09-23T22:30:00Z,1,1,Determined upon crew arrival,New,OUTAGE,Single Customer,RFD,NORMAL,42.4289,-83.16128
SW25092201447,2025-09-22T22:39:15Z,2025-09-22T22:51:31Z,2,2025-09-22T21:55:40Z,2025-09-23T02:30:00Z,4,4,Determined upon crew arrival,In Progres,OUTAGE,Service Transformer,NPT,NORMAL,42.13007,-83.28631
SW25092201453,2025-09-22T22:39:15Z,2025-09-22T23:51:24Z,5,2025-09-22T15:19:09Z,2025-09-23T02:40:00Z,21,21,Determined upon crew arrival,In Progres,OUTAGE,Service Transformer,WWS,NORMAL,42.29974,-83.31524
SW25092201458,2025-09-22T22:39:15Z,2025-09-22T23:17:19Z,3,2025-09-22T22:20:31Z,2025-09-23T22:20:00Z,1,1,Determined upon crew arrival,New,OUTAGE,Single Customer,NPT,NORMAL,42.13154,-83.28661
NW25092201462,2025-09-22T22:51:31Z,2025-09-22T23:51:24Z,4,2025-09-22T22:28:57Z,2025-09-23T03:00:00Z,42,42,Determined upon crew arrival,In Progres,OUTAGE,Device (I),PON,NORMAL,42.75991,-83.33429
SW25092201466,2025-09-22T22:51:31Z,2025-09-22T23:17:19Z,2,2025-09-22T22:30:57Z,2025-09-23T03:00:00Z,1,1,Determined upon crew arrival,New,PRIORITY,,NPT,NORMAL,41.92472,-83.46655
SW25092201469,2025-09-22T22:51:31Z,2025-09-23T06:51:56Z,15,2025-09-22T22:33:39Z,2025-09-23T22:35:00Z,1,1,Determined upon crew arrival,In Progres,OUTAGE,Single Customer,NPT,NORMAL,41.87388,-83.74455
NE25092201472,2025-09-22T23:17:19Z,2025-09-22T23:51:24Z,3,2025-09-22T22:49:44Z,2025-09-23T22:50:00Z,1,1,Determined upon crew arrival,In Progres,OUTAGE,Single Customer,MAR,NORMAL,43.25141,-82.57734
NW25092201471,2025-09-22T23:17:19Z,2025-09-22T23:51:24Z,3,2025-09-22T22:46:33Z,2025-09-23T22:45:00Z,1,1,Equipment problem,In Progres,OUTAGE,Single Customer,HWL,NORMAL,42.64471,-83.89726
NW25092201474,2025-09-22T23:17:19Z,2025-09-22T23:17:19Z,1,2025-09-22T22:52:45Z,2025-09-23T22:55:00Z,1,1,Determined upon crew arrival,New,OUTAGE,Single Customer,PON,NORMAL,42.74743,-83.34098
NW25092201477,2025-09-22T23:17:19Z,2025-09-22T23:17:19Z,1,2025-09-22T22:55:14Z,2025-09-23T22:55:00Z,1,1,Determined upon crew arrival,New,OUTAGE,Single Customer,PON,NORMAL,42.7375,-83.34215
SW25092201475,2025-09-22T23:17:19Z,2025-09-22T23:51:24Z,3,2025-09-22T22:54:32Z,2025-09-23T22:55:00Z,1,1,Determined upon crew arrival,In Progres,OUTAGE,Single Customer,WWS,NORMAL,42.30083,-83.31673
NW25092201484,2025-09-22T23:37:17Z,2025-09-22T23:37:17Z,1,2025-09-22T23:00:19Z,2025-09-23T03:45:00Z,4,4,Determined upon crew arrival,In Progres,OUTAGE,Service Transformer,PON,NORMAL,42.56643,-83.10815
NW25092201494,2025-09-22T23:51:24Z,2025-09-23T01:25:09Z,2,2025-09-22T23:40:22Z,2025-09-23T04:10:00Z,12,12,Determined upon crew arrival,In Progres,OUTAGE,Device (I),PON,NORMAL,42.74954,-83.34463
NW25092201495,2025-09-22T23:51:24Z,2025-09-23T01:25:09Z,2,2025-09-22T23:41:29Z,2025-09-23T04:10:00Z,3,3,Determined upon crew arrival,In Progres,OUTAGE,Service Transformer,PON,NORMAL,42.75122,-83.34176
NW25092201496,2025-09-22T23:51:24Z,2025-09-23T07:50:59Z,15,2025-09-22T23:41:36Z,2025-09-23T23:40:00Z,1,1,Equipment problem,In Progres,OUTAGE,Single Customer,PON,NORMAL,42.86768,-83.34673
SE25092201490,2025-09-22T23:51:24Z,2025-09-23T19:15:46Z,41,2025-09-22T23:31:25Z,2025-09-23T23:35:00Z,1,1,Determined upon crew arrival,In Progres,OUTAGE,Single Customer,CAN,NORMAL,42.40352,-83.0583
SW25092201491,2025-09-22T23:51:24Z,2025-09-22T23:51:24Z,1,2025-09-22T23:37:41Z,2025-09-23T23:40:00Z,1,1,Determined upon crew arrival,New,OUTAGE,Single Customer,NPT,NORMAL,42.07282,-83.46645
NW25092201500,2025-09-23T01:25:09Z,2025-09-23T17:41:20Z,36,2025-09-22T23:59:24Z,2025-09-24T00:00:00Z,1,1,Equipment problem,In Progres,OUTAGE,Single Customer,PON,NORMAL,42.77951,-83.23829
SE25092201509,2025-09-23T01:25:09Z,2025-09-23T11:51:08Z,23,2025-09-23T00:22:34Z,2025-09-24T00:30:00Z,1,1,Determined upon crew arrival,In Progres,OUTAGE,Single Customer,RFD,NORMAL,42.51423,-83.1274
SE25092201514,2025-09-23T01:25:09Z,2025-09-23T11:51:08Z,23,2025-09-22T20:55:49Z,2025-09-24T00:45:00Z,1,1,Equipment problem,In Progres,OUTAGE,Single Customer,CAN,NORMAL,42.40319,-82.93978
NE25092201520,2025-09-23T02:43:33Z,2025-09-23T04:23:14Z,4,2025-09-23T01:19:48Z,2025-09-23T05:55:00Z,35,35,Equipment problem,In Progres,OUTAGE,Device (I),LAP,NORMAL,43.20353,-83.24706
NE25092201531,2025-09-23T02:43:33Z,2025-09-23T03:21:29Z,2,2025-09-23T01:43:10Z,2025-09-23T06:15:00Z,1381,178,Determined upon crew arrival,In Progres,OUTAGE,Device (II),MTC,NORMAL,42.69953,-82.9381
NE25092201540,2025-09-23T02:43:33Z,2025-09-23T02:43:33Z,1,2025-09-23T01:48:14Z,2025-09-24T01:50:00Z,1,1,Determined upon crew arrival,New,OUTAGE,Single Customer,MTC,NORMAL,42.68765,-82.90751
NE25092201552,2025-09-23T02:43:33Z,2025-09-23T23:16:55Z,50,2025-09-23T02:14:45Z,2025-09-24T02:45:00Z,1,1,Determined upon crew arrival,In Progres,PRIORITY,,MTC,NORMAL,42.70052,-82.92138
NW25092201527,2025-09-23T02:43:33Z,2025-09-23T07:20:04Z,11,2025-09-23T01:38:10Z,2025-09-23T10:10:00Z,114,114,Equipment problem,In Progres,OUTAGE,Device (II),PON,NORMAL,42.6177,-83.15841
SE25092201524,2025-09-23T02:43:33Z,2025-09-23T11:37:56Z,21,2025-09-23T01:34:44Z,2025-09-24T01:35:00Z,1,1,Equipment problem,In Progres,OUTAGE,Single Customer,RFD,NORMAL,42.36489,-83.19115
SW25092201526,2025-09-23T02:43:33Z,2025-09-23T15:41:10Z,30,2025-09-23T01:37:49Z,2025-09-24T01:40:00Z,1,1,Equipment problem,In Progres,OUTAGE,Single Customer,WWS,NORMAL,42.36118,-83.3491
SW25092201529,2025-09-23T02:43:33Z,2025-09-23T02:43:33Z,1,2025-09-23T01:40:41Z,2025-09-24T01:40:00Z,1,1,Determined upon crew arrival,New,OUTAGE,Single Customer,WWS,NORMAL,42.26416,-83.29247
SE25092201559,2025-09-23T03:21:29Z,2025-09-23T09:21:10Z,14,2025-09-23T02:41:13Z,2025-09-23T11:15:00Z,16,16,Equipment problem,In Progres,OUTAGE,Device (I),RFD,NORMAL,42.4084,-83.26259
NW25092201572,2025-09-23T04:23:14Z,2025-09-23T07:50:59Z,10,2025-09-23T04:12:47Z,2025-09-23T08:45:00Z,75,75,Equipment problem,In Progres,OUTAGE,Device (I),PON,NORMAL,42.55043,-83.28301
SW25092201580,2025-09-23T04:53:49Z,2025-09-23T05:40:14Z,3,2025-09-23T04:33:53Z,2025-09-23T09:05:00Z,1070,1070,Determined upon crew arrival,In Progres,OUTAGE,Device (II),WWS,NORMAL,42.46764,-83.3336
SW25092201607,2025-09-23T04:53:49Z,2025-09-23T11:16:06Z,16,2025-09-23T04:34:04Z,2025-09-24T04:40:00Z,1,1,Determined upon crew arrival,In Progres,OUTAGE,Single Customer,WWS,NORMAL,42.46901,-83.33901
SW25092201610,2025-09-23T04:53:49Z,2025-09-23T05:40:14Z,3,2025-09-23T04:34:03Z,2025-09-23T09:10:00Z,144,144,Determined upon crew arrival,In Progres,OUTAGE,Device (II),WWS,NORMAL,42.46392,-83.3364
SW25092201611,2025-09-23T04:53:49Z,2025-09-23T11:37:56Z,17,2025-09-23T04:44:03Z,2025-09-23T13:15:00Z,1,1,Determined upon crew arrival,PC3 Verifi,PRIORITY,,WWS,NORMAL,42.46903,-83.33821
SE25092201615,2025-09-23T05:18:51Z,2025-09-23T16:46:22Z,28,2025-09-23T04:13:33Z,2025-09-24T04:50:00Z,1,1,Determined upon crew arrival,In Progres,OUTAGE,Single Customer,RFD,NORMAL,42.46649,-83.19569
SW25092201614,2025-09-23T05:18:51Z,2025-09-23T11:51:08Z,17,2025-09-23T04:34:03Z,2025-09-24T04:50:00Z,1,1,Equipment problem,In Progres,OUTAGE,Single Customer,WWS,NORMAL,42.47125,-83.3445
SW25092201617,2025-09-23T05:18:51Z,2025-09-23T07:50:59Z,8,2025-09-23T04:51:02Z,2025-09-23T09:20:00Z,1,1,Determined upon crew arrival,In Progres,PRIORITY,,WWS,NORMAL,42.46348,-83.33705
SW25092201620,2025-09-23T05:18:51Z,2025-09-23T07:50:59Z,8,2025-09-23T04:53:30Z,2025-09-23T09:25:00Z,1,1,Determined upon crew arrival,In Progres,PRIORITY,,WWS,NORMAL,42.47269,-83.33795
SW25092201622,2025-09-23T05:18:51Z,2025-09-23T05:18:51Z,1,2025-09-23T04:40:58Z,,2,2,Determined upon crew arrival,In Progres,OUTAGE,Service Transformer,NPT,NORMAL,41.94261,-83.51601
SW25092300006,2025-09-23T05:51:28Z,2025-09-23T06:30:08Z,2,2025-09-23T04:33:53Z,2025-09-23T09:05:00Z,1427,1427,Equipment problem,In Progres,OUTAGE,Device (II),WWS,NORMAL,42.46811,-83.33289
SE25092300008,2025-09-23T06:51:56Z,2025-09-23T19:51:00Z,32,2025-09-23T06:12:46Z,2025-09-24T06:15:00Z,1,1,Equipment problem,In Progres,SERVICE DOWN NO,,CAN,NORMAL,42.4487,-82.98857
SW25092300010,2025-09-23T06:51:56Z,2025-09-23T06:51:56Z,1,2025-09-23T06:27:08Z,,1,1,Determined upon crew arrival,New,OUTAGE,Single Customer,WWS,NORMAL,42.46444,-83.32798
SW25092300018,2025-09-23T08:25:55Z,2025-09-23T09:52:11Z,4,2025-09-23T07:49:53Z,2025-09-23T12:25:00Z,73,73,Equipment problem,In Progres,OUTAGE,Device (I),ANN,NORMAL,42.26015,-83.79197
NW25092300050,2025-09-23T09:21:10Z,2025-09-23T19:15:46Z,25,2025-09-23T04:12:47Z,2025-09-23T20:50:00Z,75,75,Equipment problem,In Progres,OUTAGE,Device (I),PON,NORMAL,42.55044,-83.28339
NW25092300085,2025-09-23T09:21:10Z,2025-09-23T14:54:57Z,14,2025-09-23T08:37:30Z,2025-09-24T08:40:00Z,1,1,Equipment problem,In Progres,OUTAGE,Single Customer,HWL,NORMAL,42.53513,-83.93821
SW25092300023,2025-09-23T09:21:10Z,2025-09-23T10:42:30Z,5,2025-09-23T08:15:19Z,2025-09-23T12:45:00Z,927,927,Equipment problem,In Progres,OUTAGE,Substation,WWS,NORMAL,42.49725,-83.41493
SW25092300082,2025-09-23T09:21:10Z,2025-09-23T10:42:30Z,5,2025-09-23T08:15:21Z,2025-09-23T13:00:00Z,403,403,Equipment problem,In Progres,OUTAGE,Substation,WWS,NORMAL,42.48936,-83.38551
SW25092300086,2025-09-23T09:21:10Z,2025-09-23T10:42:30Z,5,2025-09-23T08:41:47Z,2025-09-23T13:10:00Z,1,1,Determined upon crew arrival,PC3 Verifi,PRIORITY,,WWS,NORMAL,42.50054,-83.38517
SW25092300087,2025-09-23T09:21:10Z,2025-09-23T10:42:30Z,5,2025-09-23T08:50:42Z,2025-09-23T13:20:00Z,1,1,Determined upon crew arrival,PC3 Verifi,PRIORITY,,WWS,NORMAL,42.49088,-83.41616
SW25092300088,2025-09-23T09:21:10Z,2025-09-23T10:42:30Z,5,2025-09-23T09:10:57Z,2025-09-23T13:40:00Z,1,1,Determined upon crew arrival,PC3 Verifi,PRIORITY,,WWS,NORMAL,42.49557,-83.40968
SW25092300091,2025-09-23T09:40:53Z,2025-09-23T09:40:53Z,1,2025-09-23T09:19:41Z,2025-09-24T09:20:00Z,1,1,Determined upon crew arrival,New,OUTAGE,Single Customer,WWS,NORMAL,42.2868,-83.46997
SW25092300092,2025-09-23T09:40:53Z,2025-09-23T09:40:53Z,1,2025-09-23T09:30:02Z,,1,1,Determined upon crew arrival,New,OUTAGE,Single Customer,WWS,NORMAL,42.49591,-83.37372
SW25092300094,2025-09-23T09:52:11Z,2025-09-23T10:42:30Z,3,2025-09-23T09:44:26Z,2025-09-23T14:15:00Z,1,1,Determined upon crew arrival,PC3 Verifi,PRIORITY,,WWS,NORMAL,42.50104,-83.35071
NW25092300095,2025-09-23T10:20:34Z,2025-09-23T15:52:19Z,14,2025-09-23T01:43:03Z,2025-09-23T18:30:00Z,4,4,Determined upon crew arrival,Pending,OUTAGE,Service Transformer,PON,NORMAL,42.61799,-83.15929
NE25092300101,2025-09-23T10:42:30Z,2025-09-23T15:52:19Z,13,2025-09-23T07:18:19Z,2025-09-24T10:20:00Z,1,1,Determined upon crew arrival,Pending,OUTAGE,Single Customer,MTC,NORMAL,42.47295,-82.97026
NW25092300097,2025-09-23T10:42:30Z,2025-09-23T13:16:49Z,6,2025-09-23T10:15:37Z,2025-09-24T10:15:00Z,1,1,Determined upon crew arrival,In Progres,OUTAGE,Single Customer,PON,NORMAL,42.6579,-83.3903
SE25092300098,2025-09-23T10:42:30Z,2025-09-23T13:45:30Z,7,2025-09-23T10:08:08Z,2025-09-24T10:15:00Z,1,1,Equipment problem,In Progres,OUTAGE,Single Customer,RFD,NORMAL,42.33545,-83.26019
SE25092300110,2025-09-23T11:16:06Z,2025-09-23T14:19:39Z,7,2025-09-22T22:14:11Z,2025-09-24T10:40:00Z,1,1,Equipment problem,In Progres,OUTAGE,Single Customer,RFD,NORMAL,42.47011,-83.09956
SE25092300111,2025-09-23T11:16:06Z,2025-09-23T19:15:46Z,20,2025-09-22T19:55:10Z,2025-09-24T10:50:00Z,1,1,Determined upon crew arrival,In Progres,OUTAGE,Single Customer,RFD,NORMAL,42.34193,-83.27406
SW25092300113,2025-09-23T11:16:06Z,2025-09-23T15:52:19Z,12,2025-09-23T10:58:28Z,2025-09-24T11:00:00Z,1,1,Determined upon crew arrival,Pending,OUTAGE,Single Customer,WWS,NORMAL,42.50852,-83.43116
NW25092300119,2025-09-23T11:37:56Z,2025-09-23T13:45:30Z,5,2025-09-23T11:21:59Z,2025-09-24T11:20:00Z,1,1,Equipment problem,In Progres,OUTAGE,Single Customer,HWL,NORMAL,42.53274,-83.9361
SE25092300118,2025-09-23T11:37:56Z,2025-09-23T16:46:22Z,13,2025-09-21T05:03:29Z,2025-09-24T11:10:00Z,1,1,Equipment problem,In Progres,OUTAGE,Single Customer,RFD,NORMAL,42.50646,-83.12844
NW25092300121,2025-09-23T11:51:08Z,2025-09-24T13:17:24Z,59,2025-09-23T11:42:20Z,2025-09-24T15:40:00Z,1,1,Equipment problem,Pending,OUTAGE,Single Customer,PON,NORMAL,42.59067,-83.13586
NE25092300143,2025-09-23T12:40:01Z,2025-09-23T13:45:30Z,3,2025-09-23T12:25:22Z,2025-09-24T12:25:00Z,1,1,Determined upon crew arrival,In Progres,OUTAGE,Single Customer,MTC,NORMAL,42.80744,-82.77397
SW25092300136,2025-09-23T12:40:01Z,2025-09-23T13:45:30Z,3,2025-09-23T12:15:35Z,2025-09-24T12:15:00Z,1,1,Determined upon crew arrival,In Progres,OUTAGE,Single Customer,ANN,NORMAL,42.3777,-83.99075
SW25092300140,2025-09-23T12:40:01Z,2025-09-23T19:15:46Z,17,2025-09-23T12:19:28Z,2025-09-24T12:20:00Z,1,1,Equipment problem,In Progres,OUTAGE,Single Customer,ANN,NORMAL,42.35806,-83.71448
NE25092300160,2025-09-23T13:16:49Z,2025-09-23T15:52:19Z,8,2025-09-23T12:48:43Z,2025-09-24T12:50:00Z,1,1,Determined upon crew arrival,In Progres,OUTAGE,Single Customer,LAP,NORMAL,43.18906,-83.30629
NW25092300145,2025-09-23T13:16:49Z,2025-09-23T14:19:39Z,3,2025-09-23T12:29:52Z,2025-09-23T17:00:00Z,77,77,Equipment problem,In Progres,OUTAGE,Device (I),PON,NORMAL,42.6452,-83.53528
NW25092300157,2025-09-23T13:16:49Z,2025-09-23T16:46:22Z,10,2025-09-23T12:51:24Z,2025-09-24T12:50:00Z,1,1,Equipment problem,In Progres,SERVICE DOWN NO,,HWL,NORMAL,42.63224,-83.81426
NW25092300174,2025-09-23T13:16:49Z,2025-09-23T13:16:49Z,1,2025-09-23T12:59:39Z,,1,1,Determined upon crew arrival,New,OUTAGE,Single Customer,SBY,NORMAL,42.59728,-83.07331
SE25092300150,2025-09-23T13:16:49Z,2025-09-23T14:43:32Z,4,2025-09-23T12:45:46Z,2025-09-24T12:45:00Z,1,1,Determined upon crew arrival,In Progres,OUTAGE,Single Customer,CAN,NORMAL,42.43824,-83.00627
SE25092300161,2025-09-23T13:16:49Z,2025-09-23T17:52:35Z,13,2025-09-23T12:51:50Z,2025-09-24T12:50:00Z,1,1,Determined upon crew arrival,In Progres,OUTAGE,Single Customer,RFD,NORMAL,42.29885,-83.17328
SW25092300144,2025-09-23T13:16:49Z,2025-09-23T14:54:57Z,5,2025-09-23T12:30:56Z,2025-09-24T12:30:00Z,1,1,Determined upon crew arrival,In Progres,OUTAGE,Single Customer,WWS,NORMAL,42.20404,-83.49044
SW25092300170,2025-09-23T13:16:49Z,2025-09-23T13:45:30Z,2,2025-09-23T12:57:37Z,2025-09-24T13:00:00Z,1,1,Determined upon crew arrival,In Progres,OUTAGE,Single Customer,ANN,NORMAL,42.25753,-83.58338
SW25092300172,2025-09-23T13:16:49Z,2025-09-23T13:16:49Z,1,2025-09-23T12:58:06Z,,1,1,Determined upon crew arrival,PC3 Verifi,OUTAGE,Single Customer,ANN,NORMAL,42.28535,-83.73551
NE25092300205,2025-09-23T13:45:30Z,2025-09-23T15:52:19Z,7,2025-09-23T13:29:36Z,2025-09-24T13:30:00Z,1,1,Equipment problem,In Progres,OUTAGE,Single Customer,MTC,NORMAL,42.51429,-83.05301
SE25092300192,2025-09-23T13:45:30Z,2025-09-23T14:19:39Z,2,2025-09-23T13:16:13Z,2025-09-23T17:50:00Z,7,7,Determined upon crew arrival,In Progres,OUTAGE,Service Transformer,CAN,NORMAL,42.40403,-83.12544
SE25092300197,2025-09-23T13:45:30Z,2025-09-23T14:54:57Z,4,2025-09-23T13:16:13Z,2025-09-23T17:55:00Z,16,16,Determined upon crew arrival,In Progres,OUTAGE,Service Transformer,CAN,NORMAL,42.40364,-83.1254
SE25092300203,2025-09-23T13:45:30Z,2025-09-23T22:50:52Z,25,2025-09-23T13:26:03Z,2025-09-24T13:25:00Z,1,1,Determined upon crew arrival,In Progres,OUTAGE,Single Customer,RFD,NORMAL,42.42943,-83.28028
SW25092300182,2025-09-23T13:45:30Z,2025-09-23T13:45:30Z,1,2025-09-23T13:07:12Z,2025-09-24T13:05:00Z,1,1,Determined upon crew arrival,In Progres,OUTAGE,Service Secondary,ANN,NORMAL,42.34077,-83.75119
SW25092300185,2025-09-23T13:45:30Z,2025-09-23T14:43:32Z,3,2025-09-23T13:10:20Z,2025-09-23T17:40:00Z,12,12,Determined upon crew arrival,In Progres,OUTAGE,Service Transformer,ANN,NORMAL,42.29578,-83.75457
SW25092300186,2025-09-23T13:45:30Z,2025-09-23T17:52:35Z,12,2025-09-23T13:06:56Z,2025-09-24T13:15:00Z,1,1,Determined upon crew arrival,In Progres,OUTAGE,Single Customer,WWS,NORMAL,42.4256,-83.37404
SW25092300187,2025-09-23T13:45:30Z,2025-09-23T19:15:46Z,15,2025-09-23T13:15:37Z,2025-09-24T13:15:00Z,1,1,Determined upon crew arrival,In Progres,OUTAGE,Single Customer,WWS,NORMAL,42.46235,-83.37062
SW25092300199,2025-09-23T13:45:30Z,2025-09-23T14:54:57Z,4,2025-09-23T13:24:53Z,2025-09-24T13:25:00Z,1,1,Determined upon crew arrival,In Progres,OUTAGE,Service Secondary,ANN,NORMAL,42.32078,-83.75925
NW25092300209,2025-09-23T14:19:39Z,2025-09-23T17:41:20Z,10,2025-09-23T13:33:45Z,2025-09-24T13:35:00Z,1,1,Equipment problem,In Progres,OUTAGE,Single Customer,PON,NORMAL,42.54603,-83.41934
NW25092300223,2025-09-23T14:19:39Z,2025-09-23T14:54:57Z,3,2025-09-23T13:49:38Z,2025-09-24T13:50:00Z,1,1,Determined upon crew arrival,In Progres,OUTAGE,Single Customer,PON,NORMAL,42.66059,-83.30047
NW25092300244,2025-09-23T14:19:39Z,2025-09-23T14:43:32Z,2,2025-09-23T14:00:38Z,2025-09-23T18:30:00Z,6,6,Determined upon crew arrival,In Progres,OUTAGE,Service Transformer,PON,NORMAL,42.65755,-83.29808
NW25092300253,2025-09-23T14:19:39Z,2025-09-23T15:52:19Z,6,2025-09-23T14:08:59Z,2025-09-24T14:10:00Z,1,1,Determined upon crew arrival,In Progres,OUTAGE,Single Customer,PON,NORMAL,42.67124,-83.27493
SE25092300208,2025-09-23T14:19:39Z,2025-09-23T15:20:23Z,4,2025-09-23T13:33:08Z,2025-09-24T13:35:00Z,1,1,Determined upon crew arrival,In Progres,OUTAGE,Single Customer,RFD,NORMAL,42.46879,-83.14228
SE25092300210,2025-09-23T14:19:39Z,2025-09-23T14:19:39Z,1,2025-09-23T13:34:00Z,2025-09-24T13:35:00Z,1,1,Determined upon crew arrival,In Progres,OUTAGE,Single Customer,RFD,NORMAL,42.42875,-83.24868
SE25092300211,2025-09-23T14:19:39Z,2025-09-23T14:54:57Z,3,2025-09-23T13:35:12Z,2025-09-24T13:35:00Z,1,1,Determined upon crew arrival,In Progres,OUTAGE,Single Customer,CAN,NORMAL,42.38163,-83.02537
SE25092300234,2025-09-23T14:19:39Z,2025-09-23T14:54:57Z,3,2025-09-23T13:53:15Z,2025-09-24T13:55:00Z,1,1,Determined upon crew arrival,In Progres,OUTAGE,Single Customer,CAN,NORMAL,42.39916,-83.13715
SE25092300237,2025-09-23T14:19:39Z,2025-09-23T14:43:32Z,2,2025-09-23T13:56:21Z,2025-09-24T13:55:00Z,1,1,Determined upon crew arrival,In Progres,OUTAGE,Single Customer,CAN,NORMAL,42.40755,-83.12684
SE25092300242,2025-09-23T14:19:39Z,2025-09-23T14:54:57Z,3,2025-09-23T13:56:11Z,2025-09-24T14:00:00Z,1,1,Determined upon crew arrival,New,OUTAGE,Single Customer,CAN,NORMAL,42.41829,-83.10217
SE25092300251,2025-09-23T14:19:39Z,2025-09-23T14:54:57Z,3,2025-09-23T14:05:26Z,2025-09-24T14:05:00Z,1,1,Determined upon crew arrival,In Progres,OUTAGE,Service Secondary,CAN,NORMAL,42.39386,-83.12881
SW25092300217,2025-09-23T14:19:39Z,2025-09-23T14:54:57Z,3,2025-09-23T13:42:26Z,2025-09-23T18:10:00Z,2,2,Determined upon crew arrival,In Progres,OUTAGE,Service Transformer,ANN,NORMAL,42.34289,-83.76553
SW25092300232,2025-09-23T14:19:39Z,2025-09-23T14:19:39Z,1,2025-09-23T13:52:10Z,2025-09-24T13:50:00Z,1,1,Determined upon crew arrival,PC3 Verifi,OUTAGE,Single Customer,WWS,NORMAL,42.1752,-83.44083
SW25092300233,2025-09-23T14:19:39Z,2025-09-23T14:43:32Z,2,2025-09-23T13:53:14Z,2025-09-24T13:55:00Z,1,1,Determined upon crew arrival,In Progres,OUTAGE,Single Customer,ANN,NORMAL,42.25214,-83.5786
SW25092300240,2025-09-23T14:19:39Z,2025-09-23T20:51:39Z,19,2025-09-23T05:02:21Z,2025-09-24T14:00:00Z,1,1,Equipment problem,In Progres,OUTAGE,Single Customer,WWS,NORMAL,42.46747,-83.32409
SW25092300252,2025-09-23T14:19:39Z,2025-09-23T14:19:39Z,1,2025-09-23T14:08:36Z,2025-09-24T14:10:00Z,1,1,Determined upon crew arrival,New,OUTAGE,Single Customer,WWS,NORMAL,42.2432,-83.39076
SW25092300254,2025-09-23T14:19:39Z,2025-09-23T14:54:57Z,3,2025-09-23T14:09:29Z,2025-09-24T14:10:00Z,1,1,Determined upon crew arrival,In Progres,OUTAGE,Single Customer,WWS,NORMAL,42.43213,-83.31817
NA25092300286,2025-09-23T14:43:32Z,2025-09-23T14:43:32Z,1,2025-09-23T14:30:12Z,,1,1,Determined upon crew arrival,New,OUTAGE,Single Customer,CAN,NORMAL,42.39129,-83.13075
NE25092300266,2025-09-23T14:43:32Z,2025-09-23T15:41:10Z,4,2025-09-23T14:24:50Z,2025-09-24T14:25:00Z,1,1,Determined upon crew arrival,In Progres,OUTAGE,Service Transformer,MAR,NORMAL,42.97335,-82.45861
NW25092300263,2025-09-23T14:43:32Z,2025-09-23T15:52:19Z,5,2025-09-23T01:46:12Z,2025-09-24T14:20:00Z,1,1,Determined upon crew arrival,In Progres,OUTAGE,Single Customer,PON,NORMAL,42.61747,-83.1598
NW25092300279,2025-09-23T14:43:32Z,2025-09-23T14:43:32Z,1,2025-09-23T14:29:38Z,,1,1,Determined upon crew arrival,New,OUTAGE,Single Customer,HWL,NORMAL,42.73268,-84.18376
NW25092300281,2025-09-23T14:43:32Z,2025-09-23T14:43:32Z,1,2025-09-23T14:29:42Z,,1,1,Determined upon crew arrival,New,OUTAGE,Single Customer,HWL,NORMAL,42.77392,-84.11912
NW25092300283,2025-09-23T14:43:32Z,2025-09-23T14:43:32Z,1,2025-09-23T14:29:46Z,,1,1,Determined upon crew arrival,New,OUTAGE,Single Customer,HWL,NORMAL,42.743,-84.14657
NW25092300284,2025-09-23T14:43:32Z,2025-09-23T14:43:32Z,1,2025-09-23T14:30:00Z,,1,1,Determined upon crew arrival,New,OUTAGE,Single Customer,HWL,NORMAL,42.72888,-84.15414
NW25092300285,2025-09-23T14:43:32Z,2025-09-23T14:43:32Z,1,2025-09-23T14:30:10Z,,1,1,Determined upon crew arrival,New,OUTAGE,Single Customer,HWL,NORMAL,42.75786,-84.14044
SE25092300258,2025-09-23T14:43:32Z,2025-09-23T16:25:09Z,6,2025-09-23T14:16:51Z,2025-09-24T14:15:00Z,1,1,Determined upon crew arrival,In Progres,OUTAGE,Single Customer,CAN,NORMAL,42.4044,-83.13371
SE25092300261,2025-09-23T14:43:32Z,2025-09-23T16:25:09Z,6,2025-09-23T14:20:15Z,2025-09-23T18:50:00Z,26,26,Determined upon crew arrival,In Progres,OUTAGE,Device (I),CAN,NORMAL,42.40725,-83.13001
SE25092300265,2025-09-23T14:43:32Z,2025-09-23T14:43:32Z,1,2025-09-23T14:06:19Z,2025-09-23T18:50:00Z,9,9,Determined upon crew arrival,New,OUTAGE,Service Transformer,RFD,NORMAL,42.44555,-83.29245
SW25092300273,2025-09-23T14:43:32Z,2025-09-23T15:20:23Z,3,2025-09-23T14:27:33Z,2025-09-24T14:30:00Z,1,1,Determined upon crew arrival,In Progres,OUTAGE,Single Customer,WWS,NORMAL,42.33162,-83.37187
SW25092300275,2025-09-23T14:43:32Z,2025-09-23T16:46:22Z,7,2025-09-23T14:28:01Z,2025-09-24T14:30:00Z,1,1,Equipment problem,In Progres,OUTAGE,Single Customer,ANN,NORMAL,42.26909,-83.59614
NE25092300306,2025-09-23T14:54:57Z,2025-09-23T23:50:56Z,25,2025-09-23T14:33:08Z,2025-09-24T03:05:00Z,1,1,Equipment problem,In Progres,PRIORITY,,NAE,NORMAL,43.97736,-83.20611
NE25092300325,2025-09-23T14:54:57Z,2025-09-23T15:52:19Z,4,2025-09-23T14:31:16Z,2025-09-23T19:05:00Z,2,2,Determined upon crew arrival,In Progres,OUTAGE,Service Transformer,NAE,NORMAL,43.42586,-82.83109
NE25092300329,2025-09-23T14:54:57Z,2025-09-23T16:25:09Z,5,2025-09-23T14:29:14Z,2025-09-24T14:35:00Z,1,1,Determined upon crew arrival,In Progres,OUTAGE,Single Customer,LAP,NORMAL,43.18273,-83.30771
NW25092300297,2025-09-23T14:54:57Z,2025-09-23T17:52:35Z,9,2025-09-23T14:25:34Z,2025-09-23T19:00:00Z,490,1,Equipment problem,In Progres,OUTAGE,Device (II),HWL,NORMAL,42.75425,-84.16733
NW25092300322,2025-09-23T14:54:57Z,2025-09-23T14:54:57Z,1,2025-09-23T14:25:45Z,2025-09-24T14:35:00Z,1,1,Determined upon crew arrival,New,OUTAGE,Single Customer,HWL,NORMAL,42.7267,-84.13585
SE25092300286,2025-09-23T14:54:57Z,2025-09-23T15:41:10Z,3,2025-09-23T14:30:12Z,2025-09-24T14:30:00Z,1,1,Determined upon crew arrival,In Progres,OUTAGE,Single Customer,CAN,NORMAL,42.39129,-83.13075
SE25092300351,2025-09-23T14:54:57Z,2025-09-23T16:46:22Z,6,2025-09-23T14:41:27Z,2025-09-24T14:40:00Z,1,1,Determined upon crew arrival,In Progres,OUTAGE,Service Secondary,CAN,NORMAL,42.43506,-83.00721
SW25092300348,2025-09-23T14:54:57Z,2025-09-23T16:46:22Z,6,2025-09-23T14:41:08Z,2025-09-24T14:40:00Z,1,1,Determined upon crew arrival,In Progres,OUTAGE,Single Customer,WWS,NORMAL,42.33806,-83.37372
SW25092300352,2025-09-23T14:54:57Z,2025-09-23T15:41:10Z,3,2025-09-23T14:44:18Z,2025-09-24T14:45:00Z,1,1,Determined upon crew arrival,In Progres,OUTAGE,Service Secondary,ANN,NORMAL,42.26156,-83.58535
SW25092300353,2025-09-23T14:54:57Z,2025-09-23T15:52:19Z,4,2025-09-23T14:44:33Z,2025-09-24T14:45:00Z,1,1,Determined upon crew arrival,In Progres,OUTAGE,Single Customer,NPT,NORMAL,41.84843,-83.69035
NE25092300355,2025-09-23T15:20:23Z,2025-09-23T16:25:09Z,4,2025-09-23T14:45:23Z,2025-09-24T14:45:00Z,1,1,Determined upon crew arrival,In Progres,OUTAGE,Single Customer,MTC,NORMAL,42.80273,-82.77376
NE25092300359,2025-09-23T15:20:23Z,2025-09-23T16:46:22Z,5,2025-09-23T14:47:56Z,2025-09-24T14:50:00Z,1,1,Determined upon crew arrival,In Progres,OUTAGE,Single Customer,MTC,NORMAL,42.46893,-82.95978
NE25092300384,2025-09-23T15:20:23Z,2025-09-23T17:52:35Z,8,2025-09-23T15:01:35Z,2025-09-24T15:05:00Z,1,1,Determined upon crew arrival,In Progres,OUTAGE,Single Customer,MTC,NORMAL,42.60743,-82.91747
NE25092300389,2025-09-23T15:20:23Z,2025-09-23T16:46:22Z,5,2025-09-23T15:08:49Z,2025-09-23T19:40:00Z,6,6,Determined upon crew arrival,In Progres,OUTAGE,Service Transformer,NAE,NORMAL,43.42686,-82.83255
NE25092300394,2025-09-23T15:20:23Z,2025-09-23T16:46:22Z,5,2025-09-23T15:01:06Z,2025-09-23T19:40:00Z,5,5,Determined upon crew arrival,In Progres,OUTAGE,Service Transformer,LAP,NORMAL,42.82216,-83.15233
NW25092300368,2025-09-23T15:20:23Z,2025-09-23T16:46:22Z,5,2025-09-23T14:40:33Z,2025-09-24T14:50:00Z,1,1,Determined upon crew arrival,In Progres,OUTAGE,Single Customer,HWL,NORMAL,42.5847,-83.77274
NW25092300390,2025-09-23T15:20:23Z,2025-09-24T02:45:34Z,26,2025-09-23T15:09:38Z,2025-09-24T03:40:00Z,6,6,Determined upon crew arrival,In Progres,OUTAGE,Service Transformer,PON,NORMAL,42.60546,-83.42015
NW25092300392,2025-09-23T15:20:23Z,2025-09-23T15:20:23Z,1,2025-09-23T14:25:36Z,2025-09-23T19:00:00Z,277,277,Determined upon crew arrival,In Progres,OUTAGE,Device (II),HWL,NORMAL,42.75215,-84.18538
SE25092300360,2025-09-23T15:20:23Z,2025-09-23T15:52:19Z,3,2025-09-23T14:47:55Z,2025-09-24T14:50:00Z,1,1,Determined upon crew arrival,In Progres,OUTAGE,Service Secondary,CAN,NORMAL,42.3883,-83.13879
SE25092300371,2025-09-23T15:20:23Z,2025-09-23T16:46:22Z,5,2025-09-23T14:52:45Z,2025-09-24T14:55:00Z,1,1,Determined upon crew arrival,In Progres,OUTAGE,Single Customer,CAN,NORMAL,42.44296,-83.07226
SE25092300397,2025-09-23T15:20:23Z,2025-09-23T16:25:09Z,4,2025-09-23T15:11:44Z,2025-09-24T15:10:00Z,1,1,Determined upon crew arrival,In Progres,OUTAGE,Single Customer,CAN,NORMAL,42.39995,-83.13954
SW25092300357,2025-09-23T15:20:23Z,2025-09-23T18:29:10Z,9,2025-09-23T14:46:10Z,2025-09-24T14:45:00Z,1,1,Determined upon crew arrival,In Progres,OUTAGE,Service Transformer,WWS,NORMAL,42.4473,-83.39018
SW25092300383,2025-09-23T15:20:23Z,2025-09-23T16:25:09Z,4,2025-09-23T15:03:57Z,2025-09-23T19:35:00Z,2,2,Determined upon crew arrival,In Progres,OUTAGE,Service Secondary,ANN,NORMAL,42.22981,-83.58615
SW25092300396,2025-09-23T15:20:23Z,2025-09-23T15:20:23Z,1,2025-09-23T15:11:30Z,2025-09-24T15:10:00Z,1,1,Determined upon crew arrival,In Progres,OUTAGE,Single Customer,NPT,NORMAL,42.17431,-83.25754
SW25092300402,2025-09-23T15:20:23Z,2025-09-23T15:52:19Z,3,2025-09-23T15:12:59Z,2025-09-24T15:15:00Z,1,1,Determined upon crew arrival,In Progres,OUTAGE,Service Secondary,WWS,NORMAL,42.35288,-83.31665
NE25092300416,2025-09-23T15:41:10Z,2025-09-23T16:25:09Z,3,2025-09-23T15:27:12Z,2025-09-24T15:25:00Z,1,1,Determined upon crew arrival,In Progres,OUTAGE,Single Customer,LAP,NORMAL,43.18021,-83.3047
NW25092300404,2025-09-23T15:41:10Z,2025-09-23T17:52:35Z,7,2025-09-23T15:15:20Z,2025-09-24T15:15:00Z,1,1,Determined upon crew arrival,In Progres,OUTAGE,Single Customer,HWL,NORMAL,42.59565,-83.77511
SE25092300405,2025-09-23T15:41:10Z,2025-09-23T15:52:19Z,2,2025-09-23T15:15:27Z,2025-09-24T15:15:00Z,1,1,Determined upon crew arrival,PC3 Verifi,OUTAGE,Single Customer,CAN,NORMAL,42.39683,-82.95223
SW25092300407,2025-09-23T15:41:10Z,2025-09-23T15:52:19Z,2,2025-09-23T15:16:04Z,2025-09-23T19:45:00Z,14,14,Determined upon crew arrival,In Progres,OUTAGE,Service Transformer,WWS,NORMAL,42.29383,-83.36642
SW25092300408,2025-09-23T15:41:10Z,2025-09-23T15:52:19Z,2,2025-09-23T15:16:15Z,2025-09-24T15:15:00Z,1,1,Determined upon crew arrival,In Progres,OUTAGE,Single Customer,ANN,NORMAL,42.26213,-83.58863
SW25092300410,2025-09-23T15:41:10Z,2025-09-23T16:46:22Z,4,2025-09-23T15:19:33Z,2025-09-24T15:20:00Z,1,1,Determined upon crew arrival,In Progres,OUTAGE,Single Customer,WWS,NORMAL,42.25699,-83.23415
SW25092300420,2025-09-23T15:41:10Z,2025-09-23T16:46:22Z,4,2025-09-23T15:27:04Z,2025-09-23T20:00:00Z,77,77,Equipment problem,In Progres,OUTAGE,Device (I),WWS,NORMAL,42.35419,-83.44266
NE25092300435,2025-09-23T15:52:19Z,2025-09-23T19:51:00Z,11,2025-09-23T15:40:36Z,2025-09-24T15:40:00Z,1,1,Determined upon crew arrival,In Progres,OUTAGE,Service Secondary,NAE,NORMAL,43.42711,-82.83327
NW25092300430,2025-09-23T15:52:19Z,2025-09-23T15:52:19Z,1,2025-09-23T15:37:22Z,2025-09-24T15:35:00Z,1,1,Determined upon crew arrival,In Progres,OUTAGE,Single Customer,PON,NORMAL,42.53528,-83.30591
NW25092300431,2025-09-23T15:52:19Z,2025-09-23T15:52:19Z,1,2025-09-23T15:37:44Z,2025-09-23T20:10:00Z,4,4,Determined upon crew arrival,In Progres,OUTAGE,Service Transformer,PON,NORMAL,42.53295,-83.30467
NW25092300438,2025-09-23T15:52:19Z,2025-09-23T15:52:19Z,1,2025-09-23T15:42:23Z,,1,1,Determined upon crew arrival,PC3 Verifi,OUTAGE,Single Customer,PON,NORMAL,42.53471,-83.30851
SE25092300427,2025-09-23T15:52:19Z,2025-09-23T19:51:00Z,11,2025-09-23T15:35:59Z,2025-09-24T15:35:00Z,1,1,Determined upon crew arrival,In Progres,OUTAGE,Single Customer,CAN,NORMAL,42.34362,-83.00884
SE25092300434,2025-09-23T15:52:19Z,2025-09-23T17:52:35Z,6,2025-09-23T15:39:31Z,2025-09-24T15:40:00Z,1,1,Determined upon crew arrival,In Progres,OUTAGE,Service Secondary,RFD,NORMAL,42.33315,-83.28919
SE25092300436,2025-09-23T15:52:19Z,2025-09-23T17:28:02Z,4,2025-09-23T15:40:59Z,2025-09-23T20:10:00Z,7,7,Determined upon crew arrival,In Progres,OUTAGE,Service Transformer,RFD,NORMAL,42.46879,-83.14228
SW25092300422,2025-09-23T15:52:19Z,2025-09-23T16:25:09Z,2,2025-09-23T15:31:59Z,2025-09-24T15:30:00Z,1,1,Determined upon crew arrival,In Progres,OUTAGE,Single Customer,WWS,NORMAL,42.25918,-83.23427
SW25092300432,2025-09-23T15:52:19Z,2025-09-23T18:50:00Z,8,2025-09-23T15:38:50Z,2025-09-24T15:40:00Z,1,1,Animal/bird damaged DTE equip,In Progres,OUTAGE,Single Customer,NPT,NORMAL,41.94744,-83.65164
NE25092300458,2025-09-23T16:25:09Z,2025-09-24T03:52:52Z,25,2025-09-23T15:43:43Z,2025-09-24T15:55:00Z,1,1,Equipment problem,In Progres,OUTAGE,Single Customer,MTC,NORMAL,42.51969,-83.00722
NE25092300470,2025-09-23T16:25:09Z,2025-09-23T22:50:52Z,18,2025-09-23T16:01:58Z,2025-09-24T16:00:00Z,1,1,Equipment problem,In Progres,OUTAGE,Single Customer,MTC,NORMAL,42.47295,-82.97026
NE25092300480,2025-09-23T16:25:09Z,2025-09-23T17:28:02Z,3,2025-09-23T16:10:47Z,2025-09-24T16:10:00Z,1,1,Determined upon crew arrival,In Progres,OUTAGE,Single Customer,NAE,NORMAL,43.66608,-83.56656
NW25092300451,2025-09-23T16:25:09Z,2025-09-23T18:29:10Z,6,2025-09-23T15:42:15Z,2025-09-23T20:20:00Z,2,2,Determined upon crew arrival,In Progres,OUTAGE,Service Secondary,SBY,NORMAL,42.55847,-82.97868
NW25092300457,2025-09-23T16:25:09Z,2025-09-25T02:48:47Z,81,2025-09-23T15:46:19Z,2025-09-25T03:50:00Z,1,1,Equipment problem,In Progres,OUTAGE,Single Customer,PON,NORMAL,42.52227,-83.55033
NW25092300477,2025-09-23T16:25:09Z,2025-09-23T16:46:22Z,2,2025-09-23T16:08:10Z,2025-09-24T16:10:00Z,1,1,Determined upon crew arrival,Pending,OUTAGE,Single Customer,PON,NORMAL,42.66356,-83.30333
NW25092300479,2025-09-23T16:25:09Z,2025-09-23T17:28:02Z,3,2025-09-23T16:09:45Z,2025-09-24T16:10:00Z,1,1,Determined upon crew arrival,In Progres,OUTAGE,Single Customer,HWL,NORMAL,42.57993,-83.76571
SE25092300442,2025-09-23T16:25:09Z,2025-09-23T16:46:22Z,2,2025-09-23T15:45:29Z,2025-09-24T15:45:00Z,1,1,Determined upon crew arrival,In Progres,OUTAGE,Service Secondary,CAN,NORMAL,42.40006,-83.13718
SE25092300460,2025-09-23T16:25:09Z,2025-09-23T16:25:09Z,1,2025-09-23T15:55:17Z,2025-09-24T15:55:00Z,1,1,Determined upon crew arrival,In Progres,OUTAGE,Single Customer,CAN,NORMAL,42.38316,-83.0264
SE25092300461,2025-09-23T16:25:09Z,2025-09-23T16:46:22Z,2,2025-09-23T15:55:33Z,2025-09-24T15:55:00Z,1,1,Determined upon crew arrival,In Progres,OUTAGE,Single Customer,RFD,NORMAL,42.54112,-83.14892
SE25092300465,2025-09-23T16:25:09Z,2025-09-23T17:28:02Z,3,2025-09-23T15:56:53Z,2025-09-23T20:25:00Z,2,2,Determined upon crew arrival,In Progres,OUTAGE,Service Secondary,CAN,NORMAL,42.38351,-83.13367
SE25092300473,2025-09-23T16:25:09Z,2025-09-23T16:46:22Z,2,2025-09-23T16:03:34Z,2025-09-23T20:35:00Z,2,2,Determined upon crew arrival,In Progres,OUTAGE,Service Secondary,RFD,NORMAL,42.46881,-83.1412
SE25092300475,2025-09-23T16:25:09Z,2025-09-23T16:46:22Z,2,2025-09-23T15:59:11Z,2025-09-23T20:35:00Z,2,2,Determined upon crew arrival,New,OUTAGE,Service Secondary,CAN,NORMAL,42.40006,-83.13718
SE25092300485,2025-09-23T16:25:09Z,2025-09-23T17:28:02Z,3,2025-09-23T16:13:44Z,2025-09-23T20:45:00Z,2,2,Determined upon crew arrival,In Progres,OUTAGE,Service Secondary,CAN,NORMAL,42.38007,-83.1338
SW25092300452,2025-09-23T16:25:09Z,2025-09-23T17:41:20Z,4,2025-09-23T15:49:13Z,2025-09-24T15:50:00Z,1,1,Determined upon crew arrival,In Progres,OUTAGE,Single Customer,WWS,NORMAL,42.30228,-83.39276
SW25092300462,2025-09-23T16:25:09Z,2025-09-23T16:46:22Z,2,2025-09-23T15:56:13Z,2025-09-24T15:55:00Z,1,1,Determined upon crew arrival,In Progres,OUTAGE,Single Customer,ANN,NORMAL,42.26213,-83.58863
SW25092300468,2025-09-23T16:25:09Z,2025-09-23T16:25:09Z,1,2025-09-23T15:11:30Z,2025-09-24T16:00:00Z,1,1,Determined upon crew arrival,New,OUTAGE,Single Customer,NPT,NORMAL,42.17431,-83.25754
SW25092300483,2025-09-23T16:25:09Z,2025-09-23T17:41:20Z,4,2025-09-23T16:12:23Z,2025-09-24T16:10:00Z,1,1,Determined upon crew arrival,In Progres,OUTAGE,Service Secondary,WWS,NORMAL,42.43022,-83.32058
NE25092300498,2025-09-23T16:46:22Z,2025-09-23T16:46:22Z,1,2025-09-23T16:21:56Z,2025-09-24T16:20:00Z,1,1,Determined upon crew arrival,In Progres,OUTAGE,Single Customer,LAP,NORMAL,43.18415,-83.29293
NE25092300506,2025-09-23T16:46:22Z,2025-09-23T17:41:20Z,3,2025-09-23T16:27:24Z,2025-09-24T16:30:00Z,1,1,Determined upon crew arrival,In Progres,OUTAGE,Single Customer,MTC,NORMAL,42.47148,-82.9494
NW25092300491,2025-09-23T16:46:22Z,2025-09-23T17:52:35Z,4,2025-09-23T16:03:12Z,2025-09-23T20:50:00Z,3,3,Equipment problem,In Progres,OUTAGE,Service Transformer,HWL,NORMAL,42.46699,-83.64853
SE25092300486,2025-09-23T16:46:22Z,2025-09-23T17:52:35Z,4,2025-09-23T16:15:51Z,2025-09-24T16:15:00Z,1,1,Determined upon crew arrival,In Progres,OUTAGE,Single Customer,CAN,NORMAL,42.38062,-83.13287
SE25092300490,2025-09-23T16:46:22Z,2025-09-24T16:47:43Z,58,2025-09-23T16:18:49Z,2025-09-24T20:20:00Z,1,1,Determined upon crew arrival,In Progres,OUTAGE,Single Customer,RFD,NORMAL,42.30514,-83.11407
SE25092300496,2025-09-23T16:46:22Z,2025-09-23T19:15:46Z,7,2025-09-23T16:21:14Z,2025-09-24T16:20:00Z,1,1,Determined upon crew arrival,In Progres,OUTAGE,Single Customer,CAN,NORMAL,42.37119,-83.04507
SE25092300497,2025-09-23T16:46:22Z,2025-09-23T17:41:20Z,3,2025-09-23T16:10:04Z,2025-09-23T20:50:00Z,37,37,Determined upon crew arrival,In Progres,OUTAGE,Service Transformer,CAN,NORMAL,42.38815,-83.1366
SE25092300499,2025-09-23T16:46:22Z,2025-09-23T19:51:00Z,9,2025-09-23T16:23:04Z,2025-09-24T16:25:00Z,1,1,Equipment problem,In Progres,OUTAGE,Single Customer,CAN,NORMAL,42.35256,-83.07403
SE25092300503,2025-09-23T16:46:22Z,2025-09-23T17:41:20Z,3,2025-09-23T16:10:04Z,2025-09-23T20:55:00Z,4,4,Determined upon crew arrival,In Progres,OUTAGE,Service Transformer,CAN,NORMAL,42.38737,-83.13864
SW25092300500,2025-09-23T16:46:22Z,2025-09-23T17:41:20Z,3,2025-09-23T16:18:16Z,2025-09-23T20:55:00Z,26,26,Determined upon crew arrival,In Progres,OUTAGE,Service Transformer,WWS,NORMAL,42.43022,-83.32058
SW25092300507,2025-09-23T16:46:22Z,2025-09-23T16:46:22Z,1,2025-09-23T16:28:59Z,,1,1,Determined upon crew arrival,New,OUTAGE,Service Transformer,ANN,NORMAL,42.32231,-83.76154
SW25092300508,2025-09-23T16:46:22Z,2025-09-23T16:46:22Z,1,2025-09-23T16:29:03Z,,1,1,Determined upon crew arrival,New,OUTAGE,Single Customer,WWS,NORMAL,42.2743,-83.32953
SW25092300510,2025-09-23T16:46:22Z,2025-09-23T16:46:22Z,1,2025-09-23T16:29:53Z,,1,1,Determined upon crew arrival,New,OUTAGE,Single Customer,ANN,NORMAL,42.23615,-83.58112
NE25092300512,2025-09-23T17:28:02Z,2025-09-23T21:37:29Z,13,2025-09-23T16:30:24Z,2025-09-24T16:30:00Z,1,1,Determined upon crew arrival,In Progres,OUTAGE,Single Customer,MTC,NORMAL,42.79718,-82.77351
NE25092300516,2025-09-23T17:28:02Z,2025-09-23T21:37:29Z,13,2025-09-23T16:32:21Z,2025-09-24T16:30:00Z,1,1,Equipment problem,In Progres,OUTAGE,Single Customer,MTC,NORMAL,42.50037,-83.06954
NE25092300531,2025-09-23T17:28:02Z,2025-09-23T21:51:27Z,14,2025-09-23T16:39:32Z,2025-09-24T16:40:00Z,1,1,Determined upon crew arrival,In Progres,SERVICE DOWN NO,,MTC,NORMAL,42.60608,-82.87059
NE25092300536,2025-09-23T17:28:02Z,2025-09-23T17:41:20Z,2,2025-09-23T16:42:56Z,2025-09-24T16:45:00Z,1,1,Determined upon crew arrival,In Progres,OUTAGE,Single Customer,MTC,NORMAL,42.47163,-82.9484
NE25092300554,2025-09-23T17:28:02Z,2025-09-23T17:52:35Z,3,2025-09-23T16:57:09Z,2025-09-24T17:00:00Z,1,1,Determined upon crew arrival,In Progres,OUTAGE,Single Customer,NAE,NORMAL,43.66128,-82.61462
NE25092300561,2025-09-23T17:28:02Z,2025-09-23T17:52:35Z,3,2025-09-23T16:54:22Z,2025-09-23T21:35:00Z,4,4,Determined upon crew arrival,In Progres,OUTAGE,Service Transformer,NAE,NORMAL,43.43269,-82.83221
NE25092300562,2025-09-23T17:28:02Z,2025-09-23T19:15:46Z,6,2025-09-23T16:56:48Z,2025-09-23T21:35:00Z,2,2,Determined upon crew arrival,In Progres,OUTAGE,Service Secondary,NAE,NORMAL,43.6613,-82.61628
NW25092300514,2025-09-23T17:28:02Z,2025-09-23T19:15:46Z,6,2025-09-23T16:32:06Z,2025-09-24T16:30:00Z,1,1,Equipment problem,In Progres,OUTAGE,Single Customer,HWL,NORMAL,42.71563,-84.32502
NW25092300519,2025-09-23T17:28:02Z,2025-09-23T20:20:59Z,9,2025-09-23T16:33:13Z,2025-09-24T16:35:00Z,1,1,Equipment problem,In Progres,OUTAGE,Single Customer,HWL,NORMAL,42.71604,-84.32417
NW25092300520,2025-09-23T17:28:02Z,2025-09-23T20:20:59Z,9,2025-09-23T16:33:14Z,2025-09-24T16:35:00Z,1,1,Determined upon crew arrival,In Progres,OUTAGE,Single Customer,PON,NORMAL,42.55963,-83.29866
NW25092300535,2025-09-23T17:28:02Z,2025-09-23T18:29:10Z,4,2025-09-23T16:27:45Z,2025-09-23T21:15:00Z,3,3,Equipment problem,In Progres,OUTAGE,Device (I),HWL,NORMAL,42.69424,-84.18866
NW25092300540,2025-09-23T17:28:02Z,2025-09-23T17:52:35Z,3,2025-09-23T16:44:27Z,2025-09-24T16:45:00Z,1,1,Equipment problem,PC3 Verifi,OUTAGE,Single Customer,HWL,NORMAL,42.72849,-84.16834
NW25092300551,2025-09-23T17:28:02Z,2025-09-23T17:52:35Z,3,2025-09-23T16:57:36Z,2025-09-24T17:00:00Z,1,1,Determined upon crew arrival,In Progres,OUTAGE,Single Customer,HWL,NORMAL,42.58692,-83.77286
SE25092300529,2025-09-23T17:28:02Z,2025-09-23T22:50:52Z,16,2025-09-23T16:33:44Z,2025-09-24T16:35:00Z,1,1,Determined upon crew arrival,In Progres,OUTAGE,Single Customer,RFD,NORMAL,42.42492,-83.2488
SE25092300549,2025-09-23T17:28:02Z,2025-09-23T21:51:27Z,14,2025-09-23T16:56:40Z,2025-09-24T01:25:00Z,1,1,Problem with the customer equip,In Progres,PRIORITY,,RFD,NORMAL,42.43693,-83.2625
SE25092300552,2025-09-23T17:28:02Z,2025-09-23T17:52:35Z,3,2025-09-23T16:59:27Z,2025-09-24T17:00:00Z,1,1,Determined upon crew arrival,In Progres,OUTAGE,Single Customer,CAN,NORMAL,42.38193,-83.12625
SE25092300558,2025-09-23T17:28:02Z,2025-09-23T17:52:35Z,3,2025-09-23T17:03:41Z,2025-09-24T17:05:00Z,1,1,Determined upon crew arrival,In Progres,OUTAGE,Single Customer,CAN,NORMAL,42.42661,-83.0563
SE25092300565,2025-09-23T17:28:02Z,2025-09-23T17:52:35Z,3,2025-09-23T17:09:21Z,2025-09-24T17:10:00Z,1,1,Determined upon crew arrival,In Progres,OUTAGE,Single Customer,RFD,NORMAL,42.33327,-83.28677
SE25092300568,2025-09-23T17:28:02Z,2025-09-23T17:52:35Z,3,2025-09-23T17:11:35Z,2025-09-24T17:10:00Z,1,1,Determined upon crew arrival,New,SERVICE DOWN NO,,CAN,NORMAL,42.38007,-83.1338
SE25092300572,2025-09-23T17:28:02Z,2025-09-23T17:41:20Z,2,2025-09-23T17:13:52Z,2025-09-24T17:15:00Z,1,1,Determined upon crew arrival,New,OUTAGE,Single Customer,RFD,NORMAL,42.5028,-83.28935
SW25092300526,2025-09-23T17:28:02Z,2025-09-23T19:51:00Z,8,2025-09-23T16:35:00Z,2025-09-24T16:35:00Z,1,1,Determined upon crew arrival,In Progres,OUTAGE,Single Customer,WWS,NORMAL,42.36759,-83.34394
SW25092300534,2025-09-23T17:28:02Z,2025-09-23T17:52:35Z,3,2025-09-23T16:41:37Z,2025-09-24T16:40:00Z,1,1,Determined upon crew arrival,In Progres,OUTAGE,Service Secondary,WWS,NORMAL,42.23979,-83.48123
SW25092300547,2025-09-23T17:28:02Z,2025-09-23T19:51:00Z,8,2025-09-23T16:52:48Z,2025-09-24T16:55:00Z,1,1,Determined upon crew arrival,In Progres,OUTAGE,Single Customer,ANN,NORMAL,42.01827,-83.6729
SW25092300548,2025-09-23T17:28:02Z,2025-09-23T17:41:20Z,2,2025-09-23T16:56:02Z,2025-09-24T16:55:00Z,1,1,Determined upon crew arrival,In Progres,OUTAGE,Single Customer,WWS,NORMAL,42.25918,-83.23427
SW25092300557,2025-09-23T17:28:02Z,2025-09-23T17:52:35Z,3,2025-09-23T17:03:33Z,2025-09-24T17:05:00Z,1,1,Determined upon crew arrival,In Progres,OUTAGE,Single Customer,WWS,NORMAL,42.3297,-83.37053
SW25092300571,2025-09-23T17:28:02Z,2025-09-23T18:29:10Z,4,2025-09-23T17:13:06Z,2025-09-24T17:15:00Z,1,1,Determined upon crew arrival,In Progres,OUTAGE,Single Customer,WWS,NORMAL,42.35865,-83.51309
SE25092300574,2025-09-23T17:41:20Z,2025-09-23T23:50:56Z,18,2025-09-23T17:16:22Z,2025-09-24T17:15:00Z,1,1,Determined upon crew arrival,In Progres,OUTAGE,Single Customer,RFD,NORMAL,42.42934,-83.22347
SE25092300591,2025-09-23T17:41:20Z,2025-09-23T17:41:20Z,1,2025-09-23T17:07:21Z,2025-09-23T21:55:00Z,6,6,Determined upon crew arrival,New,OUTAGE,Service Transformer,CAN,NORMAL,42.4274,-83.05378
SW25092300573,2025-09-23T17:41:20Z,2025-09-23T18:29:10Z,3,2025-09-23T16:27:42Z,2025-09-24T17:15:00Z,1,1,Determined upon crew arrival,In Progres,OUTAGE,Single Customer,WWS,NORMAL,42.23319,-83.2537
SW25092300584,2025-09-23T17:41:20Z,2025-09-23T20:51:39Z,10,2025-09-23T17:16:45Z,2025-09-23T21:50:00Z,18,18,Equipment problem,In Progres,OUTAGE,Device (II),WWS,NORMAL,42.37724,-83.41029
SW25092300597,2025-09-23T17:41:20Z,2025-09-23T20:40:42Z,9,2025-09-23T17:21:52Z,2025-09-24T17:25:00Z,1,1,Equipment problem,In Progres,OUTAGE,Single Customer,WWS,NORMAL,42.34504,-83.33824
NW25092300607,2025-09-23T17:52:35Z,2025-09-23T19:15:46Z,4,2025-09-23T17:32:51Z,2025-09-24T17:35:00Z,1,1,Equipment problem,In Progres,OUTAGE,Single Customer,HWL,NORMAL,42.65447,-83.90046
NW25092300618,2025-09-23T17:52:35Z,2025-09-23T18:50:00Z,3,2025-09-23T17:34:40Z,2025-09-24T17:35:00Z,1,1,Equipment problem,In Progres,OUTAGE,Single Customer,HWL,NORMAL,42.63011,-83.97533
NW25092300621,2025-09-23T17:52:35Z,2025-09-23T17:52:35Z,1,2025-09-23T17:36:49Z,2025-09-24T17:35:00Z,1,1,Determined upon crew arrival,New,OUTAGE,Single Customer,HWL,NORMAL,42.66335,-83.97492
NW25092300640,2025-09-23T17:52:35Z,2025-09-23T21:51:27Z,12,2025-09-23T17:45:01Z,2025-09-24T17:45:00Z,1,1,Equipment problem,Pending,OUTAGE,Single Customer,SBY,NORMAL,42.65813,-83.06527
SE25092300613,2025-09-23T17:52:35Z,2025-09-23T19:15:46Z,4,2025-09-23T17:33:08Z,2025-09-24T17:35:00Z,1,1,Determined upon crew arrival,In Progres,OUTAGE,Single Customer,CAN,NORMAL,42.41435,-83.03868
SW25092300605,2025-09-23T17:52:35Z,2025-09-23T21:16:42Z,10,2025-09-23T17:32:09Z,2025-09-24T17:30:00Z,1,1,Determined upon crew arrival,In Progres,OUTAGE,Single Customer,WWS,NORMAL,42.29897,-83.4253
SW25092300633,2025-09-23T17:52:35Z,2025-09-23T17:52:35Z,1,2025-09-23T17:16:45Z,,2,2,Determined upon crew arrival,New,OUTAGE,Service Secondary,WWS,NORMAL,42.38409,-83.4257
SW25092300636,2025-09-23T17:52:35Z,2025-09-23T17:52:35Z,1,2025-09-23T17:16:45Z,,101,101,Determined upon crew arrival,New,OUTAGE,Device (II),WWS,NORMAL,42.38661,-83.41973
NE25092300655,2025-09-23T18:29:10Z,2025-09-23T18:29:10Z,1,2025-09-23T17:51:31Z,2025-09-24T17:50:00Z,1,1,Determined upon crew arrival,In Progres,OUTAGE,Single Customer,MTC,NORMAL,42.81061,-82.75758
NE25092300687,2025-09-23T18:29:10Z,2025-09-23T19:15:46Z,3,2025-09-23T18:04:10Z,2025-09-24T18:05:00Z,1,1,Determined upon crew arrival,PC3 Verifi,OUTAGE,Single Customer,LAP,NORMAL,42.88263,-83.42077
NE25092300697,2025-09-23T18:29:10Z,2025-09-23T20:40:42Z,7,2025-09-23T18:06:40Z,2025-09-24T18:05:00Z,1,1,Animal/bird damaged DTE equip,In Progres,OUTAGE,Single Customer,MAR,NORMAL,43.19118,-82.69059
NW25092300664,2025-09-23T18:29:10Z,2025-09-23T18:29:10Z,1,2025-09-23T17:59:00Z,2025-09-24T18:00:00Z,1,1,Determined upon crew arrival,PC3 Verifi,OUTAGE,Single Customer,HWL,NORMAL,42.71617,-84.32763
NW25092300673,2025-09-23T18:29:10Z,2025-09-23T18:29:10Z,1,2025-09-23T18:03:00Z,2025-09-24T18:05:00Z,1,1,Determined upon crew arrival,In Progres,OUTAGE,Single Customer,PON,NORMAL,42.82512,-83.47986
NW25092300674,2025-09-23T18:29:10Z,2025-09-23T18:29:10Z,1,2025-09-23T18:03:04Z,2025-09-24T18:05:00Z,1,1,Determined upon crew arrival,In Progres,OUTAGE,Single Customer,PON,NORMAL,42.86758,-83.53131
NW25092300676,2025-09-23T18:29:10Z,2025-09-23T18:29:10Z,1,2025-09-23T18:03:13Z,2025-09-24T18:05:00Z,1,1,Determined upon crew arrival,In Progres,OUTAGE,Single Customer,PON,NORMAL,42.82971,-83.54039
NW25092300680,2025-09-23T18:29:10Z,2025-09-23T18:29:10Z,1,2025-09-23T18:03:41Z,2025-09-24T18:05:00Z,1,1,Determined upon crew arrival,In Progres,OUTAGE,Single Customer,PON,NORMAL,42.81055,-83.50943
NW25092300684,2025-09-23T18:29:10Z,2025-09-23T18:29:10Z,1,2025-09-23T18:04:08Z,2025-09-24T18:05:00Z,1,1,Determined upon crew arrival,In Progres,OUTAGE,Single Customer,PON,NORMAL,42.86575,-83.53123
NW25092300689,2025-09-23T18:29:10Z,2025-09-23T19:51:00Z,5,2025-09-23T18:04:21Z,2025-09-24T18:05:00Z,1,1,Determined upon crew arrival,In Progres,OUTAGE,Single Customer,PON,NORMAL,42.80253,-83.50284
NW25092300691,2025-09-23T18:29:10Z,2025-09-23T18:29:10Z,1,2025-09-23T18:04:30Z,2025-09-24T18:05:00Z,1,1,Determined upon crew arrival,In Progres,OUTAGE,Single Customer,PON,NORMAL,42.87217,-83.49586
NW25092300693,2025-09-23T18:29:10Z,2025-09-23T18:29:10Z,1,2025-09-23T18:05:08Z,2025-09-24T18:05:00Z,1,1,Determined upon crew arrival,In Progres,OUTAGE,Single Customer,PON,NORMAL,42.81992,-83.4715
NW25092300694,2025-09-23T18:29:10Z,2025-09-23T18:29:10Z,1,2025-09-23T18:06:03Z,2025-09-24T18:05:00Z,1,1,Determined upon crew arrival,In Progres,OUTAGE,Single Customer,PON,NORMAL,42.87388,-83.42152
NW25092300696,2025-09-23T18:29:10Z,2025-09-23T18:29:10Z,1,2025-09-23T18:06:20Z,2025-09-24T18:05:00Z,1,1,Determined upon crew arrival,In Progres,OUTAGE,Single Customer,PON,NORMAL,42.83633,-83.40914
NW25092300703,2025-09-23T18:29:10Z,2025-09-23T18:29:10Z,1,2025-09-23T18:08:00Z,2025-09-24T18:10:00Z,1,1,Determined upon crew arrival,In Progres,OUTAGE,Single Customer,PON,NORMAL,42.8338,-83.45046
NW25092300704,2025-09-23T18:29:10Z,2025-09-23T18:29:10Z,1,2025-09-23T18:09:06Z,2025-09-24T18:10:00Z,1,1,Determined upon crew arrival,New,OUTAGE,Single Customer,HWL,NORMAL,42.57559,-84.06441
SE25092300699,2025-09-23T18:29:10Z,2025-09-23T18:29:10Z,1,2025-09-23T18:06:45Z,2025-09-24T18:05:00Z,1,1,Determined upon crew arrival,In Progres,OUTAGE,Single Customer,CAN,NORMAL,42.3598,-83.02393
SW25092300641,2025-09-23T18:29:10Z,2025-09-23T21:16:42Z,9,2025-09-23T17:45:28Z,2025-09-24T17:45:00Z,1,1,Determined upon crew arrival,In Progres,OUTAGE,Single Customer,ANN,NORMAL,42.26156,-83.58535
SW25092300658,2025-09-23T18:29:10Z,2025-09-23T18:29:10Z,1,2025-09-23T17:52:41Z,2025-09-23T22:25:00Z,5,5,Determined upon crew arrival,In Progres,OUTAGE,Service Transformer,WWS,NORMAL,42.20572,-83.51369
SW25092300661,2025-09-23T18:29:10Z,2025-09-23T18:50:00Z,2,2025-09-23T17:55:05Z,2025-09-24T17:55:00Z,1,1,Determined upon crew arrival,In Progres,OUTAGE,Single Customer,ANN,NORMAL,42.32231,-83.76278
SW25092300682,2025-09-23T18:29:10Z,2025-09-23T20:40:42Z,7,2025-09-23T17:58:11Z,2025-09-23T22:35:00Z,35,35,Equipment problem,In Progres,OUTAGE,Device (II),ANN,NORMAL,42.37734,-83.99312
NW25092300713,2025-09-23T18:50:00Z,2025-09-23T20:20:59Z,5,2025-09-23T18:15:51Z,2025-09-23T22:45:00Z,2,2,Determined upon crew arrival,PC3 Verifi,OUTAGE,Service Secondary,PON,NORMAL,42.67168,-83.27908
NW25092300721,2025-09-23T18:50:00Z,2025-09-24T17:40:17Z,55,2025-09-23T18:20:37Z,2025-09-24T18:20:00Z,1,1,Determined upon crew arrival,In Progres,OUTAGE,Single Customer,PON,NORMAL,42.5433,-83.22212
SE25092300834,2025-09-23T18:50:00Z,2025-09-23T18:50:00Z,1,2025-09-23T18:40:58Z,2025-09-24T18:40:00Z,1,1,Determined upon crew arrival,New,OUTAGE,Single Customer,RFD,NORMAL,42.4357,-83.17672
SW25092300722,2025-09-23T18:50:00Z,2025-09-23T19:15:46Z,2,2025-09-23T18:20:37Z,2025-09-24T18:20:00Z,1,1,Determined upon crew arrival,In Progres,OUTAGE,Single Customer,WWS,NORMAL,42.33735,-83.3737
SW25092300729,2025-09-23T18:50:00Z,2025-09-23T19:15:46Z,2,2025-09-23T18:31:32Z,2025-09-23T23:00:00Z,199,199,Determined upon crew arrival,In Progres,OUTAGE,Subtransmission,NPT,NORMAL,42.06817,-83.22069
SW25092300733,2025-09-23T18:50:00Z,2025-09-23T18:50:00Z,1,2025-09-23T18:32:54Z,2025-09-24T18:35:00Z,1,1,Determined upon crew arrival,New,OUTAGE,Single Customer,NPT,NORMAL,42.13649,-83.21078
SW25092300737,2025-09-23T18:50:00Z,2025-09-23T18:50:00Z,1,2025-09-23T18:33:45Z,2025-09-23T23:05:00Z,1,1,Determined upon crew arrival,New,PRIORITY,,NPT,NORMAL,42.08853,-83.27315
SW25092300756,2025-09-23T18:50:00Z,2025-09-23T18:50:00Z,1,2025-09-23T18:34:44Z,2025-09-24T18:35:00Z,1,1,Determined upon crew arrival,New,OUTAGE,Single Customer,NPT,NORMAL,42.09146,-83.22139
SW25092300760,2025-09-23T18:50:00Z,2025-09-23T19:51:00Z,4,2025-09-23T18:34:53Z,2025-09-23T23:05:00Z,73,73,Determined upon crew arrival,In Progres,OUTAGE,Device (I),NPT,NORMAL,42.08067,-83.21838
SW25092300763,2025-09-23T18:50:00Z,2025-09-23T18:50:00Z,1,2025-09-23T18:34:57Z,2025-09-23T23:05:00Z,1,1,Determined upon crew arrival,New,PRIORITY,,NPT,NORMAL,42.08736,-83.274
SW25092300765,2025-09-23T18:50:00Z,2025-09-23T18:50:00Z,1,2025-09-23T18:35:07Z,2025-09-24T18:35:00Z,1,1,Determined upon crew arrival,New,OUTAGE,Single Customer,NPT,NORMAL,42.08896,-83.19928
SW25092300766,2025-09-23T18:50:00Z,2025-09-23T19:51:00Z,4,2025-09-23T18:31:42Z,2025-09-23T23:05:00Z,55,55,Determined upon crew arrival,In Progres,OUTAGE,Device (I),NPT,NORMAL,42.07878,-83.21968
SW25092300767,2025-09-23T18:50:00Z,2025-09-23T19:15:46Z,2,2025-09-23T18:35:25Z,2025-09-24T18:35:00Z,1,1,Determined upon crew arrival,New,OUTAGE,Single Customer,NPT,NORMAL,42.09455,-83.19793
SW25092300771,2025-09-23T18:50:00Z,2025-09-23T23:37:20Z,14,2025-09-23T18:35:43Z,2025-09-24T03:05:00Z,65,65,Equipment problem,In Progres,OUTAGE,Device (I),NPT,NORMAL,42.07895,-83.22116
SW25092300772,2025-09-23T18:50:00Z,2025-09-23T18:50:00Z,1,2025-09-23T18:35:51Z,2025-09-24T18:35:00Z,1,1,Determined upon crew arrival,New,OUTAGE,Single Customer,NPT,NORMAL,42.08065,-83.18563
SW25092300773,2025-09-23T18:50:00Z,2025-09-23T18:50:00Z,1,2025-09-23T18:35:59Z,2025-09-23T23:05:00Z,2,2,Determined upon crew arrival,New,OUTAGE,Service Secondary,NPT,NORMAL,42.07577,-83.22211
SW25092300774,2025-09-23T18:50:00Z,2025-09-23T22:39:19Z,11,2025-09-23T18:31:24Z,2025-09-23T23:05:00Z,1170,1170,Equipment problem,In Progres,OUTAGE,Device (II),NPT,NORMAL,42.06825,-83.22028
SW25092300796,2025-09-23T18:50:00Z,2025-09-23T18:50:00Z,1,2025-09-23T18:37:31Z,2025-09-24T18:40:00Z,1,1,Determined upon crew arrival,New,OUTAGE,Single Customer,NPT,NORMAL,42.07569,-83.21989
SW25092300800,2025-09-23T18:50:00Z,2025-09-23T19:51:00Z,4,2025-09-23T18:31:31Z,2025-09-23T23:10:00Z,495,495,Determined upon crew arrival,In Progres,OUTAGE,Device (II),NPT,NORMAL,42.08479,-83.19594
SW25092300807,2025-09-23T18:50:00Z,2025-09-23T18:50:00Z,1,2025-09-23T18:38:07Z,2025-09-24T18:40:00Z,1,1,Determined upon crew arrival,New,OUTAGE,Single Customer,NPT,NORMAL,42.08606,-83.18821
SW25092300808,2025-09-23T18:50:00Z,2025-09-23T18:50:00Z,1,2025-09-23T18:38:09Z,2025-09-24T18:40:00Z,1,1,Determined upon crew arrival,New,OUTAGE,Single Customer,NPT,NORMAL,42.08453,-83.19221
SW25092300811,2025-09-23T18:50:00Z,2025-09-23T18:50:00Z,1,2025-09-23T18:38:16Z,2025-09-24T18:40:00Z,1,1,Determined upon crew arrival,New,OUTAGE,Single Customer,NPT,NORMAL,42.09104,-83.20428
SW25092300823,2025-09-23T18:50:00Z,2025-09-23T18:50:00Z,1,2025-09-23T18:38:43Z,2025-09-24T18:40:00Z,1,1,Determined upon crew arrival,New,OUTAGE,Single Customer,NPT,NORMAL,42.07825,-83.25339
SW25092300824,2025-09-23T18:50:00Z,2025-09-24T01:25:36Z,16,2025-09-23T18:38:51Z,2025-09-24T03:10:00Z,1,1,Determined upon crew arrival,PC3 Verifi,PRIORITY,,NPT,NORMAL,42.06465,-83.23881
SW25092300831,2025-09-23T18:50:00Z,2025-09-23T18:50:00Z,1,2025-09-23T18:40:29Z,2025-09-24T18:40:00Z,1,1,Determined upon crew arrival,New,OUTAGE,Single Customer,NPT,NORMAL,42.06706,-83.23463
SW25092300835,2025-09-23T18:50:00Z,2025-09-23T20:51:39Z,7,2025-09-23T18:41:23Z,2025-09-24T18:40:00Z,1,1,Determined upon crew arrival,PC3 Verifi,OUTAGE,Single Customer,NPT,NORMAL,42.08793,-83.2316
SW25092300839,2025-09-23T18:50:00Z,2025-09-23T23:16:55Z,13,2025-09-23T18:31:24Z,2025-09-23T23:15:00Z,1733,1733,Equipment problem,In Progres,OUTAGE,Device (II),NPT,NORMAL,42.07668,-83.23912
NE25092300848,2025-09-23T19:15:46Z,2025-09-24T01:25:36Z,15,2025-09-23T18:46:06Z,2025-09-24T02:30:00Z,2,2,Equipment problem,In Progres,OUTAGE,Service Secondary,MTC,NORMAL,42.68548,-82.9176
NE25092300875,2025-09-23T19:15:46Z,2025-09-23T22:39:19Z,10,2025-09-23T02:35:46Z,2025-09-24T19:00:00Z,1,1,Determined upon crew arrival,In Progres,OUTAGE,Single Customer,LAP,NORMAL,43.26733,-83.53135
NW25092300857,2025-09-23T19:15:46Z,2025-09-23T21:16:42Z,7,2025-09-23T17:55:59Z,2025-09-24T18:50:00Z,1,1,Equipment problem,In Progres,OUTAGE,Single Customer,HWL,NORMAL,42.52734,-83.91786
NW25092300871,2025-09-23T19:15:46Z,2025-09-24T17:51:32Z,55,2025-09-23T18:56:45Z,2025-09-24T18:55:00Z,1,1,Problem with the customer equip,In Progres,OUTAGE,Single Customer,PON,NORMAL,42.60689,-83.3398
SW25092300844,2025-09-23T19:15:46Z,2025-09-23T19:15:46Z,1,2025-09-23T18:45:15Z,2025-09-24T18:45:00Z,1,1,Determined upon crew arrival,New,OUTAGE,Single Customer,NPT,NORMAL,42.08928,-83.2239
SW25092300845,2025-09-23T19:15:46Z,2025-09-23T19:15:46Z,1,2025-09-23T18:45:30Z,2025-09-24T18:45:00Z,1,1,Determined upon crew arrival,New,OUTAGE,Single Customer,NPT,NORMAL,42.09366,-83.18792
SW25092300851,2025-09-23T19:15:46Z,2025-09-23T23:50:56Z,14,2025-09-23T18:47:36Z,2025-09-24T18:50:00Z,1,1,Determined upon crew arrival,PC3 Verifi,OUTAGE,Single Customer,NPT,NORMAL,42.09444,-83.2368
SW25092300860,2025-09-23T19:15:46Z,2025-09-23T19:15:46Z,1,2025-09-23T18:49:57Z,2025-09-23T23:20:00Z,8,8,Determined upon crew arrival,In Progres,OUTAGE,Service Transformer,WWS,NORMAL,42.20643,-83.51363
NE25092300916,2025-09-23T19:37:50Z,2025-09-24T08:48:35Z,30,2025-09-23T19:25:58Z,2025-09-24T19:25:00Z,1,1,Determined upon crew arrival,In Progres,OUTAGE,Single Customer,MTC,NORMAL,42.45944,-82.90947
SE25092300909,2025-09-23T19:37:50Z,2025-09-23T23:50:56Z,13,2025-09-23T19:15:48Z,2025-09-24T19:15:00Z,1,1,Determined upon crew arrival,In Progres,OUTAGE,Single Customer,RFD,NORMAL,42.41302,-83.18213
SW25092300878,2025-09-23T19:37:50Z,2025-09-23T19:51:00Z,2,2025-09-23T19:00:46Z,2025-09-24T19:00:00Z,1,1,Determined upon crew arrival,PC3 Verifi,OUTAGE,Single Customer,NPT,NORMAL,42.09946,-83.19728
SW25092300897,2025-09-23T19:37:50Z,2025-09-24T06:51:00Z,25,2025-09-23T19:09:25Z,2025-09-24T07:40:00Z,1,1,Determined upon crew arrival,In Progres,PRIORITY,,NPT,NORMAL,42.06501,-83.21097
SW25092300898,2025-09-23T19:37:50Z,2025-09-24T01:25:36Z,14,2025-09-23T19:10:22Z,2025-09-24T03:40:00Z,1,1,Determined upon crew arrival,In Progres,PRIORITY,,NPT,NORMAL,42.09344,-83.23399
SW25092300903,2025-09-23T19:37:50Z,2025-09-24T06:29:25Z,24,2025-09-23T19:12:57Z,2025-09-24T07:45:00Z,1,1,Determined upon crew arrival,In Progres,PRIORITY,,NPT,NORMAL,42.08605,-83.23255
SW25092300908,2025-09-23T19:37:50Z,2025-09-23T19:51:00Z,2,2025-09-23T18:45:15Z,2025-09-24T19:15:00Z,1,1,Determined upon crew arrival,PC3 Verifi,OUTAGE,Single Customer,NPT,NORMAL,42.08928,-83.2239
SW25092300914,2025-09-23T19:37:50Z,2025-09-23T19:37:50Z,1,2025-09-23T18:31:24Z,2025-09-23T23:00:00Z,199,199,Determined upon crew arrival,In Progres,OUTAGE,Device (II),NPT,NORMAL,42.06817,-83.22069
SW25092300921,2025-09-23T19:37:50Z,2025-09-23T19:37:50Z,1,2025-09-23T18:31:29Z,,386,386,Determined upon crew arrival,New,OUTAGE,Device (II),NPT,NORMAL,42.06885,-83.21773
NE25092300924,2025-09-23T19:51:00Z,2025-09-23T19:51:00Z,1,2025-09-23T19:32:29Z,2025-09-24T00:05:00Z,5,5,Determined upon crew arrival,In Progres,OUTAGE,Service Transformer,MAR,NORMAL,43.22539,-82.62601
NE25092300925,2025-09-23T19:51:00Z,2025-09-23T21:37:29Z,6,2025-09-23T19:29:45Z,2025-09-24T00:05:00Z,131,131,Equipment problem,In Progres,OUTAGE,Device (II),MAR,NORMAL,43.23636,-82.63389
NE25092300928,2025-09-23T19:51:00Z,2025-09-23T19:51:00Z,1,2025-09-23T19:35:15Z,2025-09-24T19:35:00Z,6,6,Determined upon crew arrival,New,OUTAGE,Device (I),MAR,NORMAL,43.25442,-82.62527
NE25092300929,2025-09-23T19:51:00Z,2025-09-23T19:51:00Z,1,2025-09-23T19:35:19Z,2025-09-24T19:35:00Z,1,1,Determined upon crew arrival,New,OUTAGE,Single Customer,MAR,NORMAL,43.23723,-82.62451
NE25092300930,2025-09-23T19:51:00Z,2025-09-23T19:51:00Z,1,2025-09-23T19:35:22Z,2025-09-24T19:35:00Z,1,1,Determined upon crew arrival,New,OUTAGE,Single Customer,MAR,NORMAL,43.23565,-82.6316
NE25092300931,2025-09-23T19:51:00Z,2025-09-23T19:51:00Z,1,2025-09-23T19:35:22Z,2025-09-24T19:35:00Z,1,1,Determined upon crew arrival,New,OUTAGE,Single Customer,MAR,NORMAL,43.24806,-82.62528
NE25092300932,2025-09-23T19:51:00Z,2025-09-23T19:51:00Z,1,2025-09-23T19:37:23Z,2025-09-24T19:35:00Z,1,1,Determined upon crew arrival,New,OUTAGE,Single Customer,MAR,NORMAL,43.23353,-82.62114
NE25092300933,2025-09-23T19:51:00Z,2025-09-23T19:51:00Z,1,2025-09-23T19:37:58Z,2025-09-24T19:40:00Z,1,1,Determined upon crew arrival,New,OUTAGE,Single Customer,MAR,NORMAL,43.24623,-82.62494
NE25092300935,2025-09-23T19:51:00Z,2025-09-23T19:51:00Z,1,2025-09-23T19:38:48Z,2025-09-24T19:40:00Z,1,1,Determined upon crew arrival,New,OUTAGE,Single Customer,MAR,NORMAL,43.22203,-82.63833
NE25092300938,2025-09-23T19:51:00Z,2025-09-23T19:51:00Z,1,2025-09-23T19:41:04Z,2025-09-24T19:40:00Z,1,1,Determined upon crew arrival,New,OUTAGE,Single Customer,MAR,NORMAL,43.22188,-82.64137
NE25092300940,2025-09-23T19:51:00Z,2025-09-23T19:51:00Z,1,2025-09-23T19:41:25Z,2025-09-24T19:40:00Z,1,1,Determined upon crew arrival,New,OUTAGE,Single Customer,MAR,NORMAL,43.24877,-82.65652
NE25092300942,2025-09-23T19:51:00Z,2025-09-23T19:51:00Z,1,2025-09-23T19:42:30Z,,1,1,Determined upon crew arrival,New,OUTAGE,Single Customer,MAR,NORMAL,43.24936,-82.64164
NE25092300943,2025-09-23T19:51:00Z,2025-09-23T19:51:00Z,1,2025-09-23T19:42:45Z,,1,1,Determined upon crew arrival,New,OUTAGE,Single Customer,MAR,NORMAL,43.23896,-82.62417
NE25092300945,2025-09-23T19:51:00Z,2025-09-23T19:51:00Z,1,2025-09-23T19:43:21Z,,1,1,Determined upon crew arrival,New,OUTAGE,Single Customer,MAR,NORMAL,43.25014,-82.60856
NE25092300946,2025-09-23T19:51:00Z,2025-09-23T19:51:00Z,1,2025-09-23T19:43:23Z,,1,1,Determined upon crew arrival,New,OUTAGE,Single Customer,MAR,NORMAL,43.24949,-82.63829
NE25092300947,2025-09-23T19:51:00Z,2025-09-23T19:51:00Z,1,2025-09-23T19:43:47Z,,1,1,Determined upon crew arrival,New,OUTAGE,Single Customer,MAR,NORMAL,43.24483,-82.62498
NE25092300948,2025-09-23T19:51:00Z,2025-09-23T19:51:00Z,1,2025-09-23T19:44:18Z,,1,1,Determined upon crew arrival,New,OUTAGE,Single Customer,MAR,NORMAL,43.23948,-82.62462
NE25092300949,2025-09-23T19:51:00Z,2025-09-23T19:51:00Z,1,2025-09-23T19:29:45Z,,1,1,Determined upon crew arrival,New,OUTAGE,Single Customer,MAR,NORMAL,43.24869,-82.61661
NE25092300950,2025-09-23T19:51:00Z,2025-09-23T19:51:00Z,1,2025-09-23T19:29:45Z,,1,1,Determined upon crew arrival,New,OUTAGE,Single Customer,MAR,NORMAL,43.2238,-82.63099
NE25092300951,2025-09-23T19:51:00Z,2025-09-23T19:51:00Z,1,2025-09-23T19:29:45Z,,2,2,Determined upon crew arrival,New,OUTAGE,Service Transformer,MAR,NORMAL,43.22979,-82.63946
NE25092300952,2025-09-23T19:51:00Z,2025-09-23T19:51:00Z,1,2025-09-23T19:29:59Z,,1,1,Determined upon crew arrival,New,OUTAGE,Single Customer,MAR,NORMAL,43.22999,-82.62117
NE25092300953,2025-09-23T19:51:00Z,2025-09-23T19:51:00Z,1,2025-09-23T19:45:09Z,,1,1,Determined upon crew arrival,New,OUTAGE,Single Customer,MAR,NORMAL,43.22222,-82.63596
SW25092300927,2025-09-23T19:51:00Z,2025-09-23T21:51:27Z,7,2025-09-23T19:34:36Z,2025-09-24T19:35:00Z,1,1,Determined upon crew arrival,PC3 Verifi,OUTAGE,Single Customer,WWS,NORMAL,42.30529,-83.4329
SW25092300941,2025-09-23T19:51:00Z,2025-09-24T01:25:36Z,13,2025-09-23T19:42:07Z,2025-09-24T04:10:00Z,1,1,Determined upon crew arrival,In Progres,PRIORITY,,NPT,NORMAL,42.07946,-83.23236
NE25092300983,2025-09-23T20:20:59Z,2025-09-23T21:51:27Z,6,2025-09-23T20:12:59Z,2025-09-24T20:15:00Z,1,1,Determined upon crew arrival,PC3 Verifi,OUTAGE,Single Customer,LAP,NORMAL,42.857,-83.11032
NW25092300975,2025-09-23T20:20:59Z,2025-09-24T03:31:48Z,14,2025-09-23T19:49:48Z,2025-09-24T04:35:00Z,2,2,Equipment problem,In Progres,OUTAGE,Service Transformer,PON,NORMAL,42.65408,-83.37372
SE25092300962,2025-09-23T20:20:59Z,2025-09-23T21:16:42Z,4,2025-09-23T19:50:26Z,2025-09-24T00:25:00Z,17,17,Determined upon crew arrival,In Progres,OUTAGE,Service Transformer,RFD,NORMAL,42.5028,-83.28935
SE25092300968,2025-09-23T20:20:59Z,2025-09-23T22:39:19Z,7,2025-09-23T19:59:33Z,2025-09-24T20:00:00Z,1,1,Equipment problem,In Progres,OUTAGE,Single Customer,CAN,NORMAL,42.44296,-83.07226
SE25092300981,2025-09-23T20:20:59Z,2025-09-24T01:25:36Z,12,2025-09-23T20:11:04Z,2025-09-24T20:10:00Z,1,1,Determined upon crew arrival,In Progres,SERVICE DOWN NO,,CAN,NORMAL,42.39064,-83.12507
SE25092300982,2025-09-23T20:20:59Z,2025-09-23T21:51:27Z,6,2025-09-23T20:12:14Z,2025-09-24T20:10:00Z,1,1,Equipment problem,In Progres,OUTAGE,Single Customer,CAN,NORMAL,42.3817,-82.99991
SE25092300985,2025-09-23T20:20:59Z,2025-09-23T23:50:56Z,11,2025-09-23T20:05:57Z,2025-09-24T20:15:00Z,1,1,Determined upon crew arrival,In Progres,OUTAGE,Single Customer,RFD,NORMAL,42.45291,-83.09681
NW25092301001,2025-09-23T20:40:42Z,2025-09-24T15:41:10Z,45,2025-09-23T20:27:44Z,2025-09-24T20:30:00Z,1,1,Equipment problem,In Progres,OUTAGE,Single Customer,PON,NORMAL,42.6546,-83.37275
NW25092301002,2025-09-23T20:40:42Z,2025-09-23T22:50:52Z,7,2025-09-23T20:29:16Z,2025-09-24T20:30:00Z,1,1,Determined upon crew arrival,In Progres,OUTAGE,Single Customer,HWL,NORMAL,42.55355,-83.65869
SW25092300998,2025-09-23T20:40:42Z,2025-09-23T23:50:56Z,10,2025-09-23T20:25:33Z,2025-09-24T00:55:00Z,1,1,Determined upon crew arrival,In Progres,PRIORITY,,WWS,NORMAL,42.3212,-83.45924
NE25092301007,2025-09-23T20:51:39Z,2025-09-23T23:16:55Z,7,2025-09-23T20:34:25Z,2025-09-24T20:35:00Z,1,1,Determined upon crew arrival,New,OUTAGE,Single Customer,MAR,NORMAL,43.07811,-82.47
SE25092301006,2025-09-23T20:51:39Z,2025-09-24T18:29:41Z,51,2025-09-23T20:33:08Z,2025-09-24T20:35:00Z,1,1,Equipment problem,In Progres,OUTAGE,Single Customer,RFD,NORMAL,42.38934,-83.30979
SE25092301016,2025-09-23T20:51:39Z,2025-09-23T20:51:39Z,1,2025-09-23T20:42:12Z,,1,1,Determined upon crew arrival,New,OUTAGE,Single Customer,RFD,NORMAL,42.3656,-83.22815
SW25092301003,2025-09-23T20:51:39Z,2025-09-23T21:16:42Z,2,2025-09-23T20:30:57Z,2025-09-24T20:30:00Z,1,1,Determined upon crew arrival,PC3 Verifi,OUTAGE,Single Customer,NPT,NORMAL,42.08339,-83.19438
SW25092301012,2025-09-23T20:51:39Z,2025-09-23T20:51:39Z,1,2025-09-23T20:41:25Z,2025-09-24T20:40:00Z,1,1,Determined upon crew arrival,New,OUTAGE,Single Customer,ANN,NORMAL,42.38708,-84.00728
SW25092301014,2025-09-23T20:51:39Z,2025-09-23T22:39:19Z,5,2025-09-23T20:40:27Z,2025-09-24T01:10:00Z,208,127,Equipment problem,In Progres,OUTAGE,Device (II),ANN,NORMAL,42.37757,-84.00836
SW25092301015,2025-09-23T20:51:39Z,2025-09-23T20:51:39Z,1,2025-09-23T20:42:13Z,,1,1,Determined upon crew arrival,New,OUTAGE,Single Customer,ANN,NORMAL,42.3811,-84.00867
SW25092301019,2025-09-23T20:51:39Z,2025-09-23T20:51:39Z,1,2025-09-23T20:43:14Z,,1,1,Determined upon crew arrival,New,OUTAGE,Single Customer,ANN,NORMAL,42.38091,-84.01033
SW25092301020,2025-09-23T20:51:39Z,2025-09-23T20:51:39Z,1,2025-09-23T20:43:20Z,,1,1,Determined upon crew arrival,New,OUTAGE,Single Customer,ANN,NORMAL,42.38798,-84.00909
SW25092301021,2025-09-23T20:51:39Z,2025-09-23T20:51:39Z,1,2025-09-23T20:43:51Z,,1,1,Determined upon crew arrival,New,OUTAGE,Single Customer,ANN,NORMAL,42.37866,-84.01105
SW25092301022,2025-09-23T20:51:39Z,2025-09-23T20:51:39Z,1,2025-09-23T20:44:02Z,,1,1,Determined upon crew arrival,New,OUTAGE,Single Customer,ANN,NORMAL,42.38649,-84.00656
SW25092301041,2025-09-23T21:16:42Z,2025-09-23T21:16:42Z,1,2025-09-23T20:53:19Z,2025-09-24T20:55:00Z,1,1,Determined upon crew arrival,New,OUTAGE,Single Customer,NPT,NORMAL,42.07958,-83.21956
SW25092301043,2025-09-23T21:16:42Z,2025-09-23T21:16:42Z,1,2025-09-23T20:56:08Z,2025-09-24T20:55:00Z,1,1,Determined upon crew arrival,New,OUTAGE,Single Customer,NPT,NORMAL,42.07752,-83.21037
SW25092301044,2025-09-23T21:16:42Z,2025-09-23T21:16:42Z,1,2025-09-23T20:56:11Z,2025-09-24T20:55:00Z,1,1,Determined upon crew arrival,New,OUTAGE,Single Customer,NPT,NORMAL,42.0809,-83.21922
SW25092301045,2025-09-23T21:16:42Z,2025-09-23T21:16:42Z,1,2025-09-23T20:56:18Z,2025-09-24T20:55:00Z,1,1,Determined upon crew arrival,New,OUTAGE,Single Customer,ANN,NORMAL,42.38733,-84.00567
NE25092301049,2025-09-23T21:37:29Z,2025-09-23T21:37:29Z,1,2025-09-23T17:24:00Z,2025-09-24T01:30:00Z,18,18,Determined upon crew arrival,In Progres,OUTAGE,Device (I),NAE,NORMAL,43.59836,-83.16341
NE25092301068,2025-09-23T21:37:29Z,2025-09-23T21:37:29Z,1,2025-09-23T18:06:40Z,,1,1,Determined upon crew arrival,New,OUTAGE,Single Customer,MAR,NORMAL,43.19118,-82.69059
SW25092301051,2025-09-23T21:37:29Z,2025-09-23T23:16:55Z,5,2025-09-23T21:03:08Z,2025-09-24T21:05:00Z,1,1,Determined upon crew arrival,In Progres,OUTAGE,Single Customer,ANN,NORMAL,42.37471,-83.99885
SW25092301057,2025-09-23T21:37:29Z,2025-09-23T21:51:27Z,2,2025-09-23T21:11:08Z,2025-09-24T21:10:00Z,1,1,Determined upon crew arrival,New,OUTAGE,Single Customer,NPT,NORMAL,42.08339,-83.19438
SW25092301063,2025-09-23T21:37:29Z,2025-09-23T21:37:29Z,1,2025-09-23T21:21:22Z,2025-09-24T21:20:00Z,2,2,Determined upon crew arrival,PC3 Verifi,OUTAGE,Service Secondary,NPT,NORMAL,42.0809,-83.21922
SW25092301065,2025-09-23T21:37:29Z,2025-09-23T21:51:27Z,2,2025-09-23T21:25:58Z,2025-09-24T21:25:00Z,1,1,Determined upon crew arrival,PC3 Verifi,OUTAGE,Single Customer,NPT,NORMAL,42.08196,-83.23553
SW25092301067,2025-09-23T21:37:29Z,2025-09-23T21:37:29Z,1,2025-09-23T21:29:07Z,,1,1,Determined upon crew arrival,New,OUTAGE,Single Customer,NPT,NORMAL,42.07958,-83.21956
SW25092301072,2025-09-23T21:51:27Z,2025-09-23T21:51:27Z,1,2025-09-23T21:35:27Z,2025-09-24T21:35:00Z,1,1,Determined upon crew arrival,New,OUTAGE,Single Customer,NPT,NORMAL,42.07679,-83.22295
NE25092301088,2025-09-23T22:39:19Z,2025-09-23T23:16:55Z,3,2025-09-23T22:14:25Z,2025-09-24T02:45:00Z,197,197,Animal/bird damaged DTE equip,In Progres,OUTAGE,Device (II),MTC,NORMAL,42.6084,-82.89744
NE25092301099,2025-09-23T22:39:19Z,2025-09-24T13:17:24Z,33,2025-09-23T21:23:25Z,2025-09-24T22:20:00Z,1,1,Problem with the customer equip,In Progres,OUTAGE,Single Customer,MTC,NORMAL,42.63381,-82.85546
NE25092301106,2025-09-23T22:39:19Z,2025-09-23T23:16:55Z,3,2025-09-23T22:27:10Z,2025-09-24T22:25:00Z,1,1,Determined upon crew arrival,In Progres,OUTAGE,Single Customer,MTC,NORMAL,42.61095,-82.89567
NW25092301100,2025-09-23T22:39:19Z,2025-09-23T22:39:19Z,1,2025-09-23T22:19:40Z,2025-09-24T22:20:00Z,1,1,Determined upon crew arrival,New,OUTAGE,Single Customer,HWL,NORMAL,42.55084,-83.65818
SE25092301080,2025-09-23T22:39:19Z,2025-09-24T02:45:34Z,7,2025-09-23T21:58:34Z,2025-09-24T02:35:00Z,1,1,Problem with the customer equip,In Progres,PRIORITY,,RFD,NORMAL,42.24215,-83.21069
SE25092301085,2025-09-23T22:39:19Z,2025-09-24T03:31:48Z,8,2025-09-23T22:13:18Z,2025-09-24T22:15:00Z,1,1,Determined upon crew arrival,In Progres,SERVICE DOWN NO,,RFD,NORMAL,42.27126,-83.22797
SW25092301081,2025-09-23T22:39:19Z,2025-09-24T01:25:36Z,6,2025-09-23T18:33:45Z,2025-09-24T02:40:00Z,1,1,Determined upon crew arrival,PC3 Verifi,PRIORITY,,NPT,NORMAL,42.08853,-83.27315
SW25092301094,2025-09-23T22:39:19Z,2025-09-23T23:50:56Z,5,2025-09-23T22:17:00Z,2025-09-24T22:15:00Z,1,1,Determined upon crew arrival,In Progres,OUTAGE,Single Customer,WWS,NORMAL,42.4302,-83.43464
SW25092301111,2025-09-23T22:50:52Z,2025-09-23T22:50:52Z,1,2025-09-23T22:34:41Z,2025-09-24T22:35:00Z,1,1,Determined upon crew arrival,New,OUTAGE,Single Customer,NPT,NORMAL,42.0758,-83.21872
NE25092301115,2025-09-23T23:16:55Z,2025-09-23T23:50:56Z,3,2025-09-23T22:51:36Z,2025-09-24T22:50:00Z,1,1,Determined upon crew arrival,New,OUTAGE,Single Customer,MAR,NORMAL,42.90218,-82.97589
NE25092301119,2025-09-23T23:16:55Z,2025-09-23T23:50:56Z,3,2025-09-23T22:54:59Z,2025-09-24T22:55:00Z,1,1,Determined upon crew arrival,In Progres,OUTAGE,Single Customer,MTC,NORMAL,42.5465,-82.87289
NW25092301114,2025-09-23T23:16:55Z,2025-09-24T01:25:36Z,4,2025-09-23T20:26:13Z,2025-09-24T22:50:00Z,1,1,Determined upon crew arrival,In Progres,OUTAGE,Single Customer,SBY,NORMAL,42.71148,-83.19916
SE25092301120,2025-09-23T23:16:55Z,2025-09-24T22:37:46Z,57,2025-09-23T17:39:16Z,2025-09-24T22:55:00Z,1,1,Equipment problem,In Progres,OUTAGE,Single Customer,RFD,NORMAL,42.38179,-83.20568
SW25092301116,2025-09-23T23:16:55Z,2025-09-23T23:50:56Z,3,2025-09-23T22:52:54Z,2025-09-24T22:55:00Z,1,1,Determined upon crew arrival,New,OUTAGE,Single Customer,NPT,NORMAL,42.0826,-83.19346
SW25092301121,2025-09-23T23:16:55Z,2025-09-23T23:50:56Z,3,2025-09-23T22:59:28Z,2025-09-24T23:00:00Z,1,1,Determined upon crew arrival,New,OUTAGE,Single Customer,NPT,NORMAL,42.09455,-83.19793
NE25092301136,2025-09-23T23:37:20Z,2025-09-24T22:17:54Z,55,2025-09-23T13:29:36Z,2025-09-24T23:30:00Z,1,1,Equipment problem,In Progres,OUTAGE,Single Customer,MTC,NORMAL,42.51429,-83.05301
NW25092301128,2025-09-23T23:37:20Z,2025-09-23T23:50:56Z,2,2025-09-23T23:22:14Z,2025-09-24T23:20:00Z,1,1,Determined upon crew arrival,New,OUTAGE,Single Customer,PON,NORMAL,42.72641,-83.40773
SE25092301126,2025-09-23T23:37:20Z,2025-09-24T01:25:36Z,3,2025-09-23T23:07:30Z,2025-09-24T23:15:00Z,1,1,Equipment problem,In Progres,OUTAGE,Single Customer,RFD,NORMAL,42.40124,-83.17086
SW25092301122,2025-09-23T23:37:20Z,2025-09-23T23:50:56Z,2,2025-09-23T23:06:00Z,2025-09-24T23:05:00Z,1,1,Determined upon crew arrival,PC3 Verifi,OUTAGE,Single Customer,NPT,NORMAL,42.08419,-83.25818
SW25092301131,2025-09-23T23:37:20Z,2025-09-23T23:50:56Z,2,2025-09-23T23:25:35Z,2025-09-24T23:25:00Z,1,1,Determined upon crew arrival,New,OUTAGE,Single Customer,NPT,NORMAL,42.0689,-83.22705
SW25092301133,2025-09-23T23:37:20Z,2025-09-23T23:50:56Z,2,2025-09-23T23:27:55Z,2025-09-24T23:30:00Z,1,1,Determined upon crew arrival,New,OUTAGE,Single Customer,NPT,NORMAL,42.06486,-83.2076
SW25092301134,2025-09-23T23:37:20Z,2025-09-23T23:50:56Z,2,2025-09-23T23:29:04Z,2025-09-24T23:30:00Z,1,1,Determined upon crew arrival,New,OUTAGE,Single Customer,NPT,NORMAL,42.08339,-83.19438
SW25092301135,2025-09-23T23:37:20Z,2025-09-23T23:50:56Z,2,2025-09-23T23:29:25Z,2025-09-24T23:30:00Z,1,1,Determined upon crew arrival,New,OUTAGE,Single Customer,NPT,NORMAL,42.06965,-83.22147
SE25092301150,2025-09-23T23:50:56Z,2025-09-23T23:50:56Z,1,2025-09-23T23:42:34Z,,68,68,Determined upon crew arrival,New,OUTAGE,Service Transformer,CAN,NORMAL,42.3819,-83.09479
SE25092301151,2025-09-23T23:50:56Z,2025-09-23T23:50:56Z,1,2025-09-23T23:42:38Z,,38,38,Determined upon crew arrival,In Progres,OUTAGE,Service Transformer,CAN,NORMAL,42.35903,-83.08015
SW25092301138,2025-09-23T23:50:56Z,2025-09-23T23:50:56Z,1,2025-09-23T23:31:55Z,2025-09-24T23:30:00Z,1,1,Determined upon crew arrival,New,OUTAGE,Single Customer,NPT,NORMAL,42.07121,-83.22378
SW25092301143,2025-09-23T23:50:56Z,2025-09-23T23:50:56Z,1,2025-09-23T18:41:39Z,2025-09-24T23:35:00Z,1,1,Determined upon crew arrival,New,OUTAGE,Single Customer,NPT,NORMAL,42.05971,-83.21983
SW25092301144,2025-09-23T23:50:56Z,2025-09-23T23:50:56Z,1,2025-09-23T23:36:28Z,2025-09-24T23:35:00Z,1,1,Determined upon crew arrival,New,OUTAGE,Single Customer,NPT,NORMAL,42.06111,-83.22304
NE25092301159,2025-09-24T01:25:36Z,2025-09-24T07:19:28Z,13,2025-09-23T20:34:25Z,2025-09-25T00:00:00Z,1,1,Equipment problem,In Progres,OUTAGE,Single Customer,MAR,NORMAL,43.07811,-82.47
NE25092301167,2025-09-24T01:25:36Z,2025-09-24T03:31:48Z,3,2025-09-24T00:17:39Z,2025-09-25T00:20:00Z,1,1,Determined upon crew arrival,In Progres,OUTAGE,Single Customer,LAP,NORMAL,43.00019,-83.34086
NE25092301172,2025-09-24T01:25:36Z,2025-09-26T11:51:11Z,97,2025-09-24T00:26:21Z,2025-09-26T12:25:00Z,1,1,Equipment problem,Pending,OUTAGE,Single Customer,MTC,NORMAL,42.65839,-82.96736
NW25092301170,2025-09-24T01:25:36Z,2025-09-24T01:25:36Z,1,2025-09-24T00:19:22Z,2025-09-24T04:50:00Z,22,22,Equipment problem,In Progres,OUTAGE,Device (I),PON,NORMAL,42.67737,-83.5936
NW25092301179,2025-09-24T01:25:36Z,2025-09-24T01:25:36Z,1,2025-09-24T00:38:13Z,2025-09-25T00:40:00Z,1,1,Equipment problem,In Progres,OUTAGE,Single Customer,HWL,NORMAL,42.64377,-84.17657
NW25092301182,2025-09-24T01:25:36Z,2025-09-25T14:55:34Z,90,2025-09-24T00:45:34Z,2025-09-25T16:45:00Z,1,1,Equipment problem,Pending,OUTAGE,Single Customer,PON,NORMAL,42.56383,-83.40935
SE25092301173,2025-09-24T01:25:36Z,2025-09-24T06:51:00Z,12,2025-09-24T00:27:02Z,2025-09-25T00:25:00Z,1,1,Determined upon crew arrival,In Progres,OUTAGE,Single Customer,RFD,NORMAL,42.33374,-83.22328
SE25092301176,2025-09-24T01:25:36Z,2025-09-24T21:17:03Z,50,2025-09-24T00:32:33Z,2025-09-25T00:35:00Z,1,1,Determined upon crew arrival,In Progres,OUTAGE,Single Customer,RFD,NORMAL,42.40851,-83.2479
SE25092301191,2025-09-24T01:25:36Z,2025-09-24T17:17:17Z,39,2025-09-24T00:58:47Z,2025-09-25T01:00:00Z,1,1,Equipment problem,In Progres,OUTAGE,Single Customer,CAN,NORMAL,42.43811,-83.13406
SW25092301180,2025-09-24T01:25:36Z,2025-09-24T08:48:35Z,17,2025-09-24T00:38:46Z,2025-09-25T00:40:00Z,1,1,Determined upon crew arrival,In Progres,OUTAGE,Single Customer,ANN,NORMAL,42.37563,-83.99249
SW25092301185,2025-09-24T01:25:36Z,2025-09-24T14:20:10Z,31,2025-09-24T00:52:26Z,2025-09-25T00:50:00Z,1,1,Equipment problem,In Progres,OUTAGE,Single Customer,WWS,NORMAL,42.31412,-83.44482
SW25092301190,2025-09-24T01:25:36Z,2025-09-24T06:29:25Z,11,2025-09-24T00:54:15Z,2025-09-25T00:55:00Z,1,1,Determined upon crew arrival,In Progres,OUTAGE,Single Customer,NPT,NORMAL,42.08339,-83.19438
NE25092301199,2025-09-24T02:45:34Z,2025-09-24T09:21:12Z,17,2025-09-24T01:33:40Z,2025-09-25T01:35:00Z,1,1,Equipment problem,In Progres,OUTAGE,Single Customer,MTC,NORMAL,42.48637,-82.90843
NE25092301202,2025-09-24T02:45:34Z,2025-09-24T03:31:48Z,2,2025-09-24T02:07:24Z,2025-09-25T02:05:00Z,1,1,Determined upon crew arrival,In Progres,OUTAGE,Single Customer,MAR,NORMAL,43.25036,-82.62868
NW25092301201,2025-09-24T02:45:34Z,2025-09-24T08:48:35Z,16,2025-09-24T01:55:17Z,2025-09-25T02:05:00Z,1,1,Determined upon crew arrival,In Progres,OUTAGE,Single Customer,PON,NORMAL,42.71515,-83.27762
SW25092301200,2025-09-24T02:45:34Z,2025-09-24T19:37:33Z,44,2025-09-24T01:45:08Z,2025-09-25T01:45:00Z,1,1,Determined upon crew arrival,In Progres,OUTAGE,Single Customer,NPT,NORMAL,42.09444,-83.2368
NE25092301203,2025-09-24T03:31:48Z,2025-09-24T04:42:41Z,4,2025-09-24T02:29:31Z,2025-09-24T07:15:00Z,54,54,Equipment problem,In Progres,OUTAGE,Device (I),MTC,NORMAL,42.67573,-82.82409
NE25092301214,2025-09-24T04:42:41Z,2025-09-24T12:40:17Z,22,2025-09-24T04:26:45Z,2025-09-25T04:25:00Z,1,1,Equipment problem,In Progres,OUTAGE,Single Customer,MTC,NORMAL,42.83989,-82.8747
SW25092301215,2025-09-24T04:42:41Z,2025-09-24T06:29:25Z,6,2025-09-24T04:06:46Z,2025-09-24T08:55:00Z,72,72,Determined upon crew arrival,In Progres,OUTAGE,Device (I),WWS,NORMAL,42.50318,-83.40348
SW25092301220,2025-09-24T05:19:07Z,2025-09-24T18:48:02Z,36,2025-09-24T04:34:52Z,2025-09-24T21:20:00Z,7,7,Determined upon crew arrival,In Progres,OUTAGE,Service Transformer,NPT,NORMAL,42.05702,-83.4012
SW25092301221,2025-09-24T05:19:07Z,2025-09-24T05:19:07Z,1,2025-09-24T04:54:19Z,2025-09-25T04:55:00Z,1,1,Determined upon crew arrival,New,OUTAGE,Single Customer,NPT,NORMAL,42.05763,-83.40009
SW25092400002,2025-09-24T05:51:03Z,2025-09-24T16:47:43Z,29,2025-09-24T05:36:48Z,2025-09-24T18:10:00Z,16,16,Equipment problem,In Progres,OUTAGE,Service Transformer,WWS,NORMAL,42.46441,-83.43716
SW25092400003,2025-09-24T06:29:25Z,2025-09-24T06:29:25Z,1,2025-09-24T05:53:47Z,2025-09-25T05:55:00Z,1,1,Determined upon crew arrival,New,OUTAGE,Single Customer,NPT,NORMAL,42.05763,-83.40009
NE25092400006,2025-09-24T06:51:00Z,2025-09-24T08:27:09Z,5,2025-09-24T06:23:22Z,2025-09-24T11:00:00Z,3,3,Determined upon crew arrival,In Progres,OUTAGE,Service Transformer,LAP,NORMAL,43.00529,-83.37585
NE25092400007,2025-09-24T06:51:00Z,2025-09-24T08:27:09Z,5,2025-09-24T06:23:28Z,2025-09-25T06:30:00Z,1,1,Determined upon crew arrival,In Progres,OUTAGE,Single Customer,LAP,NORMAL,43.00447,-83.37586
NW25092400005,2025-09-24T06:51:00Z,2025-09-24T14:53:00Z,22,2025-09-24T06:20:34Z,2025-09-25T06:20:00Z,1,1,Equipment problem,In Progres,OUTAGE,Single Customer,PON,NORMAL,42.6255,-83.52233
SW25092400008,2025-09-24T06:51:00Z,2025-09-24T13:17:24Z,17,2025-09-23T18:38:20Z,2025-09-24T15:10:00Z,5,5,Determined upon crew arrival,In Progres,OUTAGE,Device (I),NPT,NORMAL,42.0802,-83.19557
SW25092400010,2025-09-24T07:19:28Z,2025-09-24T08:48:35Z,5,2025-09-24T06:48:05Z,2025-09-24T11:20:00Z,2079,2079,Determined upon crew arrival,In Progres,OUTAGE,Subtransmission,NPT,NORMAL,41.92064,-83.57421
SW25092400019,2025-09-24T07:19:28Z,2025-09-24T08:48:35Z,5,2025-09-24T06:50:15Z,2025-09-25T06:50:00Z,1,1,Determined upon crew arrival,New,OUTAGE,Single Customer,NPT,NORMAL,41.86478,-83.62128
SE25092400051,2025-09-24T07:39:07Z,2025-09-24T11:51:19Z,13,2025-09-24T07:27:19Z,2025-09-25T07:25:00Z,1,1,Public Interference w/DTE equip,In Progres,OUTAGE,Single Customer,CAN,NORMAL,42.43612,-83.03121
SW25092400056,2025-09-24T07:51:08Z,2025-09-24T07:51:08Z,1,2025-09-24T07:44:56Z,,1,1,Determined upon crew arrival,New,OUTAGE,Single Customer,NPT,NORMAL,42.0916,-83.22319
SW25092400057,2025-09-24T07:51:08Z,2025-09-24T08:27:09Z,2,2025-09-23T22:00:08Z,2025-09-25T07:45:00Z,1,1,Determined upon crew arrival,New,OUTAGE,Single Customer,NPT,NORMAL,42.06432,-83.24832
SW25092400058,2025-09-24T08:27:09Z,2025-09-24T08:48:35Z,2,2025-09-23T21:51:17Z,2025-09-25T07:45:00Z,1,1,Determined upon crew arrival,New,OUTAGE,Single Customer,NPT,NORMAL,42.08744,-83.2703
SW25092400059,2025-09-24T08:27:09Z,2025-09-24T08:48:35Z,2,2025-09-24T07:47:30Z,2025-09-25T07:50:00Z,1,1,Determined upon crew arrival,New,OUTAGE,Single Customer,NPT,NORMAL,42.08854,-83.18776
SW25092400060,2025-09-24T08:27:09Z,2025-09-24T08:27:09Z,1,2025-09-24T07:48:02Z,2025-09-25T07:50:00Z,1,1,Determined upon crew arrival,New,OUTAGE,Single Customer,NPT,NORMAL,42.0916,-83.22319
SW25092400063,2025-09-24T08:27:09Z,2025-09-24T08:27:09Z,1,2025-09-24T08:01:01Z,2025-09-25T08:00:00Z,1,1,Determined upon crew arrival,New,OUTAGE,Single Customer,NPT,NORMAL,42.06981,-83.22799
SW25092400066,2025-09-24T08:27:09Z,2025-09-24T14:41:35Z,17,2025-09-24T08:13:48Z,2025-09-25T08:15:00Z,1,1,Determined upon crew arrival,In Progres,OUTAGE,Single Customer,NPT,NORMAL,42.08478,-83.19568
SE25092400068,2025-09-24T08:48:35Z,2025-09-24T17:40:17Z,24,2025-09-24T08:18:36Z,2025-09-25T08:20:00Z,1,1,Determined upon crew arrival,In Progres,OUTAGE,Single Customer,CAN,NORMAL,42.34376,-83.0688
SW25092400070,2025-09-24T08:48:35Z,2025-09-24T09:52:02Z,4,2025-09-24T08:22:33Z,2025-09-25T08:25:00Z,1,1,Determined upon crew arrival,New,OUTAGE,Single Customer,NPT,NORMAL,41.91298,-83.42927
NW25092400078,2025-09-24T09:21:12Z,2025-09-24T09:52:02Z,3,2025-09-23T23:31:11Z,2025-09-25T08:45:00Z,1,1,Equipment problem,In Progres,OUTAGE,Single Customer,SBY,NORMAL,42.57923,-83.07557
NW25092400083,2025-09-24T09:21:12Z,2025-09-24T11:16:07Z,7,2025-09-24T08:46:20Z,2025-09-25T08:45:00Z,1,1,Equipment problem,In Progres,OUTAGE,Single Customer,SBY,NORMAL,42.67049,-83.03085
SE25092400120,2025-09-24T09:21:12Z,2025-09-24T21:17:03Z,33,2025-09-24T09:08:44Z,2025-09-25T09:10:00Z,1,1,Determined upon crew arrival,Pending,SERVICE DOWN NO,,RFD,NORMAL,42.31535,-83.28462
SE25092400125,2025-09-24T09:21:12Z,2025-09-24T09:21:12Z,1,2025-09-24T08:58:46Z,,1,1,Determined upon crew arrival,New,OUTAGE,Single Customer,RFD,NORMAL,42.40457,-83.19442
SW25092400073,2025-09-24T09:21:12Z,2025-09-24T11:51:19Z,9,2025-09-24T08:41:26Z,2025-09-24T13:15:00Z,102,102,Determined upon crew arrival,In Progres,OUTAGE,Service Transformer,NPT,NORMAL,41.94928,-83.64954
SW25092400074,2025-09-24T09:21:12Z,2025-09-24T09:52:02Z,3,2025-09-24T08:41:25Z,2025-09-24T13:15:00Z,13,13,Determined upon crew arrival,New,OUTAGE,Service Secondary,NPT,NORMAL,41.95678,-83.66035
SW25092400082,2025-09-24T09:21:12Z,2025-09-24T09:21:12Z,1,2025-09-24T08:41:25Z,2025-09-24T13:15:00Z,26,26,Determined upon crew arrival,In Progres,OUTAGE,Device (I),NPT,NORMAL,41.95693,-83.65272
SW25092400085,2025-09-24T09:21:12Z,2025-09-24T14:41:35Z,15,2025-09-23T18:39:34Z,2025-09-24T17:15:00Z,25,25,Determined upon crew arrival,In Progres,OUTAGE,Service Transformer,NPT,NORMAL,42.08339,-83.19438
SW25092400090,2025-09-24T09:21:12Z,2025-09-24T09:52:02Z,3,2025-09-24T08:41:26Z,2025-09-25T08:50:00Z,1,1,Determined upon crew arrival,New,OUTAGE,Single Customer,NPT,NORMAL,41.95741,-83.66123
SW25092400093,2025-09-24T09:21:12Z,2025-09-24T09:52:02Z,3,2025-09-24T08:52:14Z,2025-09-25T08:50:00Z,1,1,Determined upon crew arrival,New,OUTAGE,Single Customer,NPT,NORMAL,41.94804,-83.64811
SW25092400096,2025-09-24T09:21:12Z,2025-09-24T09:52:02Z,3,2025-09-24T08:41:29Z,2025-09-24T12:55:00Z,5,5,Determined upon crew arrival,New,OUTAGE,Service Transformer,NPT,NORMAL,41.95044,-83.64932
SW25092400097,2025-09-24T09:21:12Z,2025-09-24T09:52:02Z,3,2025-09-24T08:41:29Z,2025-09-24T12:55:00Z,10,10,Determined upon crew arrival,New,OUTAGE,Service Transformer,NPT,NORMAL,41.94949,-83.65109
SW25092400098,2025-09-24T09:21:12Z,2025-09-24T09:52:02Z,3,2025-09-24T08:50:37Z,2025-09-24T12:55:00Z,6,6,Determined upon crew arrival,New,OUTAGE,Service Transformer,NPT,NORMAL,41.95137,-83.64923
SW25092400099,2025-09-24T09:21:12Z,2025-09-24T09:52:02Z,3,2025-09-24T08:41:29Z,2025-09-24T12:55:00Z,6,6,Determined upon crew arrival,New,OUTAGE,Service Transformer,NPT,NORMAL,41.95139,-83.64848
SW25092400101,2025-09-24T09:21:12Z,2025-09-24T09:52:02Z,3,2025-09-24T08:41:29Z,2025-09-24T12:55:00Z,5,5,Determined upon crew arrival,New,OUTAGE,Service Transformer,NPT,NORMAL,41.95087,-83.65045
SW25092400102,2025-09-24T09:21:12Z,2025-09-24T09:52:02Z,3,2025-09-24T08:41:29Z,2025-09-24T12:55:00Z,7,7,Determined upon crew arrival,New,OUTAGE,Service Transformer,NPT,NORMAL,41.94902,-83.65177
SW25092400103,2025-09-24T09:21:12Z,2025-09-24T09:52:02Z,3,2025-09-24T08:41:29Z,2025-09-24T13:15:00Z,8,8,Determined upon crew arrival,New,OUTAGE,Service Transformer,NPT,NORMAL,41.94871,-83.64915
SW25092400104,2025-09-24T09:21:12Z,2025-09-24T09:52:02Z,3,2025-09-24T08:41:29Z,2025-09-24T13:15:00Z,11,11,Determined upon crew arrival,New,OUTAGE,Service Transformer,NPT,NORMAL,41.94791,-83.64916
SW25092400106,2025-09-24T09:21:12Z,2025-09-24T09:52:02Z,3,2025-09-24T08:41:30Z,2025-09-24T13:15:00Z,8,8,Determined upon crew arrival,New,OUTAGE,Service Transformer,NPT,NORMAL,41.94867,-83.64997
SW25092400107,2025-09-24T09:21:12Z,2025-09-24T09:52:02Z,3,2025-09-24T08:41:28Z,2025-09-24T13:15:00Z,9,9,Determined upon crew arrival,New,OUTAGE,Service Transformer,NPT,NORMAL,41.94883,-83.65069
SW25092400108,2025-09-24T09:21:12Z,2025-09-24T09:52:02Z,3,2025-09-24T08:41:29Z,2025-09-24T13:15:00Z,4,4,Determined upon crew arrival,New,OUTAGE,Service Transformer,NPT,NORMAL,41.94838,-83.65234
SW25092400109,2025-09-24T09:21:12Z,2025-09-24T09:52:02Z,3,2025-09-24T08:41:29Z,2025-09-24T13:15:00Z,10,10,Determined upon crew arrival,New,OUTAGE,Service Transformer,NPT,NORMAL,41.94928,-83.65008
SW25092400113,2025-09-24T09:21:12Z,2025-09-24T09:52:02Z,3,2025-09-24T08:41:25Z,2025-09-24T13:15:00Z,16,16,Determined upon crew arrival,New,OUTAGE,Service Transformer,NPT,NORMAL,41.95515,-83.65814
SW25092400116,2025-09-24T09:21:12Z,2025-09-24T09:21:12Z,1,2025-09-24T08:41:29Z,2025-09-24T13:15:00Z,27,27,Determined upon crew arrival,New,OUTAGE,Device (I),NPT,NORMAL,41.953,-83.65399
SW25092400117,2025-09-24T09:21:12Z,2025-09-24T09:52:02Z,3,2025-09-24T09:06:44Z,2025-09-24T13:15:00Z,1,1,Determined upon crew arrival,New,OUTAGE,Single Customer,NPT,NORMAL,41.94797,-83.65024
SW25092400118,2025-09-24T09:21:12Z,2025-09-24T09:52:02Z,3,2025-09-24T09:07:35Z,2025-09-25T09:10:00Z,1,1,Determined upon crew arrival,New,OUTAGE,Single Customer,NPT,NORMAL,41.95077,-83.65025
SW25092400119,2025-09-24T09:21:12Z,2025-09-24T09:52:02Z,3,2025-09-24T09:08:11Z,2025-09-25T09:10:00Z,1,1,Determined upon crew arrival,New,OUTAGE,Single Customer,NPT,NORMAL,41.95072,-83.64927
SW25092400121,2025-09-24T09:21:12Z,2025-09-24T09:52:02Z,3,2025-09-24T09:08:43Z,2025-09-24T13:15:00Z,1,1,Determined upon crew arrival,New,OUTAGE,Single Customer,NPT,NORMAL,41.95788,-83.64897
SW25092400122,2025-09-24T09:21:12Z,2025-09-24T09:52:02Z,3,2025-09-24T09:09:00Z,2025-09-24T13:15:00Z,1,1,Determined upon crew arrival,New,OUTAGE,Single Customer,NPT,NORMAL,41.94976,-83.64939
SW25092400123,2025-09-24T09:21:12Z,2025-09-24T09:52:02Z,3,2025-09-24T09:09:43Z,2025-09-24T13:15:00Z,1,1,Determined upon crew arrival,New,OUTAGE,Single Customer,NPT,NORMAL,41.94827,-83.65139
SW25092400124,2025-09-24T09:21:12Z,2025-09-24T15:52:25Z,19,2025-09-24T08:41:25Z,2025-09-24T17:45:00Z,700,192,Equipment problem,In Progres,OUTAGE,Device (II),NPT,NORMAL,41.94997,-83.65057
SW25092400127,2025-09-24T09:41:19Z,2025-09-24T10:43:09Z,4,2025-09-24T09:18:16Z,2025-09-24T13:50:00Z,323,323,Determined upon crew arrival,In Progres,OUTAGE,Device (II),ANN,NORMAL,42.42046,-83.78496
SW25092400131,2025-09-24T09:41:19Z,2025-09-24T10:43:09Z,4,2025-09-24T09:20:30Z,2025-09-25T09:20:00Z,1,1,Determined upon crew arrival,New,OUTAGE,Single Customer,WWS,NORMAL,42.30575,-83.32769
SW25092400140,2025-09-24T09:41:19Z,2025-09-24T10:53:51Z,5,2025-09-24T09:18:14Z,2025-09-25T09:20:00Z,1,1,Determined upon crew arrival,In Progres,OUTAGE,Single Customer,ANN,NORMAL,42.42291,-83.78263
SW25092400143,2025-09-24T09:41:19Z,2025-09-24T14:20:10Z,13,2025-09-24T09:26:01Z,2025-09-24T18:00:00Z,2,2,Determined upon crew arrival,In Progres,OUTAGE,Service Secondary,ANN,NORMAL,42.24795,-83.61537
NE25092400154,2025-09-24T09:52:02Z,2025-09-24T16:47:43Z,19,2025-09-24T09:39:04Z,2025-09-25T09:40:00Z,1,1,Determined upon crew arrival,In Progres,OUTAGE,Single Customer,MTC,NORMAL,42.49461,-83.02944
SE25092400157,2025-09-24T09:52:02Z,2025-09-24T09:52:02Z,1,2025-09-24T09:27:34Z,,1,1,Determined upon crew arrival,New,OUTAGE,Single Customer,RFD,NORMAL,42.31188,-83.22053
SW25092400144,2025-09-24T09:52:02Z,2025-09-24T14:20:10Z,12,2025-09-24T09:26:01Z,2025-09-25T09:30:00Z,1,1,Determined upon crew arrival,In Progres,OUTAGE,Single Customer,ANN,NORMAL,42.24744,-83.61486
SW25092400146,2025-09-24T09:52:02Z,2025-09-24T15:52:25Z,17,2025-09-24T09:29:15Z,2025-09-24T18:00:00Z,10,10,Equipment problem,In Progres,OUTAGE,Device (I),NPT,NORMAL,42.06115,-83.40321
SW25092400148,2025-09-24T09:52:02Z,2025-09-24T11:16:07Z,5,2025-09-24T09:29:16Z,2025-09-25T09:35:00Z,1,1,Determined upon crew arrival,In Progres,OUTAGE,Single Customer,NPT,NORMAL,42.06069,-83.40136
SW25092400152,2025-09-24T09:52:02Z,2025-09-24T16:25:46Z,18,2025-09-24T09:37:54Z,2025-09-24T18:10:00Z,28,28,Equipment problem,In Progres,OUTAGE,Device (I),WWS,NORMAL,42.22387,-83.24001
SW25092400153,2025-09-24T09:52:02Z,2025-09-24T14:20:10Z,12,2025-09-24T09:37:59Z,2025-09-25T09:40:00Z,1,1,Determined upon crew arrival,In Progres,OUTAGE,Single Customer,ANN,NORMAL,42.24654,-83.61528
NW25092400166,2025-09-24T10:20:16Z,2025-09-24T10:43:09Z,2,2025-09-24T10:14:47Z,2025-09-25T10:15:00Z,1,1,Determined upon crew arrival,New,OUTAGE,Single Customer,PON,NORMAL,42.54727,-83.33262
NW25092400173,2025-09-24T10:43:09Z,2025-09-24T15:20:21Z,13,2025-09-24T10:20:37Z,2025-09-24T18:55:00Z,18,18,Determined upon crew arrival,In Progres,OUTAGE,Device (I),PON,NORMAL,42.61241,-83.26739
SW25092400167,2025-09-24T10:43:09Z,2025-09-24T10:53:51Z,2,2025-09-24T10:16:49Z,2025-09-24T14:45:00Z,1,1,Determined upon crew arrival,In Progres,PRIORITY,,ANN,NORMAL,42.42291,-83.78263
SW25092400169,2025-09-24T10:43:09Z,2025-09-24T10:43:09Z,1,2025-09-24T10:19:10Z,2025-09-25T10:20:00Z,1,1,Determined upon crew arrival,New,OUTAGE,Single Customer,NPT,NORMAL,42.11043,-83.24959
NE25092400193,2025-09-24T10:53:51Z,2025-09-24T14:20:10Z,9,2025-09-24T10:45:02Z,2025-09-25T10:45:00Z,1,1,Determined upon crew arrival,In Progres,OUTAGE,Single Customer,MTC,NORMAL,42.79531,-82.73747
SW25092400176,2025-09-24T10:53:51Z,2025-09-24T11:16:07Z,2,2025-09-24T10:34:06Z,2025-09-25T10:35:00Z,1,1,Determined upon crew arrival,In Progres,OUTAGE,Single Customer,WWS,NORMAL,42.19472,-83.33198
SW25092400177,2025-09-24T10:53:51Z,2025-09-24T11:16:07Z,2,2025-09-24T10:32:40Z,2025-09-24T15:05:00Z,479,479,Equipment problem,In Progres,OUTAGE,Device (II),WWS,NORMAL,42.191,-83.33683
SE25092400195,2025-09-24T11:16:07Z,2025-09-24T11:16:07Z,1,2025-09-24T10:46:49Z,2025-09-24T15:15:00Z,741,741,Determined upon crew arrival,Pending,OUTAGE,Device (II),RFD,NORMAL,42.27955,-83.27976
SE25092400201,2025-09-24T11:16:07Z,2025-09-24T11:51:19Z,3,2025-09-24T10:46:39Z,2025-09-24T15:20:00Z,1369,1369,Equipment problem,Pending,OUTAGE,Device (I),RFD,NORMAL,42.28118,-83.27542
SE25092400213,2025-09-24T11:16:07Z,2025-09-24T11:51:19Z,3,2025-09-24T00:38:50Z,2025-09-25T10:50:00Z,1,1,Determined upon crew arrival,PC3 Verifi,OUTAGE,Single Customer,CAN,NORMAL,42.41913,-82.90768
NE25092400252,2025-09-24T11:37:51Z,2025-09-24T18:29:41Z,18,2025-09-24T11:21:23Z,2025-09-24T19:55:00Z,10,10,Determined upon crew arrival,In Progres,OUTAGE,Service Transformer,MTC,NORMAL,42.5913,-82.89491
NW25092400248,2025-09-24T11:37:51Z,2025-09-24T15:20:21Z,10,2025-09-24T11:14:54Z,2025-09-24T15:45:00Z,19,19,Equipment problem,Pending,OUTAGE,Device (I),PON,NORMAL,42.66298,-83.55938
SE25092400240,2025-09-24T11:37:51Z,2025-09-24T15:52:25Z,12,2025-09-24T11:06:32Z,2025-09-25T11:05:00Z,1,1,Determined upon crew arrival,In Progres,OUTAGE,Single Customer,RFD,NORMAL,42.27136,-83.23651
SW25092400244,2025-09-24T11:37:51Z,2025-09-24T13:56:32Z,6,2025-09-24T11:04:46Z,2025-09-24T15:40:00Z,7,7,Equipment problem,In Progres,OUTAGE,Service Transformer,WWS,NORMAL,42.41446,-83.4506
SW25092400247,2025-09-24T11:37:51Z,2025-09-24T16:47:43Z,14,2025-09-24T09:17:02Z,2025-09-25T11:15:00Z,1,1,Equipment problem,In Progres,OUTAGE,Single Customer,WWS,NORMAL,42.30575,-83.32769
SW25092400256,2025-09-24T11:37:51Z,2025-09-24T14:41:35Z,8,2025-09-24T11:25:13Z,2025-09-24T15:55:00Z,34,34,Equipment problem,Pending,OUTAGE,Device (I),WWS,NORMAL,42.4832,-83.32825
NW25092400261,2025-09-24T11:51:19Z,2025-09-24T11:51:19Z,1,2025-09-24T11:38:12Z,2025-09-25T11:40:00Z,1,1,Determined upon crew arrival,PC3 Verifi,OUTAGE,Single Customer,PON,NORMAL,42.6623,-83.55993
NW25092400265,2025-09-24T11:51:19Z,2025-09-24T13:17:24Z,3,2025-09-24T11:44:16Z,2025-09-24T16:15:00Z,8,8,Determined upon crew arrival,In Progres,OUTAGE,Service Transformer,PON,NORMAL,42.53814,-83.32472
SW25092400263,2025-09-24T11:51:19Z,2025-09-24T19:16:11Z,19,2025-09-24T11:42:50Z,2025-09-25T11:45:00Z,1,1,Determined upon crew arrival,In Progres,OUTAGE,Single Customer,NPT,NORMAL,42.05763,-83.40009
SW25092400264,2025-09-24T11:51:19Z,2025-09-24T15:41:10Z,10,2025-09-24T11:43:29Z,2025-09-24T16:15:00Z,1,1,Determined upon crew arrival,In Progres,PRIORITY,,NPT,NORMAL,41.92472,-83.46655
NW25092400285,2025-09-24T12:40:17Z,2025-09-24T21:17:03Z,24,2025-09-24T11:56:40Z,2025-09-25T11:55:00Z,1,1,Determined upon crew arrival,In Progres,OUTAGE,Single Customer,PON,NORMAL,42.57446,-83.20278
NW25092400296,2025-09-24T12:40:17Z,2025-09-24T13:17:24Z,2,2025-09-24T09:53:31Z,2025-09-25T12:05:00Z,1,1,Determined upon crew arrival,In Progres,OUTAGE,Single Customer,HWL,NORMAL,42.47181,-83.81486
NW25092400305,2025-09-24T12:40:17Z,2025-09-24T14:41:35Z,6,2025-09-24T12:08:41Z,2025-09-25T12:10:00Z,1,1,Equipment problem,In Progres,OUTAGE,Single Customer,SBY,NORMAL,42.66843,-83.03441
NW25092400321,2025-09-24T12:40:17Z,2025-09-24T13:17:24Z,2,2025-09-24T12:21:38Z,2025-09-25T12:20:00Z,1,1,Determined upon crew arrival,New,OUTAGE,Single Customer,PON,NORMAL,42.60195,-83.13422
NW25092400322,2025-09-24T12:40:17Z,2025-09-24T23:17:32Z,30,2025-09-24T12:23:07Z,2025-09-25T12:25:00Z,1,1,Equipment problem,In Progres,OUTAGE,Single Customer,SBY,NORMAL,42.80107,-83.01266
SE25092400275,2025-09-24T12:40:17Z,2025-09-24T18:29:41Z,16,2025-09-24T11:47:59Z,2025-09-25T11:50:00Z,1,1,Equipment problem,In Progres,OUTAGE,Single Customer,RFD,NORMAL,42.50731,-83.12571
SE25092400307,2025-09-24T12:40:17Z,2025-09-24T14:41:35Z,6,2025-09-24T12:09:28Z,2025-09-25T12:10:00Z,1,1,Wind damage,In Progres,OUTAGE,Single Customer,RFD,NORMAL,42.19781,-83.19889
SE25092400310,2025-09-24T12:40:17Z,2025-09-24T13:45:07Z,3,2025-09-24T12:13:52Z,2025-09-25T12:15:00Z,1,1,Determined upon crew arrival,PC3 Verifi,OUTAGE,Single Customer,RFD,NORMAL,42.28023,-83.27914
SE25092400313,2025-09-24T12:40:17Z,2025-09-24T13:45:07Z,3,2025-09-24T11:19:20Z,2025-09-25T12:15:00Z,1,1,Determined upon crew arrival,PC3 Verifi,OUTAGE,Single Customer,RFD,NORMAL,42.27848,-83.27618
SE25092400314,2025-09-24T12:40:17Z,2025-09-24T16:25:46Z,11,2025-09-24T12:16:22Z,2025-09-24T16:45:00Z,21,21,Wind damage,In Progres,OUTAGE,Service Transformer,RFD,NORMAL,42.42343,-83.16651
SE25092400315,2025-09-24T12:40:17Z,2025-09-24T13:56:32Z,4,2025-09-24T10:51:53Z,2025-09-25T12:15:00Z,1,1,Determined upon crew arrival,New,OUTAGE,Single Customer,RFD,NORMAL,42.27939,-83.27572
SE25092400320,2025-09-24T12:40:17Z,2025-09-24T16:47:43Z,12,2025-09-24T12:20:14Z,2025-09-24T16:50:00Z,1,1,Determined upon crew arrival,In Progres,PRIORITY,,RFD,NORMAL,42.5147,-83.18461
SE25092400324,2025-09-24T12:40:17Z,2025-09-24T12:40:17Z,1,2025-09-24T12:24:26Z,2025-09-24T16:55:00Z,31,31,Determined upon crew arrival,New,OUTAGE,Device (I),RFD,NORMAL,42.51648,-83.18691
SE25092400325,2025-09-24T12:40:17Z,2025-09-24T12:40:17Z,1,2025-09-24T12:24:52Z,2025-09-25T12:25:00Z,2,2,Determined upon crew arrival,New,OUTAGE,Service Secondary,RFD,NORMAL,42.51349,-83.18278
SE25092400327,2025-09-24T12:40:17Z,2025-09-24T12:40:17Z,1,2025-09-24T12:25:04Z,2025-09-25T12:25:00Z,1,1,Determined upon crew arrival,New,OUTAGE,Single Customer,RFD,NORMAL,42.51399,-83.18348
SE25092400328,2025-09-24T12:40:17Z,2025-09-24T12:40:17Z,1,2025-09-24T12:25:08Z,2025-09-25T12:25:00Z,2,2,Determined upon crew arrival,New,OUTAGE,Service Secondary,RFD,NORMAL,42.51105,-83.18475
SE25092400329,2025-09-24T12:40:17Z,2025-09-24T13:17:24Z,2,2025-09-24T12:25:25Z,2025-09-25T12:25:00Z,1,1,Determined upon crew arrival,New,OUTAGE,Single Customer,CAN,NORMAL,42.42527,-82.96379
SE25092400330,2025-09-24T12:40:17Z,2025-09-24T12:40:17Z,1,2025-09-24T12:25:36Z,2025-09-24T16:55:00Z,68,68,Determined upon crew arrival,New,OUTAGE,Service Transformer,RFD,NORMAL,42.51411,-83.18563
SE25092400331,2025-09-24T12:40:17Z,2025-09-24T12:40:17Z,1,2025-09-24T12:25:40Z,2025-09-25T12:25:00Z,1,1,Determined upon crew arrival,New,OUTAGE,Single Customer,RFD,NORMAL,42.51279,-83.18832
SE25092400332,2025-09-24T12:40:17Z,2025-09-24T12:40:17Z,1,2025-09-24T12:25:51Z,2025-09-25T12:25:00Z,2,2,Determined upon crew arrival,New,OUTAGE,Service Secondary,RFD,NORMAL,42.51161,-83.18359
SE25092400333,2025-09-24T12:40:17Z,2025-09-24T12:40:17Z,1,2025-09-24T12:26:07Z,2025-09-25T12:25:00Z,2,2,Determined upon crew arrival,New,OUTAGE,Service Secondary,RFD,NORMAL,42.51248,-83.18636
SE25092400334,2025-09-24T12:40:17Z,2025-09-24T12:40:17Z,1,2025-09-24T12:26:34Z,2025-09-25T12:25:00Z,1,1,Determined upon crew arrival,New,OUTAGE,Single Customer,RFD,NORMAL,42.51112,-83.18686
SE25092400335,2025-09-24T12:40:17Z,2025-09-24T12:40:17Z,1,2025-09-24T12:26:58Z,,2,2,Determined upon crew arrival,New,OUTAGE,Service Secondary,RFD,NORMAL,42.51159,-83.18588
SE25092400336,2025-09-24T12:40:17Z,2025-09-24T14:41:35Z,6,2025-09-24T10:51:04Z,2025-09-25T12:25:00Z,1,1,Determined upon crew arrival,PC3 Verifi,OUTAGE,Single Customer,RFD,NORMAL,42.2795,-83.27132
SE25092400337,2025-09-24T12:40:17Z,2025-09-24T15:52:25Z,10,2025-09-24T12:17:10Z,2025-09-24T16:55:00Z,657,657,Determined upon crew arrival,In Progres,OUTAGE,Device (II),RFD,NORMAL,42.51456,-83.18636
SE25092400338,2025-09-24T12:40:17Z,2025-09-24T12:40:17Z,1,2025-09-24T12:27:17Z,,2,2,Determined upon crew arrival,New,OUTAGE,Service Secondary,RFD,NORMAL,42.51231,-83.18134
SE25092400339,2025-09-24T12:40:17Z,2025-09-24T12:40:17Z,1,2025-09-24T12:27:28Z,,2,2,Determined upon crew arrival,New,OUTAGE,Service Secondary,RFD,NORMAL,42.51483,-83.18582
SE25092400340,2025-09-24T12:40:17Z,2025-09-24T12:40:17Z,1,2025-09-24T12:27:57Z,,1,1,Determined upon crew arrival,New,OUTAGE,Single Customer,RFD,NORMAL,42.51309,-83.1869
SE25092400341,2025-09-24T12:40:17Z,2025-09-24T12:40:17Z,1,2025-09-24T12:27:56Z,,2,2,Determined upon crew arrival,New,OUTAGE,Service Secondary,RFD,NORMAL,42.51328,-83.18485
SE25092400343,2025-09-24T12:40:17Z,2025-09-24T12:40:17Z,1,2025-09-24T12:28:42Z,,2,2,Determined upon crew arrival,New,OUTAGE,Service Secondary,RFD,NORMAL,42.51404,-83.18816
SE25092400344,2025-09-24T12:40:17Z,2025-09-24T12:40:17Z,1,2025-09-24T12:29:04Z,,1,1,Determined upon crew arrival,New,OUTAGE,Single Customer,RFD,NORMAL,42.51289,-83.18923
SE25092400345,2025-09-24T12:40:17Z,2025-09-24T12:40:17Z,1,2025-09-24T12:29:31Z,,1,1,Determined upon crew arrival,New,OUTAGE,Single Customer,RFD,NORMAL,42.51244,-83.182
SW25092400273,2025-09-24T12:40:17Z,2025-09-24T14:41:35Z,6,2025-09-24T11:47:05Z,2025-09-25T11:45:00Z,1,1,Equipment problem,In Progres,SERVICE DOWN NO,,WWS,NORMAL,42.24156,-83.26582
SW25092400282,2025-09-24T12:40:17Z,2025-09-24T22:51:22Z,29,2025-09-24T07:58:07Z,2025-09-25T00:25:00Z,4,4,Determined upon crew arrival,In Progres,OUTAGE,Service Transformer,NPT,NORMAL,42.14656,-83.16174
SE25092400350,2025-09-24T13:17:24Z,2025-09-24T13:45:07Z,2,2025-09-24T12:32:36Z,2025-09-25T12:35:00Z,1,1,Determined upon crew arrival,PC3 Verifi,OUTAGE,Single Customer,RFD,NORMAL,42.2784,-83.28048
SE25092400352,2025-09-24T13:17:24Z,2025-09-24T13:17:24Z,1,2025-09-24T12:32:51Z,2025-09-25T12:35:00Z,1,1,Determined upon crew arrival,New,OUTAGE,Single Customer,RFD,NORMAL,42.28491,-83.27185
SE25092400355,2025-09-24T13:17:24Z,2025-09-24T13:17:24Z,1,2025-09-24T12:34:00Z,2025-09-25T12:35:00Z,1,1,Determined upon crew arrival,New,OUTAGE,Single Customer,CAN,NORMAL,42.33296,-83.02801
SE25092400402,2025-09-24T13:17:24Z,2025-09-24T17:17:17Z,12,2025-09-24T12:43:31Z,2025-09-24T17:15:00Z,28,28,Wind damage,In Progres,OUTAGE,Service Transformer,RFD,NORMAL,42.42134,-83.16641
SW25092400361,2025-09-24T13:17:24Z,2025-09-24T13:17:24Z,1,2025-09-23T18:41:54Z,2025-09-24T17:05:00Z,15,15,Determined upon crew arrival,New,OUTAGE,Device (I),NPT,NORMAL,42.06844,-83.22924
SW25092400362,2025-09-24T13:17:24Z,2025-09-24T13:17:24Z,1,2025-09-24T12:35:57Z,2025-09-25T12:35:00Z,1,1,Determined upon crew arrival,New,OUTAGE,Single Customer,NPT,NORMAL,41.94426,-83.28079
SW25092400365,2025-09-24T13:17:24Z,2025-09-24T13:17:24Z,1,2025-09-23T18:36:42Z,2025-09-24T17:05:00Z,36,36,Determined upon crew arrival,New,OUTAGE,Device (I),NPT,NORMAL,42.06536,-83.22241
SW25092400366,2025-09-24T13:17:24Z,2025-09-24T13:17:24Z,1,2025-09-23T18:36:15Z,2025-09-24T17:05:00Z,2,2,Determined upon crew arrival,New,OUTAGE,Service Secondary,NPT,NORMAL,42.06806,-83.22897
SW25092400367,2025-09-24T13:17:24Z,2025-09-24T13:17:24Z,1,2025-09-23T22:56:14Z,2025-09-25T12:35:00Z,1,1,Determined upon crew arrival,New,OUTAGE,Single Customer,NPT,NORMAL,42.07964,-83.22096
SW25092400368,2025-09-24T13:17:24Z,2025-09-24T13:17:24Z,1,2025-09-23T18:42:09Z,2025-09-25T12:35:00Z,1,1,Determined upon crew arrival,New,OUTAGE,Single Customer,NPT,NORMAL,42.06028,-83.22043
SW25092400369,2025-09-24T13:17:24Z,2025-09-24T14:53:00Z,6,2025-09-23T18:32:54Z,2025-09-24T17:05:00Z,1171,1171,Determined upon crew arrival,In Progres,OUTAGE,Device (II),NPT,NORMAL,42.06199,-83.22287
SW25092400371,2025-09-24T13:17:24Z,2025-09-24T13:17:24Z,1,2025-09-23T18:37:35Z,2025-09-24T17:05:00Z,4,4,Determined upon crew arrival,New,OUTAGE,Service Transformer,NPT,NORMAL,42.07048,-83.22932
SW25092400374,2025-09-24T13:17:24Z,2025-09-24T13:17:24Z,1,2025-09-23T18:37:09Z,2025-09-24T17:10:00Z,55,55,Determined upon crew arrival,New,OUTAGE,Device (I),NPT,NORMAL,42.06474,-83.22379
SW25092400375,2025-09-24T13:17:24Z,2025-09-24T13:17:24Z,1,2025-09-23T18:41:39Z,2025-09-25T12:40:00Z,1,1,Determined upon crew arrival,New,OUTAGE,Single Customer,NPT,NORMAL,42.05971,-83.21983
SW25092400381,2025-09-24T13:17:24Z,2025-09-24T13:17:24Z,1,2025-09-24T12:38:10Z,2025-09-25T12:40:00Z,1,1,Determined upon crew arrival,New,OUTAGE,Single Customer,NPT,NORMAL,42.09036,-83.18738
SW25092400384,2025-09-24T13:17:24Z,2025-09-24T13:17:24Z,1,2025-09-23T18:37:57Z,2025-09-24T17:10:00Z,40,40,Determined upon crew arrival,New,OUTAGE,Device (I),NPT,NORMAL,42.06594,-83.22323
SW25092400393,2025-09-24T13:17:24Z,2025-09-24T13:17:24Z,1,2025-09-23T18:36:07Z,2025-09-25T12:40:00Z,1,1,Determined upon crew arrival,New,OUTAGE,Single Customer,NPT,NORMAL,42.07558,-83.22105
SW25092400396,2025-09-24T13:17:24Z,2025-09-24T13:17:24Z,1,2025-09-23T21:10:28Z,,1,1,Determined upon crew arrival,New,OUTAGE,Single Customer,NPT,NORMAL,42.07192,-83.22939
SW25092400399,2025-09-24T13:17:24Z,2025-09-24T13:17:24Z,1,2025-09-23T18:38:36Z,,1,1,Determined upon crew arrival,New,OUTAGE,Single Customer,NPT,NORMAL,42.06329,-83.21356
SW25092400400,2025-09-24T13:17:24Z,2025-09-24T13:17:24Z,1,2025-09-23T19:28:15Z,,1,1,Determined upon crew arrival,New,OUTAGE,Single Customer,NPT,NORMAL,42.06681,-83.20683
SW25092400403,2025-09-24T13:17:24Z,2025-09-24T16:25:46Z,10,2025-09-24T12:44:21Z,2025-09-24T17:15:00Z,1,1,Determined upon crew arrival,PC3 Verifi,PRIORITY,,NPT,NORMAL,42.06465,-83.23881
NW25092400426,2025-09-24T13:45:07Z,2025-09-24T14:41:35Z,4,2025-09-23T20:26:13Z,2025-09-25T12:50:00Z,1,1,Determined upon crew arrival,In Progres,OUTAGE,Single Customer,SBY,NORMAL,42.71148,-83.19916
NW25092400465,2025-09-24T13:45:07Z,2025-09-24T14:20:10Z,3,2025-09-24T13:04:24Z,2025-09-24T17:35:00Z,2,2,Determined upon crew arrival,In Progres,OUTAGE,Service Secondary,PON,NORMAL,42.55484,-83.41025
NW25092400470,2025-09-24T13:45:07Z,2025-09-24T14:20:10Z,3,2025-09-24T13:04:24Z,2025-09-24T17:40:00Z,13,13,Determined upon crew arrival,In Progres,OUTAGE,Service Transformer,PON,NORMAL,42.55439,-83.41132
NW25092400524,2025-09-24T13:45:07Z,2025-09-24T14:53:00Z,5,2025-09-24T13:29:50Z,2025-09-25T13:30:00Z,1,1,Determined upon crew arrival,In Progres,OUTAGE,Single Customer,HWL,NORMAL,42.65407,-84.10299
SE25092400419,2025-09-24T13:45:07Z,2025-09-24T13:45:07Z,1,2025-09-24T12:31:22Z,2025-09-24T17:20:00Z,17,17,Determined upon crew arrival,In Progres,OUTAGE,Service Transformer,RFD,NORMAL,42.4455,-83.29203
SE25092400451,2025-09-24T13:45:07Z,2025-09-24T16:25:46Z,9,2025-09-24T13:00:20Z,2025-09-24T17:30:00Z,12,12,Wind damage,In Progres,OUTAGE,Service Transformer,RFD,NORMAL,42.42246,-83.16645
SE25092400468,2025-09-24T13:45:07Z,2025-09-24T17:51:32Z,13,2025-09-24T13:05:44Z,2025-09-25T13:10:00Z,1,1,Equipment problem,In Progres,OUTAGE,Single Customer,RFD,NORMAL,42.51988,-83.13153
SE25092400474,2025-09-24T13:45:07Z,2025-09-24T14:41:35Z,4,2025-09-24T13:12:59Z,2025-09-24T17:45:00Z,1328,738,Equipment problem,In Progres,OUTAGE,Circuit Level,RFD,NORMAL,42.20984,-83.21059
SE25092400477,2025-09-24T13:45:07Z,2025-09-24T19:51:26Z,18,2025-09-24T13:14:32Z,2025-09-25T13:15:00Z,1,1,Determined upon crew arrival,In Progres,OUTAGE,Single Customer,RFD,NORMAL,42.45649,-83.1644
SE25092400485,2025-09-24T13:45:07Z,2025-09-24T14:53:00Z,5,2025-09-24T13:16:39Z,2025-09-24T17:45:00Z,1,1,Determined upon crew arrival,PC3 Verifi,PRIORITY,,RFD,NORMAL,42.21182,-83.21406
SE25092400486,2025-09-24T13:45:07Z,2025-09-24T14:53:00Z,5,2025-09-24T13:16:55Z,2025-09-24T17:45:00Z,1,1,Determined upon crew arrival,PC3 Verifi,PRIORITY,,RFD,NORMAL,42.20249,-83.20958
SE25092400489,2025-09-24T13:45:07Z,2025-09-24T14:53:00Z,5,2025-09-24T13:17:34Z,2025-09-24T17:50:00Z,1,1,Determined upon crew arrival,PC3 Verifi,PRIORITY,,RFD,NORMAL,42.21493,-83.20828
SE25092400492,2025-09-24T13:45:07Z,2025-09-24T14:53:00Z,5,2025-09-24T13:17:50Z,2025-09-24T17:50:00Z,1,1,Determined upon crew arrival,PC3 Verifi,PRIORITY,,RFD,NORMAL,42.21398,-83.21364
SE25092400498,2025-09-24T13:45:07Z,2025-09-24T13:45:07Z,1,2025-09-24T13:12:55Z,2025-09-25T13:20:00Z,2,2,Determined upon crew arrival,PC3 Verifi,OUTAGE,Service Secondary,RFD,NORMAL,42.22398,-83.21198
SE25092400502,2025-09-24T13:45:07Z,2025-09-24T20:21:59Z,19,2025-09-24T13:23:19Z,2025-09-25T13:25:00Z,1,1,Determined upon crew arrival,In Progres,OUTAGE,Single Customer,RFD,NORMAL,42.50412,-83.21228
SE25092400506,2025-09-24T13:45:07Z,2025-09-24T14:53:00Z,5,2025-09-24T13:24:04Z,2025-09-24T17:55:00Z,1,1,Determined upon crew arrival,PC3 Verifi,PRIORITY,,RFD,NORMAL,42.21796,-83.20907
SE25092400512,2025-09-24T13:45:07Z,2025-09-24T13:45:07Z,1,2025-09-24T13:26:02Z,2025-09-25T13:25:00Z,1,1,Determined upon crew arrival,New,OUTAGE,Single Customer,RFD,NORMAL,42.21836,-83.20575
SE25092400515,2025-09-24T13:45:07Z,2025-09-24T13:45:07Z,1,2025-09-24T13:12:53Z,,1,1,Determined upon crew arrival,New,OUTAGE,Single Customer,RFD,NORMAL,42.19411,-83.21536
SE25092400517,2025-09-24T13:45:07Z,2025-09-24T13:45:07Z,1,2025-09-24T13:12:56Z,,45,45,Determined upon crew arrival,New,OUTAGE,Device (I),RFD,NORMAL,42.20737,-83.21659
SE25092400518,2025-09-24T13:45:07Z,2025-09-24T13:45:07Z,1,2025-09-24T13:12:53Z,,64,64,Determined upon crew arrival,New,OUTAGE,Device (I),RFD,NORMAL,42.19281,-83.2221
SE25092400519,2025-09-24T13:45:07Z,2025-09-24T13:45:07Z,1,2025-09-24T13:12:58Z,,1,1,Determined upon crew arrival,New,OUTAGE,Single Customer,RFD,NORMAL,42.19987,-83.20929
SE25092400520,2025-09-24T13:45:07Z,2025-09-24T13:45:07Z,1,2025-09-24T13:12:56Z,,1,1,Determined upon crew arrival,New,OUTAGE,Single Customer,RFD,NORMAL,42.22023,-83.20856
SE25092400522,2025-09-24T13:45:07Z,2025-09-24T13:45:07Z,1,2025-09-24T13:12:51Z,,2,2,Determined upon crew arrival,New,OUTAGE,Service Secondary,RFD,NORMAL,42.19225,-83.22307
SW25092400496,2025-09-24T13:45:07Z,2025-09-24T13:56:32Z,2,2025-09-24T13:20:12Z,2025-09-25T13:20:00Z,1,1,Determined upon crew arrival,PC3 Verifi,OUTAGE,Single Customer,NPT,NORMAL,42.08379,-83.19063
NW25092400552,2025-09-24T13:56:32Z,2025-09-24T13:56:32Z,1,2025-09-24T13:45:03Z,,1,1,Determined upon crew arrival,New,OUTAGE,Single Customer,PON,NORMAL,42.59067,-83.13586
SE25092400529,2025-09-24T13:56:32Z,2025-09-24T14:41:35Z,3,2025-09-24T13:32:41Z,2025-09-24T18:05:00Z,604,604,Equipment problem,In Progres,OUTAGE,Device (II),RFD,NORMAL,42.21508,-83.21001
SE25092400540,2025-09-24T13:56:32Z,2025-09-24T14:53:00Z,4,2025-09-24T13:38:05Z,2025-09-24T18:10:00Z,1,1,Determined upon crew arrival,PC3 Verifi,PRIORITY,,RFD,NORMAL,42.20266,-83.20716
SW25092400535,2025-09-24T13:56:32Z,2025-09-24T19:16:11Z,15,2025-09-24T13:35:48Z,2025-09-25T13:35:00Z,1,1,Equipment problem,In Progres,OUTAGE,Single Customer,WWS,NORMAL,42.22114,-83.29584
SW25092400548,2025-09-24T13:56:32Z,2025-09-24T21:37:41Z,22,2025-09-24T13:26:19Z,2025-09-24T22:10:00Z,16,16,Determined upon crew arrival,In Progres,OUTAGE,Service Transformer,WWS,NORMAL,42.46015,-83.36286
NE25092400557,2025-09-24T14:20:10Z,2025-09-24T14:53:00Z,3,2025-09-24T13:46:50Z,2025-09-25T13:45:00Z,1,1,Determined upon crew arrival,In Progres,OUTAGE,Single Customer,MTC,NORMAL,42.55374,-82.88171
NW25092400560,2025-09-24T14:20:10Z,2025-09-24T14:41:35Z,2,2025-09-24T13:48:47Z,2025-09-24T18:20:00Z,4,4,Determined upon crew arrival,In Progres,OUTAGE,Service Transformer,PON,NORMAL,42.60195,-83.13422
NW25092400583,2025-09-24T14:20:10Z,2025-09-25T14:55:34Z,60,2025-09-24T14:03:41Z,2025-09-25T18:05:00Z,1,1,Equipment problem,New,OUTAGE,Single Customer,PON,NORMAL,42.59067,-83.13586
NW25092400589,2025-09-24T14:20:10Z,2025-09-24T16:47:43Z,8,2025-09-24T13:53:53Z,2025-09-24T18:40:00Z,22,22,Equipment problem,In Progres,OUTAGE,Device (I),PON,NORMAL,42.7118,-83.21429
NW25092400591,2025-09-24T14:20:10Z,2025-09-24T15:41:10Z,5,2025-09-24T14:04:37Z,2025-09-24T18:40:00Z,2,2,Equipment problem,In Progres,OUTAGE,Service Transformer,PON,NORMAL,42.77652,-83.43331
SE25092400578,2025-09-24T14:20:10Z,2025-09-24T14:20:10Z,1,2025-09-24T13:12:56Z,2025-09-25T14:00:00Z,1,1,Determined upon crew arrival,PC3 Verifi,OUTAGE,Single Customer,RFD,NORMAL,42.20768,-83.21581
SE25092400592,2025-09-24T14:20:10Z,2025-09-24T14:20:10Z,1,2025-09-24T14:10:50Z,2025-09-25T14:10:00Z,1,1,Determined upon crew arrival,New,OUTAGE,Single Customer,RFD,NORMAL,42.22486,-83.21198
SE25092400594,2025-09-24T14:20:10Z,2025-09-24T17:51:32Z,11,2025-09-24T14:12:03Z,2025-09-25T14:10:00Z,1,1,Equipment problem,In Progres,OUTAGE,Single Customer,RFD,NORMAL,42.27014,-83.25357
SE25092400596,2025-09-24T14:20:10Z,2025-09-24T22:17:54Z,23,2025-09-24T14:14:55Z,2025-09-25T14:15:00Z,1,1,Determined upon crew arrival,In Progres,SERVICE DOWN NO,,CAN,NORMAL,42.36033,-83.13293
SE25092400597,2025-09-24T14:20:10Z,2025-09-25T01:26:22Z,29,2025-09-24T14:05:14Z,2025-09-25T14:15:00Z,1,1,Equipment problem,In Progres,SERVICE DOWN NO,,RFD,NORMAL,42.34036,-83.27601
SW25092400569,2025-09-24T14:20:10Z,2025-09-24T14:53:00Z,3,2025-09-24T13:50:51Z,2025-09-25T13:50:00Z,1,1,Determined upon crew arrival,New,OUTAGE,Single Customer,WWS,NORMAL,42.18805,-83.33693
SW25092400571,2025-09-24T14:20:10Z,2025-09-24T23:50:57Z,28,2025-09-24T13:51:21Z,2025-09-25T02:20:00Z,1,1,Determined upon crew arrival,In Progres,PRIORITY,,NPT,NORMAL,42.06501,-83.21097
NE25092400599,2025-09-24T14:41:35Z,2025-09-24T17:17:17Z,8,2025-09-24T14:19:06Z,2025-09-25T14:20:00Z,1,1,Determined upon crew arrival,In Progres,OUTAGE,Single Customer,NAE,NORMAL,43.52617,-83.54505
NE25092400640,2025-09-24T14:41:35Z,2025-09-24T16:25:46Z,6,2025-09-24T14:28:02Z,2025-09-24T19:00:00Z,28,28,Determined upon crew arrival,In Progres,OUTAGE,Service Transformer,MTC,NORMAL,42.45074,-83.04924
NW25092400612,2025-09-24T14:41:35Z,2025-09-24T15:52:25Z,5,2025-09-24T14:19:02Z,2025-09-24T18:50:00Z,1897,1896,Animal/bird damaged DTE equip,In Progres,OUTAGE,Circuit Level,PON,NORMAL,42.66029,-83.26329
NW25092400638,2025-09-24T14:41:35Z,2025-09-24T16:25:46Z,6,2025-09-24T14:26:14Z,2025-09-25T14:25:00Z,1,1,Determined upon crew arrival,In Progres,OUTAGE,Single Customer,PON,NORMAL,42.66104,-83.27956
NW25092400644,2025-09-24T14:41:35Z,2025-09-24T16:25:46Z,6,2025-09-24T14:29:29Z,2025-09-24T19:00:00Z,1,1,Determined upon crew arrival,In Progres,PRIORITY,,PON,NORMAL,42.66652,-83.26451
NW25092400645,2025-09-24T14:41:35Z,2025-09-24T14:41:35Z,1,2025-09-24T14:29:48Z,,1,1,Determined upon crew arrival,New,OUTAGE,Single Customer,PON,NORMAL,42.64987,-83.25805
SE25092400602,2025-09-24T14:41:35Z,2025-09-24T19:16:11Z,13,2025-09-24T14:20:10Z,2025-09-25T14:20:00Z,1,1,Equipment problem,In Progres,OUTAGE,Single Customer,CAN,NORMAL,42.41113,-82.929
NE25092400647,2025-09-24T14:53:00Z,2025-09-24T15:52:25Z,4,2025-09-24T14:28:38Z,2025-09-24T19:00:00Z,9,9,Determined upon crew arrival,In Progres,OUTAGE,Device (II),LAP,NORMAL,43.17945,-83.16823
NE25092400669,2025-09-24T14:53:00Z,2025-09-24T17:17:17Z,7,2025-09-24T14:41:33Z,2025-09-24T19:10:00Z,2,2,Determined upon crew arrival,In Progres,OUTAGE,Service Transformer,NAE,NORMAL,43.42173,-82.8248
SE25092400651,2025-09-24T14:53:00Z,2025-09-24T20:38:54Z,16,2025-09-24T14:32:41Z,2025-09-25T14:35:00Z,1,1,Determined upon crew arrival,In Progres,SERVICE DOWN NO,,RFD,NORMAL,42.21813,-83.19866
SE25092400654,2025-09-24T14:53:00Z,2025-09-24T19:51:26Z,14,2025-09-24T14:35:56Z,2025-09-25T14:35:00Z,1,1,Determined upon crew arrival,In Progres,OUTAGE,Single Customer,RFD,NORMAL,42.50586,-83.13698
SE25092400668,2025-09-24T14:53:00Z,2025-09-24T15:52:25Z,4,2025-09-24T14:41:21Z,2025-09-25T14:40:00Z,1,1,Determined upon crew arrival,PC3 Verifi,OUTAGE,Single Customer,RFD,NORMAL,42.20483,-83.21246
SW25092400648,2025-09-24T14:53:00Z,2025-09-24T16:25:46Z,5,2025-09-24T14:27:10Z,2025-09-24T19:00:00Z,9,9,Equipment problem,In Progres,OUTAGE,Device (I),WWS,NORMAL,42.43546,-83.37252
NE25092400682,2025-09-24T15:20:21Z,2025-09-24T15:41:10Z,2,2025-09-24T14:52:03Z,2025-09-25T14:50:00Z,1,1,Determined upon crew arrival,New,OUTAGE,Single Customer,MTC,NORMAL,42.45306,-83.04936
NE25092400698,2025-09-24T15:20:21Z,2025-09-24T17:51:32Z,8,2025-09-24T14:58:39Z,2025-09-25T15:00:00Z,1,1,Determined upon crew arrival,In Progres,OUTAGE,Single Customer,MTC,NORMAL,42.599,-82.88354
NE25092400703,2025-09-24T15:20:21Z,2025-09-24T16:25:46Z,4,2025-09-24T14:57:22Z,2025-09-24T19:30:00Z,23,23,Determined upon crew arrival,In Progres,OUTAGE,Device (I),MTC,NORMAL,42.4985,-83.00957
NE25092400716,2025-09-24T15:20:21Z,2025-09-24T15:52:25Z,3,2025-09-24T15:09:41Z,2025-09-25T15:10:00Z,1,1,Determined upon crew arrival,In Progres,OUTAGE,Single Customer,LAP,NORMAL,43.18273,-83.30771
SE25092400702,2025-09-24T15:20:21Z,2025-09-24T15:52:25Z,3,2025-09-24T14:56:00Z,2025-09-24T19:30:00Z,55,55,Determined upon crew arrival,In Progres,OUTAGE,Device (I),RFD,NORMAL,42.47178,-83.18917
SE25092400712,2025-09-24T15:20:21Z,2025-09-25T14:55:34Z,57,2025-09-24T15:05:28Z,2025-09-25T15:05:00Z,1,1,Equipment problem,In Progres,OUTAGE,Single Customer,RFD,NORMAL,42.33589,-83.26493
SE25092400719,2025-09-24T15:20:21Z,2025-09-24T22:37:46Z,21,2025-09-24T15:14:20Z,2025-09-25T15:15:00Z,1,1,Equipment problem,In Progres,OUTAGE,Single Customer,RFD,NORMAL,42.38812,-83.25202
SW25092400696,2025-09-24T15:20:21Z,2025-09-24T15:52:25Z,3,2025-09-23T18:39:14Z,2025-09-25T15:00:00Z,1,1,Determined upon crew arrival,New,OUTAGE,Single Customer,NPT,NORMAL,42.07236,-83.22262
NE25092400729,2025-09-24T15:41:10Z,2025-09-24T17:51:32Z,7,2025-09-24T15:17:40Z,2025-09-25T15:20:00Z,1,1,Problem with the customer equip,In Progres,OUTAGE,Single Customer,LAP,NORMAL,42.81422,-83.11274
NE25092400750,2025-09-24T15:41:10Z,2025-09-24T15:52:25Z,2,2025-09-24T15:24:26Z,2025-09-25T15:25:00Z,1,1,Determined upon crew arrival,In Progres,OUTAGE,Single Customer,LAP,NORMAL,43.18805,-83.29336
NW25092400741,2025-09-24T15:41:10Z,2025-09-24T16:47:43Z,4,2025-09-24T15:20:39Z,2025-09-25T15:25:00Z,1,1,Determined upon crew arrival,In Progres,OUTAGE,Single Customer,PON,NORMAL,42.53337,-83.2777
SE25092400735,2025-09-24T15:41:10Z,2025-09-24T15:41:10Z,1,2025-09-24T15:19:50Z,2025-09-25T15:20:00Z,1,1,Determined upon crew arrival,New,OUTAGE,Single Customer,RFD,NORMAL,42.21051,-83.2097
SE25092400753,2025-09-24T15:41:10Z,2025-09-24T15:41:10Z,1,2025-09-24T14:53:20Z,2025-09-25T15:25:00Z,1,1,Determined upon crew arrival,New,OUTAGE,Single Customer,CAN,NORMAL,42.43038,-82.94868
SE25092400757,2025-09-24T15:41:10Z,2025-09-24T23:50:57Z,24,2025-09-24T15:26:28Z,2025-09-25T15:25:00Z,1,1,Equipment problem,In Progres,OUTAGE,Single Customer,RFD,NORMAL,42.22746,-83.186
SE25092400762,2025-09-24T15:41:10Z,2025-09-24T20:21:59Z,13,2025-09-24T15:28:58Z,2025-09-25T15:30:00Z,1,1,Equipment problem,In Progres,OUTAGE,Single Customer,CAN,NORMAL,42.4252,-83.06305
SW25092400721,2025-09-24T15:41:10Z,2025-09-24T15:52:25Z,2,2025-09-24T08:41:25Z,2025-09-24T19:45:00Z,35,35,Determined upon crew arrival,In Progres,OUTAGE,Service Transformer,NPT,NORMAL,41.95678,-83.66035
SW25092400722,2025-09-24T15:41:10Z,2025-09-24T15:52:25Z,2,2025-09-24T08:59:47Z,2025-09-24T19:45:00Z,16,16,Determined upon crew arrival,In Progres,OUTAGE,Service Transformer,NPT,NORMAL,41.95515,-83.65814
SW25092400725,2025-09-24T15:41:10Z,2025-09-24T15:52:25Z,2,2025-09-24T08:41:28Z,2025-09-24T19:45:00Z,11,11,Determined upon crew arrival,In Progres,OUTAGE,Service Transformer,NPT,NORMAL,41.95788,-83.64897
SW25092400727,2025-09-24T15:41:10Z,2025-09-24T15:52:25Z,2,2025-09-24T10:29:38Z,2025-09-24T19:50:00Z,2,2,Determined upon crew arrival,In Progres,OUTAGE,Service Secondary,NPT,NORMAL,41.9521,-83.65828
SW25092400738,2025-09-24T15:41:10Z,2025-09-24T15:52:25Z,2,2025-09-24T09:22:00Z,2025-09-25T15:20:00Z,2,2,Determined upon crew arrival,In Progres,OUTAGE,Service Secondary,NPT,NORMAL,41.95806,-83.65118
SW25092400742,2025-09-24T15:41:10Z,2025-09-24T15:52:25Z,2,2025-09-23T20:25:02Z,2025-09-25T15:25:00Z,1,1,Determined upon crew arrival,In Progres,OUTAGE,Single Customer,NPT,NORMAL,42.06274,-83.22408
SW25092400748,2025-09-24T15:41:10Z,2025-09-24T15:52:25Z,2,2025-09-24T11:32:58Z,2025-09-25T15:25:00Z,1,1,Determined upon crew arrival,In Progres,OUTAGE,Single Customer,NPT,NORMAL,41.95496,-83.65336
SW25092400749,2025-09-24T15:41:10Z,2025-09-24T15:52:25Z,2,2025-09-24T12:17:46Z,2025-09-25T15:25:00Z,1,1,Determined upon crew arrival,In Progres,OUTAGE,Single Customer,NPT,NORMAL,41.95605,-83.6566
SW25092400763,2025-09-24T15:41:10Z,2025-09-24T17:17:17Z,5,2025-09-24T15:26:38Z,2025-09-24T20:00:00Z,7,7,Determined upon crew arrival,In Progres,OUTAGE,Service Transformer,NPT,NORMAL,42.14691,-83.15868
SE25092400766,2025-09-24T15:52:25Z,2025-09-24T18:29:41Z,7,2025-09-24T15:22:15Z,2025-09-25T15:30:00Z,1,1,Determined upon crew arrival,In Progres,OUTAGE,Single Customer,CAN,NORMAL,42.35681,-83.09286
SE25092400774,2025-09-24T15:52:25Z,2025-09-25T08:47:53Z,40,2025-09-24T15:38:33Z,2025-09-25T15:40:00Z,1,1,Determined upon crew arrival,In Progres,SERVICE DOWN NO,,RFD,NORMAL,42.44958,-83.11041
SE25092400779,2025-09-24T15:52:25Z,2025-09-24T17:40:17Z,5,2025-09-24T15:36:28Z,2025-09-24T20:10:00Z,13,13,Determined upon crew arrival,In Progres,OUTAGE,Service Transformer,CAN,NORMAL,42.42672,-83.00114
SE25092400784,2025-09-24T15:52:25Z,2025-09-24T17:17:17Z,4,2025-09-24T15:42:36Z,2025-09-24T20:15:00Z,41,41,Determined upon crew arrival,In Progres,OUTAGE,Device (I),RFD,NORMAL,42.23559,-83.1825
SE25092400789,2025-09-24T15:52:25Z,2025-09-24T15:52:25Z,1,2025-09-24T15:44:58Z,,1,1,Determined upon crew arrival,New,OUTAGE,Single Customer,CAN,NORMAL,42.42609,-82.96243
SW25092400767,2025-09-24T15:52:25Z,2025-09-24T16:47:43Z,3,2025-09-24T15:25:11Z,2025-09-24T20:00:00Z,2,2,Animal/bird damaged DTE equip,In Progres,OUTAGE,Service Transformer,ANN,NORMAL,42.0656,-83.94229
SW25092400782,2025-09-24T15:52:25Z,2025-09-24T18:29:41Z,7,2025-09-24T15:42:03Z,2025-09-25T15:40:00Z,1,1,Animal/bird damaged DTE equip,In Progres,OUTAGE,Single Customer,ANN,NORMAL,42.06622,-83.94969
NE25092400798,2025-09-24T16:25:46Z,2025-09-24T16:47:43Z,2,2025-09-24T15:51:22Z,2025-09-25T15:50:00Z,1,1,Determined upon crew arrival,In Progres,OUTAGE,Single Customer,LAP,NORMAL,43.00182,-83.42752
NW25092400802,2025-09-24T16:25:46Z,2025-09-24T17:51:32Z,5,2025-09-24T10:42:05Z,2025-09-25T15:55:00Z,1,1,Determined upon crew arrival,In Progres,OUTAGE,Single Customer,PON,NORMAL,42.61241,-83.26739
NW25092400813,2025-09-24T16:25:46Z,2025-09-24T16:47:43Z,2,2025-09-24T15:59:42Z,2025-09-24T20:30:00Z,40,40,Determined upon crew arrival,In Progres,OUTAGE,Device (II),PON,NORMAL,42.61213,-83.33287
NW25092400822,2025-09-24T16:25:46Z,2025-09-24T20:51:30Z,13,2025-09-24T16:04:54Z,2025-09-25T00:35:00Z,2,2,Determined upon crew arrival,Pending,OUTAGE,Service Transformer,HWL,NORMAL,42.53534,-83.64061
NW25092400824,2025-09-24T16:25:46Z,2025-09-24T16:25:46Z,1,2025-09-24T15:43:56Z,2025-09-24T20:35:00Z,90,90,Determined upon crew arrival,In Progres,OUTAGE,Device (I),PON,NORMAL,42.65856,-83.26092
NW25092400828,2025-09-24T16:25:46Z,2025-09-24T16:25:46Z,1,2025-09-24T15:43:56Z,2025-09-24T20:35:00Z,61,61,Determined upon crew arrival,In Progres,OUTAGE,Device (I),PON,NORMAL,42.6598,-83.2618
NW25092400832,2025-09-24T16:25:46Z,2025-09-24T17:17:17Z,3,2025-09-24T16:08:30Z,2025-09-25T16:10:00Z,1,1,Determined upon crew arrival,In Progres,OUTAGE,Single Customer,PON,NORMAL,42.66293,-83.56049
SE25092400800,2025-09-24T16:25:46Z,2025-09-24T17:40:17Z,4,2025-09-24T15:40:07Z,2025-09-25T15:55:00Z,1,1,Determined upon crew arrival,In Progres,OUTAGE,Single Customer,RFD,NORMAL,42.43305,-83.26272
SE25092400809,2025-09-24T16:25:46Z,2025-09-24T21:50:54Z,16,2025-09-24T16:00:50Z,2025-09-25T16:00:00Z,1,1,Equipment problem,In Progres,OUTAGE,Single Customer,RFD,NORMAL,42.25151,-83.18348
SW25092400799,2025-09-24T16:25:46Z,2025-09-24T21:37:41Z,15,2025-09-24T15:51:41Z,2025-09-25T15:50:00Z,1,1,Equipment problem,In Progres,OUTAGE,Single Customer,NPT,NORMAL,41.94172,-83.40402
SW25092400829,2025-09-24T16:25:46Z,2025-09-24T19:51:26Z,10,2025-09-24T16:05:51Z,2025-09-25T16:05:00Z,1,1,Determined upon crew arrival,In Progres,SERVICE DOWN NO,,WWS,NORMAL,42.30518,-83.29737
SW25092400837,2025-09-24T16:25:46Z,2025-09-24T18:29:41Z,6,2025-09-24T08:42:54Z,2025-09-25T16:10:00Z,1,1,Equipment problem,In Progres,OUTAGE,Single Customer,ANN,NORMAL,42.32628,-83.87343
SW25092400842,2025-09-24T16:25:46Z,2025-09-24T23:50:57Z,22,2025-09-24T16:14:13Z,2025-09-25T16:15:00Z,1,1,Equipment problem,In Progres,OUTAGE,Single Customer,WWS,NORMAL,42.24726,-83.23484
NE25092400862,2025-09-24T16:47:43Z,2025-09-24T17:40:17Z,3,2025-09-24T16:23:51Z,2025-09-25T16:25:00Z,1,1,Determined upon crew arrival,In Progres,OUTAGE,Single Customer,LAP,NORMAL,43.15802,-83.36386
NW25092400865,2025-09-24T16:47:43Z,2025-09-24T21:17:03Z,13,2025-09-24T16:26:20Z,2025-09-25T16:25:00Z,1,1,Equipment problem,In Progres,OUTAGE,Single Customer,HWL,NORMAL,42.74416,-84.29649
SE25092400868,2025-09-24T16:47:43Z,2025-09-24T16:47:43Z,1,2025-09-24T16:27:42Z,,586,586,Determined upon crew arrival,New,OUTAGE,Circuit Level,CAN,NORMAL,42.34115,-83.03614
SW25092400846,2025-09-24T16:47:43Z,2025-09-24T22:51:22Z,18,2025-09-24T16:14:05Z,2025-09-25T00:45:00Z,28,28,Determined upon crew arrival,In Progres,OUTAGE,Device (I),WWS,NORMAL,42.22931,-83.25806
SW25092400850,2025-09-24T16:47:43Z,2025-09-24T22:17:54Z,16,2025-09-24T16:18:24Z,2025-09-25T16:20:00Z,1,1,Determined upon crew arrival,In Progres,OUTAGE,Single Customer,NPT,NORMAL,41.91757,-83.39086
SW25092400854,2025-09-24T16:47:43Z,2025-09-24T16:47:43Z,1,2025-09-24T16:21:31Z,2025-09-25T16:20:00Z,1,1,Equipment problem,New,OUTAGE,Single Customer,WWS,NORMAL,42.26699,-83.54155
NE25092400882,2025-09-24T17:17:17Z,2025-09-24T17:51:32Z,3,2025-09-24T16:41:09Z,2025-09-24T21:10:00Z,135,135,Equipment problem,In Progres,OUTAGE,Device (I),LAP,NORMAL,42.82005,-83.27008
NE25092400906,2025-09-24T17:17:17Z,2025-09-24T19:16:11Z,6,2025-09-24T16:58:32Z,2025-09-25T17:00:00Z,1,1,Determined upon crew arrival,In Progres,OUTAGE,Single Customer,MTC,NORMAL,42.59333,-82.89304
SE25092400880,2025-09-24T17:17:17Z,2025-09-24T17:40:17Z,2,2025-09-24T16:26:23Z,2025-09-24T21:10:00Z,125,125,Determined upon crew arrival,In Progres,OUTAGE,Device (II),CAN,NORMAL,42.42684,-82.96975
SW25092400902,2025-09-24T17:17:17Z,2025-09-24T19:37:33Z,7,2025-09-24T16:56:09Z,2025-09-25T16:55:00Z,1,1,Determined upon crew arrival,In Progres,OUTAGE,Single Customer,NPT,NORMAL,41.94243,-83.4034
SW25092400903,2025-09-24T17:17:17Z,2025-09-24T22:37:46Z,16,2025-09-24T16:57:16Z,2025-09-25T16:55:00Z,1,1,Equipment problem,In Progres,OUTAGE,Single Customer,WWS,NORMAL,42.21417,-83.25514
SW25092400904,2025-09-24T17:17:17Z,2025-09-24T19:16:11Z,6,2025-09-24T16:54:08Z,2025-09-24T21:30:00Z,33,33,Equipment problem,In Progres,OUTAGE,Service Transformer,ANN,NORMAL,42.24913,-83.7455
NE25092400917,2025-09-24T17:40:17Z,2025-09-24T23:50:57Z,19,2025-09-24T13:48:45Z,2025-09-25T17:05:00Z,1,1,Lightning strike,In Progres,OUTAGE,Single Customer,NAE,NORMAL,43.71525,-83.37521
NE25092400932,2025-09-24T17:40:17Z,2025-09-24T22:37:46Z,15,2025-09-24T17:18:19Z,2025-09-25T17:20:00Z,1,1,Determined upon crew arrival,In Progres,OUTAGE,Single Customer,MTC,NORMAL,42.46837,-83.01644
NE25092400936,2025-09-24T17:40:17Z,2025-09-24T19:16:11Z,5,2025-09-24T17:25:58Z,2025-09-25T17:25:00Z,1,1,Determined upon crew arrival,In Progres,OUTAGE,Single Customer,MTC,NORMAL,42.46139,-83.02292
SE25092400915,2025-09-24T17:40:17Z,2025-09-24T23:17:32Z,17,2025-09-24T17:02:09Z,2025-09-25T01:30:00Z,11,11,Determined upon crew arrival,Pending,OUTAGE,Service Transformer,RFD,NORMAL,42.26295,-83.17063
SE25092400919,2025-09-24T17:40:17Z,2025-09-25T09:51:54Z,39,2025-09-24T16:46:18Z,2025-09-25T17:05:00Z,1,1,Determined upon crew arrival,In Progres,OUTAGE,Single Customer,RFD,NORMAL,42.30859,-83.12038
SE25092400920,2025-09-24T17:40:17Z,2025-09-24T17:51:32Z,2,2025-09-24T16:50:40Z,2025-09-24T21:35:00Z,21,21,Determined upon crew arrival,In Progres,OUTAGE,Service Transformer,RFD,NORMAL,42.31048,-83.13188
SE25092400929,2025-09-24T17:40:17Z,2025-09-24T19:51:26Z,7,2025-09-24T17:15:44Z,2025-09-25T17:15:00Z,1,1,Determined upon crew arrival,In Progres,OUTAGE,Single Customer,CAN,NORMAL,42.37782,-82.94974
SE25092400931,2025-09-24T17:40:17Z,2025-09-24T18:29:41Z,3,2025-09-24T17:17:51Z,2025-09-24T21:50:00Z,393,393,Determined upon crew arrival,In Progres,OUTAGE,Device (II),RFD,NORMAL,42.2049,-83.20753
SE25092400938,2025-09-24T17:40:17Z,2025-09-24T18:48:02Z,4,2025-09-24T17:27:03Z,2025-09-25T17:25:00Z,1,1,Determined upon crew arrival,In Progres,OUTAGE,Single Customer,RFD,NORMAL,42.2989,-83.17757
SE25092400940,2025-09-24T17:40:17Z,2025-09-24T23:37:16Z,18,2025-09-24T17:28:54Z,2025-09-25T17:30:00Z,1,1,Equipment problem,In Progres,SERVICE DOWN NO,,CAN,NORMAL,42.44095,-82.98936
SW25092400939,2025-09-24T17:40:17Z,2025-09-24T19:16:11Z,5,2025-09-24T15:38:41Z,2025-09-25T17:30:00Z,1,1,Equipment problem,In Progres,OUTAGE,Single Customer,ANN,NORMAL,42.0945,-83.91164
NW25092400945,2025-09-24T17:51:32Z,2025-09-24T18:48:02Z,3,2025-09-24T17:29:37Z,2025-09-24T22:00:00Z,17,17,Determined upon crew arrival,In Progres,OUTAGE,Service Transformer,PON,NORMAL,42.55305,-83.09003
NW25092400951,2025-09-24T17:51:32Z,2025-09-24T22:37:46Z,14,2025-09-24T17:19:45Z,2025-09-25T02:05:00Z,3,3,Determined upon crew arrival,In Progres,OUTAGE,Service Transformer,HWL,NORMAL,42.53921,-83.64442
SE25092400943,2025-09-24T17:51:32Z,2025-09-24T23:50:57Z,18,2025-09-24T17:30:28Z,2025-09-25T02:00:00Z,1,1,Determined upon crew arrival,In Progres,PRIORITY,,CAN,NORMAL,42.33818,-83.02373
SW25092400947,2025-09-24T17:51:32Z,2025-09-24T18:29:41Z,2,2025-09-24T17:29:17Z,2025-09-24T22:00:00Z,4,4,Equipment problem,In Progres,OUTAGE,Service Transformer,ANN,NORMAL,42.18899,-83.67569
SW25092400948,2025-09-24T17:51:32Z,2025-09-24T19:51:26Z,6,2025-09-24T17:34:23Z,2025-09-25T17:35:00Z,1,1,Equipment problem,In Progres,OUTAGE,Single Customer,ANN,NORMAL,42.19625,-83.64172
SW25092400950,2025-09-24T17:51:32Z,2025-09-24T19:51:26Z,6,2025-09-24T17:34:35Z,2025-09-25T17:35:00Z,1,1,Equipment problem,In Progres,OUTAGE,Single Customer,ANN,NORMAL,42.1983,-83.64412
SW25092400961,2025-09-24T17:51:32Z,2025-09-24T23:50:57Z,18,2025-09-24T16:15:32Z,2025-09-25T17:45:00Z,1,1,Determined upon crew arrival,In Progres,OUTAGE,Single Customer,NPT,NORMAL,41.95364,-83.31361
NE25092400975,2025-09-24T18:29:41Z,2025-09-24T19:16:11Z,3,2025-09-24T17:54:12Z,2025-09-24T22:25:00Z,7,7,Determined upon crew arrival,In Progres,OUTAGE,Service Transformer,LAP,NORMAL,43.17896,-83.30259
NE25092400984,2025-09-24T18:29:41Z,2025-09-24T20:21:59Z,6,2025-09-24T18:04:11Z,2025-09-25T18:05:00Z,1,1,Determined upon crew arrival,In Progres,OUTAGE,Single Customer,MTC,NORMAL,42.51315,-82.92477
NW25092400978,2025-09-24T18:29:41Z,2025-09-24T18:48:02Z,2,2025-09-24T17:56:07Z,2025-09-24T22:30:00Z,88,88,Equipment problem,In Progres,OUTAGE,Device (I),SBY,NORMAL,42.58254,-83.07502
SE25092400989,2025-09-24T18:29:41Z,2025-09-24T18:29:41Z,1,2025-09-24T17:55:46Z,2025-09-25T18:10:00Z,1,1,Determined upon crew arrival,New,OUTAGE,Single Customer,CAN,NORMAL,42.41638,-82.94971
SE25092400991,2025-09-24T18:29:41Z,2025-09-24T22:17:54Z,12,2025-09-24T18:13:37Z,2025-09-25T18:15:00Z,1,1,Equipment problem,In Progres,OUTAGE,Single Customer,CAN,NORMAL,42.38508,-83.00971
SE25092400992,2025-09-24T18:29:41Z,2025-09-24T20:21:59Z,6,2025-09-24T16:24:10Z,2025-09-25T18:15:00Z,1,1,Determined upon crew arrival,In Progres,OUTAGE,Single Customer,RFD,NORMAL,42.23323,-83.18448
SW25092400966,2025-09-24T18:29:41Z,2025-09-24T19:51:26Z,5,2025-09-24T17:47:16Z,2025-09-25T17:45:00Z,1,1,Equipment problem,In Progres,OUTAGE,Single Customer,ANN,NORMAL,42.23092,-83.798
SW25092400985,2025-09-24T18:29:41Z,2025-09-24T21:37:41Z,10,2025-09-24T16:26:56Z,2025-09-25T18:05:00Z,1,1,Equipment problem,In Progres,OUTAGE,Single Customer,WWS,NORMAL,42.32764,-83.38255
SW25092400993,2025-09-24T18:29:41Z,2025-09-24T18:29:41Z,1,2025-09-24T18:14:58Z,,1,1,Determined upon crew arrival,New,OUTAGE,Single Customer,WWS,NORMAL,42.47958,-83.48341
SE25092400996,2025-09-24T18:48:02Z,2025-09-25T01:26:22Z,17,2025-09-24T18:16:20Z,2025-09-25T18:15:00Z,1,1,Equipment problem,In Progres,OUTAGE,Single Customer,RFD,NORMAL,42.34968,-83.23363
SW25092400995,2025-09-24T18:48:02Z,2025-09-24T23:50:57Z,16,2025-09-24T18:16:02Z,2025-09-25T18:15:00Z,1,1,Equipment problem,In Progres,OUTAGE,Single Customer,WWS,NORMAL,42.25376,-83.23636
SW25092400998,2025-09-24T18:48:02Z,2025-09-24T20:51:30Z,7,2025-09-24T18:15:08Z,2025-09-24T22:45:00Z,30,30,Equipment problem,In Progres,OUTAGE,Device (II),WWS,NORMAL,42.15279,-83.43978
SW25092401000,2025-09-24T18:48:02Z,2025-09-24T18:48:02Z,1,2025-09-24T18:17:48Z,2025-09-25T18:20:00Z,1,1,Determined upon crew arrival,New,OUTAGE,Single Customer,WWS,NORMAL,42.15236,-83.44055
SW25092401001,2025-09-24T18:48:02Z,2025-09-24T18:48:02Z,1,2025-09-24T18:18:37Z,2025-09-25T18:20:00Z,1,1,Determined upon crew arrival,New,OUTAGE,Single Customer,WWS,NORMAL,42.14861,-83.44063
SW25092401002,2025-09-24T18:48:02Z,2025-09-24T18:48:02Z,1,2025-09-24T18:15:10Z,2025-09-24T22:50:00Z,2,2,Determined upon crew arrival,New,OUTAGE,Service Transformer,WWS,NORMAL,42.14633,-83.44512
SW25092401004,2025-09-24T18:48:02Z,2025-09-24T18:48:02Z,1,2025-09-24T18:20:34Z,2025-09-25T18:20:00Z,1,1,Determined upon crew arrival,New,OUTAGE,Single Customer,WWS,NORMAL,42.15084,-83.44039
SW25092401005,2025-09-24T18:48:02Z,2025-09-24T18:48:02Z,1,2025-09-24T18:24:08Z,2025-09-25T18:25:00Z,1,1,Determined upon crew arrival,New,OUTAGE,Single Customer,WWS,NORMAL,42.14962,-83.44067
SW25092401008,2025-09-24T18:48:02Z,2025-09-24T23:50:57Z,16,2025-09-24T18:25:30Z,2025-09-25T18:25:00Z,1,1,Determined upon crew arrival,In Progres,OUTAGE,Single Customer,NPT,NORMAL,42.09486,-83.20276
NW25092401023,2025-09-24T19:16:11Z,2025-09-24T19:16:11Z,1,2025-09-24T18:44:13Z,2025-09-25T18:45:00Z,1,1,Determined upon crew arrival,New,OUTAGE,Single Customer,SBY,NORMAL,42.67437,-82.99064
NW25092401031,2025-09-24T19:16:11Z,2025-09-24T19:16:11Z,1,2025-09-24T18:47:42Z,2025-09-25T18:50:00Z,1,1,Determined upon crew arrival,PC3 Verifi,OUTAGE,Single Customer,SBY,NORMAL,42.67242,-82.98994
NW25092401033,2025-09-24T19:16:11Z,2025-09-24T19:16:11Z,1,2025-09-24T18:48:32Z,2025-09-25T18:50:00Z,1,1,Determined upon crew arrival,New,OUTAGE,Single Customer,SBY,NORMAL,42.67795,-82.98816
NW25092401034,2025-09-24T19:16:11Z,2025-09-24T19:16:11Z,1,2025-09-24T18:49:46Z,2025-09-25T18:50:00Z,1,1,Determined upon crew arrival,New,OUTAGE,Single Customer,SBY,NORMAL,42.67178,-82.98987
NW25092401035,2025-09-24T19:16:11Z,2025-09-24T19:16:11Z,1,2025-09-24T18:49:58Z,2025-09-25T18:50:00Z,1,1,Determined upon crew arrival,PC3 Verifi,OUTAGE,Single Customer,SBY,NORMAL,42.67174,-82.99028
NW25092401037,2025-09-24T19:16:11Z,2025-09-24T19:16:11Z,1,2025-09-24T18:50:52Z,2025-09-25T18:50:00Z,1,1,Determined upon crew arrival,New,OUTAGE,Single Customer,SBY,NORMAL,42.6743,-82.99
NW25092401045,2025-09-24T19:16:11Z,2025-09-24T19:16:11Z,1,2025-09-24T18:55:55Z,2025-09-25T18:55:00Z,1,1,Determined upon crew arrival,PC3 Verifi,OUTAGE,Single Customer,SBY,NORMAL,42.67548,-82.99003
NW25092401046,2025-09-24T19:16:11Z,2025-09-24T21:17:03Z,7,2025-09-24T18:56:20Z,2025-09-24T23:25:00Z,1,1,Determined upon crew arrival,In Progres,PRIORITY,,SBY,NORMAL,42.67588,-82.99189
NW25092401047,2025-09-24T19:16:11Z,2025-09-24T19:51:26Z,3,2025-09-24T18:40:23Z,2025-09-24T23:25:00Z,32,32,Equipment problem,In Progres,OUTAGE,Device (II),SBY,NORMAL,42.6774,-82.98999
NW25092401050,2025-09-24T19:16:11Z,2025-09-24T19:16:11Z,1,2025-09-24T18:59:46Z,,1,1,Determined upon crew arrival,New,OUTAGE,Single Customer,SBY,NORMAL,42.67335,-82.99078
NW25092401051,2025-09-24T19:16:11Z,2025-09-24T21:17:03Z,7,2025-09-24T18:59:55Z,2025-09-24T23:30:00Z,1,1,Determined upon crew arrival,In Progres,PRIORITY,,SBY,NORMAL,42.67255,-82.99055
SE25092401028,2025-09-24T19:16:11Z,2025-09-25T01:26:22Z,16,2025-09-24T16:16:23Z,2025-09-25T18:45:00Z,1,1,Determined upon crew arrival,In Progres,OUTAGE,Single Customer,CAN,NORMAL,42.37751,-83.06786
SE25092401036,2025-09-24T19:16:11Z,2025-09-24T21:50:54Z,9,2025-09-24T18:50:37Z,2025-09-25T18:50:00Z,1,1,Determined upon crew arrival,In Progres,OUTAGE,Single Customer,RFD,NORMAL,42.33408,-83.19099
SW25092401042,2025-09-24T19:16:11Z,2025-09-24T23:50:57Z,15,2025-09-24T18:55:09Z,2025-09-25T18:55:00Z,1,1,Determined upon crew arrival,In Progres,OUTAGE,Single Customer,NPT,NORMAL,41.92168,-83.39822
SW25092401043,2025-09-24T19:16:11Z,2025-09-24T19:37:33Z,2,2025-09-24T18:51:54Z,2025-09-24T23:25:00Z,10,10,Determined upon crew arrival,In Progres,OUTAGE,Service Transformer,WWS,NORMAL,42.50393,-83.42176
SW25092401048,2025-09-24T19:16:11Z,2025-09-24T23:17:32Z,13,2025-09-24T18:57:39Z,2025-09-25T19:00:00Z,1,1,Equipment problem,In Progres,OUTAGE,Single Customer,ANN,NORMAL,42.24169,-83.6153
NW25092401078,2025-09-24T19:37:33Z,2025-09-24T19:37:33Z,1,2025-09-24T19:29:49Z,,1,1,Determined upon crew arrival,New,OUTAGE,Single Customer,PON,NORMAL,42.65586,-83.25897
SW25092401061,2025-09-24T19:37:33Z,2025-09-24T19:51:26Z,2,2025-09-24T19:13:44Z,2025-09-24T23:45:00Z,17,17,Determined upon crew arrival,In Progres,OUTAGE,Service Transformer,ANN,NORMAL,42.24875,-83.74482
SW25092401068,2025-09-24T19:37:33Z,2025-09-25T01:26:22Z,15,2025-09-24T19:19:54Z,2025-09-25T19:20:00Z,1,1,Animal/bird damaged DTE equip,In Progres,OUTAGE,Single Customer,ANN,NORMAL,42.33907,-83.87089
SW25092401072,2025-09-24T19:37:33Z,2025-09-24T19:37:33Z,1,2025-09-24T19:23:28Z,2025-09-25T19:25:00Z,1,1,Determined upon crew arrival,New,OUTAGE,Single Customer,NPT,NORMAL,42.08689,-83.44896
SW25092401077,2025-09-24T19:37:33Z,2025-09-24T22:17:54Z,9,2025-09-24T19:26:09Z,2025-09-25T19:30:00Z,1,1,Equipment problem,In Progres,OUTAGE,Single Customer,WWS,NORMAL,42.3497,-83.39325
NW25092401154,2025-09-24T19:51:26Z,2025-09-26T14:51:51Z,59,2025-09-24T19:33:09Z,2025-09-26T16:05:00Z,1,1,Determined upon crew arrival,In Progres,PRIORITY,,SBY,NORMAL,42.69832,-83.13052
SE25092401195,2025-09-24T19:51:26Z,2025-09-24T23:50:57Z,13,2025-09-24T19:37:34Z,2025-09-25T19:40:00Z,1,1,Determined upon crew arrival,In Progres,OUTAGE,Single Customer,RFD,NORMAL,42.51298,-83.19625
NW25092401239,2025-09-24T20:21:59Z,2025-09-24T20:38:54Z,2,2025-09-24T19:55:44Z,2025-09-25T19:55:00Z,1,1,Determined upon crew arrival,New,OUTAGE,Single Customer,SBY,NORMAL,42.73978,-83.03256
SE25092401244,2025-09-24T20:21:59Z,2025-09-24T23:50:57Z,12,2025-09-24T19:58:41Z,2025-09-25T20:00:00Z,1,1,Determined upon crew arrival,In Progres,OUTAGE,Single Customer,RFD,NORMAL,42.43949,-83.29426
SE25092401253,2025-09-24T20:21:59Z,2025-09-25T04:43:09Z,18,2025-09-24T20:06:43Z,2025-09-25T20:05:00Z,1,1,Equipment problem,In Progres,OUTAGE,Single Customer,RFD,NORMAL,42.4195,-83.29719
SE25092401257,2025-09-24T20:21:59Z,2025-09-24T23:50:57Z,12,2025-09-24T20:07:50Z,2025-09-25T20:10:00Z,1,1,Equipment problem,In Progres,OUTAGE,Single Customer,CAN,NORMAL,42.4244,-83.08297
SW25092401252,2025-09-24T20:21:59Z,2025-09-24T22:51:22Z,9,2025-09-24T20:03:07Z,2025-09-25T00:35:00Z,111,111,Equipment problem,In Progres,OUTAGE,Device (II),WWS,NORMAL,42.48826,-83.32788
SW25092401258,2025-09-24T20:21:59Z,2025-09-24T20:21:59Z,1,2025-09-24T20:07:58Z,2025-09-25T00:40:00Z,2,2,Equipment problem,New,OUTAGE,Service Secondary,WWS,NORMAL,42.48798,-83.32875
SW25092401259,2025-09-24T20:21:59Z,2025-09-24T22:17:54Z,7,2025-09-24T20:08:53Z,2025-09-25T20:10:00Z,1,1,Problem with the customer equip,In Progres,OUTAGE,Single Customer,ANN,NORMAL,42.21961,-83.57951
NE25092401271,2025-09-24T20:38:54Z,2025-09-24T23:50:57Z,11,2025-09-24T20:19:00Z,2025-09-25T20:20:00Z,1,1,Determined upon crew arrival,In Progres,OUTAGE,Single Customer,MTC,NORMAL,42.51305,-83.06381
NW25092401283,2025-09-24T20:38:54Z,2025-09-25T01:26:22Z,12,2025-09-24T20:26:20Z,2025-09-25T20:25:00Z,1,1,Equipment problem,In Progres,OUTAGE,Single Customer,SBY,NORMAL,42.64564,-83.08554
SE25092401270,2025-09-24T20:38:54Z,2025-09-24T20:38:54Z,1,2025-09-24T20:14:35Z,2025-09-25T00:45:00Z,36,36,Determined upon crew arrival,In Progres,OUTAGE,Service Transformer,RFD,NORMAL,42.53385,-83.14435
SE25092401280,2025-09-24T20:38:54Z,2025-09-25T09:40:45Z,30,2025-09-24T20:26:15Z,2025-09-25T20:25:00Z,1,1,Determined upon crew arrival,In Progres,OUTAGE,Single Customer,RFD,NORMAL,42.52815,-83.12698
SW25092401273,2025-09-24T20:38:54Z,2025-09-24T23:17:32Z,9,2025-09-24T20:22:02Z,2025-09-25T20:20:00Z,1,1,Equipment problem,In Progres,OUTAGE,Single Customer,ANN,NORMAL,42.20638,-83.68029
SW25092401276,2025-09-24T20:38:54Z,2025-09-24T21:17:03Z,3,2025-09-24T20:25:22Z,2025-09-25T00:55:00Z,505,505,Determined upon crew arrival,In Progres,OUTAGE,Circuit Level,WWS,NORMAL,42.28422,-83.35943
SW25092401291,2025-09-24T20:38:54Z,2025-09-24T20:51:30Z,2,2025-09-24T20:29:43Z,2025-09-25T20:30:00Z,1,1,Determined upon crew arrival,New,OUTAGE,Single Customer,NPT,NORMAL,41.91946,-83.72842
NE25092401300,2025-09-24T20:51:30Z,2025-09-25T02:48:47Z,12,2025-09-24T20:41:39Z,2025-09-25T20:40:00Z,1,1,Determined upon crew arrival,In Progres,OUTAGE,Single Customer,MTC,NORMAL,42.58858,-82.92756
SE25092401299,2025-09-24T20:51:30Z,2025-09-24T23:50:57Z,10,2025-09-24T20:36:29Z,2025-09-25T01:10:00Z,22,22,Equipment problem,In Progres,OUTAGE,Service Transformer,CAN,NORMAL,42.43061,-82.95941
SE25092401303,2025-09-24T20:51:30Z,2025-09-25T04:23:28Z,15,2025-09-24T20:09:00Z,2025-09-25T20:45:00Z,1,1,Determined upon crew arrival,In Progres,OUTAGE,Single Customer,RFD,NORMAL,42.41201,-83.27631
SW25092401292,2025-09-24T20:51:30Z,2025-09-24T21:17:03Z,2,2025-09-24T20:30:58Z,2025-09-25T20:30:00Z,1,1,Determined upon crew arrival,New,OUTAGE,Single Customer,NPT,NORMAL,42.12183,-83.26191
SW25092401294,2025-09-24T20:51:30Z,2025-09-24T21:17:03Z,2,2025-09-24T20:16:53Z,2025-09-25T01:05:00Z,18,18,Determined upon crew arrival,In Progres,OUTAGE,Service Transformer,ANN,NORMAL,42.24877,-83.74714
NE25092401324,2025-09-24T21:17:03Z,2025-09-24T22:17:54Z,4,2025-09-24T20:55:20Z,2025-09-25T01:25:00Z,17,17,Determined upon crew arrival,Pending,OUTAGE,Service Transformer,MTC,NORMAL,42.47357,-83.02451
SW25092401317,2025-09-24T21:17:03Z,2025-09-24T23:17:32Z,7,2025-09-24T20:53:03Z,2025-09-25T01:25:00Z,1,1,Determined upon crew arrival,In Progres,PRIORITY,,WWS,NORMAL,42.17503,-83.38272
SW25092401328,2025-09-24T21:17:03Z,2025-09-24T23:17:32Z,7,2025-09-24T20:59:37Z,2025-09-25T21:00:00Z,1,1,Equipment problem,New,OUTAGE,Single Customer,WWS,NORMAL,42.49154,-83.34153
NE25092401341,2025-09-24T21:37:41Z,2025-09-24T23:50:57Z,8,2025-09-24T21:09:32Z,2025-09-25T21:10:00Z,1,1,Problem with the customer equip,In Progres,OUTAGE,Single Customer,MTC,NORMAL,42.47354,-83.02613
NW25092401329,2025-09-24T21:37:41Z,2025-09-24T23:50:57Z,8,2025-09-24T21:00:23Z,2025-09-25T21:00:00Z,1,1,Determined upon crew arrival,In Progres,OUTAGE,Single Customer,PON,NORMAL,42.55985,-83.48858
SE25092401350,2025-09-24T21:37:41Z,2025-09-24T23:17:32Z,6,2025-09-24T21:15:05Z,2025-09-25T21:15:00Z,1,1,Determined upon crew arrival,New,OUTAGE,Single Customer,CAN,NORMAL,42.44665,-82.88797
SE25092401356,2025-09-24T21:37:41Z,2025-09-25T14:55:34Z,40,2025-09-24T13:05:44Z,2025-09-25T21:25:00Z,1,1,Equipment problem,Pending,OUTAGE,Single Customer,RFD,NORMAL,42.51988,-83.13153
SW25092401336,2025-09-24T21:37:41Z,2025-09-24T22:17:54Z,3,2025-09-24T20:16:53Z,2025-09-25T01:30:00Z,31,31,Determined upon crew arrival,In Progres,OUTAGE,Service Transformer,ANN,NORMAL,42.24869,-83.74789
SW25092401355,2025-09-24T21:37:41Z,2025-09-24T21:37:41Z,1,2025-09-24T21:19:09Z,2025-09-25T21:20:00Z,1,1,Determined upon crew arrival,In Progres,OUTAGE,Single Customer,WWS,NORMAL,42.28575,-83.35915
NW25092401371,2025-09-24T21:50:54Z,2025-09-25T15:21:33Z,40,2025-09-24T21:44:40Z,2025-09-25T21:45:00Z,1,1,Determined upon crew arrival,In Progres,OUTAGE,Single Customer,SBY,NORMAL,42.5982,-83.00037
SE25092401360,2025-09-24T21:50:54Z,2025-09-25T15:21:33Z,40,2025-09-24T21:33:13Z,2025-09-25T18:05:00Z,2,2,Equipment problem,In Progres,OUTAGE,Service Secondary,CAN,NORMAL,42.38905,-83.13677
SE25092401369,2025-09-24T21:50:54Z,2025-09-25T08:47:53Z,24,2025-09-24T21:43:20Z,2025-09-25T21:45:00Z,1,1,Equipment problem,In Progres,OUTAGE,Single Customer,CAN,NORMAL,42.41599,-82.96139
NE25092401383,2025-09-24T22:17:54Z,2025-09-24T23:50:57Z,6,2025-09-24T21:59:21Z,2025-09-25T22:00:00Z,1,1,Determined upon crew arrival,In Progres,OUTAGE,Single Customer,MAR,NORMAL,42.78649,-82.58727
NW25092401376,2025-09-24T22:17:54Z,2025-09-24T23:37:16Z,5,2025-09-24T21:52:26Z,2025-09-25T02:25:00Z,4,4,Equipment problem,In Progres,OUTAGE,Service Transformer,PON,NORMAL,42.60275,-83.39735
NW25092401379,2025-09-24T22:17:54Z,2025-09-24T23:17:32Z,4,2025-09-24T21:52:05Z,2025-09-25T02:25:00Z,39,39,Equipment problem,In Progres,OUTAGE,Device (I),SBY,NORMAL,42.67565,-83.15055
SE25092401375,2025-09-24T22:17:54Z,2025-09-24T23:50:57Z,6,2025-09-24T21:47:19Z,2025-09-25T02:25:00Z,12,12,Determined upon crew arrival,In Progres,OUTAGE,Device (I),CAN,NORMAL,42.38219,-82.90719
SE25092401377,2025-09-24T22:17:54Z,2025-09-24T22:17:54Z,1,2025-09-24T21:55:00Z,2025-09-25T02:25:00Z,2,2,Determined upon crew arrival,In Progres,OUTAGE,Service Secondary,CAN,NORMAL,42.38356,-82.90816
SW25092401384,2025-09-24T22:17:54Z,2025-09-24T23:37:16Z,5,2025-09-24T21:59:30Z,2025-09-25T22:00:00Z,1,1,Equipment problem,In Progres,OUTAGE,Single Customer,ANN,NORMAL,42.17443,-83.65698
NE25092401385,2025-09-24T22:37:46Z,2025-09-25T04:23:28Z,10,2025-09-24T22:00:57Z,2025-09-25T22:00:00Z,1,1,Equipment problem,In Progres,OUTAGE,Single Customer,MAR,NORMAL,42.98283,-82.42681
NE25092401393,2025-09-24T22:37:46Z,2025-09-24T22:37:46Z,1,2025-09-24T21:54:21Z,2025-09-25T02:40:00Z,5,5,Determined upon crew arrival,In Progres,OUTAGE,Service Transformer,MAR,NORMAL,42.75852,-82.59066
NE25092401394,2025-09-24T22:37:46Z,2025-09-24T23:17:32Z,3,2025-09-24T21:54:21Z,2025-09-25T02:40:00Z,3,3,Equipment problem,In Progres,OUTAGE,Service Transformer,MAR,NORMAL,42.76022,-82.59178
NW25092401386,2025-09-24T22:37:46Z,2025-09-24T23:37:16Z,4,2025-09-24T21:52:23Z,2025-09-25T02:30:00Z,2,2,Equipment problem,In Progres,OUTAGE,Service Secondary,PON,NORMAL,42.60234,-83.39435
NW25092401411,2025-09-24T22:51:22Z,2025-09-25T02:48:47Z,6,2025-09-24T22:42:07Z,2025-09-25T03:15:00Z,4,4,Equipment problem,Pending,OUTAGE,Service Transformer,PON,NORMAL,42.76998,-83.26106
SE25092401401,2025-09-24T22:51:22Z,2025-09-24T23:50:57Z,4,2025-09-24T22:30:13Z,2025-09-25T22:30:00Z,1,1,Determined upon crew arrival,In Progres,OUTAGE,Single Customer,CAN,NORMAL,42.38356,-82.90816
SE25092401409,2025-09-24T22:51:22Z,2025-09-24T22:51:22Z,1,2025-09-24T22:32:17Z,2025-09-25T22:40:00Z,1,1,Determined upon crew arrival,New,OUTAGE,Single Customer,RFD,NORMAL,42.48627,-83.24777
SE25092401413,2025-09-24T23:17:32Z,2025-09-24T23:17:32Z,1,2025-09-24T22:45:28Z,2025-09-25T03:15:00Z,1341,1341,Determined upon crew arrival,In Progres,OUTAGE,Circuit Level,CAN,NORMAL,42.36843,-82.93194
NW25092401424,2025-09-24T23:37:16Z,2025-09-24T23:50:57Z,2,2025-09-24T23:06:33Z,2025-09-25T23:05:00Z,1,1,Determined upon crew arrival,In Progres,OUTAGE,Single Customer,PON,NORMAL,42.77236,-83.49643
SE25092401428,2025-09-24T23:37:16Z,2025-09-25T13:19:05Z,30,2025-09-24T23:17:34Z,2025-09-25T23:20:00Z,1,1,Determined upon crew arrival,In Progres,OUTAGE,Single Customer,RFD,NORMAL,42.23711,-83.18088
SW25092401427,2025-09-24T23:37:16Z,2025-09-24T23:50:57Z,2,2025-09-24T23:12:03Z,2025-09-25T03:45:00Z,15,15,Determined upon crew arrival,In Progres,OUTAGE,Device (I),ANN,NORMAL,42.33781,-83.88069
SW25092401431,2025-09-24T23:37:16Z,2025-09-24T23:50:57Z,2,2025-09-24T23:22:29Z,2025-09-25T03:55:00Z,26,26,Determined upon crew arrival,In Progres,OUTAGE,Service Transformer,ANN,NORMAL,42.25659,-83.65449
SW25092401432,2025-09-24T23:37:16Z,2025-09-24T23:50:57Z,2,2025-09-24T23:22:29Z,2025-09-25T03:55:00Z,46,46,Determined upon crew arrival,In Progres,OUTAGE,Device (I),ANN,NORMAL,42.25652,-83.6565
NE25092401436,2025-09-24T23:50:57Z,2025-09-25T15:21:33Z,34,2025-09-24T23:31:17Z,2025-09-25T23:30:00Z,1,1,Determined upon crew arrival,Pending,OUTAGE,Single Customer,MTC,NORMAL,42.49958,-82.94149
NW25092401438,2025-09-24T23:50:57Z,2025-09-25T01:26:22Z,2,2025-09-24T23:31:29Z,2025-09-25T04:05:00Z,82,82,Equipment problem,In Progres,OUTAGE,Device (I),PON,NORMAL,42.67458,-83.25471
SW25092401437,2025-09-24T23:50:57Z,2025-09-24T23:50:57Z,1,2025-09-24T23:31:40Z,2025-09-25T23:30:00Z,1,1,Determined upon crew arrival,In Progres,SERVICE DOWN NO,,ANN,NORMAL,42.25659,-83.65449
NE25092401454,2025-09-25T01:26:22Z,2025-09-25T01:26:22Z,1,2025-09-25T00:22:10Z,2025-09-25T04:50:00Z,129,129,Determined upon crew arrival,In Progres,OUTAGE,Device (II),LAP,NORMAL,42.82399,-83.27119
NE25092401468,2025-09-25T01:26:22Z,2025-09-25T01:26:22Z,1,2025-09-25T00:38:27Z,2025-09-26T00:40:00Z,1,1,Determined upon crew arrival,New,OUTAGE,Single Customer,LAP,NORMAL,42.82569,-83.27437
NW25092401459,2025-09-25T01:26:22Z,2025-09-25T05:51:39Z,10,2025-09-25T00:26:12Z,2025-09-26T00:25:00Z,1,1,Determined upon crew arrival,In Progres,SERVICE DOWN NO,,PON,NORMAL,42.65244,-83.28275
NW25092401471,2025-09-25T01:26:22Z,2025-09-25T06:55:29Z,12,2025-09-25T00:43:30Z,2025-09-25T09:15:00Z,6,6,Equipment problem,In Progres,OUTAGE,Device (II),HWL,NORMAL,42.66462,-83.75537
NW25092401476,2025-09-25T01:26:22Z,2025-09-25T01:26:22Z,1,2025-09-24T06:23:28Z,2025-09-26T00:50:00Z,1,1,Determined upon crew arrival,In Progres,OUTAGE,Single Customer,PON,NORMAL,42.6255,-83.52233
NW25092401486,2025-09-25T01:26:22Z,2025-09-25T02:48:47Z,2,2025-09-25T01:11:30Z,2025-09-26T01:10:00Z,1,1,Equipment problem,In Progres,OUTAGE,Single Customer,HWL,NORMAL,42.54919,-83.68787
SE25092401457,2025-09-25T01:26:22Z,2025-09-25T06:55:29Z,12,2025-09-25T00:23:54Z,2025-09-26T00:25:00Z,1,1,Equipment problem,In Progres,OUTAGE,Single Customer,CAN,NORMAL,42.44325,-82.96183
SW25092401464,2025-09-25T01:26:22Z,2025-09-25T15:21:33Z,33,2025-09-25T00:35:08Z,2025-09-26T00:35:00Z,1,1,Equipment problem,In Progres,OUTAGE,Single Customer,WWS,NORMAL,42.27972,-83.30346
NW25092401507,2025-09-25T02:48:47Z,2025-09-25T06:55:29Z,11,2025-09-25T02:21:34Z,2025-09-26T02:20:00Z,1,1,Equipment problem,In Progres,OUTAGE,Single Customer,SBY,NORMAL,42.6152,-83.00686
SE25092401488,2025-09-25T02:48:47Z,2025-09-25T15:21:33Z,32,2025-09-24T20:36:29Z,2025-09-25T17:50:00Z,2,2,Equipment problem,In Progres,OUTAGE,Service Secondary,CAN,NORMAL,42.43061,-82.95941
SE25092401508,2025-09-25T02:48:47Z,2025-09-25T03:53:49Z,3,2025-09-25T02:20:11Z,2025-09-25T06:55:00Z,16,16,Determined upon crew arrival,In Progres,OUTAGE,Service Transformer,RFD,NORMAL,42.23811,-83.20756
SW25092401505,2025-09-25T02:48:47Z,2025-09-25T03:53:49Z,3,2025-09-25T02:17:14Z,2025-09-26T02:15:00Z,1,1,Determined upon crew arrival,In Progres,SERVICE DOWN NO,,WWS,NORMAL,42.35623,-83.50665
SW25092401506,2025-09-25T02:48:47Z,2025-09-25T15:21:33Z,32,2025-09-25T02:18:35Z,2025-09-26T02:20:00Z,1,1,Equipment problem,In Progres,OUTAGE,Single Customer,WWS,NORMAL,42.51798,-83.33016
SW25092401509,2025-09-25T02:48:47Z,2025-09-25T03:34:04Z,2,2025-09-25T02:26:07Z,2025-09-26T02:25:00Z,1,1,Equipment problem,In Progres,OUTAGE,Single Customer,WWS,NORMAL,42.35623,-83.50665
NW25092401512,2025-09-25T03:34:04Z,2025-09-25T04:54:03Z,5,2025-09-25T02:34:43Z,2025-09-26T02:35:00Z,1,1,Equipment problem,In Progres,OUTAGE,Single Customer,PON,NORMAL,42.5891,-83.48721
SE25092401511,2025-09-25T03:34:04Z,2025-09-25T06:55:29Z,10,2025-09-25T01:10:03Z,2025-09-26T02:30:00Z,1,1,Determined upon crew arrival,In Progres,OUTAGE,Single Customer,RFD,NORMAL,42.23943,-83.15686
SE25092401516,2025-09-25T03:34:04Z,2025-09-25T10:53:35Z,21,2025-09-25T02:55:10Z,2025-09-26T02:55:00Z,1,1,Equipment problem,In Progres,SERVICE DOWN NO,,RFD,NORMAL,42.536,-83.13423
NW25092401523,2025-09-25T03:53:49Z,2025-09-25T15:21:33Z,30,2025-09-25T03:25:43Z,2025-09-26T03:25:00Z,1,1,Determined upon crew arrival,In Progres,OUTAGE,Single Customer,SBY,NORMAL,42.81614,-83.02684
SE25092401534,2025-09-25T04:43:09Z,2025-09-25T05:19:00Z,3,2025-09-25T04:19:16Z,2025-09-26T04:20:00Z,1,1,Determined upon crew arrival,New,OUTAGE,Single Customer,RFD,NORMAL,42.42428,-83.23996
NE25092500007,2025-09-25T06:30:27Z,2025-09-25T10:53:35Z,13,2025-09-25T05:57:23Z,2025-09-26T05:55:00Z,1,1,Determined upon crew arrival,In Progres,SERVICE DOWN NO,,MTC,NORMAL,42.66105,-82.80096
NE25092500010,2025-09-25T06:30:27Z,2025-09-25T13:45:25Z,19,2025-09-25T05:31:26Z,2025-09-25T14:35:00Z,9,9,Determined upon crew arrival,In Progres,OUTAGE,Service Transformer,MTC,NORMAL,42.66105,-82.80096
NW25092500011,2025-09-25T06:30:27Z,2025-09-25T07:20:05Z,3,2025-09-25T06:07:11Z,2025-09-25T10:40:00Z,5,5,Determined upon crew arrival,In Progres,OUTAGE,Device (I),PON,NORMAL,42.80872,-83.34603
SE25092500012,2025-09-25T06:30:27Z,2025-09-25T13:19:05Z,18,2025-09-25T06:11:47Z,2025-09-26T06:10:00Z,1,1,Equipment problem,In Progres,OUTAGE,Single Customer,RFD,NORMAL,42.40067,-83.26693
SE25092500014,2025-09-25T07:20:05Z,2025-09-25T08:47:53Z,5,2025-09-24T14:20:21Z,2025-09-26T06:35:00Z,1,1,Determined upon crew arrival,New,OUTAGE,Single Customer,RFD,NORMAL,42.31132,-83.12228
SW25092500019,2025-09-25T09:40:45Z,2025-09-25T10:20:55Z,3,2025-09-25T09:18:05Z,2025-09-26T09:20:00Z,1,1,Determined upon crew arrival,In Progres,OUTAGE,Single Customer,WWS,NORMAL,42.23632,-83.24644
SE25092500021,2025-09-25T10:20:55Z,2025-09-25T15:21:33Z,13,2025-09-24T21:15:05Z,2025-09-26T09:55:00Z,1,1,Determined upon crew arrival,Pending,OUTAGE,Single Customer,CAN,NORMAL,42.44665,-82.88797
SE25092500023,2025-09-25T10:20:55Z,2025-09-25T15:21:33Z,13,2025-09-25T01:10:03Z,2025-09-26T10:10:00Z,1,1,Determined upon crew arrival,In Progres,OUTAGE,Single Customer,RFD,NORMAL,42.23943,-83.15686
SW25092500022,2025-09-25T10:20:55Z,2025-09-25T15:21:33Z,13,2025-09-25T10:08:07Z,2025-09-26T10:10:00Z,1,1,Animal/bird damaged DTE equip,In Progres,OUTAGE,Single Customer,WWS,NORMAL,42.20835,-83.30311
SE25092500025,2025-09-25T11:17:16Z,2025-09-25T15:21:33Z,10,2025-09-25T03:13:08Z,2025-09-26T10:45:00Z,1,1,Determined upon crew arrival,In Progres,OUTAGE,Single Customer,CAN,NORMAL,42.39309,-83.0259
NW25092500026,2025-09-25T11:37:41Z,2025-09-25T12:41:24Z,3,2025-09-25T11:04:45Z,2025-09-25T15:35:00Z,2,2,Determined upon crew arrival,In Progres,OUTAGE,Service Secondary,PON,NORMAL,42.63169,-83.27692
NW25092500030,2025-09-25T11:37:41Z,2025-09-25T13:45:25Z,5,2025-09-25T11:21:28Z,2025-09-26T11:20:00Z,1,1,Equipment problem,In Progres,OUTAGE,Single Customer,SBY,NORMAL,42.71539,-83.12585
SE25092500029,2025-09-25T11:37:41Z,2025-09-25T15:21:33Z,9,2025-09-23T19:12:59Z,2025-09-26T11:15:00Z,1,1,Equipment problem,Pending,OUTAGE,Single Customer,CAN,NORMAL,42.42926,-82.90297
SW25092500031,2025-09-25T11:51:28Z,2025-09-25T14:20:27Z,5,2025-09-24T20:53:03Z,2025-09-25T16:05:00Z,1,1,Determined upon crew arrival,In Progres,PRIORITY,,WWS,NORMAL,42.17503,-83.38272
NW25092500042,2025-09-25T12:41:24Z,2025-09-25T13:45:25Z,3,2025-09-25T12:19:21Z,2025-09-26T12:20:00Z,1,1,Equipment problem,In Progres,OUTAGE,Single Customer,HWL,NORMAL,42.56524,-83.60055
SW25092500046,2025-09-25T12:41:24Z,2025-09-25T15:21:33Z,7,2025-09-25T12:22:13Z,2025-09-26T12:20:00Z,1,1,Determined upon crew arrival,In Progres,SERVICE DOWN NO,,WWS,NORMAL,42.20208,-83.49548
NE25092500080,2025-09-25T13:19:05Z,2025-09-25T14:55:34Z,5,2025-09-25T12:57:06Z,2025-09-26T12:55:00Z,1,1,Determined upon crew arrival,In Progres,OUTAGE,Single Customer,MTC,NORMAL,42.74901,-82.81492
NE25092500081,2025-09-25T13:19:05Z,2025-09-25T13:19:05Z,1,2025-09-25T12:53:37Z,,1,1,Determined upon crew arrival,New,OUTAGE,Single Customer,MTC,NORMAL,42.46139,-83.02292
NW25092500084,2025-09-25T13:19:05Z,2025-09-25T15:21:33Z,6,2025-09-25T12:59:09Z,2025-09-26T13:00:00Z,1,1,Determined upon crew arrival,In Progres,OUTAGE,Single Customer,SBY,NORMAL,42.60034,-83.06117
SE25092500053,2025-09-25T13:19:05Z,2025-09-25T13:45:25Z,2,2025-09-25T12:32:20Z,2025-09-25T16:30:00Z,1,1,Determined upon crew arrival,In Progres,OUTAGE,Single Customer,CAN,NORMAL,42.40425,-83.11668
SE25092500077,2025-09-25T13:19:05Z,2025-09-25T13:45:25Z,2,2025-09-25T12:55:11Z,2025-09-26T12:55:00Z,1,1,Determined upon crew arrival,In Progres,OUTAGE,Service Secondary,CAN,NORMAL,42.35964,-83.0243
SW25092500054,2025-09-25T13:19:05Z,2025-09-25T13:45:25Z,2,2025-09-25T12:33:35Z,2025-09-26T12:35:00Z,1,1,Determined upon crew arrival,In Progres,OUTAGE,Service Secondary,NPT,NORMAL,41.84843,-83.69035
SW25092500055,2025-09-25T13:19:05Z,2025-09-25T15:21:33Z,6,2025-09-25T12:35:04Z,2025-09-26T12:35:00Z,1,1,Determined upon crew arrival,In Progres,OUTAGE,Single Customer,WWS,NORMAL,42.23309,-83.31577
SW25092500075,2025-09-25T13:19:05Z,2025-09-25T14:44:24Z,4,2025-09-25T12:54:11Z,2025-09-26T12:55:00Z,1,1,Determined upon crew arrival,In Progres,OUTAGE,Service Secondary,WWS,NORMAL,42.29383,-83.36642
SW25092500086,2025-09-25T13:19:05Z,2025-09-25T15:21:33Z,6,2025-09-25T12:59:50Z,2025-09-26T13:00:00Z,1,1,Determined upon crew arrival,In Progres,OUTAGE,Single Customer,WWS,NORMAL,42.50345,-83.37513
NE25092500130,2025-09-25T13:45:25Z,2025-09-25T15:21:33Z,5,2025-09-25T13:16:02Z,2025-09-26T13:15:00Z,1,1,Determined upon crew arrival,In Progres,OUTAGE,Service Secondary,MTC,NORMAL,42.45375,-82.98844
NE25092500152,2025-09-25T13:45:25Z,2025-09-25T14:55:34Z,4,2025-09-25T13:25:11Z,2025-09-25T17:55:00Z,4,4,Determined upon crew arrival,In Progres,OUTAGE,Service Transformer,MAR,NORMAL,43.10315,-82.49167
NW25092500087,2025-09-25T13:45:25Z,2025-09-25T15:21:33Z,5,2025-09-25T13:02:09Z,2025-09-26T13:00:00Z,1,1,Determined upon crew arrival,In Progres,OUTAGE,Single Customer,PON,NORMAL,42.67927,-83.31263
NW25092500106,2025-09-25T13:45:25Z,2025-09-25T15:21:33Z,5,2025-09-25T13:09:06Z,2025-09-25T17:40:00Z,1,1,Determined upon crew arrival,In Progres,PRIORITY,,PON,NORMAL,42.51106,-83.51218
NW25092500125,2025-09-25T13:45:25Z,2025-09-25T14:55:34Z,4,2025-09-25T13:14:09Z,2025-09-26T13:15:00Z,1,1,Determined upon crew arrival,In Progres,OUTAGE,Single Customer,SBY,NORMAL,42.55768,-82.97942
NW25092500143,2025-09-25T13:45:25Z,2025-09-25T15:21:33Z,5,2025-09-25T13:20:21Z,2025-09-26T13:20:00Z,1,1,Determined upon crew arrival,In Progres,OUTAGE,Single Customer,HWL,NORMAL,42.58131,-83.76148
NW25092500144,2025-09-25T13:45:25Z,2025-09-25T15:21:33Z,5,2025-09-25T13:04:39Z,2025-09-25T17:20:00Z,592,592,Equipment problem,In Progres,OUTAGE,Device (II),PON,NORMAL,42.51396,-83.50382
NW25092500154,2025-09-25T13:45:25Z,2025-09-25T13:45:25Z,1,2025-09-25T13:11:21Z,,2,2,Determined upon crew arrival,New,OUTAGE,Service Transformer,PON,NORMAL,42.67792,-83.28818
SE25092500133,2025-09-25T13:45:25Z,2025-09-25T15:21:33Z,5,2025-09-25T13:17:43Z,2025-09-26T13:20:00Z,1,1,Determined upon crew arrival,In Progres,OUTAGE,Single Customer,CAN,NORMAL,42.40213,-83.13845
SW25092500094,2025-09-25T13:45:25Z,2025-09-25T14:55:34Z,4,2025-09-25T13:05:51Z,2025-09-26T13:05:00Z,1,1,Equipment problem,In Progres,OUTAGE,Single Customer,ANN,NORMAL,42.08639,-83.69382
SW25092500103,2025-09-25T13:45:25Z,2025-09-25T13:45:25Z,1,2025-09-25T13:08:11Z,2025-09-26T13:10:00Z,1,1,Determined upon crew arrival,In Progres,OUTAGE,Single Customer,WWS,NORMAL,42.29239,-83.36581
SW25092500113,2025-09-25T13:45:25Z,2025-09-25T15:21:33Z,5,2025-09-25T13:10:20Z,2025-09-25T17:40:00Z,1,1,Determined upon crew arrival,In Progres,PRIORITY,,WWS,NORMAL,42.50898,-83.49725
SW25092500131,2025-09-25T13:45:25Z,2025-09-25T15:21:33Z,5,2025-09-25T13:16:50Z,2025-09-25T17:45:00Z,1,1,Determined upon crew arrival,In Progres,PRIORITY,,WWS,NORMAL,42.51052,-83.51161
SW25092500136,2025-09-25T13:45:25Z,2025-09-25T13:45:25Z,1,2025-09-25T13:04:39Z,2025-09-25T17:50:00Z,69,69,Determined upon crew arrival,In Progres,OUTAGE,Device (I),WWS,NORMAL,42.51987,-83.49368
SW25092500138,2025-09-25T13:45:25Z,2025-09-25T15:21:33Z,5,2025-09-25T13:19:11Z,2025-09-25T17:50:00Z,18,18,Determined upon crew arrival,In Progres,OUTAGE,Service Transformer,ANN,NORMAL,42.2531,-83.6893
NE25092500191,2025-09-25T14:20:27Z,2025-09-25T14:44:24Z,2,2025-09-25T13:47:50Z,2025-09-26T13:50:00Z,1,1,Determined upon crew arrival,In Progres,OUTAGE,Single Customer,LAP,NORMAL,43.1819,-83.302
NE25092500203,2025-09-25T14:20:27Z,2025-09-25T15:21:33Z,4,2025-09-25T13:44:19Z,2025-09-25T18:30:00Z,11,11,Determined upon crew arrival,In Progres,OUTAGE,Service Transformer,MTC,NORMAL,42.52822,-82.9051
NW25092500169,2025-09-25T14:20:27Z,2025-09-25T15:21:33Z,4,2025-09-25T13:34:39Z,2025-09-26T13:35:00Z,1,1,Determined upon crew arrival,In Progres,OUTAGE,Single Customer,PON,NORMAL,42.77062,-83.2841
NW25092500185,2025-09-25T14:20:27Z,2025-09-25T15:21:33Z,4,2025-09-25T13:40:19Z,2025-09-25T18:15:00Z,4,4,Determined upon crew arrival,In Progres,OUTAGE,Service Transformer,PON,NORMAL,42.54393,-83.34995
NW25092500200,2025-09-25T14:20:27Z,2025-09-25T14:44:24Z,2,2025-09-25T13:57:31Z,2025-09-26T14:00:00Z,1,1,Equipment problem,In Progres,OUTAGE,Single Customer,HWL,NORMAL,42.70608,-84.09771
NW25092500201,2025-09-25T14:20:27Z,2025-09-25T15:21:33Z,4,2025-09-25T13:56:48Z,2025-09-26T14:00:00Z,1,1,Determined upon crew arrival,In Progres,OUTAGE,Single Customer,PON,NORMAL,42.66031,-83.30268
NW25092500209,2025-09-25T14:20:27Z,2025-09-25T15:21:33Z,4,2025-09-25T14:04:06Z,2025-09-26T14:05:00Z,1,1,Determined upon crew arrival,In Progres,OUTAGE,Single Customer,PON,NORMAL,42.54298,-83.35086
NW25092500216,2025-09-25T14:20:27Z,2025-09-25T14:20:27Z,1,2025-09-25T13:56:47Z,,7,7,Determined upon crew arrival,New,OUTAGE,Service Transformer,PON,NORMAL,42.66034,-83.30088
SE25092500166,2025-09-25T14:20:27Z,2025-09-25T15:21:33Z,4,2025-09-25T13:33:56Z,2025-09-25T18:05:00Z,7,7,Determined upon crew arrival,In Progres,OUTAGE,Service Transformer,RFD,NORMAL,42.52742,-83.2205
SE25092500181,2025-09-25T14:20:27Z,2025-09-25T14:44:24Z,2,2025-09-25T13:41:47Z,2025-09-26T13:40:00Z,1,1,Determined upon crew arrival,New,OUTAGE,Single Customer,RFD,NORMAL,42.52507,-83.165
SE25092500188,2025-09-25T14:20:27Z,2025-09-25T15:21:33Z,4,2025-09-25T13:42:11Z,2025-09-26T13:45:00Z,1,1,Determined upon crew arrival,In Progres,OUTAGE,Single Customer,RFD,NORMAL,42.34635,-83.21775
SE25092500197,2025-09-25T14:20:27Z,2025-09-25T15:21:33Z,4,2025-09-25T13:36:10Z,2025-09-25T18:20:00Z,11,11,Determined upon crew arrival,In Progres,OUTAGE,Service Transformer,RFD,NORMAL,42.52737,-83.22252
SE25092500202,2025-09-25T14:20:27Z,2025-09-25T15:21:33Z,4,2025-09-25T13:58:31Z,2025-09-26T14:00:00Z,1,1,Determined upon crew arrival,In Progres,OUTAGE,Single Customer,CAN,NORMAL,42.40425,-83.11668
SE25092500210,2025-09-25T14:20:27Z,2025-09-25T14:55:34Z,3,2025-09-25T14:05:32Z,2025-09-25T18:35:00Z,14,14,Determined upon crew arrival,In Progres,OUTAGE,Device (I),CAN,NORMAL,42.38066,-83.12678
SE25092500211,2025-09-25T14:20:27Z,2025-09-25T15:21:33Z,4,2025-09-25T14:06:38Z,2025-09-26T14:05:00Z,1,1,Determined upon crew arrival,In Progres,OUTAGE,Service Secondary,CAN,NORMAL,42.39019,-83.13614
SE25092500214,2025-09-25T14:20:27Z,2025-09-25T14:20:27Z,1,2025-09-25T14:11:17Z,2025-09-26T14:10:00Z,1,1,Determined upon crew arrival,In Progres,OUTAGE,Single Customer,RFD,NORMAL,42.33327,-83.28677
SE25092500219,2025-09-25T14:20:27Z,2025-09-25T15:21:33Z,4,2025-09-25T12:32:06Z,2025-09-26T14:15:00Z,1,1,Determined upon crew arrival,In Progres,OUTAGE,Single Customer,RFD,NORMAL,42.36237,-83.19218
SE25092500221,2025-09-25T14:20:27Z,2025-09-25T15:21:33Z,4,2025-09-25T14:14:07Z,2025-09-26T14:15:00Z,1,1,Determined upon crew arrival,In Progres,OUTAGE,Single Customer,CAN,NORMAL,42.38293,-83.12713
SW25092500167,2025-09-25T14:20:27Z,2025-09-25T14:55:34Z,3,2025-09-25T13:29:02Z,2025-09-26T13:35:00Z,1,1,Determined upon crew arrival,In Progres,OUTAGE,Single Customer,WWS,NORMAL,42.2937,-83.36545
SW25092500178,2025-09-25T14:20:27Z,2025-09-25T15:21:33Z,4,2025-09-25T13:35:48Z,2025-09-25T18:10:00Z,6,6,Determined upon crew arrival,In Progres,OUTAGE,Service Transformer,WWS,NORMAL,42.45977,-83.40755
SW25092500179,2025-09-25T14:20:27Z,2025-09-25T15:21:33Z,4,2025-09-25T13:28:11Z,2025-09-26T13:40:00Z,1,1,Determined upon crew arrival,PC3 Verifi,OUTAGE,Single Customer,NPT,NORMAL,42.01034,-83.33166
SW25092500180,2025-09-25T14:20:27Z,2025-09-25T14:44:24Z,2,2025-09-25T13:41:49Z,2025-09-26T13:40:00Z,1,1,Determined upon crew arrival,In Progres,OUTAGE,Service Secondary,ANN,NORMAL,42.23311,-83.60113
SW25092500184,2025-09-25T14:20:27Z,2025-09-25T15:21:33Z,4,2025-09-25T13:43:48Z,2025-09-26T13:45:00Z,1,1,Equipment problem,In Progres,OUTAGE,Single Customer,ANN,NORMAL,42.1971,-83.79597
SW25092500198,2025-09-25T14:20:27Z,2025-09-25T15:21:33Z,4,2025-09-25T13:55:42Z,2025-09-25T18:25:00Z,1,1,Determined upon crew arrival,In Progres,PRIORITY,,WWS,NORMAL,42.51217,-83.50767
SW25092500204,2025-09-25T14:20:27Z,2025-09-25T15:21:33Z,4,2025-09-25T14:00:42Z,2025-09-26T14:00:00Z,1,1,Determined upon crew arrival,In Progres,OUTAGE,Single Customer,NPT,NORMAL,41.84843,-83.69035
SW25092500206,2025-09-25T14:20:27Z,2025-09-25T15:21:33Z,4,2025-09-25T14:02:28Z,2025-09-25T18:35:00Z,37,37,Determined upon crew arrival,In Progres,OUTAGE,Device (I),WWS,NORMAL,42.33162,-83.37187
SW25092500207,2025-09-25T14:20:27Z,2025-09-25T14:44:24Z,2,2025-09-25T14:02:50Z,2025-09-26T14:05:00Z,1,1,Determined upon crew arrival,PC3 Verifi,OUTAGE,Single Customer,WWS,NORMAL,42.51853,-83.50457
SW25092500217,2025-09-25T14:20:27Z,2025-09-25T15:21:33Z,4,2025-09-25T14:01:45Z,2025-09-25T18:45:00Z,303,303,Determined upon crew arrival,In Progres,OUTAGE,Device (I),ANN,NORMAL,42.2798,-83.74134
NE25092500225,2025-09-25T14:44:24Z,2025-09-25T15:21:33Z,3,2025-09-25T13:50:16Z,2025-09-26T14:20:00Z,1,1,Determined upon crew arrival,In Progres,OUTAGE,Single Customer,MTC,NORMAL,42.52867,-82.8715
NW25092500241,2025-09-25T14:44:24Z,2025-09-25T15:21:33Z,3,2025-09-25T14:26:58Z,2025-09-25T19:00:00Z,27,27,Determined upon crew arrival,In Progres,OUTAGE,Service Transformer,PON,NORMAL,42.62707,-83.32806
SE25092500230,2025-09-25T14:44:24Z,2025-09-25T15:21:33Z,3,2025-09-25T14:21:31Z,2025-09-26T14:20:00Z,1,1,Determined upon crew arrival,In Progres,OUTAGE,Single Customer,CAN,NORMAL,42.35842,-83.02589
SW25092500224,2025-09-25T14:44:24Z,2025-09-25T15:21:33Z,3,2025-09-25T14:25:32Z,2025-09-25T18:45:00Z,2,2,Equipment problem,In Progres,OUTAGE,Service Secondary,ANN,NORMAL,42.27996,-83.74028
SW25092500231,2025-09-25T14:44:24Z,2025-09-25T15:21:33Z,3,2025-09-25T14:17:45Z,2025-09-25T18:50:00Z,2,2,Determined upon crew arrival,In Progres,OUTAGE,Service Transformer,ANN,NORMAL,42.35244,-83.74979
SW25092500235,2025-09-25T14:44:24Z,2025-09-25T15:21:33Z,3,2025-09-25T14:25:12Z,2025-09-25T18:55:00Z,16,16,Determined upon crew arrival,In Progres,OUTAGE,Service Transformer,WWS,NORMAL,42.31322,-83.38512
NE25092500258,2025-09-25T14:55:34Z,2025-09-25T15:21:33Z,2,2025-09-25T14:44:14Z,2025-09-26T14:45:00Z,1,1,Determined upon crew arrival,In Progres,OUTAGE,Single Customer,NAE,NORMAL,43.43747,-82.83246
NW25092500247,2025-09-25T14:55:34Z,2025-09-25T15:21:33Z,2,2025-09-25T14:35:44Z,2025-09-26T14:35:00Z,1,1,Determined upon crew arrival,In Progres,OUTAGE,Single Customer,PON,NORMAL,42.69763,-83.39338
SE25092500252,2025-09-25T14:55:34Z,2025-09-25T15:21:33Z,2,2025-09-25T14:42:26Z,2025-09-26T14:45:00Z,1,1,Determined upon crew arrival,In Progres,OUTAGE,Service Secondary,CAN,NORMAL,42.40354,-83.13074
SE25092500257,2025-09-25T14:55:34Z,2025-09-25T15:21:33Z,2,2025-09-25T13:36:11Z,2025-09-26T14:45:00Z,1,1,Determined upon crew arrival,In Progres,OUTAGE,Single Customer,RFD,NORMAL,42.52746,-83.21929
SW25092500251,2025-09-25T14:55:34Z,2025-09-25T15:21:33Z,2,2025-09-25T14:42:03Z,2025-09-26T14:40:00Z,1,1,Determined upon crew arrival,In Progres,OUTAGE,Single Customer,WWS,NORMAL,42.25701,-83.23301
SW25092500253,2025-09-25T14:55:34Z,2025-09-25T14:55:34Z,1,2025-09-25T14:43:21Z,,1,1,Determined upon crew arrival,New,OUTAGE,Single Customer,WWS,NORMAL,42.52152,-83.4935
SW25092500254,2025-09-25T14:55:34Z,2025-09-25T14:55:34Z,1,2025-09-25T14:43:24Z,,20,20,Determined upon crew arrival,New,OUTAGE,Device (I),WWS,NORMAL,42.51398,-83.50352
SW25092500259,2025-09-25T14:55:34Z,2025-09-25T14:55:34Z,1,2025-09-25T14:44:16Z,,1,1,Determined upon crew arrival,New,OUTAGE,Single Customer,WWS,NORMAL,42.51827,-83.50541
NE25092500271,2025-09-25T15:21:33Z,2025-09-25T15:21:33Z,1,2025-09-25T14:49:56Z,2025-09-26T14:50:00Z,1,1,Determined upon crew arrival,In Progres,OUTAGE,Single Customer,MTC,NORMAL,42.74895,-82.81733
NE25092500294,2025-09-25T15:21:33Z,2025-09-25T15:21:33Z,1,2025-09-25T14:43:58Z,,2,2,Determined upon crew arrival,New,OUTAGE,Service Transformer,MTC,NORMAL,42.60313,-82.80258
NE25092500295,2025-09-25T15:21:33Z,2025-09-25T15:21:33Z,1,2025-09-25T14:43:58Z,,3,3,Determined upon crew arrival,New,OUTAGE,Service Transformer,MTC,NORMAL,42.60504,-82.80168
NW25092500277,2025-09-25T15:21:33Z,2025-09-25T15:21:33Z,1,2025-09-25T14:51:25Z,2025-09-26T14:50:00Z,1,1,Determined upon crew arrival,In Progres,OUTAGE,Single Customer,HWL,NORMAL,42.6851,-84.07939
NW25092500285,2025-09-25T15:21:33Z,2025-09-25T15:21:33Z,1,2025-09-25T13:19:19Z,2025-09-26T14:55:00Z,122,122,Determined upon crew arrival,In Progres,OUTAGE,Circuit Level,PON,NORMAL,42.50947,-83.51985
SE25092500268,2025-09-25T15:21:33Z,2025-09-25T15:21:33Z,1,2025-09-25T14:48:45Z,2025-09-26T14:50:00Z,1,1,Determined upon crew arrival,In Progres,OUTAGE,Service Secondary,CAN,NORMAL,42.44276,-83.00306
SW25092500280,2025-09-25T15:21:33Z,2025-09-25T15:21:33Z,1,2025-09-25T14:53:14Z,2025-09-26T14:55:00Z,1,1,Determined upon crew arrival,New,OUTAGE,Single Customer,WWS,NORMAL,42.25812,-83.23305
SW25092500281,2025-09-25T15:21:33Z,2025-09-25T15:21:33Z,1,2025-09-25T14:54:32Z,2025-09-25T19:25:00Z,10,10,Determined upon crew arrival,In Progres,OUTAGE,Service Transformer,WWS,NORMAL,42.35623,-83.32552
NE25092600016,2025-09-26T10:20:35Z,2025-09-26T11:16:08Z,4,2025-09-26T08:45:08Z,2025-09-27T08:45:00Z,1,1,Determined upon crew arrival,In Progres,OUTAGE,Single Customer,LAP,NORMAL,43.17216,-83.43963
NE25092600024,2025-09-26T10:20:35Z,2025-09-26T14:17:37Z,11,2025-09-26T08:23:41Z,2025-09-27T09:35:00Z,1,1,Equipment problem,In Progres,OUTAGE,Single Customer,LAP,NORMAL,43.17277,-83.44079
NW25092500577,2025-09-26T10:20:35Z,2025-09-26T18:26:24Z,22,2025-09-25T12:52:40Z,2025-09-26T18:55:00Z,1,1,Determined upon crew arrival,In Progres,OUTAGE,Single Customer,PON,NORMAL,42.6255,-83.52233
NW25092500589,2025-09-26T10:20:35Z,2025-09-27T22:16:59Z,100,2025-09-25T19:03:34Z,2025-09-27T23:05:00Z,1,1,Equipment problem,In Progres,OUTAGE,Single Customer,PON,NORMAL,42.79588,-83.24384
NW25092500908,2025-09-26T10:20:35Z,2025-09-26T13:16:14Z,8,2025-09-26T01:33:54Z,2025-09-27T01:35:00Z,1,1,Equipment problem,In Progres,OUTAGE,Single Customer,HWL,NORMAL,42.62577,-83.75956
NW25092500962,2025-09-26T10:20:35Z,2025-09-26T11:16:08Z,4,2025-09-26T02:20:29Z,2025-09-27T02:20:00Z,1,1,Determined upon crew arrival,In Progres,OUTAGE,Single Customer,PON,NORMAL,42.54801,-83.49237
SE25092500442,2025-09-26T10:20:35Z,2025-09-26T17:51:28Z,21,2025-09-25T16:13:52Z,2025-09-26T20:45:00Z,1,1,Determined upon crew arrival,In Progres,OUTAGE,Single Customer,CAN,NORMAL,42.43302,-83.01832
SE25092500511,2025-09-26T10:20:35Z,2025-09-26T15:51:04Z,16,2025-09-25T17:52:33Z,2025-09-26T17:55:00Z,1,1,Determined upon crew arrival,In Progres,OUTAGE,Single Customer,CAN,NORMAL,42.43519,-83.00274
SE25092500620,2025-09-26T10:20:35Z,2025-09-26T23:51:22Z,39,2025-09-25T19:33:23Z,2025-09-27T03:35:00Z,1,1,Determined upon crew arrival,In Progres,OUTAGE,Single Customer,RFD,NORMAL,42.33445,-83.14778
SE25092500748,2025-09-26T10:20:35Z,2025-09-26T16:24:32Z,17,2025-09-25T20:16:36Z,2025-09-26T20:15:00Z,1,1,Wind damage,In Progres,OUTAGE,Single Customer,RFD,NORMAL,42.42695,-83.14492
SE25092500750,2025-09-26T10:20:35Z,2025-09-26T18:26:24Z,22,2025-09-25T20:21:40Z,2025-09-26T20:20:00Z,1,1,Equipment problem,In Progres,OUTAGE,Single Customer,RFD,NORMAL,42.48451,-83.08586
SE25092500821,2025-09-26T10:20:35Z,2025-09-26T15:39:47Z,15,2025-09-25T21:51:25Z,2025-09-26T21:50:00Z,1,1,Equipment problem,In Progres,OUTAGE,Single Customer,RFD,NORMAL,42.47162,-83.20247
SE25092500830,2025-09-26T10:20:35Z,2025-09-26T14:51:51Z,13,2025-09-25T22:10:03Z,2025-09-26T18:40:00Z,1,1,Problem with the customer equip,In Progres,PRIORITY,,RFD,NORMAL,42.48256,-83.08737
SE25092500874,2025-09-26T10:20:35Z,2025-09-26T22:51:22Z,36,2025-09-25T19:57:16Z,2025-09-26T23:15:00Z,1,1,Determined upon crew arrival,Pending,OUTAGE,Single Customer,RFD,NORMAL,42.33148,-83.27065
SE25092500982,2025-09-26T10:20:35Z,2025-09-26T15:39:47Z,15,2025-09-25T21:05:43Z,2025-09-27T04:50:00Z,1,1,Equipment problem,In Progres,OUTAGE,Single Customer,CAN,NORMAL,42.3798,-83.09138
SE25092600019,2025-09-26T10:20:35Z,2025-09-26T13:54:12Z,10,2025-09-26T08:48:53Z,2025-09-27T08:55:00Z,1,1,Equipment problem,In Progres,OUTAGE,Single Customer,RFD,NORMAL,42.42536,-83.1819
SW25092500838,2025-09-26T10:20:35Z,2025-09-26T17:51:28Z,21,2025-09-25T18:56:09Z,2025-09-26T22:15:00Z,1,1,Equipment problem,In Progres,OUTAGE,Single Customer,WWS,NORMAL,42.51095,-83.37654
SW25092500904,2025-09-26T10:20:35Z,2025-09-26T15:51:04Z,16,2025-09-25T23:25:38Z,2025-09-27T01:15:00Z,1,1,Determined upon crew arrival,In Progres,OUTAGE,Single Customer,WWS,NORMAL,42.41932,-83.32357
SW25092600003,2025-09-26T10:20:35Z,2025-09-26T16:45:45Z,18,2025-09-26T07:13:12Z,2025-09-27T07:15:00Z,1,1,Equipment problem,In Progres,OUTAGE,Single Customer,WWS,NORMAL,42.29874,-83.5402
SW25092600006,2025-09-26T10:20:35Z,2025-09-26T14:51:51Z,13,2025-09-26T08:11:40Z,2025-09-26T16:45:00Z,49,10,Equipment problem,In Progres,OUTAGE,Device (I),WWS,NORMAL,42.13102,-83.53986
SW25092600031,2025-09-26T10:20:35Z,2025-09-26T10:20:35Z,1,2025-09-26T10:07:27Z,2025-09-27T10:05:00Z,1,1,Determined upon crew arrival,New,OUTAGE,Single Customer,WWS,NORMAL,42.13223,-83.53011
SW25092600032,2025-09-26T10:20:35Z,2025-09-26T10:20:35Z,1,2025-09-26T10:08:49Z,2025-09-27T10:10:00Z,2,2,Determined upon crew arrival,New,OUTAGE,Service Secondary,WWS,NORMAL,42.12921,-83.53866
SW25092600033,2025-09-26T10:42:23Z,2025-09-26T14:51:51Z,12,2025-09-26T10:00:37Z,2025-09-26T14:45:00Z,185,33,Equipment problem,In Progres,OUTAGE,Device (II),WWS,NORMAL,42.13041,-83.53136
SW25092600034,2025-09-26T10:42:23Z,2025-09-26T10:52:54Z,2,2025-09-26T10:22:01Z,2025-09-27T10:20:00Z,1,1,Determined upon crew arrival,PC3 Verifi,OUTAGE,Single Customer,WWS,NORMAL,42.13029,-83.5379
SW25092600035,2025-09-26T10:42:23Z,2025-09-26T10:52:54Z,2,2025-09-26T10:08:49Z,2025-09-26T14:55:00Z,3,3,Equipment problem,In Progres,OUTAGE,Service Transformer,WWS,NORMAL,42.12928,-83.53975
NW25092600038,2025-09-26T11:16:08Z,2025-09-26T16:45:45Z,15,2025-09-26T00:07:30Z,2025-09-27T10:45:00Z,1,1,Equipment problem,In Progres,OUTAGE,Single Customer,PON,NORMAL,42.59067,-83.13586
NE25092600054,2025-09-26T11:37:46Z,2025-09-26T22:17:18Z,30,2025-09-26T11:13:02Z,2025-09-26T23:45:00Z,16,16,Equipment problem,In Progres,OUTAGE,Device (II),NAE,NORMAL,43.37783,-83.59443
SW25092600060,2025-09-26T11:37:46Z,2025-09-26T17:51:28Z,17,2025-09-26T11:29:04Z,2025-09-26T20:00:00Z,1,1,Determined upon crew arrival,In Progres,PRIORITY,,WWS,NORMAL,42.51052,-83.51161
SE25092600070,2025-09-26T12:40:32Z,2025-09-26T17:51:28Z,15,2025-09-26T12:09:18Z,2025-09-26T20:40:00Z,38,38,Equipment problem,In Progres,OUTAGE,Service Transformer,CAN,NORMAL,42.38578,-83.12233
SE25092600072,2025-09-26T12:40:32Z,2025-09-26T12:40:32Z,1,2025-09-26T12:13:16Z,2025-09-26T16:45:00Z,45,45,Determined upon crew arrival,In Progres,OUTAGE,Device (I),RFD,NORMAL,42.4519,-83.13848
SE25092600074,2025-09-26T12:40:32Z,2025-09-26T13:54:12Z,4,2025-09-26T12:13:17Z,2025-09-26T16:45:00Z,2,2,Equipment problem,In Progres,OUTAGE,Service Secondary,RFD,NORMAL,42.4499,-83.13499
SE25092600080,2025-09-26T12:40:32Z,2025-09-26T12:40:32Z,1,2025-09-26T12:13:16Z,2025-09-26T16:45:00Z,179,179,Determined upon crew arrival,In Progres,OUTAGE,Device (II),RFD,NORMAL,42.4507,-83.1384
SW25092600069,2025-09-26T12:40:32Z,2025-09-26T12:40:32Z,1,2025-09-26T12:04:15Z,2025-09-26T16:35:00Z,2,2,Equipment problem,PC3 Verifi,OUTAGE,Service Secondary,WWS,NORMAL,42.13114,-83.54027
NE25092600087,2025-09-26T13:16:14Z,2025-09-26T14:40:13Z,5,2025-09-26T12:31:16Z,2025-09-27T12:30:00Z,1,1,Equipment problem,In Progres,OUTAGE,Single Customer,MTC,NORMAL,42.4531,-83.06068
NW25092600104,2025-09-26T13:16:14Z,2025-09-26T16:24:32Z,10,2025-09-26T12:51:19Z,2025-09-26T17:25:00Z,54,54,Public Interference w/DTE equip,In Progres,OUTAGE,Device (II),PON,NORMAL,42.54362,-83.13757
NW25092600105,2025-09-26T13:16:14Z,2025-09-26T13:16:14Z,1,2025-09-26T12:53:51Z,2025-09-26T17:25:00Z,3,3,Determined upon crew arrival,New,OUTAGE,Service Transformer,PON,NORMAL,42.54281,-83.13681
NW25092600106,2025-09-26T13:16:14Z,2025-09-26T13:16:14Z,1,2025-09-26T12:54:18Z,2025-09-27T12:55:00Z,1,1,Determined upon crew arrival,New,OUTAGE,Single Customer,PON,NORMAL,42.54299,-83.13469
NW25092600107,2025-09-26T13:16:14Z,2025-09-26T13:16:14Z,1,2025-09-26T12:54:32Z,2025-09-27T12:55:00Z,1,1,Determined upon crew arrival,New,OUTAGE,Single Customer,PON,NORMAL,42.54205,-83.14216
NW25092600109,2025-09-26T13:16:14Z,2025-09-26T13:16:14Z,1,2025-09-26T12:55:12Z,2025-09-26T17:25:00Z,2,2,Determined upon crew arrival,New,OUTAGE,Service Transformer,PON,NORMAL,42.5418,-83.13751
NW25092600110,2025-09-26T13:16:14Z,2025-09-26T13:16:14Z,1,2025-09-26T12:55:31Z,2025-09-27T12:55:00Z,1,1,Determined upon crew arrival,PC3 Verifi,OUTAGE,Single Customer,PON,NORMAL,42.54266,-83.13993
NW25092600111,2025-09-26T13:16:14Z,2025-09-26T13:16:14Z,1,2025-09-26T12:55:48Z,2025-09-27T12:55:00Z,1,1,Determined upon crew arrival,New,OUTAGE,Single Customer,PON,NORMAL,42.54257,-83.13843
NW25092600114,2025-09-26T13:16:14Z,2025-09-26T13:16:14Z,1,2025-09-26T12:59:23Z,,1,1,Determined upon crew arrival,New,OUTAGE,Single Customer,PON,NORMAL,42.5414,-83.14159
SE25092600095,2025-09-26T13:16:14Z,2025-09-26T14:40:13Z,5,2025-09-26T12:41:51Z,2025-09-27T12:40:00Z,1,1,Determined upon crew arrival,In Progres,OUTAGE,Single Customer,CAN,NORMAL,42.35842,-83.02589
SE25092600101,2025-09-26T13:16:14Z,2025-09-26T13:54:12Z,3,2025-09-26T12:13:16Z,2025-09-26T17:15:00Z,121,121,Animal/bird damaged DTE equip,In Progres,OUTAGE,Device (I),RFD,NORMAL,42.45161,-83.13845
SE25092600102,2025-09-26T13:16:14Z,2025-09-26T19:51:22Z,20,2025-09-26T12:47:17Z,2025-09-27T12:45:00Z,1,1,Equipment problem,In Progres,OUTAGE,Single Customer,CAN,NORMAL,42.43538,-82.89115
SW25092600088,2025-09-26T13:16:14Z,2025-09-26T14:40:13Z,5,2025-09-26T12:04:15Z,2025-09-27T12:35:00Z,1,1,Equipment problem,In Progres,OUTAGE,Service Transformer,WWS,NORMAL,42.12985,-83.54021
SW25092600113,2025-09-26T13:16:14Z,2025-09-26T14:40:13Z,5,2025-09-26T12:58:39Z,2025-09-27T13:00:00Z,1,1,Determined upon crew arrival,In Progres,OUTAGE,Service Secondary,ANN,NORMAL,42.25827,-83.58465
NE25092600122,2025-09-26T13:43:38Z,2025-09-26T13:54:12Z,2,2025-09-26T13:04:33Z,2025-09-27T13:05:00Z,1,1,Determined upon crew arrival,In Progres,OUTAGE,Single Customer,MTC,NORMAL,42.72049,-82.89982
NE25092600123,2025-09-26T13:43:38Z,2025-09-26T18:46:43Z,15,2025-09-26T12:58:28Z,2025-09-26T21:35:00Z,19,19,Equipment problem,In Progres,OUTAGE,Device (I),NAE,NORMAL,43.9365,-83.28133
NE25092600128,2025-09-26T13:43:38Z,2025-09-26T14:51:51Z,5,2025-09-26T13:11:31Z,2025-09-27T13:10:00Z,1,1,Determined upon crew arrival,In Progres,OUTAGE,Single Customer,LAP,NORMAL,43.16908,-83.31272
NE25092600134,2025-09-26T13:43:38Z,2025-09-26T23:17:15Z,29,2025-09-26T13:18:54Z,2025-09-27T13:20:00Z,1,1,Equipment problem,In Progres,OUTAGE,Single Customer,MTC,NORMAL,42.56114,-82.85048
NW25092600120,2025-09-26T13:43:38Z,2025-09-26T16:24:32Z,9,2025-09-26T13:02:48Z,2025-09-26T17:35:00Z,1,1,Determined upon crew arrival,In Progres,PRIORITY,,PON,NORMAL,42.54232,-83.14113
SE25092600119,2025-09-26T13:43:38Z,2025-09-26T13:54:12Z,2,2025-09-26T12:59:59Z,2025-09-27T13:00:00Z,1,1,Determined upon crew arrival,In Progres,OUTAGE,Single Customer,CAN,NORMAL,42.43111,-83.05056
SE25092600140,2025-09-26T13:43:38Z,2025-09-26T13:54:12Z,2,2025-09-25T22:39:53Z,2025-09-27T13:25:00Z,1,1,Determined upon crew arrival,New,OUTAGE,Single Customer,RFD,NORMAL,42.33058,-83.14697
SE25092600145,2025-09-26T13:43:38Z,2025-09-26T16:45:45Z,10,2025-09-26T13:28:42Z,2025-09-27T13:30:00Z,1,1,Equipment problem,In Progres,OUTAGE,Single Customer,RFD,NORMAL,42.43047,-83.14999
SE25092600146,2025-09-26T13:43:38Z,2025-09-26T15:39:47Z,7,2025-09-26T13:28:54Z,2025-09-26T18:00:00Z,18,18,Determined upon crew arrival,In Progres,OUTAGE,Service Transformer,CAN,NORMAL,42.40354,-83.13074
NE25092600153,2025-09-26T13:54:12Z,2025-09-26T14:51:51Z,4,2025-09-26T13:36:25Z,2025-09-26T18:05:00Z,20,20,Determined upon crew arrival,In Progres,OUTAGE,Service Transformer,MTC,NORMAL,42.46769,-82.95316
SE25092600164,2025-09-26T13:54:12Z,2025-09-26T18:46:43Z,14,2025-09-26T13:42:51Z,2025-09-27T13:45:00Z,1,1,Determined upon crew arrival,In Progres,OUTAGE,Single Customer,RFD,NORMAL,42.31188,-83.18841
SW25092600163,2025-09-26T13:54:12Z,2025-09-26T15:51:04Z,7,2025-09-26T13:41:23Z,2025-09-26T18:10:00Z,14,14,Determined upon crew arrival,In Progres,OUTAGE,Service Transformer,ANN,NORMAL,42.24991,-83.686
SW25092600165,2025-09-26T13:54:12Z,2025-09-26T16:45:45Z,9,2025-09-26T13:37:04Z,2025-09-27T13:45:00Z,1,1,Determined upon crew arrival,In Progres,OUTAGE,Single Customer,NPT,NORMAL,41.93294,-83.46664
NW25092600188,2025-09-26T14:17:37Z,2025-09-26T14:17:37Z,1,2025-09-26T13:55:38Z,2025-09-27T13:55:00Z,1,1,Determined upon crew arrival,In Progres,OUTAGE,Single Customer,HWL,NORMAL,42.6235,-83.74715
SE25092600174,2025-09-26T14:17:37Z,2025-09-26T14:51:51Z,3,2025-09-25T19:56:04Z,2025-09-27T13:50:00Z,1,1,Determined upon crew arrival,In Progres,OUTAGE,Single Customer,CAN,NORMAL,42.43838,-83.07539
SE25092600178,2025-09-26T14:17:37Z,2025-09-26T14:51:51Z,3,2025-09-26T13:50:22Z,2025-09-27T13:50:00Z,1,1,Determined upon crew arrival,In Progres,OUTAGE,Service Secondary,CAN,NORMAL,42.38061,-83.13147
SE25092600181,2025-09-26T14:17:37Z,2025-09-26T17:16:43Z,9,2025-09-25T19:45:03Z,2025-09-27T13:50:00Z,1,1,Equipment problem,In Progres,OUTAGE,Single Customer,CAN,NORMAL,42.43734,-83.07082
SE25092600182,2025-09-26T14:17:37Z,2025-09-26T15:20:14Z,4,2025-09-26T13:43:09Z,2025-09-27T13:55:00Z,1,1,Determined upon crew arrival,In Progres,OUTAGE,Single Customer,CAN,NORMAL,42.43689,-83.00278
SE25092600191,2025-09-26T14:17:37Z,2025-09-26T14:51:51Z,3,2025-09-26T13:53:55Z,2025-09-26T18:30:00Z,17,17,Determined upon crew arrival,In Progres,OUTAGE,Service Transformer,CAN,NORMAL,42.43073,-83.05471
SE25092600192,2025-09-26T14:17:37Z,2025-09-26T17:51:28Z,11,2025-09-26T13:59:21Z,2025-09-27T14:00:00Z,1,1,Determined upon crew arrival,In Progres,OUTAGE,Single Customer,RFD,NORMAL,42.52916,-83.28717
SE25092600193,2025-09-26T14:17:37Z,2025-09-26T14:17:37Z,1,2025-09-26T13:59:53Z,,1,1,Determined upon crew arrival,New,OUTAGE,Single Customer,RFD,NORMAL,42.19515,-83.20373
SW25092600173,2025-09-26T14:17:37Z,2025-09-26T15:39:47Z,5,2025-09-26T13:46:04Z,2025-09-26T18:20:00Z,18,18,Determined upon crew arrival,In Progres,OUTAGE,Service Transformer,WWS,NORMAL,42.30118,-83.37974
SW25092600194,2025-09-26T14:17:37Z,2025-09-26T14:17:37Z,1,2025-09-26T13:43:56Z,,50,50,Determined upon crew arrival,New,OUTAGE,Service Transformer,WWS,NORMAL,42.27974,-83.42399
NE25092600197,2025-09-26T14:40:13Z,2025-09-26T18:46:43Z,12,2025-09-26T14:01:27Z,2025-09-26T18:30:00Z,7,7,Determined upon crew arrival,In Progres,OUTAGE,Service Transformer,MTC,NORMAL,42.81253,-82.75866
NE25092600203,2025-09-26T14:40:13Z,2025-09-26T15:51:04Z,5,2025-09-26T14:05:02Z,2025-09-27T14:05:00Z,1,1,Determined upon crew arrival,In Progres,OUTAGE,Single Customer,MAR,NORMAL,43.11123,-82.89819
NE25092600208,2025-09-26T14:40:13Z,2025-09-26T15:20:14Z,3,2025-09-26T14:03:53Z,2025-09-26T18:40:00Z,9,9,Determined upon crew arrival,In Progres,OUTAGE,Device (I),MTC,NORMAL,42.56562,-82.96058
NE25092600229,2025-09-26T14:40:13Z,2025-09-26T17:16:43Z,8,2025-09-26T14:23:01Z,2025-09-27T14:25:00Z,1,1,Determined upon crew arrival,In Progres,OUTAGE,Single Customer,MTC,NORMAL,42.45123,-82.99408
NE25092600234,2025-09-26T14:40:13Z,2025-09-26T18:46:43Z,12,2025-09-26T14:26:37Z,2025-09-27T14:25:00Z,1,1,Equipment problem,In Progres,OUTAGE,Single Customer,MTC,NORMAL,42.65213,-82.91264
NW25092600196,2025-09-26T14:40:13Z,2025-09-26T17:16:43Z,8,2025-09-26T14:00:23Z,2025-09-26T18:30:00Z,12,12,Determined upon crew arrival,In Progres,OUTAGE,Service Transformer,PON,NORMAL,42.64843,-83.37983
NW25092600206,2025-09-26T14:40:13Z,2025-09-26T15:51:04Z,5,2025-09-26T14:06:43Z,2025-09-27T14:05:00Z,1,1,Determined upon crew arrival,In Progres,OUTAGE,Single Customer,PON,NORMAL,42.66118,-83.30738
SE25092600201,2025-09-26T14:40:13Z,2025-09-26T15:20:14Z,3,2025-09-26T14:01:44Z,2025-09-26T18:35:00Z,9,9,Determined upon crew arrival,In Progres,OUTAGE,Service Transformer,CAN,NORMAL,42.40508,-83.11837
SE25092600224,2025-09-26T14:40:13Z,2025-09-26T15:51:04Z,5,2025-09-26T14:20:52Z,2025-09-27T14:20:00Z,1,1,Determined upon crew arrival,In Progres,OUTAGE,Service Secondary,CAN,NORMAL,42.39266,-83.12962
SE25092600230,2025-09-26T14:40:13Z,2025-09-26T15:51:04Z,5,2025-09-26T13:56:56Z,2025-09-27T14:25:00Z,1,1,Determined upon crew arrival,In Progres,OUTAGE,Single Customer,RFD,NORMAL,42.38556,-83.14104
SE25092600238,2025-09-26T14:40:13Z,2025-09-26T14:40:13Z,1,2025-09-26T14:12:34Z,,1,1,Determined upon crew arrival,New,OUTAGE,Single Customer,RFD,NORMAL,42.42005,-83.25706
SE25092600240,2025-09-26T14:40:13Z,2025-09-26T16:45:45Z,7,2025-09-26T14:29:35Z,2025-09-27T14:30:00Z,1,1,Determined upon crew arrival,In Progres,OUTAGE,Service Secondary,CAN,NORMAL,42.43506,-83.00721
SW25092600200,2025-09-26T14:40:13Z,2025-09-26T14:51:51Z,2,2025-09-26T14:03:10Z,2025-09-27T14:05:00Z,1,1,Equipment problem,Pending,OUTAGE,Single Customer,ANN,NORMAL,42.15084,-83.78067
SW25092600217,2025-09-26T14:40:13Z,2025-09-26T17:16:43Z,8,2025-09-26T14:15:04Z,2025-09-26T18:45:00Z,17,17,Determined upon crew arrival,In Progres,OUTAGE,Service Transformer,WWS,NORMAL,42.3002,-83.38247
SW25092600220,2025-09-26T14:40:13Z,2025-09-26T16:45:45Z,7,2025-09-26T14:18:43Z,2025-09-27T14:20:00Z,1,1,Equipment problem,In Progres,OUTAGE,Single Customer,WWS,NORMAL,42.3337,-83.32404
SW25092600228,2025-09-26T14:40:13Z,2025-09-26T15:20:14Z,3,2025-09-26T14:22:58Z,2025-09-26T18:55:00Z,27,27,Determined upon crew arrival,In Progres,OUTAGE,Service Transformer,ANN,NORMAL,42.23339,-83.59144
SW25092600231,2025-09-26T14:40:13Z,2025-09-26T19:26:27Z,14,2025-09-26T14:21:56Z,2025-09-26T22:55:00Z,2918,2918,Equipment problem,In Progres,OUTAGE,Circuit Level,WWS,NORMAL,42.27225,-83.34663
SW25092600236,2025-09-26T14:40:13Z,2025-09-26T14:51:51Z,2,2025-09-26T14:27:31Z,2025-09-26T19:00:00Z,11,11,Determined upon crew arrival,In Progres,OUTAGE,Service Transformer,WWS,NORMAL,42.35822,-83.32563
SW25092600239,2025-09-26T14:40:13Z,2025-09-26T14:51:51Z,2,2025-09-26T14:29:06Z,2025-09-26T19:00:00Z,2,2,Determined upon crew arrival,PC3 Verifi,OUTAGE,Service Secondary,WWS,NORMAL,42.27974,-83.42399
SW25092600241,2025-09-26T14:40:13Z,2025-09-26T14:40:13Z,1,2025-09-26T14:26:04Z,,1,1,Determined upon crew arrival,New,OUTAGE,Single Customer,WWS,NORMAL,42.3287,-83.38028
NE25092600244,2025-09-26T14:51:51Z,2025-09-26T15:51:04Z,4,2025-09-26T14:27:57Z,2025-09-26T19:00:00Z,21,21,Determined upon crew arrival,In Progres,OUTAGE,Service Transformer,MTC,NORMAL,42.48873,-83.06085
NE25092600261,2025-09-26T14:51:51Z,2025-09-26T15:51:04Z,4,2025-09-26T14:38:55Z,2025-09-26T19:10:00Z,6,6,Determined upon crew arrival,In Progres,OUTAGE,Device (I),NAE,NORMAL,43.79845,-83.37314
NW25092600242,2025-09-26T14:51:51Z,2025-09-26T21:37:16Z,20,2025-09-26T14:28:56Z,2025-09-26T23:00:00Z,24,24,Equipment problem,In Progres,OUTAGE,Device (I),PON,NORMAL,42.79264,-83.30086
NW25092600249,2025-09-26T14:51:51Z,2025-09-26T15:51:04Z,4,2025-09-26T14:24:09Z,2025-09-26T19:00:00Z,2,2,Equipment problem,In Progres,OUTAGE,Service Transformer,PON,NORMAL,42.57811,-83.36399
NW25092600253,2025-09-26T14:51:51Z,2025-09-26T17:39:33Z,8,2025-09-26T14:27:06Z,2025-09-27T14:30:00Z,1,1,Equipment problem,In Progres,OUTAGE,Single Customer,HWL,NORMAL,42.65306,-84.07711
NW25092600260,2025-09-26T14:51:51Z,2025-09-26T15:20:14Z,2,2025-09-26T14:38:03Z,2025-09-26T19:10:00Z,1,1,Determined upon crew arrival,In Progres,PRIORITY,,SBY,NORMAL,42.56907,-83.00572
SE25092600254,2025-09-26T14:51:51Z,2025-09-26T15:51:04Z,4,2025-09-26T14:32:36Z,2025-09-27T14:35:00Z,1,1,Determined upon crew arrival,In Progres,OUTAGE,Single Customer,RFD,NORMAL,42.25898,-83.19699
SE25092600255,2025-09-26T14:51:51Z,2025-09-26T14:51:51Z,1,2025-09-26T14:32:52Z,2025-09-26T19:05:00Z,14,14,Determined upon crew arrival,In Progres,OUTAGE,Service Transformer,RFD,NORMAL,42.45415,-83.13317
SE25092600263,2025-09-26T14:51:51Z,2025-09-26T15:39:47Z,3,2025-09-26T14:40:16Z,2025-09-26T19:10:00Z,2,2,Determined upon crew arrival,In Progres,OUTAGE,Service Secondary,CAN,NORMAL,42.39266,-83.12962
SE25092600264,2025-09-26T14:51:51Z,2025-09-26T14:51:51Z,1,2025-09-26T14:40:25Z,2025-09-27T14:40:00Z,1,1,Determined upon crew arrival,In Progres,OUTAGE,Single Customer,CAN,NORMAL,42.40448,-83.13492
SE25092600266,2025-09-26T14:51:51Z,2025-09-26T15:51:04Z,4,2025-09-26T14:41:08Z,2025-09-27T14:40:00Z,1,1,Determined upon crew arrival,PC3 Verifi,OUTAGE,Single Customer,CAN,NORMAL,42.42148,-82.90827
SW25092600247,2025-09-26T14:51:51Z,2025-09-26T14:51:51Z,1,2025-09-26T14:26:52Z,2025-09-26T19:00:00Z,63,63,Determined upon crew arrival,In Progres,OUTAGE,Device (I),WWS,NORMAL,42.3289,-83.38026
SW25092600248,2025-09-26T14:51:51Z,2025-09-26T15:51:04Z,4,2025-09-26T14:31:26Z,2025-09-27T14:30:00Z,1,1,Equipment problem,PC3 Verifi,OUTAGE,Single Customer,WWS,NORMAL,42.28274,-83.49065
NE25092600270,2025-09-26T15:20:14Z,2025-09-26T16:45:45Z,5,2025-09-26T14:30:30Z,2025-09-27T14:50:00Z,1,1,Determined upon crew arrival,In Progres,SERVICE DOWN NO,,MTC,NORMAL,42.48873,-83.06085
NE25092600328,2025-09-26T15:20:14Z,2025-09-26T15:51:04Z,3,2025-09-26T15:06:52Z,2025-09-27T15:05:00Z,1,1,Determined upon crew arrival,In Progres,OUTAGE,Single Customer,LAP,NORMAL,43.18778,-83.30597
NE25092600333,2025-09-26T15:20:14Z,2025-09-26T16:45:45Z,5,2025-09-26T15:06:29Z,2025-09-26T19:45:00Z,5,5,Determined upon crew arrival,In Progres,OUTAGE,Service Transformer,LAP,NORMAL,42.82216,-83.15233
NE25092600334,2025-09-26T15:20:14Z,2025-09-26T15:51:04Z,3,2025-09-26T15:14:03Z,2025-09-27T15:15:00Z,1,1,Determined upon crew arrival,In Progres,OUTAGE,Service Secondary,NAE,NORMAL,43.42877,-82.83146
NW25092600280,2025-09-26T15:20:14Z,2025-09-26T21:37:16Z,19,2025-09-26T14:28:56Z,2025-09-26T23:30:00Z,16,16,Equipment problem,In Progres,OUTAGE,Device (I),PON,NORMAL,42.79376,-83.30327
NW25092600283,2025-09-26T15:20:14Z,2025-09-26T16:45:45Z,5,2025-09-26T14:43:42Z,2025-09-27T15:00:00Z,1,1,Determined upon crew arrival,In Progres,OUTAGE,Single Customer,PON,NORMAL,42.67476,-83.28985
NW25092600294,2025-09-26T15:20:14Z,2025-09-26T15:20:14Z,1,2025-09-26T14:48:14Z,2025-09-27T15:00:00Z,1,1,Determined upon crew arrival,New,OUTAGE,Single Customer,PON,NORMAL,42.70329,-83.64102
NW25092600295,2025-09-26T15:20:14Z,2025-09-26T15:20:14Z,1,2025-09-26T14:48:28Z,2025-09-27T15:00:00Z,1,1,Determined upon crew arrival,New,OUTAGE,Single Customer,PON,NORMAL,42.73402,-83.62432
NW25092600297,2025-09-26T15:20:14Z,2025-09-26T15:20:14Z,1,2025-09-26T14:48:27Z,2025-09-27T15:00:00Z,1,1,Determined upon crew arrival,New,OUTAGE,Single Customer,PON,NORMAL,42.7405,-83.62712
NW25092600307,2025-09-26T15:20:14Z,2025-09-26T15:20:14Z,1,2025-09-26T14:49:26Z,2025-09-27T15:00:00Z,1,1,Determined upon crew arrival,New,OUTAGE,Single Customer,PON,NORMAL,42.75283,-83.61438
NW25092600308,2025-09-26T15:20:14Z,2025-09-26T15:20:14Z,1,2025-09-26T14:50:36Z,2025-09-27T15:00:00Z,1,1,Determined upon crew arrival,New,OUTAGE,Single Customer,PON,NORMAL,42.73241,-83.62637
NW25092600309,2025-09-26T15:20:14Z,2025-09-26T15:20:14Z,1,2025-09-26T14:50:13Z,2025-09-27T15:00:00Z,1,1,Determined upon crew arrival,New,OUTAGE,Single Customer,PON,NORMAL,42.74571,-83.61724
NW25092600315,2025-09-26T15:20:14Z,2025-09-26T16:45:45Z,5,2025-09-26T14:56:21Z,2025-09-27T15:00:00Z,1,1,Determined upon crew arrival,In Progres,OUTAGE,Single Customer,HWL,NORMAL,42.57132,-83.77515
SE25092600277,2025-09-26T15:20:14Z,2025-09-26T15:20:14Z,1,2025-09-26T14:31:13Z,2025-09-26T19:25:00Z,18,18,Determined upon crew arrival,In Progres,OUTAGE,Service Transformer,RFD,NORMAL,42.35401,-83.14331
SE25092600278,2025-09-26T15:20:14Z,2025-09-26T15:39:47Z,2,2025-09-26T14:43:19Z,2025-09-27T14:55:00Z,1,1,Determined upon crew arrival,PC3 Verifi,OUTAGE,Single Customer,RFD,NORMAL,42.54396,-83.15299
SE25092600285,2025-09-26T15:20:14Z,2025-09-26T15:20:14Z,1,2025-09-26T14:44:55Z,2025-09-27T15:00:00Z,1,1,Determined upon crew arrival,New,OUTAGE,Single Customer,CAN,NORMAL,42.42354,-83.00339
SE25092600286,2025-09-26T15:20:14Z,2025-09-26T15:51:04Z,3,2025-09-26T14:29:28Z,2025-09-26T19:30:00Z,13,13,Determined upon crew arrival,In Progres,OUTAGE,Service Transformer,CAN,NORMAL,42.42114,-82.90895
SE25092600317,2025-09-26T15:20:14Z,2025-09-26T15:39:47Z,2,2025-09-26T14:58:13Z,2025-09-27T15:00:00Z,1,1,Determined upon crew arrival,New,OUTAGE,Single Customer,RFD,NORMAL,42.54397,-83.15124
SE25092600322,2025-09-26T15:20:14Z,2025-09-26T18:26:24Z,9,2025-09-26T15:02:04Z,2025-09-27T15:00:00Z,1,1,Determined upon crew arrival,In Progres,OUTAGE,Single Customer,CAN,NORMAL,42.43768,-82.99787
SE25092600331,2025-09-26T15:20:14Z,2025-09-26T15:20:14Z,1,2025-09-26T15:09:02Z,2025-09-27T15:10:00Z,2,2,Determined upon crew arrival,New,OUTAGE,Service Secondary,CAN,NORMAL,42.40598,-83.11842
SW25092600281,2025-09-26T15:20:14Z,2025-09-26T17:39:33Z,7,2025-09-26T14:39:30Z,2025-09-26T19:30:00Z,80,80,Equipment problem,In Progres,OUTAGE,Device (I),WWS,NORMAL,42.52411,-83.42295
SW25092600300,2025-09-26T15:20:14Z,2025-09-26T17:39:33Z,7,2025-09-26T14:50:23Z,2025-09-27T15:00:00Z,1,1,Determined upon crew arrival,In Progres,OUTAGE,Single Customer,WWS,NORMAL,42.30024,-83.38027
SW25092600310,2025-09-26T15:20:14Z,2025-09-26T16:24:32Z,4,2025-09-26T14:50:02Z,2025-09-26T19:30:00Z,14,14,Determined upon crew arrival,In Progres,OUTAGE,Device (I),WWS,NORMAL,42.42462,-83.42103
SW25092600311,2025-09-26T15:20:14Z,2025-09-26T15:39:47Z,2,2025-09-26T14:49:29Z,2025-09-27T15:00:00Z,1,1,Determined upon crew arrival,In Progres,OUTAGE,Single Customer,ANN,NORMAL,42.34432,-83.75136
SW25092600312,2025-09-26T15:20:14Z,2025-09-26T17:16:43Z,6,2025-09-26T14:20:51Z,2025-09-27T15:00:00Z,1,1,Determined upon crew arrival,In Progres,OUTAGE,Single Customer,WWS,NORMAL,42.23006,-83.32667
SW25092600316,2025-09-26T15:20:14Z,2025-09-26T15:20:14Z,1,2025-09-26T14:55:28Z,2025-09-26T19:30:00Z,16,16,Determined upon crew arrival,In Progres,OUTAGE,Service Transformer,WWS,NORMAL,42.29002,-83.38494
NW25092600342,2025-09-26T15:39:47Z,2025-09-26T17:51:28Z,7,2025-09-26T15:20:01Z,2025-09-27T15:20:00Z,1,1,Determined upon crew arrival,In Progres,OUTAGE,Single Customer,SBY,NORMAL,42.60329,-82.99281
NW25092600344,2025-09-26T15:39:47Z,2025-09-26T15:39:47Z,1,2025-09-26T15:22:19Z,2025-09-27T15:20:00Z,1,1,Determined upon crew arrival,New,OUTAGE,Single Customer,PON,NORMAL,42.664,-83.30699
SE25092600343,2025-09-26T15:39:47Z,2025-09-26T19:14:57Z,10,2025-09-24T13:48:43Z,2025-09-27T15:20:00Z,1,1,Equipment problem,In Progres,SERVICE DOWN NO,,RFD,NORMAL,42.43385,-83.22365
SE25092600352,2025-09-26T15:39:47Z,2025-09-26T16:45:45Z,4,2025-09-26T15:22:18Z,2025-09-27T15:25:00Z,1,1,Determined upon crew arrival,In Progres,OUTAGE,Single Customer,CAN,NORMAL,42.38174,-83.09886
SW25092600338,2025-09-26T15:39:47Z,2025-09-26T17:39:33Z,6,2025-09-26T15:16:51Z,2025-09-27T15:15:00Z,1,1,Determined upon crew arrival,In Progres,OUTAGE,Single Customer,NPT,NORMAL,42.09377,-83.28467
NE25092600365,2025-09-26T15:51:04Z,2025-09-26T22:38:34Z,20,2025-09-26T01:29:23Z,2025-09-27T15:35:00Z,1,1,Equipment problem,In Progres,OUTAGE,Single Customer,MAR,NORMAL,43.00933,-82.44591
NE25092600372,2025-09-26T15:51:04Z,2025-09-26T17:16:43Z,4,2025-09-26T15:41:24Z,2025-09-27T15:40:00Z,1,1,Determined upon crew arrival,In Progres,OUTAGE,Single Customer,NAE,NORMAL,43.48567,-83.40456
NW25092600366,2025-09-26T15:51:04Z,2025-09-26T17:39:33Z,5,2025-09-26T15:36:27Z,2025-09-26T20:05:00Z,11,11,Determined upon crew arrival,In Progres,OUTAGE,Service Transformer,SBY,NORMAL,42.55685,-82.97771
NW25092600367,2025-09-26T15:51:04Z,2025-09-26T19:38:55Z,11,2025-09-26T15:28:37Z,2025-09-27T15:40:00Z,1,1,Determined upon crew arrival,PC3 Verifi,OUTAGE,Single Customer,PON,NORMAL,42.58816,-83.53501
SW25092600373,2025-09-26T15:51:04Z,2025-09-26T17:16:43Z,4,2025-09-26T15:41:59Z,2025-09-27T15:40:00Z,1,1,Determined upon crew arrival,In Progres,OUTAGE,Service Transformer,ANN,NORMAL,42.32753,-83.75283
SW25092600374,2025-09-26T15:51:04Z,2025-09-26T17:51:28Z,6,2025-09-26T15:42:24Z,2025-09-27T15:40:00Z,1,1,Determined upon crew arrival,In Progres,OUTAGE,Single Customer,WWS,NORMAL,42.13003,-83.53873
NE25092600378,2025-09-26T16:24:32Z,2025-09-26T17:16:43Z,3,2025-09-26T15:38:04Z,2025-09-26T20:15:00Z,9,9,Determined upon crew arrival,In Progres,OUTAGE,Service Transformer,NAE,NORMAL,43.48702,-83.40407
NE25092600385,2025-09-26T16:24:32Z,2025-09-26T17:39:33Z,4,2025-09-26T15:49:50Z,2025-09-26T20:20:00Z,11,11,Determined upon crew arrival,In Progres,OUTAGE,Service Transformer,MTC,NORMAL,42.81275,-82.76014
NE25092600402,2025-09-26T16:24:32Z,2025-09-26T20:51:16Z,14,2025-09-26T15:58:41Z,2025-09-27T00:30:00Z,1,1,Animal/bird damaged DTE equip,In Progres,PRIORITY,,MTC,NORMAL,42.692,-82.68605
NE25092600406,2025-09-26T16:24:32Z,2025-09-26T17:16:43Z,3,2025-09-26T16:03:11Z,2025-09-27T16:05:00Z,1,1,Determined upon crew arrival,In Progres,OUTAGE,Single Customer,MTC,NORMAL,42.51118,-82.90909
NE25092600415,2025-09-26T16:24:32Z,2025-09-26T16:24:32Z,1,2025-09-26T16:12:40Z,,1,1,Determined upon crew arrival,New,OUTAGE,Single Customer,LAP,NORMAL,42.90307,-83.06609
NW25092600380,2025-09-26T16:24:32Z,2025-09-26T18:26:24Z,6,2025-09-26T15:42:40Z,2025-09-26T20:15:00Z,58,58,Determined upon crew arrival,In Progres,OUTAGE,Device (II),SBY,NORMAL,42.55701,-82.97954
NW25092600383,2025-09-26T16:24:32Z,2025-09-27T01:22:30Z,24,2025-09-26T15:49:15Z,2025-09-27T15:50:00Z,1,1,Determined upon crew arrival,In Progres,OUTAGE,Single Customer,PON,NORMAL,42.641,-83.27115
NW25092600399,2025-09-26T16:24:32Z,2025-09-26T17:16:43Z,3,2025-09-26T12:31:13Z,2025-09-27T15:55:00Z,1,1,Determined upon crew arrival,In Progres,OUTAGE,Single Customer,SBY,NORMAL,42.73079,-83.0289
NW25092600411,2025-09-26T16:24:32Z,2025-09-26T19:14:57Z,8,2025-09-26T16:07:43Z,2025-09-27T16:10:00Z,1,1,Determined upon crew arrival,New,OUTAGE,Single Customer,SBY,NORMAL,42.70358,-83.13584
SE25092600379,2025-09-26T16:24:32Z,2025-09-27T17:40:15Z,69,2025-09-26T15:46:39Z,2025-09-27T19:45:00Z,1,1,Determined upon crew arrival,Pending,OUTAGE,Single Customer,RFD,NORMAL,42.32846,-83.15594
SE25092600381,2025-09-26T16:24:32Z,2025-09-26T16:45:45Z,2,2025-09-26T15:48:08Z,2025-09-27T15:50:00Z,1,1,Determined upon crew arrival,In Progres,OUTAGE,Single Customer,CAN,NORMAL,42.40336,-83.13731
SE25092600389,2025-09-26T16:24:32Z,2025-09-26T17:16:43Z,3,2025-09-26T15:50:53Z,2025-09-27T15:50:00Z,1,1,Problem with the customer equip,In Progres,OUTAGE,Single Customer,CAN,NORMAL,42.33574,-83.05015
SE25092600390,2025-09-26T16:24:32Z,2025-09-26T16:45:45Z,2,2025-09-26T15:50:43Z,2025-09-27T15:50:00Z,1,1,Determined upon crew arrival,In Progres,OUTAGE,Single Customer,CAN,NORMAL,42.37721,-83.13183
SE25092600410,2025-09-26T16:24:32Z,2025-09-26T17:51:28Z,5,2025-09-26T16:07:29Z,2025-09-27T16:10:00Z,1,1,Determined upon crew arrival,In Progres,OUTAGE,Single Customer,TBY_S,NORMAL,42.31114,-83.28976
SE25092600413,2025-09-26T16:24:32Z,2025-09-26T17:51:28Z,5,2025-09-26T16:09:42Z,2025-09-27T16:10:00Z,1,1,Determined upon crew arrival,In Progres,OUTAGE,Single Customer,CAN,NORMAL,42.39294,-83.13502
SW25092600392,2025-09-26T16:24:32Z,2025-09-26T16:24:32Z,1,2025-09-26T15:51:57Z,2025-09-26T20:20:00Z,18,18,Determined upon crew arrival,In Progres,OUTAGE,Service Transformer,ANN,NORMAL,42.25549,-83.58275
SW25092600401,2025-09-26T16:24:32Z,2025-09-26T16:45:45Z,2,2025-09-26T15:58:13Z,2025-09-26T20:30:00Z,8,8,Determined upon crew arrival,In Progres,OUTAGE,Service Transformer,ANN,NORMAL,42.24947,-83.58651
SW25092600403,2025-09-26T16:24:32Z,2025-09-26T16:24:32Z,1,2025-09-26T15:58:42Z,2025-09-26T20:30:00Z,12,12,Determined upon crew arrival,In Progres,OUTAGE,Service Transformer,WWS,NORMAL,42.2964,-83.38305
NE25092600431,2025-09-26T16:45:45Z,2025-09-26T21:51:03Z,16,2025-09-26T16:24:08Z,2025-09-27T16:30:00Z,1,1,Determined upon crew arrival,In Progres,OUTAGE,Single Customer,LAP,NORMAL,42.8791,-83.29754
NW25092600426,2025-09-26T16:45:45Z,2025-09-26T17:16:43Z,2,2025-09-26T16:23:27Z,2025-09-27T16:25:00Z,1,1,Determined upon crew arrival,PC3 Verifi,OUTAGE,Single Customer,PON,NORMAL,42.66194,-83.3073
NW25092600428,2025-09-26T16:45:45Z,2025-09-26T16:45:45Z,1,2025-09-26T13:50:43Z,2025-09-27T16:25:00Z,1,1,Determined upon crew arrival,New,OUTAGE,Single Customer,PON,NORMAL,42.63906,-83.32106
SE25092600429,2025-09-26T16:45:45Z,2025-09-26T16:45:45Z,1,2025-09-26T16:27:04Z,,1,1,Determined upon crew arrival,New,OUTAGE,Single Customer,CAN,NORMAL,42.3221,-83.07532
NE25092600446,2025-09-26T17:16:43Z,2025-09-26T17:51:28Z,3,2025-09-26T16:39:58Z,2025-09-27T16:40:00Z,1,1,Determined upon crew arrival,In Progres,OUTAGE,Single Customer,MTC,NORMAL,42.68542,-82.72392
NE25092600452,2025-09-26T17:16:43Z,2025-09-26T22:17:18Z,16,2025-09-26T16:42:16Z,2025-09-27T16:40:00Z,1,1,Determined upon crew arrival,In Progres,OUTAGE,Single Customer,MTC,NORMAL,42.47404,-82.97296
NE25092600455,2025-09-26T17:16:43Z,2025-09-27T04:41:29Z,28,2025-09-26T16:43:37Z,2025-09-27T16:45:00Z,1,1,Determined upon crew arrival,In Progres,SERVICE DOWN NO,,MTC,NORMAL,42.49713,-82.93789
NE25092600468,2025-09-26T17:16:43Z,2025-09-26T17:16:43Z,1,2025-09-26T16:52:53Z,2025-09-26T21:25:00Z,64,64,Determined upon crew arrival,Pending,OUTAGE,Service Transformer,MTC,NORMAL,42.51027,-83.02204
NE25092600477,2025-09-26T17:16:43Z,2025-09-26T18:26:24Z,4,2025-09-26T16:56:12Z,2025-09-26T21:25:00Z,6,6,Determined upon crew arrival,In Progres,OUTAGE,Service Transformer,MAR,NORMAL,43.13417,-82.79901
NW25092600437,2025-09-26T17:16:43Z,2025-09-26T18:26:24Z,4,2025-09-26T16:34:11Z,2025-09-27T16:35:00Z,1,1,Determined upon crew arrival,In Progres,OUTAGE,Single Customer,HWL,NORMAL,42.57962,-83.77949
NW25092600479,2025-09-26T17:16:43Z,2025-09-26T22:51:22Z,18,2025-09-26T16:59:08Z,2025-09-27T17:00:00Z,1,1,Equipment problem,In Progres,OUTAGE,Single Customer,SBY,NORMAL,42.72172,-83.18607
SE25092600436,2025-09-26T17:16:43Z,2025-09-26T22:38:34Z,17,2025-09-26T16:34:04Z,2025-09-27T16:35:00Z,1,1,Determined upon crew arrival,In Progres,SERVICE DOWN NO,,RFD,NORMAL,42.41104,-83.23727
SE25092600448,2025-09-26T17:16:43Z,2025-09-27T16:41:09Z,63,2025-09-26T11:43:28Z,2025-09-27T16:40:00Z,1,1,Determined upon crew arrival,In Progres,OUTAGE,Single Customer,CAN,NORMAL,42.3273,-83.06884
SE25092600449,2025-09-26T17:16:43Z,2025-09-26T18:46:43Z,5,2025-09-26T16:41:12Z,2025-09-27T16:40:00Z,1,1,Determined upon crew arrival,In Progres,OUTAGE,Single Customer,CAN,NORMAL,42.42661,-83.0563
SE25092600464,2025-09-26T17:16:43Z,2025-09-26T19:51:22Z,9,2025-09-26T16:51:42Z,2025-09-27T16:50:00Z,1,1,Equipment problem,In Progres,OUTAGE,Single Customer,RFD,NORMAL,42.48829,-83.0956
SW25092600465,2025-09-26T17:16:43Z,2025-09-26T17:51:28Z,3,2025-09-26T16:51:47Z,2025-09-26T21:20:00Z,20,20,Determined upon crew arrival,In Progres,OUTAGE,Service Transformer,ANN,NORMAL,42.25667,-83.58379
NE25092600607,2025-09-26T17:39:33Z,2025-09-26T21:16:27Z,12,2025-09-26T17:06:35Z,2025-09-27T17:05:00Z,1,1,Determined upon crew arrival,In Progres,OUTAGE,Single Customer,LAP,NORMAL,43.11243,-83.18879
NE25092600644,2025-09-26T17:39:33Z,2025-09-26T17:51:28Z,2,2025-09-26T17:03:51Z,2025-09-27T17:15:00Z,1,1,Determined upon crew arrival,In Progres,OUTAGE,Single Customer,NAE,NORMAL,43.41924,-82.82915
NW25092600506,2025-09-26T17:39:33Z,2025-09-27T03:17:56Z,23,2025-09-26T17:02:50Z,2025-09-27T17:05:00Z,1,1,Animal/bird damaged DTE equip,In Progres,OUTAGE,Single Customer,PON,NORMAL,42.5136,-83.53793
NW25092600582,2025-09-26T17:39:33Z,2025-09-26T19:51:22Z,8,2025-09-26T17:03:52Z,2025-09-26T21:35:00Z,24,24,Determined upon crew arrival,In Progres,OUTAGE,Service Transformer,PON,NORMAL,42.66446,-83.30557
NW25092600665,2025-09-26T17:39:33Z,2025-09-26T19:38:55Z,7,2025-09-26T17:25:55Z,2025-09-27T17:25:00Z,1,1,Determined upon crew arrival,In Progres,OUTAGE,Single Customer,PON,NORMAL,42.65409,-83.42924
SE25092600608,2025-09-26T17:39:33Z,2025-09-26T19:14:57Z,5,2025-09-26T16:28:44Z,2025-09-27T17:05:00Z,1,1,Determined upon crew arrival,In Progres,OUTAGE,Single Customer,RFD,NORMAL,42.38833,-83.28509
SE25092600643,2025-09-26T17:39:33Z,2025-09-26T19:51:22Z,8,2025-09-26T17:12:29Z,2025-09-27T17:15:00Z,1,1,Determined upon crew arrival,In Progres,OUTAGE,Single Customer,CAN,NORMAL,42.42984,-83.0591
SE25092600646,2025-09-26T17:39:33Z,2025-09-27T15:37:14Z,59,2025-09-26T16:45:24Z,2025-09-27T17:15:00Z,1,1,Determined upon crew arrival,In Progres,OUTAGE,Single Customer,CAN,NORMAL,42.37073,-82.94234
SE25092600661,2025-09-26T17:39:33Z,2025-09-26T19:26:27Z,6,2025-09-26T17:21:22Z,2025-09-27T17:20:00Z,1,1,Determined upon crew arrival,In Progres,OUTAGE,Service Secondary,CAN,NORMAL,42.38292,-83.13523
SW25092600492,2025-09-26T17:39:33Z,2025-09-26T19:14:57Z,5,2025-09-26T17:01:19Z,2025-09-26T21:35:00Z,701,701,Equipment problem,In Progres,OUTAGE,Circuit Level,WWS,NORMAL,42.28194,-83.31703
SW25092600534,2025-09-26T17:39:33Z,2025-09-26T19:26:27Z,6,2025-09-26T17:03:34Z,2025-09-26T21:35:00Z,38,38,Determined upon crew arrival,In Progres,OUTAGE,Device (I),WWS,NORMAL,42.29159,-83.31323
SW25092600571,2025-09-26T17:39:33Z,2025-09-26T19:26:27Z,6,2025-09-26T17:01:27Z,2025-09-26T21:35:00Z,2,2,Determined upon crew arrival,PC3 Verifi,OUTAGE,Service Secondary,WWS,NORMAL,42.2701,-83.31081
SW25092600600,2025-09-26T17:39:33Z,2025-09-26T19:26:27Z,6,2025-09-26T17:06:17Z,2025-09-26T21:35:00Z,1,1,Determined upon crew arrival,PC3 Verifi,PRIORITY,,WWS,NORMAL,42.26626,-83.3296
SW25092600623,2025-09-26T17:39:33Z,2025-09-26T17:39:33Z,1,2025-09-26T17:09:06Z,2025-09-27T17:10:00Z,1,1,Determined upon crew arrival,In Progres,OUTAGE,Single Customer,WWS,NORMAL,42.30301,-83.39525
SW25092600632,2025-09-26T17:39:33Z,2025-09-26T19:38:55Z,7,2025-09-26T17:10:58Z,2025-09-26T21:40:00Z,1,1,Determined upon crew arrival,PC3 Verifi,PRIORITY,,WWS,NORMAL,42.27424,-83.33003
SW25092600635,2025-09-26T17:39:33Z,2025-09-26T18:26:24Z,3,2025-09-26T17:11:44Z,2025-09-27T17:10:00Z,1,1,Determined upon crew arrival,New,OUTAGE,Single Customer,WWS,NORMAL,42.24047,-83.29177
SW25092600642,2025-09-26T17:39:33Z,2025-09-26T18:26:24Z,3,2025-09-26T17:12:29Z,2025-09-27T17:15:00Z,1,1,Determined upon crew arrival,New,OUTAGE,Single Customer,WWS,NORMAL,42.2589,-83.33102
SW25092600649,2025-09-26T17:39:33Z,2025-09-26T19:38:55Z,7,2025-09-26T17:16:21Z,2025-09-26T21:45:00Z,1,1,Determined upon crew arrival,PC3 Verifi,PRIORITY,,WWS,NORMAL,42.26179,-83.35629
SW25092600654,2025-09-26T17:39:33Z,2025-09-26T19:51:22Z,8,2025-09-26T17:17:40Z,2025-09-27T17:20:00Z,1,1,Determined upon crew arrival,New,OUTAGE,Single Customer,WWS,NORMAL,42.31099,-83.31296
SW25092600655,2025-09-26T17:39:33Z,2025-09-26T19:26:27Z,6,2025-09-26T17:18:33Z,2025-09-27T17:20:00Z,1,1,Determined upon crew arrival,PC3 Verifi,OUTAGE,Single Customer,WWS,NORMAL,42.29392,-83.31279
SW25092600656,2025-09-26T17:39:33Z,2025-09-26T19:38:55Z,7,2025-09-26T17:18:57Z,2025-09-26T21:50:00Z,1,1,Determined upon crew arrival,PC3 Verifi,PRIORITY,,WWS,NORMAL,42.29144,-83.31499
SW25092600660,2025-09-26T17:39:33Z,2025-09-26T19:26:27Z,6,2025-09-26T17:20:31Z,2025-09-26T21:50:00Z,2,2,Determined upon crew arrival,PC3 Verifi,OUTAGE,Service Secondary,WWS,NORMAL,42.2947,-83.31091
SW25092600664,2025-09-26T17:39:33Z,2025-09-26T17:51:28Z,2,2025-09-26T17:25:38Z,2025-09-27T17:25:00Z,1,1,Determined upon crew arrival,New,OUTAGE,Single Customer,WWS,NORMAL,42.29271,-83.32389
SW25092600667,2025-09-26T17:39:33Z,2025-09-26T17:51:28Z,2,2025-09-26T17:29:12Z,2025-09-26T22:00:00Z,3,3,Determined upon crew arrival,In Progres,OUTAGE,Service Transformer,ANN,NORMAL,42.23921,-83.5881
NW25092600682,2025-09-26T17:51:28Z,2025-09-26T17:51:28Z,1,2025-09-26T17:40:15Z,2025-09-27T17:40:00Z,1,1,Determined upon crew arrival,New,OUTAGE,Single Customer,SBY,NORMAL,42.66103,-83.11894
SE25092600676,2025-09-26T17:51:28Z,2025-09-26T19:26:27Z,5,2025-09-26T17:36:37Z,2025-09-27T17:35:00Z,1,1,Determined upon crew arrival,In Progres,OUTAGE,Single Customer,RFD,NORMAL,42.47922,-83.18183
SE25092600685,2025-09-26T17:51:28Z,2025-09-27T14:51:33Z,56,2025-09-26T17:42:20Z,2025-09-27T17:40:00Z,1,1,Equipment problem,In Progres,OUTAGE,Single Customer,RFD,NORMAL,42.4085,-83.25279
SW25092600668,2025-09-26T17:51:28Z,2025-09-26T19:51:22Z,7,2025-09-26T17:30:30Z,2025-09-27T17:30:00Z,1,1,Determined upon crew arrival,PC3 Verifi,OUTAGE,Single Customer,WWS,NORMAL,42.41985,-82.91124
SW25092600679,2025-09-26T17:51:28Z,2025-09-27T21:37:08Z,78,2025-09-26T17:38:33Z,2025-09-27T22:10:00Z,1,1,Determined upon crew arrival,In Progres,PRIORITY,,WWS,NORMAL,42.27644,-83.30985
SW25092600680,2025-09-26T17:51:28Z,2025-09-26T19:26:27Z,5,2025-09-26T17:38:59Z,2025-09-27T17:40:00Z,1,1,Determined upon crew arrival,PC3 Verifi,OUTAGE,Single Customer,WWS,NORMAL,42.28145,-83.32304
NE25092600711,2025-09-26T18:26:24Z,2025-09-26T23:17:15Z,16,2025-09-26T17:59:27Z,2025-09-27T18:00:00Z,1,1,Animal/bird damaged DTE equip,In Progres,OUTAGE,Single Customer,MAR,NORMAL,42.96903,-82.83359
NE25092600718,2025-09-26T18:26:24Z,2025-09-26T18:46:43Z,2,2025-09-26T18:10:01Z,2025-09-27T18:10:00Z,1,1,Determined upon crew arrival,In Progres,OUTAGE,Single Customer,NAE,NORMAL,43.42653,-82.83127
NE25092600722,2025-09-26T18:26:24Z,2025-09-26T23:37:13Z,17,2025-09-26T17:12:08Z,2025-09-27T02:40:00Z,2,2,Equipment problem,In Progres,OUTAGE,Service Transformer,MAR,NORMAL,43.26661,-82.55736
NW25092600727,2025-09-26T18:26:24Z,2025-09-26T21:37:16Z,11,2025-09-26T18:11:09Z,2025-09-26T22:45:00Z,15,15,Equipment problem,Pending,OUTAGE,Service Transformer,PON,NORMAL,42.6293,-83.32815
SE25092600692,2025-09-26T18:26:24Z,2025-09-27T01:22:30Z,19,2025-09-26T15:43:18Z,2025-09-27T17:45:00Z,1,1,Determined upon crew arrival,In Progres,OUTAGE,Single Customer,RFD,NORMAL,42.31996,-83.17085
SW25092600689,2025-09-26T18:26:24Z,2025-09-26T18:26:24Z,1,2025-09-26T17:29:37Z,2025-09-26T22:15:00Z,7,7,Determined upon crew arrival,In Progres,OUTAGE,Service Transformer,ANN,NORMAL,42.23916,-83.58691
SW25092600694,2025-09-26T18:26:24Z,2025-09-26T18:46:43Z,2,2025-09-26T17:48:09Z,2025-09-26T22:20:00Z,2,2,Determined upon crew arrival,In Progres,OUTAGE,Service Transformer,ANN,NORMAL,42.32269,-83.77272
SW25092600705,2025-09-26T18:26:24Z,2025-09-26T18:46:43Z,2,2025-09-26T17:56:18Z,2025-09-27T17:55:00Z,1,1,Determined upon crew arrival,New,OUTAGE,Single Customer,WWS,NORMAL,42.27137,-83.36039
SW25092600725,2025-09-26T18:26:24Z,2025-09-26T18:46:43Z,2,2025-09-26T18:13:26Z,2025-09-26T22:45:00Z,22,22,Determined upon crew arrival,In Progres,OUTAGE,Service Transformer,WWS,NORMAL,42.29647,-83.37961
SW25092600733,2025-09-26T18:46:43Z,2025-09-26T19:26:27Z,3,2025-09-26T18:14:05Z,2025-09-27T18:15:00Z,1,1,Determined upon crew arrival,PC3 Verifi,OUTAGE,Single Customer,WWS,NORMAL,42.2984,-83.37994
SW25092600742,2025-09-26T18:46:43Z,2025-09-26T19:51:22Z,5,2025-09-26T13:39:40Z,2025-09-27T18:20:00Z,1,1,Determined upon crew arrival,In Progres,OUTAGE,Single Customer,ANN,NORMAL,42.24165,-83.61228
SW25092600746,2025-09-26T18:46:43Z,2025-09-26T19:14:57Z,2,2025-09-26T18:22:13Z,2025-09-27T18:25:00Z,1,1,Determined upon crew arrival,In Progres,OUTAGE,Service Secondary,ANN,NORMAL,42.23295,-83.59311
SW25092600748,2025-09-26T18:46:43Z,2025-09-26T22:51:22Z,14,2025-09-26T18:22:13Z,2025-09-26T22:55:00Z,18,18,Determined upon crew arrival,In Progres,OUTAGE,Service Transformer,ANN,NORMAL,42.23295,-83.59311
SW25092600754,2025-09-26T18:46:43Z,2025-09-26T19:14:57Z,2,2025-09-26T18:22:13Z,2025-09-27T18:30:00Z,1,1,Determined upon crew arrival,In Progres,OUTAGE,Single Customer,ANN,NORMAL,42.23369,-83.59266
NE25092600756,2025-09-26T19:14:57Z,2025-09-26T19:38:55Z,3,2025-09-26T18:30:50Z,2025-09-27T18:30:00Z,1,1,Determined upon crew arrival,In Progres,OUTAGE,Single Customer,NAE,NORMAL,43.66789,-83.57084
NW25092600759,2025-09-26T19:14:57Z,2025-09-26T23:51:22Z,16,2025-09-26T18:22:27Z,2025-09-27T03:00:00Z,14,14,Equipment problem,In Progres,OUTAGE,Service Transformer,PON,NORMAL,42.61464,-83.42578
NW25092600760,2025-09-26T19:14:57Z,2025-09-26T21:16:27Z,8,2025-09-26T18:32:07Z,2025-09-26T23:00:00Z,15,15,Equipment problem,In Progres,OUTAGE,Service Transformer,PON,NORMAL,42.67439,-83.33688
NW25092600773,2025-09-26T19:14:57Z,2025-09-26T21:51:03Z,10,2025-09-26T18:43:07Z,2025-09-27T18:45:00Z,1,1,Determined upon crew arrival,In Progres,OUTAGE,Single Customer,PON,NORMAL,42.60311,-83.40578
SE25092600761,2025-09-26T19:14:57Z,2025-09-26T19:26:27Z,2,2025-09-26T18:31:58Z,2025-09-27T18:30:00Z,1,1,Determined upon crew arrival,In Progres,OUTAGE,Single Customer,CAN,NORMAL,42.40394,-83.13615
SE25092600762,2025-09-26T19:14:57Z,2025-09-26T20:20:35Z,5,2025-09-26T18:24:25Z,2025-09-26T23:05:00Z,3,3,Public Interference w/DTE equip,In Progres,OUTAGE,Service Transformer,RFD,NORMAL,42.37148,-83.28632
SE25092600766,2025-09-26T19:14:57Z,2025-09-27T15:50:51Z,56,2025-09-26T12:09:18Z,2025-09-27T18:40:00Z,1,1,Determined upon crew arrival,In Progres,OUTAGE,Single Customer,CAN,NORMAL,42.38578,-83.12233
SE25092600767,2025-09-26T19:14:57Z,2025-09-26T19:51:22Z,4,2025-09-26T18:29:06Z,2025-09-26T23:10:00Z,16,16,Determined upon crew arrival,In Progres,OUTAGE,Service Transformer,CAN,NORMAL,42.44641,-83.00071
SE25092600772,2025-09-26T19:14:57Z,2025-09-26T19:26:27Z,2,2025-09-26T18:42:34Z,2025-09-27T18:45:00Z,1,1,Determined upon crew arrival,In Progres,OUTAGE,Single Customer,RFD,NORMAL,42.45582,-83.14705
SE25092600779,2025-09-26T19:14:57Z,2025-09-26T19:51:22Z,4,2025-09-26T18:49:56Z,2025-09-27T18:50:00Z,1,1,Determined upon crew arrival,In Progres,OUTAGE,Service Secondary,CAN,NORMAL,42.44637,-82.99953
SE25092600781,2025-09-26T19:14:57Z,2025-09-26T19:51:22Z,4,2025-09-26T18:50:01Z,2025-09-27T18:50:00Z,1,1,Determined upon crew arrival,In Progres,OUTAGE,Single Customer,CAN,NORMAL,42.44574,-83.00066
SE25092600784,2025-09-26T19:14:57Z,2025-09-27T01:22:30Z,17,2025-09-26T18:50:29Z,2025-09-27T18:50:00Z,1,1,Determined upon crew arrival,In Progres,OUTAGE,Single Customer,RFD,NORMAL,42.43344,-83.18341
SE25092600791,2025-09-26T19:14:57Z,2025-09-27T01:22:30Z,17,2025-09-26T17:59:18Z,2025-09-27T18:55:00Z,1,1,Equipment problem,In Progres,OUTAGE,Single Customer,RFD,NORMAL,42.45642,-83.20021
SW25092600755,2025-09-26T19:14:57Z,2025-09-26T19:38:55Z,3,2025-09-26T18:30:18Z,2025-09-27T18:30:00Z,1,1,Determined upon crew arrival,In Progres,OUTAGE,Single Customer,WWS,NORMAL,42.29239,-83.36581
SW25092600782,2025-09-26T19:14:57Z,2025-09-26T20:39:42Z,6,2025-09-26T18:50:06Z,2025-09-27T18:50:00Z,1,1,Determined upon crew arrival,In Progres,OUTAGE,Single Customer,WWS,NORMAL,42.27479,-83.38336
SW25092600783,2025-09-26T19:14:57Z,2025-09-26T19:26:27Z,2,2025-09-26T18:50:10Z,2025-09-27T18:50:00Z,1,1,Determined upon crew arrival,PC3 Verifi,OUTAGE,Single Customer,WWS,NORMAL,42.28822,-83.31461
SW25092600788,2025-09-26T19:14:57Z,2025-09-26T19:14:57Z,1,2025-09-26T14:26:04Z,2025-09-26T23:25:00Z,63,63,Determined upon crew arrival,New,OUTAGE,Device (I),WWS,NORMAL,42.3289,-83.38026
SW25092600790,2025-09-26T19:14:57Z,2025-09-26T19:38:55Z,3,2025-09-26T18:56:41Z,2025-09-27T18:55:00Z,1,1,Determined upon crew arrival,New,OUTAGE,Single Customer,WWS,NORMAL,42.34711,-83.43759
SW25092600796,2025-09-26T19:14:57Z,2025-09-26T21:16:27Z,8,2025-09-26T19:00:01Z,2025-09-27T19:00:00Z,1,1,Determined upon crew arrival,In Progres,OUTAGE,Single Customer,ANN,NORMAL,42.08894,-83.67904
NE25092600806,2025-09-26T19:26:27Z,2025-09-26T23:37:13Z,14,2025-09-26T19:08:49Z,2025-09-26T23:40:00Z,5,5,Determined upon crew arrival,In Progres,OUTAGE,Service Transformer,NAE,NORMAL,43.4832,-83.41643
NW25092600801,2025-09-26T19:26:27Z,2025-09-26T21:51:03Z,9,2025-09-26T18:09:35Z,2025-09-27T19:00:00Z,1,1,Equipment problem,In Progres,OUTAGE,Single Customer,SBY,NORMAL,42.56382,-83.06203
NW25092600812,2025-09-26T19:26:27Z,2025-09-26T21:16:27Z,7,2025-09-26T19:11:42Z,2025-09-27T19:10:00Z,1,1,Animal/bird damaged DTE equip,In Progres,OUTAGE,Single Customer,HWL,NORMAL,42.57348,-83.81131
SE25092600803,2025-09-26T19:26:27Z,2025-09-26T23:17:15Z,13,2025-09-26T19:07:40Z,2025-09-27T19:10:00Z,1,1,Equipment problem,In Progres,OUTAGE,Single Customer,RFD,NORMAL,42.49289,-83.13887
SE25092600807,2025-09-26T19:26:27Z,2025-09-26T21:16:27Z,7,2025-09-26T17:49:31Z,2025-09-27T19:10:00Z,1,1,Equipment problem,In Progres,OUTAGE,Single Customer,RFD,NORMAL,42.41276,-83.24364
SW25092600802,2025-09-26T19:26:27Z,2025-09-26T19:51:22Z,3,2025-09-26T19:05:40Z,2025-09-27T19:05:00Z,1,1,Determined upon crew arrival,PC3 Verifi,OUTAGE,Single Customer,WWS,NORMAL,42.29539,-83.33801
SW25092600805,2025-09-26T19:26:27Z,2025-09-26T19:26:27Z,1,2025-09-26T19:08:46Z,2025-09-27T19:10:00Z,701,701,Determined upon crew arrival,New,OUTAGE,Circuit Level,WWS,NORMAL,42.28194,-83.31703
NE25092600821,2025-09-26T19:38:55Z,2025-09-26T19:51:22Z,2,2025-09-26T19:25:13Z,2025-09-27T19:25:00Z,1,1,Determined upon crew arrival,New,OUTAGE,Single Customer,LAP,NORMAL,43.02954,-83.32143
NE25092600825,2025-09-26T19:38:55Z,2025-09-26T19:38:55Z,1,2025-09-26T19:28:34Z,,1,1,Determined upon crew arrival,New,OUTAGE,Single Customer,MAR,NORMAL,42.8693,-82.55514
SE25092600816,2025-09-26T19:38:55Z,2025-09-26T19:51:22Z,2,2025-09-26T16:42:28Z,2025-09-27T19:15:00Z,1,1,Determined upon crew arrival,New,OUTAGE,Single Customer,CAN,NORMAL,42.37562,-83.04016
SW25092600817,2025-09-26T19:38:55Z,2025-09-26T20:51:16Z,5,2025-09-26T19:12:07Z,2025-09-26T23:45:00Z,39,39,Determined upon crew arrival,In Progres,OUTAGE,Device (I),WWS,NORMAL,42.46099,-83.3547
SW25092600818,2025-09-26T19:38:55Z,2025-09-26T19:51:22Z,2,2025-09-26T19:21:43Z,2025-09-27T19:20:00Z,1,1,Determined upon crew arrival,New,OUTAGE,Single Customer,WWS,NORMAL,42.27961,-83.31751
SW25092600823,2025-09-26T19:38:55Z,2025-09-26T19:51:22Z,2,2025-09-26T19:26:09Z,2025-09-27T19:25:00Z,1,1,Determined upon crew arrival,New,OUTAGE,Single Customer,WWS,NORMAL,42.27184,-83.3371
NE25092600832,2025-09-26T19:51:22Z,2025-09-27T09:51:14Z,35,2025-09-26T19:31:47Z,2025-09-27T19:30:00Z,1,1,Equipment problem,In Progres,OUTAGE,Single Customer,MAR,NORMAL,42.86685,-82.5554
NW25092600849,2025-09-26T19:51:22Z,2025-09-26T19:51:22Z,1,2025-09-26T19:43:55Z,,1,1,Determined upon crew arrival,New,OUTAGE,Single Customer,PON,NORMAL,42.61347,-83.42573
SW25092600846,2025-09-26T19:51:22Z,2025-09-26T19:51:22Z,1,2025-09-26T19:40:44Z,2025-09-27T19:40:00Z,1,1,Determined upon crew arrival,New,OUTAGE,Single Customer,WWS,NORMAL,42.26954,-83.3311
SW25092600850,2025-09-26T19:51:22Z,2025-09-28T15:16:28Z,115,2025-09-26T19:44:51Z,2025-09-28T16:15:00Z,1,1,Determined upon crew arrival,In Progres,PRIORITY,,WWS,NORMAL,42.4957,-83.39301
NE25092600853,2025-09-26T20:20:35Z,2025-09-26T23:37:13Z,11,2025-09-26T19:47:02Z,2025-09-27T19:45:00Z,1,1,Wind damage,In Progres,OUTAGE,Single Customer,MAR,NORMAL,43.15916,-82.93241
SE25092600863,2025-09-26T20:20:35Z,2025-09-27T06:25:46Z,24,2025-09-26T18:50:44Z,2025-09-27T20:00:00Z,1,1,Determined upon crew arrival,In Progres,OUTAGE,Single Customer,CAN,NORMAL,42.44641,-83.00071
SW25092600859,2025-09-26T20:20:35Z,2025-09-26T20:20:35Z,1,2025-09-26T19:54:47Z,2025-09-27T00:25:00Z,1,1,Determined upon crew arrival,PC3 Verifi,PRIORITY,,WWS,NORMAL,42.28596,-83.33492
SW25092600864,2025-09-26T20:20:35Z,2025-09-26T22:17:18Z,7,2025-09-26T19:58:51Z,2025-09-27T20:00:00Z,1,1,Determined upon crew arrival,In Progres,OUTAGE,Single Customer,WWS,NORMAL,42.24288,-83.41637
SW25092600873,2025-09-26T20:20:35Z,2025-09-26T21:16:27Z,4,2025-09-26T19:57:51Z,2025-09-27T00:40:00Z,4,4,Determined upon crew arrival,In Progres,OUTAGE,Service Transformer,NPT,NORMAL,42.09419,-83.2607
SW25092600874,2025-09-26T20:20:35Z,2025-09-27T14:15:46Z,47,2025-09-26T20:12:48Z,2025-09-27T20:15:00Z,1,1,Equipment problem,In Progres,OUTAGE,Single Customer,WWS,NORMAL,42.37841,-83.47863
SE25092600886,2025-09-26T20:39:42Z,2025-09-27T02:39:37Z,13,2025-09-26T20:23:26Z,2025-09-27T20:25:00Z,1,1,Equipment problem,In Progres,OUTAGE,Single Customer,RFD,NORMAL,42.41104,-83.23727
SE25092600891,2025-09-26T20:39:42Z,2025-09-26T23:37:13Z,10,2025-09-26T20:26:55Z,2025-09-27T20:25:00Z,1,1,Equipment problem,In Progres,OUTAGE,Single Customer,RFD,NORMAL,42.49061,-83.16214
SW25092600875,2025-09-26T20:39:42Z,2025-09-26T23:51:22Z,11,2025-09-26T13:39:40Z,2025-09-27T20:15:00Z,1,1,Determined upon crew arrival,In Progres,OUTAGE,Single Customer,ANN,NORMAL,42.24165,-83.61228
SW25092600897,2025-09-26T20:51:16Z,2025-09-26T23:17:15Z,8,2025-09-26T20:31:49Z,2025-09-27T20:30:00Z,1,1,Equipment problem,In Progres,OUTAGE,Single Customer,WWS,NORMAL,42.26416,-83.29247
SW25092600900,2025-09-26T20:51:16Z,2025-09-26T22:17:18Z,5,2025-09-26T17:24:13Z,2025-09-27T20:35:00Z,1,1,Determined upon crew arrival,Pending,OUTAGE,Single Customer,WWS,NORMAL,42.28557,-83.32104
SW25092600902,2025-09-26T20:51:16Z,2025-09-27T03:17:56Z,13,2025-09-26T20:36:45Z,2025-09-27T20:35:00Z,1,1,Equipment problem,In Progres,OUTAGE,Single Customer,WWS,NORMAL,42.46844,-83.47594
NE25092600917,2025-09-26T21:16:27Z,2025-09-27T04:41:29Z,16,2025-09-26T20:49:08Z,2025-09-27T20:50:00Z,1,1,Determined upon crew arrival,In Progres,OUTAGE,Single Customer,MTC,NORMAL,42.70095,-82.75262
SE25092600915,2025-09-26T21:16:27Z,2025-09-26T23:37:13Z,8,2025-09-26T20:48:49Z,2025-09-27T20:50:00Z,1,1,Equipment problem,In Progres,OUTAGE,Single Customer,RFD,NORMAL,42.38167,-83.14195
SW25092600918,2025-09-26T21:16:27Z,2025-09-26T23:37:13Z,8,2025-09-26T20:25:51Z,2025-09-27T20:50:00Z,1,1,Equipment problem,In Progres,OUTAGE,Single Customer,ANN,NORMAL,42.23421,-83.67931
SW25092600929,2025-09-26T21:37:16Z,2025-09-26T22:17:18Z,3,2025-09-26T21:15:59Z,2025-09-27T01:50:00Z,210,210,Determined upon crew arrival,In Progres,OUTAGE,Device (II),WWS,NORMAL,42.34457,-83.34891
SW25092600933,2025-09-26T21:37:16Z,2025-09-26T22:38:34Z,4,2025-09-26T21:16:02Z,2025-09-27T21:20:00Z,1,1,Determined upon crew arrival,In Progres,OUTAGE,Single Customer,WWS,NORMAL,42.3473,-83.34855
SW25092600939,2025-09-26T21:37:16Z,2025-09-26T23:17:15Z,6,2025-09-26T21:27:32Z,2025-09-27T21:30:00Z,1,1,Equipment problem,PC3 Verifi,OUTAGE,Single Customer,WWS,NORMAL,42.34279,-83.3492
NW25092600949,2025-09-26T21:51:03Z,2025-09-26T22:51:22Z,4,2025-09-26T19:33:07Z,2025-09-27T02:15:00Z,15,15,Equipment problem,In Progres,OUTAGE,Service Transformer,PON,NORMAL,42.67439,-83.33688
NW25092600961,2025-09-26T22:17:18Z,2025-09-26T23:37:13Z,5,2025-09-26T21:57:28Z,2025-09-27T22:00:00Z,1,1,Equipment problem,In Progres,OUTAGE,Single Customer,HWL,NORMAL,42.67314,-84.25822
NE25092600963,2025-09-26T22:38:34Z,2025-09-27T03:44:23Z,9,2025-09-26T22:00:23Z,2025-09-27T22:00:00Z,1,1,Meter Issue,In Progres,SERVICE DOWN NO,,MTC,NORMAL,42.64684,-82.97026
NW25092600972,2025-09-26T22:38:34Z,2025-09-27T13:03:22Z,36,2025-09-26T22:10:17Z,2025-09-27T22:10:00Z,1,1,Determined upon crew arrival,In Progres,OUTAGE,Single Customer,PON,NORMAL,42.64138,-83.39797
NW25092600975,2025-09-26T22:38:34Z,2025-09-26T22:38:34Z,1,2025-09-26T22:17:06Z,2025-09-27T22:15:00Z,1,1,Determined upon crew arrival,New,OUTAGE,Single Customer,PON,NORMAL,42.65023,-83.39168
NW25092600978,2025-09-26T22:38:34Z,2025-09-26T23:51:22Z,5,2025-09-26T22:22:24Z,2025-09-27T02:50:00Z,1,1,Determined upon crew arrival,In Progres,PRIORITY,,PON,NORMAL,42.645,-83.41922
SE25092600965,2025-09-26T22:38:34Z,2025-09-26T22:38:34Z,1,2025-09-26T21:24:11Z,2025-09-27T22:00:00Z,1,1,Determined upon crew arrival,New,OUTAGE,Single Customer,RFD,NORMAL,42.33217,-83.14723
SE25092600969,2025-09-26T22:38:34Z,2025-09-27T18:43:53Z,54,2025-09-26T22:09:49Z,2025-09-27T22:10:00Z,1,1,Determined upon crew arrival,In Progres,OUTAGE,Single Customer,CAN,NORMAL,42.4028,-82.91259
SE25092600979,2025-09-26T22:38:34Z,2025-09-26T22:38:34Z,1,2025-09-26T15:26:55Z,2025-09-27T22:25:00Z,1,1,Determined upon crew arrival,New,OUTAGE,Single Customer,CAN,NORMAL,42.32817,-83.10795
SW25092600966,2025-09-26T22:38:34Z,2025-09-26T23:17:15Z,3,2025-09-26T22:02:14Z,2025-09-27T22:00:00Z,1,1,Equipment problem,New,OUTAGE,Single Customer,WWS,NORMAL,42.49463,-83.46078
SE25092600984,2025-09-26T22:51:22Z,2025-09-26T23:51:22Z,4,2025-09-26T22:37:09Z,2025-09-27T03:10:00Z,11,11,Determined upon crew arrival,In Progres,OUTAGE,Service Transformer,RFD,NORMAL,42.32929,-83.27057
SE25092600985,2025-09-26T22:51:22Z,2025-09-26T23:51:22Z,4,2025-09-25T19:57:16Z,2025-09-27T03:10:00Z,17,17,Determined upon crew arrival,In Progres,OUTAGE,Service Transformer,RFD,NORMAL,42.33049,-83.27061
SW25092600981,2025-09-26T22:51:22Z,2025-09-26T23:51:22Z,4,2025-09-26T22:34:28Z,2025-09-27T22:35:00Z,1,1,Equipment problem,PC3 Verifi,OUTAGE,Single Customer,WWS,NORMAL,42.47411,-83.41885
NE25092600986,2025-09-26T23:17:15Z,2025-09-27T01:22:30Z,4,2025-09-26T22:38:27Z,2025-09-27T03:15:00Z,8,8,Determined upon crew arrival,Pending,OUTAGE,Service Transformer,NAE,NORMAL,43.41511,-82.82865
NE25092601003,2025-09-26T23:37:13Z,2025-09-26T23:51:22Z,2,2025-09-26T23:20:53Z,2025-09-27T23:20:00Z,1,1,Determined upon crew arrival,New,OUTAGE,Single Customer,NAE,NORMAL,43.41474,-82.82865
NE25092601004,2025-09-26T23:37:13Z,2025-09-26T23:37:13Z,1,2025-09-26T23:24:48Z,2025-09-27T23:25:00Z,1,1,Determined upon crew arrival,New,OUTAGE,Single Customer,NAE,NORMAL,43.45056,-83.62072
NE25092601005,2025-09-26T23:37:13Z,2025-09-26T23:37:13Z,1,2025-09-26T23:24:48Z,2025-09-27T23:25:00Z,1,1,Determined upon crew arrival,New,OUTAGE,Single Customer,NAE,NORMAL,43.44494,-83.66125
NE25092601006,2025-09-26T23:37:13Z,2025-09-26T23:37:13Z,1,2025-09-26T23:24:53Z,2025-09-27T23:25:00Z,1,1,Determined upon crew arrival,New,OUTAGE,Single Customer,NAE,NORMAL,43.42512,-83.65946
NE25092601007,2025-09-26T23:37:13Z,2025-09-26T23:37:13Z,1,2025-09-26T23:24:58Z,2025-09-27T23:25:00Z,2,2,Determined upon crew arrival,New,OUTAGE,Service Transformer,NAE,NORMAL,43.44302,-83.66076
NE25092601008,2025-09-26T23:37:13Z,2025-09-26T23:37:13Z,1,2025-09-26T23:24:58Z,2025-09-27T23:25:00Z,1,1,Determined upon crew arrival,New,OUTAGE,Single Customer,NAE,NORMAL,43.41752,-83.61937
NE25092601009,2025-09-26T23:37:13Z,2025-09-26T23:37:13Z,1,2025-09-26T23:25:05Z,2025-09-27T23:25:00Z,1,1,Determined upon crew arrival,New,OUTAGE,Single Customer,NAE,NORMAL,43.45088,-83.66033
NE25092601010,2025-09-26T23:37:13Z,2025-09-26T23:37:13Z,1,2025-09-26T23:25:17Z,2025-09-27T23:25:00Z,1,1,Determined upon crew arrival,New,OUTAGE,Single Customer,NAE,NORMAL,43.45065,-83.61693
NE25092601011,2025-09-26T23:37:13Z,2025-09-26T23:37:13Z,1,2025-09-26T23:26:14Z,2025-09-27T23:25:00Z,1,1,Determined upon crew arrival,New,OUTAGE,Single Customer,NAE,NORMAL,43.42265,-83.64023
NE25092601012,2025-09-26T23:37:13Z,2025-09-26T23:37:13Z,1,2025-09-26T23:26:24Z,2025-09-27T23:25:00Z,1,1,Determined upon crew arrival,New,OUTAGE,Single Customer,NAE,NORMAL,43.45064,-83.61952
NE25092601013,2025-09-26T23:37:13Z,2025-09-26T23:37:13Z,1,2025-09-26T23:26:43Z,2025-09-27T23:25:00Z,2,2,Determined upon crew arrival,New,OUTAGE,Service Transformer,NAE,NORMAL,43.45173,-83.62526
NE25092601014,2025-09-26T23:37:13Z,2025-09-26T23:37:13Z,1,2025-09-26T23:27:05Z,,1,1,Determined upon crew arrival,New,OUTAGE,Single Customer,NAE,NORMAL,43.45023,-83.65643
NE25092601015,2025-09-26T23:37:13Z,2025-09-26T23:37:13Z,1,2025-09-26T23:27:38Z,,1,1,Determined upon crew arrival,New,OUTAGE,Single Customer,NAE,NORMAL,43.4516,-83.66037
NE25092601017,2025-09-26T23:37:13Z,2025-09-26T23:37:13Z,1,2025-09-26T23:28:22Z,,1,1,Determined upon crew arrival,New,OUTAGE,Single Customer,NAE,NORMAL,43.42253,-83.65743
NE25092601018,2025-09-26T23:37:13Z,2025-09-26T23:37:13Z,1,2025-09-26T23:28:32Z,,1,1,Determined upon crew arrival,New,OUTAGE,Single Customer,NAE,NORMAL,43.45083,-83.63415
NE25092601020,2025-09-26T23:37:13Z,2025-09-26T23:37:13Z,1,2025-09-26T23:28:54Z,,1,1,Determined upon crew arrival,New,OUTAGE,Single Customer,NAE,NORMAL,43.45023,-83.66014
NE25092601021,2025-09-26T23:37:13Z,2025-09-26T23:37:13Z,1,2025-09-26T23:29:29Z,,1,1,Determined upon crew arrival,New,OUTAGE,Single Customer,NAE,NORMAL,43.44114,-83.66058
NW25092600998,2025-09-26T23:37:13Z,2025-09-27T04:41:29Z,9,2025-09-26T23:07:36Z,2025-09-27T23:10:00Z,1,1,Equipment problem,In Progres,OUTAGE,Single Customer,SBY,NORMAL,42.57815,-83.00396
SW25092600991,2025-09-26T23:37:13Z,2025-09-27T04:41:29Z,8,2025-09-26T23:02:25Z,2025-09-27T07:30:00Z,1,1,Determined upon crew arrival,In Progres,PRIORITY,,WWS,NORMAL,42.40417,-83.45272
NE25092601022,2025-09-26T23:51:22Z,2025-09-26T23:51:22Z,1,2025-09-26T23:30:26Z,2025-09-27T23:30:00Z,1,1,Determined upon crew arrival,New,OUTAGE,Single Customer,MAR,NORMAL,42.99942,-82.48401
NE25092601032,2025-09-26T23:51:22Z,2025-09-27T01:22:30Z,2,2025-09-26T23:21:39Z,2025-09-27T04:05:00Z,118,118,Equipment problem,In Progres,OUTAGE,Device (II),NAE,NORMAL,43.43614,-83.64168
SW25092601023,2025-09-26T23:51:22Z,2025-09-27T01:22:30Z,2,2025-09-26T23:28:05Z,2025-09-27T23:30:00Z,1,1,Equipment problem,In Progres,OUTAGE,Single Customer,WWS,NORMAL,42.27035,-83.33218
NE25092601056,2025-09-27T01:22:30Z,2025-09-27T01:22:30Z,1,2025-09-27T00:16:48Z,2025-09-27T04:45:00Z,46,46,Determined upon crew arrival,In Progres,OUTAGE,Device (I),MTC,NORMAL,42.64715,-82.97217
NE25092601062,2025-09-27T01:22:30Z,2025-09-27T07:51:04Z,17,2025-09-27T00:18:26Z,2025-09-28T00:25:00Z,1,1,Determined upon crew arrival,In Progres,OUTAGE,Single Customer,MTC,NORMAL,42.4891,-82.95108
NW25092601070,2025-09-27T01:22:30Z,2025-09-27T09:17:13Z,20,2025-09-27T00:41:52Z,2025-09-28T00:40:00Z,1,1,Determined upon crew arrival,In Progres,OUTAGE,Single Customer,PON,NORMAL,42.63454,-83.36011
NW25092601074,2025-09-27T01:22:30Z,2025-09-27T01:22:30Z,1,2025-09-27T01:13:24Z,,1,1,Determined upon crew arrival,New,OUTAGE,Single Customer,HWL,NORMAL,42.47222,-83.60976
SE25092601037,2025-09-27T01:22:30Z,2025-09-27T14:15:46Z,35,2025-09-26T16:42:28Z,2025-09-27T23:45:00Z,1,1,Determined upon crew arrival,In Progres,OUTAGE,Single Customer,CAN,NORMAL,42.37562,-83.04016
SE25092601043,2025-09-27T01:22:30Z,2025-09-27T01:22:30Z,1,2025-09-26T15:26:55Z,2025-09-27T04:20:00Z,30,30,Determined upon crew arrival,In Progres,OUTAGE,Service Transformer,CAN,NORMAL,42.32817,-83.10795
SW25092601066,2025-09-27T01:22:30Z,2025-09-27T03:44:23Z,4,2025-09-27T00:36:47Z,2025-09-27T05:10:00Z,38,38,Equipment problem,In Progres,OUTAGE,Device (I),WWS,NORMAL,42.51441,-83.39215
NE25092601087,2025-09-27T02:39:37Z,2025-09-27T22:38:32Z,61,2025-09-27T01:53:54Z,2025-09-28T01:55:00Z,1,1,Determined upon crew arrival,In Progres,OUTAGE,Single Customer,MTC,NORMAL,42.66049,-82.96561
NE25092601094,2025-09-27T02:39:37Z,2025-09-27T06:25:46Z,11,2025-09-27T02:12:56Z,2025-09-28T02:15:00Z,1,1,Equipment problem,In Progres,OUTAGE,Single Customer,LAP,NORMAL,43.23772,-83.539
NW25092601084,2025-09-27T02:39:37Z,2025-09-27T10:17:52Z,22,2025-09-27T01:50:16Z,2025-09-27T10:20:00Z,17,17,Determined upon crew arrival,In Progres,OUTAGE,Device (I),PON,NORMAL,42.60307,-83.21934
NW25092601089,2025-09-27T02:39:37Z,2025-09-27T04:41:29Z,6,2025-09-27T02:00:45Z,2025-09-28T02:00:00Z,1,1,Determined upon crew arrival,In Progres,OUTAGE,Single Customer,PON,NORMAL,42.60099,-83.22053
SE25092601080,2025-09-27T02:39:37Z,2025-09-27T15:16:49Z,37,2025-09-26T16:42:21Z,2025-09-28T01:35:00Z,1,1,Equipment problem,In Progres,OUTAGE,Single Customer,CAN,NORMAL,42.42126,-82.94141
SW25092601081,2025-09-27T02:39:37Z,2025-09-27T13:51:40Z,33,2025-09-27T01:43:37Z,2025-09-28T01:45:00Z,1,1,Determined upon crew arrival,In Progres,OUTAGE,Single Customer,WWS,NORMAL,42.27225,-83.34663
NW25092601104,2025-09-27T03:17:56Z,2025-09-27T15:16:49Z,36,2025-09-27T02:36:40Z,2025-09-28T02:35:00Z,1,1,Equipment problem,In Progres,OUTAGE,Single Customer,PON,NORMAL,42.74768,-83.31191
NW25092601107,2025-09-27T03:17:56Z,2025-09-27T03:17:56Z,1,2025-09-27T02:58:16Z,,892,892,Determined upon crew arrival,New,OUTAGE,Substation,HWL,NORMAL,42.59299,-83.61103
SW25092601106,2025-09-27T03:17:56Z,2025-09-27T05:17:29Z,7,2025-09-27T02:01:36Z,2025-09-28T02:40:00Z,1,1,Determined upon crew arrival,In Progres,OUTAGE,Single Customer,NPT,NORMAL,42.13717,-83.18076
SE25092601113,2025-09-27T03:55:25Z,2025-09-27T11:51:03Z,25,2025-09-27T03:36:19Z,2025-09-28T03:35:00Z,1,1,Equipment problem,In Progres,OUTAGE,Single Customer,RFD,NORMAL,42.42846,-83.18087
SW25092700011,2025-09-27T08:22:05Z,2025-09-27T10:17:52Z,6,2025-09-27T08:09:14Z,2025-09-27T12:40:00Z,73,73,Equipment problem,In Progres,OUTAGE,Device (I),WWS,NORMAL,42.21371,-83.26322
SE25092700014,2025-09-27T09:37:09Z,2025-09-27T17:40:15Z,26,2025-09-27T09:20:22Z,2025-09-27T17:50:00Z,1,1,Energy theft,In Progres,PRIORITY,,RFD,NORMAL,42.27657,-83.27129
NE25092700017,2025-09-27T10:17:52Z,2025-09-27T11:14:04Z,4,2025-09-26T19:31:47Z,2025-09-28T09:50:00Z,1,1,Determined upon crew arrival,PC3 Verifi,OUTAGE,Single Customer,MAR,NORMAL,42.86685,-82.5554
SE25092700018,2025-09-27T10:39:00Z,2025-09-27T19:14:03Z,28,2025-09-27T10:10:01Z,2025-09-28T10:10:00Z,1,1,Determined upon crew arrival,In Progres,OUTAGE,Single Customer,CAN,NORMAL,42.44641,-83.00071
SE25092700021,2025-09-27T11:14:04Z,2025-09-27T16:21:00Z,16,2025-09-27T10:55:44Z,2025-09-28T10:55:00Z,1,1,Determined upon crew arrival,In Progres,OUTAGE,Single Customer,RFD,NORMAL,42.34627,-83.25584
SW25092700020,2025-09-27T11:14:04Z,2025-09-27T15:16:49Z,13,2025-09-27T10:55:08Z,2025-09-28T10:55:00Z,1,1,Determined upon crew arrival,In Progres,OUTAGE,Single Customer,ANN,NORMAL,42.20551,-83.59387
NW25092700023,2025-09-27T11:37:36Z,2025-09-27T14:15:46Z,8,2025-09-26T15:37:50Z,2025-09-28T11:30:00Z,1,1,Determined upon crew arrival,In Progres,OUTAGE,Single Customer,PON,NORMAL,42.58816,-83.53501
NW25092700032,2025-09-27T12:35:42Z,2025-09-27T14:37:37Z,7,2025-09-27T12:15:26Z,2025-09-27T16:45:00Z,36,36,Equipment problem,In Progres,OUTAGE,Device (I),PON,NORMAL,42.62656,-83.39829
NW25092700034,2025-09-27T12:35:42Z,2025-09-27T14:15:46Z,6,2025-09-27T12:15:23Z,2025-09-27T16:50:00Z,42,42,Equipment problem,In Progres,OUTAGE,Device (I),PON,NORMAL,42.62841,-83.40026
NW25092700035,2025-09-27T12:35:42Z,2025-09-27T12:35:42Z,1,2025-09-27T12:20:12Z,2025-09-27T16:50:00Z,2,2,Determined upon crew arrival,In Progres,OUTAGE,Service Secondary,PON,NORMAL,42.62833,-83.39956
NW25092700039,2025-09-27T12:35:42Z,2025-09-27T13:29:21Z,3,2025-09-27T12:21:45Z,2025-09-27T17:00:00Z,2,2,Determined upon crew arrival,In Progres,OUTAGE,Service Transformer,HWL,NORMAL,42.6547,-84.24681
SE25092700028,2025-09-27T12:35:42Z,2025-09-27T14:51:33Z,8,2025-09-27T12:08:05Z,2025-09-28T12:10:00Z,1,1,Determined upon crew arrival,In Progres,OUTAGE,Single Customer,CAN,NORMAL,42.39431,-82.93519
SE25092700030,2025-09-27T12:35:42Z,2025-09-27T22:16:59Z,32,2025-09-27T12:14:08Z,2025-09-28T12:15:00Z,1,1,Equipment problem,In Progres,OUTAGE,Single Customer,RFD,NORMAL,42.49459,-83.24378
SE25092700037,2025-09-27T12:35:42Z,2025-09-27T20:19:36Z,26,2025-09-27T12:23:18Z,2025-09-28T12:25:00Z,1,1,Determined upon crew arrival,In Progres,SERVICE DOWN NO,,CAN,NORMAL,42.35819,-82.98725
NE25092700056,2025-09-27T13:29:21Z,2025-09-27T14:15:46Z,4,2025-09-27T12:59:05Z,2025-09-27T17:30:00Z,2,2,Determined upon crew arrival,In Progres,OUTAGE,Service Transformer,MTC,NORMAL,42.45061,-82.98899
NW25092700048,2025-09-27T13:29:21Z,2025-09-27T14:51:33Z,6,2025-09-27T12:47:28Z,2025-09-27T17:20:00Z,8,8,Equipment problem,In Progres,OUTAGE,Service Transformer,PON,NORMAL,42.52992,-83.33511
SE25092700050,2025-09-27T13:29:21Z,2025-09-27T15:50:51Z,9,2025-09-27T12:53:34Z,2025-09-28T12:55:00Z,1,1,Determined upon crew arrival,In Progres,OUTAGE,Single Customer,RFD,NORMAL,42.4448,-83.16953
SE25092700055,2025-09-27T13:29:21Z,2025-09-27T14:15:46Z,4,2025-09-27T12:56:40Z,2025-09-28T12:55:00Z,1,1,Determined upon crew arrival,New,OUTAGE,Single Customer,RFD,NORMAL,42.47325,-83.13567
SW25092700049,2025-09-27T13:29:21Z,2025-09-27T14:51:33Z,6,2025-09-27T12:52:12Z,2025-09-27T17:20:00Z,36,36,Determined upon crew arrival,In Progres,OUTAGE,Service Transformer,ANN,NORMAL,42.24679,-83.58383
SW25092700051,2025-09-27T13:29:21Z,2025-09-27T14:37:37Z,5,2025-09-27T12:54:10Z,2025-09-28T12:55:00Z,1,1,Animal/bird damaged DTE equip,In Progres,OUTAGE,Single Customer,NPT,NORMAL,42.02216,-83.3143
SW25092700058,2025-09-27T13:29:21Z,2025-09-27T13:29:21Z,1,2025-09-27T13:06:04Z,2025-09-27T17:35:00Z,12,12,Determined upon crew arrival,In Progres,OUTAGE,Service Transformer,WWS,NORMAL,42.2964,-83.38305
SW25092700060,2025-09-27T13:29:21Z,2025-09-27T15:16:49Z,7,2025-09-27T13:10:19Z,2025-09-27T17:40:00Z,10,10,Determined upon crew arrival,In Progres,OUTAGE,Service Transformer,WWS,NORMAL,42.35291,-83.31552
SW25092700061,2025-09-27T13:29:21Z,2025-09-27T14:51:33Z,6,2025-09-27T13:09:10Z,2025-09-27T17:40:00Z,165,165,Equipment problem,In Progres,OUTAGE,Device (II),ANN,NORMAL,42.25121,-83.58999
SW25092700062,2025-09-27T13:29:21Z,2025-09-27T13:29:21Z,1,2025-09-27T13:11:08Z,2025-09-28T13:10:00Z,19,19,Determined upon crew arrival,New,OUTAGE,Service Transformer,WWS,NORMAL,42.37149,-83.32977
SW25092700064,2025-09-27T13:29:21Z,2025-09-27T14:51:33Z,6,2025-09-27T13:10:16Z,2025-09-27T17:40:00Z,94,94,Determined upon crew arrival,In Progres,OUTAGE,Device (I),WWS,NORMAL,42.37271,-83.32738
SW25092700065,2025-09-27T13:29:21Z,2025-09-27T15:16:49Z,7,2025-09-27T13:10:54Z,2025-09-27T17:40:00Z,15,15,Determined upon crew arrival,In Progres,OUTAGE,Device (I),WWS,NORMAL,42.35378,-83.3156
SW25092700067,2025-09-27T13:29:21Z,2025-09-27T13:29:21Z,1,2025-09-27T13:12:22Z,,1,1,Determined upon crew arrival,New,OUTAGE,Single Customer,ANN,NORMAL,42.25225,-83.58864
SW25092700069,2025-09-27T13:29:21Z,2025-09-27T13:29:21Z,1,2025-09-27T13:12:56Z,,1,1,Determined upon crew arrival,New,OUTAGE,Single Customer,WWS,NORMAL,42.37052,-83.32974
SW25092700072,2025-09-27T13:29:21Z,2025-09-27T14:51:33Z,6,2025-09-27T13:10:16Z,2025-09-27T17:45:00Z,28,28,Determined upon crew arrival,In Progres,OUTAGE,Device (II),WWS,NORMAL,42.37192,-83.32865
SW25092700073,2025-09-27T13:29:21Z,2025-09-27T14:51:33Z,6,2025-09-27T13:10:54Z,2025-09-27T17:45:00Z,135,135,Determined upon crew arrival,In Progres,OUTAGE,Device (II),WWS,NORMAL,42.35288,-83.31665
NE25092700090,2025-09-27T13:40:31Z,2025-09-27T16:21:00Z,9,2025-09-27T13:22:58Z,2025-09-27T17:55:00Z,44,44,Determined upon crew arrival,In Progres,OUTAGE,Device (I),MTC,NORMAL,42.64408,-82.97191
SE25092700082,2025-09-27T13:40:31Z,2025-09-27T14:37:37Z,4,2025-09-27T13:15:22Z,2025-09-27T17:50:00Z,11,11,Determined upon crew arrival,In Progres,OUTAGE,Service Transformer,CAN,NORMAL,42.43519,-83.00274
SE25092700087,2025-09-27T13:40:31Z,2025-09-27T15:50:51Z,8,2025-09-27T13:23:27Z,2025-09-28T13:25:00Z,1,1,Determined upon crew arrival,In Progres,OUTAGE,Single Customer,CAN,NORMAL,42.40123,-82.98115
SE25092700098,2025-09-27T13:40:31Z,2025-09-27T14:15:46Z,3,2025-09-27T13:29:46Z,2025-09-28T13:30:00Z,1,1,Determined upon crew arrival,In Progres,OUTAGE,Single Customer,CAN,NORMAL,42.38159,-83.12665
SW25092700079,2025-09-27T13:40:31Z,2025-09-27T15:16:49Z,6,2025-09-27T13:14:24Z,2025-09-27T17:50:00Z,9,9,Determined upon crew arrival,In Progres,OUTAGE,Service Transformer,WWS,NORMAL,42.43822,-83.36375
SW25092700081,2025-09-27T13:40:31Z,2025-09-27T14:51:33Z,5,2025-09-27T13:17:38Z,2025-09-27T17:50:00Z,7,7,Determined upon crew arrival,In Progres,OUTAGE,Service Transformer,WWS,NORMAL,42.43864,-83.36492
NW25092700103,2025-09-27T13:51:40Z,2025-09-27T14:37:37Z,3,2025-09-27T13:29:27Z,2025-09-27T18:05:00Z,2,2,Determined upon crew arrival,In Progres,OUTAGE,Service Transformer,HWL,NORMAL,42.5796,-83.76391
SE25092700109,2025-09-27T13:51:40Z,2025-09-27T14:15:46Z,2,2025-09-27T13:43:59Z,2025-09-28T13:45:00Z,1,1,Determined upon crew arrival,In Progres,OUTAGE,Service Secondary,CAN,NORMAL,42.4029,-83.12343
SW25092700101,2025-09-27T13:51:40Z,2025-09-27T15:16:49Z,5,2025-09-27T13:33:56Z,2025-09-27T18:05:00Z,1,1,Determined upon crew arrival,In Progres,PRIORITY,,WWS,NORMAL,42.37208,-83.3309
SW25092700104,2025-09-27T13:51:40Z,2025-09-27T13:51:40Z,1,2025-09-27T13:36:40Z,2025-09-27T18:05:00Z,15,15,Determined upon crew arrival,In Progres,OUTAGE,Service Transformer,WWS,NORMAL,42.35682,-83.32608
SW25092700107,2025-09-27T13:51:40Z,2025-09-27T15:37:14Z,6,2025-09-27T13:40:31Z,2025-09-27T18:10:00Z,1,1,Determined upon crew arrival,PC3 Verifi,PRIORITY,,WWS,NORMAL,42.37075,-83.32877
NE25092700122,2025-09-27T14:15:46Z,2025-09-27T14:37:37Z,2,2025-09-27T13:58:34Z,2025-09-27T18:30:00Z,2,2,Determined upon crew arrival,In Progres,OUTAGE,Service Transformer,LAP,NORMAL,43.17316,-83.34882
SE25092700121,2025-09-27T14:15:46Z,2025-09-27T15:16:49Z,4,2025-09-27T13:56:59Z,2025-09-28T13:55:00Z,1,1,Determined upon crew arrival,PC3 Verifi,OUTAGE,Single Customer,CAN,NORMAL,42.4076,-83.11698
SW25092700111,2025-09-27T14:15:46Z,2025-09-27T15:50:51Z,6,2025-09-27T13:46:57Z,2025-09-27T18:15:00Z,2,2,Determined upon crew arrival,In Progres,OUTAGE,Service Secondary,WWS,NORMAL,42.25694,-83.2365
SW25092700115,2025-09-27T14:15:46Z,2025-09-27T14:15:46Z,1,2025-09-26T23:28:05Z,2025-09-28T13:50:00Z,1,1,Determined upon crew arrival,New,OUTAGE,Single Customer,WWS,NORMAL,42.27035,-83.33218
SW25092700123,2025-09-27T14:15:46Z,2025-09-27T15:16:49Z,4,2025-09-27T13:59:19Z,2025-09-27T18:30:00Z,37,37,Determined upon crew arrival,In Progres,OUTAGE,Device (I),WWS,NORMAL,42.33144,-83.3706
SE25092700129,2025-09-27T14:37:37Z,2025-09-27T18:43:53Z,14,2025-09-27T14:04:07Z,2025-09-28T14:05:00Z,1,1,Equipment problem,In Progres,OUTAGE,Single Customer,RFD,NORMAL,42.43344,-83.18341
SE25092700140,2025-09-27T14:37:37Z,2025-09-27T15:37:14Z,4,2025-09-27T14:12:20Z,2025-09-27T18:40:00Z,57,57,Determined upon crew arrival,In Progres,OUTAGE,Device (I),CAN,NORMAL,42.40357,-83.13963
SE25092700142,2025-09-27T14:37:37Z,2025-09-27T16:21:00Z,6,2025-09-27T14:16:55Z,2025-09-28T14:15:00Z,1,1,Determined upon crew arrival,In Progres,OUTAGE,Single Customer,CAN,NORMAL,42.44683,-82.98605
SE25092700144,2025-09-27T14:37:37Z,2025-09-27T14:51:33Z,2,2025-09-27T14:18:55Z,2025-09-28T14:20:00Z,1,1,Determined upon crew arrival,In Progres,OUTAGE,Single Customer,CAN,NORMAL,42.37721,-83.13183
SE25092700148,2025-09-27T14:37:37Z,2025-09-27T23:51:24Z,31,2025-09-27T13:54:06Z,2025-09-28T14:25:00Z,1,1,Determined upon crew arrival,In Progres,OUTAGE,Single Customer,CAN,NORMAL,42.3385,-83.10241
SE25092700151,2025-09-27T14:37:37Z,2025-09-27T15:37:14Z,4,2025-09-27T14:27:06Z,2025-09-27T19:00:00Z,30,30,Determined upon crew arrival,In Progres,OUTAGE,Service Transformer,RFD,NORMAL,42.35025,-83.1861
SW25092700150,2025-09-27T14:37:37Z,2025-09-27T15:50:51Z,5,2025-09-27T14:27:17Z,2025-09-27T18:55:00Z,18,18,Determined upon crew arrival,In Progres,OUTAGE,Service Transformer,ANN,NORMAL,42.25549,-83.58275
NW25092700159,2025-09-27T14:51:33Z,2025-09-27T17:29:05Z,9,2025-09-27T14:42:35Z,2025-09-28T14:45:00Z,1,1,Determined upon crew arrival,In Progres,OUTAGE,Single Customer,PON,NORMAL,42.67476,-83.28985
NW25092700160,2025-09-27T14:51:33Z,2025-09-27T17:29:05Z,9,2025-09-27T14:43:25Z,2025-09-28T14:45:00Z,1,1,Determined upon crew arrival,In Progres,OUTAGE,Single Customer,SBY,NORMAL,42.55445,-82.97469
NE25092700161,2025-09-27T15:16:49Z,2025-09-27T15:16:49Z,1,2025-09-27T14:45:54Z,2025-09-28T14:45:00Z,1,1,Determined upon crew arrival,In Progres,OUTAGE,Single Customer,NAE,NORMAL,43.44296,-82.83267
NE25092700166,2025-09-27T15:16:49Z,2025-09-27T17:51:20Z,10,2025-09-27T14:53:45Z,2025-09-28T14:55:00Z,1,1,Problem with the customer equip,In Progres,OUTAGE,Single Customer,LAP,NORMAL,42.81026,-83.24991
NW25092700162,2025-09-27T15:16:49Z,2025-09-27T16:21:00Z,4,2025-09-27T14:46:31Z,2025-09-27T19:20:00Z,112,112,Public Interference w/DTE equip,In Progres,OUTAGE,Device (II),HWL,NORMAL,42.63043,-83.76403
NW25092700164,2025-09-27T15:16:49Z,2025-09-27T15:16:49Z,1,2025-09-27T14:50:44Z,2025-09-28T14:50:00Z,1,1,Determined upon crew arrival,In Progres,OUTAGE,Single Customer,PON,NORMAL,42.66116,-83.30271
NW25092700165,2025-09-27T15:16:49Z,2025-09-27T18:54:37Z,13,2025-09-27T14:48:34Z,2025-09-28T14:50:00Z,1,1,Equipment problem,In Progres,OUTAGE,Single Customer,PON,NORMAL,42.67601,-83.28892
NW25092700167,2025-09-27T15:16:49Z,2025-09-27T16:21:00Z,4,2025-09-27T14:46:31Z,2025-09-27T19:25:00Z,23,23,Public Interference w/DTE equip,In Progres,OUTAGE,Service Transformer,HWL,NORMAL,42.62895,-83.76488
NE25092700176,2025-09-27T15:37:14Z,2025-09-27T15:50:51Z,2,2025-09-27T15:06:47Z,2025-09-28T15:05:00Z,1,1,Determined upon crew arrival,In Progres,OUTAGE,Single Customer,NAE,NORMAL,43.49152,-83.40565
NW25092700169,2025-09-27T15:37:14Z,2025-09-27T17:29:05Z,7,2025-09-27T15:00:52Z,2025-09-27T19:30:00Z,2,2,Equipment problem,In Progres,OUTAGE,Service Secondary,PON,NORMAL,42.55511,-83.15122
NW25092700170,2025-09-27T15:37:14Z,2025-09-27T15:50:51Z,2,2025-09-27T15:00:57Z,2025-09-27T19:30:00Z,325,325,Animal/bird damaged DTE equip,In Progres,OUTAGE,Device (II),PON,NORMAL,42.63238,-83.33007
NW25092700174,2025-09-27T15:37:14Z,2025-09-27T18:43:53Z,11,2025-09-27T15:01:07Z,2025-09-28T15:05:00Z,1,1,Equipment problem,In Progres,OUTAGE,Single Customer,PON,NORMAL,42.63453,-83.32859
NW25092700179,2025-09-27T15:37:14Z,2025-09-27T16:52:00Z,5,2025-09-27T15:10:58Z,2025-09-27T19:40:00Z,20,20,Determined upon crew arrival,In Progres,OUTAGE,Service Transformer,PON,NORMAL,42.66194,-83.3073
SE25092700173,2025-09-27T15:37:14Z,2025-09-27T15:37:14Z,1,2025-09-27T15:03:09Z,2025-09-28T15:05:00Z,1,1,Determined upon crew arrival,In Progres,OUTAGE,Service Secondary,RFD,NORMAL,42.43538,-83.30992
SE25092700181,2025-09-27T15:37:14Z,2025-09-27T16:41:09Z,4,2025-09-27T15:14:57Z,2025-09-28T15:15:00Z,1,1,Determined upon crew arrival,In Progres,OUTAGE,Service Secondary,CAN,NORMAL,42.40768,-83.12311
SE25092700182,2025-09-27T15:37:14Z,2025-09-27T16:52:00Z,5,2025-09-27T15:17:25Z,2025-09-28T15:15:00Z,1,1,Determined upon crew arrival,In Progres,OUTAGE,Single Customer,CAN,NORMAL,42.3883,-83.13879
SW25092700180,2025-09-27T15:37:14Z,2025-09-27T16:52:00Z,5,2025-09-27T15:11:36Z,2025-09-27T19:40:00Z,2,2,Determined upon crew arrival,In Progres,OUTAGE,Service Transformer,NPT,NORMAL,42.06736,-83.22553
SW25092700183,2025-09-27T15:37:14Z,2025-09-27T15:50:51Z,2,2025-09-27T15:22:01Z,2025-09-27T19:50:00Z,4,4,Determined upon crew arrival,In Progres,OUTAGE,Service Transformer,WWS,NORMAL,42.42337,-83.35628
SW25092700184,2025-09-27T15:37:14Z,2025-09-27T16:21:00Z,3,2025-09-27T15:22:27Z,2025-09-27T19:55:00Z,8,8,Determined upon crew arrival,In Progres,OUTAGE,Service Transformer,WWS,NORMAL,42.42296,-83.35612
SW25092700186,2025-09-27T15:37:14Z,2025-09-27T15:50:51Z,2,2025-09-27T15:26:02Z,2025-09-28T15:25:00Z,1,1,Determined upon crew arrival,In Progres,OUTAGE,Service Secondary,ANN,NORMAL,42.35073,-83.77159
NE25092700189,2025-09-27T15:50:51Z,2025-09-27T18:24:43Z,9,2025-09-27T15:34:06Z,2025-09-28T15:35:00Z,1,1,Equipment problem,In Progres,OUTAGE,Single Customer,MTC,NORMAL,42.45052,-82.99124
NE25092700193,2025-09-27T15:50:51Z,2025-09-27T20:51:24Z,18,2025-09-27T15:37:55Z,2025-09-28T15:40:00Z,1,1,Equipment problem,In Progres,OUTAGE,Single Customer,MTC,NORMAL,42.63354,-82.87231
NE25092700195,2025-09-27T15:50:51Z,2025-09-27T15:50:51Z,1,2025-09-27T15:26:45Z,2025-09-27T20:10:00Z,2,2,Determined upon crew arrival,New,OUTAGE,Service Transformer,NAE,NORMAL,43.51504,-83.15303
NE25092700197,2025-09-27T15:50:51Z,2025-09-27T16:41:09Z,3,2025-09-27T15:43:12Z,2025-09-28T15:45:00Z,1,1,Determined upon crew arrival,In Progres,OUTAGE,Single Customer,NAE,NORMAL,43.44214,-82.83262
NW25092700191,2025-09-27T15:50:51Z,2025-09-27T17:29:05Z,6,2025-09-27T15:36:37Z,2025-09-27T20:05:00Z,142,142,Equipment problem,In Progres,OUTAGE,Service Transformer,PON,NORMAL,42.55507,-83.15278
NW25092700194,2025-09-27T15:50:51Z,2025-09-27T19:14:03Z,12,2025-09-27T13:56:52Z,2025-09-28T15:40:00Z,1,1,Equipment problem,In Progres,OUTAGE,Single Customer,PON,NORMAL,42.74768,-83.31191
NW25092700196,2025-09-27T15:50:51Z,2025-09-27T16:52:00Z,4,2025-09-27T15:42:43Z,2025-09-28T15:45:00Z,1,1,Determined upon crew arrival,In Progres,OUTAGE,Single Customer,PON,NORMAL,42.66264,-83.30568
SE25092700188,2025-09-27T15:50:51Z,2025-09-27T17:14:42Z,5,2025-09-27T15:34:07Z,2025-09-28T15:35:00Z,1,1,Determined upon crew arrival,In Progres,OUTAGE,Single Customer,CAN,NORMAL,42.4029,-83.12343
SE25092700190,2025-09-27T15:50:51Z,2025-09-27T17:29:05Z,6,2025-09-27T15:21:41Z,2025-09-27T20:05:00Z,4,4,Determined upon crew arrival,In Progres,OUTAGE,Service Transformer,RFD,NORMAL,42.45931,-83.3111
SW25092700200,2025-09-27T16:21:00Z,2025-09-27T17:51:20Z,7,2025-09-27T15:29:37Z,2025-09-27T20:15:00Z,4,4,Determined upon crew arrival,In Progres,OUTAGE,Service Transformer,WWS,NORMAL,42.26497,-83.50852
SW25092700210,2025-09-27T16:21:00Z,2025-09-27T19:37:46Z,13,2025-09-27T16:10:25Z,2025-09-27T20:40:00Z,11,11,Determined upon crew arrival,In Progres,OUTAGE,Service Transformer,WWS,NORMAL,42.43123,-83.36018
NE25092700217,2025-09-27T16:41:09Z,2025-09-27T19:24:48Z,11,2025-09-27T16:19:05Z,2025-09-28T16:30:00Z,1,1,Determined upon crew arrival,In Progres,SERVICE DOWN NO,,MTC,NORMAL,42.57587,-82.89743
SW25092700223,2025-09-27T16:52:00Z,2025-09-27T16:52:00Z,1,2025-09-27T16:27:19Z,,2,2,Determined upon crew arrival,New,OUTAGE,Service Transformer,WWS,NORMAL,42.34789,-83.31487
SE25092700230,2025-09-27T17:14:42Z,2025-09-27T17:51:20Z,4,2025-09-27T16:56:01Z,2025-09-28T16:55:00Z,1,1,Determined upon crew arrival,In Progres,OUTAGE,Single Customer,CAN,NORMAL,42.38921,-83.13876
SE25092700231,2025-09-27T17:14:42Z,2025-09-27T17:51:20Z,4,2025-09-27T16:56:39Z,2025-09-28T16:55:00Z,1,1,Determined upon crew arrival,In Progres,OUTAGE,Service Secondary,CAN,NORMAL,42.40616,-83.12554
SW25092700226,2025-09-27T17:14:42Z,2025-09-27T19:37:46Z,10,2025-09-27T16:48:58Z,2025-09-27T21:20:00Z,10,10,Determined upon crew arrival,In Progres,OUTAGE,Service Transformer,WWS,NORMAL,42.43141,-83.35906
NE25092700237,2025-09-27T17:29:05Z,2025-09-27T19:37:46Z,9,2025-09-27T17:11:17Z,2025-09-27T21:40:00Z,74,74,Equipment problem,In Progres,OUTAGE,Device (II),LAP,NORMAL,43.0609,-83.20156
NE25092700241,2025-09-27T17:29:05Z,2025-09-27T17:51:20Z,3,2025-09-27T17:12:54Z,2025-09-28T17:15:00Z,1,1,Determined upon crew arrival,In Progres,OUTAGE,Single Customer,LAP,NORMAL,43.06218,-83.21147
SE25092700238,2025-09-27T17:29:05Z,2025-09-27T17:29:05Z,1,2025-09-27T16:55:47Z,2025-09-28T17:10:00Z,4,4,Determined upon crew arrival,New,OUTAGE,Service Transformer,CAN,NORMAL,42.3883,-83.13879
SE25092700239,2025-09-27T17:29:05Z,2025-09-27T17:29:05Z,1,2025-09-27T16:56:37Z,,4,4,Determined upon crew arrival,New,OUTAGE,Service Transformer,CAN,NORMAL,42.38804,-83.13893
SW25092700236,2025-09-27T17:29:05Z,2025-09-27T18:24:43Z,4,2025-09-27T17:09:43Z,2025-09-28T17:10:00Z,1,1,Determined upon crew arrival,In Progres,OUTAGE,Single Customer,WWS,NORMAL,42.3289,-83.37026
NE25092700246,2025-09-27T17:40:15Z,2025-09-27T17:51:20Z,2,2025-09-27T17:15:52Z,2025-09-28T17:15:00Z,1,1,Determined upon crew arrival,In Progres,OUTAGE,Single Customer,LAP,NORMAL,43.05979,-83.20493
NE25092700247,2025-09-27T17:40:15Z,2025-09-27T17:51:20Z,2,2025-09-27T17:17:55Z,2025-09-28T17:20:00Z,1,1,Determined upon crew arrival,In Progres,OUTAGE,Single Customer,LAP,NORMAL,43.06376,-83.20943
NE25092700249,2025-09-27T17:40:15Z,2025-09-27T17:51:20Z,2,2025-09-27T17:18:47Z,2025-09-27T21:50:00Z,2,2,Determined upon crew arrival,In Progres,OUTAGE,Service Transformer,LAP,NORMAL,43.068,-83.20655
NE25092700254,2025-09-27T17:40:15Z,2025-09-27T17:51:20Z,2,2025-09-27T17:23:13Z,2025-09-28T17:25:00Z,1,1,Determined upon crew arrival,New,OUTAGE,Single Customer,LAP,NORMAL,43.06057,-83.21733
NE25092700255,2025-09-27T17:40:15Z,2025-09-27T17:51:20Z,2,2025-09-27T17:24:30Z,2025-09-28T17:25:00Z,1,1,Determined upon crew arrival,New,OUTAGE,Single Customer,LAP,NORMAL,43.06737,-83.21325
NE25092700256,2025-09-27T17:40:15Z,2025-09-27T17:51:20Z,2,2025-09-27T17:28:19Z,2025-09-28T17:30:00Z,1,1,Determined upon crew arrival,New,OUTAGE,Single Customer,LAP,NORMAL,43.06252,-83.21052
NW25092700253,2025-09-27T17:40:15Z,2025-09-27T17:51:20Z,2,2025-09-27T17:22:31Z,2025-09-27T21:55:00Z,2,2,Determined upon crew arrival,In Progres,OUTAGE,Service Secondary,PON,NORMAL,42.55507,-83.15278
NW25092700257,2025-09-27T17:40:15Z,2025-09-27T19:51:08Z,9,2025-09-27T17:29:45Z,2025-09-28T17:30:00Z,1,1,Determined upon crew arrival,In Progres,OUTAGE,Single Customer,SBY,NORMAL,42.55445,-82.97469
SE25092700250,2025-09-27T17:40:15Z,2025-09-27T18:24:43Z,3,2025-09-27T17:22:07Z,2025-09-28T17:20:00Z,1,1,Determined upon crew arrival,In Progres,OUTAGE,Single Customer,CAN,NORMAL,42.38695,-83.13251
SE25092700251,2025-09-27T17:40:15Z,2025-09-27T21:37:08Z,14,2025-09-27T17:06:07Z,2025-09-27T21:50:00Z,16,16,Determined upon crew arrival,In Progres,OUTAGE,Service Transformer,RFD,NORMAL,42.47865,-83.15251
SW25092700245,2025-09-27T17:40:15Z,2025-09-27T18:54:37Z,5,2025-09-27T17:03:28Z,2025-09-28T17:15:00Z,1,1,Determined upon crew arrival,In Progres,OUTAGE,Single Customer,NPT,NORMAL,42.08993,-83.22323
SW25092700248,2025-09-27T17:40:15Z,2025-09-27T21:15:32Z,13,2025-09-26T20:22:38Z,2025-09-28T17:20:00Z,1,1,Equipment problem,In Progres,OUTAGE,Single Customer,ANN,NORMAL,42.24294,-83.61674
NE25092700260,2025-09-27T17:51:20Z,2025-09-27T17:51:20Z,1,2025-09-27T17:33:27Z,2025-09-28T17:35:00Z,1,1,Determined upon crew arrival,New,OUTAGE,Single Customer,LAP,NORMAL,43.06119,-83.19159
NE25092700262,2025-09-27T17:51:20Z,2025-09-27T17:51:20Z,1,2025-09-27T17:36:59Z,2025-09-28T17:35:00Z,1,1,Determined upon crew arrival,New,OUTAGE,Single Customer,LAP,NORMAL,43.06092,-83.22108
NE25092700263,2025-09-27T17:51:20Z,2025-09-27T17:51:20Z,1,2025-09-27T17:37:28Z,2025-09-28T17:35:00Z,1,1,Determined upon crew arrival,New,OUTAGE,Single Customer,LAP,NORMAL,43.0653,-83.21169
NW25092700265,2025-09-27T17:51:20Z,2025-09-27T23:51:24Z,20,2025-09-27T17:43:31Z,2025-09-28T17:45:00Z,1,1,Equipment problem,In Progres,OUTAGE,Single Customer,PON,NORMAL,42.55511,-83.15122
SW25092700261,2025-09-27T17:51:20Z,2025-09-27T21:15:32Z,12,2025-09-26T23:28:05Z,2025-09-27T22:05:00Z,15,15,Equipment problem,In Progres,OUTAGE,Service Transformer,WWS,NORMAL,42.27035,-83.33218
NE25092700280,2025-09-27T18:24:43Z,2025-09-27T22:38:32Z,15,2025-09-27T18:03:58Z,2025-09-27T22:40:00Z,39,39,Equipment problem,In Progres,OUTAGE,Device (I),MAR,NORMAL,42.90028,-82.48795
NW25092700282,2025-09-27T18:24:43Z,2025-09-27T19:37:46Z,6,2025-09-27T18:11:37Z,2025-09-28T18:10:00Z,1,1,Determined upon crew arrival,In Progres,OUTAGE,Single Customer,SBY,NORMAL,42.55446,-82.97722
SE25092700269,2025-09-27T18:24:43Z,2025-09-27T18:54:37Z,3,2025-09-27T17:48:03Z,2025-09-28T17:50:00Z,1,1,Determined upon crew arrival,In Progres,OUTAGE,Service Secondary,CAN,NORMAL,42.40149,-83.13725
SE25092700279,2025-09-27T18:24:43Z,2025-09-27T22:38:32Z,15,2025-09-27T18:07:08Z,2025-09-28T18:05:00Z,1,1,Equipment problem,In Progres,OUTAGE,Single Customer,RFD,NORMAL,42.33054,-83.28417
NW25092700285,2025-09-27T18:43:53Z,2025-09-27T19:24:48Z,4,2025-09-27T18:19:25Z,2025-09-27T22:50:00Z,9,9,Determined upon crew arrival,In Progres,OUTAGE,Service Transformer,PON,NORMAL,42.66264,-83.30568
NW25092700287,2025-09-27T18:43:53Z,2025-09-27T19:24:48Z,4,2025-09-27T18:23:39Z,2025-09-27T22:55:00Z,9,9,Animal/bird damaged DTE equip,In Progres,OUTAGE,Service Transformer,PON,NORMAL,42.544,-83.08884
SW25092700284,2025-09-27T18:43:53Z,2025-09-27T19:24:48Z,4,2025-09-27T18:15:09Z,2025-09-27T22:50:00Z,55,55,Determined upon crew arrival,In Progres,OUTAGE,Device (I),WWS,NORMAL,42.46802,-83.40376
SW25092700286,2025-09-27T18:43:53Z,2025-09-27T19:37:46Z,5,2025-09-27T18:21:33Z,2025-09-28T18:20:00Z,1,1,Determined upon crew arrival,In Progres,OUTAGE,Single Customer,WWS,NORMAL,42.29766,-83.38079
SE25092700288,2025-09-27T18:54:37Z,2025-09-27T23:51:24Z,17,2025-09-27T18:34:14Z,2025-09-28T18:35:00Z,1,1,Determined upon crew arrival,In Progres,OUTAGE,Single Customer,CAN,NORMAL,42.35612,-83.12621
SE25092700290,2025-09-27T18:54:37Z,2025-09-28T03:00:29Z,19,2025-09-26T19:53:18Z,2025-09-28T18:40:00Z,1,1,Equipment problem,In Progres,OUTAGE,Single Customer,RFD,NORMAL,42.27136,-83.23651
NW25092700292,2025-09-27T19:14:03Z,2025-09-27T20:19:36Z,5,2025-09-27T18:58:36Z,2025-09-28T19:00:00Z,1,1,Determined upon crew arrival,In Progres,OUTAGE,Single Customer,HWL,NORMAL,42.64471,-83.89726
NW25092700297,2025-09-27T19:24:48Z,2025-09-27T19:37:46Z,2,2025-09-27T19:11:30Z,2025-09-28T19:10:00Z,1,1,Determined upon crew arrival,New,OUTAGE,Single Customer,PON,NORMAL,42.54488,-83.08844
SE25092700300,2025-09-27T19:24:48Z,2025-09-27T22:16:59Z,10,2025-09-27T19:13:41Z,2025-09-28T19:15:00Z,1,1,Equipment problem,In Progres,OUTAGE,Single Customer,RFD,NORMAL,42.49047,-83.13711
SE25092700304,2025-09-27T19:37:46Z,2025-09-27T19:37:46Z,1,2025-09-27T19:27:52Z,,1,1,Determined upon crew arrival,New,OUTAGE,Single Customer,RFD,NORMAL,42.49536,-83.15663
SW25092700305,2025-09-27T19:37:46Z,2025-09-27T19:37:46Z,1,2025-09-27T19:12:45Z,,1,1,Determined upon crew arrival,New,OUTAGE,Single Customer,ANN,NORMAL,42.19292,-83.60223
NE25092700313,2025-09-27T19:51:08Z,2025-09-27T22:16:59Z,8,2025-09-27T19:26:48Z,2025-09-28T19:45:00Z,1,1,Determined upon crew arrival,In Progres,OUTAGE,Single Customer,MTC,NORMAL,42.50665,-82.99697
SE25092700308,2025-09-27T19:51:08Z,2025-09-27T22:16:59Z,8,2025-09-27T19:35:27Z,2025-09-28T19:35:00Z,1,1,Determined upon crew arrival,In Progres,SERVICE DOWN NO,,RFD,NORMAL,42.34165,-83.30728
SW25092700306,2025-09-27T19:51:08Z,2025-09-27T20:38:15Z,3,2025-09-27T19:12:45Z,2025-09-28T19:35:00Z,1,1,Determined upon crew arrival,In Progres,OUTAGE,Single Customer,ANN,NORMAL,42.19292,-83.60223
NW25092700321,2025-09-27T20:38:15Z,2025-09-28T03:56:54Z,15,2025-09-27T19:59:34Z,2025-09-28T20:05:00Z,1,1,Equipment problem,In Progres,OUTAGE,Single Customer,PON,NORMAL,42.58482,-83.53309
SE25092700319,2025-09-27T20:38:15Z,2025-09-27T23:51:24Z,11,2025-09-27T20:02:28Z,2025-09-28T20:05:00Z,1,1,Equipment problem,In Progres,OUTAGE,Single Customer,RFD,NORMAL,42.51398,-83.12161
SE25092700320,2025-09-27T20:38:15Z,2025-09-29T22:16:17Z,127,2025-09-27T20:03:13Z,2025-09-30T08:05:00Z,1,1,Equipment problem,In Progres,OUTAGE,Single Customer,RFD,NORMAL,42.39486,-83.28028
SW25092700324,2025-09-27T20:38:15Z,2025-09-27T22:16:59Z,6,2025-09-27T19:56:55Z,2025-09-28T20:10:00Z,1,1,Animal/bird damaged DTE equip,In Progres,OUTAGE,Single Customer,ANN,NORMAL,42.39125,-83.5503
NE25092700337,2025-09-27T20:51:24Z,2025-09-27T23:51:24Z,10,2025-09-27T20:39:50Z,2025-09-28T01:10:00Z,29,29,Equipment problem,In Progres,OUTAGE,Device (II),MTC,NORMAL,42.48133,-82.95037
NE25092700347,2025-09-27T21:37:08Z,2025-09-27T23:51:24Z,8,2025-09-27T21:05:15Z,2025-09-28T21:05:00Z,1,1,Determined upon crew arrival,In Progres,OUTAGE,Single Customer,LAP,NORMAL,42.99746,-83.08285
NW25092700348,2025-09-27T21:37:08Z,2025-09-27T23:37:37Z,7,2025-09-27T21:09:10Z,2025-09-28T01:45:00Z,41,41,Public Interference w/DTE equip,In Progres,OUTAGE,Device (I),PON,NORMAL,42.57933,-83.3492
NW25092700352,2025-09-27T21:37:08Z,2025-09-28T03:56:54Z,12,2025-09-27T21:09:13Z,2025-09-28T21:15:00Z,1,1,Public Interference w/DTE equip,In Progres,OUTAGE,Single Customer,PON,NORMAL,42.57867,-83.3525
SW25092700346,2025-09-27T21:37:08Z,2025-09-27T23:17:06Z,6,2025-09-27T21:02:09Z,2025-09-28T01:30:00Z,2,2,Equipment problem,In Progres,OUTAGE,Service Secondary,NPT,NORMAL,42.10681,-83.23138
SW25092700356,2025-09-27T21:37:08Z,2025-09-27T22:16:59Z,3,2025-09-27T21:19:17Z,2025-09-28T01:50:00Z,39,39,Equipment problem,In Progres,OUTAGE,Device (II),ANN,NORMAL,42.17034,-83.77584
SW25092700364,2025-09-27T21:37:08Z,2025-09-27T21:37:08Z,1,2025-09-27T21:22:42Z,2025-09-28T01:55:00Z,4,4,Determined upon crew arrival,New,OUTAGE,Service Transformer,ANN,NORMAL,42.16949,-83.77686
SE25092700367,2025-09-27T21:51:27Z,2025-09-28T19:14:11Z,55,2025-09-27T21:30:44Z,2025-09-28T21:30:00Z,1,1,Equipment problem,In Progres,OUTAGE,Single Customer,RFD,NORMAL,42.46227,-83.16651
SW25092700374,2025-09-27T21:51:27Z,2025-09-27T21:51:27Z,1,2025-09-27T21:44:05Z,,1,1,Determined upon crew arrival,New,OUTAGE,Single Customer,ANN,NORMAL,42.17012,-83.77746
NE25092700379,2025-09-27T22:16:59Z,2025-09-27T22:16:59Z,1,2025-09-27T22:00:00Z,,1,1,Determined upon crew arrival,New,OUTAGE,Single Customer,LAP,NORMAL,43.27669,-83.53032
SW25092700377,2025-09-27T22:16:59Z,2025-09-27T23:17:06Z,4,2025-09-27T21:51:24Z,2025-09-28T21:55:00Z,1,1,Animal/bird damaged DTE equip,In Progres,OUTAGE,Single Customer,ANN,NORMAL,42.12377,-83.9503
SE25092700390,2025-09-27T22:38:32Z,2025-09-28T11:51:17Z,32,2025-09-27T21:01:39Z,2025-09-28T22:25:00Z,1,1,Determined upon crew arrival,In Progres,OUTAGE,Single Customer,RFD,NORMAL,42.18676,-83.21247
NE25092700394,2025-09-27T22:51:25Z,2025-09-27T23:51:24Z,4,2025-09-27T22:43:27Z,2025-09-28T03:15:00Z,47,47,Animal/bird damaged DTE equip,In Progres,OUTAGE,Device (I),MTC,NORMAL,42.48104,-83.07341
SE25092700392,2025-09-27T22:51:25Z,2025-09-28T03:00:29Z,6,2025-09-27T20:05:28Z,2025-09-28T22:40:00Z,1,1,Determined upon crew arrival,In Progres,OUTAGE,Single Customer,RFD,NORMAL,42.49536,-83.15663
NE25092700405,2025-09-27T23:37:37Z,2025-09-27T23:51:24Z,2,2025-09-27T23:17:48Z,2025-09-28T23:20:00Z,1,1,Determined upon crew arrival,New,OUTAGE,Single Customer,LAP,NORMAL,43.03405,-83.32689
SE25092700404,2025-09-27T23:37:37Z,2025-09-28T01:41:23Z,3,2025-09-27T22:20:16Z,2025-09-28T23:10:00Z,1,1,Determined upon crew arrival,In Progres,OUTAGE,Single Customer,CAN,NORMAL,42.43616,-83.02788
SW25092700406,2025-09-27T23:37:37Z,2025-09-28T05:17:50Z,10,2025-09-27T23:29:07Z,2025-09-28T08:00:00Z,1,1,Determined upon crew arrival,In Progres,PRIORITY,,WWS,NORMAL,42.2347,-83.32615
NE25092700428,2025-09-28T01:41:23Z,2025-09-28T04:26:32Z,5,2025-09-28T00:45:01Z,2025-09-28T05:15:00Z,8,8,Equipment problem,In Progres,OUTAGE,Service Transformer,MTC,NORMAL,42.62747,-82.91615
NW25092700411,2025-09-28T01:41:23Z,2025-09-28T16:21:05Z,39,2025-09-27T23:45:41Z,2025-09-28T16:20:00Z,2,2,Equipment problem,In Progres,OUTAGE,Service Secondary,PON,NORMAL,42.7505,-83.29107
NW25092700412,2025-09-28T01:41:23Z,2025-09-28T17:28:52Z,43,2025-09-27T23:51:36Z,2025-09-28T23:50:00Z,1,1,Equipment problem,In Progres,OUTAGE,Single Customer,PON,NORMAL,42.55498,-83.19934
NW25092700413,2025-09-28T01:41:23Z,2025-09-28T16:21:05Z,39,2025-09-27T23:45:43Z,2025-09-28T23:55:00Z,1,1,Equipment problem,In Progres,OUTAGE,Single Customer,PON,NORMAL,42.75028,-83.29282
SE25092700416,2025-09-28T01:41:23Z,2025-09-28T09:51:03Z,21,2025-09-27T23:56:10Z,2025-09-29T00:00:00Z,1,1,Determined upon crew arrival,PC3 Verifi,OUTAGE,Single Customer,RFD,NORMAL,42.47219,-83.18798
NE25092700434,2025-09-28T03:00:29Z,2025-09-28T05:17:50Z,7,2025-09-28T01:31:48Z,2025-09-29T01:30:00Z,1,1,Determined upon crew arrival,In Progres,OUTAGE,Single Customer,NAE,NORMAL,43.52184,-83.32943
NW25092700446,2025-09-28T03:00:29Z,2025-09-28T03:00:29Z,1,2025-09-28T02:16:14Z,2025-09-28T07:00:00Z,30,30,Determined upon crew arrival,New,OUTAGE,Service Transformer,PON,NORMAL,42.55612,-83.47291
NW25092700449,2025-09-28T03:00:29Z,2025-09-28T08:52:31Z,17,2025-09-28T02:40:24Z,2025-09-29T02:40:00Z,1,1,Determined upon crew arrival,In Progres,OUTAGE,Single Customer,SBY,NORMAL,42.58835,-83.05414
SE25092700441,2025-09-28T03:00:29Z,2025-09-28T23:51:21Z,62,2025-09-28T02:29:21Z,2025-09-29T02:25:00Z,1,1,Equipment problem,In Progres,OUTAGE,Single Customer,CAN,NORMAL,42.43061,-82.95941
SE25092700442,2025-09-28T03:00:29Z,2025-09-28T08:41:37Z,16,2025-09-28T02:23:42Z,2025-09-29T02:30:00Z,1,1,Equipment problem,In Progres,SERVICE DOWN NO,,CAN,NORMAL,42.43061,-82.95941
SW25092700443,2025-09-28T03:00:29Z,2025-09-28T06:47:33Z,11,2025-09-28T02:28:05Z,2025-09-28T07:00:00Z,20,20,Equipment problem,In Progres,OUTAGE,Service Transformer,WWS,NORMAL,42.30813,-83.43303
SW25092700444,2025-09-28T03:00:29Z,2025-09-28T06:27:10Z,10,2025-09-28T02:28:00Z,2025-09-28T07:00:00Z,53,53,Equipment problem,In Progres,OUTAGE,Device (I),WWS,NORMAL,42.30539,-83.43474
NW25092700451,2025-09-28T03:45:10Z,2025-09-28T09:37:15Z,18,2025-09-28T02:39:03Z,2025-09-28T11:15:00Z,45,45,Determined upon crew arrival,In Progres,OUTAGE,Device (II),PON,NORMAL,42.66007,-83.36133
SW25092700452,2025-09-28T03:45:10Z,2025-09-28T13:41:25Z,29,2025-09-28T02:45:36Z,2025-09-28T15:15:00Z,2,2,Determined upon crew arrival,In Progres,OUTAGE,Service Secondary,NPT,NORMAL,42.1074,-83.23002
NW25092700457,2025-09-28T03:56:54Z,2025-09-28T16:40:52Z,37,2025-09-28T02:12:43Z,2025-09-28T20:00:00Z,1,1,Equipment problem,In Progres,PRIORITY,,PON,NORMAL,42.61614,-83.61884
SW25092700467,2025-09-28T04:42:40Z,2025-09-28T15:16:28Z,31,2025-09-28T04:16:40Z,2025-09-29T04:15:00Z,1,1,Equipment problem,In Progres,OUTAGE,Single Customer,ANN,NORMAL,42.28911,-83.68935
NW25092700470,2025-09-28T05:17:50Z,2025-09-28T05:17:50Z,1,2025-09-28T04:45:04Z,2025-09-28T09:20:00Z,2,2,Determined upon crew arrival,New,OUTAGE,Service Secondary,PON,NORMAL,42.66121,-83.35583
SW25092700471,2025-09-28T05:17:50Z,2025-09-28T13:03:53Z,22,2025-09-28T04:49:35Z,2025-09-29T04:50:00Z,1,1,Equipment problem,In Progres,OUTAGE,Single Customer,WWS,NORMAL,42.23632,-83.24644
SW25092800001,2025-09-28T05:39:26Z,2025-09-28T05:51:20Z,2,2025-09-28T05:22:06Z,2025-09-28T09:55:00Z,63,63,Determined upon crew arrival,In Progres,OUTAGE,Device (I),WWS,NORMAL,42.30578,-83.43404
SW25092800005,2025-09-28T06:27:10Z,2025-09-28T08:52:31Z,8,2025-09-28T05:59:47Z,2025-09-28T10:30:00Z,20,20,Animal/bird damaged DTE equip,In Progres,OUTAGE,Device (I),NPT,NORMAL,42.04687,-83.20898
SW25092800006,2025-09-28T06:27:10Z,2025-09-28T06:27:10Z,1,2025-09-28T06:11:14Z,2025-09-29T06:10:00Z,1,1,Determined upon crew arrival,New,OUTAGE,Single Customer,NPT,NORMAL,42.04714,-83.20985
SE25092800007,2025-09-28T06:47:33Z,2025-09-28T23:37:53Z,51,2025-09-28T06:17:17Z,2025-09-29T06:15:00Z,1,1,Equipment problem,In Progres,OUTAGE,Single Customer,RFD,NORMAL,42.27488,-83.22934
SE25092800008,2025-09-28T07:51:00Z,2025-09-28T07:51:00Z,1,2025-09-28T07:44:43Z,,1,1,Determined upon crew arrival,New,OUTAGE,Single Customer,CAN,NORMAL,42.44347,-83.07568
SE25092800012,2025-09-28T08:52:31Z,2025-09-28T09:51:03Z,4,2025-09-28T08:31:50Z,2025-09-29T08:30:00Z,1,1,Determined upon crew arrival,In Progres,OUTAGE,Single Customer,CAN,NORMAL,42.32023,-83.08313
NW25092800017,2025-09-28T09:17:56Z,2025-09-28T09:17:56Z,1,2025-09-28T08:52:30Z,2025-09-29T08:55:00Z,1,1,Determined upon crew arrival,New,OUTAGE,Single Customer,SBY,NORMAL,42.73612,-83.14445
NW25092800021,2025-09-28T09:17:56Z,2025-09-28T09:17:56Z,1,2025-09-28T08:53:16Z,2025-09-29T08:55:00Z,1,1,Determined upon crew arrival,New,OUTAGE,Single Customer,PON,NORMAL,42.77019,-83.29013
NW25092800024,2025-09-28T09:17:56Z,2025-09-28T09:51:03Z,3,2025-09-28T08:55:43Z,2025-09-29T08:55:00Z,1,1,Determined upon crew arrival,PC3 Verifi,OUTAGE,Single Customer,PON,NORMAL,42.77287,-83.24818
NW25092800025,2025-09-28T09:17:56Z,2025-09-28T09:17:56Z,1,2025-09-28T08:39:44Z,2025-09-28T13:25:00Z,2,2,Determined upon crew arrival,New,OUTAGE,Service Transformer,PON,NORMAL,42.57582,-83.24244
NW25092800029,2025-09-28T09:17:56Z,2025-09-28T09:17:56Z,1,2025-09-28T08:58:10Z,,1,1,Determined upon crew arrival,New,OUTAGE,Single Customer,SBY,NORMAL,42.76173,-83.11763
NW25092800033,2025-09-28T09:37:15Z,2025-09-28T09:51:03Z,2,2025-09-28T09:07:12Z,2025-09-29T09:05:00Z,1,1,Determined upon crew arrival,New,OUTAGE,Single Customer,SBY,NORMAL,42.76032,-83.12389
SE25092800036,2025-09-28T09:37:15Z,2025-09-28T09:51:03Z,2,2025-09-28T09:23:10Z,2025-09-29T09:25:00Z,1,1,Determined upon crew arrival,New,OUTAGE,Single Customer,RFD,NORMAL,42.42428,-83.23996
NE25092800042,2025-09-28T10:38:44Z,2025-09-28T11:51:17Z,6,2025-09-28T10:02:47Z,2025-09-28T14:35:00Z,18,18,Determined upon crew arrival,In Progres,OUTAGE,Service Transformer,MTC,NORMAL,42.48906,-83.0585
NW25092800039,2025-09-28T10:38:44Z,2025-09-28T11:51:17Z,6,2025-09-28T09:46:21Z,2025-09-28T14:15:00Z,4,4,Equipment problem,In Progres,OUTAGE,Service Transformer,PON,NORMAL,42.66007,-83.36133
NW25092800043,2025-09-28T10:38:44Z,2025-09-28T16:40:52Z,19,2025-09-25T19:03:34Z,2025-09-29T10:10:00Z,1,1,Equipment problem,In Progres,OUTAGE,Single Customer,PON,NORMAL,42.79588,-83.24384
SW25092800046,2025-09-28T11:14:15Z,2025-09-28T11:51:17Z,4,2025-09-28T10:50:35Z,2025-09-29T10:50:00Z,1,1,Determined upon crew arrival,New,OUTAGE,Single Customer,NPT,NORMAL,42.12183,-83.26191
NW25092800052,2025-09-28T11:51:17Z,2025-09-28T14:15:06Z,7,2025-09-28T11:41:20Z,2025-09-28T16:15:00Z,10,10,Equipment problem,In Progres,OUTAGE,Device (II),PON,NORMAL,42.81492,-83.50574
NW25092800053,2025-09-28T11:51:17Z,2025-09-28T13:03:53Z,3,2025-09-28T11:44:49Z,2025-09-29T11:45:00Z,1,1,Determined upon crew arrival,Pending,OUTAGE,Single Customer,PON,NORMAL,42.81423,-83.50511
NW25092800054,2025-09-28T11:51:17Z,2025-09-28T13:03:53Z,3,2025-09-28T11:45:39Z,2025-09-29T11:45:00Z,1,1,Determined upon crew arrival,In Progres,OUTAGE,Single Customer,PON,NORMAL,42.8134,-83.50504
NE25092800068,2025-09-28T12:36:00Z,2025-09-28T13:30:02Z,3,2025-09-28T12:13:13Z,2025-09-28T16:45:00Z,20,20,Determined upon crew arrival,In Progres,OUTAGE,Service Transformer,MTC,NORMAL,42.65235,-82.8747
NE25092800070,2025-09-28T12:36:00Z,2025-09-28T13:30:02Z,3,2025-09-28T12:13:12Z,2025-09-28T16:45:00Z,122,122,Determined upon crew arrival,In Progres,OUTAGE,Device (I),MTC,NORMAL,42.61407,-82.96876
NE25092800079,2025-09-28T12:36:00Z,2025-09-28T13:30:02Z,3,2025-09-28T12:13:18Z,2025-09-28T16:50:00Z,25,25,Determined upon crew arrival,In Progres,OUTAGE,Service Transformer,MTC,NORMAL,42.615,-82.96965
NW25092800067,2025-09-28T12:36:00Z,2025-09-28T13:52:10Z,5,2025-09-28T12:12:58Z,2025-09-28T16:45:00Z,429,429,Animal/bird damaged DTE equip,In Progres,OUTAGE,Device (II),SBY,NORMAL,42.64205,-83.09658
NW25092800080,2025-09-28T12:36:00Z,2025-09-28T14:15:06Z,6,2025-09-28T12:22:22Z,2025-09-29T12:20:00Z,1,1,Determined upon crew arrival,Pending,OUTAGE,Subtransmission,SBY,NORMAL,42.60994,-83.03978
NW25092800087,2025-09-28T12:36:00Z,2025-09-28T13:30:02Z,3,2025-09-28T12:12:25Z,2025-09-28T17:00:00Z,5,5,Equipment problem,In Progres,OUTAGE,Service Transformer,HWL,NORMAL,42.44913,-83.70948
SE25092800055,2025-09-28T12:36:00Z,2025-09-28T14:15:06Z,6,2025-09-28T11:50:51Z,2025-09-28T16:25:00Z,7,7,Equipment problem,In Progres,OUTAGE,Service Transformer,RFD,NORMAL,42.50248,-83.23015
SW25092800057,2025-09-28T12:36:00Z,2025-09-28T14:15:06Z,6,2025-09-28T12:01:00Z,2025-09-28T16:30:00Z,90,90,Equipment problem,In Progres,OUTAGE,Device (I),WWS,NORMAL,42.35043,-83.48438
SW25092800059,2025-09-28T12:36:00Z,2025-09-28T14:15:06Z,6,2025-09-28T12:00:59Z,2025-09-28T16:30:00Z,94,94,Equipment problem,In Progres,OUTAGE,Device (I),WWS,NORMAL,42.3502,-83.48278
SW25092800062,2025-09-28T12:36:00Z,2025-09-28T13:41:25Z,4,2025-09-28T12:01:47Z,2025-09-28T16:35:00Z,15,15,Equipment problem,In Progres,OUTAGE,Service Transformer,WWS,NORMAL,42.45591,-83.35335
SW25092800065,2025-09-28T12:36:00Z,2025-09-28T13:52:10Z,5,2025-09-28T11:56:06Z,2025-09-28T16:40:00Z,2,2,Equipment problem,In Progres,OUTAGE,Service Transformer,ANN,NORMAL,42.25734,-83.55586
NW25092800096,2025-09-28T13:03:53Z,2025-09-28T14:51:57Z,7,2025-09-28T12:38:01Z,2025-09-28T17:10:00Z,9,9,Equipment problem,In Progres,OUTAGE,Device (I),HWL,NORMAL,42.5369,-83.8303
SW25092800098,2025-09-28T13:03:53Z,2025-09-28T13:03:53Z,1,2025-09-28T12:41:22Z,2025-09-28T17:10:00Z,2,2,Determined upon crew arrival,New,OUTAGE,Circuit Level,ANN,NORMAL,42.18328,-83.78173
SW25092800099,2025-09-28T13:03:53Z,2025-09-28T13:03:53Z,1,2025-09-28T12:43:40Z,2025-09-29T12:45:00Z,1,1,Determined upon crew arrival,New,OUTAGE,Single Customer,ANN,NORMAL,42.17664,-83.77893
NE25092800107,2025-09-28T13:30:02Z,2025-09-28T16:51:57Z,12,2025-09-28T12:46:49Z,2025-09-29T12:45:00Z,1,1,Equipment problem,In Progres,OUTAGE,Single Customer,LAP,NORMAL,42.80745,-83.24834
SE25092800114,2025-09-28T13:30:02Z,2025-09-28T19:51:25Z,22,2025-09-28T12:58:11Z,2025-09-29T13:00:00Z,1,1,Equipment problem,In Progres,OUTAGE,Single Customer,CAN,NORMAL,42.3694,-82.98688
SE25092800149,2025-09-28T13:30:02Z,2025-09-28T17:28:52Z,14,2025-09-28T13:07:20Z,2025-09-28T17:35:00Z,18,18,Determined upon crew arrival,In Progres,OUTAGE,Service Transformer,CAN,NORMAL,42.3943,-83.12514
SW25092800121,2025-09-28T13:30:02Z,2025-09-28T13:30:02Z,1,2025-09-28T13:02:27Z,2025-09-28T17:30:00Z,73,73,Equipment problem,New,OUTAGE,Device (I),WWS,NORMAL,42.21371,-83.26322
SW25092800123,2025-09-28T13:30:02Z,2025-09-28T14:15:06Z,4,2025-09-28T13:01:19Z,2025-09-28T17:35:00Z,2513,2513,Equipment problem,In Progres,OUTAGE,Subtransmission,WWS,NORMAL,42.23812,-83.24181
SW25092800124,2025-09-28T13:30:02Z,2025-09-28T14:15:06Z,4,2025-09-28T13:02:59Z,2025-09-29T13:05:00Z,1,1,Equipment problem,New,OUTAGE,Single Customer,WWS,NORMAL,42.22218,-83.2725
SW25092800127,2025-09-28T13:30:02Z,2025-09-28T14:15:06Z,4,2025-09-28T13:03:11Z,2025-09-29T13:05:00Z,1,1,Equipment problem,New,OUTAGE,Single Customer,WWS,NORMAL,42.22146,-83.27239
SW25092800128,2025-09-28T13:30:02Z,2025-09-28T13:30:02Z,1,2025-09-28T13:03:13Z,2025-09-28T17:35:00Z,57,57,Equipment problem,New,OUTAGE,Device (I),WWS,NORMAL,42.21703,-83.26319
SW25092800135,2025-09-28T13:30:02Z,2025-09-28T14:15:06Z,4,2025-09-28T13:03:37Z,2025-09-29T13:05:00Z,1,1,Equipment problem,New,OUTAGE,Single Customer,WWS,NORMAL,42.22228,-83.27156
SW25092800147,2025-09-28T13:30:02Z,2025-09-28T13:30:02Z,1,2025-09-28T13:06:51Z,2025-09-29T13:05:00Z,1,1,Equipment problem,New,OUTAGE,Single Customer,WWS,NORMAL,42.21672,-83.26153
SW25092800158,2025-09-28T13:30:02Z,2025-09-28T13:30:02Z,1,2025-09-28T12:58:34Z,2025-09-28T17:45:00Z,1,1,Determined upon crew arrival,New,OUTAGE,Single Customer,WWS,NORMAL,42.22659,-83.46235
SW25092800159,2025-09-28T13:30:02Z,2025-09-28T13:30:02Z,1,2025-09-28T12:58:34Z,2025-09-29T13:15:00Z,1,1,Determined upon crew arrival,New,OUTAGE,Single Customer,WWS,NORMAL,42.22066,-83.46501
SW25092800160,2025-09-28T13:30:02Z,2025-09-28T13:30:02Z,1,2025-09-28T12:58:35Z,2025-09-29T13:15:00Z,1,1,Determined upon crew arrival,New,OUTAGE,Single Customer,WWS,NORMAL,42.21504,-83.51776
SW25092800161,2025-09-28T13:30:02Z,2025-09-28T13:30:02Z,1,2025-09-28T12:58:31Z,2025-09-29T13:15:00Z,1,1,Determined upon crew arrival,New,OUTAGE,Single Customer,WWS,NORMAL,42.22328,-83.46181
SW25092800162,2025-09-28T13:30:02Z,2025-09-28T13:30:02Z,1,2025-09-28T12:58:31Z,2025-09-29T13:15:00Z,1,1,Determined upon crew arrival,New,OUTAGE,Single Customer,WWS,NORMAL,42.22237,-83.46315
NW25092800184,2025-09-28T13:41:25Z,2025-09-28T15:51:18Z,8,2025-09-28T11:19:03Z,2025-09-29T13:25:00Z,1,1,Determined upon crew arrival,Pending,OUTAGE,Single Customer,SBY,NORMAL,42.64151,-83.02466
SW25092800165,2025-09-28T13:41:25Z,2025-09-28T15:51:18Z,8,2025-09-28T13:17:38Z,2025-09-28T17:50:00Z,621,621,Equipment problem,In Progres,OUTAGE,Device (II),WWS,NORMAL,42.25204,-83.2477
SW25092800170,2025-09-28T13:41:25Z,2025-09-28T14:40:45Z,4,2025-09-28T13:16:44Z,2025-09-28T17:50:00Z,12,12,Determined upon crew arrival,In Progres,OUTAGE,Service Transformer,WWS,NORMAL,42.35467,-83.39453
SW25092800175,2025-09-28T13:41:25Z,2025-09-28T13:52:10Z,2,2025-09-28T13:20:48Z,2025-09-29T13:20:00Z,1,1,Determined upon crew arrival,New,OUTAGE,Single Customer,WWS,NORMAL,42.21207,-83.28846
SW25092800183,2025-09-28T13:41:25Z,2025-09-28T13:41:25Z,1,2025-09-28T12:58:31Z,2025-09-28T17:55:00Z,138,138,Determined upon crew arrival,New,OUTAGE,Device (I),WWS,NORMAL,42.22414,-83.46367
SW25092800186,2025-09-28T13:41:25Z,2025-09-28T13:41:25Z,1,2025-09-28T13:26:01Z,2025-09-29T13:25:00Z,1,1,Determined upon crew arrival,New,OUTAGE,Single Customer,WWS,NORMAL,42.2114,-83.28329
NW25092800191,2025-09-28T13:52:10Z,2025-09-28T13:52:10Z,1,2025-09-28T13:41:38Z,2025-09-29T13:40:00Z,1,1,Determined upon crew arrival,In Progres,OUTAGE,Single Customer,HWL,NORMAL,42.66193,-84.0738
SW25092800189,2025-09-28T13:52:10Z,2025-09-28T19:14:11Z,17,2025-09-28T13:19:50Z,2025-09-28T22:05:00Z,14,14,Determined upon crew arrival,In Progres,OUTAGE,Device (I),NPT,NORMAL,41.91426,-83.42117
SW25092800193,2025-09-28T13:52:10Z,2025-09-28T21:51:06Z,26,2025-09-28T13:43:35Z,2025-09-29T13:45:00Z,1,1,Equipment problem,In Progres,OUTAGE,Single Customer,WWS,NORMAL,42.28936,-83.37947
NW25092800196,2025-09-28T14:15:06Z,2025-09-28T18:24:16Z,13,2025-09-28T13:37:59Z,2025-09-28T18:25:00Z,11,11,Determined upon crew arrival,In Progres,OUTAGE,Service Transformer,HWL,NORMAL,42.66228,-84.0738
SE25092800199,2025-09-28T14:15:06Z,2025-09-28T14:15:06Z,1,2025-09-28T13:43:44Z,,1,1,Determined upon crew arrival,New,OUTAGE,Single Customer,CAN,NORMAL,42.36671,-83.05605
SW25092800194,2025-09-28T14:15:06Z,2025-09-28T19:14:11Z,16,2025-09-28T13:46:53Z,2025-09-29T13:45:00Z,1,1,Animal/bird damaged DTE equip,In Progres,OUTAGE,Single Customer,WWS,NORMAL,42.21698,-83.48571
SW25092800198,2025-09-28T14:15:06Z,2025-09-28T15:16:28Z,4,2025-09-28T13:58:35Z,2025-09-29T14:00:00Z,1,1,Equipment problem,In Progres,OUTAGE,Single Customer,ANN,NORMAL,42.20528,-83.64578
NE25092800205,2025-09-28T14:40:45Z,2025-09-28T14:40:45Z,1,2025-09-28T14:07:38Z,2025-09-29T14:10:00Z,1,1,Determined upon crew arrival,PC3 Verifi,OUTAGE,Single Customer,MTC,NORMAL,42.48906,-83.0585
NW25092800202,2025-09-28T14:40:45Z,2025-09-28T17:14:30Z,9,2025-09-28T14:01:44Z,2025-09-28T18:35:00Z,52,52,Equipment problem,In Progres,OUTAGE,Device (I),PON,NORMAL,42.56294,-83.10136
NW25092800212,2025-09-28T14:40:45Z,2025-09-28T15:37:05Z,4,2025-09-28T14:22:19Z,2025-09-29T14:20:00Z,1,1,Equipment problem,In Progres,OUTAGE,Single Customer,SBY,NORMAL,42.75626,-83.13008
SE25092800209,2025-09-28T14:40:45Z,2025-09-29T01:27:56Z,31,2025-09-28T14:17:20Z,2025-09-29T14:15:00Z,1,1,Equipment problem,In Progres,OUTAGE,Single Customer,RFD,NORMAL,42.43935,-83.30255
SE25092800213,2025-09-28T14:40:45Z,2025-09-28T16:40:52Z,7,2025-09-28T14:20:00Z,2025-09-28T18:50:00Z,8,8,Equipment problem,In Progres,OUTAGE,Service Transformer,RFD,NORMAL,42.32406,-83.29921
SW25092800211,2025-09-28T14:40:45Z,2025-09-28T15:37:05Z,4,2025-09-28T14:20:58Z,2025-09-29T14:20:00Z,1,1,Determined upon crew arrival,In Progres,OUTAGE,Single Customer,ANN,NORMAL,42.19134,-83.81695
NW25092800229,2025-09-28T14:51:57Z,2025-09-28T17:28:52Z,9,2025-09-28T14:43:32Z,2025-09-28T19:15:00Z,78,78,Equipment problem,In Progres,OUTAGE,Device (I),PON,NORMAL,42.69087,-83.38292
SE25092800217,2025-09-28T14:51:57Z,2025-09-28T15:16:28Z,2,2025-09-28T14:31:42Z,2025-09-29T14:30:00Z,1,1,Determined upon crew arrival,PC3 Verifi,OUTAGE,Single Customer,RFD,NORMAL,42.31309,-83.30608
SE25092800228,2025-09-28T14:51:57Z,2025-09-28T14:51:57Z,1,2025-09-28T14:43:16Z,,1,1,Determined upon crew arrival,New,OUTAGE,Single Customer,RFD,NORMAL,42.32426,-83.29854
SW25092800216,2025-09-28T14:51:57Z,2025-09-28T16:21:05Z,5,2025-09-28T14:25:51Z,2025-09-28T19:00:00Z,6,6,Determined upon crew arrival,In Progres,OUTAGE,Service Transformer,ANN,NORMAL,42.25077,-83.69336
SW25092800219,2025-09-28T14:51:57Z,2025-09-28T15:51:18Z,4,2025-09-28T14:32:58Z,2025-09-29T14:35:00Z,1,1,Equipment problem,New,OUTAGE,Single Customer,WWS,NORMAL,42.30996,-83.30888
SW25092800224,2025-09-28T14:51:57Z,2025-09-28T15:51:18Z,4,2025-09-28T14:36:57Z,2025-09-29T14:35:00Z,1,1,Animal/bird damaged DTE equip,In Progres,OUTAGE,Single Customer,ANN,NORMAL,42.38181,-84.00575
NE25092800248,2025-09-28T15:16:28Z,2025-09-28T17:28:52Z,8,2025-09-28T14:55:07Z,2025-09-28T19:30:00Z,2,2,Animal/bird damaged DTE equip,In Progres,OUTAGE,Service Secondary,MTC,NORMAL,42.53996,-82.91793
NE25092800253,2025-09-28T15:16:28Z,2025-09-28T15:51:18Z,3,2025-09-28T15:00:08Z,2025-09-29T15:00:00Z,1,1,Determined upon crew arrival,In Progres,OUTAGE,Single Customer,MTC,NORMAL,42.48116,-83.00675
NW25092800232,2025-09-28T15:16:28Z,2025-09-28T15:51:18Z,3,2025-09-28T14:49:38Z,2025-09-29T14:50:00Z,1,1,Equipment problem,In Progres,OUTAGE,Single Customer,HWL,NORMAL,42.48061,-83.65351
NW25092800236,2025-09-28T15:16:28Z,2025-09-28T17:28:52Z,8,2025-09-28T14:41:08Z,2025-09-28T19:15:00Z,24,24,Equipment problem,In Progres,OUTAGE,Service Transformer,PON,NORMAL,42.69112,-83.38145
NW25092800237,2025-09-28T15:16:28Z,2025-09-28T15:16:28Z,1,2025-09-28T14:41:11Z,,1,1,Determined upon crew arrival,New,OUTAGE,Single Customer,PON,NORMAL,42.694,-83.38692
NW25092800251,2025-09-28T15:16:28Z,2025-09-28T21:51:06Z,22,2025-09-28T14:54:41Z,2025-09-29T15:00:00Z,1,1,Equipment problem,In Progres,OUTAGE,Single Customer,PON,NORMAL,42.61574,-83.22232
SW25092800238,2025-09-28T15:16:28Z,2025-09-28T15:16:28Z,1,2025-09-28T14:57:16Z,,7,7,Determined upon crew arrival,In Progres,OUTAGE,Device (I),ANN,NORMAL,42.31817,-83.79785
SW25092800239,2025-09-28T15:16:28Z,2025-09-28T15:16:28Z,1,2025-09-28T14:57:40Z,,1,1,Determined upon crew arrival,New,OUTAGE,Single Customer,ANN,NORMAL,42.31978,-83.80383
SW25092800241,2025-09-28T15:16:28Z,2025-09-28T15:16:28Z,1,2025-09-28T14:58:05Z,,1,1,Determined upon crew arrival,New,OUTAGE,Single Customer,ANN,NORMAL,42.31293,-83.80812
SW25092800242,2025-09-28T15:16:28Z,2025-09-28T15:16:28Z,1,2025-09-28T14:58:11Z,,1,1,Determined upon crew arrival,New,OUTAGE,Single Customer,ANN,NORMAL,42.31385,-83.80604
SW25092800243,2025-09-28T15:16:28Z,2025-09-28T15:16:28Z,1,2025-09-28T14:58:16Z,,1,1,Determined upon crew arrival,New,OUTAGE,Single Customer,ANN,NORMAL,42.31735,-83.80329
SW25092800244,2025-09-28T15:16:28Z,2025-09-28T15:16:28Z,1,2025-09-28T14:58:16Z,,1,1,Determined upon crew arrival,New,OUTAGE,Single Customer,ANN,NORMAL,42.32086,-83.7997
SW25092800245,2025-09-28T15:16:28Z,2025-09-28T15:16:28Z,1,2025-09-28T14:59:02Z,,1,1,Determined upon crew arrival,New,OUTAGE,Single Customer,ANN,NORMAL,42.32058,-83.80198
SW25092800246,2025-09-28T15:16:28Z,2025-09-28T15:16:28Z,1,2025-09-28T14:59:05Z,,1,1,Determined upon crew arrival,New,OUTAGE,Single Customer,ANN,NORMAL,42.32369,-83.79495
SW25092800247,2025-09-28T15:16:28Z,2025-09-28T15:16:28Z,1,2025-09-28T14:59:09Z,,1,1,Determined upon crew arrival,New,OUTAGE,Single Customer,ANN,NORMAL,42.31889,-83.79913
SW25092800249,2025-09-28T15:16:28Z,2025-09-28T15:16:28Z,1,2025-09-28T14:59:21Z,,1,1,Determined upon crew arrival,New,OUTAGE,Single Customer,ANN,NORMAL,42.31188,-83.80083
SW25092800250,2025-09-28T15:16:28Z,2025-09-28T15:16:28Z,1,2025-09-28T14:59:20Z,,1,1,Determined upon crew arrival,New,OUTAGE,Single Customer,ANN,NORMAL,42.31466,-83.79929
SW25092800252,2025-09-28T15:16:28Z,2025-09-28T15:16:28Z,1,2025-09-28T14:59:34Z,,1,1,Determined upon crew arrival,New,OUTAGE,Single Customer,ANN,NORMAL,42.31168,-83.81005
NW25092800273,2025-09-28T15:37:05Z,2025-09-28T17:28:52Z,7,2025-09-28T15:14:16Z,2025-09-28T19:45:00Z,1,1,Determined upon crew arrival,In Progres,PRIORITY,,PON,NORMAL,42.63475,-83.2874
NW25092800274,2025-09-28T15:37:05Z,2025-09-28T18:43:05Z,10,2025-09-28T15:14:43Z,2025-09-28T19:45:00Z,1,1,Equipment problem,In Progres,PRIORITY,,PON,NORMAL,42.69557,-83.38903
NW25092800275,2025-09-28T15:37:05Z,2025-09-28T17:28:52Z,7,2025-09-28T15:15:38Z,2025-09-29T15:15:00Z,1,1,Equipment problem,In Progres,OUTAGE,Single Customer,PON,NORMAL,42.69268,-83.38775
NW25092800277,2025-09-28T15:37:05Z,2025-09-28T19:14:11Z,12,2025-09-28T15:18:53Z,2025-09-28T19:50:00Z,1,1,Equipment problem,In Progres,PRIORITY,,PON,NORMAL,42.69318,-83.38761
NW25092800282,2025-09-28T15:37:05Z,2025-09-28T15:37:05Z,1,2025-09-28T15:29:16Z,,1,1,Determined upon crew arrival,New,OUTAGE,Single Customer,PON,NORMAL,42.65244,-83.28275
SE25092800281,2025-09-28T15:37:05Z,2025-09-28T15:37:05Z,1,2025-09-28T15:12:49Z,,1,1,Determined upon crew arrival,New,OUTAGE,Single Customer,CAN,NORMAL,42.35159,-83.06483
SW25092800276,2025-09-28T15:37:05Z,2025-09-28T15:51:18Z,2,2025-09-28T15:01:31Z,2025-09-29T15:15:00Z,1,1,Determined upon crew arrival,New,OUTAGE,Single Customer,ANN,NORMAL,42.31293,-83.80812
NE25092800287,2025-09-28T15:51:18Z,2025-09-28T20:51:29Z,17,2025-09-28T15:36:40Z,2025-09-29T15:35:00Z,1,1,Determined upon crew arrival,In Progres,OUTAGE,Single Customer,LAP,NORMAL,43.12347,-83.30154
NE25092800291,2025-09-28T15:51:18Z,2025-09-28T16:40:52Z,3,2025-09-28T15:42:06Z,2025-09-29T15:40:00Z,1,1,Determined upon crew arrival,In Progres,OUTAGE,Single Customer,MTC,NORMAL,42.54727,-82.90583
SE25092800285,2025-09-28T15:51:18Z,2025-09-28T22:16:54Z,21,2025-09-28T15:32:49Z,2025-09-29T15:35:00Z,1,1,Determined upon crew arrival,In Progres,OUTAGE,Single Customer,CAN,NORMAL,42.42861,-83.07521
NE25092800295,2025-09-28T16:21:05Z,2025-09-28T18:43:05Z,8,2025-09-28T15:35:32Z,2025-09-28T20:20:00Z,11,11,Equipment problem,In Progres,OUTAGE,Device (I),NAE,NORMAL,43.95174,-83.27005
NE25092800301,2025-09-28T16:21:05Z,2025-09-28T18:53:37Z,9,2025-09-28T16:05:31Z,2025-09-29T16:05:00Z,1,1,Determined upon crew arrival,In Progres,OUTAGE,Single Customer,MTC,NORMAL,42.88553,-82.9516
SE25092800293,2025-09-28T16:21:05Z,2025-09-28T17:28:52Z,5,2025-09-28T14:54:37Z,2025-09-29T15:50:00Z,1,1,Determined upon crew arrival,In Progres,OUTAGE,Single Customer,RFD,NORMAL,42.38301,-83.27756
SE25092800296,2025-09-28T16:21:05Z,2025-09-28T19:14:11Z,10,2025-09-28T02:11:10Z,2025-09-29T16:00:00Z,1,1,Determined upon crew arrival,In Progres,OUTAGE,Single Customer,RFD,NORMAL,42.31996,-83.17085
SE25092800304,2025-09-28T16:21:05Z,2025-09-28T23:51:21Z,25,2025-09-28T16:09:56Z,2025-09-29T16:10:00Z,1,1,Determined upon crew arrival,In Progres,SERVICE DOWN NO,,RFD,NORMAL,42.42881,-83.30486
SW25092800299,2025-09-28T16:21:05Z,2025-09-28T17:51:24Z,6,2025-09-28T16:00:28Z,2025-09-28T20:30:00Z,6,6,Determined upon crew arrival,In Progres,OUTAGE,Service Transformer,NPT,NORMAL,42.10681,-83.23138
NE25092800308,2025-09-28T16:40:52Z,2025-09-28T20:19:32Z,13,2025-09-28T16:17:46Z,2025-09-29T16:25:00Z,1,1,Problem with the customer equip,In Progres,OUTAGE,Single Customer,LAP,NORMAL,43.01909,-83.13369
SE25092800306,2025-09-28T16:40:52Z,2025-09-28T21:37:05Z,17,2025-09-27T18:02:51Z,2025-09-28T23:30:00Z,2,2,Equipment problem,In Progres,OUTAGE,Service Secondary,CAN,NORMAL,42.39585,-83.10866
NE25092800315,2025-09-28T16:51:57Z,2025-09-28T18:24:16Z,5,2025-09-28T16:34:32Z,2025-09-28T21:10:00Z,15,15,Animal/bird damaged DTE equip,In Progres,OUTAGE,Device (I),MTC,NORMAL,42.60862,-82.54148
NW25092800313,2025-09-28T16:51:57Z,2025-09-29T17:51:27Z,64,2025-09-28T14:41:11Z,2025-09-29T20:30:00Z,1,1,Equipment problem,In Progres,OUTAGE,Single Customer,PON,NORMAL,42.694,-83.38692
SW25092800320,2025-09-28T17:14:30Z,2025-09-28T22:38:28Z,18,2025-09-28T16:56:54Z,2025-09-29T16:55:00Z,1,1,Equipment problem,In Progres,OUTAGE,Single Customer,WWS,NORMAL,42.33699,-83.31983
SW25092800321,2025-09-28T17:14:30Z,2025-09-28T18:43:05Z,5,2025-09-28T16:56:16Z,2025-09-28T21:30:00Z,10,10,Equipment problem,In Progres,OUTAGE,Service Transformer,WWS,NORMAL,42.30696,-83.39648
NE25092800327,2025-09-28T17:28:52Z,2025-09-28T20:19:32Z,10,2025-09-28T17:03:11Z,2025-09-29T17:05:00Z,1,1,Determined upon crew arrival,In Progres,SERVICE DOWN NO,,MTC,NORMAL,42.57057,-82.90051
NE25092800341,2025-09-28T17:28:52Z,2025-09-28T19:51:25Z,9,2025-09-28T17:02:31Z,2025-09-29T17:15:00Z,1,1,Determined upon crew arrival,In Progres,OUTAGE,Single Customer,LAP,NORMAL,42.95084,-83.12841
NW25092800329,2025-09-28T17:28:52Z,2025-09-28T18:24:16Z,3,2025-09-28T17:02:36Z,2025-09-28T21:35:00Z,57,57,Equipment problem,In Progres,OUTAGE,Device (I),SBY,NORMAL,42.67551,-83.17962
NW25092800331,2025-09-28T17:28:52Z,2025-09-28T20:38:32Z,11,2025-09-28T17:04:36Z,2025-09-29T17:05:00Z,1,1,Equipment problem,In Progres,OUTAGE,Single Customer,HWL,NORMAL,42.50463,-83.88032
NW25092800334,2025-09-28T17:28:52Z,2025-09-29T09:53:27Z,41,2025-09-28T08:39:44Z,2025-09-29T17:05:00Z,1,1,Equipment problem,In Progres,OUTAGE,Single Customer,PON,NORMAL,42.57582,-83.24244
SE25092800322,2025-09-28T17:28:52Z,2025-09-28T23:17:16Z,19,2025-09-28T16:53:17Z,2025-09-29T17:00:00Z,1,1,Determined upon crew arrival,In Progres,OUTAGE,Single Customer,RFD,NORMAL,42.38758,-83.27314
SW25092800323,2025-09-28T17:28:52Z,2025-09-29T02:51:59Z,23,2025-09-28T17:00:50Z,2025-09-29T17:00:00Z,1,1,Equipment problem,In Progres,OUTAGE,Single Customer,WWS,NORMAL,42.38694,-83.39681
SW25092800325,2025-09-28T17:28:52Z,2025-09-29T01:27:56Z,22,2025-09-28T17:03:03Z,2025-09-29T17:05:00Z,1,1,Equipment problem,In Progres,OUTAGE,Single Customer,WWS,NORMAL,42.49381,-83.33867
SW25092800328,2025-09-28T17:28:52Z,2025-09-28T21:37:05Z,14,2025-09-28T17:03:41Z,2025-09-28T21:35:00Z,1,1,Equipment problem,In Progres,PRIORITY,,WWS,NORMAL,42.17503,-83.38272
SW25092800332,2025-09-28T17:28:52Z,2025-09-28T17:51:24Z,2,2025-09-28T16:56:26Z,2025-09-29T17:05:00Z,1,1,Equipment problem,PC3 Verifi,OUTAGE,Single Customer,WWS,NORMAL,42.30698,-83.39515
SW25092800333,2025-09-28T17:28:52Z,2025-09-28T17:28:52Z,1,2025-09-28T16:56:17Z,2025-09-28T21:35:00Z,2,2,Determined upon crew arrival,New,OUTAGE,Service Secondary,WWS,NORMAL,42.30694,-83.39735
SW25092800335,2025-09-28T17:28:52Z,2025-09-28T18:24:16Z,3,2025-09-28T17:00:59Z,2025-09-28T21:35:00Z,7,7,Equipment problem,In Progres,OUTAGE,Service Transformer,WWS,NORMAL,42.30695,-83.39881
NW25092800342,2025-09-28T17:51:24Z,2025-09-28T18:43:05Z,3,2025-09-28T17:15:11Z,2025-09-29T17:15:00Z,1,1,Equipment problem,In Progres,OUTAGE,Single Customer,HWL,NORMAL,42.7288,-84.15738
NW25092800343,2025-09-28T17:51:24Z,2025-09-28T18:24:16Z,2,2025-09-28T17:14:50Z,2025-09-28T21:45:00Z,68,68,Equipment problem,In Progres,OUTAGE,Device (I),HWL,NORMAL,42.45371,-83.78501
SE25092800354,2025-09-28T17:51:24Z,2025-09-28T17:51:24Z,1,2025-09-28T17:43:14Z,,1,1,Determined upon crew arrival,New,OUTAGE,Single Customer,RFD,NORMAL,42.42211,-83.20428
SW25092800353,2025-09-28T17:51:24Z,2025-09-28T17:51:24Z,1,2025-09-28T17:40:12Z,2025-09-29T17:40:00Z,1,1,Determined upon crew arrival,New,OUTAGE,Single Customer,WWS,NORMAL,42.30694,-83.39735
NE25092800367,2025-09-28T18:43:05Z,2025-09-28T23:51:21Z,18,2025-09-28T18:26:12Z,2025-09-29T18:25:00Z,1,1,Public Interference w/DTE equip,In Progres,OUTAGE,Single Customer,MAR,NORMAL,43.13143,-82.50446
NW25092800363,2025-09-28T18:43:05Z,2025-09-28T19:51:25Z,6,2025-09-28T18:22:04Z,2025-09-28T22:55:00Z,122,122,Equipment problem,In Progres,OUTAGE,Device (II),HWL,NORMAL,42.59601,-83.61096
NE25092800370,2025-09-28T18:53:37Z,2025-09-28T21:37:05Z,10,2025-09-28T18:30:27Z,2025-09-29T18:30:00Z,1,1,Animal/bird damaged DTE equip,In Progres,OUTAGE,Single Customer,LAP,NORMAL,43.06792,-83.34512
NW25092800374,2025-09-28T18:53:37Z,2025-09-28T20:19:32Z,6,2025-09-28T18:36:28Z,2025-09-28T23:15:00Z,4,4,Equipment problem,In Progres,OUTAGE,Service Transformer,PON,NORMAL,42.76787,-83.35146
SW25092800376,2025-09-28T19:14:11Z,2025-09-28T21:15:43Z,8,2025-09-28T18:51:42Z,2025-09-28T23:25:00Z,26,26,Equipment problem,In Progres,OUTAGE,Device (I),ANN,NORMAL,42.16846,-83.6434
SW25092800382,2025-09-28T19:14:11Z,2025-09-28T21:15:43Z,8,2025-09-28T18:56:09Z,2025-09-29T18:55:00Z,1,1,Determined upon crew arrival,In Progres,OUTAGE,Single Customer,WWS,NORMAL,42.40196,-83.44777
SW25092800397,2025-09-28T19:14:11Z,2025-09-28T19:14:11Z,1,2025-09-28T19:00:09Z,,1,1,Determined upon crew arrival,New,OUTAGE,Single Customer,WWS,NORMAL,42.23686,-83.2636
SW25092800426,2025-09-28T19:51:25Z,2025-09-29T01:27:56Z,14,2025-09-28T19:37:14Z,2025-09-29T19:40:00Z,1,1,Equipment problem,In Progres,OUTAGE,Single Customer,WWS,NORMAL,42.48077,-83.50033
SE25092800429,2025-09-28T20:19:32Z,2025-09-28T20:19:32Z,1,2025-09-28T19:49:09Z,2025-09-29T00:20:00Z,2,2,Determined upon crew arrival,In Progres,OUTAGE,Service Secondary,RFD,NORMAL,42.29701,-83.12874
SE25092800436,2025-09-28T20:38:32Z,2025-09-28T21:37:05Z,4,2025-09-28T20:03:48Z,2025-09-29T00:35:00Z,6,6,Equipment problem,In Progres,OUTAGE,Service Transformer,RFD,NORMAL,42.5356,-83.1376
NW25092800454,2025-09-28T20:51:29Z,2025-09-28T21:37:05Z,3,2025-09-28T20:38:07Z,2025-09-29T20:45:00Z,1,1,Determined upon crew arrival,In Progres,OUTAGE,Single Customer,PON,NORMAL,42.7757,-83.24428
NW25092800457,2025-09-28T21:37:05Z,2025-09-29T07:51:32Z,23,2025-09-28T12:43:42Z,2025-09-29T21:10:00Z,1,1,Equipment problem,In Progres,OUTAGE,Single Customer,PON,NORMAL,42.62713,-83.24562
NW25092800463,2025-09-28T21:37:05Z,2025-09-29T10:44:30Z,30,2025-09-28T21:19:18Z,2025-09-29T21:20:00Z,1,1,Equipment problem,In Progres,OUTAGE,Single Customer,PON,NORMAL,42.55544,-83.24539
SE25092800467,2025-09-28T21:51:06Z,2025-09-29T14:53:42Z,39,2025-09-28T21:37:06Z,2025-09-29T21:35:00Z,1,1,Determined upon crew arrival,In Progres,OUTAGE,Single Customer,RFD,NORMAL,42.46267,-83.24739
SW25092800468,2025-09-28T21:51:06Z,2025-09-28T21:51:06Z,1,2025-09-28T21:40:42Z,2025-09-29T21:40:00Z,1,1,Determined upon crew arrival,New,OUTAGE,Single Customer,NPT,NORMAL,42.0043,-83.34364
SW25092800474,2025-09-28T22:16:54Z,2025-09-28T23:17:16Z,4,2025-09-28T21:50:30Z,2025-09-29T02:20:00Z,15,15,Equipment problem,In Progres,OUTAGE,Service Transformer,ANN,NORMAL,42.23875,-83.62691
NW25092800479,2025-09-28T22:38:28Z,2025-09-29T03:55:45Z,9,2025-09-28T22:04:03Z,2025-09-29T06:35:00Z,1,1,Animal/bird damaged DTE equip,In Progres,PRIORITY,,SBY,NORMAL,42.60085,-83.00338
NW25092800487,2025-09-28T22:38:28Z,2025-09-28T23:37:53Z,4,2025-09-28T22:18:55Z,2025-09-29T02:55:00Z,35,35,Determined upon crew arrival,In Progres,OUTAGE,Device (I),PON,NORMAL,42.63052,-83.36694
NW25092800488,2025-09-28T22:38:28Z,2025-09-29T10:44:30Z,27,2025-09-28T22:25:56Z,2025-09-29T11:00:00Z,36,1,Determined upon crew arrival,In Progres,OUTAGE,Device (I),PON,NORMAL,42.61069,-83.26451
NE25092800490,2025-09-28T22:51:35Z,2025-09-28T23:51:21Z,4,2025-09-28T22:22:58Z,2025-09-29T03:00:00Z,5,5,Determined upon crew arrival,In Progres,OUTAGE,Service Transformer,MTC,NORMAL,42.47475,-83.01569
NE25092800491,2025-09-28T22:51:35Z,2025-09-29T01:27:56Z,5,2025-09-28T22:30:55Z,2025-09-29T22:30:00Z,1,1,Determined upon crew arrival,In Progres,OUTAGE,Single Customer,LAP,NORMAL,42.8787,-83.11389
NW25092800498,2025-09-28T22:51:35Z,2025-09-29T01:27:56Z,5,2025-09-28T22:40:18Z,2025-09-29T03:10:00Z,3,3,Equipment problem,In Progres,OUTAGE,Service Transformer,HWL,NORMAL,42.55072,-83.99086
SE25092800492,2025-09-28T22:51:35Z,2025-09-29T12:42:20Z,31,2025-09-28T22:30:59Z,2025-09-29T22:30:00Z,1,1,Equipment problem,Pending,OUTAGE,Single Customer,RFD,NORMAL,42.33054,-83.28417
SE25092800497,2025-09-28T22:51:35Z,2025-09-29T08:50:59Z,21,2025-09-28T22:37:50Z,2025-09-29T11:10:00Z,16,16,Equipment problem,In Progres,OUTAGE,Service Transformer,RFD,NORMAL,42.51041,-83.09749
NE25092800511,2025-09-28T23:37:53Z,2025-09-29T02:51:59Z,4,2025-09-28T20:37:55Z,2025-09-29T23:25:00Z,1,1,Equipment problem,In Progres,OUTAGE,Single Customer,LAP,NORMAL,43.0538,-83.31478
NW25092800512,2025-09-28T23:37:53Z,2025-09-28T23:51:21Z,2,2025-09-28T23:11:37Z,2025-09-29T04:00:00Z,6,6,Equipment problem,In Progres,OUTAGE,Service Transformer,HWL,NORMAL,42.59239,-83.75315
SW25092800507,2025-09-28T23:37:53Z,2025-09-29T02:51:59Z,4,2025-09-28T23:04:27Z,2025-09-29T23:05:00Z,1,1,Determined upon crew arrival,New,OUTAGE,Single Customer,NPT,NORMAL,42.16222,-83.19772
SE25092800518,2025-09-28T23:51:21Z,2025-09-29T08:50:59Z,18,2025-09-28T23:41:03Z,2025-09-29T12:10:00Z,19,19,Determined upon crew arrival,In Progres,OUTAGE,Service Transformer,RFD,NORMAL,42.46187,-83.14395
NE25092800538,2025-09-29T01:27:56Z,2025-09-29T06:56:39Z,12,2025-09-29T00:58:57Z,2025-09-30T01:00:00Z,1,1,Determined upon crew arrival,In Progres,OUTAGE,Single Customer,MAR,NORMAL,43.00075,-82.7722
NE25092800543,2025-09-29T01:27:56Z,2025-09-29T05:41:28Z,9,2025-09-29T01:12:05Z,2025-09-29T05:45:00Z,376,376,Determined upon crew arrival,In Progres,OUTAGE,Device (II),MTC,NORMAL,42.83974,-82.83234
NE25092800544,2025-09-29T01:27:56Z,2025-09-29T01:27:56Z,1,2025-09-29T01:12:45Z,,1,1,Determined upon crew arrival,New,OUTAGE,Single Customer,MTC,NORMAL,42.88024,-82.83798
NE25092800545,2025-09-29T01:27:56Z,2025-09-29T01:27:56Z,1,2025-09-29T01:12:47Z,,1,1,Determined upon crew arrival,New,OUTAGE,Single Customer,MTC,NORMAL,42.86695,-82.84897
NE25092800546,2025-09-29T01:27:56Z,2025-09-29T01:27:56Z,1,2025-09-29T01:12:59Z,,1,1,Determined upon crew arrival,New,OUTAGE,Single Customer,MTC,NORMAL,42.86464,-82.85143
NE25092800547,2025-09-29T01:27:56Z,2025-09-29T01:27:56Z,1,2025-09-29T01:13:08Z,,1,1,Determined upon crew arrival,New,OUTAGE,Single Customer,MTC,NORMAL,42.84488,-82.87022
NE25092800548,2025-09-29T01:27:56Z,2025-09-29T01:27:56Z,1,2025-09-29T01:13:06Z,,41,41,Determined upon crew arrival,New,OUTAGE,Device (I),MTC,NORMAL,42.85241,-82.80828
NE25092800549,2025-09-29T01:27:56Z,2025-09-29T01:27:56Z,1,2025-09-29T01:13:16Z,,1,1,Determined upon crew arrival,New,OUTAGE,Single Customer,MTC,NORMAL,42.84481,-82.86419
NE25092800550,2025-09-29T01:27:56Z,2025-09-29T01:27:56Z,1,2025-09-29T01:13:23Z,,1,1,Determined upon crew arrival,New,OUTAGE,Single Customer,MTC,NORMAL,42.82264,-82.82149
NE25092800551,2025-09-29T01:27:56Z,2025-09-29T01:27:56Z,1,2025-09-29T01:13:21Z,,1,1,Determined upon crew arrival,New,OUTAGE,Single Customer,MTC,NORMAL,42.83692,-82.84551
NE25092800552,2025-09-29T01:27:56Z,2025-09-29T01:27:56Z,1,2025-09-29T01:13:27Z,,1,1,Determined upon crew arrival,New,OUTAGE,Single Customer,MTC,NORMAL,42.86332,-82.83702
NE25092800553,2025-09-29T01:27:56Z,2025-09-29T01:27:56Z,1,2025-09-29T01:13:28Z,,1,1,Determined upon crew arrival,New,OUTAGE,Single Customer,MTC,NORMAL,42.85304,-82.86361
NE25092800556,2025-09-29T01:27:56Z,2025-09-29T01:27:56Z,1,2025-09-29T01:13:39Z,,1,1,Determined upon crew arrival,New,OUTAGE,Single Customer,MTC,NORMAL,42.83382,-82.86507
NE25092800557,2025-09-29T01:27:56Z,2025-09-29T01:27:56Z,1,2025-09-29T01:13:39Z,,1,1,Determined upon crew arrival,New,OUTAGE,Single Customer,MTC,NORMAL,42.85133,-82.86458
NE25092800558,2025-09-29T01:27:56Z,2025-09-29T01:27:56Z,1,2025-09-29T01:13:41Z,,1,1,Determined upon crew arrival,New,OUTAGE,Single Customer,MTC,NORMAL,42.85503,-82.86359
NE25092800559,2025-09-29T01:27:56Z,2025-09-29T01:27:56Z,1,2025-09-29T01:13:36Z,,1,1,Determined upon crew arrival,New,OUTAGE,Single Customer,MTC,NORMAL,42.822,-82.8399
NE25092800560,2025-09-29T01:27:56Z,2025-09-29T01:27:56Z,1,2025-09-29T01:13:37Z,,3,3,Determined upon crew arrival,New,OUTAGE,Service Transformer,MTC,NORMAL,42.82209,-82.84324
NE25092800561,2025-09-29T01:27:56Z,2025-09-29T01:27:56Z,1,2025-09-29T01:13:43Z,,3,3,Determined upon crew arrival,New,OUTAGE,Service Transformer,MTC,NORMAL,42.86706,-82.82714
NE25092800563,2025-09-29T01:27:56Z,2025-09-29T01:27:56Z,1,2025-09-29T01:13:46Z,,1,1,Determined upon crew arrival,New,OUTAGE,Single Customer,MTC,NORMAL,42.82352,-82.84556
NE25092800564,2025-09-29T01:27:56Z,2025-09-29T01:27:56Z,1,2025-09-29T01:13:44Z,,2,2,Determined upon crew arrival,New,OUTAGE,Service Transformer,MTC,NORMAL,42.82206,-82.84527
NE25092800565,2025-09-29T01:27:56Z,2025-09-29T01:27:56Z,1,2025-09-29T01:13:46Z,,1,1,Determined upon crew arrival,New,OUTAGE,Single Customer,MTC,NORMAL,42.82205,-82.83819
NE25092800566,2025-09-29T01:27:56Z,2025-09-29T01:27:56Z,1,2025-09-29T01:13:44Z,,1,1,Determined upon crew arrival,New,OUTAGE,Single Customer,MTC,NORMAL,42.82191,-82.84696
NE25092800567,2025-09-29T01:27:56Z,2025-09-29T01:27:56Z,1,2025-09-29T01:13:49Z,,1,1,Determined upon crew arrival,New,OUTAGE,Single Customer,MTC,NORMAL,42.8198,-82.83436
NE25092800568,2025-09-29T01:27:56Z,2025-09-29T01:27:56Z,1,2025-09-29T01:13:51Z,,1,1,Determined upon crew arrival,New,OUTAGE,Single Customer,MTC,NORMAL,42.8521,-82.82909
NE25092800569,2025-09-29T01:27:56Z,2025-09-29T01:27:56Z,1,2025-09-29T01:13:55Z,,1,1,Determined upon crew arrival,New,OUTAGE,Single Customer,MTC,NORMAL,42.87803,-82.83624
NE25092800570,2025-09-29T01:27:56Z,2025-09-29T01:27:56Z,1,2025-09-29T01:14:07Z,,1,1,Determined upon crew arrival,New,OUTAGE,Single Customer,MTC,NORMAL,42.8526,-82.84199
NE25092800571,2025-09-29T01:27:56Z,2025-09-29T01:27:56Z,1,2025-09-29T01:14:11Z,,1,1,Determined upon crew arrival,New,OUTAGE,Single Customer,MTC,NORMAL,42.86602,-82.85324
NE25092800572,2025-09-29T01:27:56Z,2025-09-29T01:27:56Z,1,2025-09-29T01:14:19Z,,2,2,Determined upon crew arrival,New,OUTAGE,Service Transformer,MTC,NORMAL,42.86942,-82.83747
NE25092800573,2025-09-29T01:27:56Z,2025-09-29T01:27:56Z,1,2025-09-29T01:14:20Z,,1,1,Determined upon crew arrival,New,OUTAGE,Single Customer,MTC,NORMAL,42.8686,-82.83742
NE25092800574,2025-09-29T01:27:56Z,2025-09-29T01:27:56Z,1,2025-09-29T01:14:19Z,,1,1,Determined upon crew arrival,New,OUTAGE,Single Customer,MTC,NORMAL,42.82119,-82.87384
NE25092800576,2025-09-29T01:27:56Z,2025-09-29T01:27:56Z,1,2025-09-29T01:14:34Z,,1,1,Determined upon crew arrival,New,OUTAGE,Single Customer,MTC,NORMAL,42.84667,-82.86778
NE25092800577,2025-09-29T01:27:56Z,2025-09-29T01:27:56Z,1,2025-09-29T01:14:37Z,,1,1,Determined upon crew arrival,New,OUTAGE,Single Customer,MTC,NORMAL,42.83612,-82.86495
NE25092800578,2025-09-29T01:27:56Z,2025-09-29T01:27:56Z,1,2025-09-29T01:14:37Z,,1,1,Determined upon crew arrival,New,OUTAGE,Single Customer,MTC,NORMAL,42.8231,-82.81412
NE25092800579,2025-09-29T01:27:56Z,2025-09-29T01:27:56Z,1,2025-09-29T01:14:35Z,,1,1,Determined upon crew arrival,New,OUTAGE,Single Customer,MTC,NORMAL,42.87479,-82.84205
NE25092800580,2025-09-29T01:27:56Z,2025-09-29T01:27:56Z,1,2025-09-29T01:14:35Z,,1,1,Determined upon crew arrival,New,OUTAGE,Single Customer,MTC,NORMAL,42.82196,-82.85085
NE25092800581,2025-09-29T01:27:56Z,2025-09-29T01:27:56Z,1,2025-09-29T01:14:40Z,,1,1,Determined upon crew arrival,New,OUTAGE,Single Customer,MTC,NORMAL,42.86601,-82.84604
NE25092800582,2025-09-29T01:27:56Z,2025-09-29T01:27:56Z,1,2025-09-29T01:14:40Z,,1,1,Determined upon crew arrival,New,OUTAGE,Single Customer,MTC,NORMAL,42.85087,-82.87057
NE25092800584,2025-09-29T01:27:56Z,2025-09-29T01:27:56Z,1,2025-09-29T01:14:48Z,,1,1,Determined upon crew arrival,New,OUTAGE,Single Customer,MTC,NORMAL,42.84832,-82.85374
NE25092800585,2025-09-29T01:27:56Z,2025-09-29T01:27:56Z,1,2025-09-29T01:14:46Z,,1,1,Determined upon crew arrival,New,OUTAGE,Single Customer,MTC,NORMAL,42.83691,-82.84591
NE25092800586,2025-09-29T01:27:56Z,2025-09-29T01:27:56Z,1,2025-09-29T01:14:52Z,,1,1,Determined upon crew arrival,New,OUTAGE,Single Customer,MTC,NORMAL,42.87651,-82.84376
NE25092800587,2025-09-29T01:27:56Z,2025-09-29T01:27:56Z,1,2025-09-29T01:14:51Z,,1,1,Determined upon crew arrival,New,OUTAGE,Single Customer,MTC,NORMAL,42.83744,-82.85642
NE25092800588,2025-09-29T01:27:56Z,2025-09-29T01:27:56Z,1,2025-09-29T01:14:51Z,,1,1,Determined upon crew arrival,New,OUTAGE,Single Customer,MTC,NORMAL,42.82166,-82.87675
NE25092800589,2025-09-29T01:27:56Z,2025-09-29T01:27:56Z,1,2025-09-29T01:14:53Z,,1,1,Determined upon crew arrival,New,OUTAGE,Single Customer,MTC,NORMAL,42.83747,-82.85241
NE25092800590,2025-09-29T01:27:56Z,2025-09-29T01:27:56Z,1,2025-09-29T01:14:56Z,,1,1,Determined upon crew arrival,New,OUTAGE,Single Customer,MTC,NORMAL,42.84696,-82.86425
NE25092800591,2025-09-29T01:27:56Z,2025-09-29T01:27:56Z,1,2025-09-29T01:15:04Z,,1,1,Determined upon crew arrival,New,OUTAGE,Single Customer,MTC,NORMAL,42.86632,-82.85575
NE25092800592,2025-09-29T01:27:56Z,2025-09-29T01:27:56Z,1,2025-09-29T01:15:01Z,,1,1,Determined upon crew arrival,New,OUTAGE,Single Customer,MTC,NORMAL,42.84571,-82.87037
NE25092800593,2025-09-29T01:27:56Z,2025-09-29T01:27:56Z,1,2025-09-29T01:15:04Z,,1,1,Determined upon crew arrival,New,OUTAGE,Single Customer,MTC,NORMAL,42.8535,-82.83629
NE25092800594,2025-09-29T01:27:56Z,2025-09-29T01:27:56Z,1,2025-09-29T01:15:02Z,,3,3,Determined upon crew arrival,New,OUTAGE,Service Transformer,MTC,NORMAL,42.82207,-82.81425
NW25092800534,2025-09-29T01:27:56Z,2025-09-29T01:27:56Z,1,2025-09-29T00:17:46Z,2025-09-29T04:55:00Z,3,3,Equipment problem,In Progres,OUTAGE,Service Transformer,SBY,NORMAL,42.65814,-83.05412
NW25092800537,2025-09-29T01:27:56Z,2025-09-29T01:27:56Z,1,2025-09-29T00:58:44Z,2025-09-30T01:00:00Z,1,1,Determined upon crew arrival,In Progres,OUTAGE,Single Customer,PON,NORMAL,42.61289,-83.26608
SE25092800530,2025-09-29T01:27:56Z,2025-09-29T11:16:40Z,24,2025-09-28T22:21:04Z,2025-09-30T00:10:00Z,1,1,Determined upon crew arrival,Pending,OUTAGE,Single Customer,RFD,NORMAL,42.42762,-83.21426
SW25092800532,2025-09-29T01:27:56Z,2025-09-29T17:51:27Z,41,2025-09-29T00:17:54Z,2025-09-29T20:50:00Z,1,1,Determined upon crew arrival,In Progres,PRIORITY,,NPT,NORMAL,41.97712,-83.66599
SE25092800667,2025-09-29T02:51:59Z,2025-09-29T16:20:25Z,35,2025-09-29T02:33:17Z,2025-09-30T02:35:00Z,1,1,Equipment problem,In Progres,SERVICE DOWN NO,,CAN,NORMAL,42.39175,-83.03841
SW25092800631,2025-09-29T02:51:59Z,2025-09-29T03:55:45Z,3,2025-09-29T01:15:50Z,2025-09-29T05:50:00Z,19,19,Equipment problem,In Progres,OUTAGE,Device (II),WWS,NORMAL,42.47893,-83.44144
SW25092800663,2025-09-29T02:51:59Z,2025-09-29T14:53:42Z,31,2025-09-29T01:53:15Z,2025-09-29T18:25:00Z,2,2,Equipment problem,In Progres,OUTAGE,Service Secondary,WWS,NORMAL,42.23683,-83.23599
NW25092800669,2025-09-29T03:37:03Z,2025-09-29T05:20:30Z,6,2025-09-29T03:01:19Z,2025-09-29T07:30:00Z,2,2,Animal/bird damaged DTE equip,In Progres,OUTAGE,Service Transformer,HWL,NORMAL,42.48109,-83.69092
SE25092800668,2025-09-29T03:37:03Z,2025-09-29T14:53:42Z,30,2025-09-26T20:04:39Z,2025-09-30T02:55:00Z,1,1,Determined upon crew arrival,Pending,OUTAGE,Single Customer,CAN,NORMAL,42.37714,-82.98974
NE25092800671,2025-09-29T03:55:45Z,2025-09-29T23:50:54Z,55,2025-09-29T03:33:23Z,2025-09-30T00:05:00Z,1,1,Determined upon crew arrival,In Progres,PRIORITY,,MTC,NORMAL,42.54791,-82.90232
SE25092800672,2025-09-29T03:55:45Z,2025-09-29T15:20:18Z,30,2025-09-29T03:36:00Z,2025-09-30T03:35:00Z,1,1,Equipment problem,In Progres,OUTAGE,Single Customer,CAN,NORMAL,42.41355,-83.10656
NW25092800674,2025-09-29T04:25:48Z,2025-09-29T09:53:27Z,16,2025-09-29T03:43:02Z,2025-09-29T12:15:00Z,38,2,Animal/bird damaged DTE equip,In Progres,OUTAGE,Device (I),PON,NORMAL,42.68506,-83.21104
SW25092800682,2025-09-29T04:25:48Z,2025-09-29T15:51:35Z,31,2025-09-29T04:02:54Z,2025-09-30T04:05:00Z,1,1,Equipment problem,In Progres,OUTAGE,Single Customer,WWS,NORMAL,42.42233,-83.41864
SE25092800685,2025-09-29T04:55:40Z,2025-09-29T09:53:27Z,14,2025-09-29T04:32:40Z,2025-09-29T13:05:00Z,31,31,Determined upon crew arrival,In Progres,OUTAGE,Service Transformer,RFD,NORMAL,42.46177,-83.14702
NW25092900001,2025-09-29T05:20:30Z,2025-09-29T05:52:31Z,3,2025-09-29T05:07:51Z,2025-09-30T05:10:00Z,1,1,Determined upon crew arrival,PC3 Verifi,OUTAGE,Single Customer,SBY,NORMAL,42.68525,-83.20913
NE25092900007,2025-09-29T07:22:58Z,2025-09-29T14:43:15Z,19,2025-09-29T07:01:23Z,2025-09-30T07:00:00Z,1,1,Determined upon crew arrival,In Progres,OUTAGE,Single Customer,MTC,NORMAL,42.71595,-82.93479
NE25092900008,2025-09-29T07:22:58Z,2025-09-29T13:46:21Z,17,2025-09-29T07:13:33Z,2025-09-30T07:15:00Z,1,1,Public Interference w/DTE equip,In Progres,OUTAGE,Single Customer,MAR,NORMAL,42.9482,-82.47074
SW25092900006,2025-09-29T07:22:58Z,2025-09-29T11:51:10Z,14,2025-09-29T06:50:06Z,2025-09-29T15:20:00Z,1,1,Animal/bird damaged DTE equip,In Progres,PRIORITY,,NPT,NORMAL,42.00717,-83.32499
NE25092900013,2025-09-29T08:29:16Z,2025-09-29T13:46:21Z,14,2025-09-29T06:59:52Z,2025-09-30T07:50:00Z,1,1,Public Interference w/DTE equip,In Progres,OUTAGE,Single Customer,MAR,NORMAL,42.94855,-82.4708
SW25092900015,2025-09-29T08:29:16Z,2025-09-29T11:16:40Z,9,2025-09-29T08:04:17Z,2025-09-29T12:35:00Z,45,45,Equipment problem,In Progres,OUTAGE,Device (I),ANN,NORMAL,42.25046,-83.76268
NE25092900021,2025-09-29T09:23:09Z,2025-09-29T13:46:21Z,12,2025-09-29T08:58:20Z,2025-09-30T09:00:00Z,1,1,Equipment problem,In Progres,OUTAGE,Single Customer,MAR,NORMAL,43.25685,-82.90478
SE25092900024,2025-09-29T09:23:09Z,2025-09-29T22:16:17Z,36,2025-09-29T09:06:48Z,2025-09-30T01:40:00Z,231,153,Equipment problem,In Progres,OUTAGE,Device (II),CAN,NORMAL,42.34471,-83.02627
SE25092900025,2025-09-29T09:23:09Z,2025-09-29T17:17:36Z,22,2025-09-29T09:06:48Z,2025-09-29T17:40:00Z,333,333,Equipment problem,In Progres,OUTAGE,Device (I),CAN,NORMAL,42.34497,-83.0199
SE25092900030,2025-09-29T09:42:20Z,2025-09-29T09:53:27Z,2,2025-09-29T09:23:28Z,2025-09-30T09:25:00Z,1,1,Determined upon crew arrival,PC3 Verifi,OUTAGE,Single Customer,CAN,NORMAL,42.3486,-83.02489
SE25092900034,2025-09-29T10:44:30Z,2025-09-29T15:51:35Z,14,2025-09-29T00:33:29Z,2025-09-29T18:55:00Z,16,16,Equipment problem,In Progres,OUTAGE,Service Transformer,RFD,NORMAL,42.51041,-83.09749
SW25092900036,2025-09-29T10:55:07Z,2025-09-29T15:20:18Z,11,2025-09-29T10:41:57Z,2025-09-29T19:10:00Z,1,1,Determined upon crew arrival,In Progres,PRIORITY,,WWS,NORMAL,42.4567,-83.37163
SE25092900040,2025-09-29T11:16:40Z,2025-09-29T21:52:34Z,29,2025-09-29T10:48:55Z,2025-09-29T23:20:00Z,1,1,Problem with the customer equip,In Progres,PRIORITY,,CAN,NORMAL,42.34391,-83.02395
SW25092900041,2025-09-29T11:16:40Z,2025-09-29T11:16:40Z,1,2025-09-29T10:50:17Z,2025-09-29T15:20:00Z,1,1,Determined upon crew arrival,PC3 Verifi,PRIORITY,,ANN,NORMAL,42.4282,-83.77553
NW25092900048,2025-09-29T11:38:24Z,2025-09-29T16:39:12Z,13,2025-09-29T11:11:12Z,2025-09-30T11:10:00Z,1,1,Equipment problem,In Progres,OUTAGE,Single Customer,PON,NORMAL,42.54274,-83.20816
NW25092900053,2025-09-29T11:38:24Z,2025-09-29T14:53:42Z,8,2025-09-29T11:21:45Z,2025-09-30T11:20:00Z,1,1,Equipment problem,In Progres,OUTAGE,Single Customer,PON,NORMAL,42.79588,-83.24384
NW25092900054,2025-09-29T11:38:24Z,2025-09-29T17:17:36Z,15,2025-09-29T11:24:27Z,2025-09-30T11:25:00Z,1,1,Equipment problem,In Progres,OUTAGE,Single Customer,HWL,NORMAL,42.51826,-83.78316
SE25092900049,2025-09-29T11:38:24Z,2025-09-29T13:46:21Z,5,2025-09-29T11:12:25Z,2025-09-30T11:15:00Z,1,1,Public Interference w/DTE equip,In Progres,OUTAGE,Single Customer,CAN,NORMAL,42.4398,-82.9392
SW25092900044,2025-09-29T11:38:24Z,2025-09-29T19:51:23Z,22,2025-09-29T10:43:41Z,2025-09-30T11:00:00Z,1,1,Determined upon crew arrival,In Progres,OUTAGE,Single Customer,WWS,NORMAL,42.29332,-83.37535
SW25092900045,2025-09-29T11:38:24Z,2025-09-29T15:51:35Z,11,2025-09-29T10:50:17Z,2025-09-30T11:00:00Z,1,1,Animal/bird damaged DTE equip,In Progres,OUTAGE,Single Customer,ANN,NORMAL,42.4282,-83.77553
NW25092900058,2025-09-29T11:51:10Z,2025-09-29T12:42:20Z,2,2025-09-29T11:37:54Z,2025-09-29T16:10:00Z,7,7,Equipment problem,In Progres,OUTAGE,Service Transformer,PON,NORMAL,42.56684,-83.21474
SE25092900059,2025-09-29T11:51:10Z,2025-09-29T11:51:10Z,1,2025-09-29T11:28:07Z,,5,5,Determined upon crew arrival,New,OUTAGE,Service Transformer,RFD,NORMAL,42.48862,-83.25093
NE25092900067,2025-09-29T12:42:20Z,2025-09-30T14:42:03Z,63,2025-09-29T12:04:05Z,2025-10-01T00:05:00Z,1,1,Determined upon crew arrival,In Progres,SERVICE DOWN NO,,MTC,NORMAL,42.55926,-82.63193
NE25092900089,2025-09-29T12:42:20Z,2025-09-29T13:46:21Z,3,2025-09-29T12:21:30Z,2025-09-30T12:30:00Z,1,1,Animal/bird damaged DTE equip,In Progres,OUTAGE,Single Customer,MTC,NORMAL,42.71259,-82.80918
NW25092900076,2025-09-29T12:42:20Z,2025-09-29T19:15:48Z,18,2025-09-29T12:14:52Z,2025-09-30T12:15:00Z,1,1,Equipment problem,In Progres,OUTAGE,Single Customer,HWL,NORMAL,42.51256,-83.65458
NW25092900083,2025-09-29T12:42:20Z,2025-09-29T17:17:36Z,13,2025-09-29T12:24:57Z,2025-09-29T20:55:00Z,9,9,Equipment problem,In Progres,OUTAGE,Device (I),SBY,NORMAL,42.75494,-83.10258
SE25092900082,2025-09-29T12:42:20Z,2025-09-29T23:50:54Z,32,2025-09-29T12:03:25Z,2025-09-30T12:25:00Z,1,1,Equipment problem,In Progres,OUTAGE,Single Customer,RFD,NORMAL,42.32307,-83.30678
SE25092900091,2025-09-29T12:42:20Z,2025-09-29T12:42:20Z,1,2025-09-29T12:13:07Z,,1,1,Determined upon crew arrival,New,OUTAGE,Single Customer,CAN,NORMAL,42.43834,-83.03346
SW25092900063,2025-09-29T12:42:20Z,2025-09-29T17:37:41Z,14,2025-09-29T11:55:32Z,2025-09-30T11:55:00Z,1,1,Equipment problem,In Progres,OUTAGE,Single Customer,ANN,NORMAL,42.28535,-83.73551
SW25092900064,2025-09-29T12:42:20Z,2025-09-29T15:51:35Z,9,2025-09-29T12:02:15Z,2025-09-30T12:00:00Z,1,1,Determined upon crew arrival,In Progres,OUTAGE,Single Customer,WWS,NORMAL,42.31795,-83.33217
NE25092900118,2025-09-29T13:19:48Z,2025-09-29T13:46:21Z,2,2025-09-29T12:45:27Z,2025-09-30T12:45:00Z,1,1,Determined upon crew arrival,In Progres,OUTAGE,Single Customer,MTC,NORMAL,42.67341,-82.74722
NE25092900119,2025-09-29T13:19:48Z,2025-09-29T18:29:04Z,15,2025-09-29T12:45:56Z,2025-09-30T12:45:00Z,1,1,Equipment problem,Pending,OUTAGE,Single Customer,MTC,NORMAL,42.68819,-82.80433
NE25092900275,2025-09-29T13:19:48Z,2025-09-30T09:51:54Z,51,2025-09-29T13:09:27Z,2025-09-30T13:10:00Z,1,1,Public Interference w/DTE equip,In Progres,OUTAGE,Single Customer,MAR,NORMAL,43.26706,-82.53862
NE25092900276,2025-09-29T13:19:48Z,2025-09-29T19:15:48Z,17,2025-09-29T13:10:20Z,2025-09-30T13:10:00Z,1,1,Determined upon crew arrival,In Progres,OUTAGE,Single Customer,LAP,NORMAL,43.18257,-83.30848
NE25092900278,2025-09-29T13:19:48Z,2025-09-29T13:19:48Z,1,2025-09-29T13:11:37Z,2025-09-30T13:10:00Z,1,1,Determined upon crew arrival,New,OUTAGE,Single Customer,MTC,NORMAL,42.5183,-82.94986
NE25092900281,2025-09-29T13:19:48Z,2025-09-29T15:51:35Z,8,2025-09-29T13:13:19Z,2025-09-30T13:15:00Z,1,1,Animal/bird damaged DTE equip,In Progres,OUTAGE,Single Customer,MTC,NORMAL,42.55364,-82.88622
NW25092900122,2025-09-29T13:19:48Z,2025-09-29T17:37:41Z,13,2025-09-29T12:41:09Z,2025-09-29T21:20:00Z,3,3,Equipment problem,In Progres,OUTAGE,Service Transformer,PON,NORMAL,42.52815,-83.39507
NW25092900127,2025-09-29T13:19:48Z,2025-09-29T13:46:21Z,2,2025-09-29T12:50:46Z,2025-09-29T17:20:00Z,3688,3688,Determined upon crew arrival,In Progres,OUTAGE,Subtransmission,PON,NORMAL,42.53617,-83.32759
NW25092900128,2025-09-29T13:19:48Z,2025-09-29T16:20:25Z,9,2025-09-29T12:51:45Z,2025-09-29T17:20:00Z,37,37,Equipment problem,In Progres,OUTAGE,Device (I),PON,NORMAL,42.53953,-83.3292
NW25092900139,2025-09-29T13:19:48Z,2025-09-29T14:19:55Z,3,2025-09-29T12:53:05Z,2025-09-29T17:25:00Z,1,1,Determined upon crew arrival,In Progres,PRIORITY,,PON,NORMAL,42.53548,-83.36208
NW25092900155,2025-09-29T13:19:48Z,2025-09-29T13:46:21Z,2,2025-09-29T12:54:27Z,2025-09-29T17:25:00Z,1,1,Determined upon crew arrival,In Progres,PRIORITY,,PON,NORMAL,42.53217,-83.36333
NW25092900161,2025-09-29T13:19:48Z,2025-09-29T13:46:21Z,2,2025-09-29T12:55:09Z,2025-09-29T17:25:00Z,1,1,Determined upon crew arrival,In Progres,PRIORITY,,PON,NORMAL,42.53292,-83.35976
NW25092900182,2025-09-29T13:19:48Z,2025-09-29T13:46:21Z,2,2025-09-29T12:56:11Z,2025-09-29T17:25:00Z,1,1,Determined upon crew arrival,In Progres,PRIORITY,,PON,NORMAL,42.54275,-83.34071
NW25092900234,2025-09-29T13:19:48Z,2025-09-29T13:46:21Z,2,2025-09-29T12:58:20Z,2025-09-29T17:30:00Z,1,1,Determined upon crew arrival,In Progres,PRIORITY,,PON,NORMAL,42.53281,-83.28682
NW25092900239,2025-09-29T13:19:48Z,2025-09-29T14:19:55Z,3,2025-09-29T12:58:46Z,2025-09-29T17:30:00Z,1,1,Determined upon crew arrival,In Progres,PRIORITY,,PON,NORMAL,42.54253,-83.36103
NW25092900246,2025-09-29T13:19:48Z,2025-09-29T14:43:15Z,4,2025-09-29T13:00:43Z,2025-09-29T17:30:00Z,1,1,Determined upon crew arrival,PC3 Verifi,PRIORITY,,PON,NORMAL,42.54164,-83.35834
NW25092900247,2025-09-29T13:19:48Z,2025-09-29T17:17:36Z,12,2025-09-29T12:58:15Z,2025-09-29T17:30:00Z,12,12,Equipment problem,In Progres,OUTAGE,Device (I),PON,NORMAL,42.61524,-83.36558
NW25092900250,2025-09-29T13:19:48Z,2025-09-29T13:46:21Z,2,2025-09-29T12:58:18Z,2025-09-29T17:30:00Z,2,2,Determined upon crew arrival,New,OUTAGE,Service Secondary,PON,NORMAL,42.61623,-83.36196
NW25092900258,2025-09-29T13:19:48Z,2025-09-29T14:19:55Z,3,2025-09-29T13:03:51Z,2025-09-29T17:35:00Z,1,1,Determined upon crew arrival,In Progres,PRIORITY,,PON,NORMAL,42.54363,-83.28716
NW25092900260,2025-09-29T13:19:48Z,2025-09-29T13:46:21Z,2,2025-09-29T13:00:28Z,2025-09-30T13:05:00Z,1,1,Determined upon crew arrival,In Progres,OUTAGE,Single Customer,HWL,NORMAL,42.52229,-83.77708
NW25092900262,2025-09-29T13:19:48Z,2025-09-29T15:20:18Z,6,2025-09-29T13:05:37Z,2025-09-29T17:35:00Z,65,65,Equipment problem,In Progres,OUTAGE,Device (II),PON,NORMAL,42.57986,-83.19436
NW25092900270,2025-09-29T13:19:48Z,2025-09-29T14:53:42Z,5,2025-09-29T13:07:54Z,2025-09-29T17:40:00Z,1,1,Determined upon crew arrival,PC3 Verifi,PRIORITY,,PON,NORMAL,42.54208,-83.40588
NW25092900271,2025-09-29T13:19:48Z,2025-09-29T13:46:21Z,2,2025-09-29T13:07:57Z,2025-09-29T17:40:00Z,2,2,Determined upon crew arrival,In Progres,OUTAGE,Service Secondary,PON,NORMAL,42.54958,-83.34467
NW25092900274,2025-09-29T13:19:48Z,2025-09-29T16:39:12Z,10,2025-09-29T13:08:16Z,2025-09-29T17:40:00Z,1,1,Determined upon crew arrival,In Progres,PRIORITY,,PON,NORMAL,42.54729,-83.32131
SE25092900284,2025-09-29T13:19:48Z,2025-09-29T13:19:48Z,1,2025-09-29T13:14:09Z,,1,1,Determined upon crew arrival,New,OUTAGE,Single Customer,CAN,NORMAL,42.3886,-83.12273
SW25092900164,2025-09-29T13:19:48Z,2025-09-29T13:46:21Z,2,2025-09-29T12:54:28Z,2025-09-29T17:25:00Z,2728,2728,Equipment problem,In Progres,OUTAGE,Circuit Level,NPT,NORMAL,42.00016,-83.35302
SW25092900214,2025-09-29T13:19:48Z,2025-09-29T13:19:48Z,1,2025-09-29T12:57:01Z,2025-09-30T12:55:00Z,1,1,Determined upon crew arrival,New,OUTAGE,Single Customer,NPT,NORMAL,42.01518,-83.37976
SW25092900226,2025-09-29T13:19:48Z,2025-09-29T23:50:54Z,31,2025-09-29T12:57:50Z,2025-09-30T01:30:00Z,1,1,Determined upon crew arrival,PC3 Verifi,PRIORITY,,WWS,NORMAL,42.52298,-83.33751
SW25092900240,2025-09-29T13:19:48Z,2025-09-29T14:19:55Z,3,2025-09-29T12:58:45Z,2025-09-29T17:30:00Z,5,5,Determined upon crew arrival,In Progres,OUTAGE,Service Transformer,NPT,NORMAL,42.00144,-83.30842
SW25092900242,2025-09-29T13:19:48Z,2025-09-29T14:43:15Z,4,2025-09-29T12:59:36Z,2025-09-29T17:30:00Z,1,1,Determined upon crew arrival,PC3 Verifi,PRIORITY,,WWS,NORMAL,42.52561,-83.35938
SW25092900243,2025-09-29T13:19:48Z,2025-09-29T14:19:55Z,3,2025-09-29T12:59:36Z,2025-09-29T17:30:00Z,58,58,Determined upon crew arrival,In Progres,OUTAGE,Service Transformer,NPT,NORMAL,42.00232,-83.30802
SW25092900251,2025-09-29T13:19:48Z,2025-09-29T18:50:15Z,16,2025-09-29T13:01:47Z,2025-09-29T21:30:00Z,1,1,Animal/bird damaged DTE equip,In Progres,PRIORITY,,NPT,NORMAL,41.99181,-83.36205
SW25092900252,2025-09-29T13:19:48Z,2025-09-29T14:43:15Z,4,2025-09-29T13:02:06Z,2025-09-29T17:30:00Z,1,1,Determined upon crew arrival,PC3 Verifi,PRIORITY,,WWS,NORMAL,42.52452,-83.3581
SW25092900261,2025-09-29T13:19:48Z,2025-09-29T22:51:07Z,28,2025-09-29T13:04:35Z,2025-09-30T13:05:00Z,1,1,Determined upon crew arrival,In Progres,OUTAGE,Single Customer,WWS,NORMAL,42.23505,-83.26621
SW25092900263,2025-09-29T13:19:48Z,2025-09-29T20:51:36Z,22,2025-09-29T13:05:49Z,2025-09-30T13:05:00Z,1,1,Determined upon crew arrival,In Progres,OUTAGE,Single Customer,WWS,NORMAL,42.2273,-83.27173
SW25092900272,2025-09-29T13:19:48Z,2025-09-29T14:53:42Z,5,2025-09-29T13:07:58Z,2025-09-30T13:10:00Z,1,1,Determined upon crew arrival,New,OUTAGE,Single Customer,NPT,NORMAL,42.03999,-83.36013
SW25092900280,2025-09-29T13:19:48Z,2025-09-29T17:51:27Z,14,2025-09-29T13:13:00Z,2025-09-29T17:45:00Z,1,1,Determined upon crew arrival,In Progres,PRIORITY,,NPT,NORMAL,41.99272,-83.31645
SW25092900285,2025-09-29T13:19:48Z,2025-09-29T13:19:48Z,1,2025-09-29T13:14:21Z,,1,1,Determined upon crew arrival,New,OUTAGE,Single Customer,WWS,NORMAL,42.27855,-83.38818
NE25092900297,2025-09-29T13:46:21Z,2025-09-29T15:40:42Z,6,2025-09-29T13:18:55Z,2025-09-29T17:50:00Z,2,2,Determined upon crew arrival,In Progres,OUTAGE,Service Transformer,MTC,NORMAL,42.51932,-82.94929
NE25092900330,2025-09-29T13:46:21Z,2025-09-29T16:20:25Z,8,2025-09-29T06:59:52Z,2025-09-29T18:00:00Z,5,5,Public Interference w/DTE equip,In Progres,OUTAGE,Service Transformer,MAR,NORMAL,42.94764,-82.47077
NW25092900287,2025-09-29T13:46:21Z,2025-09-29T17:51:27Z,13,2025-09-29T13:15:21Z,2025-09-30T13:15:00Z,1,1,Determined upon crew arrival,In Progres,OUTAGE,Single Customer,SBY,NORMAL,42.75597,-83.10781
NW25092900298,2025-09-29T13:46:21Z,2025-09-29T14:43:15Z,3,2025-09-29T13:09:43Z,2025-09-30T13:20:00Z,1,1,Animal/bird damaged DTE equip,In Progres,OUTAGE,Single Customer,HWL,NORMAL,42.59662,-84.08826
NW25092900302,2025-09-29T13:46:21Z,2025-09-29T19:15:48Z,16,2025-09-29T13:20:47Z,2025-09-30T13:20:00Z,1,1,Equipment problem,In Progres,OUTAGE,Single Customer,PON,NORMAL,42.55627,-83.38243
NW25092900307,2025-09-29T13:46:21Z,2025-09-29T13:46:21Z,1,2025-09-29T13:23:22Z,2025-09-29T17:55:00Z,1265,1265,Determined upon crew arrival,In Progres,OUTAGE,Circuit Level,PON,NORMAL,42.77688,-83.41544
NW25092900317,2025-09-29T13:46:21Z,2025-09-29T13:46:21Z,1,2025-09-29T13:25:12Z,2025-09-30T13:25:00Z,1,1,Determined upon crew arrival,New,OUTAGE,Single Customer,PON,NORMAL,42.79197,-83.43892
NW25092900322,2025-09-29T13:46:21Z,2025-09-29T17:51:27Z,13,2025-09-29T13:27:07Z,2025-09-30T13:25:00Z,1,1,Determined upon crew arrival,In Progres,SERVICE DOWN NO,,SBY,NORMAL,42.62894,-83.01951
NW25092900325,2025-09-29T13:46:21Z,2025-09-29T13:46:21Z,1,2025-09-29T13:27:43Z,,1,1,Determined upon crew arrival,New,OUTAGE,Single Customer,PON,NORMAL,42.78891,-83.44773
SE25092900294,2025-09-29T13:46:21Z,2025-09-29T16:20:25Z,8,2025-09-29T13:18:27Z,2025-09-30T13:20:00Z,1,1,Energy theft,In Progres,OUTAGE,Single Customer,CAN,NORMAL,42.37719,-83.1117
SE25092900296,2025-09-29T13:46:21Z,2025-09-29T16:51:29Z,10,2025-09-29T13:18:47Z,2025-09-30T13:20:00Z,1,1,Determined upon crew arrival,In Progres,OUTAGE,Service Secondary,CAN,NORMAL,42.40363,-83.12786
SW25092900290,2025-09-29T13:46:21Z,2025-09-29T14:53:42Z,4,2025-09-29T13:16:07Z,2025-09-30T13:15:00Z,1,1,Animal/bird damaged DTE equip,Pending,OUTAGE,Single Customer,NPT,NORMAL,41.97951,-83.30335
SW25092900321,2025-09-29T13:46:21Z,2025-09-29T13:46:21Z,1,2025-09-29T13:27:00Z,,1,1,Determined upon crew arrival,New,OUTAGE,Single Customer,ANN,NORMAL,42.27181,-83.60858
SW25092900328,2025-09-29T13:46:21Z,2025-09-29T13:46:21Z,1,2025-09-29T12:58:21Z,,1,1,Determined upon crew arrival,New,OUTAGE,Single Customer,WWS,NORMAL,42.52523,-83.33939
SW25092900329,2025-09-29T13:46:21Z,2025-09-29T17:17:36Z,11,2025-09-29T13:17:16Z,2025-09-29T18:00:00Z,90,90,Determined upon crew arrival,In Progres,OUTAGE,Device (I),ANN,NORMAL,42.27174,-83.60532
NE25092900372,2025-09-29T14:19:55Z,2025-09-29T16:51:29Z,9,2025-09-29T13:37:31Z,2025-09-30T13:40:00Z,1,1,Animal/bird damaged DTE equip,In Progres,OUTAGE,Single Customer,MTC,NORMAL,42.48591,-83.00704
NE25092900407,2025-09-29T14:19:55Z,2025-09-29T15:51:35Z,6,2025-09-29T13:44:39Z,2025-09-30T13:45:00Z,1,1,Determined upon crew arrival,In Progres,OUTAGE,Single Customer,LAP,NORMAL,43.29307,-83.40292
NE25092900442,2025-09-29T14:19:55Z,2025-09-29T15:51:35Z,6,2025-09-29T13:54:11Z,2025-09-30T13:55:00Z,1,1,Determined upon crew arrival,In Progres,OUTAGE,Single Customer,NAE,NORMAL,43.67281,-83.56667
NE25092900447,2025-09-29T14:19:55Z,2025-09-29T15:40:42Z,5,2025-09-29T13:11:37Z,2025-09-29T18:25:00Z,2,2,Determined upon crew arrival,In Progres,OUTAGE,Service Secondary,MTC,NORMAL,42.51831,-82.94986
NE25092900453,2025-09-29T14:19:55Z,2025-09-29T15:40:42Z,5,2025-09-29T13:57:51Z,2025-09-29T18:30:00Z,2,2,Determined upon crew arrival,In Progres,OUTAGE,Service Secondary,MAR,NORMAL,43.05055,-82.45754
NE25092900457,2025-09-29T14:19:55Z,2025-09-29T14:43:15Z,2,2025-09-29T13:57:51Z,2025-09-29T18:30:00Z,22,22,Determined upon crew arrival,In Progres,OUTAGE,Service Transformer,MTC,NORMAL,42.49896,-82.99924
NE25092900477,2025-09-29T14:19:55Z,2025-09-29T14:53:42Z,3,2025-09-29T14:03:42Z,2025-09-29T18:35:00Z,2,2,Determined upon crew arrival,In Progres,OUTAGE,Service Transformer,MAR,NORMAL,43.05862,-82.52692
NE25092900488,2025-09-29T14:19:55Z,2025-09-29T14:43:15Z,2,2025-09-29T14:06:12Z,2025-09-30T14:05:00Z,1,1,Determined upon crew arrival,PC3 Verifi,OUTAGE,Single Customer,MAR,NORMAL,42.94855,-82.4708
NE25092900489,2025-09-29T14:19:55Z,2025-09-30T02:44:18Z,31,2025-09-29T04:24:02Z,2025-09-30T02:35:00Z,1,1,Determined upon crew arrival,In Progres,PRIORITY,,MTC,NORMAL,42.55553,-82.94949
NE25092900491,2025-09-29T14:19:55Z,2025-09-29T23:50:54Z,29,2025-09-27T17:32:51Z,2025-09-30T14:10:00Z,1,1,Determined upon crew arrival,In Progres,OUTAGE,Single Customer,MTC,NORMAL,42.49618,-83.00348
NE25092900492,2025-09-29T14:19:55Z,2025-09-29T14:19:55Z,1,2025-09-29T13:52:05Z,2025-09-29T18:40:00Z,5,5,Determined upon crew arrival,New,OUTAGE,Service Transformer,MAR,NORMAL,42.90043,-82.49045
NW25092900343,2025-09-29T14:19:55Z,2025-09-29T15:20:18Z,4,2025-09-29T13:25:45Z,2025-09-29T18:05:00Z,13,13,Equipment problem,In Progres,OUTAGE,Service Transformer,PON,NORMAL,42.6549,-83.26485
NW25092900362,2025-09-29T14:19:55Z,2025-09-29T15:51:35Z,6,2025-09-29T13:33:35Z,2025-09-29T18:05:00Z,74,74,Equipment problem,In Progres,OUTAGE,Device (II),HWL,NORMAL,42.46175,-83.8687
NW25092900371,2025-09-29T14:19:55Z,2025-09-29T17:51:27Z,12,2025-09-29T13:37:25Z,2025-09-30T13:40:00Z,1,1,Equipment problem,In Progres,OUTAGE,Single Customer,PON,NORMAL,42.63332,-83.21418
NW25092900404,2025-09-29T14:19:55Z,2025-09-29T14:43:15Z,2,2025-09-29T13:42:24Z,2025-09-29T18:15:00Z,9,9,Determined upon crew arrival,In Progres,OUTAGE,Service Transformer,SBY,NORMAL,42.68177,-83.04224
NW25092900408,2025-09-29T14:19:55Z,2025-09-29T15:20:18Z,4,2025-09-29T13:45:01Z,2025-09-30T13:45:00Z,1,1,Determined upon crew arrival,In Progres,OUTAGE,Single Customer,PON,NORMAL,42.75655,-83.42404
NW25092900452,2025-09-29T14:19:55Z,2025-09-29T14:43:15Z,2,2025-09-29T12:57:30Z,2025-09-30T14:00:00Z,1,1,Determined upon crew arrival,New,OUTAGE,Single Customer,PON,NORMAL,42.54268,-83.3525
NW25092900471,2025-09-29T14:19:55Z,2025-09-29T14:43:15Z,2,2025-09-29T13:02:31Z,2025-09-30T14:00:00Z,1,1,Determined upon crew arrival,New,OUTAGE,Single Customer,PON,NORMAL,42.54096,-83.28904
NW25092900478,2025-09-29T14:19:55Z,2025-09-29T14:43:15Z,2,2025-09-29T14:03:55Z,2025-09-30T14:05:00Z,1,1,Determined upon crew arrival,New,OUTAGE,Single Customer,PON,NORMAL,42.53709,-83.29182
NW25092900486,2025-09-29T14:19:55Z,2025-09-29T14:53:42Z,3,2025-09-29T14:05:43Z,2025-09-30T14:05:00Z,1,1,Determined upon crew arrival,New,OUTAGE,Single Customer,PON,NORMAL,42.57541,-83.193
NW25092900499,2025-09-29T14:19:55Z,2025-09-29T22:16:17Z,24,2025-09-29T14:11:47Z,2025-09-30T14:10:00Z,1,1,Equipment problem,In Progres,OUTAGE,Single Customer,PON,NORMAL,42.5342,-83.17687
NW25092900502,2025-09-29T14:19:55Z,2025-09-29T14:19:55Z,1,2025-09-29T14:14:26Z,,1,1,Determined upon crew arrival,New,OUTAGE,Single Customer,PON,NORMAL,42.52988,-83.33394
SE25092900333,2025-09-29T14:19:55Z,2025-09-29T15:20:18Z,4,2025-09-29T13:30:56Z,2025-09-30T13:30:00Z,1,1,Determined upon crew arrival,In Progres,OUTAGE,Single Customer,CAN,NORMAL,42.4373,-82.99914
SE25092900349,2025-09-29T14:19:55Z,2025-09-29T14:19:55Z,1,2025-09-29T13:34:01Z,2025-09-30T13:35:00Z,1,1,Determined upon crew arrival,In Progres,OUTAGE,Single Customer,RFD,NORMAL,42.43538,-83.30992
SE25092900351,2025-09-29T14:19:55Z,2025-09-29T17:51:27Z,12,2025-09-29T13:34:06Z,2025-09-30T13:35:00Z,1,1,Equipment problem,In Progres,OUTAGE,Single Customer,CAN,NORMAL,42.40775,-83.10205
SE25092900361,2025-09-29T14:19:55Z,2025-09-29T15:51:35Z,6,2025-09-29T13:35:47Z,2025-09-30T13:35:00Z,1,1,Determined upon crew arrival,In Progres,OUTAGE,Single Customer,CAN,NORMAL,42.44641,-83.00071
SE25092900369,2025-09-29T14:19:55Z,2025-09-29T15:40:42Z,5,2025-09-29T13:36:48Z,2025-09-30T13:35:00Z,1,1,Determined upon crew arrival,In Progres,OUTAGE,Single Customer,CAN,NORMAL,42.39217,-82.94786
SE25092900397,2025-09-29T14:19:55Z,2025-09-30T12:42:27Z,56,2025-09-29T13:33:02Z,2025-09-30T13:40:00Z,1,1,Determined upon crew arrival,In Progres,OUTAGE,Single Customer,RFD,NORMAL,42.41355,-83.19476
SE25092900433,2025-09-29T14:19:55Z,2025-09-29T16:39:12Z,8,2025-09-29T13:51:21Z,2025-09-30T13:50:00Z,1,1,Equipment problem,In Progres,OUTAGE,Single Customer,CAN,NORMAL,42.36159,-82.95499
SE25092900480,2025-09-29T14:19:55Z,2025-09-29T17:37:41Z,11,2025-09-29T14:04:04Z,2025-09-30T14:05:00Z,1,1,Determined upon crew arrival,In Progres,OUTAGE,Single Customer,CAN,NORMAL,42.43277,-83.05165
SW25092900336,2025-09-29T14:19:55Z,2025-09-29T14:53:42Z,3,2025-09-29T13:31:36Z,2025-09-30T13:30:00Z,1,1,Determined upon crew arrival,In Progres,OUTAGE,Service Secondary,WWS,NORMAL,42.43949,-83.36376
SW25092900389,2025-09-29T14:19:55Z,2025-09-29T19:15:48Z,15,2025-09-29T13:22:28Z,2025-09-29T22:10:00Z,11,11,Determined upon crew arrival,In Progres,OUTAGE,Device (I),ANN,NORMAL,42.2722,-83.60394
SW25092900406,2025-09-29T14:19:55Z,2025-09-29T22:51:07Z,26,2025-09-29T13:43:58Z,2025-09-30T13:45:00Z,1,1,Determined upon crew arrival,In Progres,OUTAGE,Single Customer,WWS,NORMAL,42.21207,-83.28846
SW25092900411,2025-09-29T14:19:55Z,2025-09-29T16:39:12Z,8,2025-09-29T13:46:47Z,2025-09-29T18:15:00Z,22,22,Determined upon crew arrival,In Progres,OUTAGE,Service Transformer,NPT,NORMAL,42.092,-83.28466
SW25092900423,2025-09-29T14:19:55Z,2025-09-30T07:20:23Z,42,2025-09-29T01:30:24Z,2025-09-30T13:50:00Z,1,1,Equipment problem,In Progres,OUTAGE,Single Customer,WWS,NORMAL,42.47917,-83.44285
SW25092900427,2025-09-29T14:19:55Z,2025-09-29T22:16:17Z,24,2025-09-29T13:49:25Z,2025-09-30T13:50:00Z,1,1,Determined upon crew arrival,In Progres,OUTAGE,Service Transformer,WWS,NORMAL,42.47892,-83.44889
SW25092900428,2025-09-29T14:19:55Z,2025-09-29T16:20:25Z,7,2025-09-29T13:41:04Z,2025-09-29T18:20:00Z,15,15,Determined upon crew arrival,In Progres,OUTAGE,Device (I),WWS,NORMAL,42.4044,-83.36216
SW25092900435,2025-09-29T14:19:55Z,2025-09-29T14:43:15Z,2,2025-09-29T13:52:37Z,2025-09-29T18:25:00Z,1,1,Determined upon crew arrival,New,PRIORITY,,WWS,NORMAL,42.52375,-83.35801
SW25092900436,2025-09-29T14:19:55Z,2025-09-29T14:19:55Z,1,2025-09-29T13:52:55Z,2025-09-30T13:55:00Z,1,1,Determined upon crew arrival,In Progres,OUTAGE,Single Customer,NPT,NORMAL,42.01056,-83.32271
SW25092900439,2025-09-29T14:19:55Z,2025-09-29T14:19:55Z,1,2025-09-29T13:53:38Z,2025-09-30T13:55:00Z,1,1,Determined upon crew arrival,In Progres,OUTAGE,Single Customer,NPT,NORMAL,42.00269,-83.34244
SW25092900440,2025-09-29T14:19:55Z,2025-09-29T14:19:55Z,1,2025-09-29T13:53:33Z,2025-09-30T13:55:00Z,1,1,Determined upon crew arrival,In Progres,OUTAGE,Single Customer,NPT,NORMAL,42.01361,-83.33438
SW25092900448,2025-09-29T14:19:55Z,2025-09-30T11:51:29Z,55,2025-09-29T13:56:00Z,2025-09-30T13:55:00Z,1,1,Equipment problem,In Progres,OUTAGE,Service Secondary,WWS,NORMAL,42.43217,-83.35616
SW25092900454,2025-09-29T14:19:55Z,2025-09-29T14:53:42Z,3,2025-09-29T13:57:52Z,2025-09-29T18:30:00Z,11,11,Determined upon crew arrival,In Progres,OUTAGE,Service Transformer,ANN,NORMAL,42.23372,-83.58789
SW25092900459,2025-09-29T14:19:55Z,2025-09-29T14:19:55Z,1,2025-09-29T13:59:10Z,2025-09-30T14:00:00Z,1,1,Determined upon crew arrival,In Progres,OUTAGE,Single Customer,NPT,NORMAL,41.98959,-83.36789
SW25092900461,2025-09-29T14:19:55Z,2025-09-29T16:39:12Z,8,2025-09-29T13:59:21Z,2025-09-29T18:30:00Z,10,10,Determined upon crew arrival,In Progres,OUTAGE,Service Transformer,WWS,NORMAL,42.31005,-83.32132
SW25092900465,2025-09-29T14:19:55Z,2025-09-29T15:40:42Z,5,2025-09-29T14:00:42Z,2025-09-30T14:00:00Z,1,1,Determined upon crew arrival,In Progres,OUTAGE,Single Customer,WWS,NORMAL,42.25791,-83.23656
SW25092900473,2025-09-29T14:19:55Z,2025-09-29T17:17:36Z,10,2025-09-29T14:03:13Z,2025-09-30T14:05:00Z,1,1,Determined upon crew arrival,New,OUTAGE,Single Customer,WWS,NORMAL,42.43217,-83.35616
SW25092900481,2025-09-29T14:19:55Z,2025-09-29T18:29:04Z,13,2025-09-29T14:04:14Z,2025-09-30T14:05:00Z,1,1,Determined upon crew arrival,In Progres,OUTAGE,Service Secondary,WWS,NORMAL,42.29484,-83.37725
SW25092900484,2025-09-29T14:19:55Z,2025-09-29T16:39:12Z,8,2025-09-29T13:59:21Z,2025-09-29T18:35:00Z,7,7,Determined upon crew arrival,Pending,OUTAGE,Service Transformer,WWS,NORMAL,42.31,-83.3249
SW25092900493,2025-09-29T14:19:55Z,2025-09-29T14:53:42Z,3,2025-09-29T14:08:29Z,2025-09-30T14:10:00Z,1,1,Determined upon crew arrival,In Progres,OUTAGE,Single Customer,NPT,NORMAL,42.00631,-83.3425
SW25092900496,2025-09-29T14:19:55Z,2025-09-29T17:17:36Z,10,2025-09-29T14:09:15Z,2025-09-30T14:10:00Z,1,1,Determined upon crew arrival,In Progres,OUTAGE,Single Customer,WWS,NORMAL,42.25694,-83.2365
SW25092900497,2025-09-29T14:19:55Z,2025-09-29T14:43:15Z,2,2025-09-29T14:09:57Z,2025-09-30T14:10:00Z,1,1,Determined upon crew arrival,New,OUTAGE,Single Customer,NPT,NORMAL,42.00478,-83.32748
SW25092900500,2025-09-29T14:19:55Z,2025-09-29T14:53:42Z,3,2025-09-29T14:11:58Z,2025-09-30T14:10:00Z,1,1,Determined upon crew arrival,In Progres,OUTAGE,Single Customer,NPT,NORMAL,42.00406,-83.35376
NE25092900528,2025-09-29T14:43:15Z,2025-09-29T15:40:42Z,4,2025-09-29T14:23:51Z,2025-09-30T14:25:00Z,1,1,Determined upon crew arrival,In Progres,OUTAGE,Single Customer,LAP,NORMAL,43.18409,-83.29877
NW25092900510,2025-09-29T14:43:15Z,2025-09-29T14:53:42Z,2,2025-09-29T12:55:09Z,2025-09-29T18:50:00Z,1,1,Determined upon crew arrival,In Progres,PRIORITY,,PON,NORMAL,42.53292,-83.35976
NW25092900524,2025-09-29T14:43:15Z,2025-09-29T14:43:15Z,1,2025-09-29T14:22:40Z,2025-09-30T14:25:00Z,1,1,Determined upon crew arrival,New,OUTAGE,Single Customer,PON,NORMAL,42.53233,-83.33571
SE25092900509,2025-09-29T14:43:15Z,2025-09-29T16:20:25Z,6,2025-09-29T14:17:28Z,2025-09-29T18:50:00Z,2,2,Determined upon crew arrival,In Progres,OUTAGE,Service Secondary,CAN,NORMAL,42.39165,-82.95689
SE25092900513,2025-09-29T14:43:15Z,2025-09-29T17:17:36Z,9,2025-09-29T14:18:55Z,2025-09-30T14:20:00Z,1,1,Determined upon crew arrival,In Progres,OUTAGE,Service Secondary,CAN,NORMAL,42.40958,-83.12809
SE25092900530,2025-09-29T14:43:15Z,2025-09-29T22:16:17Z,23,2025-09-29T14:08:54Z,2025-09-30T14:25:00Z,1,1,Equipment problem,In Progres,OUTAGE,Single Customer,RFD,NORMAL,42.4085,-83.25279
SE25092900531,2025-09-29T14:43:15Z,2025-09-29T16:39:12Z,7,2025-09-29T14:25:39Z,2025-09-30T14:25:00Z,1,1,Determined upon crew arrival,In Progres,OUTAGE,Single Customer,CAN,NORMAL,42.38292,-83.13523
SW25092900504,2025-09-29T14:43:15Z,2025-09-29T15:20:18Z,3,2025-09-29T14:12:33Z,2025-09-29T18:45:00Z,8,8,Determined upon crew arrival,In Progres,OUTAGE,Service Transformer,NPT,NORMAL,42.11072,-83.2341
SW25092900512,2025-09-29T14:43:15Z,2025-09-29T14:53:42Z,2,2025-09-29T14:18:33Z,2025-09-30T14:20:00Z,1,1,Determined upon crew arrival,In Progres,OUTAGE,Single Customer,WWS,NORMAL,42.29149,-83.38167
SW25092900532,2025-09-29T14:43:15Z,2025-09-29T14:43:15Z,1,2025-09-29T14:26:35Z,2025-09-30T14:25:00Z,1,1,Determined upon crew arrival,New,OUTAGE,Single Customer,ANN,NORMAL,42.27273,-83.60715
NE25092900552,2025-09-29T14:53:42Z,2025-09-29T15:51:35Z,4,2025-09-29T14:35:36Z,2025-09-30T14:35:00Z,1,1,Determined upon crew arrival,In Progres,OUTAGE,Single Customer,LAP,NORMAL,43.30193,-83.37426
NW25092900551,2025-09-29T14:53:42Z,2025-09-29T17:51:27Z,10,2025-09-29T14:31:08Z,2025-09-29T19:05:00Z,54,54,Equipment problem,Pending,OUTAGE,Device (I),PON,NORMAL,42.73529,-83.30122
NW25092900557,2025-09-29T14:53:42Z,2025-09-29T17:17:36Z,8,2025-09-29T14:38:40Z,2025-09-30T14:40:00Z,1,1,Determined upon crew arrival,In Progres,OUTAGE,Single Customer,PON,NORMAL,42.61623,-83.36196
NW25092900567,2025-09-29T14:53:42Z,2025-09-29T20:19:24Z,16,2025-09-29T14:44:57Z,2025-09-30T14:45:00Z,1,1,Determined upon crew arrival,In Progres,OUTAGE,Single Customer,SBY,NORMAL,42.57429,-83.06134
SE25092900540,2025-09-29T14:53:42Z,2025-09-29T17:17:36Z,8,2025-09-29T14:30:48Z,2025-09-30T14:30:00Z,1,1,Determined upon crew arrival,In Progres,OUTAGE,Service Secondary,CAN,NORMAL,42.4382,-83.0073
SW25092900553,2025-09-29T14:53:42Z,2025-09-29T16:39:12Z,6,2025-09-29T14:34:43Z,2025-09-29T19:05:00Z,34,34,Equipment problem,In Progres,OUTAGE,Device (I),WWS,NORMAL,42.44595,-83.48527
SW25092900560,2025-09-29T14:53:42Z,2025-09-29T14:53:42Z,1,2025-09-29T14:39:54Z,2025-09-30T14:40:00Z,1,1,Determined upon crew arrival,New,OUTAGE,Single Customer,NPT,NORMAL,42.00117,-83.3503
NE25092900613,2025-09-29T15:20:18Z,2025-09-29T16:39:12Z,5,2025-09-29T15:01:42Z,2025-09-30T15:00:00Z,1,1,Determined upon crew arrival,In Progres,OUTAGE,Single Customer,MAR,NORMAL,43.02748,-82.94372
NE25092900626,2025-09-29T15:20:18Z,2025-09-29T17:17:36Z,7,2025-09-29T15:07:25Z,2025-09-29T19:40:00Z,25,25,Determined upon crew arrival,In Progres,OUTAGE,Service Transformer,MTC,NORMAL,42.46893,-82.95978
NE25092900632,2025-09-29T15:20:18Z,2025-09-29T16:20:25Z,4,2025-09-29T15:10:36Z,2025-09-30T15:10:00Z,1,1,Determined upon crew arrival,In Progres,OUTAGE,Single Customer,NAE,NORMAL,43.42653,-82.83127
NW25092900580,2025-09-29T15:20:18Z,2025-09-29T20:51:36Z,17,2025-09-29T14:50:26Z,2025-09-30T14:50:00Z,1,1,Equipment problem,In Progres,OUTAGE,Single Customer,HWL,NORMAL,42.48032,-83.72646
NW25092900590,2025-09-29T15:20:18Z,2025-09-29T16:51:29Z,6,2025-09-29T14:55:30Z,2025-09-30T14:55:00Z,1,1,Determined upon crew arrival,In Progres,OUTAGE,Single Customer,SBY,NORMAL,42.5552,-82.97859
NW25092900601,2025-09-29T15:20:18Z,2025-09-29T17:17:36Z,7,2025-09-29T14:53:14Z,2025-09-29T19:30:00Z,7,7,Equipment problem,In Progres,OUTAGE,Service Transformer,PON,NORMAL,42.55998,-83.09509
NW25092900603,2025-09-29T15:20:18Z,2025-09-29T15:20:18Z,1,2025-09-29T14:58:45Z,2025-09-30T15:00:00Z,1,1,Determined upon crew arrival,In Progres,OUTAGE,Single Customer,SBY,NORMAL,42.5884,-83.08355
NW25092900604,2025-09-29T15:20:18Z,2025-09-30T01:25:49Z,27,2025-09-29T15:00:17Z,2025-09-30T15:00:00Z,1,1,Equipment problem,In Progres,OUTAGE,Single Customer,HWL,NORMAL,42.47949,-83.72914
NW25092900607,2025-09-29T15:20:18Z,2025-09-29T20:19:24Z,15,2025-09-29T14:58:41Z,2025-09-29T23:30:00Z,160,160,Equipment problem,In Progres,OUTAGE,Device (I),SBY,NORMAL,42.58951,-83.08354
NW25092900615,2025-09-29T15:20:18Z,2025-09-29T17:51:27Z,9,2025-09-29T15:02:26Z,2025-09-30T15:05:00Z,1,1,Equipment problem,In Progres,OUTAGE,Single Customer,HWL,NORMAL,42.64298,-83.77839
NW25092900616,2025-09-29T15:20:18Z,2025-09-29T17:17:36Z,7,2025-09-29T15:03:46Z,2025-09-30T15:05:00Z,1,1,Equipment problem,In Progres,OUTAGE,Single Customer,HWL,NORMAL,42.75099,-84.34888
NW25092900627,2025-09-29T15:20:18Z,2025-09-29T18:29:04Z,10,2025-09-29T15:08:03Z,2025-09-29T19:40:00Z,2,2,Determined upon crew arrival,In Progres,OUTAGE,Service Secondary,PON,NORMAL,42.66532,-83.30592
NW25092900631,2025-09-29T15:20:18Z,2025-09-29T15:20:18Z,1,2025-09-29T15:09:33Z,2025-09-30T15:10:00Z,1,1,Determined upon crew arrival,New,OUTAGE,Single Customer,PON,NORMAL,42.55169,-83.30461
NW25092900635,2025-09-29T15:20:18Z,2025-09-29T18:29:04Z,10,2025-09-29T15:11:39Z,2025-09-30T15:10:00Z,1,1,Determined upon crew arrival,In Progres,OUTAGE,Single Customer,SBY,NORMAL,42.55848,-82.97439
NW25092900643,2025-09-29T15:20:18Z,2025-09-29T15:20:18Z,1,2025-09-29T13:04:25Z,,1,1,Determined upon crew arrival,New,OUTAGE,Single Customer,PON,NORMAL,42.54208,-83.35008
SE25092900569,2025-09-29T15:20:18Z,2025-09-29T16:39:12Z,5,2025-09-29T14:45:28Z,2025-09-29T19:15:00Z,2,2,Determined upon crew arrival,In Progres,OUTAGE,Service Secondary,CAN,NORMAL,42.4382,-83.0073
SE25092900576,2025-09-29T15:20:18Z,2025-09-29T15:51:35Z,3,2025-09-29T14:48:19Z,2025-09-29T19:20:00Z,2,2,Determined upon crew arrival,In Progres,OUTAGE,Service Secondary,CAN,NORMAL,42.36025,-83.02176
SE25092900608,2025-09-29T15:20:18Z,2025-09-29T17:37:41Z,8,2025-09-29T15:00:46Z,2025-09-30T15:00:00Z,1,1,Problem with the customer equip,In Progres,OUTAGE,Single Customer,CAN,NORMAL,42.41122,-82.98967
SE25092900619,2025-09-29T15:20:18Z,2025-09-29T17:51:27Z,9,2025-09-29T15:04:43Z,2025-09-30T15:05:00Z,1,1,Equipment problem,In Progres,OUTAGE,Single Customer,CAN,NORMAL,42.40324,-82.91935
SE25092900620,2025-09-29T15:20:18Z,2025-09-29T15:51:35Z,3,2025-09-29T15:05:03Z,2025-09-30T15:05:00Z,1,1,Determined upon crew arrival,In Progres,OUTAGE,Service Secondary,CAN,NORMAL,42.40605,-83.12301
SE25092900634,2025-09-29T15:20:18Z,2025-09-29T15:51:35Z,3,2025-09-29T15:11:33Z,2025-09-29T19:40:00Z,2,2,Determined upon crew arrival,In Progres,OUTAGE,Service Secondary,CAN,NORMAL,42.3907,-83.13245
SW25092900575,2025-09-29T15:20:18Z,2025-09-29T16:39:12Z,5,2025-09-29T14:45:27Z,2025-09-29T19:20:00Z,3,3,Equipment problem,In Progres,OUTAGE,Service Transformer,WWS,NORMAL,42.41909,-83.3877
SW25092900579,2025-09-29T15:20:18Z,2025-09-29T16:39:12Z,5,2025-09-29T14:50:04Z,2025-09-29T19:20:00Z,2,2,Determined upon crew arrival,In Progres,OUTAGE,Service Secondary,ANN,NORMAL,42.24938,-83.5851
SW25092900588,2025-09-29T15:20:18Z,2025-09-29T17:17:36Z,7,2025-09-29T14:55:20Z,2025-09-30T14:55:00Z,1,1,Determined upon crew arrival,New,OUTAGE,Single Customer,NPT,NORMAL,42.01154,-83.33255
SW25092900610,2025-09-29T15:20:18Z,2025-09-29T17:17:36Z,7,2025-09-29T15:00:58Z,2025-09-30T15:00:00Z,1,1,Determined upon crew arrival,New,OUTAGE,Single Customer,NPT,NORMAL,42.01268,-83.32266
SW25092900639,2025-09-29T15:20:18Z,2025-09-29T17:51:27Z,9,2025-09-29T15:13:00Z,2025-09-29T19:45:00Z,11,11,Determined upon crew arrival,In Progres,OUTAGE,Service Transformer,WWS,NORMAL,42.30448,-83.39317
NE25092900671,2025-09-29T15:40:42Z,2025-09-29T17:17:36Z,6,2025-09-29T15:27:07Z,2025-09-30T15:25:00Z,1,1,Determined upon crew arrival,In Progres,OUTAGE,Single Customer,MTC,NORMAL,42.71589,-82.80024
NW25092900651,2025-09-29T15:40:42Z,2025-09-29T16:51:29Z,5,2025-09-29T15:17:00Z,2025-09-29T19:45:00Z,14,14,Equipment problem,In Progres,OUTAGE,Service Transformer,PON,NORMAL,42.65903,-83.30393
NW25092900660,2025-09-29T15:40:42Z,2025-09-29T18:29:04Z,9,2025-09-29T15:22:55Z,2025-09-30T15:25:00Z,1,1,Determined upon crew arrival,In Progres,OUTAGE,Single Customer,PON,NORMAL,42.58184,-83.10874
NW25092900675,2025-09-29T15:40:42Z,2025-09-29T17:37:41Z,7,2025-09-29T15:21:35Z,2025-09-30T15:30:00Z,1,1,Determined upon crew arrival,Pending,OUTAGE,Single Customer,PON,NORMAL,42.55169,-83.30461
SE25092900654,2025-09-29T15:40:42Z,2025-09-29T16:20:25Z,3,2025-09-29T15:19:54Z,2025-09-29T19:50:00Z,14,14,Determined upon crew arrival,In Progres,OUTAGE,Service Transformer,CAN,NORMAL,42.40366,-83.12416
SE25092900673,2025-09-29T15:40:42Z,2025-09-29T16:20:25Z,3,2025-09-29T15:27:35Z,2025-09-30T15:30:00Z,1,1,Determined upon crew arrival,In Progres,OUTAGE,Single Customer,RFD,NORMAL,42.39322,-83.27947
SW25092900652,2025-09-29T15:40:42Z,2025-09-29T16:39:12Z,4,2025-09-29T15:17:29Z,2025-09-30T15:20:00Z,1,1,Determined upon crew arrival,In Progres,OUTAGE,Service Secondary,ANN,NORMAL,42.25757,-83.58521
SW25092900655,2025-09-29T15:40:42Z,2025-09-29T19:15:48Z,11,2025-09-29T15:20:29Z,2025-09-30T15:20:00Z,1,1,Determined upon crew arrival,In Progres,OUTAGE,Single Customer,WWS,NORMAL,42.514,-83.34923
SW25092900656,2025-09-29T15:40:42Z,2025-09-29T15:40:42Z,1,2025-09-29T15:05:15Z,2025-09-29T19:50:00Z,404,404,Determined upon crew arrival,New,OUTAGE,Device (II),NPT,NORMAL,41.94847,-83.62109
SW25092900658,2025-09-29T15:40:42Z,2025-09-29T18:29:04Z,9,2025-09-29T15:22:30Z,2025-09-29T19:55:00Z,9,9,Determined upon crew arrival,In Progres,OUTAGE,Service Transformer,ANN,NORMAL,42.25091,-83.68712
SW25092900665,2025-09-29T15:40:42Z,2025-09-29T15:51:35Z,2,2025-09-29T15:25:18Z,2025-09-29T19:55:00Z,11,11,Determined upon crew arrival,In Progres,OUTAGE,Service Transformer,WWS,NORMAL,42.41526,-83.3402
SW25092900676,2025-09-29T15:40:42Z,2025-09-29T19:15:48Z,11,2025-09-29T15:29:25Z,2025-09-30T15:30:00Z,1,1,Determined upon crew arrival,New,OUTAGE,Single Customer,WWS,NORMAL,42.51347,-83.35419
NE25092900698,2025-09-29T15:51:35Z,2025-09-29T16:51:29Z,4,2025-09-29T15:44:50Z,2025-09-29T20:15:00Z,2,2,Determined upon crew arrival,In Progres,OUTAGE,Service Transformer,MTC,NORMAL,42.82164,-82.76182
NW25092900693,2025-09-29T15:51:35Z,2025-09-29T17:37:41Z,6,2025-09-29T15:40:32Z,2025-09-29T20:10:00Z,49,49,Equipment problem,In Progres,OUTAGE,Device (I),PON,NORMAL,42.73529,-83.30221
NW25092900695,2025-09-29T15:51:35Z,2025-09-29T17:17:36Z,5,2025-09-29T15:42:22Z,2025-09-30T15:40:00Z,1,1,Equipment problem,New,OUTAGE,Single Customer,HWL,NORMAL,42.5547,-83.8738
SE25092900691,2025-09-29T15:51:35Z,2025-09-29T15:51:35Z,1,2025-09-29T15:38:18Z,2025-09-30T15:40:00Z,1,1,Determined upon crew arrival,In Progres,OUTAGE,Single Customer,CAN,NORMAL,42.40639,-83.12188
SW25092900682,2025-09-29T15:51:35Z,2025-09-29T17:17:36Z,5,2025-09-29T15:25:13Z,2025-09-30T15:30:00Z,2,2,Determined upon crew arrival,In Progres,OUTAGE,Service Secondary,WWS,NORMAL,42.27035,-83.33218
SW25092900690,2025-09-29T15:51:35Z,2025-09-29T15:51:35Z,1,2025-09-29T15:37:57Z,2025-09-29T20:10:00Z,39,39,Determined upon crew arrival,New,OUTAGE,Device (I),WWS,NORMAL,42.20551,-83.51559
SW25092900694,2025-09-29T15:51:35Z,2025-09-29T17:17:36Z,5,2025-09-29T15:40:44Z,2025-09-29T20:10:00Z,9,9,Determined upon crew arrival,In Progres,OUTAGE,Service Transformer,WWS,NORMAL,42.48653,-83.43756
NW25092900731,2025-09-29T16:20:25Z,2025-09-29T16:39:12Z,2,2025-09-29T13:04:25Z,2025-09-30T16:10:00Z,1,1,Determined upon crew arrival,New,OUTAGE,Single Customer,PON,NORMAL,42.54208,-83.35008
SE25092900716,2025-09-29T16:20:25Z,2025-09-29T17:51:27Z,6,2025-09-29T15:56:57Z,2025-09-30T15:55:00Z,1,1,Determined upon crew arrival,In Progres,OUTAGE,Single Customer,CAN,NORMAL,42.43695,-83.00034
SE25092900723,2025-09-29T16:20:25Z,2025-09-29T19:15:48Z,9,2025-09-29T16:03:03Z,2025-09-30T16:05:00Z,1,1,Equipment problem,In Progres,SERVICE DOWN NO,,CAN,NORMAL,42.36109,-83.1309
SE25092900736,2025-09-29T16:20:25Z,2025-09-29T16:20:25Z,1,2025-09-29T16:10:30Z,2025-09-30T16:10:00Z,1,1,Determined upon crew arrival,New,OUTAGE,Single Customer,RFD,NORMAL,42.44757,-83.30693
SW25092900709,2025-09-29T16:20:25Z,2025-09-29T16:51:29Z,3,2025-09-29T15:53:49Z,2025-09-30T15:55:00Z,1,1,Equipment problem,In Progres,OUTAGE,Single Customer,ANN,NORMAL,42.10941,-83.87641
SW25092900715,2025-09-29T16:20:25Z,2025-09-29T17:17:36Z,4,2025-09-29T15:56:45Z,2025-09-29T20:25:00Z,5,5,Determined upon crew arrival,In Progres,OUTAGE,Service Transformer,ANN,NORMAL,42.17908,-83.78121
SW25092900722,2025-09-29T16:20:25Z,2025-09-29T16:39:12Z,2,2025-09-29T16:02:47Z,2025-09-29T20:35:00Z,6,6,Determined upon crew arrival,In Progres,OUTAGE,Service Transformer,WWS,NORMAL,42.44005,-83.36136
SW25092900724,2025-09-29T16:20:25Z,2025-09-29T16:20:25Z,1,2025-09-29T16:04:16Z,2025-09-29T20:35:00Z,4,4,Determined upon crew arrival,In Progres,OUTAGE,Service Transformer,ANN,NORMAL,42.24259,-83.58353
SW25092900739,2025-09-29T16:20:25Z,2025-09-29T16:20:25Z,1,2025-09-29T16:11:20Z,2025-09-30T16:10:00Z,1,1,Determined upon crew arrival,New,OUTAGE,Single Customer,NPT,NORMAL,42.01964,-83.61067
SE25092900761,2025-09-29T16:39:12Z,2025-09-29T17:37:41Z,4,2025-09-29T16:20:28Z,2025-09-30T16:20:00Z,1,1,Determined upon crew arrival,In Progres,OUTAGE,Single Customer,CAN,NORMAL,42.3943,-83.12514
SW25092900746,2025-09-29T16:39:12Z,2025-09-29T16:39:12Z,1,2025-09-29T16:15:08Z,2025-09-29T20:45:00Z,54,54,Determined upon crew arrival,In Progres,OUTAGE,Device (I),WWS,NORMAL,42.46447,-83.40855
SW25092900748,2025-09-29T16:39:12Z,2025-09-29T16:39:12Z,1,2025-09-29T16:15:09Z,2025-09-29T20:45:00Z,48,48,Determined upon crew arrival,In Progres,OUTAGE,Device (I),WWS,NORMAL,42.466,-83.4011
SW25092900753,2025-09-29T16:39:12Z,2025-09-29T16:39:12Z,1,2025-09-29T16:15:11Z,2025-09-29T20:45:00Z,8,8,Determined upon crew arrival,In Progres,OUTAGE,Service Transformer,WWS,NORMAL,42.46189,-83.39677
SW25092900757,2025-09-29T16:39:12Z,2025-09-29T16:39:12Z,1,2025-09-29T16:18:49Z,2025-09-30T16:20:00Z,1,1,Determined upon crew arrival,In Progres,OUTAGE,Single Customer,WWS,NORMAL,42.46345,-83.40624
SW25092900762,2025-09-29T16:39:12Z,2025-09-29T16:39:12Z,1,2025-09-29T16:15:10Z,2025-09-29T20:50:00Z,12,12,Determined upon crew arrival,In Progres,OUTAGE,Device (I),WWS,NORMAL,42.46132,-83.3991
NW25092900785,2025-09-29T16:51:29Z,2025-09-29T19:15:48Z,7,2025-09-29T16:35:53Z,2025-09-29T21:10:00Z,2,2,Equipment problem,In Progres,OUTAGE,Service Transformer,PON,NORMAL,42.72117,-83.45314
NW25092900787,2025-09-29T16:51:29Z,2025-09-29T17:51:27Z,4,2025-09-29T16:40:10Z,2025-09-29T21:10:00Z,12,12,Determined upon crew arrival,In Progres,OUTAGE,Service Transformer,HWL,NORMAL,42.57677,-83.84099
SE25092900782,2025-09-29T16:51:29Z,2025-09-29T17:17:36Z,2,2025-09-29T16:31:41Z,2025-09-30T16:40:00Z,1,1,Determined upon crew arrival,New,OUTAGE,Single Customer,RFD,NORMAL,42.5164,-83.20325
SE25092900790,2025-09-29T16:51:29Z,2025-09-29T18:29:04Z,5,2025-09-29T16:42:13Z,2025-09-29T21:10:00Z,2,2,Determined upon crew arrival,In Progres,OUTAGE,Service Secondary,CAN,NORMAL,42.44449,-82.99698
SW25092900772,2025-09-29T16:51:29Z,2025-09-29T19:51:23Z,9,2025-09-29T16:15:06Z,2025-09-29T21:00:00Z,165,54,Equipment problem,In Progres,OUTAGE,Device (II),WWS,NORMAL,42.46427,-83.40124
SW25092900781,2025-09-29T16:51:29Z,2025-09-29T16:51:29Z,1,2025-09-29T16:37:30Z,2025-09-30T16:40:00Z,1,1,Determined upon crew arrival,New,OUTAGE,Single Customer,WWS,NORMAL,42.20404,-83.49044
SW25092900783,2025-09-29T16:51:29Z,2025-09-30T02:44:18Z,23,2025-09-29T16:38:26Z,2025-09-30T16:40:00Z,1,1,Determined upon crew arrival,In Progres,OUTAGE,Single Customer,NPT,NORMAL,42.09543,-83.26178
SW25092900791,2025-09-29T16:51:29Z,2025-09-29T19:15:48Z,7,2025-09-29T16:15:08Z,2025-09-29T21:00:00Z,54,54,Determined upon crew arrival,In Progres,OUTAGE,Device (I),WWS,NORMAL,42.46447,-83.40855
NE25092900807,2025-09-29T17:17:36Z,2025-09-29T19:15:48Z,6,2025-09-29T16:50:51Z,2025-09-30T17:00:00Z,1,1,Determined upon crew arrival,In Progres,OUTAGE,Single Customer,NAE,NORMAL,43.8021,-82.6295
NE25092900808,2025-09-29T17:17:36Z,2025-09-29T17:17:36Z,1,2025-09-29T16:58:19Z,,1,1,Determined upon crew arrival,New,OUTAGE,Single Customer,MTC,NORMAL,42.63358,-82.63563
NE25092900809,2025-09-29T17:17:36Z,2025-09-29T17:17:36Z,1,2025-09-29T16:58:53Z,,1,1,Determined upon crew arrival,New,OUTAGE,Single Customer,MTC,NORMAL,42.6299,-82.61866
NE25092900810,2025-09-29T17:17:36Z,2025-09-29T17:17:36Z,1,2025-09-29T16:59:03Z,,1,1,Determined upon crew arrival,New,OUTAGE,Single Customer,MTC,NORMAL,42.63269,-82.63492
NE25092900811,2025-09-29T17:17:36Z,2025-09-29T17:17:36Z,1,2025-09-29T16:59:16Z,,1,1,Determined upon crew arrival,New,OUTAGE,Single Customer,MTC,NORMAL,42.63256,-82.62629
NE25092900812,2025-09-29T17:17:36Z,2025-09-29T17:17:36Z,1,2025-09-29T16:59:18Z,,1,1,Determined upon crew arrival,New,OUTAGE,Single Customer,MTC,NORMAL,42.66447,-82.61862
NE25092900813,2025-09-29T17:17:36Z,2025-09-29T17:17:36Z,1,2025-09-29T16:59:22Z,,1,1,Determined upon crew arrival,New,OUTAGE,Single Customer,MTC,NORMAL,42.64709,-82.62594
NE25092900814,2025-09-29T17:17:36Z,2025-09-29T17:17:36Z,1,2025-09-29T16:59:21Z,,1,1,Determined upon crew arrival,New,OUTAGE,Single Customer,MTC,NORMAL,42.63834,-82.63739
NE25092900815,2025-09-29T17:17:36Z,2025-09-29T17:17:36Z,1,2025-09-29T16:59:23Z,,1,1,Determined upon crew arrival,New,OUTAGE,Single Customer,MTC,NORMAL,42.66186,-82.61825
NE25092900816,2025-09-29T17:17:36Z,2025-09-29T17:17:36Z,1,2025-09-29T16:59:30Z,,2,2,Determined upon crew arrival,New,OUTAGE,Service Secondary,MTC,NORMAL,42.65299,-82.62269
NE25092900817,2025-09-29T17:17:36Z,2025-09-29T17:17:36Z,1,2025-09-29T16:59:41Z,,1,1,Determined upon crew arrival,New,OUTAGE,Single Customer,MTC,NORMAL,42.62757,-82.59765
NE25092900818,2025-09-29T17:17:36Z,2025-09-29T17:17:36Z,1,2025-09-29T16:59:41Z,,1,1,Determined upon crew arrival,New,OUTAGE,Single Customer,MTC,NORMAL,42.63111,-82.61945
NE25092900819,2025-09-29T17:17:36Z,2025-09-29T17:17:36Z,1,2025-09-29T16:59:39Z,,1,1,Determined upon crew arrival,New,OUTAGE,Single Customer,MTC,NORMAL,42.63169,-82.64464
NE25092900820,2025-09-29T17:17:36Z,2025-09-29T17:17:36Z,1,2025-09-29T16:59:46Z,,1,1,Determined upon crew arrival,New,OUTAGE,Single Customer,MTC,NORMAL,42.62398,-82.61358
NE25092900821,2025-09-29T17:17:36Z,2025-09-29T17:17:36Z,1,2025-09-29T16:59:56Z,,1,1,Determined upon crew arrival,New,OUTAGE,Single Customer,MTC,NORMAL,42.63976,-82.63401
NE25092900822,2025-09-29T17:17:36Z,2025-09-29T17:17:36Z,1,2025-09-29T16:59:53Z,,1,1,Determined upon crew arrival,New,OUTAGE,Single Customer,MTC,NORMAL,42.66452,-82.61707
NE25092900823,2025-09-29T17:17:36Z,2025-09-29T17:17:36Z,1,2025-09-29T16:59:59Z,,1,1,Determined upon crew arrival,New,OUTAGE,Single Customer,MTC,NORMAL,42.63941,-82.63547
NE25092900824,2025-09-29T17:17:36Z,2025-09-29T17:17:36Z,1,2025-09-29T17:00:01Z,,1,1,Determined upon crew arrival,New,OUTAGE,Single Customer,MTC,NORMAL,42.65404,-82.61911
NE25092900825,2025-09-29T17:17:36Z,2025-09-29T17:17:36Z,1,2025-09-29T17:00:03Z,,1,1,Determined upon crew arrival,New,OUTAGE,Single Customer,MTC,NORMAL,42.6328,-82.64028
SE25092900793,2025-09-29T17:17:36Z,2025-09-29T17:17:36Z,1,2025-09-29T16:46:18Z,2025-09-30T16:45:00Z,1,1,Determined upon crew arrival,In Progres,OUTAGE,Single Customer,CAN,NORMAL,42.40605,-83.12301
SW25092900801,2025-09-29T17:17:36Z,2025-09-29T19:15:48Z,6,2025-09-29T16:54:00Z,2025-09-30T16:55:00Z,1,1,Determined upon crew arrival,In Progres,OUTAGE,Service Secondary,NPT,NORMAL,42.0672,-83.24427
NE25092900842,2025-09-29T17:37:41Z,2025-09-29T21:16:35Z,11,2025-09-29T17:08:08Z,2025-09-30T17:10:00Z,1,1,Equipment problem,In Progres,OUTAGE,Single Customer,MTC,NORMAL,42.51696,-83.02079
NE25092900862,2025-09-29T17:37:41Z,2025-09-29T17:51:27Z,2,2025-09-29T17:17:53Z,2025-09-30T17:20:00Z,1,1,Determined upon crew arrival,In Progres,OUTAGE,Service Secondary,NAE,NORMAL,43.42686,-82.83255
NE25092900867,2025-09-29T17:37:41Z,2025-09-29T17:37:41Z,1,2025-09-29T17:20:32Z,2025-09-30T17:20:00Z,1,1,Determined upon crew arrival,New,OUTAGE,Single Customer,MTC,NORMAL,42.63413,-82.61778
NW25092900858,2025-09-29T17:37:41Z,2025-09-29T20:19:24Z,8,2025-09-29T17:07:30Z,2025-09-29T21:45:00Z,2,2,Equipment problem,In Progres,OUTAGE,Service Transformer,PON,NORMAL,42.57873,-83.51813
NW25092900879,2025-09-29T17:37:41Z,2025-09-29T19:15:48Z,5,2025-09-29T17:13:34Z,2025-09-29T22:00:00Z,6,6,Equipment problem,In Progres,OUTAGE,Service Transformer,HWL,NORMAL,42.52873,-83.76759
SE25092900854,2025-09-29T17:37:41Z,2025-09-29T18:50:15Z,4,2025-09-29T17:13:53Z,2025-09-30T17:15:00Z,1,1,Determined upon crew arrival,In Progres,OUTAGE,Single Customer,RFD,NORMAL,42.36949,-83.15951
SE25092900873,2025-09-29T17:37:41Z,2025-09-29T19:51:23Z,7,2025-09-29T17:25:03Z,2025-09-30T17:25:00Z,1,1,Determined upon crew arrival,In Progres,OUTAGE,Single Customer,CAN,NORMAL,42.38881,-83.13082
SW25092900863,2025-09-29T17:37:41Z,2025-09-29T21:16:35Z,11,2025-09-29T17:18:02Z,2025-09-30T17:20:00Z,1,1,Equipment problem,In Progres,OUTAGE,Single Customer,WWS,NORMAL,42.38823,-83.46073
SW25092900872,2025-09-29T17:37:41Z,2025-09-29T19:15:48Z,5,2025-09-29T17:24:10Z,2025-09-29T21:55:00Z,19,19,Determined upon crew arrival,In Progres,OUTAGE,Service Transformer,ANN,NORMAL,42.24784,-83.58385
NE25092900900,2025-09-29T17:51:27Z,2025-09-29T23:50:54Z,18,2025-09-29T17:41:43Z,2025-09-30T17:40:00Z,1,1,Determined upon crew arrival,In Progres,OUTAGE,Single Customer,MTC,NORMAL,42.51891,-82.94981
NW25092900891,2025-09-29T17:51:27Z,2025-09-29T18:29:04Z,2,2025-09-29T17:36:32Z,2025-09-30T17:35:00Z,1,1,Determined upon crew arrival,PC3 Verifi,OUTAGE,Single Customer,PON,NORMAL,42.7869,-83.44254
NW25092900896,2025-09-29T17:51:27Z,2025-09-29T19:37:51Z,5,2025-09-29T17:35:29Z,2025-09-29T22:10:00Z,7,7,Equipment problem,In Progres,OUTAGE,Service Transformer,PON,NORMAL,42.66243,-83.40321
SE25092900898,2025-09-29T17:51:27Z,2025-09-29T17:51:27Z,1,2025-09-29T17:24:43Z,2025-09-29T22:10:00Z,18,18,Determined upon crew arrival,New,OUTAGE,Service Transformer,CAN,NORMAL,42.38849,-83.13089
SE25092900903,2025-09-29T17:51:27Z,2025-09-29T23:17:31Z,16,2025-09-29T17:41:54Z,2025-09-30T17:40:00Z,1,1,Equipment problem,In Progres,OUTAGE,Single Customer,CAN,NORMAL,42.36523,-83.0246
SE25092900906,2025-09-29T17:51:27Z,2025-09-29T17:51:27Z,1,2025-09-29T17:43:57Z,,1,1,Determined upon crew arrival,New,OUTAGE,Single Customer,CAN,NORMAL,42.34366,-83.0221
NE25092900926,2025-09-29T18:29:04Z,2025-09-29T18:29:04Z,1,2025-09-29T17:51:59Z,2025-09-30T17:50:00Z,1,1,Determined upon crew arrival,In Progres,OUTAGE,Single Customer,MTC,NORMAL,42.46893,-82.95978
NW25092900914,2025-09-29T18:29:04Z,2025-09-29T21:16:35Z,9,2025-09-29T17:47:38Z,2025-09-30T17:50:00Z,1,1,Equipment problem,In Progres,OUTAGE,Single Customer,HWL,NORMAL,42.65786,-84.16554
NW25092900944,2025-09-29T18:29:04Z,2025-09-29T18:29:04Z,1,2025-09-29T13:04:25Z,2025-09-30T18:05:00Z,1,1,Determined upon crew arrival,New,OUTAGE,Single Customer,PON,NORMAL,42.54208,-83.35008
NW25092900951,2025-09-29T18:29:04Z,2025-09-29T23:17:31Z,15,2025-09-29T12:50:45Z,2025-09-30T18:10:00Z,1,1,Equipment problem,In Progres,OUTAGE,Single Customer,PON,NORMAL,42.54562,-83.29569
SE25092900924,2025-09-29T18:29:04Z,2025-09-29T20:19:24Z,6,2025-09-29T17:43:57Z,2025-09-30T17:50:00Z,1,1,Determined upon crew arrival,New,OUTAGE,Service Transformer,CAN,NORMAL,42.34307,-83.02217
SE25092900928,2025-09-29T18:29:04Z,2025-09-29T21:37:45Z,10,2025-09-29T09:06:48Z,2025-09-29T22:25:00Z,332,332,Determined upon crew arrival,In Progres,OUTAGE,Device (I),CAN,NORMAL,42.34479,-83.02116
SW25092900913,2025-09-29T18:29:04Z,2025-09-29T19:15:48Z,3,2025-09-29T17:46:50Z,2025-09-30T17:45:00Z,1,1,Determined upon crew arrival,In Progres,OUTAGE,Service Secondary,WWS,NORMAL,42.26085,-83.23437
SW25092900921,2025-09-29T18:29:04Z,2025-09-29T22:16:17Z,12,2025-09-29T15:25:13Z,2025-09-30T17:50:00Z,1,1,Determined upon crew arrival,In Progres,OUTAGE,Single Customer,WWS,NORMAL,42.27035,-83.33218
SW25092900934,2025-09-29T18:29:04Z,2025-09-29T20:19:24Z,6,2025-09-29T17:59:22Z,2025-09-30T18:00:00Z,1,1,Determined upon crew arrival,In Progres,OUTAGE,Service Secondary,WWS,NORMAL,42.2937,-83.36545
NE25092900974,2025-09-29T18:50:15Z,2025-09-30T15:51:02Z,51,2025-09-29T18:26:04Z,2025-09-30T18:25:00Z,1,1,Problem with the customer equip,In Progres,OUTAGE,Single Customer,LAP,NORMAL,42.86199,-83.24999
NW25092900965,2025-09-29T18:50:15Z,2025-09-30T09:51:54Z,36,2025-09-29T18:22:19Z,2025-09-30T18:20:00Z,1,1,Determined upon crew arrival,In Progres,SERVICE DOWN NO,,SBY,NORMAL,42.62894,-83.01951
NW25092900995,2025-09-29T18:50:15Z,2025-09-29T20:51:36Z,7,2025-09-29T18:38:56Z,2025-09-30T18:40:00Z,1,1,Determined upon crew arrival,In Progres,OUTAGE,Single Customer,SBY,NORMAL,42.68409,-83.06832
SE25092900967,2025-09-29T18:50:15Z,2025-09-29T22:16:17Z,11,2025-09-29T18:23:45Z,2025-09-30T18:25:00Z,1,1,Equipment problem,In Progres,OUTAGE,Single Customer,RFD,NORMAL,42.29118,-83.21694
SE25092900971,2025-09-29T18:50:15Z,2025-09-30T09:21:31Z,34,2025-09-29T18:25:25Z,2025-09-30T18:25:00Z,1,1,Determined upon crew arrival,In Progres,SERVICE DOWN NO,,RFD,NORMAL,42.47894,-83.0905
SE25092900985,2025-09-29T18:50:15Z,2025-09-29T21:16:35Z,8,2025-09-29T18:32:04Z,2025-09-30T18:30:00Z,1,1,Determined upon crew arrival,PC3 Verifi,OUTAGE,Single Customer,CAN,NORMAL,42.41867,-82.9185
SW25092900959,2025-09-29T18:50:15Z,2025-09-29T20:19:24Z,5,2025-09-29T18:17:26Z,2025-09-30T18:15:00Z,1,1,Determined upon crew arrival,New,OUTAGE,Single Customer,ANN,NORMAL,42.27174,-83.60532
SW25092900961,2025-09-29T18:50:15Z,2025-09-29T21:37:45Z,9,2025-09-29T18:19:01Z,2025-09-29T22:50:00Z,2,2,Determined upon crew arrival,In Progres,OUTAGE,Service Secondary,NPT,NORMAL,41.9168,-83.4119
SW25092900981,2025-09-29T18:50:15Z,2025-09-29T19:37:51Z,3,2025-09-29T18:28:42Z,2025-09-29T23:00:00Z,5,5,Determined upon crew arrival,In Progres,OUTAGE,Service Transformer,ANN,NORMAL,42.3085,-83.74606
SW25092900987,2025-09-29T18:50:15Z,2025-09-29T18:50:15Z,1,2025-09-29T18:32:56Z,2025-09-30T18:35:00Z,24,24,Determined upon crew arrival,New,OUTAGE,Device (I),ANN,NORMAL,42.26367,-83.71342
SW25092900998,2025-09-29T18:50:15Z,2025-09-29T20:39:10Z,6,2025-09-29T18:41:26Z,2025-09-30T18:40:00Z,1,1,Determined upon crew arrival,In Progres,OUTAGE,Single Customer,WWS,NORMAL,42.20381,-83.26488
SE25092901005,2025-09-29T19:15:48Z,2025-09-29T20:19:24Z,4,2025-09-29T18:50:06Z,2025-09-30T18:50:00Z,1,1,Determined upon crew arrival,PC3 Verifi,OUTAGE,Single Customer,RFD,NORMAL,42.5164,-83.20325
NE25092901027,2025-09-29T19:37:51Z,2025-09-29T20:51:36Z,5,2025-09-29T19:06:55Z,2025-09-30T19:05:00Z,1,1,Determined upon crew arrival,In Progres,OUTAGE,Single Customer,MTC,NORMAL,42.6602,-82.82462
NE25092901036,2025-09-29T19:37:51Z,2025-09-29T19:51:23Z,2,2025-09-29T19:14:52Z,2025-09-30T19:20:00Z,1,1,Determined upon crew arrival,In Progres,OUTAGE,Single Customer,LAP,NORMAL,43.1819,-83.302
NE25092901041,2025-09-29T19:37:51Z,2025-09-29T19:51:23Z,2,2025-09-29T19:23:25Z,2025-09-30T19:25:00Z,1,1,Determined upon crew arrival,In Progres,OUTAGE,Single Customer,MTC,NORMAL,42.65932,-82.82136
NW25092901022,2025-09-29T19:37:51Z,2025-09-29T21:16:35Z,6,2025-09-29T15:42:22Z,2025-09-30T19:05:00Z,1,1,Equipment problem,In Progres,OUTAGE,Single Customer,HWL,NORMAL,42.5547,-83.8738
SE25092901049,2025-09-29T19:37:51Z,2025-09-29T22:37:32Z,10,2025-09-29T19:29:55Z,2025-09-30T19:30:00Z,1,1,Determined upon crew arrival,In Progres,OUTAGE,Single Customer,RFD,NORMAL,42.40361,-83.14773
SW25092901038,2025-09-29T19:37:51Z,2025-09-29T20:19:24Z,3,2025-09-29T19:22:41Z,2025-09-29T23:55:00Z,8,8,Determined upon crew arrival,In Progres,OUTAGE,Service Transformer,WWS,NORMAL,42.20467,-83.51355
NE25092901056,2025-09-29T19:51:23Z,2025-09-29T20:19:24Z,2,2025-09-29T19:38:10Z,2025-09-30T19:40:00Z,1,1,Determined upon crew arrival,In Progres,OUTAGE,Single Customer,NAE,NORMAL,43.42653,-82.83127
SE25092901053,2025-09-29T19:51:23Z,2025-09-30T03:22:46Z,16,2025-09-29T19:34:31Z,2025-09-30T19:35:00Z,1,1,Determined upon crew arrival,In Progres,OUTAGE,Single Customer,RFD,NORMAL,42.41583,-83.25137
SW25092901052,2025-09-29T19:51:23Z,2025-09-29T21:16:35Z,5,2025-09-29T19:34:27Z,2025-09-30T19:35:00Z,1,1,Determined upon crew arrival,In Progres,OUTAGE,Single Customer,NPT,NORMAL,42.03104,-83.36008
SW25092901064,2025-09-29T19:51:23Z,2025-09-29T21:16:35Z,5,2025-09-29T19:43:17Z,2025-09-30T19:45:00Z,1,1,Determined upon crew arrival,In Progres,OUTAGE,Single Customer,NPT,NORMAL,42.01087,-83.33253
NW25092901073,2025-09-29T20:19:24Z,2025-09-30T15:18:06Z,45,2025-09-29T19:50:42Z,2025-09-30T19:50:00Z,1,1,Equipment problem,In Progres,OUTAGE,Single Customer,HWL,NORMAL,42.53536,-83.77834
SE25092901066,2025-09-29T20:19:24Z,2025-09-29T20:51:36Z,3,2025-09-29T19:45:51Z,2025-09-30T19:45:00Z,1,1,Determined upon crew arrival,In Progres,OUTAGE,Single Customer,CAN,NORMAL,42.38202,-83.13468
SE25092901079,2025-09-29T20:19:24Z,2025-09-30T07:51:33Z,27,2025-09-29T14:39:24Z,2025-09-30T12:30:00Z,1,1,Equipment problem,In Progres,OUTAGE,Single Customer,CAN,NORMAL,42.33995,-83.07477
NW25092901081,2025-09-29T20:39:10Z,2025-09-29T21:37:45Z,4,2025-09-29T20:00:44Z,2025-09-30T00:35:00Z,5,5,Equipment problem,In Progres,OUTAGE,Service Transformer,PON,NORMAL,42.58794,-83.13984
NW25092901083,2025-09-29T20:39:10Z,2025-09-29T23:17:31Z,9,2025-09-29T13:58:58Z,2025-09-30T00:35:00Z,1,1,Equipment problem,In Progres,OUTAGE,Single Customer,PON,NORMAL,42.57857,-83.1943
NW25092901094,2025-09-29T20:39:10Z,2025-09-29T22:37:32Z,7,2025-09-29T20:00:34Z,2025-09-30T00:45:00Z,3,3,Public Interference w/DTE equip,In Progres,OUTAGE,Service Transformer,SBY,NORMAL,42.69333,-83.08203
SE25092901084,2025-09-29T20:39:10Z,2025-09-29T22:16:17Z,6,2025-09-29T20:08:19Z,2025-09-30T00:40:00Z,1,1,Determined upon crew arrival,In Progres,OUTAGE,Single Customer,RFD,NORMAL,42.40695,-83.2433
SE25092901089,2025-09-29T20:39:10Z,2025-09-29T23:37:25Z,10,2025-09-29T19:46:32Z,2025-09-30T00:45:00Z,1,1,Determined upon crew arrival,In Progres,OUTAGE,Single Customer,RFD,NORMAL,42.3663,-83.26844
SE25092901095,2025-09-29T20:39:10Z,2025-09-29T22:16:17Z,6,2025-09-29T17:43:57Z,2025-09-30T00:50:00Z,1,1,Determined upon crew arrival,New,OUTAGE,Service Transformer,CAN,NORMAL,42.34268,-83.02438
NE25092901123,2025-09-29T20:51:36Z,2025-09-29T20:51:36Z,1,2025-09-29T20:43:51Z,,1,1,Determined upon crew arrival,New,OUTAGE,Single Customer,NAE,NORMAL,43.37154,-83.58306
NW25092901106,2025-09-29T20:51:36Z,2025-09-29T21:52:34Z,4,2025-09-29T20:36:56Z,2025-09-30T01:05:00Z,1,1,Equipment problem,In Progres,OUTAGE,Single Customer,HWL,NORMAL,42.615,-83.90271
NW25092901110,2025-09-29T20:51:36Z,2025-09-29T21:37:45Z,3,2025-09-29T20:35:32Z,2025-09-30T01:10:00Z,61,61,Determined upon crew arrival,In Progres,OUTAGE,Device (I),PON,NORMAL,42.74702,-83.34592
SW25092901103,2025-09-29T20:51:36Z,2025-09-29T23:50:54Z,10,2025-09-29T20:34:33Z,2025-09-30T01:05:00Z,1,1,Determined upon crew arrival,In Progres,OUTAGE,Single Customer,ANN,NORMAL,42.43105,-83.61288
SW25092901136,2025-09-29T21:16:35Z,2025-09-29T22:16:17Z,4,2025-09-29T20:48:44Z,2025-09-30T01:20:00Z,26,26,Determined upon crew arrival,In Progres,OUTAGE,Device (II),NPT,NORMAL,41.93408,-83.60374
SW25092901138,2025-09-29T21:16:35Z,2025-09-29T21:16:35Z,1,2025-09-29T20:53:12Z,2025-09-30T01:25:00Z,1,1,Determined upon crew arrival,New,OUTAGE,Single Customer,NPT,NORMAL,41.92895,-83.60208
SW25092901139,2025-09-29T21:16:35Z,2025-09-29T21:16:35Z,1,2025-09-29T20:53:09Z,2025-09-30T01:25:00Z,1,1,Determined upon crew arrival,New,OUTAGE,Single Customer,NPT,NORMAL,41.93012,-83.60485
SW25092901140,2025-09-29T21:16:35Z,2025-09-29T21:16:35Z,1,2025-09-29T20:53:20Z,2025-09-30T01:25:00Z,8,8,Determined upon crew arrival,New,OUTAGE,Device (I),NPT,NORMAL,41.93142,-83.61184
SW25092901142,2025-09-29T21:16:35Z,2025-09-29T21:16:35Z,1,2025-09-29T20:53:45Z,2025-09-30T01:25:00Z,1,1,Determined upon crew arrival,New,OUTAGE,Single Customer,NPT,NORMAL,41.92882,-83.59936
SW25092901144,2025-09-29T21:16:35Z,2025-09-29T21:16:35Z,1,2025-09-29T20:55:17Z,2025-09-30T01:25:00Z,1,1,Determined upon crew arrival,New,OUTAGE,Single Customer,NPT,NORMAL,41.92719,-83.59904
SW25092901147,2025-09-29T21:16:35Z,2025-09-29T21:16:35Z,1,2025-09-29T20:56:18Z,2025-09-30T01:25:00Z,1,1,Determined upon crew arrival,New,OUTAGE,Single Customer,NPT,NORMAL,41.92953,-83.60373
SW25092901149,2025-09-29T21:16:35Z,2025-09-29T21:16:35Z,1,2025-09-29T20:57:17Z,,1,1,Determined upon crew arrival,New,OUTAGE,Single Customer,NPT,NORMAL,41.93153,-83.60605
SE25092901156,2025-09-29T21:37:45Z,2025-09-30T01:25:49Z,9,2025-09-29T18:32:04Z,2025-09-30T01:35:00Z,1,1,Equipment problem,In Progres,SERVICE DOWN NO,,CAN,NORMAL,42.41867,-82.9185
SE25092901160,2025-09-29T21:37:45Z,2025-09-29T23:17:31Z,6,2025-09-29T21:08:42Z,2025-09-30T01:40:00Z,19,19,Equipment problem,In Progres,OUTAGE,Service Transformer,RFD,NORMAL,42.31656,-83.29634
SE25092901162,2025-09-29T21:37:45Z,2025-09-30T04:42:59Z,14,2025-09-29T20:56:04Z,2025-09-30T13:45:00Z,1,1,Equipment problem,In Progres,OUTAGE,Single Customer,RFD,NORMAL,42.37516,-83.29918
SE25092901170,2025-09-29T21:37:45Z,2025-09-29T22:16:17Z,3,2025-09-29T21:24:32Z,2025-09-30T01:55:00Z,1,1,Determined upon crew arrival,PC3 Verifi,OUTAGE,Single Customer,RFD,NORMAL,42.34978,-83.23127
SW25092901157,2025-09-29T21:37:45Z,2025-09-29T22:16:17Z,3,2025-09-29T20:56:03Z,2025-09-30T01:40:00Z,1,1,Determined upon crew arrival,In Progres,OUTAGE,Single Customer,WWS,NORMAL,42.28123,-83.3915
SW25092901166,2025-09-29T21:37:45Z,2025-09-29T23:17:31Z,6,2025-09-29T19:43:17Z,2025-09-30T01:55:00Z,1,1,Determined upon crew arrival,New,OUTAGE,Single Customer,NPT,NORMAL,42.01087,-83.33253
SW25092901167,2025-09-29T21:37:45Z,2025-09-30T01:25:49Z,9,2025-09-29T21:13:42Z,2025-09-30T01:55:00Z,1,1,Determined upon crew arrival,In Progres,OUTAGE,Single Customer,ANN,NORMAL,42.14916,-83.706
NE25092901177,2025-09-29T21:52:34Z,2025-09-29T21:52:34Z,1,2025-09-29T21:36:39Z,2025-09-30T02:05:00Z,1,1,Determined upon crew arrival,In Progres,OUTAGE,Single Customer,MTC,NORMAL,42.46898,-82.89199
SE25092901179,2025-09-29T21:52:34Z,2025-09-29T23:50:54Z,7,2025-09-29T21:42:05Z,2025-09-30T02:10:00Z,1,1,Determined upon crew arrival,In Progres,SERVICE DOWN NO,,CAN,NORMAL,42.37858,-83.13278
NE25092901187,2025-09-29T22:16:17Z,2025-09-29T23:50:54Z,6,2025-09-29T21:54:46Z,2025-09-30T02:30:00Z,16,16,Equipment problem,In Progres,OUTAGE,Service Transformer,LAP,NORMAL,42.81025,-83.29181
NW25092901185,2025-09-29T22:16:17Z,2025-09-29T23:17:31Z,4,2025-09-29T21:57:32Z,2025-09-30T02:30:00Z,1,1,Equipment problem,In Progres,PRIORITY,,SBY,NORMAL,42.5627,-83.08183
SW25092901184,2025-09-29T22:16:17Z,2025-09-29T22:16:17Z,1,2025-09-29T21:40:44Z,2025-09-30T02:25:00Z,1,1,Determined upon crew arrival,New,OUTAGE,Single Customer,ANN,NORMAL,42.29052,-83.84659
SE25092901189,2025-09-29T22:37:32Z,2025-09-29T23:50:54Z,5,2025-09-29T21:59:16Z,2025-09-30T02:30:00Z,28,28,Determined upon crew arrival,In Progres,OUTAGE,Service Transformer,RFD,NORMAL,42.40583,-83.20795
SE25092901192,2025-09-29T22:37:32Z,2025-09-30T01:25:49Z,6,2025-09-29T22:05:09Z,2025-09-30T02:35:00Z,1,1,Determined upon crew arrival,In Progres,SERVICE DOWN NO,,RFD,NORMAL,42.40583,-83.20795
SE25092901194,2025-09-29T22:37:32Z,2025-09-30T05:19:01Z,13,2025-09-29T22:05:48Z,2025-09-30T14:35:00Z,1,1,Determined upon crew arrival,In Progres,SERVICE DOWN NO,,RFD,NORMAL,42.40583,-83.20795
SE25092901195,2025-09-29T22:37:32Z,2025-09-30T05:19:01Z,13,2025-09-29T22:06:26Z,2025-09-30T14:35:00Z,1,1,Determined upon crew arrival,In Progres,SERVICE DOWN NO,,RFD,NORMAL,42.40583,-83.20795
SE25092901197,2025-09-29T22:37:32Z,2025-09-30T01:25:49Z,6,2025-09-29T22:01:59Z,2025-09-30T02:40:00Z,1,1,Determined upon crew arrival,In Progres,SERVICE DOWN NO,,RFD,NORMAL,42.40583,-83.20795
SW25092901196,2025-09-29T22:37:32Z,2025-09-30T01:25:49Z,6,2025-09-29T22:07:53Z,2025-09-30T02:40:00Z,1,1,Determined upon crew arrival,In Progres,OUTAGE,Single Customer,ANN,NORMAL,42.27011,-83.7476
SW25092901198,2025-09-29T22:37:32Z,2025-09-30T13:46:38Z,34,2025-09-29T22:10:22Z,2025-09-30T14:40:00Z,1,1,Equipment problem,In Progres,OUTAGE,Single Customer,NPT,NORMAL,41.91604,-83.4044
NE25092901224,2025-09-29T22:51:07Z,2025-09-29T23:37:25Z,3,2025-09-29T22:39:39Z,2025-09-30T03:10:00Z,51,51,Determined upon crew arrival,In Progres,OUTAGE,Device (II),MTC,NORMAL,42.52744,-83.00985
SE25092901218,2025-09-29T22:51:07Z,2025-09-29T23:50:54Z,4,2025-09-29T22:31:14Z,2025-09-30T03:00:00Z,1,1,Determined upon crew arrival,In Progres,OUTAGE,Single Customer,RFD,NORMAL,42.41405,-83.17143
SE25092901221,2025-09-29T22:51:07Z,2025-09-29T23:50:54Z,4,2025-09-29T11:28:07Z,2025-09-30T03:05:00Z,1,1,Determined upon crew arrival,PC3 Verifi,OUTAGE,Single Customer,RFD,NORMAL,42.48862,-83.25093
SE25092901222,2025-09-29T22:51:07Z,2025-09-29T23:50:54Z,4,2025-09-29T22:37:53Z,2025-09-30T03:10:00Z,1,1,Equipment problem,In Progres,OUTAGE,Single Customer,CAN,NORMAL,42.39838,-82.92659
SW25092901217,2025-09-29T22:51:07Z,2025-09-29T23:50:54Z,4,2025-09-29T22:31:03Z,2025-09-30T03:00:00Z,1,1,Determined upon crew arrival,In Progres,OUTAGE,Single Customer,WWS,NORMAL,42.28941,-83.37146
SW25092901219,2025-09-29T22:51:07Z,2025-09-29T23:50:54Z,4,2025-09-29T22:20:42Z,2025-09-30T03:00:00Z,1,1,Determined upon crew arrival,PC3 Verifi,OUTAGE,Single Customer,WWS,NORMAL,42.43215,-83.41609
NW25092901229,2025-09-29T23:17:31Z,2025-09-29T23:17:31Z,1,2025-09-29T22:34:02Z,2025-09-30T03:20:00Z,12,12,Determined upon crew arrival,In Progres,OUTAGE,Service Transformer,SBY,NORMAL,42.67405,-83.09131
NW25092901232,2025-09-29T23:17:31Z,2025-09-29T23:17:31Z,1,2025-09-29T22:53:24Z,2025-09-30T03:25:00Z,1,1,Determined upon crew arrival,New,SERVICE DOWN NO,,SBY,NORMAL,42.67405,-83.09131
SW25092901226,2025-09-29T23:17:31Z,2025-09-29T23:17:31Z,1,2025-09-29T22:46:51Z,2025-09-30T03:15:00Z,25,25,Determined upon crew arrival,New,OUTAGE,Service Transformer,WWS,NORMAL,42.52324,-83.49874
SW25092901231,2025-09-29T23:17:31Z,2025-09-30T19:51:20Z,48,2025-09-29T20:34:50Z,2025-10-01T03:20:00Z,1,1,Determined upon crew arrival,In Progres,OUTAGE,Single Customer,WWS,NORMAL,42.28514,-83.33978
SW25092901235,2025-09-29T23:17:31Z,2025-09-30T01:25:49Z,4,2025-09-29T22:57:35Z,2025-09-30T03:30:00Z,208,112,Equipment problem,In Progres,OUTAGE,Device (I),WWS,NORMAL,42.44457,-83.40228
NE25092901237,2025-09-29T23:37:25Z,2025-09-30T03:47:34Z,6,2025-09-29T23:10:51Z,2025-09-30T03:40:00Z,1,1,Equipment problem,In Progres,OUTAGE,Single Customer,MTC,NORMAL,42.66741,-82.93341
NW25092901239,2025-09-29T23:37:25Z,2025-09-30T03:47:34Z,6,2025-09-29T10:21:02Z,2025-09-30T03:45:00Z,1,1,Equipment problem,In Progres,OUTAGE,Single Customer,PON,NORMAL,42.55544,-83.24539
NW25092901240,2025-09-29T23:37:25Z,2025-09-29T23:50:54Z,2,2025-09-29T23:19:39Z,2025-09-30T03:50:00Z,1,1,Determined upon crew arrival,New,OUTAGE,Single Customer,HWL,NORMAL,42.52967,-83.95798
SE25092901241,2025-09-29T23:37:25Z,2025-09-29T23:50:54Z,2,2025-09-29T23:20:23Z,2025-09-30T03:50:00Z,1,1,Determined upon crew arrival,New,OUTAGE,Single Customer,RFD,NORMAL,42.29169,-83.11364
SE25092901242,2025-09-29T23:37:25Z,2025-09-30T15:18:06Z,35,2025-09-29T16:36:03Z,2025-09-30T15:55:00Z,1,1,Determined upon crew arrival,In Progres,OUTAGE,Single Customer,CAN,NORMAL,42.4444,-83.00063
SW25092901246,2025-09-29T23:50:54Z,2025-09-30T02:44:18Z,3,2025-09-29T22:57:35Z,2025-09-30T04:10:00Z,208,208,Equipment problem,In Progres,OUTAGE,Device (I),WWS,NORMAL,42.44546,-83.40329
NE25092901259,2025-09-30T01:25:49Z,2025-09-30T21:51:20Z,51,2025-09-30T00:10:50Z,2025-10-01T00:40:00Z,1,1,Determined upon crew arrival,In Progres,PRIORITY,,MTC,NORMAL,42.46238,-83.03542
NE25092901260,2025-09-30T01:25:49Z,2025-09-30T03:47:34Z,4,2025-09-29T23:57:17Z,2025-09-30T04:45:00Z,40,40,Public Interference w/DTE equip,In Progres,OUTAGE,Circuit Level,MTC,NORMAL,42.46248,-83.03332
NE25092901263,2025-09-30T01:25:49Z,2025-09-30T01:25:49Z,1,2025-09-30T00:21:40Z,2025-09-30T04:50:00Z,1,1,Determined upon crew arrival,In Progres,OUTAGE,Single Customer,MTC,NORMAL,42.46251,-83.03444
NE25092901268,2025-09-30T01:25:49Z,2025-09-30T23:51:27Z,57,2025-09-30T00:36:13Z,2025-10-01T05:05:00Z,1,1,Public Interference w/DTE equip,In Progres,SERVICE DOWN NO,,MTC,NORMAL,42.46236,-83.03453
NW25092901270,2025-09-30T01:25:49Z,2025-09-30T05:19:01Z,8,2025-09-29T20:43:22Z,2025-09-30T05:30:00Z,1,1,Determined upon crew arrival,In Progres,OUTAGE,Single Customer,HWL,NORMAL,42.52822,-83.7292
NW25092901271,2025-09-30T01:25:49Z,2025-09-30T01:25:49Z,1,2025-09-30T00:58:11Z,2025-09-30T05:30:00Z,1,1,Determined upon crew arrival,New,OUTAGE,Single Customer,PON,NORMAL,42.54591,-83.33478
SE25092901247,2025-09-30T01:25:49Z,2025-09-30T09:51:54Z,20,2025-09-29T23:20:23Z,2025-09-30T16:15:00Z,1,1,Determined upon crew arrival,In Progres,SERVICE DOWN NO,,RFD,NORMAL,42.29169,-83.11364
SE25092901248,2025-09-30T01:25:49Z,2025-09-30T14:19:45Z,30,2025-09-29T23:45:56Z,2025-09-30T16:15:00Z,1,1,Equipment problem,In Progres,SERVICE DOWN NO,,CAN,NORMAL,42.42523,-83.07684
SE25092901273,2025-09-30T01:25:49Z,2025-09-30T17:51:08Z,40,2025-09-30T01:06:28Z,2025-10-01T05:35:00Z,1,1,Equipment problem,In Progres,OUTAGE,Single Customer,CAN,NORMAL,42.42142,-82.93363
SE25092901276,2025-09-30T01:25:49Z,2025-09-30T23:51:27Z,57,2025-09-29T20:12:43Z,2025-10-01T05:45:00Z,1,1,Determined upon crew arrival,In Progres,OUTAGE,Single Customer,RFD,NORMAL,42.36497,-83.24128
NE25092901295,2025-09-30T02:44:18Z,2025-09-30T14:53:28Z,31,2025-09-30T02:24:36Z,2025-09-30T18:55:00Z,1,1,Equipment problem,In Progres,OUTAGE,Single Customer,LAP,NORMAL,42.98993,-83.13847
NW25092901287,2025-09-30T02:44:18Z,2025-09-30T08:50:46Z,16,2025-09-29T18:04:46Z,2025-09-30T18:15:00Z,1,1,Equipment problem,In Progres,OUTAGE,Single Customer,PON,NORMAL,42.67463,-83.59851
SE25092901286,2025-09-30T02:44:18Z,2025-09-30T06:30:21Z,10,2025-09-29T18:52:18Z,2025-09-30T06:15:00Z,1,1,Determined upon crew arrival,In Progres,OUTAGE,Single Customer,CAN,NORMAL,42.44678,-82.96646
SW25092901283,2025-09-30T02:44:18Z,2025-09-30T02:44:18Z,1,2025-09-30T01:24:50Z,2025-09-30T05:55:00Z,1,1,Determined upon crew arrival,PC3 Verifi,OUTAGE,Single Customer,WWS,NORMAL,42.23858,-83.31936
SW25092901294,2025-09-30T02:44:18Z,2025-09-30T14:19:45Z,29,2025-09-29T22:07:53Z,2025-09-30T18:50:00Z,1,1,Equipment problem,In Progres,OUTAGE,Single Customer,ANN,NORMAL,42.27011,-83.7476
SW25092901297,2025-09-30T03:22:46Z,2025-09-30T03:47:34Z,2,2025-09-29T22:57:35Z,2025-09-30T07:10:00Z,122,122,Equipment problem,In Progres,OUTAGE,Device (II),WWS,NORMAL,42.445,-83.40236
SW25092901302,2025-09-30T03:22:46Z,2025-09-30T14:42:03Z,29,2025-09-29T19:43:17Z,2025-09-30T19:25:00Z,1,1,Determined upon crew arrival,In Progres,OUTAGE,Single Customer,NPT,NORMAL,42.01087,-83.33253
SW25092901303,2025-09-30T03:22:46Z,2025-09-30T03:47:34Z,2,2025-09-30T03:06:11Z,2025-09-30T07:35:00Z,1,1,Determined upon crew arrival,New,OUTAGE,Single Customer,ANN,NORMAL,42.32267,-83.71019
NE25092901316,2025-09-30T04:53:52Z,2025-09-30T04:53:52Z,1,2025-09-30T04:44:13Z,,1,1,Determined upon crew arrival,New,OUTAGE,Single Customer,MTC,NORMAL,42.536,-82.87301
NE25092901317,2025-09-30T04:53:52Z,2025-09-30T04:53:52Z,1,2025-09-30T04:44:09Z,,1,1,Determined upon crew arrival,New,OUTAGE,Single Customer,MTC,NORMAL,42.547,-82.86318
NE25092901319,2025-09-30T04:53:52Z,2025-09-30T04:53:52Z,1,2025-09-30T04:44:30Z,,1,1,Determined upon crew arrival,New,OUTAGE,Single Customer,MTC,NORMAL,42.58475,-82.82235
NE25092901325,2025-09-30T05:19:01Z,2025-09-30T06:55:44Z,5,2025-09-30T04:50:06Z,2025-09-30T09:20:00Z,1,1,Determined upon crew arrival,PC3 Verifi,OUTAGE,Single Customer,MTC,NORMAL,42.59202,-82.8054
NE25092901327,2025-09-30T05:19:01Z,2025-09-30T05:19:01Z,1,2025-09-30T04:56:10Z,2025-09-30T09:25:00Z,1,1,Determined upon crew arrival,New,OUTAGE,Single Customer,MTC,NORMAL,42.59235,-82.83544
NE25092901329,2025-09-30T05:19:01Z,2025-09-30T05:19:01Z,1,2025-09-30T04:41:28Z,,2,2,Determined upon crew arrival,New,OUTAGE,Service Secondary,MTC,NORMAL,42.57373,-82.86452
NE25092901330,2025-09-30T05:19:01Z,2025-09-30T05:19:01Z,1,2025-09-30T04:41:30Z,,1,1,Determined upon crew arrival,New,OUTAGE,Single Customer,MTC,NORMAL,42.57188,-82.86787
NE25092901331,2025-09-30T05:19:01Z,2025-09-30T05:19:01Z,1,2025-09-30T04:41:29Z,,7,7,Determined upon crew arrival,New,OUTAGE,Service Transformer,MTC,NORMAL,42.57135,-82.86722
NE25092901332,2025-09-30T05:19:01Z,2025-09-30T05:19:01Z,1,2025-09-30T04:41:29Z,,55,55,Determined upon crew arrival,New,OUTAGE,Device (I),MTC,NORMAL,42.57095,-82.86661
NE25092901333,2025-09-30T05:19:01Z,2025-09-30T05:40:30Z,2,2025-09-30T04:41:29Z,2025-09-30T09:30:00Z,36,2,Determined upon crew arrival,In Progres,OUTAGE,Service Secondary,MTC,NORMAL,42.57269,-82.86855
NE25092901334,2025-09-30T05:19:01Z,2025-09-30T05:19:01Z,1,2025-09-30T04:41:29Z,,1,1,Determined upon crew arrival,New,OUTAGE,Single Customer,MTC,NORMAL,42.57414,-82.87027
SE25093000004,2025-09-30T05:40:30Z,2025-09-30T05:51:22Z,2,2025-09-30T05:13:07Z,2025-09-30T09:50:00Z,7,7,Determined upon crew arrival,New,OUTAGE,Service Transformer,CAN,NORMAL,42.34099,-83.07348
NW25093000006,2025-09-30T06:55:44Z,2025-09-30T07:20:23Z,2,2025-09-30T06:18:39Z,2025-09-30T10:50:00Z,6,6,Animal/bird damaged DTE equip,In Progres,OUTAGE,Service Transformer,PON,NORMAL,42.57911,-83.15273
SE25093000010,2025-09-30T08:27:49Z,2025-09-30T13:19:27Z,13,2025-09-30T08:09:15Z,2025-09-30T16:40:00Z,8,8,Determined upon crew arrival,In Progres,OUTAGE,Service Transformer,RFD,NORMAL,42.41247,-83.18532
SE25093000012,2025-09-30T08:50:46Z,2025-09-30T13:19:27Z,12,2025-09-30T08:31:45Z,2025-09-30T13:00:00Z,20,20,Determined upon crew arrival,In Progres,OUTAGE,Service Transformer,RFD,NORMAL,42.41386,-83.18645
SE25093000013,2025-09-30T08:50:46Z,2025-09-30T11:51:29Z,10,2025-09-30T08:39:09Z,2025-09-30T13:10:00Z,1,1,Determined upon crew arrival,In Progres,OUTAGE,Single Customer,CAN,NORMAL,42.41276,-82.99335
SW25093000015,2025-09-30T09:21:31Z,2025-09-30T09:51:54Z,3,2025-09-29T22:57:35Z,2025-09-30T13:30:00Z,208,208,Determined upon crew arrival,In Progres,OUTAGE,Device (I),WWS,NORMAL,42.44457,-83.40228
SE25093000019,2025-09-30T09:40:47Z,2025-09-30T13:19:27Z,10,2025-09-30T09:27:16Z,2025-09-30T13:55:00Z,64,64,Determined upon crew arrival,In Progres,OUTAGE,Device (I),RFD,NORMAL,42.41187,-83.18439
SW25093000016,2025-09-30T09:40:47Z,2025-09-30T11:16:53Z,6,2025-09-30T09:14:01Z,2025-09-30T13:45:00Z,44,44,Determined upon crew arrival,In Progres,OUTAGE,Device (I),WWS,NORMAL,42.29027,-83.54195
SE25093000021,2025-09-30T10:21:14Z,2025-09-30T14:42:03Z,11,2025-09-30T09:48:56Z,2025-09-30T18:25:00Z,20,20,Equipment problem,In Progres,OUTAGE,Service Transformer,RFD,NORMAL,42.45429,-83.14587
NW25093000024,2025-09-30T10:54:17Z,2025-09-30T13:46:38Z,7,2025-09-30T10:28:34Z,2025-09-30T15:00:00Z,27,27,Equipment problem,Pending,OUTAGE,Device (I),HWL,NORMAL,42.4946,-83.64621
SW25093000030,2025-09-30T11:16:53Z,2025-09-30T17:51:08Z,17,2025-09-30T02:09:16Z,2025-10-01T03:30:00Z,1,1,Determined upon crew arrival,In Progres,OUTAGE,Single Customer,NPT,NORMAL,42.14977,-83.17922
SW25093000031,2025-09-30T11:16:53Z,2025-09-30T14:53:28Z,9,2025-09-30T05:17:07Z,2025-09-30T15:30:00Z,1,1,Determined upon crew arrival,In Progres,OUTAGE,Single Customer,WWS,NORMAL,42.38029,-83.53409
NE25093000039,2025-09-30T11:38:22Z,2025-09-30T21:51:20Z,27,2025-09-30T11:18:54Z,2025-09-30T23:50:00Z,1,1,Equipment problem,In Progres,PRIORITY,,MTC,NORMAL,42.54791,-82.90232
SE25093000036,2025-09-30T11:38:22Z,2025-09-30T13:46:38Z,5,2025-09-30T11:08:24Z,2025-09-30T15:40:00Z,1,1,Equipment problem,In Progres,OUTAGE,Single Customer,RFD,NORMAL,42.40003,-83.18581
NE25093000040,2025-09-30T11:51:29Z,2025-09-30T15:18:06Z,8,2025-09-29T16:54:20Z,2025-09-30T16:00:00Z,1,1,Determined upon crew arrival,In Progres,OUTAGE,Single Customer,MTC,NORMAL,42.58845,-82.95964
NE25093000043,2025-09-30T11:51:29Z,2025-09-30T11:51:29Z,1,2025-09-30T11:38:44Z,2025-09-30T16:10:00Z,2,2,Determined upon crew arrival,In Progres,OUTAGE,Service Secondary,MTC,NORMAL,42.52957,-82.91701
SE25093000042,2025-09-30T11:51:29Z,2025-09-30T13:19:27Z,3,2025-09-30T11:37:51Z,2025-09-30T16:10:00Z,1,1,Determined upon crew arrival,In Progres,OUTAGE,Single Customer,RFD,NORMAL,42.41384,-83.18538
NE25093000058,2025-09-30T12:42:27Z,2025-09-30T15:18:06Z,7,2025-09-30T12:25:35Z,2025-09-30T16:55:00Z,3,3,Animal/bird damaged DTE equip,In Progres,OUTAGE,Service Transformer,LAP,NORMAL,43.02478,-83.03976
NW25093000049,2025-09-30T12:42:27Z,2025-09-30T12:42:27Z,1,2025-09-30T11:55:59Z,,2,2,Determined upon crew arrival,In Progres,OUTAGE,Service Transformer,PON,NORMAL,42.71085,-83.46856
SE25093000048,2025-09-30T12:42:27Z,2025-09-30T20:21:15Z,20,2025-09-30T11:55:21Z,2025-10-01T04:25:00Z,1,1,Equipment problem,In Progres,OUTAGE,Single Customer,CAN,NORMAL,42.43177,-82.89472
SE25093000059,2025-09-30T12:42:27Z,2025-09-30T12:42:27Z,1,2025-09-30T12:29:40Z,,1,1,Determined upon crew arrival,New,OUTAGE,Single Customer,CAN,NORMAL,42.34216,-83.07697
NE25093000063,2025-09-30T13:19:27Z,2025-09-30T13:46:38Z,2,2025-09-30T12:16:23Z,2025-09-30T17:00:00Z,5,5,Determined upon crew arrival,In Progres,OUTAGE,Service Transformer,MTC,NORMAL,42.52157,-83.08327
NE25093000137,2025-09-30T13:19:27Z,2025-09-30T13:19:27Z,1,2025-09-30T12:41:20Z,,1,1,Determined upon crew arrival,New,OUTAGE,Single Customer,MAR,NORMAL,42.93773,-82.84055
NW25093000071,2025-09-30T13:19:27Z,2025-09-30T14:19:45Z,3,2025-09-30T12:32:38Z,2025-09-30T17:05:00Z,63,63,Determined upon crew arrival,In Progres,OUTAGE,Device (I),PON,NORMAL,42.64744,-83.34366
NW25093000083,2025-09-30T13:19:27Z,2025-09-30T15:51:02Z,8,2025-09-30T12:45:42Z,2025-09-30T17:15:00Z,1444,1444,Animal/bird damaged DTE equip,In Progres,OUTAGE,Circuit Level,PON,NORMAL,42.62038,-83.25701
NW25093000098,2025-09-30T13:19:27Z,2025-09-30T17:51:08Z,13,2025-09-30T12:47:09Z,2025-09-30T21:15:00Z,1,1,Determined upon crew arrival,In Progres,PRIORITY,,PON,NORMAL,42.6249,-83.27056
NW25093000110,2025-09-30T13:19:27Z,2025-09-30T17:51:08Z,13,2025-09-30T12:48:39Z,2025-09-30T21:20:00Z,1,1,Determined upon crew arrival,In Progres,PRIORITY,,PON,NORMAL,42.62128,-83.24599
NW25093000111,2025-09-30T13:19:27Z,2025-09-30T17:51:08Z,13,2025-09-30T12:48:45Z,2025-09-30T21:20:00Z,1,1,Determined upon crew arrival,In Progres,PRIORITY,,PON,NORMAL,42.62532,-83.25368
NW25093000115,2025-09-30T13:19:27Z,2025-09-30T13:46:38Z,2,2025-09-30T12:43:30Z,2025-09-30T17:20:00Z,1,1,Determined upon crew arrival,In Progres,OUTAGE,Single Customer,HWL,NORMAL,42.69985,-84.12861
NW25093000124,2025-09-30T13:19:27Z,2025-09-30T17:51:08Z,13,2025-09-30T12:51:44Z,2025-09-30T21:20:00Z,1,1,Determined upon crew arrival,In Progres,PRIORITY,,PON,NORMAL,42.6194,-83.24677
NW25093000125,2025-09-30T13:19:27Z,2025-09-30T17:51:08Z,13,2025-09-30T12:51:55Z,2025-09-30T21:20:00Z,1,1,Determined upon crew arrival,In Progres,PRIORITY,,PON,NORMAL,42.625,-83.24336
NW25093000128,2025-09-30T13:19:27Z,2025-09-30T19:15:37Z,16,2025-09-30T12:53:39Z,2025-09-30T21:25:00Z,1,1,Determined upon crew arrival,In Progres,PRIORITY,,PON,NORMAL,42.62128,-83.25203
SE25093000062,2025-09-30T13:19:27Z,2025-09-30T15:39:49Z,7,2025-09-30T12:31:35Z,2025-09-30T17:00:00Z,1,1,Determined upon crew arrival,In Progres,OUTAGE,Single Customer,CAN,NORMAL,42.43896,-83.0292
SE25093000069,2025-09-30T13:19:27Z,2025-09-30T13:19:27Z,1,2025-09-30T12:35:23Z,2025-09-30T17:05:00Z,5,5,Determined upon crew arrival,In Progres,OUTAGE,Service Transformer,RFD,NORMAL,42.3935,-83.14039
SE25093000116,2025-09-30T13:19:27Z,2025-09-30T13:19:27Z,1,2025-09-30T12:49:23Z,2025-09-30T17:20:00Z,1,1,Determined upon crew arrival,New,OUTAGE,Single Customer,RFD,NORMAL,42.43831,-83.28688
SW25093000060,2025-09-30T13:19:27Z,2025-09-30T21:37:58Z,23,2025-09-29T01:30:24Z,2025-10-01T05:00:00Z,1,1,Determined upon crew arrival,Pending,OUTAGE,Single Customer,WWS,NORMAL,42.47917,-83.44285
SW25093000126,2025-09-30T13:19:27Z,2025-09-30T13:46:38Z,2,2025-09-30T12:50:40Z,2025-09-30T17:25:00Z,9,9,Equipment problem,In Progres,OUTAGE,Service Transformer,NPT,NORMAL,42.05277,-83.2102
SW25093000129,2025-09-30T13:19:27Z,2025-09-30T13:46:38Z,2,2025-09-30T12:50:40Z,2025-09-30T17:25:00Z,7,7,Determined upon crew arrival,In Progres,OUTAGE,Service Transformer,NPT,NORMAL,42.05338,-83.20507
SW25093000131,2025-09-30T13:19:27Z,2025-09-30T14:19:45Z,3,2025-09-30T12:50:40Z,2025-09-30T17:25:00Z,4,4,Equipment problem,In Progres,OUTAGE,Service Transformer,NPT,NORMAL,42.05284,-83.20755
SW25093000134,2025-09-30T13:19:27Z,2025-09-30T14:19:45Z,3,2025-09-30T12:55:57Z,2025-09-30T17:25:00Z,1,1,Equipment problem,In Progres,OUTAGE,Single Customer,NPT,NORMAL,42.05391,-83.20032
NE25093000170,2025-09-30T13:46:38Z,2025-09-30T14:42:03Z,3,2025-09-30T13:26:09Z,2025-09-30T17:55:00Z,3,3,Determined upon crew arrival,In Progres,OUTAGE,Service Transformer,MAR,NORMAL,42.89023,-82.52727
NW25093000141,2025-09-30T13:46:38Z,2025-09-30T13:46:38Z,1,2025-09-30T12:54:45Z,2025-09-30T17:35:00Z,2,2,Determined upon crew arrival,In Progres,OUTAGE,Service Transformer,PON,NORMAL,42.7789,-83.35234
NW25093000142,2025-09-30T13:46:38Z,2025-09-30T17:51:08Z,12,2025-09-30T13:04:33Z,2025-09-30T21:35:00Z,1,1,Determined upon crew arrival,In Progres,PRIORITY,,PON,NORMAL,42.62043,-83.25557
NW25093000157,2025-09-30T13:46:38Z,2025-09-30T15:51:02Z,7,2025-09-30T13:15:12Z,2025-09-30T17:45:00Z,1,1,Animal/bird damaged DTE equip,In Progres,OUTAGE,Single Customer,HWL,NORMAL,42.60541,-83.62639
NW25093000159,2025-09-30T13:46:38Z,2025-09-30T17:51:08Z,12,2025-09-30T13:18:04Z,2025-09-30T17:50:00Z,1,1,Determined upon crew arrival,In Progres,PRIORITY,,PON,NORMAL,42.62093,-83.25022
SE25093000140,2025-09-30T13:46:38Z,2025-09-30T15:18:06Z,5,2025-09-30T13:02:58Z,2025-09-30T17:35:00Z,1,1,Determined upon crew arrival,In Progres,OUTAGE,Single Customer,CAN,NORMAL,42.36025,-83.02176
SE25093000143,2025-09-30T13:46:38Z,2025-09-30T15:51:02Z,7,2025-09-30T13:05:05Z,2025-09-30T17:35:00Z,27,27,Determined upon crew arrival,In Progres,OUTAGE,Service Transformer,CAN,NORMAL,42.40474,-83.12793
SE25093000150,2025-09-30T13:46:38Z,2025-09-30T18:47:18Z,14,2025-09-30T13:08:40Z,2025-10-01T05:40:00Z,1,1,Equipment problem,In Progres,OUTAGE,Single Customer,RFD,NORMAL,42.24538,-83.1493
SE25093000153,2025-09-30T13:46:38Z,2025-09-30T17:17:16Z,10,2025-09-30T13:12:33Z,2025-09-30T17:45:00Z,1,1,Determined upon crew arrival,In Progres,OUTAGE,Single Customer,CAN,NORMAL,42.41036,-82.89177
SE25093000163,2025-09-30T13:46:38Z,2025-09-30T15:18:06Z,5,2025-09-30T13:22:12Z,2025-09-30T17:50:00Z,1,1,Determined upon crew arrival,PC3 Verifi,OUTAGE,Single Customer,RFD,NORMAL,42.45494,-83.14667
SE25093000165,2025-09-30T13:46:38Z,2025-09-30T13:46:38Z,1,2025-09-30T13:24:14Z,2025-09-30T17:55:00Z,1,1,Determined upon crew arrival,New,OUTAGE,Single Customer,RFD,NORMAL,42.38293,-83.25663
NE25093000190,2025-09-30T14:19:45Z,2025-09-30T15:18:06Z,4,2025-09-30T13:44:19Z,2025-09-30T18:15:00Z,3,3,Determined upon crew arrival,In Progres,OUTAGE,Service Transformer,LAP,NORMAL,43.16322,-83.33523
NE25093000197,2025-09-30T14:19:45Z,2025-09-30T15:18:06Z,4,2025-09-30T13:47:08Z,2025-09-30T18:15:00Z,1,1,Determined upon crew arrival,In Progres,OUTAGE,Single Customer,MTC,NORMAL,42.66202,-82.79581
NE25093000247,2025-09-30T14:19:45Z,2025-09-30T23:51:27Z,28,2025-09-30T00:00:36Z,2025-10-01T02:40:00Z,1,1,Equipment problem,In Progres,OUTAGE,Single Customer,MTC,NORMAL,42.48796,-82.93258
NW25093000173,2025-09-30T14:19:45Z,2025-09-30T15:51:02Z,6,2025-09-30T13:30:28Z,2025-09-30T18:00:00Z,1,1,Determined upon crew arrival,New,OUTAGE,Single Customer,PON,NORMAL,42.61265,-83.24524
NW25093000175,2025-09-30T14:19:45Z,2025-09-30T17:39:38Z,10,2025-09-30T13:34:35Z,2025-09-30T18:05:00Z,1,1,Animal/bird damaged DTE equip,In Progres,OUTAGE,Single Customer,PON,NORMAL,42.60588,-83.26856
NW25093000182,2025-09-30T14:19:45Z,2025-09-30T14:53:28Z,3,2025-09-30T13:41:21Z,2025-09-30T18:10:00Z,1,1,Determined upon crew arrival,In Progres,OUTAGE,Single Customer,HWL,NORMAL,42.58182,-83.75809
NW25093000242,2025-09-30T14:19:45Z,2025-09-30T14:53:28Z,3,2025-09-30T14:05:11Z,2025-09-30T18:35:00Z,1,1,Determined upon crew arrival,In Progres,OUTAGE,Single Customer,PON,NORMAL,42.66528,-83.30354
NW25093000253,2025-09-30T14:19:45Z,2025-09-30T15:39:49Z,5,2025-09-30T14:10:36Z,2025-09-30T18:40:00Z,1,1,Determined upon crew arrival,In Progres,OUTAGE,Single Customer,PON,NORMAL,42.65753,-83.30024
SE25093000179,2025-09-30T14:19:45Z,2025-09-30T21:17:35Z,20,2025-09-30T13:37:49Z,2025-10-01T06:10:00Z,1,1,Determined upon crew arrival,In Progres,OUTAGE,Single Customer,CAN,NORMAL,42.32852,-83.04827
SE25093000198,2025-09-30T14:19:45Z,2025-09-30T15:51:02Z,6,2025-09-30T13:48:18Z,2025-09-30T18:20:00Z,1,1,Equipment problem,In Progres,OUTAGE,Single Customer,CAN,NORMAL,42.39079,-82.94937
SE25093000206,2025-09-30T14:19:45Z,2025-09-30T22:17:30Z,23,2025-09-30T13:51:08Z,2025-09-30T22:20:00Z,1,1,Determined upon crew arrival,In Progres,PRIORITY,,CAN,NORMAL,42.33043,-83.04122
SE25093000209,2025-09-30T14:19:45Z,2025-09-30T22:17:30Z,23,2025-09-30T13:51:35Z,2025-09-30T22:20:00Z,1,1,Determined upon crew arrival,In Progres,PRIORITY,,CAN,NORMAL,42.32812,-83.04665
SE25093000217,2025-09-30T14:19:45Z,2025-09-30T14:53:28Z,3,2025-09-30T13:54:07Z,2025-09-30T18:25:00Z,1,1,Determined upon crew arrival,In Progres,OUTAGE,Service Secondary,CAN,NORMAL,42.40958,-83.12809
SE25093000221,2025-09-30T14:19:45Z,2025-09-30T15:18:06Z,4,2025-09-30T13:53:33Z,2025-09-30T18:25:00Z,11,11,Determined upon crew arrival,In Progres,OUTAGE,Service Transformer,RFD,NORMAL,42.22892,-83.21876
SE25093000222,2025-09-30T14:19:45Z,2025-09-30T22:17:30Z,23,2025-09-30T13:56:40Z,2025-09-30T22:25:00Z,1,1,Determined upon crew arrival,In Progres,PRIORITY,,CAN,NORMAL,42.33109,-83.04164
SE25093000226,2025-09-30T14:19:45Z,2025-09-30T16:25:24Z,7,2025-09-30T13:58:06Z,2025-09-30T18:30:00Z,2,2,Determined upon crew arrival,In Progres,OUTAGE,Service Secondary,CAN,NORMAL,42.33043,-83.04122
SE25093000227,2025-09-30T14:19:45Z,2025-09-30T16:25:24Z,7,2025-09-30T13:58:19Z,2025-09-30T18:30:00Z,5,5,Equipment problem,In Progres,OUTAGE,Circuit Level,CAN,NORMAL,42.32905,-83.04459
SE25093000234,2025-09-30T14:19:45Z,2025-09-30T16:25:24Z,7,2025-09-30T14:01:04Z,2025-09-30T18:30:00Z,1,1,Determined upon crew arrival,In Progres,OUTAGE,Single Customer,CAN,NORMAL,42.36868,-83.07465
SE25093000252,2025-09-30T14:19:45Z,2025-09-30T15:39:49Z,5,2025-09-30T14:09:29Z,2025-09-30T18:40:00Z,1,1,Determined upon crew arrival,In Progres,OUTAGE,Single Customer,CAN,NORMAL,42.43073,-83.05471
SW25093000181,2025-09-30T14:19:45Z,2025-09-30T14:19:45Z,1,2025-09-30T13:40:59Z,2025-09-30T18:10:00Z,8,8,Determined upon crew arrival,In Progres,OUTAGE,Service Transformer,WWS,NORMAL,42.4134,-83.34246
SW25093000207,2025-09-30T14:19:45Z,2025-09-30T15:39:49Z,5,2025-09-30T13:51:18Z,2025-09-30T18:20:00Z,1,1,Determined upon crew arrival,In Progres,OUTAGE,Single Customer,WWS,NORMAL,42.41091,-83.38197
SW25093000213,2025-09-30T14:19:45Z,2025-09-30T15:18:06Z,4,2025-09-30T13:52:32Z,2025-09-30T18:25:00Z,1,1,Determined upon crew arrival,In Progres,OUTAGE,Single Customer,ANN,NORMAL,42.2423,-83.57884
SW25093000236,2025-09-30T14:19:45Z,2025-09-30T15:39:49Z,5,2025-09-30T14:02:07Z,2025-09-30T18:30:00Z,19,19,Determined upon crew arrival,In Progres,OUTAGE,Service Transformer,ANN,NORMAL,42.25757,-83.58521
SW25093000238,2025-09-30T14:19:45Z,2025-10-01T14:20:15Z,57,2025-09-30T14:02:49Z,2025-10-01T18:35:00Z,1,1,Equipment problem,In Progres,OUTAGE,Single Customer,WWS,NORMAL,42.28334,-83.30167
SW25093000246,2025-09-30T14:19:45Z,2025-09-30T16:46:45Z,8,2025-09-30T14:01:59Z,2025-09-30T18:40:00Z,9,9,Public Interference w/DTE equip,In Progres,OUTAGE,Device (I),ANN,NORMAL,42.39742,-83.60812
NE25093000262,2025-09-30T14:42:03Z,2025-09-30T15:18:06Z,3,2025-09-30T14:17:46Z,2025-09-30T18:50:00Z,12,12,Determined upon crew arrival,In Progres,OUTAGE,Service Transformer,MAR,NORMAL,42.98383,-82.45656
NW25093000280,2025-09-30T14:42:03Z,2025-09-30T19:15:37Z,13,2025-09-30T14:27:05Z,2025-10-01T06:55:00Z,1,1,Equipment problem,Pending,OUTAGE,Single Customer,PON,NORMAL,42.61245,-83.46801
SE25093000271,2025-09-30T14:42:03Z,2025-09-30T21:17:35Z,19,2025-09-30T14:21:12Z,2025-09-30T22:50:00Z,2,2,Equipment problem,In Progres,OUTAGE,Service Secondary,CAN,NORMAL,42.43417,-83.04638
SE25093000272,2025-09-30T14:42:03Z,2025-09-30T14:42:03Z,1,2025-09-30T14:22:21Z,2025-09-30T18:50:00Z,1,1,Determined upon crew arrival,In Progres,OUTAGE,Single Customer,CAN,NORMAL,42.43975,-83.00631
SW25093000263,2025-09-30T14:42:03Z,2025-09-30T16:25:24Z,6,2025-09-30T14:18:29Z,2025-09-30T18:50:00Z,5,5,Determined upon crew arrival,In Progres,OUTAGE,Service Transformer,NPT,NORMAL,42.0853,-83.28562
SW25093000270,2025-09-30T14:42:03Z,2025-09-30T17:51:08Z,10,2025-09-30T14:21:12Z,2025-09-30T18:50:00Z,13,13,Determined upon crew arrival,In Progres,OUTAGE,Service Transformer,ANN,NORMAL,42.25289,-83.68694
SW25093000276,2025-09-30T14:42:03Z,2025-09-30T15:51:02Z,5,2025-09-30T14:22:57Z,2025-09-30T18:55:00Z,18,18,Animal/bird damaged DTE equip,In Progres,OUTAGE,Service Transformer,WWS,NORMAL,42.30297,-83.35821
SW25093000279,2025-09-30T14:42:03Z,2025-09-30T19:15:37Z,13,2025-09-30T14:10:19Z,2025-09-30T22:55:00Z,3,3,Determined upon crew arrival,In Progres,OUTAGE,Service Transformer,ANN,NORMAL,42.33175,-83.61029
NE25093000287,2025-09-30T14:53:28Z,2025-09-30T16:46:45Z,6,2025-09-30T14:30:00Z,2025-09-30T19:00:00Z,3,3,Determined upon crew arrival,In Progres,OUTAGE,Service Transformer,MTC,NORMAL,42.45129,-82.99091
NW25093000295,2025-09-30T14:53:28Z,2025-09-30T17:51:08Z,9,2025-09-30T14:33:43Z,2025-09-30T19:05:00Z,1,1,Determined upon crew arrival,In Progres,PRIORITY,,PON,NORMAL,42.62051,-83.27959
NW25093000296,2025-09-30T14:53:28Z,2025-09-30T17:17:16Z,7,2025-09-30T14:34:16Z,2025-09-30T19:05:00Z,1,1,Equipment problem,In Progres,OUTAGE,Single Customer,PON,NORMAL,42.56549,-83.12909
NW25093000310,2025-09-30T14:53:28Z,2025-09-30T17:17:16Z,7,2025-09-30T14:41:19Z,2025-09-30T19:10:00Z,1,1,Equipment problem,In Progres,OUTAGE,Single Customer,PON,NORMAL,42.53814,-83.32472
SE25093000288,2025-09-30T14:53:28Z,2025-09-30T15:51:02Z,4,2025-09-30T14:30:39Z,2025-09-30T19:00:00Z,1,1,Determined upon crew arrival,In Progres,OUTAGE,Single Customer,CAN,NORMAL,42.39708,-83.12548
SE25093000289,2025-09-30T14:53:28Z,2025-09-30T18:25:30Z,10,2025-09-30T14:31:15Z,2025-09-30T19:00:00Z,1,1,Determined upon crew arrival,In Progres,OUTAGE,Single Customer,CAN,NORMAL,42.4076,-83.11698
SE25093000303,2025-09-30T14:53:28Z,2025-09-30T20:40:26Z,16,2025-09-30T14:37:50Z,2025-09-30T23:10:00Z,24,1,Determined upon crew arrival,In Progres,OUTAGE,Service Transformer,RFD,NORMAL,42.27798,-83.23679
SE25093000308,2025-09-30T14:53:28Z,2025-09-30T22:39:24Z,22,2025-09-30T14:22:21Z,2025-09-30T23:10:00Z,2,1,Determined upon crew arrival,In Progres,OUTAGE,Device (II),CAN,NORMAL,42.43975,-83.00631
SE25093000320,2025-09-30T14:53:28Z,2025-09-30T19:15:37Z,12,2025-09-30T14:44:43Z,2025-09-30T19:15:00Z,1,1,Equipment problem,In Progres,OUTAGE,Single Customer,RFD,NORMAL,42.46171,-83.19825
SW25093000291,2025-09-30T14:53:28Z,2025-09-30T15:51:02Z,4,2025-09-30T14:31:50Z,2025-09-30T19:00:00Z,1,1,Determined upon crew arrival,In Progres,OUTAGE,Service Secondary,ANN,NORMAL,42.24259,-83.58353
SW25093000294,2025-09-30T14:53:28Z,2025-09-30T15:51:02Z,4,2025-09-30T14:26:55Z,2025-09-30T19:05:00Z,94,94,Determined upon crew arrival,In Progres,OUTAGE,Device (I),WWS,NORMAL,42.52262,-83.50829
SW25093000306,2025-09-30T14:53:28Z,2025-09-30T16:46:45Z,6,2025-09-30T14:39:35Z,2025-09-30T19:10:00Z,16,16,Determined upon crew arrival,In Progres,OUTAGE,Service Transformer,NPT,NORMAL,42.09384,-83.28137
NE25093000323,2025-09-30T15:18:06Z,2025-09-30T15:18:06Z,1,2025-09-30T14:43:19Z,2025-09-30T19:20:00Z,1,1,Determined upon crew arrival,In Progres,OUTAGE,Single Customer,NAE,NORMAL,43.42708,-82.83428
NE25093000333,2025-09-30T15:18:06Z,2025-09-30T23:17:09Z,23,2025-09-30T14:53:05Z,2025-10-01T07:25:00Z,1,1,Determined upon crew arrival,In Progres,OUTAGE,Single Customer,MTC,NORMAL,42.47745,-82.94573
NE25093000334,2025-09-30T15:18:06Z,2025-09-30T15:51:02Z,3,2025-09-30T14:52:57Z,2025-09-30T19:25:00Z,1,1,Determined upon crew arrival,In Progres,OUTAGE,Single Customer,NAE,NORMAL,43.42405,-82.8297
NE25093000338,2025-09-30T15:18:06Z,2025-09-30T15:18:06Z,1,2025-09-30T14:55:30Z,2025-09-30T19:25:00Z,1,1,Determined upon crew arrival,In Progres,OUTAGE,Single Customer,NAE,NORMAL,43.67281,-83.56667
NE25093000341,2025-09-30T15:18:06Z,2025-09-30T18:25:30Z,9,2025-09-30T14:59:00Z,2025-09-30T19:30:00Z,1,1,Public Interference w/DTE equip,In Progres,OUTAGE,Single Customer,MTC,NORMAL,42.479,-82.95642
NW25093000329,2025-09-30T15:18:06Z,2025-09-30T21:17:35Z,17,2025-09-30T14:51:02Z,2025-10-01T07:20:00Z,1,1,Determined upon crew arrival,In Progres,OUTAGE,Single Customer,PON,NORMAL,42.66976,-83.30638
SE25093000335,2025-09-30T15:18:06Z,2025-09-30T16:25:24Z,4,2025-09-30T14:55:00Z,2025-09-30T19:25:00Z,1,1,Determined upon crew arrival,In Progres,OUTAGE,Single Customer,CAN,NORMAL,42.40364,-83.1254
SW25093000328,2025-09-30T15:18:06Z,2025-09-30T16:25:24Z,4,2025-09-30T14:50:58Z,2025-09-30T19:20:00Z,1,1,Public Interference w/DTE equip,In Progres,OUTAGE,Single Customer,ANN,NORMAL,42.39875,-83.6075
SW25093000330,2025-09-30T15:18:06Z,2025-09-30T15:51:02Z,3,2025-09-30T14:51:08Z,2025-09-30T19:20:00Z,18,18,Determined upon crew arrival,In Progres,OUTAGE,Service Transformer,ANN,NORMAL,42.23741,-83.58837
SW25093000340,2025-09-30T15:18:06Z,2025-09-30T15:51:02Z,3,2025-09-30T14:57:39Z,2025-09-30T19:30:00Z,1,1,Determined upon crew arrival,New,OUTAGE,Single Customer,NPT,NORMAL,42.09247,-83.28135
NE25093000343,2025-09-30T15:39:49Z,2025-09-30T17:17:16Z,5,2025-09-30T15:01:21Z,2025-09-30T19:30:00Z,1,1,Determined upon crew arrival,In Progres,OUTAGE,Single Customer,LAP,NORMAL,43.18273,-83.30771
NE25093000369,2025-09-30T15:39:49Z,2025-09-30T17:51:08Z,7,2025-09-30T15:17:19Z,2025-09-30T19:45:00Z,1,1,Equipment problem,In Progres,OUTAGE,Single Customer,MTC,NORMAL,42.54872,-82.90263
SE25093000350,2025-09-30T15:39:49Z,2025-09-30T17:51:08Z,7,2025-09-30T15:07:48Z,2025-09-30T19:40:00Z,1,1,Determined upon crew arrival,In Progres,OUTAGE,Single Customer,CAN,NORMAL,42.39379,-83.0658
SE25093000355,2025-09-30T15:39:49Z,2025-10-01T03:49:09Z,27,2025-09-30T15:10:21Z,2025-10-01T07:40:00Z,1,1,Determined upon crew arrival,In Progres,OUTAGE,Single Customer,CAN,NORMAL,42.37619,-82.98265
SE25093000368,2025-09-30T15:39:49Z,2025-09-30T17:39:38Z,6,2025-09-30T15:16:41Z,2025-09-30T19:45:00Z,1,1,Determined upon crew arrival,In Progres,OUTAGE,Single Customer,CAN,NORMAL,42.39738,-83.13019
SE25093000375,2025-09-30T15:39:49Z,2025-09-30T19:51:20Z,12,2025-09-30T15:08:22Z,2025-09-30T19:55:00Z,1,1,Determined upon crew arrival,In Progres,OUTAGE,Single Customer,RFD,NORMAL,42.48718,-83.29388
SW25093000352,2025-09-30T15:39:49Z,2025-09-30T17:51:08Z,7,2025-09-30T15:08:19Z,2025-09-30T19:40:00Z,30,30,Determined upon crew arrival,In Progres,OUTAGE,Service Transformer,WWS,NORMAL,42.30206,-83.37977
SW25093000362,2025-09-30T15:39:49Z,2025-09-30T16:46:45Z,4,2025-09-30T15:13:55Z,2025-09-30T19:45:00Z,19,19,Determined upon crew arrival,In Progres,OUTAGE,Service Transformer,WWS,NORMAL,42.31115,-83.35603
SW25093000364,2025-09-30T15:39:49Z,2025-09-30T15:39:49Z,1,2025-09-30T15:14:31Z,2025-09-30T19:45:00Z,2,2,Determined upon crew arrival,In Progres,OUTAGE,Service Transformer,WWS,NORMAL,42.42211,-83.32517
SW25093000370,2025-09-30T15:39:49Z,2025-09-30T17:51:08Z,7,2025-09-30T15:17:49Z,2025-09-30T19:50:00Z,15,15,Determined upon crew arrival,In Progres,OUTAGE,Service Transformer,WWS,NORMAL,42.33162,-83.37187
SW25093000377,2025-09-30T15:39:49Z,2025-09-30T23:51:27Z,24,2025-09-30T15:23:47Z,2025-10-01T07:55:00Z,1,1,Equipment problem,Pending,OUTAGE,Single Customer,ANN,NORMAL,42.32267,-83.71019
NE25093000388,2025-09-30T15:51:02Z,2025-09-30T17:39:38Z,5,2025-09-30T15:33:56Z,2025-09-30T20:05:00Z,1,1,Determined upon crew arrival,In Progres,OUTAGE,Single Customer,MTC,NORMAL,42.46893,-82.95978
NE25093000412,2025-09-30T15:51:02Z,2025-09-30T17:17:16Z,4,2025-09-30T15:43:13Z,2025-09-30T20:15:00Z,1,1,Determined upon crew arrival,In Progres,OUTAGE,Single Customer,LAP,NORMAL,43.02115,-83.07806
NW25093000405,2025-09-30T15:51:02Z,2025-09-30T17:51:08Z,6,2025-09-30T15:43:08Z,2025-09-30T20:15:00Z,22,22,Determined upon crew arrival,In Progres,OUTAGE,Service Transformer,PON,NORMAL,42.66528,-83.30354
SE25093000386,2025-09-30T15:51:02Z,2025-09-30T15:51:02Z,1,2025-09-30T15:33:35Z,2025-09-30T20:05:00Z,1,1,Determined upon crew arrival,In Progres,OUTAGE,Single Customer,CAN,NORMAL,42.38007,-83.1338
SE25093000389,2025-09-30T15:51:02Z,2025-09-30T16:25:24Z,2,2025-09-30T15:34:40Z,2025-09-30T20:05:00Z,10,10,Determined upon crew arrival,In Progres,OUTAGE,Service Transformer,CAN,NORMAL,42.4061,-83.1319
SE25093000392,2025-09-30T15:51:02Z,2025-09-30T16:25:24Z,2,2025-09-30T15:34:59Z,2025-09-30T20:05:00Z,1,1,Determined upon crew arrival,In Progres,OUTAGE,Service Secondary,CAN,NORMAL,42.40334,-83.13849
SE25093000396,2025-09-30T15:51:02Z,2025-09-30T15:51:02Z,1,2025-09-30T15:38:04Z,2025-09-30T20:10:00Z,1,1,Determined upon crew arrival,New,OUTAGE,Single Customer,CAN,NORMAL,42.43543,-83.00514
SE25093000400,2025-09-30T15:51:02Z,2025-09-30T18:25:30Z,7,2025-09-30T15:41:05Z,2025-09-30T20:10:00Z,16,16,Determined upon crew arrival,In Progres,OUTAGE,Service Transformer,CAN,NORMAL,42.44641,-83.00071
SE25093000403,2025-09-30T15:51:02Z,2025-09-30T15:51:02Z,1,2025-09-30T15:42:12Z,,1,1,Determined upon crew arrival,New,OUTAGE,Single Customer,RFD,NORMAL,42.36564,-83.2232
SE25093000408,2025-09-30T15:51:02Z,2025-09-30T16:46:45Z,3,2025-09-30T15:34:59Z,2025-09-30T20:15:00Z,110,110,Determined upon crew arrival,In Progres,OUTAGE,Device (I),CAN,NORMAL,42.40438,-83.13966
SW25093000398,2025-09-30T15:51:02Z,2025-09-30T16:46:45Z,3,2025-09-30T15:39:38Z,2025-09-30T20:10:00Z,10,10,Determined upon crew arrival,In Progres,OUTAGE,Service Transformer,WWS,NORMAL,42.4392,-83.34196
NE25093000426,2025-09-30T16:25:24Z,2025-09-30T16:25:24Z,1,2025-09-30T15:51:50Z,2025-09-30T20:20:00Z,6,6,Determined upon crew arrival,In Progres,OUTAGE,Service Transformer,MAR,NORMAL,42.98299,-82.45828
NE25093000451,2025-09-30T16:25:24Z,2025-09-30T17:51:08Z,5,2025-09-30T16:13:35Z,2025-09-30T20:45:00Z,1,1,Determined upon crew arrival,In Progres,OUTAGE,Service Secondary,NAE,NORMAL,43.42489,-82.83018
NE25093000453,2025-09-30T16:25:24Z,2025-09-30T20:51:35Z,13,2025-09-30T16:01:50Z,2025-09-30T20:45:00Z,5,5,Determined upon crew arrival,In Progres,OUTAGE,Service Transformer,NAE,NORMAL,43.9139,-83.39548
NW25093000416,2025-09-30T16:25:24Z,2025-09-30T17:39:38Z,4,2025-09-30T15:46:38Z,2025-09-30T20:15:00Z,1,1,Determined upon crew arrival,In Progres,OUTAGE,Single Customer,PON,NORMAL,42.65451,-83.27615
NW25093000446,2025-09-30T16:25:24Z,2025-09-30T16:46:45Z,2,2025-09-30T16:08:53Z,2025-09-30T20:40:00Z,1,1,Determined upon crew arrival,New,OUTAGE,Single Customer,PON,NORMAL,42.62253,-83.24577
NW25093000449,2025-09-30T16:25:24Z,2025-09-30T17:39:38Z,4,2025-09-30T12:46:15Z,2025-09-30T20:40:00Z,203,203,Determined upon crew arrival,In Progres,OUTAGE,Device (II),PON,NORMAL,42.61942,-83.24576
SE25093000417,2025-09-30T16:25:24Z,2025-09-30T16:46:45Z,2,2025-09-30T15:47:05Z,2025-09-30T20:15:00Z,24,24,Determined upon crew arrival,In Progres,OUTAGE,Service Transformer,CAN,NORMAL,42.40856,-83.12806
SE25093000423,2025-09-30T16:25:24Z,2025-09-30T17:51:08Z,5,2025-09-30T15:43:55Z,2025-09-30T20:20:00Z,1,1,Determined upon crew arrival,In Progres,SERVICE DOWN NO,,RFD,NORMAL,42.46124,-83.09513
SE25093000427,2025-09-30T16:25:24Z,2025-09-30T18:25:30Z,6,2025-09-30T15:41:30Z,2025-09-30T20:25:00Z,9,9,Determined upon crew arrival,In Progres,OUTAGE,Service Transformer,CAN,NORMAL,42.4435,-83.00059
SE25093000431,2025-09-30T16:25:24Z,2025-09-30T16:25:24Z,1,2025-09-30T15:53:39Z,2025-09-30T20:25:00Z,1,1,Determined upon crew arrival,In Progres,OUTAGE,Single Customer,CAN,NORMAL,42.40401,-83.13734
SE25093000436,2025-09-30T16:25:24Z,2025-09-30T16:46:45Z,2,2025-09-30T15:41:29Z,2025-09-30T20:30:00Z,5,5,Determined upon crew arrival,In Progres,OUTAGE,Service Transformer,CAN,NORMAL,42.44242,-83.00053
SE25093000445,2025-09-30T16:25:24Z,2025-09-30T17:17:16Z,3,2025-09-30T16:08:42Z,2025-09-30T20:40:00Z,2,2,Determined upon crew arrival,In Progres,OUTAGE,Service Secondary,CAN,NORMAL,42.40403,-83.12544
SE25093000447,2025-09-30T16:25:24Z,2025-09-30T17:51:08Z,5,2025-09-30T16:08:51Z,2025-09-30T20:40:00Z,1,1,Determined upon crew arrival,PC3 Verifi,OUTAGE,Single Customer,CAN,NORMAL,42.36505,-83.07056
SE25093000454,2025-09-30T16:25:24Z,2025-09-30T16:25:24Z,1,2025-09-30T16:15:03Z,,1,1,Determined upon crew arrival,New,OUTAGE,Single Customer,CAN,NORMAL,42.4307,-83.03197
SW25093000418,2025-09-30T16:25:24Z,2025-09-30T16:46:45Z,2,2025-09-30T15:47:14Z,2025-09-30T20:15:00Z,1,1,Determined upon crew arrival,In Progres,OUTAGE,Service Transformer,ANN,NORMAL,42.35427,-83.7847
SW25093000439,2025-09-30T16:25:24Z,2025-09-30T16:25:24Z,1,2025-09-30T15:58:44Z,2025-09-30T20:30:00Z,1,1,Determined upon crew arrival,In Progres,OUTAGE,Single Customer,WWS,NORMAL,42.41214,-83.32628
SW25093000440,2025-09-30T16:25:24Z,2025-09-30T17:17:16Z,3,2025-09-30T16:00:08Z,2025-09-30T20:30:00Z,1,1,Determined upon crew arrival,In Progres,OUTAGE,Service Secondary,WWS,NORMAL,42.25791,-83.23656
NE25093000466,2025-09-30T16:46:45Z,2025-09-30T17:39:38Z,3,2025-09-30T16:22:42Z,2025-09-30T20:55:00Z,1,1,Determined upon crew arrival,In Progres,OUTAGE,Single Customer,NAE,NORMAL,43.42599,-82.83289
NW25093000455,2025-09-30T16:46:45Z,2025-09-30T17:51:08Z,4,2025-09-30T16:15:43Z,2025-09-30T20:45:00Z,1,1,Equipment problem,In Progres,OUTAGE,Single Customer,HWL,NORMAL,42.62623,-83.83625
NW25093000463,2025-09-30T16:46:45Z,2025-09-30T17:39:38Z,3,2025-09-30T12:44:43Z,2025-09-30T20:50:00Z,107,107,Determined upon crew arrival,In Progres,OUTAGE,Device (II),PON,NORMAL,42.62062,-83.24134
NW25093000469,2025-09-30T16:46:45Z,2025-09-30T18:47:18Z,6,2025-09-30T16:21:20Z,2025-09-30T20:55:00Z,1,1,Problem with the customer equip,In Progres,OUTAGE,Single Customer,SBY,NORMAL,42.73993,-83.1666
NW25093000471,2025-09-30T16:46:45Z,2025-09-30T18:25:30Z,5,2025-09-30T16:25:15Z,2025-09-30T20:55:00Z,5,5,Determined upon crew arrival,In Progres,OUTAGE,Service Transformer,PON,NORMAL,42.66312,-83.30999
SE25093000458,2025-09-30T16:46:45Z,2025-09-30T18:47:18Z,6,2025-09-30T16:19:18Z,2025-09-30T20:50:00Z,1,1,Equipment problem,In Progres,OUTAGE,Single Customer,RFD,NORMAL,42.21484,-83.19851
SW25093000457,2025-09-30T16:46:45Z,2025-09-30T17:17:16Z,2,2025-09-30T16:16:50Z,2025-09-30T20:50:00Z,17,17,Determined upon crew arrival,In Progres,OUTAGE,Service Transformer,ANN,NORMAL,42.26287,-83.76436
SW25093000470,2025-09-30T16:46:45Z,2025-09-30T17:17:16Z,2,2025-09-30T16:17:46Z,2025-09-30T20:55:00Z,4,4,Determined upon crew arrival,In Progres,OUTAGE,Service Transformer,WWS,NORMAL,42.41214,-83.32628
NW25093000493,2025-09-30T17:17:16Z,2025-09-30T17:39:38Z,2,2025-09-30T16:43:05Z,2025-09-30T21:15:00Z,1,1,Determined upon crew arrival,New,OUTAGE,Single Customer,PON,NORMAL,42.61642,-83.24314
NW25093000509,2025-09-30T17:17:16Z,2025-09-30T17:39:38Z,2,2025-09-30T16:56:40Z,2025-09-30T21:25:00Z,1,1,Determined upon crew arrival,New,OUTAGE,Single Customer,PON,NORMAL,42.61529,-83.24603
NW25093000510,2025-09-30T17:17:16Z,2025-09-30T17:17:16Z,1,2025-09-30T12:53:10Z,,1,1,Determined upon crew arrival,New,OUTAGE,Single Customer,PON,NORMAL,42.62433,-83.2477
NW25093000511,2025-09-30T17:17:16Z,2025-09-30T17:39:38Z,2,2025-09-30T16:57:38Z,2025-09-30T21:30:00Z,2,2,Determined upon crew arrival,In Progres,OUTAGE,Service Transformer,HWL,NORMAL,42.47112,-83.61104
NW25093000512,2025-09-30T17:17:16Z,2025-09-30T17:39:38Z,2,2025-09-30T12:44:43Z,2025-09-30T21:30:00Z,1,1,Determined upon crew arrival,New,OUTAGE,Single Customer,PON,NORMAL,42.61652,-83.24109
SE25093000485,2025-09-30T17:17:16Z,2025-09-30T17:51:08Z,3,2025-09-30T16:34:12Z,2025-09-30T21:05:00Z,1,1,Determined upon crew arrival,New,OUTAGE,Single Customer,CAN,NORMAL,42.39376,-82.95018
SW25093000482,2025-09-30T17:17:16Z,2025-09-30T17:39:38Z,2,2025-09-30T16:28:16Z,2025-09-30T21:05:00Z,37,37,Determined upon crew arrival,In Progres,OUTAGE,Device (I),WWS,NORMAL,42.41668,-83.34489
SW25093000489,2025-09-30T17:17:16Z,2025-09-30T17:17:16Z,1,2025-09-30T16:31:40Z,2025-09-30T21:10:00Z,3,3,Determined upon crew arrival,In Progres,OUTAGE,Service Transformer,WWS,NORMAL,42.30412,-83.51865
SW25093000500,2025-09-30T17:17:16Z,2025-09-30T17:51:08Z,3,2025-09-30T16:49:41Z,2025-09-30T21:20:00Z,1,1,Equipment problem,In Progres,OUTAGE,Single Customer,WWS,NORMAL,42.21494,-83.23099
SW25093000505,2025-09-30T17:17:16Z,2025-09-30T18:25:30Z,4,2025-09-30T16:54:26Z,2025-09-30T21:25:00Z,19,19,Determined upon crew arrival,In Progres,OUTAGE,Service Transformer,ANN,NORMAL,42.24938,-83.5851
NE25093000514,2025-09-30T17:39:38Z,2025-09-30T19:15:37Z,5,2025-09-30T17:00:39Z,2025-09-30T21:30:00Z,1,1,Determined upon crew arrival,In Progres,OUTAGE,Single Customer,MAR,NORMAL,43.11327,-82.8383
NW25093000517,2025-09-30T17:39:38Z,2025-09-30T17:39:38Z,1,2025-09-30T16:59:59Z,2025-09-30T21:35:00Z,2,2,Determined upon crew arrival,New,OUTAGE,Service Secondary,PON,NORMAL,42.62389,-83.24726
NW25093000521,2025-09-30T17:39:38Z,2025-09-30T22:17:30Z,14,2025-09-30T16:49:28Z,2025-10-01T01:35:00Z,6,6,Determined upon crew arrival,In Progres,OUTAGE,Service Transformer,PON,NORMAL,42.56809,-83.09367
SE25093000515,2025-09-30T17:39:38Z,2025-09-30T19:15:37Z,5,2025-09-30T16:47:09Z,2025-09-30T21:30:00Z,1,1,Determined upon crew arrival,In Progres,OUTAGE,Single Customer,RFD,NORMAL,42.43374,-83.18465
SE25093000522,2025-09-30T17:39:38Z,2025-09-30T19:51:20Z,7,2025-09-30T17:06:43Z,2025-09-30T21:35:00Z,1,1,Determined upon crew arrival,PC3 Verifi,OUTAGE,Single Customer,CAN,NORMAL,42.36631,-83.06974
SE25093000533,2025-09-30T17:39:38Z,2025-09-30T18:25:30Z,3,2025-09-30T17:27:10Z,2025-09-30T21:55:00Z,17,17,Determined upon crew arrival,In Progres,OUTAGE,Service Transformer,CAN,NORMAL,42.38062,-83.13287
SW25093000527,2025-09-30T17:39:38Z,2025-09-30T17:51:08Z,2,2025-09-30T17:14:12Z,2025-09-30T21:45:00Z,4,4,Determined upon crew arrival,In Progres,OUTAGE,Service Transformer,ANN,NORMAL,42.24626,-83.58741
SW25093000536,2025-09-30T17:39:38Z,2025-09-30T18:47:18Z,4,2025-09-30T17:29:23Z,2025-09-30T22:00:00Z,1,1,Determined upon crew arrival,In Progres,OUTAGE,Single Customer,NPT,NORMAL,42.09695,-83.29294
NW25093000555,2025-09-30T17:51:08Z,2025-09-30T19:15:37Z,4,2025-09-30T17:40:22Z,2025-09-30T22:10:00Z,1,1,Determined upon crew arrival,In Progres,OUTAGE,Single Customer,PON,NORMAL,42.66026,-83.30492
SE25093000540,2025-09-30T17:51:08Z,2025-09-30T19:51:20Z,6,2025-09-30T17:30:35Z,2025-09-30T22:00:00Z,1,1,Determined upon crew arrival,In Progres,OUTAGE,Single Customer,RFD,NORMAL,42.33307,-83.2916
SE25093000546,2025-09-30T17:51:08Z,2025-09-30T21:37:58Z,11,2025-09-30T17:33:33Z,2025-09-30T22:05:00Z,1,1,Equipment problem,In Progres,OUTAGE,Single Customer,CAN,NORMAL,42.39613,-83.08335
SE25093000548,2025-09-30T17:51:08Z,2025-09-30T22:17:30Z,13,2025-09-30T15:55:35Z,2025-09-30T22:05:00Z,1,1,Equipment problem,In Progres,OUTAGE,Single Customer,CAN,NORMAL,42.41053,-83.07863
SE25093000551,2025-09-30T17:51:08Z,2025-09-30T21:17:35Z,10,2025-09-30T14:15:54Z,2025-09-30T22:05:00Z,1,1,Equipment problem,In Progres,OUTAGE,Single Customer,RFD,NORMAL,42.51439,-83.2171
SW25093000545,2025-09-30T17:51:08Z,2025-10-01T13:19:40Z,45,2025-09-30T17:24:25Z,2025-10-01T22:05:00Z,1,1,Equipment problem,In Progres,OUTAGE,Single Customer,WWS,NORMAL,42.49154,-83.34153
SW25093000554,2025-09-30T17:51:08Z,2025-09-30T21:17:35Z,10,2025-09-30T17:39:41Z,2025-09-30T22:10:00Z,1,1,Determined upon crew arrival,In Progres,OUTAGE,Single Customer,WWS,NORMAL,42.28761,-83.38494
NW25093000571,2025-09-30T18:25:30Z,2025-09-30T21:51:20Z,11,2025-09-30T17:57:40Z,2025-09-30T22:30:00Z,1,1,Equipment problem,In Progres,OUTAGE,Single Customer,SBY,NORMAL,42.70607,-83.06228
NW25093000579,2025-09-30T18:25:30Z,2025-09-30T23:51:27Z,17,2025-09-30T18:01:45Z,2025-10-01T10:30:00Z,1,1,Determined upon crew arrival,In Progres,OUTAGE,Single Customer,HWL,NORMAL,42.56564,-83.61561
SE25093000562,2025-09-30T18:25:30Z,2025-09-30T19:51:20Z,5,2025-09-30T17:47:47Z,2025-09-30T22:20:00Z,1,1,Determined upon crew arrival,In Progres,OUTAGE,Single Customer,CAN,NORMAL,42.43653,-83.00151
SE25093000564,2025-09-30T18:25:30Z,2025-09-30T22:39:24Z,13,2025-09-30T17:49:28Z,2025-10-01T10:20:00Z,1,1,Equipment problem,In Progres,OUTAGE,Single Customer,RFD,NORMAL,42.35546,-83.23034
SE25093000576,2025-09-30T18:25:30Z,2025-09-30T23:51:27Z,17,2025-09-30T17:59:45Z,2025-10-01T10:30:00Z,1,1,Determined upon crew arrival,In Progres,OUTAGE,Service Secondary,CAN,NORMAL,42.36025,-83.02176
SE25093000589,2025-09-30T18:25:30Z,2025-10-01T21:51:09Z,67,2025-09-30T17:51:41Z,2025-10-01T22:40:00Z,1,1,Equipment problem,In Progres,OUTAGE,Single Customer,RFD,NORMAL,42.46125,-83.13131
SW25093000583,2025-09-30T18:25:30Z,2025-09-30T23:51:27Z,17,2025-09-30T18:04:04Z,2025-10-01T10:35:00Z,1,1,Determined upon crew arrival,In Progres,OUTAGE,Single Customer,WWS,NORMAL,42.43897,-83.31723
NW25093000594,2025-09-30T18:47:18Z,2025-09-30T19:15:37Z,2,2025-09-30T12:51:55Z,2025-09-30T22:50:00Z,1,1,Determined upon crew arrival,In Progres,PRIORITY,,PON,NORMAL,42.625,-83.24336
NE25093000606,2025-09-30T19:15:37Z,2025-09-30T22:17:30Z,10,2025-09-30T18:24:48Z,2025-09-30T23:00:00Z,1,1,Equipment problem,In Progres,OUTAGE,Single Customer,NAE,NORMAL,43.80301,-82.9865
NE25093000628,2025-09-30T19:15:37Z,2025-09-30T19:51:20Z,3,2025-09-30T18:48:57Z,2025-09-30T23:20:00Z,1,1,Determined upon crew arrival,In Progres,OUTAGE,Service Secondary,NAE,NORMAL,43.4271,-82.82991
NW25093000639,2025-09-30T19:15:37Z,2025-09-30T21:17:35Z,7,2025-09-30T18:58:53Z,2025-09-30T23:30:00Z,1,1,Determined upon crew arrival,In Progres,OUTAGE,Single Customer,PON,NORMAL,42.66892,-83.30785
SE25093000605,2025-09-30T19:15:37Z,2025-09-30T19:51:20Z,3,2025-09-30T18:30:32Z,2025-09-30T23:00:00Z,1,1,Determined upon crew arrival,In Progres,OUTAGE,Single Customer,CAN,NORMAL,42.4034,-83.13487
SE25093000631,2025-09-30T19:15:37Z,2025-09-30T19:51:20Z,3,2025-09-30T18:52:20Z,2025-09-30T23:20:00Z,1,1,Determined upon crew arrival,In Progres,OUTAGE,Single Customer,CAN,NORMAL,42.39165,-83.13802
NE25093000658,2025-09-30T19:37:45Z,2025-09-30T19:51:20Z,2,2025-09-30T19:11:02Z,2025-09-30T23:40:00Z,1,1,Determined upon crew arrival,New,OUTAGE,Single Customer,MTC,NORMAL,42.54389,-82.91574
NE25093000671,2025-09-30T19:37:45Z,2025-09-30T19:37:45Z,1,2025-09-30T19:29:53Z,,1,1,Determined upon crew arrival,New,OUTAGE,Single Customer,MTC,NORMAL,42.48906,-83.0585
NW25093000663,2025-09-30T19:37:45Z,2025-09-30T23:17:09Z,12,2025-09-30T19:22:38Z,2025-09-30T23:55:00Z,1,1,Determined upon crew arrival,In Progres,OUTAGE,Single Customer,PON,NORMAL,42.61869,-83.24648
SE25093000662,2025-09-30T19:37:45Z,2025-09-30T21:37:58Z,7,2025-09-30T19:17:19Z,2025-09-30T23:50:00Z,33,33,Equipment problem,In Progres,OUTAGE,Device (II),RFD,NORMAL,42.52175,-83.23657
SE25093000664,2025-09-30T19:37:45Z,2025-09-30T22:51:24Z,11,2025-09-30T19:22:52Z,2025-09-30T23:55:00Z,1,1,Equipment problem,In Progres,SERVICE DOWN NO,,RFD,NORMAL,42.40323,-83.14889
SE25093000670,2025-09-30T19:37:45Z,2025-09-30T21:17:35Z,6,2025-09-30T19:29:42Z,2025-10-01T00:00:00Z,1,1,Determined upon crew arrival,In Progres,OUTAGE,Single Customer,RFD,NORMAL,42.43675,-83.20217
NW25093000681,2025-09-30T19:51:20Z,2025-09-30T23:51:27Z,13,2025-09-30T12:44:43Z,2025-10-01T00:15:00Z,1,1,Determined upon crew arrival,In Progres,OUTAGE,Single Customer,PON,NORMAL,42.62524,-83.23878
NE25093000688,2025-09-30T20:21:15Z,2025-09-30T23:51:27Z,12,2025-09-30T19:51:27Z,2025-10-01T00:20:00Z,6,6,Determined upon crew arrival,In Progres,OUTAGE,Service Transformer,NAE,NORMAL,43.4271,-82.82991
SW25093000684,2025-09-30T20:21:15Z,2025-09-30T23:17:09Z,10,2025-09-30T19:45:34Z,2025-10-01T00:15:00Z,1,1,Determined upon crew arrival,In Progres,OUTAGE,Single Customer,WWS,NORMAL,42.33774,-83.31741
NW25093000711,2025-09-30T20:40:26Z,2025-09-30T21:37:58Z,4,2025-09-30T20:21:55Z,2025-10-01T00:50:00Z,1,1,Determined upon crew arrival,In Progres,OUTAGE,Single Customer,HWL,NORMAL,42.66867,-83.99233
NW25093000714,2025-09-30T20:40:26Z,2025-09-30T21:51:20Z,5,2025-09-30T20:26:03Z,2025-10-01T01:00:00Z,21,21,Equipment problem,In Progres,OUTAGE,Device (I),PON,NORMAL,42.57485,-83.35059
SW25093000716,2025-09-30T20:40:26Z,2025-09-30T20:40:26Z,1,2025-09-30T20:28:48Z,,1,1,Determined upon crew arrival,New,OUTAGE,Single Customer,WWS,NORMAL,42.20381,-83.26488
NW25093000720,2025-09-30T20:51:35Z,2025-09-30T21:17:35Z,2,2025-09-30T20:34:27Z,2025-10-01T01:05:00Z,2,2,Determined upon crew arrival,In Progres,OUTAGE,Service Secondary,PON,NORMAL,42.63078,-83.33143
NW25093000727,2025-09-30T20:51:35Z,2025-09-30T21:37:58Z,3,2025-09-30T20:42:28Z,2025-10-01T01:15:00Z,3,3,Determined upon crew arrival,In Progres,OUTAGE,Service Secondary,PON,NORMAL,42.66476,-83.35875
SE25093000719,2025-09-30T20:51:35Z,2025-10-01T03:49:09Z,13,2025-09-26T18:41:26Z,2025-10-01T13:05:00Z,1,1,Equipment problem,In Progres,OUTAGE,Single Customer,RFD,NORMAL,42.44105,-83.26562
SE25093000723,2025-09-30T20:51:35Z,2025-10-01T01:43:09Z,11,2025-09-30T20:40:29Z,2025-10-01T13:10:00Z,1,1,Equipment problem,In Progres,OUTAGE,Single Customer,RFD,NORMAL,42.42211,-83.20428
SE25093000728,2025-09-30T20:51:35Z,2025-09-30T23:17:09Z,8,2025-09-30T20:41:53Z,2025-10-01T01:15:00Z,1,1,Equipment problem,In Progres,OUTAGE,Single Customer,CAN,NORMAL,42.44136,-82.99441
NW25093000730,2025-09-30T21:17:35Z,2025-09-30T22:17:30Z,4,2025-09-30T20:46:41Z,2025-10-01T01:15:00Z,4,4,Animal/bird damaged DTE equip,In Progres,OUTAGE,Service Transformer,PON,NORMAL,42.64119,-83.48878
NW25093000740,2025-09-30T21:17:35Z,2025-09-30T21:37:58Z,2,2025-09-30T20:40:04Z,2025-10-01T01:25:00Z,6,6,Determined upon crew arrival,In Progres,OUTAGE,Service Transformer,PON,NORMAL,42.66476,-83.35875
SE25093000733,2025-09-30T21:17:35Z,2025-09-30T23:51:27Z,9,2025-09-30T20:48:51Z,2025-10-01T01:20:00Z,1,1,Determined upon crew arrival,In Progres,OUTAGE,Single Customer,CAN,NORMAL,42.4029,-82.96895
NE25093000752,2025-09-30T21:37:58Z,2025-09-30T23:51:27Z,8,2025-09-30T21:15:45Z,2025-10-01T01:45:00Z,1967,1967,Public Interference w/DTE equip,In Progres,OUTAGE,Circuit Level,MTC,NORMAL,42.51063,-83.07237
NE25093000798,2025-09-30T21:37:58Z,2025-10-01T08:48:29Z,24,2025-09-30T21:19:18Z,2025-10-01T09:50:00Z,1,1,Equipment problem,In Progres,PRIORITY,,MTC,NORMAL,42.50756,-83.08429
NE25093000802,2025-09-30T21:37:58Z,2025-09-30T21:51:20Z,2,2025-09-30T21:22:14Z,2025-10-01T01:50:00Z,1,1,Determined upon crew arrival,In Progres,OUTAGE,Single Customer,MTC,NORMAL,42.50811,-82.9911
NW25093000800,2025-09-30T21:37:58Z,2025-09-30T22:39:24Z,4,2025-09-30T21:20:55Z,2025-10-01T01:50:00Z,1,1,Determined upon crew arrival,In Progres,OUTAGE,Single Customer,PON,NORMAL,42.65931,-83.61744
NW25093000804,2025-09-30T21:37:58Z,2025-09-30T22:51:24Z,5,2025-09-30T21:22:04Z,2025-10-01T01:55:00Z,43,43,Determined upon crew arrival,Pending,OUTAGE,Device (I),PON,NORMAL,42.52876,-83.42791
SE25093000795,2025-09-30T21:37:58Z,2025-09-30T21:51:20Z,2,2025-09-30T21:15:00Z,2025-10-01T01:50:00Z,1,1,Determined upon crew arrival,PC3 Verifi,OUTAGE,Single Customer,RFD,NORMAL,42.50482,-83.0863
SE25093000807,2025-09-30T21:37:58Z,2025-10-01T08:48:29Z,24,2025-09-30T19:29:42Z,2025-10-01T13:55:00Z,1,1,Determined upon crew arrival,In Progres,SERVICE DOWN NO,,RFD,NORMAL,42.43675,-83.20217
NE25093000822,2025-09-30T21:51:20Z,2025-09-30T23:17:09Z,5,2025-09-30T21:40:10Z,2025-10-01T02:10:00Z,1,1,Determined upon crew arrival,In Progres,OUTAGE,Single Customer,LAP,NORMAL,42.99321,-83.34534
SE25093000813,2025-09-30T21:51:20Z,2025-09-30T21:51:20Z,1,2025-09-30T21:31:56Z,2025-10-01T02:00:00Z,1,1,Determined upon crew arrival,PC3 Verifi,PRIORITY,,RFD,NORMAL,42.50482,-83.0863
SW25093000811,2025-09-30T21:51:20Z,2025-09-30T23:51:27Z,7,2025-09-30T20:28:48Z,2025-10-01T02:00:00Z,1,1,Determined upon crew arrival,In Progres,OUTAGE,Single Customer,WWS,NORMAL,42.20381,-83.26488
SW25093000821,2025-09-30T21:51:20Z,2025-09-30T23:17:09Z,5,2025-09-30T21:38:22Z,2025-10-01T02:10:00Z,1,1,Determined upon crew arrival,In Progres,OUTAGE,Single Customer,NPT,NORMAL,42.1201,-83.21749
SE25093000826,2025-09-30T22:17:30Z,2025-10-01T16:25:03Z,41,2025-09-30T21:51:15Z,2025-10-02T02:20:00Z,1,1,Determined upon crew arrival,In Progres,OUTAGE,Single Customer,CAN,NORMAL,42.39385,-82.91881
SW25093000827,2025-09-30T22:17:30Z,2025-09-30T23:17:09Z,4,2025-09-30T13:50:32Z,2025-10-01T02:20:00Z,1,1,Determined upon crew arrival,In Progres,OUTAGE,Single Customer,WWS,NORMAL,42.19155,-83.4772
SW25093000829,2025-09-30T22:17:30Z,2025-09-30T23:51:27Z,6,2025-09-30T21:32:55Z,2025-10-01T02:30:00Z,1,1,Determined upon crew arrival,In Progres,OUTAGE,Single Customer,NPT,NORMAL,42.00409,-83.35065
SE25093000835,2025-09-30T22:39:24Z,2025-09-30T23:17:09Z,3,2025-09-30T22:17:31Z,2025-10-01T02:50:00Z,1,1,Determined upon crew arrival,New,OUTAGE,Single Customer,RFD,NORMAL,42.44769,-83.27334
SE25093000844,2025-09-30T22:39:24Z,2025-09-30T23:17:09Z,3,2025-09-30T19:49:14Z,2025-10-01T02:50:00Z,1,1,Determined upon crew arrival,New,OUTAGE,Single Customer,RFD,NORMAL,42.2508,-83.17301
SE25093000846,2025-09-30T22:39:24Z,2025-10-01T03:03:24Z,7,2025-09-30T22:21:08Z,2025-10-01T02:50:00Z,1,1,Determined upon crew arrival,In Progres,OUTAGE,Single Customer,RFD,NORMAL,42.44086,-83.28223
SE25093000850,2025-09-30T22:39:24Z,2025-09-30T23:51:27Z,5,2025-09-30T22:24:48Z,2025-10-01T02:55:00Z,1,1,Determined upon crew arrival,PC3 Verifi,OUTAGE,Single Customer,RFD,NORMAL,42.4392,-83.26571
SE25093000856,2025-09-30T22:51:24Z,2025-09-30T23:17:09Z,2,2025-09-30T22:27:33Z,2025-10-01T03:05:00Z,1,1,Determined upon crew arrival,New,OUTAGE,Single Customer,CAN,NORMAL,42.42106,-83.11608
SW25093000855,2025-09-30T22:51:24Z,2025-09-30T23:51:27Z,4,2025-09-30T22:35:17Z,2025-10-01T03:05:00Z,1,1,Determined upon crew arrival,In Progres,OUTAGE,Single Customer,WWS,NORMAL,42.38153,-83.3898
SW25093000858,2025-09-30T22:51:24Z,2025-10-01T01:43:09Z,5,2025-09-30T22:38:01Z,2025-10-01T03:10:00Z,1,1,Determined upon crew arrival,In Progres,OUTAGE,Single Customer,WWS,NORMAL,42.26519,-83.47568
NW25093000866,2025-09-30T23:17:09Z,2025-09-30T23:51:27Z,3,2025-09-30T22:46:58Z,2025-10-01T03:20:00Z,1,1,Equipment problem,In Progres,OUTAGE,Single Customer,HWL,NORMAL,42.58943,-84.08932
NW25093000868,2025-09-30T23:17:09Z,2025-09-30T23:17:09Z,1,2025-09-30T22:48:23Z,2025-10-01T03:20:00Z,2,2,Determined upon crew arrival,New,OUTAGE,Service Secondary,HWL,NORMAL,42.58989,-84.09668
NW25093000870,2025-09-30T23:17:09Z,2025-09-30T23:51:27Z,3,2025-09-30T22:46:45Z,2025-10-01T03:20:00Z,35,35,Equipment problem,In Progres,OUTAGE,Device (II),HWL,NORMAL,42.58995,-84.10485
NW25093000871,2025-09-30T23:17:09Z,2025-09-30T23:17:09Z,1,2025-09-30T22:49:25Z,2025-10-01T03:20:00Z,1,1,Determined upon crew arrival,New,OUTAGE,Single Customer,HWL,NORMAL,42.58444,-84.09896
NW25093000872,2025-09-30T23:17:09Z,2025-09-30T23:51:27Z,3,2025-09-30T22:50:42Z,2025-10-01T03:20:00Z,1,1,Equipment problem,In Progres,OUTAGE,Single Customer,HWL,NORMAL,42.58867,-84.08931
NW25093000873,2025-09-30T23:17:09Z,2025-09-30T23:17:09Z,1,2025-09-30T22:51:19Z,2025-10-01T03:20:00Z,1,1,Determined upon crew arrival,New,OUTAGE,Single Customer,HWL,NORMAL,42.59181,-84.1049
NW25093000875,2025-09-30T23:17:09Z,2025-09-30T23:17:09Z,1,2025-09-30T22:51:47Z,2025-10-01T03:20:00Z,1,1,Determined upon crew arrival,New,OUTAGE,Single Customer,HWL,NORMAL,42.58906,-84.09842
NW25093000876,2025-09-30T23:17:09Z,2025-09-30T23:17:09Z,1,2025-09-30T22:52:25Z,2025-10-01T03:20:00Z,1,1,Determined upon crew arrival,New,OUTAGE,Single Customer,HWL,NORMAL,42.58986,-84.10585
NW25093000879,2025-09-30T23:17:09Z,2025-09-30T23:17:09Z,1,2025-09-30T22:55:19Z,2025-10-01T03:25:00Z,1,1,Determined upon crew arrival,New,OUTAGE,Single Customer,HWL,NORMAL,42.58873,-84.09336
NW25093000880,2025-09-30T23:17:09Z,2025-09-30T23:17:09Z,1,2025-09-30T22:55:42Z,2025-10-01T03:25:00Z,1,1,Determined upon crew arrival,New,OUTAGE,Single Customer,HWL,NORMAL,42.59064,-84.1072
SW25093000867,2025-09-30T23:17:09Z,2025-10-01T01:43:09Z,4,2025-09-30T22:48:11Z,2025-10-01T03:20:00Z,1,1,Determined upon crew arrival,In Progres,OUTAGE,Single Customer,WWS,NORMAL,42.26393,-83.4819
NE25093000897,2025-09-30T23:37:20Z,2025-10-01T06:54:56Z,13,2025-09-30T23:23:06Z,2025-10-01T15:55:00Z,1,1,Determined upon crew arrival,In Progres,OUTAGE,Single Customer,NAE,NORMAL,43.49595,-83.39929
NW25093000899,2025-09-30T23:37:20Z,2025-09-30T23:51:27Z,2,2025-09-30T23:23:25Z,2025-10-01T03:55:00Z,1,1,Equipment problem,In Progres,OUTAGE,Single Customer,SBY,NORMAL,42.75707,-83.18721
SE25093000898,2025-09-30T23:37:20Z,2025-09-30T23:51:27Z,2,2025-09-30T23:23:23Z,2025-10-01T03:55:00Z,1,1,Determined upon crew arrival,PC3 Verifi,OUTAGE,Single Customer,RFD,NORMAL,42.50482,-83.0863
SE25093000901,2025-09-30T23:37:20Z,2025-10-01T01:43:09Z,3,2025-09-30T19:49:14Z,2025-10-01T04:00:00Z,1,1,Determined upon crew arrival,In Progres,OUTAGE,Single Customer,RFD,NORMAL,42.2508,-83.17301
SE25093000902,2025-09-30T23:37:20Z,2025-10-01T03:03:24Z,4,2025-09-30T23:29:54Z,2025-10-01T04:00:00Z,1,1,Determined upon crew arrival,In Progres,OUTAGE,Single Customer,RFD,NORMAL,42.39988,-83.24988
SW25093000892,2025-09-30T23:37:20Z,2025-09-30T23:51:27Z,2,2025-09-30T23:06:36Z,2025-10-01T03:35:00Z,1,1,Determined upon crew arrival,In Progres,OUTAGE,Single Customer,WWS,NORMAL,42.26495,-83.47463
SW25093000895,2025-09-30T23:37:20Z,2025-09-30T23:51:27Z,2,2025-09-30T23:19:02Z,2025-10-01T03:50:00Z,1,1,Determined upon crew arrival,In Progres,OUTAGE,Single Customer,ANN,NORMAL,42.23917,-83.69647
NE25093000908,2025-09-30T23:51:27Z,2025-09-30T23:51:27Z,1,2025-09-30T23:36:55Z,2025-10-01T04:05:00Z,1,1,Determined upon crew arrival,New,OUTAGE,Single Customer,MTC,NORMAL,42.50419,-83.05538
