job_id,first_seen,last_seen,snapshots,off_time,est_restore,customers_max,customers_last,cause,event_status,incident_type,device_type,service_center,storm_mode,lat,lon
NE26013100257,2026-02-01T02:32:34Z,2026-02-01T02:32:34Z,1,2026-02-01T00:39:47Z,2026-02-01T05:10:00Z,1,1,Equipment problem,In Progres,OUTAGE,Single Customer,LAP,NORMAL,43.03887,-83.44065
NE26013100273,2026-02-01T02:32:34Z,2026-02-01T02:32:34Z,1,2026-02-01T01:42:26Z,2026-02-01T06:15:00Z,1,1,Determined upon crew arrival,In Progres,OUTAGE,Single Customer,LAP,NORMAL,43.21583,-83.31941
NW26013100260,2026-02-01T02:32:34Z,2026-02-01T02:32:34Z,1,2026-01-31T22:56:25Z,2026-02-01T05:25:00Z,1,1,Determined upon crew arrival,In Progres,OUTAGE,Single Customer,PON,NORMAL,42.6467,-83.28909
SE26013100259,2026-02-01T02:32:34Z,2026-02-01T11:30:45Z,12,2026-01-31T15:48:53Z,2026-02-01T17:20:00Z,1,1,Public Interference w/DTE equip,In Progres,OUTAGE,Single Customer,CAN,NORMAL,42.37631,-83.01094
SW26013100266,2026-02-01T02:32:34Z,2026-02-01T02:32:34Z,1,2026-02-01T01:22:27Z,2026-02-01T05:50:00Z,1,1,Determined upon crew arrival,In Progres,OUTAGE,Single Customer,ANN,NORMAL,42.08946,-83.95687
SW26013100271,2026-02-01T02:32:34Z,2026-02-01T02:32:34Z,1,2026-02-01T01:33:54Z,2026-02-01T06:05:00Z,1,1,Determined upon crew arrival,Pending,OUTAGE,Single Customer,WWS,NORMAL,42.296,-83.42735
SE26013100288,2026-02-01T04:52:28Z,2026-02-01T17:01:13Z,20,2026-02-01T01:24:51Z,2026-02-01T20:50:00Z,1,1,Determined upon crew arrival,In Progres,OUTAGE,Single Customer,CAN,NORMAL,42.44173,-82.93608
SE26013100292,2026-02-01T05:59:25Z,2026-02-01T22:27:11Z,30,2026-01-31T15:53:03Z,2026-02-02T09:30:00Z,1,1,Equipment problem,In Progres,OUTAGE,Single Customer,CAN,NORMAL,42.40131,-83.06327
SE26020100003,2026-02-01T05:59:25Z,2026-02-01T05:59:25Z,1,2026-02-01T05:35:28Z,2026-02-01T10:05:00Z,1,1,Determined upon crew arrival,New,OUTAGE,Single Customer,RFD,NORMAL,42.31442,-83.12483
SW26020100002,2026-02-01T05:59:25Z,2026-02-01T17:58:37Z,21,2026-02-01T05:23:56Z,2026-02-01T21:55:00Z,1,1,Determined upon crew arrival,In Progres,OUTAGE,Single Customer,NPT,NORMAL,42.00887,-83.33613
SE26020100026,2026-02-01T07:49:19Z,2026-02-01T12:53:02Z,10,2026-02-01T06:55:14Z,2026-02-01T23:25:00Z,1,1,Determined upon crew arrival,In Progres,OUTAGE,Single Customer,RFD,NORMAL,42.50397,-83.29578
SE26020100031,2026-02-01T09:03:24Z,2026-02-01T17:01:13Z,15,2026-02-01T08:43:56Z,2026-02-02T01:15:00Z,1,1,Public Interference w/DTE equip,In Progres,OUTAGE,Single Customer,CAN,NORMAL,42.42293,-82.95844
NE26020100044,2026-02-01T12:53:02Z,2026-02-01T17:01:13Z,8,2026-02-01T12:36:45Z,2026-02-01T17:15:00Z,2,2,Determined upon crew arrival,In Progres,OUTAGE,Service Transformer,NAE,NORMAL,43.69785,-83.3975
NW26020100052,2026-02-01T13:43:55Z,2026-02-01T13:43:55Z,1,2026-02-01T12:49:29Z,2026-02-01T17:50:00Z,1,1,Determined upon crew arrival,In Progres,OUTAGE,Single Customer,HWL,NORMAL,42.62575,-83.75522
SW26020100047,2026-02-01T13:43:55Z,2026-02-01T15:26:33Z,4,2026-02-01T12:50:29Z,2026-02-01T17:20:00Z,1,1,Equipment problem,In Progres,OUTAGE,Single Customer,ANN,NORMAL,42.32134,-83.71502
SW26020100049,2026-02-01T13:43:55Z,2026-02-01T14:46:16Z,3,2026-02-01T13:02:54Z,2026-02-01T17:35:00Z,1,1,Determined upon crew arrival,In Progres,OUTAGE,Single Customer,WWS,NORMAL,42.14225,-83.3087
SW26020100054,2026-02-01T13:43:55Z,2026-02-01T13:43:55Z,1,2026-02-01T13:29:03Z,,1,1,Determined upon crew arrival,New,OUTAGE,Single Customer,WWS,NORMAL,42.29332,-83.37535
NW26020100074,2026-02-01T15:26:33Z,2026-02-01T17:58:37Z,6,2026-02-01T15:07:46Z,2026-02-01T19:40:00Z,1,1,Equipment problem,In Progres,OUTAGE,Single Customer,PON,NORMAL,42.57951,-83.19843
SE26020100062,2026-02-01T15:26:33Z,2026-02-01T20:34:45Z,11,2026-02-01T14:35:55Z,2026-02-02T07:05:00Z,1,1,Equipment problem,In Progres,OUTAGE,Single Customer,RFD,NORMAL,42.23646,-83.21575
SE26020100063,2026-02-01T15:26:33Z,2026-02-01T18:49:21Z,7,2026-02-01T14:44:29Z,2026-02-01T19:15:00Z,7,7,Determined upon crew arrival,In Progres,OUTAGE,Service Transformer,RFD,NORMAL,42.40559,-83.28305
SE26020100069,2026-02-01T15:26:33Z,2026-02-01T18:49:21Z,7,2026-02-01T14:53:42Z,2026-02-01T19:25:00Z,2,2,Determined upon crew arrival,In Progres,OUTAGE,Service Secondary,RFD,NORMAL,42.40446,-83.283
NW26020100088,2026-02-01T16:31:20Z,2026-02-01T17:58:37Z,4,2026-02-01T16:07:31Z,2026-02-01T20:40:00Z,30,30,Equipment problem,In Progres,OUTAGE,Device (I),HWL,NORMAL,42.59987,-83.57947
SE26020100091,2026-02-01T16:31:20Z,2026-02-01T18:49:21Z,5,2026-02-01T16:14:17Z,2026-02-01T20:45:00Z,1,1,Determined upon crew arrival,In Progres,OUTAGE,Single Customer,CAN,NORMAL,42.44038,-83.09558
SW26020100077,2026-02-01T16:31:20Z,2026-02-01T18:49:21Z,5,2026-02-01T15:34:51Z,2026-02-01T20:05:00Z,16,16,Equipment problem,In Progres,OUTAGE,Device (I),NPT,NORMAL,42.129,-83.16621
SW26020100081,2026-02-01T16:31:20Z,2026-02-01T17:01:13Z,2,2026-02-01T15:48:59Z,2026-02-01T20:20:00Z,31,31,Determined upon crew arrival,In Progres,OUTAGE,Service Transformer,ANN,NORMAL,42.27092,-83.73777
SW26020100087,2026-02-01T16:31:20Z,2026-02-01T16:31:20Z,1,2026-02-01T13:29:03Z,2026-02-01T20:35:00Z,1,1,Determined upon crew arrival,New,OUTAGE,Single Customer,WWS,NORMAL,42.29332,-83.37535
SE26020100095,2026-02-01T17:01:13Z,2026-02-01T17:58:37Z,3,2026-02-01T16:35:13Z,2026-02-01T21:05:00Z,727,727,Equipment problem,In Progres,OUTAGE,Device (II),RFD,NORMAL,42.33433,-83.16978
SE26020100099,2026-02-01T17:01:13Z,2026-02-01T17:01:13Z,1,2026-02-01T16:36:06Z,2026-02-01T21:05:00Z,2,2,Determined upon crew arrival,New,OUTAGE,Service Secondary,RFD,NORMAL,42.3378,-83.17462
SE26020100105,2026-02-01T17:01:13Z,2026-02-01T17:58:37Z,3,2026-02-01T16:44:03Z,2026-02-01T21:15:00Z,1,1,Determined upon crew arrival,In Progres,OUTAGE,Single Customer,RFD,NORMAL,42.33882,-83.17466
NE26020100111,2026-02-01T17:42:07Z,2026-02-01T17:58:37Z,2,2026-02-01T17:06:56Z,2026-02-01T21:35:00Z,1,1,Determined upon crew arrival,In Progres,OUTAGE,Single Customer,MTC,NORMAL,42.58163,-82.86525
NW26020100109,2026-02-01T17:42:07Z,2026-02-01T18:49:21Z,3,2026-02-01T16:50:37Z,2026-02-01T21:20:00Z,1,1,Equipment problem,In Progres,OUTAGE,Single Customer,PON,NORMAL,42.63286,-83.32429
NW26020100116,2026-02-01T17:42:07Z,2026-02-01T19:57:13Z,6,2026-02-01T17:11:33Z,2026-02-01T21:40:00Z,39,39,Equipment problem,In Progres,OUTAGE,Device (II),HWL,NORMAL,42.55072,-84.04662
NW26020100122,2026-02-01T17:42:07Z,2026-02-01T17:42:07Z,1,2026-02-01T17:26:40Z,2026-02-01T21:55:00Z,1,1,Determined upon crew arrival,New,OUTAGE,Single Customer,HWL,NORMAL,42.55095,-84.04379
SE26020100113,2026-02-01T17:42:07Z,2026-02-01T18:49:21Z,3,2026-02-01T17:08:43Z,2026-02-01T21:40:00Z,1,1,Determined upon crew arrival,In Progres,OUTAGE,Single Customer,RFD,NORMAL,42.38017,-83.14189
SW26020100112,2026-02-01T17:42:07Z,2026-02-01T17:58:37Z,2,2026-02-01T17:07:51Z,2026-02-01T21:40:00Z,1,1,Determined upon crew arrival,In Progres,OUTAGE,Single Customer,WWS,NORMAL,42.34118,-83.31753
NW26020100123,2026-02-01T17:58:37Z,2026-02-01T19:57:13Z,5,2026-02-01T17:33:48Z,2026-02-01T22:05:00Z,1,1,Determined upon crew arrival,In Progres,OUTAGE,Single Customer,HWL,NORMAL,42.42899,-83.98773
SE26020100125,2026-02-01T17:58:37Z,2026-02-01T20:58:08Z,7,2026-02-01T17:35:40Z,2026-02-01T22:05:00Z,1,1,Determined upon crew arrival,In Progres,OUTAGE,Single Customer,RFD,NORMAL,42.38608,-83.21549
SE26020100126,2026-02-01T17:58:37Z,2026-02-01T20:58:08Z,7,2026-02-01T17:36:52Z,2026-02-01T22:05:00Z,1,1,Equipment problem,In Progres,OUTAGE,Single Customer,RFD,NORMAL,42.22179,-83.20332
SE26020100127,2026-02-01T17:58:37Z,2026-02-01T20:34:45Z,6,2026-02-01T14:28:03Z,2026-02-01T22:15:00Z,1,1,Determined upon crew arrival,In Progres,OUTAGE,Single Customer,RFD,NORMAL,42.25639,-83.14932
NW26020100132,2026-02-01T18:49:21Z,2026-02-01T19:45:03Z,3,2026-02-01T17:56:53Z,2026-02-01T22:25:00Z,1,1,Determined upon crew arrival,In Progres,OUTAGE,Single Customer,HWL,NORMAL,42.69632,-84.31272
NW26020100136,2026-02-01T18:49:21Z,2026-02-01T18:49:21Z,1,2026-02-01T18:20:52Z,2026-02-01T22:50:00Z,1,1,Determined upon crew arrival,In Progres,OUTAGE,Single Customer,HWL,NORMAL,42.59804,-83.57965
SE26020100131,2026-02-01T18:49:21Z,2026-02-01T19:25:13Z,2,2026-02-01T17:56:49Z,2026-02-01T22:25:00Z,1,1,Determined upon crew arrival,PC3 Verifi,OUTAGE,Single Customer,CAN,NORMAL,42.42879,-83.08808
SE26020100134,2026-02-01T18:49:21Z,2026-02-01T19:25:13Z,2,2026-02-01T18:05:10Z,2026-02-01T22:35:00Z,1,1,Determined upon crew arrival,In Progres,OUTAGE,Single Customer,RFD,NORMAL,42.4054,-83.29794
SE26020100135,2026-02-01T18:49:21Z,2026-02-01T19:25:13Z,2,2026-02-01T18:12:49Z,2026-02-01T22:45:00Z,1,1,Determined upon crew arrival,In Progres,OUTAGE,Single Customer,RFD,NORMAL,42.31507,-83.11047
SE26020100139,2026-02-01T18:49:21Z,2026-02-01T19:25:13Z,2,2026-02-01T18:24:28Z,2026-02-01T22:55:00Z,1,1,Determined upon crew arrival,PC3 Verifi,OUTAGE,Single Customer,RFD,NORMAL,42.36821,-83.30939
SW26020100140,2026-02-01T18:49:21Z,2026-02-01T19:25:13Z,2,2026-02-01T18:27:41Z,2026-02-01T23:00:00Z,1,1,Determined upon crew arrival,In Progres,OUTAGE,Single Customer,ANN,NORMAL,42.15542,-83.80292
NW26020100141,2026-02-01T19:25:13Z,2026-02-01T20:34:45Z,4,2026-02-01T18:35:05Z,2026-02-01T23:05:00Z,1,1,Equipment problem,In Progres,OUTAGE,Single Customer,PON,NORMAL,42.64559,-83.54032
NW26020100142,2026-02-01T19:25:13Z,2026-02-01T19:45:03Z,2,2026-02-01T18:40:15Z,2026-02-01T23:10:00Z,1,1,Determined upon crew arrival,Pending,OUTAGE,Single Customer,PON,NORMAL,42.6467,-83.28909
NW26020100149,2026-02-01T19:25:13Z,2026-02-01T23:49:22Z,11,2026-02-01T18:54:44Z,2026-02-02T11:25:00Z,1,1,Equipment problem,Pending,OUTAGE,Single Customer,PON,NORMAL,42.54521,-83.20764
NW26020100151,2026-02-01T19:25:13Z,2026-02-01T19:25:13Z,1,2026-02-01T19:12:41Z,,1,1,Determined upon crew arrival,New,OUTAGE,Single Customer,SBY,NORMAL,42.55103,-83.02573
NW26020100152,2026-02-01T19:25:13Z,2026-02-01T19:25:13Z,1,2026-02-01T19:14:36Z,,1,1,Determined upon crew arrival,New,OUTAGE,Single Customer,HWL,NORMAL,42.54502,-84.04192
SE26020100145,2026-02-01T19:25:13Z,2026-02-02T02:23:51Z,12,2026-02-01T18:41:57Z,2026-02-02T11:10:00Z,1,1,Determined upon crew arrival,In Progres,OUTAGE,Single Customer,CAN,NORMAL,42.35909,-82.99975
SE26020100146,2026-02-01T19:25:13Z,2026-02-01T19:25:13Z,1,2026-02-01T18:46:23Z,2026-02-01T23:15:00Z,1,1,Determined upon crew arrival,PC3 Verifi,OUTAGE,Single Customer,CAN,NORMAL,42.44075,-83.00634
SE26020100150,2026-02-01T19:25:13Z,2026-02-01T19:25:13Z,1,2026-02-01T18:56:14Z,2026-02-01T23:25:00Z,1,1,Determined upon crew arrival,PC3 Verifi,OUTAGE,Single Customer,RFD,NORMAL,42.44109,-83.14237
SW26020100143,2026-02-01T19:25:13Z,2026-02-01T19:57:13Z,3,2026-02-01T18:41:09Z,2026-02-01T23:10:00Z,1,1,Equipment problem,In Progres,OUTAGE,Single Customer,ANN,NORMAL,42.26459,-83.60333
NE26020100154,2026-02-01T19:45:03Z,2026-02-01T23:49:22Z,10,2026-02-01T19:15:46Z,2026-02-01T23:45:00Z,9,9,Equipment problem,In Progres,OUTAGE,Service Transformer,NAE,NORMAL,43.37239,-83.59081
NW26020100165,2026-02-01T19:45:03Z,2026-02-01T21:31:26Z,5,2026-02-01T19:26:16Z,2026-02-01T23:55:00Z,1,1,Determined upon crew arrival,In Progres,OUTAGE,Single Customer,SBY,NORMAL,42.65437,-83.1365
NW26020100166,2026-02-01T19:45:03Z,2026-02-01T19:45:03Z,1,2026-02-01T19:25:15Z,,1,1,Determined upon crew arrival,PC3 Verifi,OUTAGE,Single Customer,SBY,NORMAL,42.55103,-83.02573
SW26020100153,2026-02-01T19:45:03Z,2026-02-01T20:58:08Z,4,2026-02-01T19:15:19Z,2026-02-01T23:45:00Z,3,3,Equipment problem,In Progres,OUTAGE,Service Transformer,WWS,NORMAL,42.37887,-83.52024
NW26020100173,2026-02-01T20:34:45Z,2026-02-01T21:55:28Z,4,2026-02-01T19:50:50Z,2026-02-02T00:20:00Z,1,1,Public Interference w/DTE equip,In Progres,OUTAGE,Single Customer,SBY,NORMAL,42.55103,-83.02573
SW26020100180,2026-02-01T20:34:45Z,2026-02-01T20:58:08Z,2,2026-02-01T20:00:59Z,2026-02-02T00:30:00Z,126,126,Equipment problem,In Progres,OUTAGE,Device (II),ANN,NORMAL,42.20447,-83.60501
NW26020100195,2026-02-01T20:58:08Z,2026-02-01T20:58:08Z,1,2026-02-01T20:32:55Z,,1,1,Determined upon crew arrival,New,OUTAGE,Single Customer,SBY,NORMAL,42.6939,-83.17074
NW26020100200,2026-02-01T21:31:26Z,2026-02-01T22:27:11Z,3,2026-02-01T21:02:59Z,2026-02-02T01:35:00Z,1,1,Animal/bird damaged DTE equip,In Progres,OUTAGE,Single Customer,HWL,NORMAL,42.44253,-83.7756
SE26020100199,2026-02-01T21:31:26Z,2026-02-01T23:49:22Z,6,2026-02-01T20:51:20Z,2026-02-02T01:20:00Z,14,14,Equipment problem,In Progres,OUTAGE,Service Transformer,RFD,NORMAL,42.43121,-83.24091
SW26020100201,2026-02-01T21:31:26Z,2026-02-01T21:31:26Z,1,2026-02-01T18:27:41Z,,1,1,Determined upon crew arrival,New,OUTAGE,Single Customer,ANN,NORMAL,42.15542,-83.80292
NE26020100204,2026-02-01T21:55:28Z,2026-02-01T21:55:28Z,1,2026-02-01T21:37:59Z,2026-02-02T02:10:00Z,1,1,Determined upon crew arrival,New,OUTAGE,Single Customer,MTC,NORMAL,42.51202,-83.06846
SE26020100206,2026-02-01T21:55:28Z,2026-02-01T23:49:22Z,5,2026-02-01T18:05:10Z,2026-02-02T02:15:00Z,1,1,Determined upon crew arrival,In Progres,OUTAGE,Single Customer,RFD,NORMAL,42.4054,-83.29794
SW26020100202,2026-02-01T21:55:28Z,2026-02-01T22:27:11Z,2,2026-02-01T21:29:11Z,2026-02-02T02:00:00Z,64,64,Equipment problem,In Progres,OUTAGE,Device (I),WWS,NORMAL,42.32884,-83.43559
SE26020100209,2026-02-01T22:27:11Z,2026-02-01T23:49:22Z,4,2026-02-01T22:05:10Z,2026-02-02T02:45:00Z,15,15,Determined upon crew arrival,In Progres,OUTAGE,Service Transformer,CAN,NORMAL,42.38982,-83.13714
NW26020100212,2026-02-01T22:53:05Z,2026-02-02T11:35:56Z,12,2026-02-01T22:24:38Z,2026-02-02T14:55:00Z,1,1,Equipment problem,Pending,OUTAGE,Single Customer,PON,NORMAL,42.64279,-83.53574
SE26020100220,2026-02-01T22:53:05Z,2026-02-02T02:23:51Z,4,2026-01-31T17:23:25Z,2026-02-02T03:10:00Z,1,1,Determined upon crew arrival,In Progres,OUTAGE,Single Customer,CAN,NORMAL,42.3861,-83.09221
SW26020100222,2026-02-01T22:53:05Z,2026-02-02T02:23:51Z,4,2026-02-01T22:24:12Z,2026-02-02T03:10:00Z,1,1,Equipment problem,In Progres,OUTAGE,Single Customer,WWS,NORMAL,42.28691,-83.30621
NE26020100228,2026-02-01T23:26:25Z,2026-02-01T23:49:22Z,2,2026-02-01T22:18:14Z,2026-02-02T03:30:00Z,1,1,Determined upon crew arrival,In Progres,OUTAGE,Single Customer,MTC,NORMAL,42.68632,-82.80988
NE26020100258,2026-02-02T02:23:51Z,2026-02-02T02:23:51Z,1,2026-02-02T01:40:17Z,2026-02-02T06:10:00Z,1,1,Determined upon crew arrival,In Progres,OUTAGE,Single Customer,NAE,NORMAL,43.59978,-82.75748
NE26020100261,2026-02-02T02:23:51Z,2026-02-02T08:53:24Z,6,2026-02-02T01:54:44Z,2026-02-02T18:40:00Z,1,1,Equipment problem,In Progres,OUTAGE,Single Customer,MAR,NORMAL,42.96154,-82.56318
NE26020100262,2026-02-02T02:23:51Z,2026-02-02T18:04:31Z,17,2026-02-02T02:15:02Z,2026-02-02T18:45:00Z,1,1,Determined upon crew arrival,Pending,OUTAGE,Single Customer,MTC,NORMAL,42.45541,-82.94085
NW26020100238,2026-02-02T02:23:51Z,2026-02-02T02:23:51Z,1,2026-02-01T23:58:41Z,2026-02-02T04:30:00Z,1,1,Equipment problem,In Progres,OUTAGE,Single Customer,PON,NORMAL,42.53267,-83.19738
SE26020100249,2026-02-02T02:23:51Z,2026-02-02T02:23:51Z,1,2026-02-02T00:49:50Z,2026-02-02T05:20:00Z,1,1,Determined upon crew arrival,In Progres,OUTAGE,Single Customer,RFD,NORMAL,42.50896,-83.12578
SW26020100233,2026-02-02T02:23:51Z,2026-02-02T02:23:51Z,1,2026-02-01T23:31:17Z,2026-02-02T04:00:00Z,1,1,Equipment problem,In Progres,OUTAGE,Single Customer,WWS,NORMAL,42.47926,-83.50302
SW26020100248,2026-02-02T02:23:51Z,2026-02-02T02:23:51Z,1,2026-02-02T00:30:46Z,2026-02-02T05:00:00Z,1,1,Determined upon crew arrival,Pending,OUTAGE,Single Customer,WWS,NORMAL,42.1612,-83.39762
SW26020100250,2026-02-02T02:23:51Z,2026-02-02T02:23:51Z,1,2026-02-02T00:54:20Z,2026-02-02T05:30:00Z,1,1,Equipment problem,In Progres,OUTAGE,Single Customer,NPT,NORMAL,42.04739,-83.26338
NE26020100272,2026-02-02T04:35:42Z,2026-02-02T05:50:50Z,2,2026-02-02T03:13:28Z,2026-02-02T07:45:00Z,1,1,Determined upon crew arrival,In Progres,OUTAGE,Single Customer,LAP,NORMAL,42.88303,-83.33962
SW26020100283,2026-02-02T05:50:50Z,2026-02-02T12:01:21Z,8,2026-02-02T04:51:28Z,2026-02-02T13:20:00Z,2,2,Determined upon crew arrival,New,OUTAGE,Service Secondary,WWS,NORMAL,42.31424,-83.53797
SE26020200010,2026-02-02T07:03:59Z,2026-02-02T09:52:10Z,4,2026-02-02T06:10:15Z,2026-02-02T10:40:00Z,1,1,Determined upon crew arrival,In Progres,SERVICE DOWN NO,,RFD,NORMAL,42.44316,-83.21185
SE26020200111,2026-02-02T07:03:59Z,2026-02-02T07:57:05Z,2,2026-02-02T06:11:45Z,2026-02-02T10:55:00Z,1571,1571,Equipment problem,In Progres,OUTAGE,Circuit Level,CAN,NORMAL,42.38065,-83.0745
NW26020200197,2026-02-02T07:57:05Z,2026-02-02T18:04:31Z,13,2026-02-02T06:40:41Z,2026-02-03T00:05:00Z,1,1,Equipment problem,In Progres,OUTAGE,Single Customer,SBY,NORMAL,42.61195,-83.01849
NW26020200199,2026-02-02T07:57:05Z,2026-02-02T07:57:05Z,1,2026-02-02T07:25:12Z,2026-02-02T12:10:00Z,17,17,Determined upon crew arrival,New,OUTAGE,Service Transformer,PON,NORMAL,42.57489,-83.1674
SE26020200198,2026-02-02T07:57:05Z,2026-02-02T08:53:24Z,2,2026-02-02T07:40:12Z,2026-02-02T12:10:00Z,26,26,Determined upon crew arrival,In Progres,OUTAGE,Circuit Level,CAN,NORMAL,42.36619,-83.05152
SE26020200200,2026-02-02T07:57:05Z,2026-02-02T07:57:05Z,1,2026-02-02T07:27:31Z,,1,1,Determined upon crew arrival,New,OUTAGE,Single Customer,CAN,NORMAL,42.41198,-82.88857
SE26020200216,2026-02-02T08:53:24Z,2026-02-02T13:35:20Z,6,2026-02-02T06:15:48Z,2026-02-02T16:40:00Z,20,20,Equipment problem,In Progres,OUTAGE,Device (I),CAN,NORMAL,42.41159,-82.88751
SE26020200220,2026-02-02T08:53:24Z,2026-02-02T18:04:31Z,12,2026-02-02T06:15:32Z,2026-02-02T20:50:00Z,87,87,Equipment problem,In Progres,OUTAGE,Device (II),CAN,NORMAL,42.41232,-82.89069
SE26020200230,2026-02-02T09:52:10Z,2026-02-02T14:25:57Z,6,2026-02-02T09:16:26Z,2026-02-02T17:45:00Z,4,4,Equipment problem,In Progres,OUTAGE,Service Transformer,CAN,NORMAL,42.41249,-82.89914
NE26020200234,2026-02-02T10:46:29Z,2026-02-02T10:46:29Z,1,2026-02-02T09:48:39Z,2026-02-02T14:20:00Z,1,1,Determined upon crew arrival,In Progres,OUTAGE,Single Customer,NAE,NORMAL,43.80882,-82.89965
NE26020200236,2026-02-02T10:46:29Z,2026-02-02T10:46:29Z,1,2026-02-02T09:50:39Z,2026-02-02T14:20:00Z,1,1,Determined upon crew arrival,In Progres,OUTAGE,Single Customer,NAE,NORMAL,43.81199,-82.90347
NE26020200238,2026-02-02T10:46:29Z,2026-02-02T10:46:29Z,1,2026-02-02T10:00:57Z,2026-02-02T14:30:00Z,1,1,Determined upon crew arrival,In Progres,OUTAGE,Single Customer,NAE,NORMAL,43.82649,-82.91651
NE26020200239,2026-02-02T10:46:29Z,2026-02-02T10:46:29Z,1,2026-02-02T10:02:04Z,2026-02-02T14:30:00Z,1,1,Determined upon crew arrival,In Progres,OUTAGE,Single Customer,NAE,NORMAL,43.81205,-82.90071
NE26020200240,2026-02-02T10:46:29Z,2026-02-02T10:46:29Z,1,2026-02-02T10:08:08Z,2026-02-02T14:40:00Z,1,1,Determined upon crew arrival,In Progres,OUTAGE,Single Customer,NAE,NORMAL,43.81404,-82.90399
NE26020200241,2026-02-02T10:46:29Z,2026-02-02T10:46:29Z,1,2026-02-02T10:14:57Z,2026-02-02T14:45:00Z,1,1,Determined upon crew arrival,In Progres,OUTAGE,Single Customer,NAE,NORMAL,43.85341,-82.88227
NE26020200242,2026-02-02T10:46:29Z,2026-02-02T10:46:29Z,1,2026-02-02T10:24:43Z,2026-02-02T14:55:00Z,1,1,Determined upon crew arrival,In Progres,OUTAGE,Single Customer,NAE,NORMAL,43.80889,-82.89777
NE26020200243,2026-02-02T10:46:29Z,2026-02-02T10:46:29Z,1,2026-02-02T10:26:48Z,2026-02-02T14:55:00Z,1,1,Determined upon crew arrival,New,OUTAGE,Single Customer,NAE,NORMAL,43.81867,-82.90746
SE26020200235,2026-02-02T10:46:29Z,2026-02-02T13:35:20Z,4,2026-02-02T09:49:29Z,2026-02-02T14:20:00Z,23,23,Equipment problem,In Progres,OUTAGE,Device (I),CAN,NORMAL,42.41311,-82.8878
SE26020200237,2026-02-02T10:46:29Z,2026-02-02T14:25:57Z,5,2026-02-02T10:00:10Z,2026-02-02T14:30:00Z,2,2,Equipment problem,In Progres,OUTAGE,Service Secondary,CAN,NORMAL,42.41495,-82.90513
SE26020200248,2026-02-02T11:35:56Z,2026-02-02T11:35:56Z,1,2026-02-02T10:36:37Z,2026-02-02T15:05:00Z,1,1,Determined upon crew arrival,In Progres,OUTAGE,Single Customer,CAN,NORMAL,42.41203,-82.8852
SE26020200249,2026-02-02T11:35:56Z,2026-02-02T18:04:31Z,9,2026-02-02T10:31:08Z,2026-02-03T03:10:00Z,1,1,Equipment problem,In Progres,OUTAGE,Single Customer,CAN,NORMAL,42.41253,-82.89372
SW26020200257,2026-02-02T11:35:56Z,2026-02-02T15:51:50Z,6,2026-02-02T00:14:24Z,2026-02-02T15:45:00Z,1,1,Equipment problem,In Progres,OUTAGE,Single Customer,ANN,NORMAL,42.15215,-83.614
SE26020200261,2026-02-02T12:01:21Z,2026-02-02T12:01:21Z,1,2026-02-02T11:31:30Z,2026-02-02T16:00:00Z,1,1,Determined upon crew arrival,New,OUTAGE,Single Customer,CAN,NORMAL,42.41367,-82.88566
SE26020200264,2026-02-02T12:01:21Z,2026-02-02T14:25:57Z,3,2026-02-02T11:45:06Z,2026-02-02T16:15:00Z,1,1,Determined upon crew arrival,In Progres,OUTAGE,Single Customer,CAN,NORMAL,42.41297,-82.90031
NE26020200335,2026-02-02T13:35:20Z,2026-02-02T14:25:57Z,2,2026-02-02T12:53:04Z,2026-02-02T17:45:00Z,1,1,Equipment problem,In Progres,OUTAGE,Single Customer,MTC,NORMAL,42.55174,-82.89027
NE26020200338,2026-02-02T13:35:20Z,2026-02-02T14:25:57Z,2,2026-02-02T12:57:26Z,2026-02-02T17:45:00Z,1,1,Equipment problem,In Progres,OUTAGE,Single Customer,MTC,NORMAL,42.55784,-82.89277
NE26020200339,2026-02-02T13:35:20Z,2026-02-03T00:01:48Z,10,2026-02-02T12:53:07Z,2026-02-03T01:25:00Z,5,5,Equipment problem,In Progres,OUTAGE,Device (I),MTC,NORMAL,42.55638,-82.89727
NE26020200341,2026-02-02T13:35:20Z,2026-02-02T13:35:20Z,1,2026-02-02T13:20:30Z,2026-02-02T17:50:00Z,1,1,Determined upon crew arrival,In Progres,OUTAGE,Single Customer,MTC,NORMAL,42.55236,-82.89185
NW26020200265,2026-02-02T13:35:20Z,2026-02-02T18:04:31Z,7,2026-02-02T11:49:59Z,2026-02-03T04:20:00Z,1,1,Equipment problem,In Progres,OUTAGE,Single Customer,PON,NORMAL,42.64279,-83.53574
NW26020200268,2026-02-02T13:35:20Z,2026-02-02T16:41:54Z,5,2026-02-02T11:32:16Z,2026-02-02T16:40:00Z,1,1,Equipment problem,In Progres,OUTAGE,Single Customer,HWL,NORMAL,42.56045,-83.79773
NW26020200350,2026-02-02T13:35:20Z,2026-02-02T16:41:54Z,5,2026-02-02T13:28:28Z,2026-02-02T18:00:00Z,1,1,Determined upon crew arrival,In Progres,OUTAGE,Single Customer,SBY,NORMAL,42.79035,-83.12193
SE26020200274,2026-02-02T13:35:20Z,2026-02-02T14:25:57Z,2,2026-02-02T12:35:24Z,2026-02-02T17:05:00Z,3,3,Equipment problem,In Progres,OUTAGE,Service Transformer,CAN,NORMAL,42.4117,-82.89723
SE26020200280,2026-02-02T13:35:20Z,2026-02-02T14:25:57Z,2,2026-02-02T12:47:27Z,2026-02-02T17:20:00Z,1,1,Determined upon crew arrival,In Progres,OUTAGE,Single Customer,CAN,NORMAL,42.41445,-82.90391
SE26020200333,2026-02-02T13:35:20Z,2026-02-03T00:01:48Z,10,2026-02-02T07:08:46Z,2026-02-03T05:40:00Z,1,1,Determined upon crew arrival,In Progres,OUTAGE,Single Customer,CAN,NORMAL,42.37807,-83.07684
SW26020200330,2026-02-02T13:35:20Z,2026-02-02T15:51:50Z,4,2026-02-02T13:09:01Z,2026-02-02T17:40:00Z,1,1,Determined upon crew arrival,Pending,OUTAGE,Single Customer,NPT,NORMAL,42.14973,-83.22543
NE26020200361,2026-02-02T14:25:57Z,2026-02-02T15:08:05Z,2,2026-02-02T13:32:47Z,2026-02-02T18:05:00Z,1,1,Equipment problem,In Progres,OUTAGE,Single Customer,MTC,NORMAL,42.48629,-82.94787
NE26020200380,2026-02-02T14:25:57Z,2026-02-02T15:08:05Z,2,2026-02-02T14:03:30Z,2026-02-02T18:35:00Z,1,1,Determined upon crew arrival,In Progres,OUTAGE,Single Customer,MAR,NORMAL,43.19779,-82.97974
SE26020200363,2026-02-02T14:25:57Z,2026-02-03T03:13:02Z,10,2026-02-02T13:31:53Z,2026-02-03T06:10:00Z,1,1,Determined upon crew arrival,In Progres,OUTAGE,Single Customer,CAN,NORMAL,42.37447,-83.0662
SE26020200381,2026-02-02T14:25:57Z,2026-02-02T16:41:54Z,4,2026-02-02T14:04:01Z,2026-02-02T18:35:00Z,1,1,Determined upon crew arrival,In Progres,OUTAGE,Single Customer,RFD,NORMAL,42.48596,-83.21469
SW26020200360,2026-02-02T14:25:57Z,2026-02-02T17:25:23Z,5,2026-02-02T13:34:36Z,2026-02-02T18:05:00Z,1,1,Determined upon crew arrival,In Progres,OUTAGE,Single Customer,WWS,NORMAL,42.19947,-83.23047
SW26020200370,2026-02-02T14:25:57Z,2026-02-02T15:08:05Z,2,2026-02-02T13:25:54Z,2026-02-02T18:15:00Z,1,1,Equipment problem,In Progres,OUTAGE,Single Customer,ANN,NORMAL,42.42447,-83.78133
SW26020200389,2026-02-02T14:25:57Z,2026-02-02T18:04:31Z,6,2026-02-02T14:14:29Z,2026-02-02T18:45:00Z,1,1,Determined upon crew arrival,In Progres,OUTAGE,Single Customer,NPT,NORMAL,42.08125,-83.19053
NE26020200396,2026-02-02T15:08:05Z,2026-02-02T16:41:54Z,3,2026-02-02T13:09:41Z,2026-02-02T18:50:00Z,1,1,Determined upon crew arrival,In Progres,OUTAGE,Single Customer,NAE,NORMAL,43.52939,-83.54283
NE26020200401,2026-02-02T15:08:05Z,2026-02-02T15:51:50Z,2,2026-02-02T03:05:04Z,2026-02-02T18:55:00Z,1,1,Determined upon crew arrival,Pending,OUTAGE,Single Customer,MAR,NORMAL,42.93736,-82.98287
NE26020200411,2026-02-02T15:08:05Z,2026-02-02T17:25:23Z,4,2026-02-02T14:31:30Z,2026-02-02T19:00:00Z,1,1,Determined upon crew arrival,In Progres,OUTAGE,Service Transformer,MAR,NORMAL,42.96876,-82.48223
NE26020200413,2026-02-02T15:08:05Z,2026-02-02T15:08:05Z,1,2026-02-02T14:35:30Z,2026-02-02T19:05:00Z,2,2,Determined upon crew arrival,In Progres,OUTAGE,Service Transformer,MAR,NORMAL,42.97059,-82.48192
NE26020200422,2026-02-02T15:08:05Z,2026-02-02T15:08:05Z,1,2026-02-02T14:42:10Z,2026-02-02T19:10:00Z,1,1,Determined upon crew arrival,In Progres,OUTAGE,Single Customer,NAE,NORMAL,44.03239,-83.03093
NW26020200398,2026-02-02T15:08:05Z,2026-02-02T16:41:54Z,3,2026-02-02T14:22:13Z,2026-02-02T18:50:00Z,1,1,Equipment problem,In Progres,OUTAGE,Single Customer,PON,NORMAL,42.58442,-83.17396
NW26020200421,2026-02-02T15:08:05Z,2026-02-02T18:04:31Z,5,2026-02-02T14:26:33Z,2026-02-02T19:10:00Z,17,17,Equipment problem,In Progres,OUTAGE,Service Transformer,PON,NORMAL,42.57489,-83.1674
SE26020200395,2026-02-02T15:08:05Z,2026-02-02T15:08:05Z,1,2026-02-02T14:18:28Z,2026-02-02T18:50:00Z,1,1,Determined upon crew arrival,In Progres,OUTAGE,Single Customer,CAN,NORMAL,42.35813,-83.11084
SE26020200397,2026-02-02T15:08:05Z,2026-02-02T18:04:31Z,5,2026-02-02T14:20:54Z,2026-02-02T18:50:00Z,1,1,Determined upon crew arrival,In Progres,OUTAGE,Single Customer,CAN,NORMAL,42.45019,-82.92765
SE26020200409,2026-02-02T15:08:05Z,2026-02-03T00:01:48Z,8,2026-02-02T14:30:06Z,2026-02-03T07:00:00Z,1,1,Determined upon crew arrival,In Progres,OUTAGE,Single Customer,CAN,NORMAL,42.4292,-82.99146
SE26020200414,2026-02-02T15:08:05Z,2026-02-02T18:04:31Z,5,2026-02-02T14:35:31Z,2026-02-02T19:05:00Z,1,1,Determined upon crew arrival,In Progres,OUTAGE,Single Customer,CAN,NORMAL,42.39442,-82.90134
NE26020200453,2026-02-02T15:51:50Z,2026-02-02T16:41:54Z,2,2026-02-02T15:05:58Z,2026-02-02T19:40:00Z,19,19,Equipment problem,In Progres,OUTAGE,Service Transformer,MTC,NORMAL,42.46201,-83.02782
NE26020200491,2026-02-02T15:51:50Z,2026-02-02T15:51:50Z,1,2026-02-02T15:30:00Z,,1,1,Determined upon crew arrival,New,OUTAGE,Single Customer,MTC,NORMAL,42.65318,-82.91695
NE26020200492,2026-02-02T15:51:50Z,2026-02-02T15:51:50Z,1,2026-02-02T15:30:01Z,,1,1,Determined upon crew arrival,New,OUTAGE,Single Customer,MTC,NORMAL,42.6524,-82.91661
SE26020200440,2026-02-02T15:51:50Z,2026-02-02T18:04:31Z,4,2026-02-02T14:54:25Z,2026-02-02T19:30:00Z,1,1,Equipment problem,In Progres,OUTAGE,Single Customer,RFD,NORMAL,42.47553,-83.22912
SE26020200441,2026-02-02T15:51:50Z,2026-02-02T18:04:31Z,4,2026-02-02T14:56:57Z,2026-02-02T19:35:00Z,2,2,Determined upon crew arrival,In Progres,OUTAGE,Service Secondary,CAN,NORMAL,42.41445,-82.9039
SE26020200463,2026-02-02T15:51:50Z,2026-02-02T16:41:54Z,2,2026-02-02T15:01:00Z,2026-02-02T19:50:00Z,1,1,Determined upon crew arrival,In Progres,OUTAGE,Single Customer,RFD,NORMAL,42.40129,-83.23184
SE26020200469,2026-02-02T15:51:50Z,2026-02-02T18:04:31Z,4,2026-02-02T15:28:50Z,2026-02-02T20:00:00Z,1,1,Equipment problem,In Progres,OUTAGE,Single Customer,RFD,NORMAL,42.44163,-83.25968
SE26020200472,2026-02-02T15:51:50Z,2026-02-02T15:51:50Z,1,2026-02-02T15:32:50Z,2026-02-02T20:05:00Z,1,1,Determined upon crew arrival,New,OUTAGE,Single Customer,CAN,NORMAL,42.38235,-83.01523
SE26020200482,2026-02-02T15:51:50Z,2026-02-02T15:51:50Z,1,2026-02-02T15:25:24Z,2026-02-02T20:10:00Z,1,1,Determined upon crew arrival,New,OUTAGE,Service Transformer,CAN,NORMAL,42.37956,-83.01599
SE26020200485,2026-02-02T15:51:50Z,2026-02-03T04:58:58Z,9,2026-02-02T15:42:01Z,2026-02-03T08:10:00Z,1,1,Equipment problem,In Progres,SERVICE DOWN NO,,CAN,NORMAL,42.38048,-83.01422
SE26020200488,2026-02-02T15:51:50Z,2026-02-02T17:25:23Z,3,2026-02-02T15:24:23Z,2026-02-02T20:15:00Z,1,1,Determined upon crew arrival,In Progres,OUTAGE,Single Customer,RFD,NORMAL,42.40945,-83.24236
SW26020200442,2026-02-02T15:51:50Z,2026-02-02T16:41:54Z,2,2026-02-02T15:04:51Z,2026-02-02T19:35:00Z,9,9,Determined upon crew arrival,In Progres,OUTAGE,Service Transformer,ANN,NORMAL,42.25939,-83.73089
SW26020200490,2026-02-02T15:51:50Z,2026-02-02T15:51:50Z,1,2026-02-02T15:42:43Z,,1,1,Determined upon crew arrival,New,OUTAGE,Single Customer,WWS,NORMAL,42.14446,-83.30634
NE26020200510,2026-02-02T16:41:54Z,2026-02-03T03:13:02Z,7,2026-02-02T16:05:53Z,2026-02-03T04:35:00Z,1,1,Determined upon crew arrival,In Progres,PRIORITY,,MTC,NORMAL,42.55575,-82.89553
NE26020200525,2026-02-02T16:41:54Z,2026-02-02T18:04:31Z,3,2026-02-02T11:08:51Z,2026-02-02T20:50:00Z,1,1,Determined upon crew arrival,In Progres,OUTAGE,Single Customer,MAR,NORMAL,42.80149,-82.5467
NE26020200532,2026-02-02T16:41:54Z,2026-02-02T17:25:23Z,2,2026-02-02T16:27:00Z,2026-02-02T20:55:00Z,1,1,Determined upon crew arrival,In Progres,OUTAGE,Service Transformer,MAR,NORMAL,43.19692,-82.98999
NW26020200509,2026-02-02T16:41:54Z,2026-02-02T18:04:31Z,3,2026-02-02T16:00:03Z,2026-02-02T20:35:00Z,1,1,Determined upon crew arrival,In Progres,OUTAGE,Single Customer,PON,NORMAL,42.64559,-83.54032
SE26020200501,2026-02-02T16:41:54Z,2026-02-03T05:58:32Z,9,2026-02-02T15:09:27Z,2026-02-03T08:25:00Z,1,1,Determined upon crew arrival,Pending,OUTAGE,Single Customer,CAN,NORMAL,42.41437,-83.04386
SE26020200518,2026-02-02T16:41:54Z,2026-02-02T17:25:23Z,2,2026-02-02T16:14:18Z,2026-02-02T20:45:00Z,38,38,Animal/bird damaged DTE equip,In Progres,OUTAGE,Service Transformer,RFD,NORMAL,42.45425,-83.13631
SE26020200534,2026-02-02T16:41:54Z,2026-02-02T18:04:31Z,3,2026-02-02T16:28:31Z,2026-02-02T21:00:00Z,199,199,Equipment problem,In Progres,OUTAGE,Device (II),CAN,NORMAL,42.38359,-83.01562
SW26020200494,2026-02-02T16:41:54Z,2026-02-02T17:25:23Z,2,2026-02-02T15:42:43Z,2026-02-02T20:15:00Z,1,1,Determined upon crew arrival,In Progres,OUTAGE,Single Customer,WWS,NORMAL,42.14446,-83.30634
SW26020200517,2026-02-02T16:41:54Z,2026-02-02T18:04:31Z,3,2026-02-02T16:15:34Z,2026-02-02T20:45:00Z,38,38,Determined upon crew arrival,In Progres,OUTAGE,Device (II),ANN,NORMAL,42.342,-83.78054
SW26020200528,2026-02-02T16:41:54Z,2026-02-02T16:41:54Z,1,2026-02-02T16:21:43Z,2026-02-02T20:50:00Z,6,6,Determined upon crew arrival,New,OUTAGE,Service Transformer,WWS,NORMAL,42.16715,-83.47611
SW26020200536,2026-02-02T16:41:54Z,2026-02-02T17:25:23Z,2,2026-02-02T16:19:32Z,2026-02-02T21:00:00Z,30,30,Determined upon crew arrival,In Progres,OUTAGE,Service Transformer,ANN,NORMAL,42.23929,-83.61554
NE26020200546,2026-02-02T17:25:23Z,2026-02-02T18:04:31Z,2,2026-02-02T16:24:29Z,2026-02-02T21:10:00Z,9,9,Equipment problem,In Progres,OUTAGE,Service Transformer,MTC,NORMAL,42.46203,-83.02736
NE26020200556,2026-02-02T17:25:23Z,2026-02-03T00:01:48Z,5,2026-02-02T16:58:00Z,2026-02-03T09:35:00Z,1,1,Equipment problem,In Progres,OUTAGE,Single Customer,MTC,NORMAL,42.65318,-82.91695
NE26020200560,2026-02-02T17:25:23Z,2026-02-02T18:04:31Z,2,2026-02-02T17:08:44Z,2026-02-02T21:40:00Z,1,1,Determined upon crew arrival,In Progres,OUTAGE,Single Customer,MAR,NORMAL,43.19802,-82.98521
SE26020200541,2026-02-02T17:25:23Z,2026-02-02T18:04:31Z,2,2026-02-02T16:33:07Z,2026-02-02T21:05:00Z,1,1,Equipment problem,In Progres,OUTAGE,Single Customer,CAN,NORMAL,42.42202,-83.0046
SE26020200557,2026-02-02T17:25:23Z,2026-02-02T18:04:31Z,2,2026-02-02T17:04:31Z,2026-02-02T21:35:00Z,1,1,Determined upon crew arrival,In Progres,OUTAGE,Single Customer,RFD,NORMAL,42.44527,-83.22799
SW26020200542,2026-02-02T17:25:23Z,2026-02-02T17:25:23Z,1,2026-02-02T16:19:33Z,2026-02-02T21:05:00Z,3,3,Equipment problem,In Progres,OUTAGE,Service Transformer,ANN,NORMAL,42.23956,-83.61374
NE26020200576,2026-02-02T18:04:31Z,2026-02-02T18:04:31Z,1,2026-02-02T17:29:02Z,2026-02-02T22:00:00Z,1,1,Determined upon crew arrival,In Progres,OUTAGE,Service Transformer,MAR,NORMAL,43.20076,-82.98858
NE26020200582,2026-02-02T18:04:31Z,2026-02-02T18:04:31Z,1,2026-02-02T17:40:00Z,2026-02-02T22:10:00Z,11,11,Determined upon crew arrival,In Progres,OUTAGE,Service Transformer,MAR,NORMAL,42.96474,-82.44537
NW26020200573,2026-02-02T18:04:31Z,2026-02-03T05:58:32Z,7,2026-02-02T17:17:09Z,2026-02-03T09:55:00Z,1,1,Determined upon crew arrival,In Progres,OUTAGE,Single Customer,PON,NORMAL,42.65453,-83.4705
NW26020200577,2026-02-02T18:04:31Z,2026-02-02T18:04:31Z,1,2026-02-02T17:17:31Z,2026-02-02T22:05:00Z,7,7,Determined upon crew arrival,In Progres,OUTAGE,Service Transformer,SBY,NORMAL,42.69986,-82.9779
NW26020200579,2026-02-02T18:04:31Z,2026-02-02T18:04:31Z,1,2026-02-02T17:35:40Z,2026-02-02T22:05:00Z,1,1,Determined upon crew arrival,In Progres,OUTAGE,Single Customer,SBY,NORMAL,42.69877,-82.97788
SE26020200571,2026-02-02T18:04:31Z,2026-02-03T03:13:02Z,5,2026-02-02T16:21:32Z,2026-02-03T09:55:00Z,1,1,Determined upon crew arrival,In Progres,OUTAGE,Single Customer,RFD,NORMAL,42.40687,-83.17542
SW26020200585,2026-02-02T18:04:31Z,2026-02-02T18:04:31Z,1,2026-02-02T17:43:32Z,,16,16,Determined upon crew arrival,In Progres,OUTAGE,Service Transformer,ANN,NORMAL,42.25763,-83.72932
NE26020200603,2026-02-02T23:04:08Z,2026-02-03T00:01:48Z,3,2026-02-02T18:08:35Z,2026-02-03T02:40:00Z,1,1,Determined upon crew arrival,In Progres,PRIORITY,,LAP,NORMAL,43.0375,-83.30105
NE26020200674,2026-02-02T23:04:08Z,2026-02-03T05:58:32Z,6,2026-02-02T19:38:58Z,2026-02-03T08:10:00Z,1,1,Equipment problem,In Progres,PRIORITY,,MAR,NORMAL,42.70873,-82.50526
NE26020200751,2026-02-02T23:04:08Z,2026-02-03T00:01:48Z,3,2026-02-02T21:45:57Z,2026-02-03T02:15:00Z,1,1,Determined upon crew arrival,In Progres,OUTAGE,Single Customer,MAR,NORMAL,43.00475,-82.45162
NE26020200752,2026-02-02T23:04:08Z,2026-02-02T23:04:08Z,1,2026-02-02T12:57:26Z,2026-02-03T02:15:00Z,1,1,Determined upon crew arrival,In Progres,OUTAGE,Single Customer,MTC,NORMAL,42.55784,-82.89277
NE26020200755,2026-02-02T23:04:08Z,2026-02-03T04:58:58Z,5,2026-02-02T21:56:11Z,2026-02-03T14:25:00Z,1,1,Equipment problem,In Progres,OUTAGE,Single Customer,MTC,NORMAL,42.53761,-82.99011
NW26020200704,2026-02-02T23:04:08Z,2026-02-02T23:04:08Z,1,2026-02-02T20:27:24Z,2026-02-03T01:00:00Z,1,1,Equipment problem,In Progres,OUTAGE,Device (I),SBY,NORMAL,42.67575,-83.16126
NW26020200728,2026-02-02T23:04:08Z,2026-02-03T00:01:48Z,3,2026-02-02T20:59:20Z,2026-02-03T01:30:00Z,1,1,Equipment problem,In Progres,OUTAGE,Single Customer,PON,NORMAL,42.6792,-83.41583
NW26020200739,2026-02-02T23:04:08Z,2026-02-02T23:04:08Z,1,2026-02-02T15:15:49Z,2026-02-03T01:50:00Z,1,1,Equipment problem,In Progres,OUTAGE,Single Customer,SBY,NORMAL,42.55585,-83.02353
SE26020200636,2026-02-02T23:04:08Z,2026-02-03T00:01:48Z,3,2026-02-02T16:28:31Z,2026-02-03T09:00:00Z,1,1,Determined upon crew arrival,In Progres,OUTAGE,Single Customer,CAN,NORMAL,42.37968,-83.0144
SE26020200671,2026-02-02T23:04:08Z,2026-02-03T00:01:48Z,3,2026-02-02T19:29:17Z,2026-02-03T00:05:00Z,1,1,Equipment problem,In Progres,OUTAGE,Single Customer,RFD,NORMAL,42.48097,-83.18896
SE26020200676,2026-02-02T23:04:08Z,2026-02-03T05:58:32Z,6,2026-02-02T19:43:32Z,2026-02-03T12:15:00Z,1,1,Equipment problem,In Progres,OUTAGE,Single Customer,RFD,NORMAL,42.40667,-83.25758
SE26020200679,2026-02-02T23:04:08Z,2026-02-03T00:01:48Z,3,2026-02-02T19:45:16Z,2026-02-03T00:15:00Z,1,1,Determined upon crew arrival,In Progres,SERVICE DOWN NO,,CAN,NORMAL,42.32819,-83.11391
SE26020200683,2026-02-02T23:04:08Z,2026-02-02T23:04:08Z,1,2026-02-02T19:49:22Z,2026-02-03T00:30:00Z,9,9,Equipment problem,In Progres,OUTAGE,Service Transformer,RFD,NORMAL,42.47553,-83.22912
SE26020200702,2026-02-02T23:04:08Z,2026-02-03T00:01:48Z,3,2026-02-02T15:01:00Z,2026-02-03T00:55:00Z,1,1,Determined upon crew arrival,In Progres,OUTAGE,Single Customer,RFD,NORMAL,42.40129,-83.23184
SE26020200726,2026-02-02T23:04:08Z,2026-02-03T00:01:48Z,3,2026-02-02T20:54:14Z,2026-02-03T01:25:00Z,1,1,Equipment problem,In Progres,OUTAGE,Single Customer,RFD,NORMAL,42.43254,-83.22233
SE26020200741,2026-02-02T23:04:08Z,2026-02-03T00:01:48Z,3,2026-02-02T21:11:31Z,2026-02-03T01:55:00Z,1,1,Equipment problem,In Progres,OUTAGE,Single Customer,CAN,NORMAL,42.41547,-82.97758
SE26020200749,2026-02-02T23:04:08Z,2026-02-03T03:13:02Z,4,2026-02-02T21:41:14Z,2026-02-03T14:10:00Z,1,1,Problem with the customer equip,In Progres,OUTAGE,Single Customer,CAN,NORMAL,42.38901,-83.13431
SE26020200764,2026-02-02T23:04:08Z,2026-02-03T04:58:58Z,5,2026-02-02T06:15:32Z,2026-02-03T06:50:00Z,13,13,Equipment problem,In Progres,OUTAGE,Service Transformer,CAN,NORMAL,42.41232,-82.89069
SE26020200773,2026-02-02T23:04:08Z,2026-02-02T23:04:08Z,1,2026-02-02T22:44:55Z,,1,1,Determined upon crew arrival,New,OUTAGE,Single Customer,RFD,NORMAL,42.38878,-83.16384
SE26020200785,2026-02-02T23:44:20Z,2026-02-03T04:58:58Z,4,2026-02-02T23:12:48Z,2026-02-03T15:45:00Z,1,1,Determined upon crew arrival,In Progres,OUTAGE,Single Customer,RFD,NORMAL,42.41296,-83.16709
SE26020200789,2026-02-03T00:01:48Z,2026-02-03T05:58:32Z,4,2026-02-02T19:33:09Z,2026-02-03T16:15:00Z,1,1,Determined upon crew arrival,In Progres,OUTAGE,Single Customer,CAN,NORMAL,42.4288,-82.92452
SE26020200790,2026-02-03T00:01:48Z,2026-02-03T00:01:48Z,1,2026-02-02T23:44:51Z,,1,1,Determined upon crew arrival,New,OUTAGE,Single Customer,CAN,NORMAL,42.38593,-83.01278
NE26020200818,2026-02-03T03:13:02Z,2026-02-03T05:58:32Z,3,2026-02-03T00:53:07Z,2026-02-03T17:25:00Z,1,1,Ice on lines and equipment,In Progres,OUTAGE,Single Customer,MAR,NORMAL,43.02046,-82.60991
NE26020200820,2026-02-03T03:13:02Z,2026-02-03T05:58:32Z,3,2026-02-02T00:11:59Z,2026-02-03T17:25:00Z,1,1,Equipment problem,In Progres,OUTAGE,Single Customer,MTC,NORMAL,42.45979,-82.98844
NW26020200830,2026-02-03T03:13:02Z,2026-02-03T03:13:02Z,1,2026-02-03T01:29:50Z,2026-02-03T06:00:00Z,1,1,Equipment problem,In Progres,OUTAGE,Single Customer,SBY,NORMAL,42.69841,-83.01658
NW26020200848,2026-02-03T03:13:02Z,2026-02-03T03:13:02Z,1,2026-02-03T02:16:40Z,2026-02-03T06:55:00Z,1,1,Determined upon crew arrival,In Progres,OUTAGE,Single Customer,PON,NORMAL,42.62141,-83.29122
SE26020200817,2026-02-03T03:13:02Z,2026-02-03T05:58:32Z,3,2026-02-02T06:12:07Z,2026-02-03T17:20:00Z,1,1,Determined upon crew arrival,Pending,OUTAGE,Single Customer,CAN,NORMAL,42.38997,-83.07649
SE26020200863,2026-02-03T03:13:02Z,2026-02-03T05:58:32Z,3,2026-02-03T02:49:27Z,2026-02-03T07:20:00Z,1,1,Determined upon crew arrival,In Progres,OUTAGE,Single Customer,RFD,NORMAL,42.22589,-83.17765
SW26020200829,2026-02-03T03:13:02Z,2026-02-03T03:13:02Z,1,2026-02-03T01:15:08Z,2026-02-03T05:45:00Z,1,1,Equipment problem,In Progres,OUTAGE,Single Customer,WWS,NORMAL,42.30158,-83.3923
NE26020200901,2026-02-03T05:58:32Z,2026-02-03T05:58:32Z,1,2026-02-03T04:38:19Z,2026-02-03T09:20:00Z,1,1,Determined upon crew arrival,PC3 Verifi,OUTAGE,Single Customer,MTC,NORMAL,42.62096,-82.5365
NE26020300006,2026-02-03T05:58:32Z,2026-02-03T05:58:32Z,1,2026-02-01T21:37:59Z,2026-02-03T09:40:00Z,1,1,Determined upon crew arrival,New,OUTAGE,Single Customer,MTC,NORMAL,42.51202,-83.06846
SE26020300005,2026-02-03T05:58:32Z,2026-02-03T05:58:32Z,1,2026-02-03T04:43:51Z,2026-02-03T09:40:00Z,1,1,Determined upon crew arrival,New,OUTAGE,Single Customer,CAN,NORMAL,42.40762,-82.94402
SE26020300009,2026-02-03T05:58:32Z,2026-02-03T05:58:32Z,1,2026-02-03T05:12:15Z,2026-02-03T09:40:00Z,1,1,Determined upon crew arrival,New,PRIORITY,,RFD,NORMAL,42.47317,-83.25063
SE26020300014,2026-02-03T05:58:32Z,2026-02-03T05:58:32Z,1,2026-02-03T05:06:45Z,2026-02-03T09:45:00Z,1280,1280,Determined upon crew arrival,In Progres,OUTAGE,Circuit Level,RFD,NORMAL,42.46093,-83.26363
SE26020300020,2026-02-03T05:58:32Z,2026-02-03T05:58:32Z,1,2026-02-03T05:16:59Z,2026-02-03T09:45:00Z,1,1,Determined upon crew arrival,PC3 Verifi,PRIORITY,,RFD,NORMAL,42.47856,-83.25446
SE26020300033,2026-02-03T05:58:32Z,2026-02-03T05:58:32Z,1,2026-02-03T03:07:06Z,2026-02-03T09:50:00Z,1,1,Determined upon crew arrival,New,OUTAGE,Single Customer,RFD,NORMAL,42.51061,-83.11437
SE26020300044,2026-02-03T05:58:32Z,2026-02-03T05:58:32Z,1,2026-02-03T05:06:40Z,2026-02-03T09:50:00Z,91,91,Determined upon crew arrival,New,OUTAGE,Substation,RFD,NORMAL,42.47924,-83.25199
SE26020300062,2026-02-03T05:58:32Z,2026-02-03T05:58:32Z,1,2026-02-03T05:06:54Z,2026-02-03T09:50:00Z,10,10,Determined upon crew arrival,New,OUTAGE,Service Transformer,RFD,NORMAL,42.46037,-83.28195
SE26020300084,2026-02-03T05:58:32Z,2026-02-03T05:58:32Z,1,2026-02-03T05:06:53Z,2026-02-03T09:50:00Z,3,3,Determined upon crew arrival,New,OUTAGE,Service Transformer,RFD,NORMAL,42.4984,-83.27108
SE26020300086,2026-02-03T05:58:32Z,2026-02-03T05:58:32Z,1,2026-02-03T05:06:54Z,2026-02-03T09:50:00Z,2,2,Determined upon crew arrival,New,OUTAGE,Service Transformer,RFD,NORMAL,42.4954,-83.2746
SE26020300094,2026-02-03T05:58:32Z,2026-02-03T05:58:32Z,1,2026-02-03T05:06:52Z,2026-02-03T09:50:00Z,2,2,Determined upon crew arrival,New,OUTAGE,Service Secondary,RFD,NORMAL,42.47174,-83.28509
SE26020300098,2026-02-03T05:58:32Z,2026-02-03T05:58:32Z,1,2026-02-03T05:06:53Z,2026-02-03T09:50:00Z,4,4,Determined upon crew arrival,New,OUTAGE,Service Transformer,RFD,NORMAL,42.45794,-83.28186
SE26020300099,2026-02-03T05:58:32Z,2026-02-03T05:58:32Z,1,2026-02-03T05:06:53Z,2026-02-03T09:50:00Z,4,4,Determined upon crew arrival,New,OUTAGE,Service Transformer,RFD,NORMAL,42.45839,-83.28188
SE26020300101,2026-02-03T05:58:32Z,2026-02-03T05:58:32Z,1,2026-02-03T05:06:53Z,2026-02-03T09:50:00Z,22,22,Determined upon crew arrival,New,OUTAGE,Service Transformer,RFD,NORMAL,42.47022,-83.28673
SE26020300102,2026-02-03T05:58:32Z,2026-02-03T05:58:32Z,1,2026-02-03T05:06:53Z,2026-02-03T09:50:00Z,2,2,Determined upon crew arrival,New,OUTAGE,Service Secondary,RFD,NORMAL,42.45951,-83.27882
SE26020300105,2026-02-03T05:58:32Z,2026-02-03T05:58:32Z,1,2026-02-03T05:06:56Z,2026-02-03T09:50:00Z,3,3,Determined upon crew arrival,New,OUTAGE,Service Transformer,RFD,NORMAL,42.47974,-83.2464
SE26020300113,2026-02-03T05:58:32Z,2026-02-03T05:58:32Z,1,2026-02-03T05:06:56Z,2026-02-03T09:50:00Z,2,2,Determined upon crew arrival,New,OUTAGE,Service Transformer,RFD,NORMAL,42.47042,-83.2822
SE26020300114,2026-02-03T05:58:32Z,2026-02-03T05:58:32Z,1,2026-02-03T05:06:55Z,2026-02-03T09:50:00Z,2,2,Determined upon crew arrival,New,OUTAGE,Service Transformer,RFD,NORMAL,42.46461,-83.28285
SE26020300118,2026-02-03T05:58:32Z,2026-02-03T05:58:32Z,1,2026-02-03T05:06:57Z,2026-02-03T09:50:00Z,4,4,Determined upon crew arrival,New,OUTAGE,Service Transformer,RFD,NORMAL,42.4656,-83.27975
SE26020300122,2026-02-03T05:58:32Z,2026-02-03T05:58:32Z,1,2026-02-03T05:24:42Z,2026-02-03T09:55:00Z,1,1,Determined upon crew arrival,PC3 Verifi,PRIORITY,,RFD,NORMAL,42.48051,-83.24964
SE26020300123,2026-02-03T05:58:32Z,2026-02-03T05:58:32Z,1,2026-02-03T05:30:01Z,,1,1,Determined upon crew arrival,New,PRIORITY,,RFD,NORMAL,42.47301,-83.24423
NE26020400215,2026-02-04T11:47:27Z,2026-02-04T14:08:48Z,3,2026-02-04T11:23:05Z,2026-02-04T15:55:00Z,29,29,Equipment problem,In Progres,OUTAGE,Device (II),MAR,NORMAL,42.99801,-82.5371
NW26020300568,2026-02-04T11:47:27Z,2026-02-04T17:07:28Z,6,2026-02-03T23:25:53Z,2026-02-05T03:55:00Z,1,1,Equipment problem,In Progres,OUTAGE,Single Customer,PON,NORMAL,42.8018,-83.40872
NW26020400197,2026-02-04T11:47:27Z,2026-02-04T11:47:27Z,1,2026-02-04T08:12:13Z,2026-02-04T12:45:00Z,1,1,Equipment problem,In Progres,OUTAGE,Single Customer,PON,NORMAL,42.65533,-83.41051
NW26020400212,2026-02-04T11:47:27Z,2026-02-04T15:00:44Z,4,2026-02-04T10:52:43Z,2026-02-04T15:25:00Z,1,1,Equipment problem,In Progres,OUTAGE,Single Customer,PON,NORMAL,42.56394,-83.32102
SE26020400066,2026-02-04T11:47:27Z,2026-02-04T17:07:28Z,6,2026-02-04T06:44:04Z,2026-02-04T19:15:00Z,1,1,Determined upon crew arrival,In Progres,PRIORITY,,RFD,NORMAL,42.47317,-83.25063
SW26020400200,2026-02-04T11:47:27Z,2026-02-04T11:47:27Z,1,2026-02-04T10:14:07Z,2026-02-04T14:45:00Z,66,66,Determined upon crew arrival,In Progres,OUTAGE,Device (I),WWS,NORMAL,42.43968,-83.46063
SW26020400214,2026-02-04T11:47:27Z,2026-02-04T11:47:27Z,1,2026-02-04T11:18:52Z,2026-02-04T15:50:00Z,1,1,Determined upon crew arrival,New,OUTAGE,Single Customer,WWS,NORMAL,42.44017,-83.45926
NW26020400232,2026-02-04T13:02:35Z,2026-02-04T15:00:44Z,3,2026-02-04T12:38:30Z,2026-02-04T17:10:00Z,1,1,Determined upon crew arrival,In Progres,OUTAGE,Single Customer,PON,NORMAL,42.55959,-83.32301
SE26020400225,2026-02-04T13:02:35Z,2026-02-04T18:03:04Z,6,2026-02-04T12:05:14Z,2026-02-05T04:35:00Z,1,1,Equipment problem,In Progres,OUTAGE,Single Customer,CAN,NORMAL,42.42304,-83.10607
SW26020400228,2026-02-04T13:02:35Z,2026-02-04T15:00:44Z,3,2026-02-03T23:23:41Z,2026-02-04T16:55:00Z,1,1,Equipment problem,In Progres,OUTAGE,Single Customer,WWS,NORMAL,42.48389,-83.46284
NE26020400259,2026-02-04T14:08:48Z,2026-02-04T16:00:20Z,3,2026-02-04T13:34:53Z,2026-02-04T18:10:00Z,1,1,Determined upon crew arrival,Pending,OUTAGE,Single Customer,MTC,NORMAL,42.51095,-83.02181
NW26020400247,2026-02-04T14:08:48Z,2026-02-04T17:07:28Z,4,2026-02-04T13:13:30Z,2026-02-04T17:55:00Z,1,1,Equipment problem,In Progres,OUTAGE,Single Customer,PON,NORMAL,42.67149,-83.23753
NW26020400258,2026-02-04T14:08:48Z,2026-02-04T18:03:04Z,5,2026-02-04T01:41:35Z,2026-02-04T18:05:00Z,1,1,Determined upon crew arrival,In Progres,OUTAGE,Single Customer,SBY,NORMAL,42.78615,-83.0572
SW26020400240,2026-02-04T14:08:48Z,2026-02-04T18:03:04Z,5,2026-02-04T12:28:06Z,2026-02-04T17:45:00Z,1,1,Determined upon crew arrival,Pending,OUTAGE,Single Customer,NPT,NORMAL,42.14838,-83.14967
SW26020400255,2026-02-04T14:08:48Z,2026-02-04T18:03:04Z,5,2026-02-04T13:18:51Z,2026-02-04T18:05:00Z,1,1,Determined upon crew arrival,In Progres,OUTAGE,Single Customer,WWS,NORMAL,42.30969,-83.30377
NE26020400289,2026-02-04T15:00:44Z,2026-02-04T17:07:28Z,3,2026-02-04T14:35:13Z,2026-02-04T19:05:00Z,1,1,Determined upon crew arrival,In Progres,OUTAGE,Single Customer,MAR,NORMAL,42.76412,-82.5358
NE26020400292,2026-02-04T15:00:44Z,2026-02-04T15:00:44Z,1,2026-02-04T14:26:57Z,,1,1,Determined upon crew arrival,New,OUTAGE,Single Customer,LAP,NORMAL,43.2531,-83.53919
NW26020400285,2026-02-04T15:00:44Z,2026-02-04T16:00:20Z,2,2026-02-04T14:32:53Z,2026-02-04T19:05:00Z,1,1,Equipment problem,In Progres,OUTAGE,Single Customer,SBY,NORMAL,42.55769,-82.97776
NW26020400288,2026-02-04T15:00:44Z,2026-02-04T15:00:44Z,1,2026-02-04T14:29:39Z,2026-02-04T19:05:00Z,13,13,Determined upon crew arrival,In Progres,OUTAGE,Device (I),HWL,NORMAL,42.63312,-83.81526
SE26020400274,2026-02-04T15:00:44Z,2026-02-04T17:07:28Z,3,2026-02-04T14:11:53Z,2026-02-04T18:45:00Z,1,1,Determined upon crew arrival,In Progres,OUTAGE,Single Customer,RFD,NORMAL,42.26044,-83.15879
SE26020400277,2026-02-04T15:00:44Z,2026-02-04T17:07:28Z,3,2026-02-04T14:15:15Z,2026-02-04T18:45:00Z,1,1,Determined upon crew arrival,In Progres,OUTAGE,Service Secondary,RFD,NORMAL,42.26521,-83.20793
SE26020400279,2026-02-04T15:00:44Z,2026-02-04T15:00:44Z,1,2026-02-04T14:22:21Z,2026-02-04T18:50:00Z,7,7,Determined upon crew arrival,In Progres,OUTAGE,Service Transformer,RFD,NORMAL,42.48207,-83.15869
SE26020400281,2026-02-04T15:00:44Z,2026-02-04T16:00:20Z,2,2026-02-04T14:27:26Z,2026-02-04T19:00:00Z,7,7,Determined upon crew arrival,In Progres,OUTAGE,Service Transformer,RFD,NORMAL,42.52398,-83.23562
SE26020400283,2026-02-04T15:00:44Z,2026-02-04T16:00:20Z,2,2026-02-04T14:27:37Z,2026-02-04T19:00:00Z,1,1,Determined upon crew arrival,In Progres,OUTAGE,Single Customer,RFD,NORMAL,42.52151,-83.23486
SE26020400284,2026-02-04T15:00:44Z,2026-02-04T15:00:44Z,1,2026-02-04T14:27:20Z,2026-02-04T19:00:00Z,13,13,Determined upon crew arrival,In Progres,OUTAGE,Service Transformer,RFD,NORMAL,42.48243,-83.15866
SE26020400287,2026-02-04T15:00:44Z,2026-02-04T18:03:04Z,4,2026-02-04T14:22:21Z,2026-02-04T19:05:00Z,35,35,Determined upon crew arrival,In Progres,OUTAGE,Device (I),RFD,NORMAL,42.48124,-83.15894
SE26020400295,2026-02-04T15:00:44Z,2026-02-04T18:03:04Z,4,2026-02-04T14:43:56Z,2026-02-04T19:15:00Z,1,1,Determined upon crew arrival,In Progres,OUTAGE,Single Customer,RFD,NORMAL,42.25548,-83.20397
NE26020400305,2026-02-04T16:00:20Z,2026-02-04T18:03:04Z,3,2026-02-04T14:53:34Z,2026-02-04T19:25:00Z,1,1,Determined upon crew arrival,In Progres,OUTAGE,Single Customer,NAE,NORMAL,43.42055,-82.83551
NE26020400307,2026-02-04T16:00:20Z,2026-02-04T16:00:20Z,1,2026-02-04T14:54:04Z,2026-02-04T19:25:00Z,2,2,Determined upon crew arrival,In Progres,OUTAGE,Service Secondary,NAE,NORMAL,43.4071,-82.82783
NE26020400317,2026-02-04T16:00:20Z,2026-02-04T19:08:30Z,4,2026-02-04T14:47:24Z,2026-02-04T19:30:00Z,51,51,Determined upon crew arrival,In Progres,OUTAGE,Service Transformer,NAE,NORMAL,43.41638,-82.82338
NE26020400332,2026-02-04T16:00:20Z,2026-02-04T16:00:20Z,1,2026-02-04T15:15:17Z,2026-02-04T19:45:00Z,1,1,Determined upon crew arrival,In Progres,OUTAGE,Single Customer,MAR,NORMAL,42.93404,-82.52708
NE26020400387,2026-02-04T16:00:20Z,2026-02-04T16:00:20Z,1,2026-02-04T15:21:59Z,2026-02-04T20:05:00Z,8,8,Determined upon crew arrival,In Progres,OUTAGE,Service Transformer,MTC,NORMAL,42.60362,-82.94836
NW26020400296,2026-02-04T16:00:20Z,2026-02-04T17:07:28Z,2,2026-02-04T14:46:03Z,2026-02-04T19:15:00Z,1,1,Determined upon crew arrival,In Progres,OUTAGE,Single Customer,PON,NORMAL,42.86334,-83.43154
NW26020400297,2026-02-04T16:00:20Z,2026-02-04T18:03:04Z,3,2026-02-04T11:56:45Z,2026-02-04T19:15:00Z,1,1,Equipment problem,In Progres,OUTAGE,Single Customer,PON,NORMAL,42.65195,-83.36095
NW26020400314,2026-02-04T16:00:20Z,2026-02-04T16:00:20Z,1,2026-02-04T14:51:18Z,2026-02-04T19:30:00Z,8,8,Determined upon crew arrival,In Progres,OUTAGE,Service Transformer,SBY,NORMAL,42.58671,-83.05749
NW26020400326,2026-02-04T16:00:20Z,2026-02-05T20:03:22Z,31,2026-02-04T15:06:04Z,2026-02-06T07:35:00Z,1,1,Equipment problem,In Progres,OUTAGE,Single Customer,PON,NORMAL,42.58668,-83.53387
NW26020400394,2026-02-04T16:00:20Z,2026-02-04T17:07:28Z,2,2026-02-04T15:39:08Z,2026-02-04T20:10:00Z,1,1,Determined upon crew arrival,In Progres,OUTAGE,Single Customer,HWL,NORMAL,42.55274,-83.76911
SE26020400306,2026-02-04T16:00:20Z,2026-02-04T17:07:28Z,2,2026-02-04T14:53:43Z,2026-02-04T19:25:00Z,1,1,Determined upon crew arrival,In Progres,OUTAGE,Service Secondary,RFD,NORMAL,42.26292,-83.20797
SE26020400324,2026-02-04T16:00:20Z,2026-02-04T16:00:20Z,1,2026-02-04T15:05:15Z,2026-02-04T19:35:00Z,1,1,Determined upon crew arrival,In Progres,OUTAGE,Single Customer,RFD,NORMAL,42.42956,-83.30244
SE26020400331,2026-02-04T16:00:20Z,2026-02-04T17:07:28Z,2,2026-02-04T15:10:37Z,2026-02-04T19:40:00Z,1,1,Determined upon crew arrival,In Progres,OUTAGE,Single Customer,CAN,NORMAL,42.33634,-83.07994
SE26020400333,2026-02-04T16:00:20Z,2026-02-04T17:07:28Z,2,2026-02-04T15:16:05Z,2026-02-04T19:45:00Z,1,1,Determined upon crew arrival,In Progres,OUTAGE,Service Secondary,CAN,NORMAL,42.36685,-83.11637
SE26020400335,2026-02-04T16:00:20Z,2026-02-04T18:03:04Z,3,2026-02-04T15:16:51Z,2026-02-04T19:45:00Z,1,1,Equipment problem,In Progres,PRIORITY,,CAN,NORMAL,42.36475,-83.02801
SE26020400336,2026-02-04T16:00:20Z,2026-02-04T16:00:20Z,1,2026-02-04T15:18:03Z,2026-02-04T19:50:00Z,1,1,Determined upon crew arrival,In Progres,OUTAGE,Single Customer,RFD,NORMAL,42.4324,-83.30376
SE26020400337,2026-02-04T16:00:20Z,2026-02-04T16:00:20Z,1,2026-02-04T15:20:03Z,2026-02-04T19:50:00Z,1,1,Determined upon crew arrival,In Progres,OUTAGE,Single Customer,RFD,NORMAL,42.41028,-83.1491
SE26020400339,2026-02-04T16:00:20Z,2026-02-04T18:03:04Z,3,2026-02-04T15:17:05Z,2026-02-04T19:50:00Z,26,26,Determined upon crew arrival,In Progres,OUTAGE,Service Transformer,CAN,NORMAL,42.36685,-83.11637
SE26020400344,2026-02-04T16:00:20Z,2026-02-04T16:00:20Z,1,2026-02-04T15:23:16Z,2026-02-04T19:55:00Z,494,494,Determined upon crew arrival,In Progres,OUTAGE,Device (II),RFD,NORMAL,42.39043,-83.28853
SE26020400361,2026-02-04T16:00:20Z,2026-02-04T17:07:28Z,2,2026-02-04T14:11:26Z,2026-02-04T19:55:00Z,32,32,Determined upon crew arrival,In Progres,OUTAGE,Service Transformer,CAN,NORMAL,42.33776,-83.08075
SE26020400384,2026-02-04T16:00:20Z,2026-02-04T19:51:28Z,5,2026-02-04T15:31:16Z,2026-02-04T20:00:00Z,1,1,Determined upon crew arrival,In Progres,OUTAGE,Single Customer,RFD,NORMAL,42.2598,-83.18531
SE26020400393,2026-02-04T16:00:20Z,2026-02-04T17:07:28Z,2,2026-02-04T15:35:03Z,2026-02-04T20:10:00Z,1,1,Determined upon crew arrival,In Progres,OUTAGE,Single Customer,RFD,NORMAL,42.38105,-83.19769
SE26020400395,2026-02-04T16:00:20Z,2026-02-04T17:07:28Z,2,2026-02-04T15:39:19Z,2026-02-04T20:10:00Z,1,1,Determined upon crew arrival,In Progres,OUTAGE,Single Customer,RFD,NORMAL,42.38177,-83.20685
SE26020400396,2026-02-04T16:00:20Z,2026-02-04T17:07:28Z,2,2026-02-04T15:40:32Z,2026-02-04T20:10:00Z,1,1,Determined upon crew arrival,In Progres,OUTAGE,Service Secondary,RFD,NORMAL,42.37572,-83.17492
SE26020400397,2026-02-04T16:00:20Z,2026-02-04T18:03:04Z,3,2026-02-04T15:38:38Z,2026-02-04T20:10:00Z,1,1,Determined upon crew arrival,In Progres,OUTAGE,Single Customer,RFD,NORMAL,42.3122,-83.11806
SW26020400310,2026-02-04T16:00:20Z,2026-02-04T16:00:20Z,1,2026-02-04T14:55:21Z,2026-02-04T19:25:00Z,12,12,Determined upon crew arrival,In Progres,OUTAGE,Service Transformer,ANN,NORMAL,42.2382,-83.58502
SW26020400316,2026-02-04T16:00:20Z,2026-02-04T16:00:20Z,1,2026-02-04T15:02:14Z,2026-02-04T19:30:00Z,10,10,Determined upon crew arrival,In Progres,OUTAGE,Service Transformer,WWS,NORMAL,42.3885,-83.38797
SW26020400318,2026-02-04T16:00:20Z,2026-02-04T16:00:20Z,1,2026-02-04T15:00:11Z,2026-02-04T19:35:00Z,41,41,Determined upon crew arrival,In Progres,OUTAGE,Service Transformer,ANN,NORMAL,42.25185,-83.72451
SW26020400319,2026-02-04T16:00:20Z,2026-02-04T17:07:28Z,2,2026-02-04T14:59:53Z,2026-02-04T19:35:00Z,93,93,Determined upon crew arrival,In Progres,OUTAGE,Service Transformer,WWS,NORMAL,42.335,-83.43227
SW26020400329,2026-02-04T16:00:20Z,2026-02-04T17:07:28Z,2,2026-02-04T14:59:55Z,2026-02-04T19:40:00Z,2,2,Determined upon crew arrival,In Progres,OUTAGE,Service Secondary,WWS,NORMAL,42.33445,-83.43293
SW26020400341,2026-02-04T16:00:20Z,2026-02-04T16:00:20Z,1,2026-02-04T10:14:07Z,2026-02-04T19:50:00Z,67,67,Determined upon crew arrival,In Progres,OUTAGE,Device (I),WWS,NORMAL,42.43968,-83.46063
SW26020400343,2026-02-04T16:00:20Z,2026-02-04T16:00:20Z,1,2026-02-04T15:18:44Z,2026-02-04T19:55:00Z,10,10,Determined upon crew arrival,In Progres,OUTAGE,Service Transformer,WWS,NORMAL,42.48966,-83.35274
SW26020400382,2026-02-04T16:00:20Z,2026-02-04T16:00:20Z,1,2026-02-04T15:31:01Z,2026-02-04T20:00:00Z,1,1,Determined upon crew arrival,In Progres,OUTAGE,Single Customer,WWS,NORMAL,42.38436,-83.38883
SW26020400385,2026-02-04T16:00:20Z,2026-02-04T16:00:20Z,1,2026-02-04T11:48:15Z,2026-02-04T20:00:00Z,2,2,Determined upon crew arrival,In Progres,OUTAGE,Service Secondary,WWS,NORMAL,42.44216,-83.45891
NE26020400421,2026-02-04T17:07:28Z,2026-02-04T18:03:04Z,2,2026-02-04T16:05:06Z,2026-02-04T20:35:00Z,6,6,Determined upon crew arrival,In Progres,OUTAGE,Service Transformer,MTC,NORMAL,42.47063,-82.9807
NE26020400432,2026-02-04T17:07:28Z,2026-02-04T18:03:04Z,2,2026-02-04T16:12:13Z,2026-02-04T20:40:00Z,1,1,Determined upon crew arrival,In Progres,OUTAGE,Service Secondary,MAR,NORMAL,43.02515,-82.43438
NE26020400438,2026-02-04T17:07:28Z,2026-02-04T18:03:04Z,2,2026-02-04T16:19:02Z,2026-02-04T20:50:00Z,1,1,Determined upon crew arrival,In Progres,OUTAGE,Single Customer,MTC,NORMAL,42.45172,-83.00837
NE26020400455,2026-02-04T17:07:28Z,2026-02-04T17:07:28Z,1,2026-02-04T16:38:00Z,2026-02-04T21:10:00Z,16,16,Determined upon crew arrival,In Progres,OUTAGE,Service Transformer,NAE,NORMAL,43.98268,-83.17393
NE26020400458,2026-02-04T17:07:28Z,2026-02-04T17:07:28Z,1,2026-02-04T16:39:21Z,2026-02-04T21:10:00Z,1,1,Determined upon crew arrival,In Progres,OUTAGE,Single Customer,LAP,NORMAL,43.25826,-83.53853
NE26020400476,2026-02-04T17:07:28Z,2026-02-04T18:03:04Z,2,2026-02-04T16:55:35Z,2026-02-04T21:30:00Z,1,1,Determined upon crew arrival,In Progres,OUTAGE,Single Customer,LAP,NORMAL,43.21587,-83.44083
NW26020400411,2026-02-04T17:07:28Z,2026-02-04T19:51:28Z,4,2026-02-04T15:55:09Z,2026-02-04T20:25:00Z,1,1,Equipment problem,In Progres,OUTAGE,Single Customer,HWL,NORMAL,42.60336,-83.9006
NW26020400446,2026-02-04T17:07:28Z,2026-02-04T17:07:28Z,1,2026-02-04T16:29:14Z,2026-02-04T21:00:00Z,1,1,Determined upon crew arrival,In Progres,OUTAGE,Single Customer,PON,NORMAL,42.7202,-83.36587
NW26020400453,2026-02-04T17:07:28Z,2026-02-04T18:03:04Z,2,2026-02-04T16:36:23Z,2026-02-04T21:05:00Z,11,11,Determined upon crew arrival,In Progres,OUTAGE,Service Transformer,HWL,NORMAL,42.56494,-83.78949
NW26020400473,2026-02-04T17:07:28Z,2026-02-04T22:29:45Z,8,2026-02-04T16:49:48Z,2026-02-05T09:20:00Z,1,1,Equipment problem,In Progres,OUTAGE,Single Customer,PON,NORMAL,42.6757,-83.35434
SE26020400406,2026-02-04T17:07:28Z,2026-02-04T17:07:28Z,1,2026-02-04T15:52:29Z,2026-02-04T20:25:00Z,1,1,Determined upon crew arrival,In Progres,OUTAGE,Single Customer,CAN,NORMAL,42.33187,-83.06781
SE26020400409,2026-02-04T17:07:28Z,2026-02-04T17:07:28Z,1,2026-02-04T15:53:08Z,2026-02-04T20:25:00Z,1,1,Determined upon crew arrival,In Progres,OUTAGE,Single Customer,CAN,NORMAL,42.44224,-82.96796
SE26020400418,2026-02-04T17:07:28Z,2026-02-04T17:07:28Z,1,2026-02-04T16:01:55Z,2026-02-04T20:30:00Z,1,1,Determined upon crew arrival,In Progres,OUTAGE,Single Customer,RFD,NORMAL,42.43122,-83.29885
SE26020400429,2026-02-04T17:07:28Z,2026-02-04T18:03:04Z,2,2026-02-04T16:11:18Z,2026-02-04T20:40:00Z,1,1,Determined upon crew arrival,In Progres,OUTAGE,Single Customer,RFD,NORMAL,42.42885,-83.30357
SE26020400434,2026-02-04T17:07:28Z,2026-02-04T18:03:04Z,2,2026-02-04T16:15:33Z,2026-02-04T20:45:00Z,26,26,Equipment problem,In Progres,OUTAGE,Service Transformer,RFD,NORMAL,42.46292,-83.14432
SE26020400439,2026-02-04T17:07:28Z,2026-02-04T17:07:28Z,1,2026-02-04T16:21:44Z,2026-02-04T20:50:00Z,1,1,Determined upon crew arrival,In Progres,OUTAGE,Single Customer,CAN,NORMAL,42.43736,-82.99294
SE26020400448,2026-02-04T17:07:28Z,2026-02-04T17:07:28Z,1,2026-02-04T16:29:47Z,2026-02-04T21:00:00Z,1,1,Determined upon crew arrival,In Progres,OUTAGE,Single Customer,RFD,NORMAL,42.38044,-83.20682
SE26020400449,2026-02-04T17:07:28Z,2026-02-04T18:03:04Z,2,2026-02-04T16:30:29Z,2026-02-04T21:00:00Z,1,1,Determined upon crew arrival,In Progres,OUTAGE,Single Customer,RFD,NORMAL,42.48759,-83.17869
SE26020400450,2026-02-04T17:07:28Z,2026-02-04T17:07:28Z,1,2026-02-04T16:33:47Z,2026-02-04T21:05:00Z,1,1,Determined upon crew arrival,In Progres,OUTAGE,Single Customer,RFD,NORMAL,42.26289,-83.20537
SE26020400462,2026-02-04T17:07:28Z,2026-02-04T18:03:04Z,2,2026-02-04T16:41:46Z,2026-02-04T21:10:00Z,1,1,Determined upon crew arrival,In Progres,OUTAGE,Single Customer,RFD,NORMAL,42.39043,-83.29293
SE26020400464,2026-02-04T17:07:28Z,2026-02-04T21:53:01Z,7,2026-02-04T16:42:18Z,2026-02-05T09:15:00Z,1,1,Determined upon crew arrival,In Progres,OUTAGE,Single Customer,RFD,NORMAL,42.53084,-83.22956
SE26020400477,2026-02-04T17:07:28Z,2026-02-04T17:07:28Z,1,2026-02-04T16:44:40Z,,1,1,Determined upon crew arrival,New,OUTAGE,Single Customer,RFD,NORMAL,42.49904,-83.15348
SE26020400478,2026-02-04T17:07:28Z,2026-02-04T21:16:06Z,6,2026-02-04T16:28:59Z,2026-02-04T21:30:00Z,1,1,Equipment problem,In Progres,OUTAGE,Single Customer,CAN,NORMAL,42.43211,-83.13015
SW26020400399,2026-02-04T17:07:28Z,2026-02-04T17:07:28Z,1,2026-02-04T15:41:47Z,2026-02-04T20:15:00Z,23,23,Determined upon crew arrival,In Progres,OUTAGE,Service Transformer,ANN,NORMAL,42.25652,-83.72176
SW26020400436,2026-02-04T17:07:28Z,2026-02-04T18:03:04Z,2,2026-02-04T16:17:10Z,2026-02-04T20:45:00Z,12,12,Determined upon crew arrival,In Progres,OUTAGE,Service Transformer,WWS,NORMAL,42.23603,-83.26671
SW26020400442,2026-02-04T17:07:28Z,2026-02-04T17:07:28Z,1,2026-02-04T16:25:10Z,2026-02-04T20:55:00Z,1,1,Determined upon crew arrival,In Progres,OUTAGE,Service Secondary,WWS,NORMAL,42.32258,-83.39693
SW26020400443,2026-02-04T17:07:28Z,2026-02-04T21:16:06Z,6,2026-02-04T16:26:25Z,2026-02-05T08:55:00Z,1,1,Equipment problem,In Progres,OUTAGE,Single Customer,NPT,NORMAL,41.91781,-83.38791
SW26020400444,2026-02-04T17:07:28Z,2026-02-04T17:07:28Z,1,2026-02-04T16:22:50Z,2026-02-04T20:55:00Z,10,10,Equipment problem,In Progres,OUTAGE,Service Transformer,ANN,NORMAL,42.25854,-83.76716
SW26020400452,2026-02-04T17:07:28Z,2026-02-04T17:07:28Z,1,2026-02-04T16:35:44Z,2026-02-04T21:05:00Z,5,5,Determined upon crew arrival,In Progres,OUTAGE,Service Transformer,WWS,NORMAL,42.28984,-83.40199
SW26020400456,2026-02-04T17:07:28Z,2026-02-04T17:07:28Z,1,2026-02-04T16:38:38Z,2026-02-04T21:10:00Z,11,11,Determined upon crew arrival,In Progres,OUTAGE,Service Transformer,ANN,NORMAL,42.24649,-83.63534
SW26020400457,2026-02-04T17:07:28Z,2026-02-04T18:03:04Z,2,2026-02-04T16:39:05Z,2026-02-04T21:10:00Z,1,1,Determined upon crew arrival,In Progres,OUTAGE,Single Customer,WWS,NORMAL,42.34128,-83.37479
SW26020400459,2026-02-04T17:07:28Z,2026-02-04T18:03:04Z,2,2026-02-04T16:40:27Z,2026-02-04T21:10:00Z,17,17,Determined upon crew arrival,In Progres,OUTAGE,Service Transformer,WWS,NORMAL,42.39949,-83.40519
SW26020400468,2026-02-04T17:07:28Z,2026-02-04T19:08:30Z,3,2026-02-04T16:44:31Z,2026-02-04T21:15:00Z,1,1,Determined upon crew arrival,In Progres,OUTAGE,Service Secondary,WWS,NORMAL,42.4019,-83.40971
SW26020400472,2026-02-04T17:07:28Z,2026-02-04T17:07:28Z,1,2026-02-04T16:49:14Z,2026-02-04T21:20:00Z,34,34,Determined upon crew arrival,In Progres,OUTAGE,Service Transformer,ANN,NORMAL,42.25224,-83.72504
NE26020400480,2026-02-04T18:03:04Z,2026-02-04T18:03:04Z,1,2026-02-04T17:05:01Z,2026-02-04T21:35:00Z,1,1,Determined upon crew arrival,In Progres,OUTAGE,Single Customer,NAE,NORMAL,43.53222,-83.05375
NE26020400485,2026-02-04T18:03:04Z,2026-02-04T18:03:04Z,1,2026-02-04T01:33:39Z,2026-02-04T21:35:00Z,1,1,Determined upon crew arrival,In Progres,OUTAGE,Single Customer,LAP,NORMAL,42.81598,-83.14228
NE26020400509,2026-02-04T18:03:04Z,2026-02-04T18:03:04Z,1,2026-02-04T17:35:45Z,2026-02-04T22:05:00Z,1,1,Determined upon crew arrival,PC3 Verifi,OUTAGE,Single Customer,LAP,NORMAL,43.26113,-83.53881
NE26020400512,2026-02-04T18:03:04Z,2026-02-04T18:03:04Z,1,2026-02-04T17:38:01Z,2026-02-04T22:10:00Z,1,1,Determined upon crew arrival,New,OUTAGE,Single Customer,MTC,NORMAL,42.67768,-82.81967
NW26020400483,2026-02-04T18:03:04Z,2026-02-04T22:54:34Z,8,2026-02-04T17:06:19Z,2026-02-05T09:35:00Z,1,1,Equipment problem,Pending,OUTAGE,Single Customer,PON,NORMAL,42.65141,-83.24803
NW26020400490,2026-02-04T18:03:04Z,2026-02-04T19:51:28Z,3,2026-02-04T17:06:03Z,2026-02-04T21:40:00Z,1,1,Equipment problem,In Progres,OUTAGE,Single Customer,PON,NORMAL,42.66524,-83.30092
NW26020400499,2026-02-04T18:03:04Z,2026-02-04T22:54:34Z,8,2026-02-04T17:12:33Z,2026-02-05T01:50:00Z,62,62,Public Interference w/DTE equip,In Progres,OUTAGE,Device (I),PON,NORMAL,42.67384,-83.6394
NW26020400501,2026-02-04T18:03:04Z,2026-02-04T20:36:11Z,4,2026-02-04T17:25:08Z,2026-02-04T21:55:00Z,1,1,Determined upon crew arrival,In Progres,OUTAGE,Single Customer,PON,NORMAL,42.67745,-83.3064
NW26020400505,2026-02-04T18:03:04Z,2026-02-04T18:03:04Z,1,2026-02-04T17:29:21Z,2026-02-04T22:00:00Z,1,1,Determined upon crew arrival,In Progres,OUTAGE,Single Customer,HWL,NORMAL,42.56246,-83.7878
NW26020400516,2026-02-04T18:03:04Z,2026-02-04T19:08:30Z,2,2026-02-04T17:44:07Z,2026-02-04T22:15:00Z,1,1,Determined upon crew arrival,In Progres,OUTAGE,Single Customer,PON,NORMAL,42.67891,-83.30937
SE26020400503,2026-02-04T18:03:04Z,2026-02-04T18:03:04Z,1,2026-02-04T17:27:24Z,2026-02-04T21:55:00Z,1,1,Determined upon crew arrival,In Progres,OUTAGE,Single Customer,RFD,NORMAL,42.4324,-83.30376
SE26020400506,2026-02-04T18:03:04Z,2026-02-04T18:03:04Z,1,2026-02-04T17:33:26Z,2026-02-04T22:05:00Z,1,1,Determined upon crew arrival,In Progres,OUTAGE,Single Customer,RFD,NORMAL,42.26289,-83.20537
SE26020400515,2026-02-04T18:03:04Z,2026-02-04T19:08:30Z,2,2026-02-04T17:38:39Z,2026-02-04T22:10:00Z,1,1,Determined upon crew arrival,In Progres,OUTAGE,Single Customer,RFD,NORMAL,42.25377,-83.20123
SW26020400496,2026-02-04T18:03:04Z,2026-02-04T19:08:30Z,2,2026-02-04T16:51:08Z,2026-02-04T21:50:00Z,1,1,Determined upon crew arrival,In Progres,OUTAGE,Single Customer,WWS,NORMAL,42.4019,-83.40971
SW26020400514,2026-02-04T18:03:04Z,2026-02-04T21:16:06Z,5,2026-02-04T10:14:07Z,2026-02-04T22:10:00Z,67,67,Equipment problem,In Progres,OUTAGE,Device (I),WWS,NORMAL,42.43989,-83.46036
NE26020400524,2026-02-04T19:08:30Z,2026-02-04T19:08:30Z,1,2026-02-04T17:41:12Z,2026-02-04T22:20:00Z,2,2,Determined upon crew arrival,In Progres,OUTAGE,Service Transformer,LAP,NORMAL,43.25222,-83.53512
NE26020400557,2026-02-04T19:08:30Z,2026-02-04T19:08:30Z,1,2026-02-04T18:16:27Z,2026-02-04T22:50:00Z,10,10,Determined upon crew arrival,In Progres,OUTAGE,Device (I),MTC,NORMAL,42.53322,-83.06759
NE26020400583,2026-02-04T19:08:30Z,2026-02-04T19:51:28Z,2,2026-02-04T18:43:21Z,2026-02-04T23:15:00Z,1,1,Determined upon crew arrival,In Progres,OUTAGE,Single Customer,LAP,NORMAL,43.04628,-83.31512
NW26020400535,2026-02-04T19:08:30Z,2026-02-05T02:10:06Z,10,2026-02-04T18:05:00Z,2026-02-05T02:35:00Z,1,1,Determined upon crew arrival,In Progres,PRIORITY,,PON,NORMAL,42.64578,-83.24167
NW26020400539,2026-02-04T19:08:30Z,2026-02-04T19:08:30Z,1,2026-02-04T18:01:49Z,2026-02-04T22:40:00Z,1,1,Determined upon crew arrival,In Progres,OUTAGE,Single Customer,HWL,NORMAL,42.63081,-83.72521
NW26020400544,2026-02-04T19:08:30Z,2026-02-04T19:08:30Z,1,2026-02-04T18:15:37Z,2026-02-04T22:45:00Z,1,1,Determined upon crew arrival,In Progres,OUTAGE,Single Customer,PON,NORMAL,42.56649,-83.146
NW26020400572,2026-02-04T19:08:30Z,2026-02-04T19:08:30Z,1,2026-02-04T18:22:33Z,2026-02-04T23:00:00Z,11,11,Determined upon crew arrival,In Progres,OUTAGE,Service Transformer,PON,NORMAL,42.57427,-83.41764
NW26020400574,2026-02-04T19:08:30Z,2026-02-04T19:08:30Z,1,2026-02-04T18:32:57Z,2026-02-04T23:05:00Z,1,1,Determined upon crew arrival,In Progres,OUTAGE,Single Customer,HWL,NORMAL,42.55435,-83.7568
SE26020400519,2026-02-04T19:08:30Z,2026-02-04T19:08:30Z,1,2026-02-04T17:47:19Z,2026-02-04T22:15:00Z,32,32,Determined upon crew arrival,In Progres,OUTAGE,Service Transformer,RFD,NORMAL,42.48478,-83.16264
SE26020400522,2026-02-04T19:08:30Z,2026-02-04T19:08:30Z,1,2026-02-04T17:51:18Z,2026-02-04T22:20:00Z,1,1,Determined upon crew arrival,In Progres,OUTAGE,Single Customer,RFD,NORMAL,42.43936,-83.29663
SE26020400531,2026-02-04T19:08:30Z,2026-02-04T21:16:06Z,4,2026-02-04T17:59:06Z,2026-02-04T22:30:00Z,1,1,Equipment problem,In Progres,OUTAGE,Single Customer,RFD,NORMAL,42.36157,-83.16346
SE26020400543,2026-02-04T19:08:30Z,2026-02-04T21:53:01Z,5,2026-02-04T18:11:43Z,2026-02-04T22:45:00Z,120,120,Equipment problem,Pending,OUTAGE,Device (I),RFD,NORMAL,42.45542,-83.2092
SE26020400545,2026-02-04T19:08:30Z,2026-02-04T19:51:28Z,2,2026-02-04T18:11:42Z,2026-02-04T22:45:00Z,318,318,Equipment problem,In Progres,OUTAGE,Circuit Level,RFD,NORMAL,42.45675,-83.20924
SE26020400550,2026-02-04T19:08:30Z,2026-02-04T22:29:45Z,6,2026-02-04T18:17:28Z,2026-02-04T22:45:00Z,1,1,Determined upon crew arrival,Pending,PRIORITY,,RFD,NORMAL,42.45915,-83.21791
SE26020400552,2026-02-04T19:08:30Z,2026-02-04T22:29:45Z,6,2026-02-04T18:17:48Z,2026-02-04T22:50:00Z,1,1,Determined upon crew arrival,In Progres,PRIORITY,,RFD,NORMAL,42.46025,-83.20228
SE26020400554,2026-02-04T19:08:30Z,2026-02-04T22:29:45Z,6,2026-02-04T18:19:35Z,2026-02-04T22:50:00Z,1,1,Determined upon crew arrival,Pending,PRIORITY,,RFD,NORMAL,42.45965,-83.20537
SE26020400556,2026-02-04T19:08:30Z,2026-02-04T22:54:34Z,7,2026-02-04T18:20:19Z,2026-02-04T22:50:00Z,1,1,Equipment problem,Pending,OUTAGE,Single Customer,RFD,NORMAL,42.45526,-83.2132
SE26020400560,2026-02-04T19:08:30Z,2026-02-04T22:29:45Z,6,2026-02-04T18:21:06Z,2026-02-04T22:50:00Z,2,2,Equipment problem,Pending,OUTAGE,Service Secondary,RFD,NORMAL,42.45504,-83.21213
SE26020400561,2026-02-04T19:08:30Z,2026-02-04T22:29:45Z,6,2026-02-04T18:11:52Z,2026-02-04T22:50:00Z,1,1,Equipment problem,In Progres,OUTAGE,Single Customer,RFD,NORMAL,42.45328,-83.21528
SE26020400566,2026-02-04T19:08:30Z,2026-02-04T22:29:45Z,6,2026-02-04T18:26:55Z,2026-02-04T22:55:00Z,1,1,Determined upon crew arrival,Pending,PRIORITY,,RFD,NORMAL,42.45504,-83.21213
SE26020400577,2026-02-04T19:08:30Z,2026-02-04T21:16:06Z,4,2026-02-04T18:36:23Z,2026-02-04T23:05:00Z,1,1,Determined upon crew arrival,In Progres,OUTAGE,Single Customer,CAN,NORMAL,42.45046,-82.87136
SE26020400582,2026-02-04T19:08:30Z,2026-02-04T21:16:06Z,4,2026-02-04T18:32:56Z,2026-02-04T23:10:00Z,1,1,Determined upon crew arrival,In Progres,OUTAGE,Single Customer,CAN,NORMAL,42.40524,-83.12055
SW26020400533,2026-02-04T19:08:30Z,2026-02-04T20:36:11Z,3,2026-02-04T18:00:17Z,2026-02-04T22:30:00Z,1,1,Determined upon crew arrival,In Progres,OUTAGE,Single Customer,ANN,NORMAL,42.32236,-83.87707
SW26020400534,2026-02-04T19:08:30Z,2026-02-04T19:51:28Z,2,2026-02-04T18:00:55Z,2026-02-04T22:30:00Z,1,1,Determined upon crew arrival,In Progres,OUTAGE,Single Customer,WWS,NORMAL,42.34164,-83.36778
SW26020400540,2026-02-04T19:08:30Z,2026-02-04T19:51:28Z,2,2026-02-04T18:12:35Z,2026-02-04T22:45:00Z,1,1,Determined upon crew arrival,In Progres,OUTAGE,Service Secondary,ANN,NORMAL,42.25617,-83.72771
SW26020400551,2026-02-04T19:08:30Z,2026-02-04T19:08:30Z,1,2026-02-04T18:17:25Z,2026-02-04T22:50:00Z,2,2,Determined upon crew arrival,In Progres,OUTAGE,Service Secondary,WWS,NORMAL,42.28865,-83.40223
SW26020400578,2026-02-04T19:08:30Z,2026-02-04T19:08:30Z,1,2026-02-04T18:36:27Z,2026-02-04T23:05:00Z,1,1,Determined upon crew arrival,New,OUTAGE,Single Customer,WWS,NORMAL,42.28984,-83.40199
SW26020400580,2026-02-04T19:08:30Z,2026-02-04T19:08:30Z,1,2026-02-04T18:39:15Z,2026-02-04T23:10:00Z,9,9,Determined upon crew arrival,In Progres,OUTAGE,Service Transformer,ANN,NORMAL,42.24633,-83.72651
SW26020400589,2026-02-04T19:08:30Z,2026-02-04T22:29:45Z,6,2026-02-04T18:51:11Z,2026-02-04T23:20:00Z,1,1,Determined upon crew arrival,In Progres,SERVICE DOWN NO,,WWS,NORMAL,42.27371,-83.32999
NE26020400632,2026-02-04T19:51:28Z,2026-02-04T19:51:28Z,1,2026-02-04T19:42:45Z,,1,1,Determined upon crew arrival,New,OUTAGE,Single Customer,LAP,NORMAL,43.28681,-83.6812
NE26020400633,2026-02-04T19:51:28Z,2026-02-04T19:51:28Z,1,2026-02-04T19:42:49Z,,1,1,Determined upon crew arrival,New,OUTAGE,Single Customer,LAP,NORMAL,43.28314,-83.68118
NE26020400634,2026-02-04T19:51:28Z,2026-02-04T19:51:28Z,1,2026-02-04T19:43:09Z,,1,1,Determined upon crew arrival,New,OUTAGE,Single Customer,LAP,NORMAL,43.28497,-83.68119
NE26020400638,2026-02-04T19:51:28Z,2026-02-04T19:51:28Z,1,2026-02-04T19:44:49Z,,1,1,Determined upon crew arrival,New,OUTAGE,Single Customer,MTC,NORMAL,42.65978,-82.76641
NW26020400600,2026-02-04T19:51:28Z,2026-02-05T02:10:06Z,9,2026-02-04T19:03:33Z,2026-02-05T03:35:00Z,1,1,Determined upon crew arrival,In Progres,PRIORITY,,SBY,NORMAL,42.58323,-83.02928
NW26020400608,2026-02-04T19:51:28Z,2026-02-04T21:16:06Z,3,2026-02-04T19:04:49Z,2026-02-04T23:50:00Z,283,49,Equipment problem,In Progres,OUTAGE,Device (II),HWL,NORMAL,42.61192,-83.77894
SE26020400598,2026-02-04T19:51:28Z,2026-02-04T22:29:45Z,5,2026-02-04T18:52:42Z,2026-02-04T23:30:00Z,18,18,Determined upon crew arrival,In Progres,OUTAGE,Service Transformer,CAN,NORMAL,42.44399,-83.09774
SE26020400606,2026-02-04T19:51:28Z,2026-02-04T19:51:28Z,1,2026-02-04T19:10:38Z,2026-02-04T23:50:00Z,1,1,Determined upon crew arrival,In Progres,OUTAGE,Single Customer,CAN,NORMAL,42.44243,-83.09667
SE26020400612,2026-02-04T19:51:28Z,2026-02-04T23:29:15Z,7,2026-02-04T16:44:01Z,2026-02-04T23:50:00Z,1,1,Determined upon crew arrival,In Progres,OUTAGE,Single Customer,RFD,NORMAL,42.43865,-83.22163
SE26020400619,2026-02-04T19:51:28Z,2026-02-04T19:51:28Z,1,2026-02-04T19:21:54Z,2026-02-04T23:55:00Z,1,1,Determined upon crew arrival,In Progres,OUTAGE,Single Customer,CAN,NORMAL,42.44194,-83.09766
SE26020400621,2026-02-04T19:51:28Z,2026-02-04T22:29:45Z,5,2026-02-04T19:16:32Z,2026-02-04T23:55:00Z,16,16,Equipment problem,In Progres,OUTAGE,Service Transformer,CAN,NORMAL,42.4236,-82.96589
SE26020400630,2026-02-04T19:51:28Z,2026-02-04T22:29:45Z,5,2026-02-04T19:41:58Z,2026-02-05T00:10:00Z,1,1,Determined upon crew arrival,In Progres,OUTAGE,Single Customer,CAN,NORMAL,42.42282,-82.96587
SW26020400635,2026-02-04T19:51:28Z,2026-02-04T19:51:28Z,1,2026-02-04T19:42:23Z,,1,1,Determined upon crew arrival,New,OUTAGE,Single Customer,ANN,NORMAL,42.25617,-83.72771
SW26020400636,2026-02-04T19:51:28Z,2026-02-04T19:51:28Z,1,2026-02-04T19:43:50Z,,1,1,Determined upon crew arrival,New,OUTAGE,Single Customer,WWS,NORMAL,42.2525,-83.33503
NA26020400685,2026-02-04T20:36:11Z,2026-02-04T20:36:11Z,1,2026-02-04T20:30:05Z,,1,1,Determined upon crew arrival,New,OUTAGE,Single Customer,HWL,NORMAL,42.4328,-83.99052
NE26020400644,2026-02-04T20:36:11Z,2026-02-04T20:36:11Z,1,2026-02-04T19:48:17Z,2026-02-05T00:20:00Z,1,1,Determined upon crew arrival,In Progres,OUTAGE,Single Customer,LAP,NORMAL,43.28046,-83.66942
NE26020400645,2026-02-04T20:36:11Z,2026-02-04T20:36:11Z,1,2026-02-04T19:48:41Z,2026-02-05T00:20:00Z,1,1,Determined upon crew arrival,In Progres,OUTAGE,Single Customer,LAP,NORMAL,43.28114,-83.67723
NE26020400646,2026-02-04T20:36:11Z,2026-02-04T20:36:11Z,1,2026-02-04T19:40:45Z,2026-02-05T00:20:00Z,3,3,Determined upon crew arrival,In Progres,OUTAGE,Service Transformer,LAP,NORMAL,43.28141,-83.66884
NE26020400654,2026-02-04T20:36:11Z,2026-02-04T23:29:15Z,6,2026-02-04T19:40:45Z,2026-02-05T00:25:00Z,37,9,Equipment problem,In Progres,OUTAGE,Device (II),LAP,NORMAL,43.2848,-83.68682
NE26020400680,2026-02-04T20:36:11Z,2026-02-04T23:53:53Z,7,2026-02-04T20:12:11Z,2026-02-05T00:50:00Z,1,1,Equipment problem,In Progres,OUTAGE,Single Customer,MTC,NORMAL,42.45279,-82.99631
NE26020400682,2026-02-04T20:36:11Z,2026-02-04T20:36:11Z,1,2026-02-04T20:09:45Z,2026-02-05T00:55:00Z,2,2,Determined upon crew arrival,Pending,OUTAGE,Service Transformer,NAE,NORMAL,43.53876,-83.48514
NE26020400684,2026-02-04T20:36:11Z,2026-02-04T20:36:11Z,1,2026-02-04T20:29:31Z,,1,1,Determined upon crew arrival,New,OUTAGE,Single Customer,MAR,NORMAL,42.94822,-82.4883
NW26020400642,2026-02-04T20:36:11Z,2026-02-04T21:16:06Z,2,2026-02-04T19:04:50Z,2026-02-04T23:50:00Z,7,7,Determined upon crew arrival,In Progres,OUTAGE,Device (II),HWL,NORMAL,42.61977,-83.77142
NW26020400666,2026-02-04T20:36:11Z,2026-02-04T23:53:53Z,7,2026-02-04T19:59:21Z,2026-02-05T00:35:00Z,1,1,Determined upon crew arrival,In Progres,OUTAGE,Single Customer,SBY,NORMAL,42.57872,-83.00866
NW26020400681,2026-02-04T20:36:11Z,2026-02-05T21:59:40Z,29,2026-02-04T20:22:21Z,2026-02-06T00:50:00Z,1,1,Equipment problem,In Progres,OUTAGE,Single Customer,PON,NORMAL,42.5664,-83.40465
SE26020400640,2026-02-04T20:36:11Z,2026-02-04T23:53:53Z,7,2026-02-04T18:51:49Z,2026-02-05T00:15:00Z,1,1,Determined upon crew arrival,In Progres,OUTAGE,Single Customer,CAN,NORMAL,42.35081,-83.00752
SE26020400643,2026-02-04T20:36:11Z,2026-02-04T20:36:11Z,1,2026-02-04T19:15:35Z,2026-02-05T00:15:00Z,2,2,Determined upon crew arrival,In Progres,OUTAGE,Service Secondary,RFD,NORMAL,42.45842,-83.20856
SE26020400655,2026-02-04T20:36:11Z,2026-02-04T23:53:53Z,7,2026-02-04T19:53:13Z,2026-02-05T00:25:00Z,1,1,Equipment problem,In Progres,OUTAGE,Single Customer,RFD,NORMAL,42.42913,-83.23256
SE26020400661,2026-02-04T20:36:11Z,2026-02-05T04:23:14Z,9,2026-02-04T19:55:39Z,2026-02-05T12:30:00Z,1,1,Equipment problem,In Progres,OUTAGE,Single Customer,CAN,NORMAL,42.41208,-83.00535
SE26020400664,2026-02-04T20:36:11Z,2026-02-04T22:29:45Z,4,2026-02-04T20:01:32Z,2026-02-05T00:30:00Z,1,1,Determined upon crew arrival,Pending,OUTAGE,Single Customer,RFD,NORMAL,42.47683,-83.21299
SE26020400669,2026-02-04T20:36:11Z,2026-02-04T23:53:53Z,7,2026-02-04T20:06:29Z,2026-02-05T00:35:00Z,1,1,Determined upon crew arrival,In Progres,OUTAGE,Single Customer,RFD,NORMAL,42.41259,-83.27624
SE26020400676,2026-02-04T20:36:11Z,2026-02-04T23:53:53Z,7,2026-02-04T20:13:51Z,2026-02-05T00:45:00Z,1,1,Equipment problem,In Progres,OUTAGE,Single Customer,RFD,NORMAL,42.46173,-83.11939
SW26020400668,2026-02-04T20:36:11Z,2026-02-04T22:29:45Z,4,2026-02-04T20:05:53Z,2026-02-05T00:35:00Z,1,1,Determined upon crew arrival,In Progres,OUTAGE,Single Customer,ANN,NORMAL,42.40684,-83.55413
SW26020400670,2026-02-04T20:36:11Z,2026-02-04T20:36:11Z,1,2026-02-04T20:00:50Z,2026-02-05T00:40:00Z,5,5,Determined upon crew arrival,In Progres,OUTAGE,Service Transformer,ANN,NORMAL,42.22109,-83.62348
SW26020400677,2026-02-04T20:36:11Z,2026-02-04T21:16:06Z,2,2026-02-04T20:00:51Z,2026-02-05T00:45:00Z,11,11,Equipment problem,In Progres,OUTAGE,Device (I),ANN,NORMAL,42.22346,-83.61891
SW26020400679,2026-02-04T20:36:11Z,2026-02-04T22:54:34Z,5,2026-02-04T20:18:02Z,2026-02-05T00:50:00Z,1,1,Equipment problem,In Progres,OUTAGE,Single Customer,WWS,NORMAL,42.28365,-83.39409
SE26020400688,2026-02-04T21:16:06Z,2026-02-04T22:29:45Z,3,2026-02-04T20:28:57Z,2026-02-05T01:05:00Z,7,7,Determined upon crew arrival,In Progres,OUTAGE,Service Transformer,RFD,NORMAL,42.26949,-83.30588
SE26020400691,2026-02-04T21:16:06Z,2026-02-05T02:10:06Z,7,2026-02-04T17:49:15Z,2026-02-05T13:10:00Z,1,1,Determined upon crew arrival,In Progres,OUTAGE,Single Customer,RFD,NORMAL,42.37322,-83.26386
SE26020400693,2026-02-04T21:16:06Z,2026-02-04T22:54:34Z,4,2026-02-04T20:41:58Z,2026-02-05T01:10:00Z,1,1,Determined upon crew arrival,In Progres,OUTAGE,Single Customer,RFD,NORMAL,42.32003,-83.17619
SE26020400696,2026-02-04T21:16:06Z,2026-02-05T02:10:06Z,7,2026-02-04T20:26:07Z,2026-02-05T13:15:00Z,1,1,Determined upon crew arrival,In Progres,OUTAGE,Single Customer,RFD,NORMAL,42.32868,-83.12938
SE26020400749,2026-02-04T21:16:06Z,2026-02-04T21:16:06Z,1,2026-02-04T20:57:49Z,,502,502,Determined upon crew arrival,New,OUTAGE,Substation,RFD,NORMAL,42.51951,-83.30318
SW26020400701,2026-02-04T21:16:06Z,2026-02-04T23:53:53Z,6,2026-02-04T20:48:39Z,2026-02-05T01:20:00Z,1,1,Determined upon crew arrival,In Progres,OUTAGE,Single Customer,NPT,NORMAL,42.00232,-83.30802
SW26020400702,2026-02-04T21:16:06Z,2026-02-04T22:54:34Z,4,2026-02-04T20:15:33Z,2026-02-05T01:20:00Z,1,1,Equipment problem,Pending,OUTAGE,Single Customer,ANN,NORMAL,42.29605,-83.73817
SW26020400750,2026-02-04T21:16:06Z,2026-02-04T21:16:06Z,1,2026-02-04T20:43:05Z,,2,2,Determined upon crew arrival,New,OUTAGE,Service Secondary,NPT,NORMAL,41.9604,-83.64967
SW26020400751,2026-02-04T21:16:06Z,2026-02-04T21:16:06Z,1,2026-02-04T20:43:13Z,,1,1,Determined upon crew arrival,New,OUTAGE,Single Customer,NPT,NORMAL,41.95915,-83.6499
SW26020400752,2026-02-04T21:16:06Z,2026-02-04T21:16:06Z,1,2026-02-04T20:43:16Z,,1,1,Determined upon crew arrival,New,OUTAGE,Single Customer,NPT,NORMAL,41.95023,-83.65242
SW26020400753,2026-02-04T21:16:06Z,2026-02-04T21:16:06Z,1,2026-02-04T20:43:17Z,,1,1,Determined upon crew arrival,New,OUTAGE,Single Customer,NPT,NORMAL,41.95806,-83.65118
NE26020400763,2026-02-04T21:53:01Z,2026-02-04T21:53:01Z,1,2026-02-04T21:24:01Z,2026-02-05T01:55:00Z,1,1,Determined upon crew arrival,New,OUTAGE,Single Customer,MTC,NORMAL,42.46701,-82.98056
NE26020400768,2026-02-04T21:53:01Z,2026-02-04T21:53:01Z,1,2026-02-04T21:36:11Z,2026-02-05T02:05:00Z,1,1,Determined upon crew arrival,New,OUTAGE,Single Customer,LAP,NORMAL,43.2805,-83.67699
NE26020400770,2026-02-04T21:53:01Z,2026-02-04T21:53:01Z,1,2026-02-04T21:43:02Z,,1,1,Determined upon crew arrival,New,OUTAGE,Service Transformer,LAP,NORMAL,43.28046,-83.66942
NE26020400772,2026-02-04T21:53:01Z,2026-02-04T22:54:34Z,3,2026-02-04T21:41:57Z,2026-02-05T02:15:00Z,2,2,Determined upon crew arrival,In Progres,OUTAGE,Service Secondary,LAP,NORMAL,43.22733,-83.19427
NW26020400764,2026-02-04T21:53:01Z,2026-02-04T22:54:34Z,3,2026-02-04T21:24:02Z,2026-02-05T01:55:00Z,1,1,Determined upon crew arrival,In Progres,OUTAGE,Single Customer,HWL,NORMAL,42.42899,-83.98773
NW26020400769,2026-02-04T21:53:01Z,2026-02-04T23:53:53Z,5,2026-02-04T21:36:29Z,2026-02-05T02:05:00Z,1,1,Determined upon crew arrival,In Progres,OUTAGE,Single Customer,HWL,NORMAL,42.62067,-83.76949
SE26020400767,2026-02-04T21:53:01Z,2026-02-04T23:53:53Z,5,2026-02-04T21:27:59Z,2026-02-05T02:05:00Z,1,1,Determined upon crew arrival,In Progres,OUTAGE,Single Customer,RFD,NORMAL,42.4351,-83.22245
NE26020400782,2026-02-04T22:54:34Z,2026-02-05T15:04:17Z,16,2026-02-04T22:19:31Z,2026-02-05T14:50:00Z,1,1,Equipment problem,In Progres,OUTAGE,Single Customer,NAE,NORMAL,43.41359,-82.86869
NW26020400788,2026-02-04T22:54:34Z,2026-02-04T23:53:53Z,3,2026-02-04T22:20:48Z,2026-02-05T03:00:00Z,1,1,Determined upon crew arrival,In Progres,OUTAGE,Single Customer,PON,NORMAL,42.54514,-83.29825
SE26020400790,2026-02-04T22:54:34Z,2026-02-04T23:53:53Z,3,2026-02-04T22:28:43Z,2026-02-05T03:05:00Z,1,1,Determined upon crew arrival,In Progres,OUTAGE,Single Customer,RFD,NORMAL,42.27812,-83.22707
SW26020400779,2026-02-04T22:54:34Z,2026-02-04T23:53:53Z,3,2026-02-04T22:12:00Z,2026-02-05T02:40:00Z,1,1,Determined upon crew arrival,In Progres,OUTAGE,Single Customer,WWS,NORMAL,42.24752,-83.25541
SW26020400793,2026-02-04T22:54:34Z,2026-02-04T23:53:53Z,3,2026-02-04T21:05:35Z,2026-02-05T03:10:00Z,1,1,Determined upon crew arrival,In Progres,OUTAGE,Single Customer,WWS,NORMAL,42.24108,-83.2818
NW26020400806,2026-02-04T23:53:53Z,2026-02-04T23:53:53Z,1,2026-02-04T23:20:11Z,2026-02-05T03:55:00Z,1,1,Determined upon crew arrival,In Progres,OUTAGE,Single Customer,HWL,NORMAL,42.62159,-83.77056
NW26020400807,2026-02-04T23:53:53Z,2026-02-04T23:53:53Z,1,2026-02-04T23:10:42Z,2026-02-05T03:55:00Z,1,1,Determined upon crew arrival,New,OUTAGE,Single Customer,PON,NORMAL,42.6486,-83.52136
NE26020400813,2026-02-05T02:10:06Z,2026-02-05T02:10:06Z,1,2026-02-04T23:54:40Z,2026-02-05T04:25:00Z,49,49,Wind damage,In Progres,OUTAGE,Device (II),MAR,NORMAL,42.88027,-82.65539
NE26020400833,2026-02-05T02:10:06Z,2026-02-05T02:10:06Z,1,2026-02-05T00:20:08Z,2026-02-05T04:50:00Z,1,1,Determined upon crew arrival,In Progres,OUTAGE,Single Customer,MAR,NORMAL,42.87987,-82.63603
NE26020400845,2026-02-05T02:10:06Z,2026-02-05T02:10:06Z,1,2026-02-05T01:07:31Z,2026-02-05T05:40:00Z,2,2,Determined upon crew arrival,In Progres,OUTAGE,Service Transformer,MAR,NORMAL,42.87519,-82.63009
SE26020400834,2026-02-05T02:10:06Z,2026-02-05T02:10:06Z,1,2026-02-04T23:57:14Z,2026-02-05T04:50:00Z,1,1,Determined upon crew arrival,In Progres,OUTAGE,Single Customer,CAN,NORMAL,42.36201,-83.09042
SE26020400847,2026-02-05T02:10:06Z,2026-02-05T02:10:06Z,1,2026-02-05T01:08:17Z,2026-02-05T05:40:00Z,13,13,Determined upon crew arrival,In Progres,OUTAGE,Service Transformer,CAN,NORMAL,42.44649,-82.97938
SE26020400856,2026-02-05T02:10:06Z,2026-02-05T04:23:14Z,2,2026-02-05T01:08:17Z,2026-02-05T05:45:00Z,28,28,Equipment problem,In Progres,OUTAGE,Service Transformer,CAN,NORMAL,42.44647,-82.9803
SW26020400855,2026-02-05T02:10:06Z,2026-02-05T02:10:06Z,1,2026-02-05T01:15:39Z,2026-02-05T05:45:00Z,1,1,Determined upon crew arrival,Pending,OUTAGE,Single Customer,NPT,NORMAL,42.10026,-83.2322
SW26020400857,2026-02-05T02:10:06Z,2026-02-05T04:23:14Z,2,2026-02-04T19:43:50Z,2026-02-05T05:50:00Z,1,1,Equipment problem,Pending,OUTAGE,Single Customer,WWS,NORMAL,42.2525,-83.33503
NE26020400879,2026-02-05T04:23:14Z,2026-02-05T09:09:04Z,6,2026-02-05T02:43:05Z,2026-02-05T19:20:00Z,1,1,Equipment problem,In Progres,OUTAGE,Single Customer,MAR,NORMAL,42.92521,-82.64031
SE26020400864,2026-02-05T04:23:14Z,2026-02-05T04:23:14Z,1,2026-02-05T02:10:56Z,2026-02-05T06:40:00Z,1,1,Determined upon crew arrival,In Progres,OUTAGE,Single Customer,RFD,NORMAL,42.46508,-83.23642
SE26020400867,2026-02-05T04:23:14Z,2026-02-05T05:37:21Z,2,2026-02-04T23:58:05Z,2026-02-05T06:45:00Z,1,1,Determined upon crew arrival,In Progres,OUTAGE,Single Customer,RFD,NORMAL,42.52883,-83.16589
SE26020400883,2026-02-05T04:23:14Z,2026-02-05T09:09:04Z,6,2026-02-05T02:54:52Z,2026-02-05T19:25:00Z,1,1,Equipment problem,In Progres,OUTAGE,Single Customer,RFD,NORMAL,42.2827,-83.23459
SW26020400871,2026-02-05T04:23:14Z,2026-02-05T11:02:43Z,8,2026-02-05T02:27:17Z,2026-02-05T18:55:00Z,1,1,Equipment problem,In Progres,OUTAGE,Single Customer,NPT,NORMAL,41.99309,-83.36228
SW26020400896,2026-02-05T05:37:21Z,2026-02-05T11:50:43Z,8,2026-02-05T04:34:54Z,2026-02-05T13:05:00Z,2,2,Equipment problem,In Progres,OUTAGE,Service Secondary,NPT,NORMAL,42.16986,-83.26123
NW26020500012,2026-02-05T10:01:58Z,2026-02-05T11:02:43Z,2,2026-02-05T09:08:19Z,2026-02-05T13:40:00Z,1,1,Equipment problem,In Progres,OUTAGE,Single Customer,SBY,NORMAL,42.61428,-83.08161
SE26020500018,2026-02-05T11:50:43Z,2026-02-05T11:50:43Z,1,2026-02-05T11:11:43Z,2026-02-05T15:40:00Z,1,1,Determined upon crew arrival,In Progres,OUTAGE,Single Customer,RFD,NORMAL,42.45879,-83.30322
SW26020500017,2026-02-05T11:50:43Z,2026-02-05T16:59:19Z,6,2026-02-05T09:47:59Z,2026-02-06T03:30:00Z,1,1,Equipment problem,In Progres,OUTAGE,Single Customer,WWS,NORMAL,42.37398,-83.49986
NW26020500023,2026-02-05T13:05:29Z,2026-02-05T13:05:29Z,1,2026-02-05T12:25:28Z,2026-02-05T16:55:00Z,2,2,Determined upon crew arrival,In Progres,OUTAGE,Service Transformer,PON,NORMAL,42.54202,-83.36173
NW26020500028,2026-02-05T13:05:29Z,2026-02-05T13:05:29Z,1,2026-02-05T13:00:03Z,,1,1,Determined upon crew arrival,New,OUTAGE,Single Customer,SBY,NORMAL,42.66911,-83.07035
NE26020500040,2026-02-05T14:10:39Z,2026-02-05T15:57:28Z,3,2026-02-05T13:34:15Z,2026-02-05T18:05:00Z,21,21,Equipment problem,In Progres,OUTAGE,Device (I),MTC,NORMAL,42.67647,-82.7732
NE26020500052,2026-02-05T14:10:39Z,2026-02-05T14:10:39Z,1,2026-02-05T13:52:20Z,2026-02-05T18:20:00Z,3,3,Determined upon crew arrival,In Progres,OUTAGE,Service Transformer,MAR,NORMAL,43.19802,-82.98521
NE26020500054,2026-02-05T14:10:39Z,2026-02-05T17:54:57Z,5,2026-02-05T13:55:42Z,2026-02-05T18:25:00Z,1,1,Determined upon crew arrival,In Progres,OUTAGE,Single Customer,MTC,NORMAL,42.48609,-82.96162
NE26020500055,2026-02-05T14:10:39Z,2026-02-05T15:04:17Z,2,2026-02-05T13:56:35Z,2026-02-05T18:25:00Z,23,23,Determined upon crew arrival,In Progres,OUTAGE,Service Transformer,MAR,NORMAL,42.96665,-82.44348
SE26020500032,2026-02-05T14:10:39Z,2026-02-05T15:04:17Z,2,2026-02-05T09:13:40Z,2026-02-05T17:40:00Z,1,1,Equipment problem,In Progres,OUTAGE,Single Customer,RFD,NORMAL,42.34756,-83.25964
SE26020500050,2026-02-05T14:10:39Z,2026-02-05T17:54:57Z,5,2026-02-05T13:50:10Z,2026-02-05T18:20:00Z,1,1,Determined upon crew arrival,In Progres,SERVICE DOWN NO,,RFD,NORMAL,42.31938,-83.2711
SE26020500056,2026-02-05T14:10:39Z,2026-02-05T15:04:17Z,2,2026-02-04T23:58:05Z,2026-02-05T18:25:00Z,1,1,Determined upon crew arrival,In Progres,OUTAGE,Single Customer,RFD,NORMAL,42.52883,-83.16589
SW26020500033,2026-02-05T14:10:39Z,2026-02-05T23:01:45Z,13,2026-02-05T13:09:28Z,2026-02-06T01:40:00Z,2,2,Equipment problem,In Progres,OUTAGE,Service Secondary,NPT,NORMAL,42.16986,-83.26123
NE26020500061,2026-02-05T15:04:17Z,2026-02-05T15:04:17Z,1,2026-02-05T14:02:57Z,2026-02-05T18:35:00Z,1,1,Determined upon crew arrival,In Progres,OUTAGE,Service Secondary,MTC,NORMAL,42.53576,-82.97004
NE26020500070,2026-02-05T15:04:17Z,2026-02-05T15:04:17Z,1,2026-02-05T14:15:14Z,2026-02-05T18:45:00Z,1,1,Determined upon crew arrival,In Progres,OUTAGE,Single Customer,NAE,NORMAL,43.53222,-83.05375
NE26020500096,2026-02-05T15:04:17Z,2026-02-05T18:51:38Z,5,2026-02-05T14:30:20Z,2026-02-05T19:15:00Z,1,1,Wind damage,In Progres,PRIORITY,,MTC,NORMAL,42.47211,-82.89501
NW26020500068,2026-02-05T15:04:17Z,2026-02-05T15:04:17Z,1,2026-02-05T14:06:46Z,2026-02-05T18:40:00Z,6,6,Determined upon crew arrival,In Progres,OUTAGE,Device (I),SBY,NORMAL,42.80024,-83.07855
SE26020500063,2026-02-05T15:04:17Z,2026-02-05T15:57:28Z,2,2026-02-05T14:07:19Z,2026-02-05T18:35:00Z,1,1,Determined upon crew arrival,In Progres,OUTAGE,Single Customer,RFD,NORMAL,42.26237,-83.20416
SE26020500075,2026-02-05T15:04:17Z,2026-02-05T15:57:28Z,2,2026-02-05T14:21:24Z,2026-02-05T18:50:00Z,21,21,Determined upon crew arrival,In Progres,OUTAGE,Service Transformer,CAN,NORMAL,42.44466,-83.08498
SE26020500080,2026-02-05T15:04:17Z,2026-02-05T15:04:17Z,1,2026-02-05T14:27:52Z,2026-02-05T19:00:00Z,1,1,Determined upon crew arrival,In Progres,OUTAGE,Single Customer,CAN,NORMAL,42.42253,-82.92065
SE26020500081,2026-02-05T15:04:17Z,2026-02-05T15:04:17Z,1,2026-02-05T14:23:15Z,2026-02-05T19:00:00Z,2,2,Determined upon crew arrival,In Progres,OUTAGE,Service Secondary,RFD,NORMAL,42.38805,-83.1917
SE26020500089,2026-02-05T15:04:17Z,2026-02-05T17:54:57Z,4,2026-02-05T14:34:01Z,2026-02-05T19:05:00Z,1,1,Determined upon crew arrival,In Progres,OUTAGE,Single Customer,RFD,NORMAL,42.43835,-83.21868
SE26020500092,2026-02-05T15:04:17Z,2026-02-05T15:57:28Z,2,2026-02-05T14:26:53Z,2026-02-05T19:10:00Z,13,13,Determined upon crew arrival,In Progres,OUTAGE,Service Transformer,CAN,NORMAL,42.44367,-83.08496
SW26020500071,2026-02-05T15:04:17Z,2026-02-05T15:04:17Z,1,2026-02-05T14:17:06Z,2026-02-05T18:45:00Z,1,1,Determined upon crew arrival,In Progres,OUTAGE,Single Customer,WWS,NORMAL,42.28865,-83.40223
SW26020500072,2026-02-05T15:04:17Z,2026-02-05T15:04:17Z,1,2026-02-05T14:19:06Z,2026-02-05T18:50:00Z,1,1,Determined upon crew arrival,In Progres,OUTAGE,Service Secondary,WWS,NORMAL,42.40116,-83.40418
SW26020500078,2026-02-05T15:04:17Z,2026-02-05T15:57:28Z,2,2026-02-05T14:25:44Z,2026-02-05T18:55:00Z,15,15,Determined upon crew arrival,In Progres,OUTAGE,Service Transformer,ANN,NORMAL,42.2517,-83.63306
SW26020500084,2026-02-05T15:04:17Z,2026-02-05T15:57:28Z,2,2026-02-04T22:51:26Z,2026-02-05T19:05:00Z,1,1,Determined upon crew arrival,In Progres,OUTAGE,Single Customer,WWS,NORMAL,42.26057,-83.2355
SW26020500095,2026-02-05T15:04:17Z,2026-02-05T15:04:17Z,1,2026-02-05T14:40:41Z,2026-02-05T19:10:00Z,1,1,Determined upon crew arrival,New,OUTAGE,Single Customer,ANN,NORMAL,42.37471,-83.86963
NE26020500105,2026-02-05T15:57:28Z,2026-02-05T18:51:38Z,4,2026-02-05T14:48:52Z,2026-02-05T19:25:00Z,1,1,Determined upon crew arrival,In Progres,OUTAGE,Single Customer,MTC,NORMAL,42.67244,-82.86455
NE26020500116,2026-02-05T15:57:28Z,2026-02-05T15:57:28Z,1,2026-02-05T15:03:30Z,2026-02-05T19:35:00Z,16,16,Determined upon crew arrival,In Progres,OUTAGE,Device (I),MTC,NORMAL,42.53003,-83.07637
NE26020500121,2026-02-05T15:57:28Z,2026-02-05T15:57:28Z,1,2026-02-05T14:55:14Z,2026-02-05T19:40:00Z,3,3,Determined upon crew arrival,In Progres,OUTAGE,Service Transformer,MTC,NORMAL,42.74637,-82.83261
NE26020500151,2026-02-05T15:57:28Z,2026-02-05T17:54:57Z,3,2026-02-05T15:26:36Z,2026-02-05T19:55:00Z,1,1,Problem with the customer equip,In Progres,OUTAGE,Single Customer,MTC,NORMAL,42.49997,-82.88623
NE26020500173,2026-02-05T15:57:28Z,2026-02-05T15:57:28Z,1,2026-02-05T15:40:16Z,2026-02-05T20:10:00Z,1,1,Determined upon crew arrival,In Progres,OUTAGE,Single Customer,LAP,NORMAL,43.25225,-83.53213
NW26020500109,2026-02-05T15:57:28Z,2026-02-05T16:59:19Z,2,2026-02-05T14:56:07Z,2026-02-05T19:25:00Z,1,1,Determined upon crew arrival,In Progres,OUTAGE,Single Customer,PON,NORMAL,42.68146,-83.31152
NW26020500113,2026-02-05T15:57:28Z,2026-02-05T15:57:28Z,1,2026-02-05T15:02:17Z,2026-02-05T19:30:00Z,1,1,Determined upon crew arrival,In Progres,OUTAGE,Single Customer,HWL,NORMAL,42.56559,-83.78735
NW26020500142,2026-02-05T15:57:28Z,2026-02-05T18:51:38Z,4,2026-02-05T15:08:09Z,2026-02-05T19:55:00Z,2,2,Equipment problem,In Progres,OUTAGE,Service Secondary,PON,NORMAL,42.59103,-83.18205
NW26020500145,2026-02-05T15:57:28Z,2026-02-05T15:57:28Z,1,2026-02-05T15:24:20Z,2026-02-05T19:55:00Z,1,1,Determined upon crew arrival,In Progres,OUTAGE,Single Customer,PON,NORMAL,42.64356,-83.49277
NW26020500146,2026-02-05T15:57:28Z,2026-02-05T16:59:19Z,2,2026-02-05T15:20:18Z,2026-02-05T19:55:00Z,19,19,Determined upon crew arrival,In Progres,OUTAGE,Device (I),SBY,NORMAL,42.71304,-83.13141
NW26020500164,2026-02-05T15:57:28Z,2026-02-05T16:59:19Z,2,2026-02-05T15:22:58Z,2026-02-05T20:05:00Z,1,1,Determined upon crew arrival,In Progres,OUTAGE,Single Customer,HWL,NORMAL,42.69264,-84.32358
SE26020500101,2026-02-05T15:57:28Z,2026-02-05T18:51:38Z,4,2026-02-05T14:45:33Z,2026-02-05T19:20:00Z,1,1,Public Interference w/DTE equip,In Progres,PRIORITY,,RFD,NORMAL,42.40017,-83.27879
SE26020500103,2026-02-05T15:57:28Z,2026-02-05T15:57:28Z,1,2026-02-05T14:50:37Z,2026-02-05T19:20:00Z,1,1,Determined upon crew arrival,In Progres,OUTAGE,Single Customer,CAN,NORMAL,42.40206,-83.01868
SE26020500104,2026-02-05T15:57:28Z,2026-02-05T16:59:19Z,2,2026-02-05T14:52:26Z,2026-02-05T19:25:00Z,1,1,Determined upon crew arrival,In Progres,OUTAGE,Single Customer,RFD,NORMAL,42.32868,-83.12938
SE26020500129,2026-02-05T15:57:28Z,2026-02-05T16:59:19Z,2,2026-02-05T15:15:17Z,2026-02-05T19:45:00Z,17,17,Determined upon crew arrival,In Progres,OUTAGE,Service Transformer,RFD,NORMAL,42.38301,-83.2069
SE26020500133,2026-02-05T15:57:28Z,2026-02-05T21:30:51Z,8,2026-02-05T15:16:55Z,2026-02-06T07:45:00Z,1,1,Determined upon crew arrival,In Progres,OUTAGE,Single Customer,RFD,NORMAL,42.48591,-83.27169
SE26020500138,2026-02-05T15:57:28Z,2026-02-05T15:57:28Z,1,2026-02-05T15:21:27Z,2026-02-05T19:50:00Z,1,1,Determined upon crew arrival,In Progres,OUTAGE,Single Customer,RFD,NORMAL,42.43308,-83.30623
SE26020500149,2026-02-05T15:57:28Z,2026-02-05T16:59:19Z,2,2026-02-05T15:17:46Z,2026-02-05T19:45:00Z,12,12,Determined upon crew arrival,In Progres,OUTAGE,Service Transformer,RFD,NORMAL,42.38655,-83.20428
SE26020500167,2026-02-05T15:57:28Z,2026-02-05T15:57:28Z,1,2026-02-05T15:26:59Z,2026-02-05T20:05:00Z,1,1,Determined upon crew arrival,In Progres,OUTAGE,Single Customer,RFD,NORMAL,42.38846,-83.1894
SE26020500175,2026-02-05T15:57:28Z,2026-02-05T15:57:28Z,1,2026-02-05T15:43:57Z,,1,1,Determined upon crew arrival,New,OUTAGE,Single Customer,RFD,NORMAL,42.43199,-83.30619
SE26020500177,2026-02-05T15:57:28Z,2026-02-05T15:57:28Z,1,2026-02-05T15:29:58Z,,1,1,Determined upon crew arrival,New,OUTAGE,Single Customer,RFD,NORMAL,42.38883,-83.19055
SW26020500098,2026-02-05T15:57:28Z,2026-02-05T21:59:40Z,9,2026-02-05T14:45:47Z,2026-02-06T07:15:00Z,1,1,Equipment problem,In Progres,OUTAGE,Single Customer,WWS,NORMAL,42.33077,-83.31347
SW26020500099,2026-02-05T15:57:28Z,2026-02-05T15:57:28Z,1,2026-02-05T14:46:14Z,2026-02-05T19:15:00Z,1,1,Determined upon crew arrival,In Progres,OUTAGE,Single Customer,WWS,NORMAL,42.33673,-83.38744
SW26020500102,2026-02-05T15:57:28Z,2026-02-05T15:57:28Z,1,2026-02-05T14:50:26Z,2026-02-05T19:20:00Z,1,1,Determined upon crew arrival,In Progres,OUTAGE,Single Customer,ANN,NORMAL,42.25652,-83.72176
SW26020500111,2026-02-05T15:57:28Z,2026-02-05T15:57:28Z,1,2026-02-05T14:59:17Z,2026-02-05T19:30:00Z,1,1,Determined upon crew arrival,In Progres,OUTAGE,Single Customer,WWS,NORMAL,42.28611,-83.38602
SW26020500125,2026-02-05T15:57:28Z,2026-02-05T15:57:28Z,1,2026-02-05T15:12:48Z,2026-02-05T19:45:00Z,1,1,Determined upon crew arrival,In Progres,OUTAGE,Service Secondary,WWS,NORMAL,42.28865,-83.40223
SW26020500134,2026-02-05T15:57:28Z,2026-02-05T23:01:45Z,11,2026-02-05T15:17:13Z,2026-02-06T07:45:00Z,1,1,Equipment problem,In Progres,OUTAGE,Single Customer,WWS,NORMAL,42.3706,-83.38271
SW26020500160,2026-02-05T15:57:28Z,2026-02-05T16:59:19Z,2,2026-02-05T15:26:27Z,2026-02-05T20:00:00Z,27,27,Determined upon crew arrival,In Progres,OUTAGE,Service Transformer,ANN,NORMAL,42.2553,-83.72741
SW26020500165,2026-02-05T15:57:28Z,2026-02-05T18:51:38Z,4,2026-02-05T15:33:26Z,2026-02-05T20:05:00Z,1,1,Determined upon crew arrival,In Progres,OUTAGE,Service Secondary,WWS,NORMAL,42.23596,-83.26738
SW26020500174,2026-02-05T15:57:28Z,2026-02-05T15:57:28Z,1,2026-02-05T15:27:30Z,,1,1,Determined upon crew arrival,In Progres,OUTAGE,Single Customer,WWS,NORMAL,42.37521,-83.45858
SW26020500176,2026-02-05T15:57:28Z,2026-02-05T18:51:38Z,4,2026-02-05T15:44:56Z,2026-02-05T20:15:00Z,1,1,Determined upon crew arrival,In Progres,OUTAGE,Single Customer,WWS,NORMAL,42.44204,-83.32364
NE26020500186,2026-02-05T16:59:19Z,2026-02-05T17:54:57Z,2,2026-02-05T15:55:02Z,2026-02-05T20:25:00Z,16,16,Determined upon crew arrival,In Progres,OUTAGE,Service Transformer,MAR,NORMAL,42.96743,-82.44514
NE26020500221,2026-02-05T16:59:19Z,2026-02-05T18:51:38Z,3,2026-02-05T16:33:39Z,2026-02-05T21:05:00Z,1,1,Determined upon crew arrival,In Progres,OUTAGE,Single Customer,LAP,NORMAL,43.23001,-83.41955
NE26020500233,2026-02-05T16:59:19Z,2026-02-05T17:54:57Z,2,2026-02-05T16:42:55Z,2026-02-05T21:15:00Z,2,2,Determined upon crew arrival,In Progres,OUTAGE,Service Secondary,MTC,NORMAL,42.47625,-82.93992
NE26020500234,2026-02-05T16:59:19Z,2026-02-05T16:59:19Z,1,2026-02-05T16:45:02Z,,1,1,Determined upon crew arrival,New,OUTAGE,Single Customer,MTC,NORMAL,42.4747,-82.93985
NW26020500201,2026-02-05T16:59:19Z,2026-02-05T16:59:19Z,1,2026-02-05T16:09:52Z,2026-02-05T20:40:00Z,2,2,Determined upon crew arrival,In Progres,OUTAGE,Service Transformer,HWL,NORMAL,42.55004,-83.77081
NW26020500211,2026-02-05T16:59:19Z,2026-02-05T17:54:57Z,2,2026-02-05T16:21:45Z,2026-02-05T20:50:00Z,1,1,Determined upon crew arrival,In Progres,OUTAGE,Single Customer,SBY,NORMAL,42.54352,-82.98787
NW26020500223,2026-02-05T16:59:19Z,2026-02-05T17:54:57Z,2,2026-02-05T16:34:34Z,2026-02-05T21:05:00Z,2,2,Determined upon crew arrival,In Progres,OUTAGE,Service Secondary,HWL,NORMAL,42.56494,-83.78949
NW26020500232,2026-02-05T16:59:19Z,2026-02-05T16:59:19Z,1,2026-02-05T16:44:50Z,,1,1,Determined upon crew arrival,New,OUTAGE,Single Customer,SBY,NORMAL,42.55249,-83.06556
SE26020500179,2026-02-05T16:59:19Z,2026-02-05T16:59:19Z,1,2026-02-05T15:48:41Z,2026-02-05T20:20:00Z,1,1,Determined upon crew arrival,In Progres,OUTAGE,Single Customer,CAN,NORMAL,42.43556,-82.98904
SE26020500189,2026-02-05T16:59:19Z,2026-02-05T17:54:57Z,2,2026-02-05T15:58:28Z,2026-02-05T20:30:00Z,2,2,Determined upon crew arrival,In Progres,OUTAGE,Service Secondary,CAN,NORMAL,42.43585,-82.99168
SE26020500193,2026-02-05T16:59:19Z,2026-02-05T23:57:17Z,12,2026-02-05T14:40:06Z,2026-02-06T08:35:00Z,1,1,Determined upon crew arrival,In Progres,OUTAGE,Single Customer,RFD,NORMAL,42.41003,-83.17557
SE26020500224,2026-02-05T16:59:19Z,2026-02-05T16:59:19Z,1,2026-02-05T16:35:24Z,2026-02-05T21:05:00Z,1,1,Determined upon crew arrival,In Progres,OUTAGE,Single Customer,CAN,NORMAL,42.35937,-83.02179
SE26020500230,2026-02-05T16:59:19Z,2026-02-05T17:54:57Z,2,2026-02-05T16:43:20Z,2026-02-05T21:15:00Z,11,11,Determined upon crew arrival,In Progres,OUTAGE,Service Transformer,CAN,NORMAL,42.43505,-83.01157
SE26020500231,2026-02-05T16:59:19Z,2026-02-05T18:51:38Z,3,2026-02-05T16:41:04Z,2026-02-05T21:15:00Z,1,1,Determined upon crew arrival,In Progres,OUTAGE,Single Customer,RFD,NORMAL,42.38473,-83.1908
SW26020500178,2026-02-05T16:59:19Z,2026-02-05T17:54:57Z,2,2026-02-05T15:45:08Z,2026-02-05T20:15:00Z,9,9,Determined upon crew arrival,In Progres,OUTAGE,Device (I),WWS,NORMAL,42.17462,-83.44085
SW26020500183,2026-02-05T16:59:19Z,2026-02-05T17:54:57Z,2,2026-02-05T15:46:17Z,2026-02-05T20:25:00Z,25,25,Determined upon crew arrival,In Progres,OUTAGE,Service Transformer,WWS,NORMAL,42.23596,-83.26738
SW26020500187,2026-02-05T16:59:19Z,2026-02-05T16:59:19Z,1,2026-02-05T15:55:02Z,2026-02-05T20:25:00Z,1,1,Determined upon crew arrival,In Progres,OUTAGE,Single Customer,WWS,NORMAL,42.44275,-83.31821
SW26020500200,2026-02-05T16:59:19Z,2026-02-05T16:59:19Z,1,2026-02-05T16:08:29Z,2026-02-05T20:40:00Z,1,1,Determined upon crew arrival,In Progres,OUTAGE,Service Secondary,WWS,NORMAL,42.18115,-83.32024
SW26020500205,2026-02-05T16:59:19Z,2026-02-05T16:59:19Z,1,2026-02-05T16:15:30Z,2026-02-05T20:45:00Z,12,12,Determined upon crew arrival,In Progres,OUTAGE,Service Transformer,ANN,NORMAL,42.23909,-83.58461
SW26020500219,2026-02-05T16:59:19Z,2026-02-05T16:59:19Z,1,2026-02-05T16:33:03Z,2026-02-05T21:05:00Z,1,1,Determined upon crew arrival,In Progres,OUTAGE,Single Customer,ANN,NORMAL,42.25739,-83.72496
SW26020500228,2026-02-05T16:59:19Z,2026-02-05T18:51:38Z,3,2026-02-05T16:40:20Z,2026-02-05T21:10:00Z,1,1,Determined upon crew arrival,In Progres,OUTAGE,Single Customer,WWS,NORMAL,42.28623,-83.38054
SW26020500229,2026-02-05T16:59:19Z,2026-02-05T16:59:19Z,1,2026-02-05T16:26:23Z,2026-02-05T21:10:00Z,1,1,Determined upon crew arrival,New,OUTAGE,Single Customer,ANN,NORMAL,42.33216,-83.68159
NE26020500250,2026-02-05T17:54:57Z,2026-02-05T18:51:38Z,2,2026-02-05T16:56:40Z,2026-02-05T21:25:00Z,6,6,Determined upon crew arrival,In Progres,OUTAGE,Service Transformer,MAR,NORMAL,42.95888,-82.50286
NE26020500277,2026-02-05T17:54:57Z,2026-02-05T17:54:57Z,1,2026-02-05T17:19:16Z,2026-02-05T21:50:00Z,1,1,Determined upon crew arrival,In Progres,OUTAGE,Single Customer,NAE,NORMAL,43.32693,-83.11927
NW26020500238,2026-02-05T17:54:57Z,2026-02-05T17:54:57Z,1,2026-02-05T16:36:32Z,2026-02-05T21:20:00Z,1,1,Determined upon crew arrival,In Progres,OUTAGE,Single Customer,PON,NORMAL,42.66223,-83.62272
NW26020500254,2026-02-05T17:54:57Z,2026-02-05T18:51:38Z,2,2026-02-05T17:00:12Z,2026-02-05T21:30:00Z,1,1,Determined upon crew arrival,In Progres,OUTAGE,Single Customer,PON,NORMAL,42.55201,-83.23297
NW26020500290,2026-02-05T17:54:57Z,2026-02-05T17:54:57Z,1,2026-02-05T17:27:41Z,2026-02-05T22:00:00Z,2,2,Determined upon crew arrival,In Progres,OUTAGE,Service Secondary,SBY,NORMAL,42.58067,-83.07447
SE26020500247,2026-02-05T17:54:57Z,2026-02-05T18:51:38Z,2,2026-02-05T15:39:36Z,2026-02-05T21:25:00Z,1,1,Equipment problem,In Progres,OUTAGE,Single Customer,CAN,NORMAL,42.32199,-83.10283
SE26020500256,2026-02-05T17:54:57Z,2026-02-05T17:54:57Z,1,2026-02-05T17:00:32Z,2026-02-05T21:30:00Z,1,1,Determined upon crew arrival,In Progres,OUTAGE,Single Customer,RFD,NORMAL,42.44163,-83.29919
SE26020500262,2026-02-05T17:54:57Z,2026-02-05T17:54:57Z,1,2026-02-05T17:05:46Z,2026-02-05T21:35:00Z,18,18,Determined upon crew arrival,In Progres,OUTAGE,Service Transformer,CAN,NORMAL,42.4426,-83.08493
SE26020500265,2026-02-05T17:54:57Z,2026-02-05T17:54:57Z,1,2026-02-05T17:05:58Z,2026-02-05T21:35:00Z,1,1,Determined upon crew arrival,In Progres,OUTAGE,Single Customer,CAN,NORMAL,42.43477,-83.01176
SE26020500268,2026-02-05T17:54:57Z,2026-02-05T17:54:57Z,1,2026-02-05T17:09:07Z,2026-02-05T21:40:00Z,1,1,Determined upon crew arrival,In Progres,OUTAGE,Single Customer,CAN,NORMAL,42.44221,-82.96462
SE26020500269,2026-02-05T17:54:57Z,2026-02-05T17:54:57Z,1,2026-02-05T17:12:28Z,2026-02-05T21:45:00Z,1,1,Determined upon crew arrival,In Progres,OUTAGE,Single Customer,RFD,NORMAL,42.32814,-83.1239
SE26020500270,2026-02-05T17:54:57Z,2026-02-05T17:54:57Z,1,2026-02-05T17:13:38Z,2026-02-05T21:45:00Z,1,1,Determined upon crew arrival,In Progres,OUTAGE,Single Customer,RFD,NORMAL,42.38587,-83.18536
SE26020500272,2026-02-05T17:54:57Z,2026-02-05T17:54:57Z,1,2026-02-05T17:12:56Z,2026-02-05T21:45:00Z,2,2,Determined upon crew arrival,In Progres,OUTAGE,Service Secondary,RFD,NORMAL,42.25519,-83.20299
SE26020500273,2026-02-05T17:54:57Z,2026-02-05T23:57:17Z,11,2026-02-05T17:14:33Z,2026-02-06T09:45:00Z,1,1,Determined upon crew arrival,In Progres,OUTAGE,Single Customer,CAN,NORMAL,42.36573,-83.12379
SE26020500279,2026-02-05T17:54:57Z,2026-02-05T20:03:22Z,4,2026-02-05T17:20:30Z,2026-02-05T21:50:00Z,1,1,Equipment problem,In Progres,OUTAGE,Single Customer,CAN,NORMAL,42.34424,-83.03736
SE26020500287,2026-02-05T17:54:57Z,2026-02-05T18:51:38Z,2,2026-02-05T17:10:11Z,2026-02-05T21:55:00Z,1,1,Determined upon crew arrival,In Progres,OUTAGE,Single Customer,CAN,NORMAL,42.43947,-83.08603
SE26020500294,2026-02-05T17:54:57Z,2026-02-05T18:51:38Z,2,2026-02-05T17:31:41Z,2026-02-05T22:00:00Z,2,2,Equipment problem,In Progres,OUTAGE,Service Secondary,CAN,NORMAL,42.38028,-83.02121
SE26020500307,2026-02-05T17:54:57Z,2026-02-05T17:54:57Z,1,2026-02-05T17:41:06Z,2026-02-05T22:10:00Z,1,1,Determined upon crew arrival,In Progres,OUTAGE,Single Customer,RFD,NORMAL,42.37577,-83.17371
SW26020500236,2026-02-05T17:54:57Z,2026-02-05T17:54:57Z,1,2026-02-05T16:31:50Z,2026-02-05T21:15:00Z,2,2,Determined upon crew arrival,In Progres,OUTAGE,Service Transformer,ANN,NORMAL,42.13318,-83.56108
SW26020500246,2026-02-05T17:54:57Z,2026-02-05T21:30:51Z,6,2026-02-05T16:53:49Z,2026-02-05T21:25:00Z,1,1,Equipment problem,In Progres,OUTAGE,Single Customer,ANN,NORMAL,42.23393,-83.86792
SW26020500252,2026-02-05T17:54:57Z,2026-02-05T17:54:57Z,1,2026-02-05T16:59:32Z,2026-02-05T21:30:00Z,1,1,Determined upon crew arrival,In Progres,OUTAGE,Service Secondary,WWS,NORMAL,42.39732,-83.40775
SW26020500259,2026-02-05T17:54:57Z,2026-02-05T20:03:22Z,4,2026-02-05T16:45:36Z,2026-02-05T21:30:00Z,1,1,Determined upon crew arrival,In Progres,OUTAGE,Single Customer,WWS,NORMAL,42.27612,-83.37216
SW26020500261,2026-02-05T17:54:57Z,2026-02-05T17:54:57Z,1,2026-02-05T17:05:33Z,2026-02-05T21:35:00Z,35,35,Determined upon crew arrival,In Progres,OUTAGE,Service Transformer,ANN,NORMAL,42.25224,-83.72504
SW26020500280,2026-02-05T17:54:57Z,2026-02-05T18:51:38Z,2,2026-02-05T17:21:35Z,2026-02-05T21:50:00Z,87,87,Equipment problem,In Progres,OUTAGE,Device (I),WWS,NORMAL,42.37874,-83.52406
SW26020500284,2026-02-05T17:54:57Z,2026-02-05T17:54:57Z,1,2026-02-05T17:20:05Z,2026-02-05T21:55:00Z,4,4,Determined upon crew arrival,In Progres,OUTAGE,Service Transformer,ANN,NORMAL,42.24568,-83.63496
SW26020500308,2026-02-05T17:54:57Z,2026-02-05T21:30:51Z,6,2026-02-05T16:19:33Z,2026-02-05T22:10:00Z,1,1,Determined upon crew arrival,In Progres,OUTAGE,Single Customer,WWS,NORMAL,42.35422,-83.44361
SW26020500309,2026-02-05T17:54:57Z,2026-02-05T17:54:57Z,1,2026-02-05T17:42:10Z,,1,1,Determined upon crew arrival,In Progres,OUTAGE,Single Customer,WWS,NORMAL,42.33588,-83.38655
NW26020500326,2026-02-05T18:51:38Z,2026-02-06T14:59:46Z,23,2026-02-05T18:16:41Z,2026-02-06T22:45:00Z,1,1,Equipment problem,In Progres,OUTAGE,Single Customer,SBY,NORMAL,42.71023,-83.15998
SE26020500311,2026-02-05T18:51:38Z,2026-02-05T20:03:22Z,3,2026-02-05T17:27:09Z,2026-02-05T22:15:00Z,1,1,Determined upon crew arrival,In Progres,OUTAGE,Single Customer,RFD,NORMAL,42.47247,-83.20438
SE26020500319,2026-02-05T18:51:38Z,2026-02-05T20:50:50Z,4,2026-02-05T17:57:43Z,2026-02-05T22:30:00Z,1,1,Equipment problem,In Progres,OUTAGE,Single Customer,CAN,NORMAL,42.37004,-83.12361
SE26020500331,2026-02-05T18:51:38Z,2026-02-05T20:03:22Z,3,2026-02-05T18:26:07Z,2026-02-05T22:55:00Z,1,1,Determined upon crew arrival,In Progres,OUTAGE,Single Customer,RFD,NORMAL,42.31267,-83.11904
SE26020500336,2026-02-05T18:51:38Z,2026-02-05T19:37:34Z,2,2026-02-05T18:36:40Z,2026-02-05T23:05:00Z,12,12,Determined upon crew arrival,In Progres,OUTAGE,Service Transformer,RFD,NORMAL,42.45816,-83.0977
SW26020500324,2026-02-05T18:51:38Z,2026-02-05T18:51:38Z,1,2026-02-05T18:07:23Z,2026-02-05T22:40:00Z,17,17,Determined upon crew arrival,In Progres,OUTAGE,Service Transformer,WWS,NORMAL,42.39949,-83.40519
SW26020500329,2026-02-05T18:51:38Z,2026-02-05T18:51:38Z,1,2026-02-05T18:21:21Z,2026-02-05T22:50:00Z,1,1,Determined upon crew arrival,In Progres,OUTAGE,Service Secondary,ANN,NORMAL,42.25513,-83.72281
SW26020500333,2026-02-05T18:51:38Z,2026-02-05T19:37:34Z,2,2026-02-05T18:23:12Z,2026-02-05T23:00:00Z,93,93,Equipment problem,In Progres,OUTAGE,Service Transformer,ANN,NORMAL,42.28508,-83.74242
NE26020500357,2026-02-05T20:03:22Z,2026-02-05T20:03:22Z,1,2026-02-05T19:44:22Z,,1,1,Determined upon crew arrival,New,OUTAGE,Single Customer,LAP,NORMAL,43.32549,-83.16422
SE26020500360,2026-02-05T20:50:50Z,2026-02-05T23:57:17Z,7,2026-02-05T17:41:04Z,2026-02-06T00:20:00Z,1,1,Equipment problem,In Progres,OUTAGE,Single Customer,RFD,NORMAL,42.42143,-83.25828
SE26020500370,2026-02-05T20:50:50Z,2026-02-05T23:57:17Z,7,2026-02-05T20:22:42Z,2026-02-06T00:55:00Z,1,1,Equipment problem,In Progres,OUTAGE,Single Customer,CAN,NORMAL,42.43585,-82.99168
SE26020500379,2026-02-05T20:50:50Z,2026-02-05T21:30:51Z,2,2026-02-05T20:37:06Z,2026-02-06T01:15:00Z,1,1,Determined upon crew arrival,New,OUTAGE,Single Customer,RFD,NORMAL,42.31353,-83.11891
SE26020500401,2026-02-05T21:59:40Z,2026-02-05T23:57:17Z,5,2026-02-05T21:30:24Z,2026-02-06T02:00:00Z,1,1,Equipment problem,In Progres,OUTAGE,Single Customer,RFD,NORMAL,42.40284,-83.17302
NE26020500418,2026-02-05T22:39:32Z,2026-02-05T23:57:17Z,4,2026-02-05T21:57:25Z,2026-02-06T02:30:00Z,1,1,Determined upon crew arrival,In Progres,OUTAGE,Single Customer,NAE,NORMAL,43.56424,-82.93622
SE26020500422,2026-02-05T22:39:32Z,2026-02-05T23:57:17Z,4,2026-02-05T21:56:27Z,2026-02-06T02:40:00Z,1,1,Determined upon crew arrival,In Progres,OUTAGE,Single Customer,RFD,NORMAL,42.40202,-83.2431
SE26020500436,2026-02-05T22:39:32Z,2026-02-06T02:41:21Z,5,2026-02-05T21:37:28Z,2026-02-06T03:00:00Z,1,1,Determined upon crew arrival,In Progres,OUTAGE,Single Customer,CAN,NORMAL,42.37323,-83.12904
NE26020500451,2026-02-05T23:40:26Z,2026-02-06T04:28:17Z,4,2026-02-05T23:05:41Z,2026-02-06T15:35:00Z,1,1,Public Interference w/DTE equip,In Progres,SERVICE DOWN NO,,MTC,NORMAL,42.88191,-82.94521
NE26020500456,2026-02-05T23:40:26Z,2026-02-05T23:57:17Z,2,2026-02-05T23:28:15Z,2026-02-06T04:00:00Z,1,1,Determined upon crew arrival,In Progres,OUTAGE,Single Customer,MTC,NORMAL,42.46401,-82.93433
NW26020500445,2026-02-05T23:40:26Z,2026-02-05T23:57:17Z,2,2026-02-05T22:20:55Z,2026-02-06T03:25:00Z,1,1,Determined upon crew arrival,In Progres,OUTAGE,Single Customer,PON,NORMAL,42.75269,-83.41327
SE26020500443,2026-02-05T23:40:26Z,2026-02-06T02:41:21Z,3,2026-02-05T16:04:15Z,2026-02-06T03:15:00Z,1,1,Equipment problem,In Progres,OUTAGE,Single Customer,RFD,NORMAL,42.345,-83.21888
NW26020500473,2026-02-06T02:41:21Z,2026-02-06T02:41:21Z,1,2026-02-06T00:47:49Z,2026-02-06T05:20:00Z,83,83,Equipment problem,In Progres,OUTAGE,Device (I),HWL,NORMAL,42.61761,-83.87007
SE26020500470,2026-02-06T02:41:21Z,2026-02-06T02:41:21Z,1,2026-02-06T00:31:27Z,2026-02-06T05:00:00Z,1,1,Determined upon crew arrival,In Progres,OUTAGE,Single Customer,RFD,NORMAL,42.3886,-83.274
SW26020500469,2026-02-06T02:41:21Z,2026-02-06T18:27:44Z,17,2026-02-06T00:25:33Z,2026-02-07T04:55:00Z,1,1,Equipment problem,In Progres,OUTAGE,Single Customer,NPT,NORMAL,42.0389,-83.59384
NW26020500509,2026-02-06T04:28:17Z,2026-02-06T04:28:17Z,1,2026-02-06T03:36:42Z,2026-02-06T08:10:00Z,344,344,Determined upon crew arrival,In Progres,OUTAGE,Device (II),PON,NORMAL,42.72756,-83.23065
NE26020600006,2026-02-06T07:35:33Z,2026-02-06T15:52:03Z,10,2026-02-06T03:37:52Z,2026-02-06T22:40:00Z,1,1,Determined upon crew arrival,In Progres,OUTAGE,Single Customer,MTC,NORMAL,42.47243,-83.01566
NW26020600009,2026-02-06T08:23:42Z,2026-02-06T08:23:42Z,1,2026-02-06T07:31:29Z,2026-02-06T12:05:00Z,1,1,Determined upon crew arrival,In Progres,OUTAGE,Single Customer,SBY,NORMAL,42.64827,-83.04764
NE26020600027,2026-02-06T13:02:33Z,2026-02-06T14:59:46Z,3,2026-02-06T12:25:15Z,2026-02-06T17:00:00Z,2,2,Equipment problem,In Progres,OUTAGE,Service Transformer,LAP,NORMAL,43.19771,-83.17439
NE26020600028,2026-02-06T13:02:33Z,2026-02-06T14:59:46Z,3,2026-02-06T12:25:16Z,2026-02-06T17:05:00Z,1,1,Equipment problem,In Progres,OUTAGE,Single Customer,LAP,NORMAL,43.198,-83.17765
SE26020600022,2026-02-06T13:02:33Z,2026-02-06T14:59:46Z,3,2026-02-06T11:48:27Z,2026-02-06T16:30:00Z,1,1,Equipment problem,In Progres,OUTAGE,Single Customer,CAN,NORMAL,42.40587,-82.94029
SW26020600023,2026-02-06T13:02:33Z,2026-02-08T11:45:34Z,61,2026-02-06T10:46:56Z,2026-02-08T12:35:00Z,1,1,Problem with the customer equip,In Progres,PRIORITY,,WWS,NORMAL,42.32653,-83.3803
SW26020600032,2026-02-06T13:02:33Z,2026-02-06T14:59:46Z,3,2026-02-06T12:36:05Z,2026-02-06T17:10:00Z,1,1,Determined upon crew arrival,In Progres,OUTAGE,Single Customer,WWS,NORMAL,42.29332,-83.37535
NW26020600044,2026-02-06T14:07:59Z,2026-02-06T18:27:44Z,6,2026-02-06T13:14:00Z,2026-02-07T05:50:00Z,1,1,Determined upon crew arrival,In Progres,OUTAGE,Single Customer,PON,NORMAL,42.60473,-83.53207
NW26020600065,2026-02-06T14:07:59Z,2026-02-06T14:59:46Z,2,2026-02-06T07:31:29Z,2026-02-06T18:15:00Z,1,1,Determined upon crew arrival,In Progres,OUTAGE,Single Customer,SBY,NORMAL,42.64827,-83.04764
SE26020600045,2026-02-06T14:07:59Z,2026-02-07T02:06:05Z,16,2026-02-06T11:53:40Z,2026-02-07T05:50:00Z,1,1,Equipment problem,In Progres,OUTAGE,Single Customer,RFD,NORMAL,42.51061,-83.11437
SE26020600063,2026-02-06T14:07:59Z,2026-02-06T22:51:02Z,13,2026-02-05T22:54:23Z,2026-02-07T06:10:00Z,1,1,Determined upon crew arrival,In Progres,OUTAGE,Single Customer,CAN,NORMAL,42.37262,-83.08165
SW26020600040,2026-02-06T14:07:59Z,2026-02-06T16:47:20Z,4,2026-02-06T13:08:13Z,2026-02-06T17:40:00Z,1,1,Equipment problem,In Progres,OUTAGE,Single Customer,WWS,NORMAL,42.24568,-83.28789
NW26020600102,2026-02-06T14:59:46Z,2026-02-06T14:59:46Z,1,2026-02-06T14:25:49Z,2026-02-06T19:10:00Z,1,1,Determined upon crew arrival,New,OUTAGE,Single Customer,PON,NORMAL,42.77701,-83.44963
SE26020600081,2026-02-06T14:59:46Z,2026-02-06T14:59:46Z,1,2026-02-06T13:50:11Z,2026-02-06T18:45:00Z,1,1,Determined upon crew arrival,In Progres,OUTAGE,Single Customer,CAN,NORMAL,42.41669,-83.12966
SE26020600083,2026-02-06T14:59:46Z,2026-02-06T14:59:46Z,1,2026-02-06T14:05:43Z,2026-02-06T18:50:00Z,87,87,Determined upon crew arrival,In Progres,OUTAGE,Device (I),RFD,NORMAL,42.5234,-83.11458
SE26020600084,2026-02-06T14:59:46Z,2026-02-06T19:55:53Z,7,2026-02-06T14:19:15Z,2026-02-07T06:50:00Z,1,1,Determined upon crew arrival,In Progres,OUTAGE,Single Customer,RFD,NORMAL,42.52766,-83.11481
SE26020600096,2026-02-06T14:59:46Z,2026-02-06T16:47:20Z,3,2026-02-05T23:23:33Z,2026-02-06T19:00:00Z,1,1,Public Interference w/DTE equip,In Progres,OUTAGE,Single Customer,CAN,NORMAL,42.38211,-83.13169
SE26020600107,2026-02-06T14:59:46Z,2026-02-06T14:59:46Z,1,2026-02-06T14:29:31Z,,1,1,Determined upon crew arrival,New,OUTAGE,Single Customer,CAN,NORMAL,42.34341,-83.11408
SW26020600086,2026-02-06T14:59:46Z,2026-02-06T14:59:46Z,1,2026-02-06T14:20:09Z,2026-02-06T18:50:00Z,1,1,Determined upon crew arrival,In Progres,PRIORITY,,WWS,NORMAL,42.35935,-83.46612
NE26020600144,2026-02-06T15:52:03Z,2026-02-06T15:52:03Z,1,2026-02-06T15:04:28Z,2026-02-06T19:50:00Z,5,5,Determined upon crew arrival,In Progres,OUTAGE,Service Transformer,MAR,NORMAL,43.21606,-82.98811
NE26020600166,2026-02-06T16:47:20Z,2026-02-06T16:47:20Z,1,2026-02-06T15:53:14Z,2026-02-06T20:25:00Z,8,8,Determined upon crew arrival,In Progres,OUTAGE,Service Transformer,MTC,NORMAL,42.47541,-82.9159
NW26020600192,2026-02-06T16:47:20Z,2026-02-06T17:41:42Z,2,2026-02-06T15:43:26Z,2026-02-06T20:55:00Z,1,1,Determined upon crew arrival,In Progres,OUTAGE,Single Customer,SBY,NORMAL,42.75485,-83.11669
SE26020600177,2026-02-06T16:47:20Z,2026-02-06T18:27:44Z,3,2026-02-06T16:14:28Z,2026-02-06T20:45:00Z,1,1,Determined upon crew arrival,In Progres,OUTAGE,Single Customer,CAN,NORMAL,42.41271,-82.95074
SE26020600181,2026-02-06T16:47:20Z,2026-02-06T18:27:44Z,3,2026-02-06T16:21:35Z,2026-02-06T20:50:00Z,1,1,Determined upon crew arrival,In Progres,OUTAGE,Single Customer,CAN,NORMAL,42.41649,-83.1223
SW26020600162,2026-02-06T16:47:20Z,2026-02-06T17:41:42Z,2,2026-02-06T04:21:29Z,2026-02-06T20:20:00Z,2,2,Determined upon crew arrival,Pending,OUTAGE,Service Secondary,WWS,NORMAL,42.48605,-83.37347
NE26020600337,2026-02-06T17:41:42Z,2026-02-06T19:55:53Z,4,2026-02-06T16:53:06Z,2026-02-06T21:25:00Z,40,40,Equipment problem,In Progres,OUTAGE,Service Transformer,MTC,NORMAL,42.58593,-82.88227
NE26020600474,2026-02-06T17:41:42Z,2026-02-06T19:55:53Z,4,2026-02-06T17:04:46Z,2026-02-06T21:45:00Z,1,1,Determined upon crew arrival,In Progres,OUTAGE,Single Customer,MTC,NORMAL,42.54924,-82.9215
NE26020600478,2026-02-06T17:41:42Z,2026-02-06T17:41:42Z,1,2026-02-06T17:03:43Z,2026-02-06T21:45:00Z,1,1,Determined upon crew arrival,New,OUTAGE,Single Customer,MTC,NORMAL,42.55084,-82.92062
NE26020600549,2026-02-06T17:41:42Z,2026-02-06T18:27:44Z,2,2026-02-06T17:22:18Z,2026-02-06T21:50:00Z,1,1,Determined upon crew arrival,New,OUTAGE,Single Customer,MTC,NORMAL,42.50975,-82.89991
NE26020600555,2026-02-06T17:41:42Z,2026-02-06T17:41:42Z,1,2026-02-06T17:11:13Z,2026-02-06T21:55:00Z,1,1,Determined upon crew arrival,New,OUTAGE,Single Customer,MAR,NORMAL,43.27981,-82.5289
NW26020600350,2026-02-06T17:41:42Z,2026-02-06T18:27:44Z,2,2026-02-06T16:49:27Z,2026-02-06T21:25:00Z,25,25,Equipment problem,In Progres,OUTAGE,Device (I),HWL,NORMAL,42.62487,-83.93346
SE26020600211,2026-02-06T17:41:42Z,2026-02-06T23:27:00Z,10,2026-02-06T16:46:21Z,2026-02-07T09:15:00Z,1,1,Equipment problem,Pending,OUTAGE,Single Customer,RFD,NORMAL,42.3774,-83.18201
SW26020600198,2026-02-06T17:41:42Z,2026-02-06T18:27:44Z,2,2026-02-06T16:37:43Z,2026-02-06T21:10:00Z,1,1,Determined upon crew arrival,In Progres,OUTAGE,Single Customer,WWS,NORMAL,42.26096,-83.54212
SW26020600387,2026-02-06T17:41:42Z,2026-02-06T18:27:44Z,2,2026-02-06T16:57:25Z,2026-02-06T21:30:00Z,760,77,Equipment problem,In Progres,OUTAGE,Device (II),ANN,NORMAL,42.22633,-83.58771
SW26020600518,2026-02-06T17:41:42Z,2026-02-06T19:23:01Z,3,2026-02-06T17:15:49Z,2026-02-06T21:45:00Z,1,1,Determined upon crew arrival,In Progres,PRIORITY,,WWS,NORMAL,42.51286,-83.35111
SW26020600536,2026-02-06T17:41:42Z,2026-02-06T18:27:44Z,2,2026-02-06T12:36:05Z,2026-02-06T21:50:00Z,1,1,Determined upon crew arrival,In Progres,OUTAGE,Single Customer,WWS,NORMAL,42.29332,-83.37535
NE26020600701,2026-02-06T18:27:44Z,2026-02-06T18:27:44Z,1,2026-02-06T18:13:28Z,,1,1,Determined upon crew arrival,New,OUTAGE,Single Customer,NAE,NORMAL,44.04826,-82.98998
NW26020600661,2026-02-06T18:27:44Z,2026-02-06T21:04:11Z,5,2026-02-06T18:03:43Z,2026-02-06T22:35:00Z,4,4,Determined upon crew arrival,In Progres,OUTAGE,Service Transformer,PON,NORMAL,42.56718,-83.35314
NW26020600697,2026-02-06T18:27:44Z,2026-02-06T18:27:44Z,1,2026-02-06T18:06:43Z,2026-02-06T22:35:00Z,1,1,Determined upon crew arrival,New,OUTAGE,Single Customer,PON,NORMAL,42.65698,-83.37853
SE26020600644,2026-02-06T18:27:44Z,2026-02-06T21:45:22Z,6,2026-02-06T17:38:22Z,2026-02-06T22:10:00Z,1,1,Determined upon crew arrival,In Progres,PRIORITY,,CAN,NORMAL,42.40756,-83.01067
SE26020600650,2026-02-06T18:27:44Z,2026-02-06T19:55:53Z,3,2026-02-06T17:48:24Z,2026-02-06T22:20:00Z,1,1,Equipment problem,In Progres,OUTAGE,Single Customer,CAN,NORMAL,42.44638,-83.10794
SE26020600660,2026-02-06T18:27:44Z,2026-02-06T21:04:11Z,5,2026-02-06T18:02:53Z,2026-02-06T22:35:00Z,1,1,Equipment problem,In Progres,OUTAGE,Single Customer,RFD,NORMAL,42.3017,-83.25187
NE26020600705,2026-02-06T19:23:01Z,2026-02-06T19:55:53Z,2,2026-02-06T18:17:17Z,2026-02-06T22:45:00Z,1,1,Determined upon crew arrival,In Progres,OUTAGE,Single Customer,MTC,NORMAL,42.50977,-82.9036
NW26020600713,2026-02-06T19:23:01Z,2026-02-06T19:23:01Z,1,2026-02-06T18:31:24Z,2026-02-06T23:10:00Z,3,3,Determined upon crew arrival,In Progres,OUTAGE,Service Transformer,PON,NORMAL,42.6147,-83.42274
NW26020600719,2026-02-06T19:23:01Z,2026-02-06T21:04:11Z,4,2026-02-06T18:53:23Z,2026-02-06T23:25:00Z,1,1,Equipment problem,In Progres,OUTAGE,Single Customer,PON,NORMAL,42.5422,-83.09587
SE26020600730,2026-02-06T19:23:01Z,2026-02-07T09:45:26Z,18,2026-02-06T14:25:50Z,2026-02-07T11:35:00Z,1,1,Determined upon crew arrival,Pending,OUTAGE,Single Customer,RFD,NORMAL,42.38218,-83.13982
SW26020600737,2026-02-06T19:23:01Z,2026-02-06T19:23:01Z,1,2026-02-06T18:55:45Z,2026-02-06T23:40:00Z,11,11,Determined upon crew arrival,New,OUTAGE,Service Transformer,WWS,NORMAL,42.38309,-83.39352
SW26020600738,2026-02-06T19:23:01Z,2026-02-06T19:23:01Z,1,2026-02-06T18:55:50Z,2026-02-06T23:40:00Z,6,6,Determined upon crew arrival,New,OUTAGE,Service Transformer,WWS,NORMAL,42.3684,-83.44768
SW26020600739,2026-02-06T19:23:01Z,2026-02-06T19:23:01Z,1,2026-02-06T18:55:46Z,2026-02-06T23:40:00Z,8,8,Determined upon crew arrival,New,OUTAGE,Service Transformer,WWS,NORMAL,42.38392,-83.39483
SW26020600740,2026-02-06T19:23:01Z,2026-02-06T19:23:01Z,1,2026-02-06T18:55:46Z,2026-02-06T23:40:00Z,2,2,Determined upon crew arrival,New,OUTAGE,Service Secondary,WWS,NORMAL,42.3863,-83.39568
SW26020600741,2026-02-06T19:23:01Z,2026-02-06T19:23:01Z,1,2026-02-06T18:55:46Z,2026-02-06T23:40:00Z,9,9,Determined upon crew arrival,New,OUTAGE,Service Transformer,WWS,NORMAL,42.38439,-83.39555
SW26020600742,2026-02-06T19:23:01Z,2026-02-06T19:23:01Z,1,2026-02-06T18:55:47Z,2026-02-06T23:40:00Z,6,6,Determined upon crew arrival,New,OUTAGE,Service Transformer,WWS,NORMAL,42.36716,-83.44165
SW26020600743,2026-02-06T19:23:01Z,2026-02-06T19:23:01Z,1,2026-02-06T18:55:44Z,2026-02-06T23:40:00Z,1,1,Determined upon crew arrival,New,OUTAGE,Single Customer,WWS,NORMAL,42.36258,-83.44824
SW26020600744,2026-02-06T19:23:01Z,2026-02-06T19:23:01Z,1,2026-02-06T18:55:45Z,2026-02-06T23:40:00Z,15,15,Determined upon crew arrival,New,OUTAGE,Service Transformer,WWS,NORMAL,42.38482,-83.39549
SW26020600745,2026-02-06T19:23:01Z,2026-02-06T19:23:01Z,1,2026-02-06T18:55:45Z,2026-02-06T23:40:00Z,1,1,Determined upon crew arrival,New,OUTAGE,Single Customer,WWS,NORMAL,42.36726,-83.44662
SW26020600746,2026-02-06T19:23:01Z,2026-02-06T19:23:01Z,1,2026-02-06T18:55:47Z,2026-02-06T23:40:00Z,30,30,Determined upon crew arrival,New,OUTAGE,Device (I),WWS,NORMAL,42.36447,-83.43773
SW26020600747,2026-02-06T19:23:01Z,2026-02-06T19:23:01Z,1,2026-02-06T18:55:51Z,2026-02-06T23:40:00Z,1,1,Determined upon crew arrival,New,OUTAGE,Single Customer,WWS,NORMAL,42.36725,-83.44748
SW26020600748,2026-02-06T19:23:01Z,2026-02-06T19:23:01Z,1,2026-02-06T18:55:50Z,2026-02-06T23:40:00Z,1,1,Determined upon crew arrival,New,OUTAGE,Single Customer,WWS,NORMAL,42.38827,-83.4134
SW26020600749,2026-02-06T19:23:01Z,2026-02-06T19:23:01Z,1,2026-02-06T18:55:49Z,2026-02-06T23:40:00Z,2,2,Determined upon crew arrival,New,OUTAGE,Service Secondary,WWS,NORMAL,42.39079,-83.41637
SW26020600750,2026-02-06T19:23:01Z,2026-02-06T19:23:01Z,1,2026-02-06T18:55:50Z,2026-02-06T23:40:00Z,1,1,Determined upon crew arrival,New,OUTAGE,Single Customer,WWS,NORMAL,42.3886,-83.41407
SW26020600751,2026-02-06T19:23:01Z,2026-02-06T19:23:01Z,1,2026-02-06T18:55:56Z,2026-02-06T23:40:00Z,1,1,Determined upon crew arrival,New,OUTAGE,Single Customer,WWS,NORMAL,42.39567,-83.41367
SW26020600752,2026-02-06T19:23:01Z,2026-02-06T19:23:01Z,1,2026-02-06T18:55:53Z,2026-02-06T23:40:00Z,1,1,Determined upon crew arrival,New,OUTAGE,Single Customer,WWS,NORMAL,42.3555,-83.40773
SW26020600753,2026-02-06T19:23:01Z,2026-02-06T19:23:01Z,1,2026-02-06T18:55:48Z,2026-02-06T23:40:00Z,1,1,Determined upon crew arrival,New,OUTAGE,Single Customer,WWS,NORMAL,42.36435,-83.43878
NE26020600770,2026-02-06T19:55:53Z,2026-02-06T21:45:22Z,4,2026-02-06T19:33:48Z,2026-02-07T00:05:00Z,64,64,Equipment problem,In Progres,OUTAGE,Device (I),MTC,NORMAL,42.49665,-82.96034
NE26020600773,2026-02-06T19:55:53Z,2026-02-06T19:55:53Z,1,2026-02-06T19:38:41Z,2026-02-07T00:10:00Z,24,24,Determined upon crew arrival,New,OUTAGE,Service Transformer,MTC,NORMAL,42.49637,-82.9627
NE26020600776,2026-02-06T19:55:53Z,2026-02-06T19:55:53Z,1,2026-02-06T19:41:14Z,2026-02-07T00:10:00Z,1,1,Determined upon crew arrival,New,OUTAGE,Single Customer,MTC,NORMAL,42.49514,-82.96268
NW26020600769,2026-02-06T19:55:53Z,2026-02-06T22:26:09Z,5,2026-02-06T18:45:40Z,2026-02-07T00:05:00Z,1,1,Equipment problem,In Progres,OUTAGE,Single Customer,PON,NORMAL,42.58063,-83.35173
SE26020600754,2026-02-06T19:55:53Z,2026-02-06T21:45:22Z,4,2026-02-06T19:16:48Z,2026-02-06T23:45:00Z,1,1,Equipment problem,In Progres,OUTAGE,Single Customer,CAN,NORMAL,42.41842,-82.92559
SW26020600764,2026-02-06T19:55:53Z,2026-02-06T22:51:02Z,6,2026-02-06T16:57:33Z,2026-02-07T00:00:00Z,1,1,Equipment problem,In Progres,OUTAGE,Single Customer,ANN,NORMAL,42.22197,-83.59272
NE26020600826,2026-02-06T20:37:41Z,2026-02-07T05:26:19Z,10,2026-02-06T20:03:03Z,2026-02-07T12:35:00Z,1,1,Equipment problem,In Progres,OUTAGE,Single Customer,MTC,NORMAL,42.5047,-82.89532
NE26020600835,2026-02-06T20:37:41Z,2026-02-06T20:37:41Z,1,2026-02-06T20:12:45Z,2026-02-07T00:45:00Z,1,1,Determined upon crew arrival,New,OUTAGE,Single Customer,MTC,NORMAL,42.53728,-82.93441
NE26020600843,2026-02-06T20:37:41Z,2026-02-06T20:37:41Z,1,2026-02-06T20:23:15Z,2026-02-07T00:55:00Z,1,1,Determined upon crew arrival,New,OUTAGE,Single Customer,MTC,NORMAL,42.49768,-82.96406
SE26020600801,2026-02-06T20:37:41Z,2026-02-06T22:26:09Z,4,2026-02-06T03:17:08Z,2026-02-07T00:25:00Z,1,1,Determined upon crew arrival,In Progres,OUTAGE,Single Customer,RFD,NORMAL,42.47785,-83.14525
SE26020600831,2026-02-06T20:37:41Z,2026-02-06T21:45:22Z,3,2026-02-06T20:09:37Z,2026-02-07T00:40:00Z,1,1,Determined upon crew arrival,In Progres,OUTAGE,Single Customer,RFD,NORMAL,42.31353,-83.11891
SE26020600834,2026-02-06T20:37:41Z,2026-02-06T21:45:22Z,3,2026-02-06T20:11:54Z,2026-02-07T00:40:00Z,1,1,Determined upon crew arrival,In Progres,OUTAGE,Single Customer,CAN,NORMAL,42.43619,-83.03955
SW26020600779,2026-02-06T20:37:41Z,2026-02-06T21:04:11Z,2,2026-02-06T19:44:58Z,2026-02-07T00:15:00Z,81,81,Equipment problem,In Progres,OUTAGE,Device (I),WWS,NORMAL,42.37149,-83.49848
SW26020600841,2026-02-06T20:37:41Z,2026-02-06T21:04:11Z,2,2026-02-06T20:20:36Z,2026-02-07T00:50:00Z,1,1,Determined upon crew arrival,In Progres,OUTAGE,Single Customer,WWS,NORMAL,42.27576,-83.38831
NE26020600850,2026-02-06T21:04:11Z,2026-02-06T23:51:35Z,6,2026-02-06T20:32:10Z,2026-02-07T01:05:00Z,1,1,Equipment problem,Pending,OUTAGE,Single Customer,MAR,NORMAL,43.12591,-82.79616
NE26020600854,2026-02-06T21:04:11Z,2026-02-07T17:02:45Z,28,2026-02-06T20:41:58Z,2026-02-08T01:10:00Z,1,1,Equipment problem,In Progres,OUTAGE,Single Customer,LAP,NORMAL,42.80284,-83.18394
SW26020600847,2026-02-06T21:04:11Z,2026-02-06T22:51:02Z,4,2026-02-06T20:31:55Z,2026-02-07T01:00:00Z,1,1,Determined upon crew arrival,In Progres,OUTAGE,Single Customer,WWS,NORMAL,42.2573,-83.45975
NE26020600866,2026-02-06T21:45:22Z,2026-02-07T02:06:05Z,6,2026-02-06T20:54:11Z,2026-02-07T13:25:00Z,1,1,Equipment problem,In Progres,OUTAGE,Single Customer,NAE,NORMAL,43.943,-82.71838
NE26020600873,2026-02-06T21:45:22Z,2026-02-06T22:26:09Z,2,2026-02-06T21:06:14Z,2026-02-07T01:35:00Z,130,130,Wind damage,In Progres,OUTAGE,Device (II),NAE,NORMAL,43.33782,-82.95462
NW26020600879,2026-02-06T21:45:22Z,2026-02-06T23:27:00Z,4,2026-02-06T21:10:02Z,2026-02-07T01:40:00Z,1,1,Equipment problem,In Progres,OUTAGE,Single Customer,PON,NORMAL,42.78819,-83.22998
NE26020600955,2026-02-06T22:26:09Z,2026-02-07T02:06:05Z,5,2026-02-06T22:09:54Z,2026-02-07T02:40:00Z,1,1,Determined upon crew arrival,In Progres,OUTAGE,Single Customer,MTC,NORMAL,42.59455,-82.60597
NE26020600965,2026-02-06T22:26:09Z,2026-02-06T22:26:09Z,1,2026-02-06T21:57:13Z,,1,1,Determined upon crew arrival,New,OUTAGE,Single Customer,LAP,NORMAL,42.93524,-83.4288
NW26020600953,2026-02-06T22:26:09Z,2026-02-06T23:51:35Z,4,2026-02-06T21:55:29Z,2026-02-07T02:40:00Z,21,21,Equipment problem,In Progres,OUTAGE,Device (I),SBY,NORMAL,42.68546,-83.20004
SE26020600913,2026-02-06T22:26:09Z,2026-02-06T23:51:35Z,4,2026-02-06T22:02:31Z,2026-02-07T02:35:00Z,2,2,Equipment problem,In Progres,OUTAGE,Service Secondary,RFD,NORMAL,42.35566,-83.18519
SE26020600962,2026-02-06T22:26:09Z,2026-02-06T22:26:09Z,1,2026-02-06T22:11:32Z,2026-02-07T02:40:00Z,1,1,Determined upon crew arrival,New,OUTAGE,Single Customer,RFD,NORMAL,42.4072,-83.23058
SE26020600964,2026-02-06T22:26:09Z,2026-02-07T19:45:54Z,31,2026-02-06T21:58:28Z,2026-02-08T02:40:00Z,1,1,Equipment problem,In Progres,OUTAGE,Single Customer,RFD,NORMAL,42.40773,-83.1614
SW26020600896,2026-02-06T22:26:09Z,2026-02-06T23:51:35Z,4,2026-02-06T21:39:09Z,2026-02-07T02:10:00Z,19,19,Determined upon crew arrival,In Progres,OUTAGE,Device (I),WWS,NORMAL,42.2748,-83.3947
SW26020600909,2026-02-06T22:26:09Z,2026-02-06T23:51:35Z,4,2026-02-06T19:47:33Z,2026-02-07T02:30:00Z,1069,1069,Equipment problem,In Progres,OUTAGE,Circuit Level,WWS,NORMAL,42.2723,-83.39008
SW26020600956,2026-02-06T22:26:09Z,2026-02-06T22:26:09Z,1,2026-02-06T22:10:00Z,2026-02-07T02:40:00Z,1,1,Determined upon crew arrival,New,OUTAGE,Single Customer,WWS,NORMAL,42.23547,-83.384
SW26020600957,2026-02-06T22:26:09Z,2026-02-06T22:51:02Z,2,2026-02-06T22:10:29Z,2026-02-07T02:40:00Z,1,1,Determined upon crew arrival,New,OUTAGE,Single Customer,WWS,NORMAL,42.25567,-83.34492
SW26020600958,2026-02-06T22:26:09Z,2026-02-06T22:26:09Z,1,2026-02-06T22:10:33Z,2026-02-07T02:40:00Z,1,1,Determined upon crew arrival,New,OUTAGE,Single Customer,WWS,NORMAL,42.23224,-83.38113
SW26020600960,2026-02-06T22:26:09Z,2026-02-06T22:26:09Z,1,2026-02-06T22:11:04Z,2026-02-07T02:40:00Z,1,1,Determined upon crew arrival,New,OUTAGE,Single Customer,WWS,NORMAL,42.23885,-83.38896
SW26020600961,2026-02-06T22:26:09Z,2026-02-06T22:26:09Z,1,2026-02-06T22:11:08Z,2026-02-07T02:40:00Z,1,1,Determined upon crew arrival,New,OUTAGE,Single Customer,WWS,NORMAL,42.24234,-83.41948
SW26020600963,2026-02-06T22:26:09Z,2026-02-06T22:26:09Z,1,2026-02-06T22:11:59Z,,1,1,Determined upon crew arrival,New,OUTAGE,Single Customer,WWS,NORMAL,42.23439,-83.3815
SW26020600966,2026-02-06T22:26:09Z,2026-02-06T22:51:02Z,2,2026-02-06T22:09:11Z,2026-02-07T02:45:00Z,202,202,Determined upon crew arrival,In Progres,OUTAGE,Device (II),WWS,NORMAL,42.23578,-83.41845
SW26020600967,2026-02-06T22:26:09Z,2026-02-06T22:26:09Z,1,2026-02-06T22:14:21Z,,1,1,Determined upon crew arrival,New,OUTAGE,Single Customer,WWS,NORMAL,42.24398,-83.38761
SW26020600969,2026-02-06T22:26:09Z,2026-02-06T22:26:09Z,1,2026-02-06T22:14:41Z,,1,1,Determined upon crew arrival,New,OUTAGE,Single Customer,WWS,NORMAL,42.27418,-83.38983
SW26020600970,2026-02-06T22:26:09Z,2026-02-06T22:51:02Z,2,2026-02-06T22:14:58Z,2026-02-07T02:45:00Z,1,1,Determined upon crew arrival,New,OUTAGE,Single Customer,WWS,NORMAL,42.27052,-83.38773
NW26020600982,2026-02-06T22:51:02Z,2026-02-06T23:27:00Z,2,2026-02-06T22:11:51Z,2026-02-07T02:50:00Z,3,3,Equipment problem,In Progres,OUTAGE,Service Transformer,PON,NORMAL,42.56512,-83.32182
NW26020601053,2026-02-06T22:51:02Z,2026-02-06T23:51:35Z,3,2026-02-06T22:24:22Z,2026-02-07T02:55:00Z,1,1,Determined upon crew arrival,In Progres,OUTAGE,Single Customer,SBY,NORMAL,42.56782,-82.99863
SE26020601019,2026-02-06T22:51:02Z,2026-02-07T18:49:56Z,28,2026-02-06T22:21:16Z,2026-02-08T02:50:00Z,1,1,Equipment problem,Pending,OUTAGE,Single Customer,RFD,NORMAL,42.41275,-83.20123
SE26020601110,2026-02-06T22:51:02Z,2026-02-07T04:15:54Z,5,2026-02-06T22:33:31Z,2026-02-07T15:05:00Z,1,1,Equipment problem,In Progres,OUTAGE,Single Customer,CAN,NORMAL,42.42826,-83.14051
SW26020600971,2026-02-06T22:51:02Z,2026-02-06T22:51:02Z,1,2026-02-06T22:15:08Z,2026-02-07T02:45:00Z,1,1,Determined upon crew arrival,New,OUTAGE,Single Customer,WWS,NORMAL,42.27893,-83.37332
SW26020600975,2026-02-06T22:51:02Z,2026-02-06T22:51:02Z,1,2026-02-06T22:01:06Z,2026-02-07T02:45:00Z,11,11,Determined upon crew arrival,New,OUTAGE,Service Transformer,WWS,NORMAL,42.27418,-83.38983
SW26020600977,2026-02-06T22:51:02Z,2026-02-06T22:51:02Z,1,2026-02-06T22:02:58Z,2026-02-07T02:45:00Z,1,1,Determined upon crew arrival,New,SERVICE DOWN NO,,WWS,NORMAL,42.27126,-83.38951
SW26020600980,2026-02-06T22:51:02Z,2026-02-06T23:27:00Z,2,2026-02-06T22:18:13Z,2026-02-07T02:50:00Z,1,1,Determined upon crew arrival,New,OUTAGE,Single Customer,WWS,NORMAL,42.26606,-83.42465
SW26020600987,2026-02-06T22:51:02Z,2026-02-06T22:51:02Z,1,2026-02-06T22:19:26Z,2026-02-07T02:50:00Z,15,15,Determined upon crew arrival,In Progres,OUTAGE,Service Transformer,WWS,NORMAL,42.25794,-83.41814
SW26020600991,2026-02-06T22:51:02Z,2026-02-06T22:51:02Z,1,2026-02-06T22:20:05Z,2026-02-07T02:50:00Z,1,1,Determined upon crew arrival,New,OUTAGE,Single Customer,WWS,NORMAL,42.24841,-83.38868
SW26020601030,2026-02-06T22:51:02Z,2026-02-06T22:51:02Z,1,2026-02-06T22:21:50Z,2026-02-07T02:50:00Z,1,1,Determined upon crew arrival,New,OUTAGE,Single Customer,WWS,NORMAL,42.24904,-83.37467
SW26020601076,2026-02-06T22:51:02Z,2026-02-06T22:51:02Z,1,2026-02-06T22:26:41Z,2026-02-07T02:55:00Z,1,1,Determined upon crew arrival,New,OUTAGE,Single Customer,WWS,NORMAL,42.25796,-83.41736
SW26020601084,2026-02-06T22:51:02Z,2026-02-06T22:51:02Z,1,2026-02-06T22:27:28Z,2026-02-07T03:00:00Z,1,1,Determined upon crew arrival,New,OUTAGE,Single Customer,WWS,NORMAL,42.25259,-83.41921
SW26020601093,2026-02-06T22:51:02Z,2026-02-06T22:51:02Z,1,2026-02-06T22:29:46Z,2026-02-07T03:00:00Z,1,1,Determined upon crew arrival,New,OUTAGE,Single Customer,WWS,NORMAL,42.25855,-83.41855
SW26020601100,2026-02-06T22:51:02Z,2026-02-06T22:51:02Z,1,2026-02-06T22:31:23Z,2026-02-07T03:00:00Z,1,1,Determined upon crew arrival,New,OUTAGE,Single Customer,WWS,NORMAL,42.26083,-83.41485
SW26020601112,2026-02-06T22:51:02Z,2026-02-06T22:51:02Z,1,2026-02-06T22:12:38Z,2026-02-07T03:05:00Z,1,1,Determined upon crew arrival,New,SERVICE DOWN NO,,WWS,NORMAL,42.27588,-83.39004
SW26020601115,2026-02-06T22:51:02Z,2026-02-06T22:51:02Z,1,2026-02-06T22:38:53Z,2026-02-07T03:10:00Z,1,1,Determined upon crew arrival,New,OUTAGE,Single Customer,WWS,NORMAL,42.24886,-83.39156
SW26020601117,2026-02-06T22:51:02Z,2026-02-06T22:51:02Z,1,2026-02-06T22:11:59Z,2026-02-07T03:10:00Z,1,1,Determined upon crew arrival,New,OUTAGE,Single Customer,WWS,NORMAL,42.23439,-83.3815
SW26020601121,2026-02-06T22:51:02Z,2026-02-06T22:51:02Z,1,2026-02-06T22:11:04Z,2026-02-07T03:10:00Z,1,1,Determined upon crew arrival,New,OUTAGE,Single Customer,WWS,NORMAL,42.23885,-83.38896
SW26020601123,2026-02-06T22:51:02Z,2026-02-06T22:51:02Z,1,2026-02-06T22:20:39Z,2026-02-07T03:10:00Z,1,1,Determined upon crew arrival,New,OUTAGE,Single Customer,WWS,NORMAL,42.23279,-83.38251
SW26020601126,2026-02-06T22:51:02Z,2026-02-06T22:51:02Z,1,2026-02-06T22:20:57Z,2026-02-07T03:10:00Z,1,1,Determined upon crew arrival,New,OUTAGE,Single Customer,WWS,NORMAL,42.25214,-83.42156
SW26020601130,2026-02-06T22:51:02Z,2026-02-06T22:51:02Z,1,2026-02-06T22:39:51Z,2026-02-07T03:10:00Z,1,1,Determined upon crew arrival,New,OUTAGE,Single Customer,WWS,NORMAL,42.24077,-83.38667
SW26020601132,2026-02-06T22:51:02Z,2026-02-06T22:51:02Z,1,2026-02-06T22:40:10Z,2026-02-07T03:10:00Z,1,1,Determined upon crew arrival,New,OUTAGE,Single Customer,WWS,NORMAL,42.24265,-83.38842
SW26020601134,2026-02-06T22:51:02Z,2026-02-06T22:51:02Z,1,2026-02-06T22:40:15Z,2026-02-07T03:10:00Z,1,1,Determined upon crew arrival,New,OUTAGE,Single Customer,WWS,NORMAL,42.25806,-83.42082
SW26020601136,2026-02-06T22:51:02Z,2026-02-06T22:51:02Z,1,2026-02-06T22:40:18Z,2026-02-07T03:10:00Z,1,1,Determined upon crew arrival,New,OUTAGE,Single Customer,WWS,NORMAL,42.25112,-83.37688
SW26020601141,2026-02-06T22:51:02Z,2026-02-06T22:51:02Z,1,2026-02-06T22:20:23Z,2026-02-07T03:10:00Z,1,1,Determined upon crew arrival,New,OUTAGE,Single Customer,WWS,NORMAL,42.24162,-83.3891
SW26020601142,2026-02-06T22:51:02Z,2026-02-06T22:51:02Z,1,2026-02-06T22:40:34Z,2026-02-07T03:10:00Z,1,1,Determined upon crew arrival,New,OUTAGE,Single Customer,WWS,NORMAL,42.2342,-83.39154
SW26020601144,2026-02-06T22:51:02Z,2026-02-06T22:51:02Z,1,2026-02-06T22:40:41Z,2026-02-07T03:10:00Z,1,1,Determined upon crew arrival,New,OUTAGE,Single Customer,WWS,NORMAL,42.23268,-83.38364
SW26020601154,2026-02-06T22:51:02Z,2026-02-06T22:51:02Z,1,2026-02-06T22:42:00Z,,1,1,Determined upon crew arrival,New,OUTAGE,Single Customer,WWS,NORMAL,42.24946,-83.38772
SW26020601155,2026-02-06T22:51:02Z,2026-02-06T22:51:02Z,1,2026-02-06T22:41:58Z,,1,1,Determined upon crew arrival,New,OUTAGE,Single Customer,WWS,NORMAL,42.24511,-83.39072
SW26020601161,2026-02-06T22:51:02Z,2026-02-06T22:51:02Z,1,2026-02-06T22:42:35Z,,2,2,Determined upon crew arrival,New,OUTAGE,Service Secondary,WWS,NORMAL,42.23334,-83.37799
SW26020601162,2026-02-06T22:51:02Z,2026-02-06T22:51:02Z,1,2026-02-06T22:20:37Z,,1,1,Determined upon crew arrival,New,OUTAGE,Single Customer,WWS,NORMAL,42.23139,-83.38108
SW26020601169,2026-02-06T22:51:02Z,2026-02-06T22:51:02Z,1,2026-02-06T22:44:37Z,,1,1,Determined upon crew arrival,New,OUTAGE,Single Customer,WWS,NORMAL,42.23437,-83.38802
NE26020601199,2026-02-06T23:27:00Z,2026-02-07T16:32:04Z,23,2026-02-06T23:04:04Z,2026-02-08T03:35:00Z,1,1,Equipment problem,In Progres,OUTAGE,Single Customer,MTC,NORMAL,42.44977,-82.99929
NW26020601202,2026-02-06T23:27:00Z,2026-02-06T23:27:00Z,1,2026-02-06T23:10:42Z,2026-02-07T03:40:00Z,1,1,Determined upon crew arrival,New,OUTAGE,Single Customer,SBY,NORMAL,42.62331,-82.99351
SE26020601190,2026-02-06T23:27:00Z,2026-02-07T02:06:05Z,3,2026-02-06T22:55:19Z,2026-02-07T03:25:00Z,1,1,Determined upon crew arrival,In Progres,OUTAGE,Single Customer,CAN,NORMAL,42.44251,-83.10213
SE26020601192,2026-02-06T23:27:00Z,2026-02-07T22:27:44Z,33,2026-02-06T22:56:23Z,2026-02-08T03:25:00Z,1,1,Equipment problem,In Progres,OUTAGE,Single Customer,RFD,NORMAL,42.44163,-83.29919
SE26020601196,2026-02-06T23:27:00Z,2026-02-07T02:06:05Z,3,2026-02-06T22:53:03Z,2026-02-07T03:30:00Z,1,1,Determined upon crew arrival,In Progres,OUTAGE,Single Customer,RFD,NORMAL,42.36044,-83.22429
SE26020601197,2026-02-06T23:27:00Z,2026-02-06T23:27:00Z,1,2026-02-06T23:02:46Z,2026-02-07T03:35:00Z,1,1,Determined upon crew arrival,New,OUTAGE,Single Customer,RFD,NORMAL,42.47979,-83.22219
SE26020601201,2026-02-06T23:27:00Z,2026-02-07T04:15:54Z,4,2026-02-06T23:05:59Z,2026-02-07T15:35:00Z,1,1,Equipment problem,In Progres,OUTAGE,Single Customer,RFD,NORMAL,42.3272,-83.16635
NW26020601221,2026-02-06T23:51:35Z,2026-02-06T23:51:35Z,1,2026-02-06T23:27:32Z,2026-02-07T04:00:00Z,77,77,Determined upon crew arrival,In Progres,OUTAGE,Device (I),PON,NORMAL,42.61878,-83.35284
SE26020601212,2026-02-06T23:51:35Z,2026-02-06T23:51:35Z,1,2026-02-06T23:22:57Z,2026-02-07T03:55:00Z,25,25,Determined upon crew arrival,New,OUTAGE,Device (I),RFD,NORMAL,42.5082,-83.24443
SE26020601217,2026-02-06T23:51:35Z,2026-02-07T07:02:05Z,6,2026-02-06T23:27:09Z,2026-02-07T15:55:00Z,1,1,Determined upon crew arrival,In Progres,SERVICE DOWN NO,,CAN,NORMAL,42.37262,-83.08165
SE26020601223,2026-02-06T23:51:35Z,2026-02-07T02:06:05Z,2,2026-02-06T23:29:45Z,2026-02-07T04:00:00Z,18,18,Determined upon crew arrival,In Progres,OUTAGE,Service Transformer,CAN,NORMAL,42.41648,-82.99819
SW26020601205,2026-02-06T23:51:35Z,2026-02-06T23:51:35Z,1,2026-02-06T23:15:41Z,2026-02-07T03:45:00Z,1,1,Determined upon crew arrival,In Progres,OUTAGE,Single Customer,WWS,NORMAL,42.23414,-83.38001
SW26020601211,2026-02-06T23:51:35Z,2026-02-07T15:49:09Z,21,2026-02-06T20:42:28Z,2026-02-07T15:55:00Z,1,1,Equipment problem,In Progres,OUTAGE,Single Customer,NPT,NORMAL,42.10026,-83.23532
NE26020601265,2026-02-07T02:06:05Z,2026-02-07T04:15:54Z,2,2026-02-06T23:58:52Z,2026-02-07T04:30:00Z,1,1,Determined upon crew arrival,PC3 Verifi,OUTAGE,Single Customer,MTC,NORMAL,42.45268,-83.08096
NE26020601611,2026-02-07T02:06:05Z,2026-02-07T02:06:05Z,1,2026-02-07T01:25:27Z,2026-02-07T05:55:00Z,1,1,Determined upon crew arrival,PC3 Verifi,OUTAGE,Single Customer,MTC,NORMAL,42.50546,-82.94545
NE26020601649,2026-02-07T02:06:05Z,2026-02-07T02:06:05Z,1,2026-02-07T01:35:20Z,2026-02-07T06:05:00Z,1,1,Determined upon crew arrival,New,OUTAGE,Single Customer,MTC,NORMAL,42.50436,-82.95754
NE26020601683,2026-02-07T02:06:05Z,2026-02-07T02:06:05Z,1,2026-02-07T01:24:17Z,2026-02-07T06:10:00Z,528,528,Determined upon crew arrival,In Progres,OUTAGE,Device (II),MTC,NORMAL,42.49617,-83.00183
NE26020601704,2026-02-07T02:06:05Z,2026-02-07T02:06:05Z,1,2026-02-07T01:42:38Z,2026-02-07T06:15:00Z,1,1,Determined upon crew arrival,New,OUTAGE,Single Customer,MTC,NORMAL,42.50316,-82.95483
NE26020601737,2026-02-07T02:06:05Z,2026-02-07T02:06:05Z,1,2026-02-07T01:47:34Z,2026-02-07T06:20:00Z,1,1,Determined upon crew arrival,New,OUTAGE,Single Customer,NAE,NORMAL,43.60038,-83.15407
SE26020601262,2026-02-07T02:06:05Z,2026-02-07T16:32:04Z,21,2026-02-06T23:55:54Z,2026-02-07T16:25:00Z,1,1,Equipment problem,In Progres,OUTAGE,Single Customer,RFD,NORMAL,42.43941,-83.19214
SE26020601303,2026-02-07T02:06:05Z,2026-02-07T06:03:32Z,4,2026-02-06T23:46:12Z,2026-02-07T16:50:00Z,1,1,Determined upon crew arrival,In Progres,OUTAGE,Single Customer,CAN,NORMAL,42.34335,-83.05794
SE26020601336,2026-02-07T02:06:05Z,2026-02-07T02:06:05Z,1,2026-02-07T00:29:45Z,2026-02-07T05:00:00Z,1,1,Determined upon crew arrival,In Progres,OUTAGE,Single Customer,RFD,NORMAL,42.24688,-83.19997
SE26020601377,2026-02-07T02:06:05Z,2026-02-07T02:06:05Z,1,2026-02-07T00:39:41Z,2026-02-07T05:10:00Z,1,1,Determined upon crew arrival,PC3 Verifi,OUTAGE,Single Customer,RFD,NORMAL,42.39761,-83.17937
SE26020601708,2026-02-07T02:06:05Z,2026-02-07T02:06:05Z,1,2026-02-07T01:33:22Z,2026-02-07T06:15:00Z,17,17,Determined upon crew arrival,New,OUTAGE,Service Transformer,CAN,NORMAL,42.44221,-82.96463
SE26020601717,2026-02-07T02:06:05Z,2026-02-07T20:29:10Z,28,2026-02-07T01:45:03Z,2026-02-08T06:15:00Z,1,1,Equipment problem,In Progres,OUTAGE,Single Customer,RFD,NORMAL,42.49712,-83.13361
SE26020601730,2026-02-07T02:06:05Z,2026-02-07T06:03:32Z,4,2026-02-07T01:33:22Z,2026-02-07T06:15:00Z,31,18,Wind damage,In Progres,OUTAGE,Service Transformer,CAN,NORMAL,42.44224,-82.96796
SE26020601731,2026-02-07T02:06:05Z,2026-02-07T02:06:05Z,1,2026-02-07T01:46:42Z,2026-02-07T06:15:00Z,1,1,Determined upon crew arrival,New,OUTAGE,Single Customer,CAN,NORMAL,42.4422,-82.96967
SE26020601749,2026-02-07T02:06:05Z,2026-02-07T02:06:05Z,1,2026-02-07T01:54:46Z,2026-02-07T06:25:00Z,1,1,Determined upon crew arrival,New,OUTAGE,Single Customer,CAN,NORMAL,42.44228,-82.96601
SE26020601751,2026-02-07T02:06:05Z,2026-02-07T06:03:32Z,4,2026-02-07T01:40:32Z,2026-02-07T06:25:00Z,17,17,Wind damage,In Progres,OUTAGE,Service Transformer,RFD,NORMAL,42.41788,-83.14246
SW26020601267,2026-02-07T02:06:05Z,2026-02-07T02:06:05Z,1,2026-02-07T00:00:03Z,2026-02-07T04:30:00Z,1,1,Determined upon crew arrival,In Progres,OUTAGE,Single Customer,WWS,NORMAL,42.23819,-83.41788
SW26020601314,2026-02-07T02:06:05Z,2026-02-07T15:26:37Z,19,2026-02-07T00:16:47Z,2026-02-07T16:55:00Z,2,2,Equipment problem,In Progres,OUTAGE,Service Secondary,WWS,NORMAL,42.23905,-83.26128
SW26020601443,2026-02-07T02:06:05Z,2026-02-07T02:06:05Z,1,2026-02-07T00:43:42Z,2026-02-07T05:15:00Z,15,15,Determined upon crew arrival,In Progres,OUTAGE,Service Transformer,NPT,NORMAL,41.93606,-83.31696
SW26020601493,2026-02-07T02:06:05Z,2026-02-07T02:06:05Z,1,2026-02-07T00:48:12Z,2026-02-07T05:20:00Z,1,1,Determined upon crew arrival,In Progres,OUTAGE,Single Customer,WWS,NORMAL,42.251,-83.39132
SW26020601530,2026-02-07T02:06:05Z,2026-02-07T02:06:05Z,1,2026-02-07T00:59:32Z,2026-02-07T05:30:00Z,1,1,Determined upon crew arrival,PC3 Verifi,OUTAGE,Single Customer,WWS,NORMAL,42.2736,-83.38235
SW26020601547,2026-02-07T02:06:05Z,2026-02-07T13:53:36Z,16,2026-02-06T22:30:07Z,2026-02-07T13:45:00Z,1,1,Determined upon crew arrival,Pending,PRIORITY,,WWS,NORMAL,42.26083,-83.41485
SW26020601556,2026-02-07T02:06:05Z,2026-02-07T02:06:05Z,1,2026-02-06T22:10:00Z,2026-02-07T05:50:00Z,1921,1921,Equipment problem,In Progres,OUTAGE,Device (I),WWS,NORMAL,42.23639,-83.39708
SW26020601617,2026-02-07T02:06:05Z,2026-02-07T02:06:05Z,1,2026-02-07T01:26:51Z,2026-02-07T05:55:00Z,1,1,Determined upon crew arrival,New,OUTAGE,Single Customer,WWS,NORMAL,42.27284,-83.38187
SW26020601644,2026-02-07T02:06:05Z,2026-02-07T02:06:05Z,1,2026-02-07T01:33:42Z,2026-02-07T06:05:00Z,1,1,Determined upon crew arrival,New,OUTAGE,Single Customer,WWS,NORMAL,42.2748,-83.3947
NE26020601885,2026-02-07T04:15:54Z,2026-02-07T04:15:54Z,1,2026-02-07T02:58:57Z,2026-02-07T07:45:00Z,63,63,Wind damage,In Progres,OUTAGE,Device (I),MAR,NORMAL,43.21357,-82.5254
NE26020601901,2026-02-07T04:15:54Z,2026-02-07T09:03:06Z,7,2026-02-07T03:21:05Z,2026-02-07T19:55:00Z,1,1,Equipment problem,In Progres,OUTAGE,Single Customer,MAR,NORMAL,43.01133,-82.81064
NW26020601765,2026-02-07T04:15:54Z,2026-02-07T08:33:35Z,6,2026-02-07T02:03:29Z,2026-02-07T10:35:00Z,120,120,Wind damage,In Progres,OUTAGE,Device (II),PON,NORMAL,42.53966,-83.12522
NW26020601787,2026-02-07T04:15:54Z,2026-02-07T13:04:32Z,14,2026-02-07T02:09:25Z,2026-02-07T14:40:00Z,1,1,Determined upon crew arrival,In Progres,PRIORITY,,PON,NORMAL,42.53637,-83.12109
NW26020601832,2026-02-07T04:15:54Z,2026-02-07T09:03:06Z,7,2026-02-07T02:03:29Z,2026-02-07T10:50:00Z,116,56,Wind damage,In Progres,OUTAGE,Device (II),PON,NORMAL,42.54107,-83.12392
NW26020601840,2026-02-07T04:15:54Z,2026-02-07T13:04:32Z,14,2026-02-07T02:23:51Z,2026-02-07T14:55:00Z,1,1,Determined upon crew arrival,In Progres,PRIORITY,,PON,NORMAL,42.53697,-83.11839
NW26020601856,2026-02-07T04:15:54Z,2026-02-07T08:33:35Z,6,2026-02-07T02:49:59Z,2026-02-07T11:25:00Z,76,76,Wind damage,In Progres,OUTAGE,Device (II),PON,NORMAL,42.57039,-83.17266
NW26020601905,2026-02-07T04:15:54Z,2026-02-07T09:03:06Z,7,2026-02-07T03:27:03Z,2026-02-07T19:55:00Z,1,1,Equipment problem,In Progres,OUTAGE,Single Customer,PON,NORMAL,42.62837,-83.31928
NW26020601912,2026-02-07T04:15:54Z,2026-02-07T15:26:37Z,18,2026-02-06T17:16:38Z,2026-02-07T20:20:00Z,1,1,Equipment problem,In Progres,OUTAGE,Single Customer,HWL,NORMAL,42.53382,-84.02756
NW26020601914,2026-02-07T04:15:54Z,2026-02-07T13:04:32Z,14,2026-02-07T03:49:05Z,2026-02-07T16:20:00Z,1,1,Determined upon crew arrival,In Progres,PRIORITY,,PON,NORMAL,42.53799,-83.11788
SE26020601784,2026-02-07T04:15:54Z,2026-02-07T09:03:06Z,7,2026-02-07T02:08:30Z,2026-02-07T18:40:00Z,1,1,Determined upon crew arrival,In Progres,OUTAGE,Single Customer,RFD,NORMAL,42.47785,-83.14525
SE26020601851,2026-02-07T04:15:54Z,2026-02-07T18:49:56Z,24,2026-02-07T02:36:57Z,2026-02-07T19:05:00Z,1,1,Determined upon crew arrival,In Progres,OUTAGE,Single Customer,RFD,NORMAL,42.38394,-83.28749
SE26020601860,2026-02-07T04:15:54Z,2026-02-07T04:15:54Z,1,2026-02-07T03:00:21Z,2026-02-07T07:30:00Z,81,81,Determined upon crew arrival,In Progres,OUTAGE,Device (I),RFD,NORMAL,42.31976,-83.19271
SE26020601881,2026-02-07T04:15:54Z,2026-02-07T04:15:54Z,1,2026-02-07T03:10:28Z,2026-02-07T07:40:00Z,53,53,Determined upon crew arrival,In Progres,OUTAGE,Circuit Level,CAN,NORMAL,42.33711,-83.02029
SE26020601892,2026-02-07T04:15:54Z,2026-02-07T19:25:31Z,25,2026-02-07T03:17:37Z,2026-02-07T19:50:00Z,1,1,Determined upon crew arrival,In Progres,SERVICE DOWN NO,,RFD,NORMAL,42.40787,-83.20236
SE26020601893,2026-02-07T04:15:54Z,2026-02-07T04:15:54Z,1,2026-02-07T03:17:40Z,2026-02-07T07:50:00Z,1,1,Determined upon crew arrival,PC3 Verifi,OUTAGE,Single Customer,CAN,NORMAL,42.33905,-83.01868
SE26020601900,2026-02-07T04:15:54Z,2026-02-07T06:03:32Z,3,2026-02-07T03:20:33Z,2026-02-07T07:55:00Z,1,1,Equipment problem,In Progres,SERVICE DOWN NO,,RFD,NORMAL,42.31933,-83.19267
SE26020601917,2026-02-07T04:15:54Z,2026-02-07T04:15:54Z,1,2026-02-07T03:53:44Z,2026-02-07T08:25:00Z,2,2,Determined upon crew arrival,New,OUTAGE,Service Secondary,RFD,NORMAL,42.41943,-83.14253
SE26020601919,2026-02-07T04:15:54Z,2026-02-07T04:15:54Z,1,2026-02-07T03:56:27Z,2026-02-07T08:25:00Z,1,1,Determined upon crew arrival,New,OUTAGE,Single Customer,RFD,NORMAL,42.32154,-83.19401
SW26020601888,2026-02-07T04:15:54Z,2026-02-07T14:27:26Z,16,2026-02-07T03:15:54Z,2026-02-07T19:45:00Z,1,1,Determined upon crew arrival,In Progres,OUTAGE,Single Customer,WWS,NORMAL,42.24473,-83.38992
NE26020601930,2026-02-07T05:26:19Z,2026-02-07T06:03:32Z,2,2026-02-07T04:10:30Z,2026-02-07T08:40:00Z,1102,1102,Wind damage,In Progres,OUTAGE,Subtransmission,NAE,NORMAL,43.67152,-82.73514
NE26020601986,2026-02-07T05:26:19Z,2026-02-07T06:03:32Z,2,2026-02-07T04:21:24Z,2026-02-07T08:50:00Z,1,1,Determined upon crew arrival,PC3 Verifi,OUTAGE,Single Customer,NAE,NORMAL,43.58857,-82.73713
NW26020601925,2026-02-07T05:26:19Z,2026-02-07T13:04:32Z,13,2026-02-07T04:05:49Z,2026-02-07T16:35:00Z,1,1,Determined upon crew arrival,In Progres,PRIORITY,,PON,NORMAL,42.54071,-83.11706
NW26020700002,2026-02-07T05:26:19Z,2026-02-07T07:02:05Z,3,2026-02-07T05:04:27Z,2026-02-07T09:40:00Z,20,20,Equipment problem,In Progres,OUTAGE,Device (I),SBY,NORMAL,42.64517,-83.1176
NW26020700005,2026-02-07T05:26:19Z,2026-02-07T05:26:19Z,1,2026-02-07T02:03:42Z,,5,5,Determined upon crew arrival,New,OUTAGE,Device (I),PON,NORMAL,42.54363,-83.12631
NW26020700007,2026-02-07T05:26:19Z,2026-02-07T05:26:19Z,1,2026-02-07T02:03:42Z,,24,24,Determined upon crew arrival,New,OUTAGE,Device (I),PON,NORMAL,42.54449,-83.12587
NW26020700008,2026-02-07T05:26:19Z,2026-02-07T05:26:19Z,1,2026-02-07T02:03:43Z,,3,3,Determined upon crew arrival,New,OUTAGE,Service Transformer,PON,NORMAL,42.54345,-83.12755
NW26020700009,2026-02-07T05:26:19Z,2026-02-07T05:26:19Z,1,2026-02-07T02:03:42Z,,8,8,Determined upon crew arrival,New,OUTAGE,Service Transformer,PON,NORMAL,42.54602,-83.12691
NW26020700010,2026-02-07T05:26:19Z,2026-02-07T05:26:19Z,1,2026-02-07T02:03:42Z,,3,3,Determined upon crew arrival,New,OUTAGE,Service Transformer,PON,NORMAL,42.54371,-83.12724
NW26020700011,2026-02-07T05:26:19Z,2026-02-07T05:26:19Z,1,2026-02-07T03:50:40Z,,1,1,Determined upon crew arrival,New,OUTAGE,Single Customer,PON,NORMAL,42.54399,-83.126
NW26020700012,2026-02-07T05:26:19Z,2026-02-07T06:03:32Z,2,2026-02-07T02:14:14Z,2026-02-07T17:15:00Z,1,1,Determined upon crew arrival,New,OUTAGE,Single Customer,PON,NORMAL,42.54686,-83.12816
NW26020700013,2026-02-07T05:26:19Z,2026-02-07T05:26:19Z,1,2026-02-07T02:11:20Z,,1,1,Determined upon crew arrival,New,OUTAGE,Single Customer,PON,NORMAL,42.54439,-83.12796
SE26020601982,2026-02-07T05:26:19Z,2026-02-07T09:45:26Z,7,2026-02-07T04:18:58Z,2026-02-07T12:50:00Z,47,47,Determined upon crew arrival,In Progres,OUTAGE,Service Transformer,CAN,NORMAL,42.40401,-83.04489
SE26020601991,2026-02-07T05:26:19Z,2026-02-07T14:54:11Z,16,2026-02-07T04:25:17Z,2026-02-07T16:55:00Z,32,32,Equipment problem,In Progres,OUTAGE,Device (I),CAN,NORMAL,42.40281,-82.99115
SE26020601997,2026-02-07T05:26:19Z,2026-02-07T17:02:45Z,20,2026-02-07T04:30:22Z,2026-02-07T17:00:00Z,2,2,Determined upon crew arrival,In Progres,OUTAGE,Service Secondary,RFD,NORMAL,42.40787,-83.20236
SE26020602006,2026-02-07T05:26:19Z,2026-02-07T20:29:10Z,26,2026-02-07T04:52:58Z,2026-02-07T21:25:00Z,1,1,Determined upon crew arrival,In Progres,OUTAGE,Single Customer,CAN,NORMAL,42.31682,-83.08738
SE26020602007,2026-02-07T05:26:19Z,2026-02-07T15:49:09Z,18,2026-02-06T20:27:34Z,2026-02-07T21:25:00Z,1,1,Determined upon crew arrival,In Progres,OUTAGE,Single Customer,CAN,NORMAL,42.3989,-83.08532
SE26020700001,2026-02-07T05:26:19Z,2026-02-07T07:45:48Z,4,2026-02-07T05:07:20Z,2026-02-07T09:35:00Z,1,1,Determined upon crew arrival,New,OUTAGE,Single Customer,CAN,NORMAL,42.44833,-82.97657
SE26020700004,2026-02-07T05:26:19Z,2026-02-07T05:26:19Z,1,2026-02-07T04:57:11Z,,1,1,Determined upon crew arrival,New,OUTAGE,Single Customer,CAN,NORMAL,42.41694,-82.98518
SE26020700026,2026-02-07T06:03:32Z,2026-02-07T06:03:32Z,1,2026-02-07T05:23:25Z,2026-02-07T09:55:00Z,1,1,Determined upon crew arrival,New,OUTAGE,Single Customer,RFD,NORMAL,42.33573,-83.14983
SE26020700029,2026-02-07T06:03:32Z,2026-02-07T06:03:32Z,1,2026-02-07T05:24:26Z,2026-02-07T09:55:00Z,1,1,Determined upon crew arrival,New,OUTAGE,Single Customer,RFD,NORMAL,42.33458,-83.15008
SE26020700032,2026-02-07T06:03:32Z,2026-02-07T10:54:33Z,8,2026-02-07T05:08:06Z,2026-02-07T13:55:00Z,13,13,Equipment problem,In Progres,OUTAGE,Service Transformer,CAN,NORMAL,42.44746,-82.97655
SE26020700038,2026-02-07T06:03:32Z,2026-02-07T09:03:06Z,5,2026-02-07T05:16:30Z,2026-02-07T10:00:00Z,385,376,Public Interference w/DTE equip,In Progres,OUTAGE,Device (II),RFD,NORMAL,42.33122,-83.15718
SE26020700040,2026-02-07T06:03:32Z,2026-02-07T06:03:32Z,1,2026-02-07T05:32:08Z,2026-02-07T10:00:00Z,1,1,Determined upon crew arrival,New,OUTAGE,Single Customer,RFD,NORMAL,42.33058,-83.14697
NE26020700054,2026-02-07T07:02:05Z,2026-02-07T07:02:05Z,1,2026-02-07T06:03:25Z,2026-02-07T10:35:00Z,1,1,Determined upon crew arrival,New,OUTAGE,Single Customer,NAE,NORMAL,43.68586,-82.74487
NE26020700055,2026-02-07T07:02:05Z,2026-02-07T07:02:05Z,1,2026-02-07T06:04:47Z,2026-02-07T10:35:00Z,1,1,Determined upon crew arrival,New,OUTAGE,Single Customer,NAE,NORMAL,43.7116,-82.83044
SE26020700053,2026-02-07T07:02:05Z,2026-02-07T07:02:05Z,1,2026-02-07T06:01:34Z,2026-02-07T10:30:00Z,1,1,Determined upon crew arrival,New,OUTAGE,Single Customer,RFD,NORMAL,42.43091,-83.14407
SW26020700048,2026-02-07T07:02:05Z,2026-02-07T18:49:56Z,21,2026-02-07T01:33:42Z,2026-02-07T22:20:00Z,3,3,Determined upon crew arrival,In Progres,OUTAGE,Service Transformer,WWS,NORMAL,42.2748,-83.3947
SW26020700060,2026-02-07T07:02:05Z,2026-02-07T17:59:50Z,20,2026-02-06T22:20:57Z,2026-02-07T22:55:00Z,1,1,Meter Issue,In Progres,OUTAGE,Single Customer,WWS,NORMAL,42.25214,-83.42156
SE26020700064,2026-02-07T07:45:48Z,2026-02-07T15:26:37Z,14,2026-02-07T07:13:53Z,2026-02-07T15:45:00Z,58,58,Equipment problem,In Progres,OUTAGE,Device (I),RFD,NORMAL,42.45161,-83.30076
NE26020700071,2026-02-07T08:33:35Z,2026-02-07T08:33:35Z,1,2026-02-07T07:55:47Z,2026-02-07T12:40:00Z,1,1,Determined upon crew arrival,New,OUTAGE,Single Customer,MAR,NORMAL,43.02005,-82.52949
NE26020700072,2026-02-07T08:33:35Z,2026-02-07T08:33:35Z,1,2026-02-07T07:55:48Z,2026-02-07T12:40:00Z,1,1,Determined upon crew arrival,New,OUTAGE,Single Customer,MAR,NORMAL,43.01468,-82.50264
NE26020700075,2026-02-07T08:33:35Z,2026-02-07T09:45:26Z,3,2026-02-07T08:13:11Z,2026-02-07T12:45:00Z,1,1,Determined upon crew arrival,New,OUTAGE,Single Customer,NAE,NORMAL,43.66165,-82.67464
SE26020700065,2026-02-07T08:33:35Z,2026-02-07T08:33:35Z,1,2026-02-07T07:34:18Z,2026-02-07T12:05:00Z,1,1,Determined upon crew arrival,New,SERVICE DOWN NO,,CAN,NORMAL,42.37389,-82.94405
SE26020700067,2026-02-07T08:33:35Z,2026-02-07T09:03:06Z,2,2026-02-07T07:45:15Z,2026-02-07T12:15:00Z,1,1,Determined upon crew arrival,In Progres,PRIORITY,,RFD,NORMAL,42.33313,-83.15958
NE26020700083,2026-02-07T10:28:00Z,2026-02-07T13:53:36Z,7,2026-02-07T09:43:36Z,2026-02-07T14:15:00Z,1,1,Determined upon crew arrival,In Progres,OUTAGE,Single Customer,NAE,NORMAL,43.6579,-82.66991
NW26020700086,2026-02-07T10:54:33Z,2026-02-07T17:43:29Z,13,2026-02-07T10:18:59Z,2026-02-07T18:50:00Z,5,5,Equipment problem,In Progres,OUTAGE,Device (II),PON,NORMAL,42.54718,-83.12589
SW26020700085,2026-02-07T10:54:33Z,2026-02-07T11:45:10Z,3,2026-02-07T10:17:38Z,2026-02-07T14:50:00Z,2,2,Determined upon crew arrival,In Progres,OUTAGE,Service Secondary,NPT,NORMAL,42.1471,-83.19535
SW26020700087,2026-02-07T10:54:33Z,2026-02-07T17:02:45Z,12,2026-02-07T10:17:38Z,2026-02-07T18:55:00Z,10,2,Wind damage,In Progres,OUTAGE,Service Transformer,NPT,NORMAL,42.14645,-83.19683
SW26020700090,2026-02-07T10:54:33Z,2026-02-07T10:54:33Z,1,2026-02-07T10:24:03Z,2026-02-07T15:00:00Z,1,1,Determined upon crew arrival,New,OUTAGE,Single Customer,WWS,NORMAL,42.27284,-83.38187
SW26020700092,2026-02-07T10:54:33Z,2026-02-07T13:04:32Z,5,2026-02-07T10:43:45Z,2026-02-07T15:15:00Z,1,1,Determined upon crew arrival,In Progres,OUTAGE,Single Customer,NPT,NORMAL,41.93947,-83.32193
SE26020700097,2026-02-07T11:57:22Z,2026-02-07T15:49:09Z,7,2026-02-07T05:26:43Z,2026-02-07T16:15:00Z,13,13,Determined upon crew arrival,In Progres,OUTAGE,Service Transformer,CAN,NORMAL,42.44746,-82.97655
NW26020700102,2026-02-07T13:04:32Z,2026-02-07T20:29:10Z,14,2026-02-07T12:30:40Z,2026-02-08T05:00:00Z,1,1,Public Interference w/DTE equip,In Progres,OUTAGE,Single Customer,PON,NORMAL,42.65698,-83.37853
SE26020700099,2026-02-07T13:04:32Z,2026-02-07T22:56:13Z,18,2026-02-07T11:49:14Z,2026-02-08T04:20:00Z,1,1,Equipment problem,In Progres,OUTAGE,Single Customer,RFD,NORMAL,42.27311,-83.26812
NE26020700105,2026-02-07T13:53:36Z,2026-02-07T14:54:11Z,3,2026-02-07T12:50:03Z,2026-02-07T17:20:00Z,1,1,Equipment problem,In Progres,OUTAGE,Single Customer,MTC,NORMAL,42.49838,-83.00577
NW26020700109,2026-02-07T13:53:36Z,2026-02-07T13:53:36Z,1,2026-02-07T12:54:25Z,2026-02-07T17:25:00Z,20,20,Equipment problem,In Progres,OUTAGE,Device (I),HWL,NORMAL,42.48478,-83.621
NW26020700110,2026-02-07T13:53:36Z,2026-02-07T17:43:29Z,8,2026-02-07T12:57:47Z,2026-02-07T17:30:00Z,1,1,Equipment problem,In Progres,OUTAGE,Single Customer,HWL,NORMAL,42.57083,-84.03632
NW26020700117,2026-02-07T13:53:36Z,2026-02-08T11:45:34Z,30,2026-02-07T13:24:59Z,2026-02-08T13:55:00Z,1,1,Equipment problem,In Progres,PRIORITY,,SBY,NORMAL,42.55005,-83.03681
NW26020700124,2026-02-07T13:53:36Z,2026-02-07T17:02:45Z,7,2026-02-07T13:30:15Z,2026-02-07T18:10:00Z,34,34,Equipment problem,In Progres,OUTAGE,Service Transformer,PON,NORMAL,42.54377,-83.09608
SE26020700115,2026-02-07T13:53:36Z,2026-02-07T15:26:37Z,4,2026-02-07T13:03:48Z,2026-02-07T17:35:00Z,1,1,Determined upon crew arrival,In Progres,OUTAGE,Single Customer,CAN,NORMAL,42.41749,-82.99532
SW26020700108,2026-02-07T13:53:36Z,2026-02-07T14:27:26Z,2,2026-02-07T00:21:20Z,2026-02-07T17:25:00Z,1,1,Determined upon crew arrival,In Progres,OUTAGE,Single Customer,WWS,NORMAL,42.39356,-83.4957
NE26020700130,2026-02-07T14:27:26Z,2026-02-07T18:49:56Z,9,2026-02-07T13:47:05Z,2026-02-08T06:15:00Z,1,1,Equipment problem,In Progres,OUTAGE,Single Customer,MTC,NORMAL,42.51308,-82.96932
NE26020700133,2026-02-07T14:27:26Z,2026-02-07T16:32:04Z,5,2026-02-07T13:38:48Z,2026-02-07T18:25:00Z,293,202,Equipment problem,In Progres,OUTAGE,Device (II),MTC,NORMAL,42.50886,-83.08082
NW26020700141,2026-02-07T14:27:26Z,2026-02-07T16:32:04Z,5,2026-02-07T14:10:45Z,2026-02-07T18:45:00Z,19,19,Determined upon crew arrival,In Progres,OUTAGE,Device (I),SBY,NORMAL,42.71318,-83.13289
SE26020700137,2026-02-07T14:27:26Z,2026-02-07T15:26:37Z,3,2026-02-07T14:00:15Z,2026-02-07T18:35:00Z,1,1,Determined upon crew arrival,In Progres,OUTAGE,Single Customer,CAN,NORMAL,42.43468,-83.06254
SE26020700142,2026-02-07T14:27:26Z,2026-02-07T14:27:26Z,1,2026-02-07T13:58:59Z,,1,1,Determined upon crew arrival,New,OUTAGE,Single Customer,RFD,NORMAL,42.3863,-83.20584
SW26020700129,2026-02-07T14:27:26Z,2026-02-07T15:49:09Z,4,2026-02-07T13:40:32Z,2026-02-07T18:15:00Z,1,1,Determined upon crew arrival,In Progres,OUTAGE,Single Customer,WWS,NORMAL,42.15787,-83.3954
SW26020700135,2026-02-07T14:27:26Z,2026-02-07T15:26:37Z,3,2026-02-07T14:02:17Z,2026-02-07T18:30:00Z,1,1,Determined upon crew arrival,In Progres,OUTAGE,Single Customer,WWS,NORMAL,42.27284,-83.38187
SE26020700144,2026-02-07T14:54:11Z,2026-02-07T16:32:04Z,4,2026-02-07T04:26:45Z,2026-02-07T18:50:00Z,1,1,Determined upon crew arrival,In Progres,OUTAGE,Single Customer,CAN,NORMAL,42.39299,-83.00878
SE26020700148,2026-02-07T14:54:11Z,2026-02-07T17:59:50Z,7,2026-02-07T14:29:33Z,2026-02-07T19:00:00Z,1,1,Determined upon crew arrival,In Progres,SERVICE DOWN NO,,CAN,NORMAL,42.42992,-82.94761
SE26020700151,2026-02-07T14:54:11Z,2026-02-08T00:02:22Z,17,2026-02-06T14:22:34Z,2026-02-08T07:05:00Z,1,1,Equipment problem,In Progres,OUTAGE,Single Customer,RFD,NORMAL,42.37982,-83.14549
SE26020700160,2026-02-07T15:26:37Z,2026-02-07T15:26:37Z,1,2026-02-07T05:07:20Z,2026-02-07T19:30:00Z,1,1,Determined upon crew arrival,In Progres,OUTAGE,Single Customer,CAN,NORMAL,42.44833,-82.97657
SE26020700165,2026-02-07T15:26:37Z,2026-02-08T10:47:37Z,25,2026-02-07T15:10:05Z,2026-02-08T19:40:00Z,1,1,Equipment problem,In Progres,OUTAGE,Single Customer,RFD,NORMAL,42.38666,-83.18677
SW26020700162,2026-02-07T15:26:37Z,2026-02-07T17:43:29Z,5,2026-02-07T15:03:49Z,2026-02-07T19:35:00Z,345,187,Determined upon crew arrival,In Progres,OUTAGE,Device (II),WWS,NORMAL,42.34239,-83.31639
SE26020700175,2026-02-07T15:49:09Z,2026-02-07T16:32:04Z,2,2026-02-07T05:34:06Z,2026-02-07T19:55:00Z,1,1,Determined upon crew arrival,PC3 Verifi,OUTAGE,Single Customer,RFD,NORMAL,42.33382,-83.15204
SW26020700176,2026-02-07T15:49:09Z,2026-02-07T20:29:10Z,9,2026-02-07T15:24:57Z,2026-02-08T07:55:00Z,1,1,Equipment problem,In Progres,OUTAGE,Single Customer,NPT,NORMAL,41.86375,-83.65247
NW26020700186,2026-02-07T16:32:04Z,2026-02-08T00:02:22Z,14,2026-02-07T15:45:39Z,2026-02-08T08:15:00Z,1,1,Equipment problem,In Progres,OUTAGE,Single Customer,PON,NORMAL,42.54288,-83.3918
NW26020700195,2026-02-07T16:32:04Z,2026-02-07T16:32:04Z,1,2026-02-07T15:57:07Z,2026-02-07T20:40:00Z,1,1,Determined upon crew arrival,In Progres,OUTAGE,Single Customer,PON,NORMAL,42.61523,-83.29211
SE26020700192,2026-02-07T16:32:04Z,2026-02-07T20:29:10Z,8,2026-02-07T15:59:59Z,2026-02-07T20:30:00Z,1,1,Determined upon crew arrival,In Progres,OUTAGE,Single Customer,CAN,NORMAL,42.34424,-83.03736
SE26020700194,2026-02-07T16:32:04Z,2026-02-07T17:02:45Z,2,2026-02-07T16:09:48Z,2026-02-07T20:40:00Z,2,2,Determined upon crew arrival,In Progres,OUTAGE,Service Secondary,RFD,NORMAL,42.31353,-83.11891
SW26020700179,2026-02-07T16:32:04Z,2026-02-07T18:49:56Z,5,2026-02-07T15:35:13Z,2026-02-07T20:05:00Z,1,1,Determined upon crew arrival,In Progres,OUTAGE,Single Customer,WWS,NORMAL,42.25154,-83.40139
SW26020700196,2026-02-07T16:32:04Z,2026-02-07T19:45:54Z,7,2026-02-07T16:04:51Z,2026-02-07T20:45:00Z,19,19,Equipment problem,In Progres,OUTAGE,Service Transformer,WWS,NORMAL,42.27563,-83.33788
SW26020700197,2026-02-07T16:32:04Z,2026-02-07T17:02:45Z,2,2026-02-07T16:02:02Z,2026-02-07T20:45:00Z,2,2,Determined upon crew arrival,In Progres,OUTAGE,Service Secondary,WWS,NORMAL,42.34205,-83.37488
NW26020700205,2026-02-07T17:02:45Z,2026-02-07T18:49:56Z,4,2026-02-07T16:37:50Z,2026-02-07T21:10:00Z,1,1,Equipment problem,In Progres,OUTAGE,Single Customer,PON,NORMAL,42.59807,-83.38433
SE26020700203,2026-02-07T17:02:45Z,2026-02-07T17:02:45Z,1,2026-02-07T16:32:29Z,2026-02-07T21:05:00Z,1,1,Determined upon crew arrival,New,OUTAGE,Single Customer,RFD,NORMAL,42.45229,-83.23449
NE26020700220,2026-02-07T17:43:29Z,2026-02-07T19:45:54Z,5,2026-02-07T17:08:46Z,2026-02-07T21:40:00Z,11,11,Equipment problem,In Progres,OUTAGE,Service Transformer,LAP,NORMAL,43.02402,-83.07278
NE26020700223,2026-02-07T17:43:29Z,2026-02-07T18:49:56Z,3,2026-02-07T17:16:10Z,2026-02-07T21:45:00Z,1,1,Determined upon crew arrival,In Progres,SERVICE DOWN NO,,MTC,NORMAL,42.45547,-83.02021
NW26020700227,2026-02-07T17:43:29Z,2026-02-07T20:29:10Z,6,2026-02-07T17:21:32Z,2026-02-07T21:50:00Z,1,1,Equipment problem,In Progres,PRIORITY,,HWL,NORMAL,42.45558,-83.65893
NW26020700236,2026-02-07T17:59:50Z,2026-02-07T17:59:50Z,1,2026-02-07T17:28:14Z,,1,1,Determined upon crew arrival,New,OUTAGE,Single Customer,HWL,NORMAL,42.56903,-83.97896
NW26020700240,2026-02-07T18:49:56Z,2026-02-07T19:25:31Z,2,2026-02-07T16:25:52Z,2026-02-07T22:25:00Z,1,1,Determined upon crew arrival,In Progres,OUTAGE,Single Customer,HWL,NORMAL,42.51355,-83.64765
NW26020700241,2026-02-07T18:49:56Z,2026-02-07T18:49:56Z,1,2026-02-07T02:34:26Z,2026-02-07T19:15:00Z,56,56,Determined upon crew arrival,In Progres,OUTAGE,Device (II),PON,NORMAL,42.54552,-83.12692
NW26020700246,2026-02-07T18:49:56Z,2026-02-07T20:29:10Z,4,2026-02-07T18:17:18Z,2026-02-07T22:50:00Z,1,1,Determined upon crew arrival,In Progres,OUTAGE,Single Customer,PON,NORMAL,42.57084,-83.36365
SE26020700251,2026-02-07T18:49:56Z,2026-02-07T18:49:56Z,1,2026-02-07T18:29:29Z,2026-02-07T23:00:00Z,1,1,Determined upon crew arrival,PC3 Verifi,OUTAGE,Single Customer,RFD,NORMAL,42.38847,-83.27477
SW26020700253,2026-02-07T18:49:56Z,2026-02-07T18:49:56Z,1,2026-02-07T18:37:08Z,2026-02-07T23:05:00Z,1,1,Determined upon crew arrival,New,OUTAGE,Single Customer,WWS,NORMAL,42.3438,-83.31887
SE26020700274,2026-02-07T19:25:31Z,2026-02-07T20:29:10Z,3,2026-02-07T19:09:01Z,2026-02-07T23:40:00Z,2,2,Equipment problem,In Progres,OUTAGE,Service Secondary,RFD,NORMAL,42.38758,-83.27314
SE26020700279,2026-02-07T19:25:31Z,2026-02-07T20:29:10Z,3,2026-02-07T19:12:08Z,2026-02-07T23:40:00Z,1,1,Determined upon crew arrival,In Progres,OUTAGE,Single Customer,RFD,NORMAL,42.38903,-83.27257
SW26020700257,2026-02-07T19:25:31Z,2026-02-07T20:29:10Z,3,2026-02-07T18:35:16Z,2026-02-07T23:15:00Z,158,158,Determined upon crew arrival,In Progres,OUTAGE,Device (II),WWS,NORMAL,42.34252,-83.31887
SE26020700283,2026-02-07T19:45:54Z,2026-02-07T20:29:10Z,2,2026-02-07T19:00:39Z,2026-02-07T23:45:00Z,2,2,Equipment problem,In Progres,OUTAGE,Service Secondary,RFD,NORMAL,42.38624,-83.28135
SE26020700286,2026-02-07T19:45:54Z,2026-02-08T00:02:22Z,8,2026-02-07T19:16:15Z,2026-02-07T23:45:00Z,1,1,Determined upon crew arrival,In Progres,OUTAGE,Single Customer,CAN,NORMAL,42.41095,-83.1306
SW26020700289,2026-02-07T19:45:54Z,2026-02-07T21:51:14Z,4,2026-02-07T19:24:25Z,2026-02-08T00:00:00Z,1,1,Determined upon crew arrival,In Progres,OUTAGE,Single Customer,WWS,NORMAL,42.25576,-83.29107
SE26020700291,2026-02-07T20:29:10Z,2026-02-07T20:29:10Z,1,2026-02-07T19:34:33Z,2026-02-08T00:05:00Z,1,1,Determined upon crew arrival,In Progres,OUTAGE,Single Customer,RFD,NORMAL,42.48934,-83.18758
NE26020700313,2026-02-07T21:27:20Z,2026-02-08T00:02:22Z,6,2026-02-07T20:34:28Z,2026-02-08T01:05:00Z,1,1,Determined upon crew arrival,In Progres,OUTAGE,Single Customer,MTC,NORMAL,42.50053,-82.96391
NE26020700381,2026-02-07T21:27:20Z,2026-02-07T21:27:20Z,1,2026-02-07T20:09:04Z,2026-02-08T01:35:00Z,1,1,Determined upon crew arrival,In Progres,OUTAGE,Single Customer,MTC,NORMAL,42.45371,-83.08229
NE26020700385,2026-02-07T21:27:20Z,2026-02-07T21:27:20Z,1,2026-02-07T20:32:46Z,,1,1,Determined upon crew arrival,New,OUTAGE,Single Customer,MTC,NORMAL,42.52312,-82.92364
NW26020700383,2026-02-07T21:27:20Z,2026-02-07T21:51:14Z,2,2026-02-07T21:10:48Z,2026-02-08T01:40:00Z,1,1,Determined upon crew arrival,In Progres,OUTAGE,Single Customer,PON,NORMAL,42.54377,-83.09608
SE26020700378,2026-02-07T21:27:20Z,2026-02-07T21:51:14Z,2,2026-02-07T21:02:56Z,2026-02-08T01:35:00Z,2,2,Determined upon crew arrival,PC3 Verifi,OUTAGE,Service Secondary,RFD,NORMAL,42.32824,-83.30417
NE26020700391,2026-02-07T21:51:14Z,2026-02-08T07:08:01Z,9,2026-02-07T21:35:29Z,2026-02-08T10:05:00Z,1,1,Determined upon crew arrival,In Progres,PRIORITY,,MTC,NORMAL,42.52227,-82.95158
NW26020700394,2026-02-07T21:51:14Z,2026-02-08T00:02:22Z,5,2026-02-07T21:39:34Z,2026-02-08T02:10:00Z,1,1,Equipment problem,In Progres,OUTAGE,Single Customer,PON,NORMAL,42.63979,-83.51313
SW26020700390,2026-02-07T21:51:14Z,2026-02-08T00:02:22Z,5,2026-02-07T19:52:24Z,2026-02-08T02:00:00Z,1,1,Determined upon crew arrival,In Progres,OUTAGE,Single Customer,WWS,NORMAL,42.45437,-83.36843
SE26020700402,2026-02-07T22:27:44Z,2026-02-08T00:02:22Z,4,2026-02-07T21:02:56Z,2026-02-08T02:30:00Z,5,5,Equipment problem,In Progres,OUTAGE,Service Secondary,RFD,NORMAL,42.3288,-83.30417
SW26020700410,2026-02-07T22:56:13Z,2026-02-08T00:02:22Z,3,2026-02-07T16:45:47Z,2026-02-08T03:00:00Z,1,1,Determined upon crew arrival,In Progres,OUTAGE,Single Customer,WWS,NORMAL,42.23654,-83.38468
NE26020700413,2026-02-07T23:34:09Z,2026-02-08T03:34:32Z,3,2026-02-07T01:12:09Z,2026-02-08T03:25:00Z,1,1,Equipment problem,In Progres,OUTAGE,Single Customer,MTC,NORMAL,42.4797,-82.92066
NE26020700415,2026-02-07T23:34:09Z,2026-02-08T00:02:22Z,2,2026-02-07T22:56:15Z,2026-02-08T03:25:00Z,1,1,Determined upon crew arrival,PC3 Verifi,OUTAGE,Single Customer,MTC,NORMAL,42.52111,-82.95279
NW26020700416,2026-02-07T23:34:09Z,2026-02-08T00:02:22Z,2,2026-02-07T22:58:34Z,2026-02-08T03:30:00Z,1,1,Determined upon crew arrival,In Progres,OUTAGE,Single Customer,SBY,NORMAL,42.55809,-83.07297
SE26020700420,2026-02-07T23:34:09Z,2026-02-07T23:34:09Z,1,2026-02-07T23:14:02Z,,1,1,Determined upon crew arrival,New,OUTAGE,Single Customer,RFD,NORMAL,42.37982,-83.14549
SW26020700423,2026-02-08T00:02:22Z,2026-02-08T00:02:22Z,1,2026-02-07T21:53:15Z,2026-02-08T03:50:00Z,1,1,Determined upon crew arrival,In Progres,OUTAGE,Single Customer,WWS,NORMAL,42.13123,-83.53653
SW26020700426,2026-02-08T00:02:22Z,2026-02-08T14:56:37Z,16,2026-02-07T23:31:11Z,2026-02-08T16:00:00Z,1,1,Equipment problem,In Progres,OUTAGE,Single Customer,WWS,NORMAL,42.33408,-83.34438
NE26020700449,2026-02-08T03:34:32Z,2026-02-08T03:34:32Z,1,2026-02-08T03:10:55Z,2026-02-08T07:40:00Z,1,1,Determined upon crew arrival,New,OUTAGE,Single Customer,LAP,NORMAL,42.81037,-83.25821
NW26020700436,2026-02-08T03:34:32Z,2026-02-08T17:04:00Z,19,2026-02-08T01:00:09Z,2026-02-08T17:30:00Z,1,1,Equipment problem,In Progres,OUTAGE,Single Customer,SBY,NORMAL,42.55741,-83.06203
NW26020700442,2026-02-08T03:34:32Z,2026-02-08T09:44:57Z,8,2026-02-08T01:50:12Z,2026-02-08T18:20:00Z,1,1,Equipment problem,In Progres,OUTAGE,Single Customer,PON,NORMAL,42.61607,-83.16921
SE26020700429,2026-02-08T03:34:32Z,2026-02-08T14:56:37Z,15,2026-02-07T18:10:36Z,2026-02-08T16:25:00Z,1,1,Energy theft,In Progres,OUTAGE,Single Customer,RFD,NORMAL,42.36083,-83.20387
SE26020700432,2026-02-08T03:34:32Z,2026-02-08T17:44:24Z,20,2026-02-08T00:19:14Z,2026-02-09T04:50:00Z,1,1,Determined upon crew arrival,In Progres,OUTAGE,Single Customer,CAN,NORMAL,42.39531,-83.12484
SE26020700435,2026-02-08T03:34:32Z,2026-02-08T07:08:01Z,4,2026-02-08T00:36:28Z,2026-02-08T17:05:00Z,1,1,Determined upon crew arrival,New,OUTAGE,Single Customer,RFD,NORMAL,42.33054,-83.30421
SE26020700445,2026-02-08T03:34:32Z,2026-02-08T03:34:32Z,1,2026-02-08T02:17:43Z,2026-02-08T06:50:00Z,12,12,Determined upon crew arrival,In Progres,OUTAGE,Service Transformer,RFD,NORMAL,42.3831,-83.25543
NE26020700450,2026-02-08T05:17:07Z,2026-02-08T07:08:01Z,3,2026-02-08T03:25:41Z,2026-02-08T07:55:00Z,1,1,Determined upon crew arrival,In Progres,OUTAGE,Single Customer,MTC,NORMAL,42.46748,-82.8936
NE26020700451,2026-02-08T05:17:07Z,2026-02-08T06:11:30Z,2,2026-02-08T03:33:19Z,2026-02-08T08:05:00Z,1,1,Determined upon crew arrival,In Progres,OUTAGE,Single Customer,MAR,NORMAL,42.93542,-82.45496
SE26020700452,2026-02-08T05:17:07Z,2026-02-08T15:59:06Z,16,2026-02-06T23:57:11Z,2026-02-08T20:15:00Z,1,1,Equipment problem,In Progres,OUTAGE,Single Customer,RFD,NORMAL,42.21497,-83.18994
SW26020700455,2026-02-08T05:17:07Z,2026-02-08T05:17:07Z,1,2026-02-08T04:38:31Z,2026-02-08T09:10:00Z,1,1,Equipment problem,In Progres,OUTAGE,Single Customer,ANN,NORMAL,42.25359,-83.72798
NE26020800002,2026-02-08T07:08:01Z,2026-02-08T07:08:01Z,1,2026-02-08T06:41:45Z,2026-02-08T11:25:00Z,1,1,Determined upon crew arrival,New,OUTAGE,Single Customer,NAE,NORMAL,43.32176,-83.61269
SW26020800004,2026-02-08T08:35:25Z,2026-02-08T14:56:37Z,10,2026-02-08T08:07:51Z,2026-02-09T00:40:00Z,1,1,Equipment problem,In Progres,OUTAGE,Single Customer,ANN,NORMAL,42.25359,-83.72798
NE26020800017,2026-02-08T11:24:08Z,2026-02-08T15:59:06Z,8,2026-02-08T10:37:19Z,2026-02-09T03:30:00Z,1,1,Determined upon crew arrival,In Progres,OUTAGE,Single Customer,MTC,NORMAL,42.68616,-82.81264
NE26020800031,2026-02-08T13:46:05Z,2026-02-08T14:56:37Z,3,2026-02-07T20:09:04Z,2026-02-08T17:40:00Z,1,1,Determined upon crew arrival,In Progres,OUTAGE,Single Customer,MTC,NORMAL,42.45371,-83.08229
SE26020800034,2026-02-08T13:46:05Z,2026-02-08T17:44:24Z,8,2026-02-08T13:29:43Z,2026-02-08T18:00:00Z,1,1,Determined upon crew arrival,In Progres,OUTAGE,Single Customer,CAN,NORMAL,42.36523,-83.0246
SE26020800035,2026-02-08T13:46:05Z,2026-02-08T18:00:46Z,9,2026-02-08T13:29:53Z,2026-02-08T18:00:00Z,1,1,Meter Issue,In Progres,OUTAGE,Single Customer,CAN,NORMAL,42.39574,-83.11866
SW26020800028,2026-02-08T13:46:05Z,2026-02-08T15:31:40Z,4,2026-02-08T13:01:09Z,2026-02-08T17:30:00Z,1,1,Equipment problem,In Progres,OUTAGE,Single Customer,ANN,NORMAL,42.29072,-83.76891
NW26020800040,2026-02-08T14:56:37Z,2026-02-08T15:31:40Z,2,2026-02-08T14:27:07Z,2026-02-08T18:55:00Z,2,2,Equipment problem,In Progres,OUTAGE,Service Secondary,PON,NORMAL,42.63017,-83.26409
NW26020800049,2026-02-08T15:31:40Z,2026-02-08T15:59:06Z,2,2026-02-08T14:57:57Z,2026-02-08T19:30:00Z,10,10,Animal/bird damaged DTE equip,In Progres,OUTAGE,Device (II),SBY,NORMAL,42.83043,-83.06781
NW26020800062,2026-02-08T15:31:40Z,2026-02-08T15:31:40Z,1,2026-02-08T14:52:59Z,2026-02-08T19:40:00Z,2,2,Determined upon crew arrival,New,OUTAGE,Service Secondary,PON,NORMAL,42.70013,-83.31761
SW26020800055,2026-02-08T15:31:40Z,2026-02-08T15:31:40Z,1,2026-02-08T15:02:52Z,2026-02-08T19:35:00Z,164,164,Equipment problem,In Progres,OUTAGE,Device (II),ANN,NORMAL,42.25121,-83.58999
SW26020800058,2026-02-08T15:31:40Z,2026-02-08T15:31:40Z,1,2026-02-08T15:03:28Z,2026-02-08T19:35:00Z,2,2,Equipment problem,PC3 Verifi,OUTAGE,Service Secondary,ANN,NORMAL,42.25225,-83.58864
NW26020800080,2026-02-08T15:59:06Z,2026-02-08T18:00:46Z,5,2026-02-08T15:35:35Z,2026-02-08T20:05:00Z,1,1,Equipment problem,In Progres,OUTAGE,Single Customer,PON,NORMAL,42.57593,-83.28932
SW26020800069,2026-02-08T15:59:06Z,2026-02-08T15:59:06Z,1,2026-02-08T15:33:37Z,2026-02-08T20:05:00Z,28,28,Determined upon crew arrival,New,OUTAGE,Device (II),WWS,NORMAL,42.37192,-83.32865
SW26020800071,2026-02-08T15:59:06Z,2026-02-08T18:00:46Z,5,2026-02-08T15:31:46Z,2026-02-08T20:05:00Z,277,277,Animal/bird damaged DTE equip,Pending,OUTAGE,Device (II),WWS,NORMAL,42.37275,-83.31596
SW26020800084,2026-02-08T15:59:06Z,2026-02-08T19:47:37Z,8,2026-02-08T15:37:58Z,2026-02-08T20:10:00Z,1,1,Determined upon crew arrival,In Progres,OUTAGE,Single Customer,WWS,NORMAL,42.38008,-83.31481
SW26020800088,2026-02-08T15:59:06Z,2026-02-08T15:59:06Z,1,2026-02-08T15:43:04Z,,1,1,Determined upon crew arrival,New,OUTAGE,Single Customer,WWS,NORMAL,42.37509,-83.31797
NE26020800116,2026-02-08T16:42:05Z,2026-02-08T16:42:05Z,1,2026-02-08T16:12:53Z,,1,1,Determined upon crew arrival,New,OUTAGE,Single Customer,LAP,NORMAL,42.96356,-83.31883
NW26020800111,2026-02-08T16:42:05Z,2026-02-08T17:04:00Z,2,2026-02-08T16:19:47Z,2026-02-08T20:55:00Z,5,5,Equipment problem,In Progres,OUTAGE,Device (I),HWL,NORMAL,42.64675,-84.04096
NW26020800117,2026-02-08T16:42:05Z,2026-02-08T17:04:00Z,2,2026-02-08T16:19:47Z,2026-02-08T21:00:00Z,10,10,Equipment problem,In Progres,OUTAGE,Device (I),HWL,NORMAL,42.64684,-84.03709
SW26020800114,2026-02-08T16:42:05Z,2026-02-08T23:58:51Z,15,2026-02-08T16:23:54Z,2026-02-09T00:55:00Z,32,32,Problem with the customer equip,In Progres,OUTAGE,Service Transformer,WWS,NORMAL,42.30907,-83.35486
SW26020800115,2026-02-08T16:42:05Z,2026-02-08T18:55:33Z,5,2026-02-08T16:26:37Z,2026-02-08T20:55:00Z,1,1,Determined upon crew arrival,In Progres,OUTAGE,Single Customer,WWS,NORMAL,42.3062,-83.38769
SW26020800120,2026-02-08T17:04:00Z,2026-02-08T18:00:46Z,3,2026-02-08T16:41:28Z,2026-02-08T21:15:00Z,6,6,Animal/bird damaged DTE equip,In Progres,OUTAGE,Service Transformer,NPT,NORMAL,42.08447,-83.18793
NE26020800132,2026-02-08T17:44:24Z,2026-02-08T18:00:46Z,2,2026-02-08T14:58:33Z,2026-02-08T21:25:00Z,1,1,Determined upon crew arrival,In Progres,OUTAGE,Single Customer,MTC,NORMAL,42.46926,-83.01132
NW26020800123,2026-02-08T17:44:24Z,2026-02-08T17:44:24Z,1,2026-02-08T16:50:34Z,2026-02-08T21:20:00Z,1,1,Determined upon crew arrival,In Progres,OUTAGE,Single Customer,PON,NORMAL,42.80016,-83.37126
SE26020800156,2026-02-08T17:44:24Z,2026-02-08T19:27:25Z,4,2026-02-08T17:14:52Z,2026-02-08T21:50:00Z,2,2,Determined upon crew arrival,In Progres,OUTAGE,Service Secondary,CAN,NORMAL,42.38849,-83.13089
SW26020800125,2026-02-08T17:44:24Z,2026-02-08T17:44:24Z,1,2026-02-08T16:53:00Z,2026-02-08T21:25:00Z,1,1,Determined upon crew arrival,New,OUTAGE,Single Customer,WWS,NORMAL,42.27361,-83.33894
SW26020800128,2026-02-08T17:44:24Z,2026-02-08T17:44:24Z,1,2026-02-08T16:53:55Z,2026-02-08T21:25:00Z,1,1,Determined upon crew arrival,New,OUTAGE,Single Customer,WWS,NORMAL,42.26189,-83.34785
SW26020800129,2026-02-08T17:44:24Z,2026-02-08T17:44:24Z,1,2026-02-08T16:53:55Z,2026-02-08T21:25:00Z,1,1,Determined upon crew arrival,New,OUTAGE,Single Customer,WWS,NORMAL,42.26346,-83.3549
SW26020800130,2026-02-08T17:44:24Z,2026-02-08T17:44:24Z,1,2026-02-08T16:54:44Z,2026-02-08T21:25:00Z,1,1,Determined upon crew arrival,New,OUTAGE,Single Customer,WWS,NORMAL,42.26382,-83.35121
SW26020800136,2026-02-08T17:44:24Z,2026-02-08T17:44:24Z,1,2026-02-08T16:56:25Z,2026-02-08T21:25:00Z,1,1,Determined upon crew arrival,New,OUTAGE,Single Customer,WWS,NORMAL,42.27289,-83.34787
SW26020800139,2026-02-08T17:44:24Z,2026-02-08T17:44:24Z,1,2026-02-08T16:59:47Z,2026-02-08T21:30:00Z,1,1,Determined upon crew arrival,New,OUTAGE,Single Customer,WWS,NORMAL,42.27168,-83.34635
SW26020800145,2026-02-08T17:44:24Z,2026-02-08T17:44:24Z,1,2026-02-08T16:52:04Z,2026-02-08T21:35:00Z,110,110,Determined upon crew arrival,In Progres,OUTAGE,Device (II),WWS,NORMAL,42.26872,-83.35603
SW26020800147,2026-02-08T17:44:24Z,2026-02-08T18:00:46Z,2,2026-02-08T16:52:04Z,2026-02-08T21:35:00Z,79,79,Determined upon crew arrival,In Progres,OUTAGE,Device (I),WWS,NORMAL,42.26927,-83.3538
NE26020800163,2026-02-08T18:00:46Z,2026-02-08T21:28:32Z,7,2026-02-08T17:40:34Z,2026-02-08T22:10:00Z,1,1,Determined upon crew arrival,In Progres,OUTAGE,Single Customer,MAR,NORMAL,43.08422,-82.49476
NW26020800161,2026-02-08T18:00:46Z,2026-02-08T18:55:33Z,2,2026-02-08T17:38:33Z,2026-02-08T22:10:00Z,9,9,Determined upon crew arrival,In Progres,OUTAGE,Service Transformer,PON,NORMAL,42.60943,-83.22472
SW26020800164,2026-02-08T18:00:46Z,2026-02-08T18:00:46Z,1,2026-02-08T17:41:18Z,2026-02-08T22:10:00Z,1,1,Determined upon crew arrival,New,OUTAGE,Single Customer,WWS,NORMAL,42.37509,-83.31797
NE26020800177,2026-02-08T18:55:33Z,2026-02-08T18:55:33Z,1,2026-02-08T18:15:03Z,2026-02-08T22:45:00Z,31,31,Determined upon crew arrival,In Progres,OUTAGE,Service Transformer,MTC,NORMAL,42.46227,-83.01697
NW26020800171,2026-02-08T18:55:33Z,2026-02-08T22:28:45Z,8,2026-02-08T18:04:37Z,2026-02-08T22:35:00Z,3,3,Equipment problem,In Progres,OUTAGE,Single Customer,PON,NORMAL,42.55335,-83.40023
NW26020800186,2026-02-08T18:55:33Z,2026-02-08T22:58:48Z,9,2026-02-08T20:48:29Z,2026-02-08T23:00:00Z,160,108,Equipment problem,In Progres,OUTAGE,Device (II),PON,NORMAL,42.52836,-83.52178
SE26020800182,2026-02-08T18:55:33Z,2026-02-08T21:28:32Z,6,2026-02-08T18:29:54Z,2026-02-08T23:00:00Z,1,1,Equipment problem,In Progres,OUTAGE,Single Customer,RFD,NORMAL,42.26868,-83.17991
SW26020800173,2026-02-08T18:55:33Z,2026-02-08T20:29:33Z,4,2026-02-08T18:09:46Z,2026-02-08T22:40:00Z,8,8,Animal/bird damaged DTE equip,In Progres,OUTAGE,Service Transformer,WWS,NORMAL,42.44607,-83.42034
SW26020800202,2026-02-08T18:55:33Z,2026-02-08T20:29:33Z,4,2026-02-08T17:02:25Z,2026-02-08T23:10:00Z,1,1,Determined upon crew arrival,In Progres,OUTAGE,Single Customer,WWS,NORMAL,42.26357,-83.35228
NE26020800212,2026-02-08T19:27:25Z,2026-02-08T22:58:48Z,8,2026-02-08T19:03:53Z,2026-02-08T23:35:00Z,1,1,Determined upon crew arrival,In Progres,OUTAGE,Single Customer,MTC,NORMAL,42.46816,-83.01056
NW26020800203,2026-02-08T19:27:25Z,2026-02-08T20:29:33Z,3,2026-02-08T18:45:17Z,2026-02-08T23:15:00Z,182,182,Equipment problem,In Progres,OUTAGE,Device (II),HWL,NORMAL,42.59374,-83.65491
NW26020800208,2026-02-08T19:27:25Z,2026-02-08T19:47:37Z,2,2026-02-08T18:52:02Z,2026-02-08T23:20:00Z,3,3,Determined upon crew arrival,In Progres,OUTAGE,Device (I),SBY,NORMAL,42.71389,-83.09808
NW26020800211,2026-02-08T19:27:25Z,2026-02-08T19:47:37Z,2,2026-02-08T19:02:11Z,2026-02-08T23:30:00Z,1,1,Determined upon crew arrival,New,OUTAGE,Single Customer,PON,NORMAL,42.5522,-83.40166
NW26020800213,2026-02-08T19:27:25Z,2026-02-08T19:47:37Z,2,2026-02-08T19:06:20Z,2026-02-08T23:35:00Z,1,1,Determined upon crew arrival,PC3 Verifi,OUTAGE,Single Customer,PON,NORMAL,42.55247,-83.40071
NW26020800219,2026-02-08T20:29:33Z,2026-02-08T20:29:33Z,1,2026-02-08T19:37:37Z,2026-02-09T00:10:00Z,1,1,Determined upon crew arrival,In Progres,OUTAGE,Single Customer,HWL,NORMAL,42.58579,-83.6499
NW26020800220,2026-02-08T20:29:33Z,2026-02-08T21:28:32Z,3,2026-02-08T19:02:53Z,2026-02-09T00:10:00Z,1,1,Determined upon crew arrival,In Progres,SERVICE DOWN NO,,HWL,NORMAL,42.58993,-83.65328
SW26020800218,2026-02-08T20:29:33Z,2026-02-08T21:52:49Z,4,2026-02-08T19:37:08Z,2026-02-09T00:05:00Z,1,1,Equipment problem,In Progres,OUTAGE,Single Customer,ANN,NORMAL,42.40785,-83.80894
SW26020800221,2026-02-08T20:29:33Z,2026-02-08T20:29:33Z,1,2026-02-08T19:38:09Z,2026-02-09T00:10:00Z,10,10,Equipment problem,In Progres,OUTAGE,Service Transformer,WWS,NORMAL,42.3065,-83.38052
NW26020800241,2026-02-08T20:55:30Z,2026-02-08T20:55:30Z,1,2026-02-08T18:31:47Z,,115,115,Determined upon crew arrival,New,OUTAGE,Device (II),PON,NORMAL,42.52836,-83.52178
SW26020800239,2026-02-08T20:55:30Z,2026-02-08T20:55:30Z,1,2026-02-08T15:31:49Z,2026-02-09T01:10:00Z,1,1,Determined upon crew arrival,New,OUTAGE,Single Customer,WWS,NORMAL,42.37547,-83.31434
NE26020800254,2026-02-08T21:28:32Z,2026-02-08T23:58:51Z,6,2026-02-08T20:04:00Z,2026-02-09T01:40:00Z,1,1,Equipment problem,In Progres,OUTAGE,Single Customer,LAP,NORMAL,43.06425,-83.10706
NW26020800247,2026-02-08T21:28:32Z,2026-02-08T22:28:45Z,3,2026-02-08T20:52:55Z,2026-02-09T01:25:00Z,1,1,Determined upon crew arrival,In Progres,OUTAGE,Single Customer,PON,NORMAL,42.55365,-83.40159
NW26020800248,2026-02-08T21:28:32Z,2026-02-08T23:58:51Z,6,2026-02-08T20:53:14Z,2026-02-09T01:25:00Z,1,1,Determined upon crew arrival,In Progres,PRIORITY,,PON,NORMAL,42.56176,-83.14474
SE26020800253,2026-02-08T21:28:32Z,2026-02-09T20:21:43Z,22,2026-02-08T20:48:10Z,2026-02-10T01:35:00Z,1,1,Animal/bird damaged DTE equip,In Progres,OUTAGE,Single Customer,CAN,NORMAL,42.41876,-82.93996
NW26020800260,2026-02-08T22:28:45Z,2026-02-08T22:58:48Z,2,2026-02-08T21:46:20Z,2026-02-09T02:15:00Z,1,1,Problem with the customer equip,In Progres,OUTAGE,Single Customer,SBY,NORMAL,42.61216,-83.01148
NW26020800270,2026-02-08T22:58:48Z,2026-02-08T22:58:48Z,1,2026-02-08T22:42:36Z,,1,1,Determined upon crew arrival,New,OUTAGE,Single Customer,PON,NORMAL,42.53671,-83.10563
NE26020800289,2026-02-08T23:39:59Z,2026-02-08T23:58:51Z,2,2026-02-08T23:26:18Z,2026-02-09T03:55:00Z,1,1,Determined upon crew arrival,In Progres,SERVICE DOWN NO,,MTC,NORMAL,42.46816,-83.01056
NW26020800281,2026-02-08T23:39:59Z,2026-02-09T06:16:51Z,5,2026-02-08T23:12:07Z,2026-02-09T07:40:00Z,10,5,Equipment problem,In Progres,OUTAGE,Service Transformer,PON,NORMAL,42.52764,-83.52011
SE26020800278,2026-02-08T23:39:59Z,2026-02-09T15:11:13Z,13,2026-02-08T23:06:17Z,2026-02-09T15:35:00Z,2,2,Equipment problem,In Progres,OUTAGE,Service Secondary,CAN,NORMAL,42.40033,-82.93504
SW26020800275,2026-02-08T23:39:59Z,2026-02-08T23:58:51Z,2,2026-02-08T22:51:18Z,2026-02-09T03:20:00Z,1,1,Determined upon crew arrival,In Progres,OUTAGE,Single Customer,NPT,NORMAL,42.02246,-83.34576
NE26020800293,2026-02-08T23:58:51Z,2026-02-09T10:41:26Z,8,2026-02-08T23:11:47Z,2026-02-09T16:10:00Z,1,1,Equipment problem,In Progres,OUTAGE,Single Customer,MAR,NORMAL,43.32798,-82.53084
NE26020800317,2026-02-09T03:13:42Z,2026-02-09T17:13:26Z,13,2026-02-09T01:47:25Z,2026-02-09T18:20:00Z,1,1,Equipment problem,In Progres,OUTAGE,Single Customer,LAP,NORMAL,42.97917,-83.18231
NW26020800309,2026-02-09T03:13:42Z,2026-02-09T16:13:17Z,12,2026-02-09T00:20:56Z,2026-02-09T16:50:00Z,1,1,Equipment problem,In Progres,OUTAGE,Single Customer,PON,NORMAL,42.53397,-83.20496
SE26020800319,2026-02-09T03:13:42Z,2026-02-09T18:05:45Z,14,2026-02-09T01:44:38Z,2026-02-09T18:45:00Z,1,1,Determined upon crew arrival,In Progres,OUTAGE,Single Customer,CAN,NORMAL,42.35678,-83.00177
NE26020800332,2026-02-09T05:12:29Z,2026-02-09T16:13:17Z,11,2026-02-09T04:55:20Z,2026-02-09T21:25:00Z,1,1,Determined upon crew arrival,In Progres,OUTAGE,Single Customer,MTC,NORMAL,42.68616,-82.81264
NE26020900001,2026-02-09T06:16:51Z,2026-02-09T14:01:40Z,8,2026-02-09T02:55:38Z,2026-02-09T21:35:00Z,1,1,Equipment problem,In Progres,OUTAGE,Single Customer,MTC,NORMAL,42.55258,-82.91737
NE26020900002,2026-02-09T07:37:31Z,2026-02-09T08:30:48Z,2,2026-02-09T06:19:33Z,2026-02-09T10:50:00Z,62,62,Equipment problem,In Progres,OUTAGE,Device (I),MTC,NORMAL,42.57668,-82.95791
NE26020900003,2026-02-09T07:37:31Z,2026-02-09T08:30:48Z,2,2026-02-09T06:19:33Z,2026-02-09T10:50:00Z,10,10,Equipment problem,In Progres,OUTAGE,Service Transformer,MTC,NORMAL,42.57771,-82.95852
NE26020900008,2026-02-09T08:30:48Z,2026-02-09T08:30:48Z,1,2026-02-09T07:45:21Z,2026-02-09T12:15:00Z,1,1,Determined upon crew arrival,New,OUTAGE,Single Customer,MAR,NORMAL,42.97829,-82.44263
SE26020900007,2026-02-09T08:30:48Z,2026-02-09T14:01:40Z,6,2026-02-09T07:26:43Z,2026-02-10T00:10:00Z,1,1,Equipment problem,In Progres,OUTAGE,Single Customer,RFD,NORMAL,42.40825,-83.24673
NW26020900015,2026-02-09T11:32:29Z,2026-02-09T14:01:40Z,3,2026-02-09T11:07:09Z,2026-02-09T15:35:00Z,1,1,Equipment problem,In Progres,OUTAGE,Single Customer,PON,NORMAL,42.55382,-83.21554
SE26020900018,2026-02-09T12:33:21Z,2026-02-09T18:05:45Z,6,2026-02-09T11:37:25Z,2026-02-09T20:10:00Z,13,13,Determined upon crew arrival,In Progres,OUTAGE,Service Transformer,RFD,NORMAL,42.3831,-83.25543
SE26020900025,2026-02-09T14:01:40Z,2026-02-09T16:13:17Z,3,2026-02-09T12:21:55Z,2026-02-09T16:50:00Z,1,1,Determined upon crew arrival,In Progres,OUTAGE,Single Customer,RFD,NORMAL,42.24926,-83.1987
SW26020900031,2026-02-09T14:01:40Z,2026-02-09T15:11:13Z,2,2026-02-09T12:40:59Z,2026-02-09T17:10:00Z,1,1,Equipment problem,In Progres,OUTAGE,Single Customer,WWS,NORMAL,42.36954,-83.41056
SW26020900038,2026-02-09T14:01:40Z,2026-02-09T18:05:45Z,5,2026-02-09T13:10:23Z,2026-02-10T05:40:00Z,1,1,Meter Issue,In Progres,OUTAGE,Single Customer,NPT,NORMAL,42.15851,-83.19517
SW26020900042,2026-02-09T14:01:40Z,2026-02-09T14:01:40Z,1,2026-02-09T13:14:06Z,2026-02-09T17:50:00Z,1,1,Determined upon crew arrival,In Progres,OUTAGE,Single Customer,WWS,NORMAL,42.3541,-83.41108
SW26020900043,2026-02-09T14:01:40Z,2026-02-09T15:11:13Z,2,2026-02-09T13:23:57Z,2026-02-09T17:55:00Z,1,1,Determined upon crew arrival,In Progres,OUTAGE,Single Customer,WWS,NORMAL,42.44076,-83.31944
SW26020900049,2026-02-09T14:01:40Z,2026-02-09T16:13:17Z,3,2026-02-09T13:28:06Z,2026-02-09T18:00:00Z,1,1,Determined upon crew arrival,In Progres,OUTAGE,Single Customer,NPT,NORMAL,42.11439,-83.27396
SW26020900051,2026-02-09T14:01:40Z,2026-02-09T17:13:26Z,4,2026-02-09T12:52:43Z,2026-02-09T18:10:00Z,1,1,Equipment problem,In Progres,OUTAGE,Single Customer,WWS,NORMAL,42.25899,-83.37396
NE26020900069,2026-02-09T15:11:13Z,2026-02-09T17:13:26Z,3,2026-02-09T14:03:24Z,2026-02-09T18:35:00Z,1,1,Equipment problem,In Progres,OUTAGE,Single Customer,MAR,NORMAL,42.83952,-82.65833
NE26020900112,2026-02-09T15:11:13Z,2026-02-09T16:13:17Z,2,2026-02-09T14:50:00Z,2026-02-09T19:20:00Z,1,1,Determined upon crew arrival,In Progres,OUTAGE,Service Secondary,MAR,NORMAL,42.96581,-82.44293
NW26020900061,2026-02-09T15:11:13Z,2026-02-09T19:40:45Z,5,2026-02-09T13:52:04Z,2026-02-10T06:20:00Z,1,1,Equipment problem,In Progres,OUTAGE,Single Customer,PON,NORMAL,42.55382,-83.21554
NW26020900083,2026-02-09T15:11:13Z,2026-02-09T18:05:45Z,4,2026-02-09T14:17:53Z,2026-02-09T18:50:00Z,1,1,Determined upon crew arrival,In Progres,OUTAGE,Single Customer,HWL,NORMAL,42.56011,-83.7862
NW26020900089,2026-02-09T15:11:13Z,2026-02-09T18:05:45Z,4,2026-02-09T14:22:03Z,2026-02-09T18:55:00Z,85,85,Equipment problem,In Progres,OUTAGE,Device (I),PON,NORMAL,42.55973,-83.16319
NW26020900106,2026-02-09T15:11:13Z,2026-02-09T19:40:45Z,5,2026-02-09T14:40:44Z,2026-02-10T07:10:00Z,1,1,Equipment problem,In Progres,OUTAGE,Single Customer,PON,NORMAL,42.57593,-83.28932
NW26020900119,2026-02-09T15:11:13Z,2026-02-09T15:11:13Z,1,2026-02-09T14:43:32Z,,1,1,Determined upon crew arrival,New,OUTAGE,Single Customer,SBY,NORMAL,42.59612,-83.04998
SE26020900068,2026-02-09T15:11:13Z,2026-02-09T17:13:26Z,3,2026-02-08T20:31:19Z,2026-02-09T18:30:00Z,1,1,Determined upon crew arrival,In Progres,OUTAGE,Single Customer,CAN,NORMAL,42.42562,-83.06943
SE26020900087,2026-02-09T15:11:13Z,2026-02-09T16:13:17Z,2,2026-02-09T14:21:10Z,2026-02-09T18:50:00Z,1,1,Determined upon crew arrival,In Progres,OUTAGE,Single Customer,RFD,NORMAL,42.43183,-83.31097
SE26020900088,2026-02-09T15:11:13Z,2026-02-09T16:13:17Z,2,2026-02-09T14:18:16Z,2026-02-09T18:50:00Z,14,14,Equipment problem,Pending,OUTAGE,Service Transformer,RFD,NORMAL,42.45837,-83.20935
SE26020900091,2026-02-09T15:11:13Z,2026-02-09T19:40:45Z,5,2026-02-09T03:53:45Z,2026-02-10T07:00:00Z,1,1,Determined upon crew arrival,In Progres,OUTAGE,Single Customer,RFD,NORMAL,42.47028,-83.28548
SE26020900092,2026-02-09T15:11:13Z,2026-02-09T15:11:13Z,1,2026-02-09T14:29:28Z,2026-02-09T19:00:00Z,1,1,Determined upon crew arrival,In Progres,OUTAGE,Single Customer,CAN,NORMAL,42.37886,-83.02028
SE26020900102,2026-02-09T15:11:13Z,2026-02-09T17:13:26Z,3,2026-02-09T14:37:29Z,2026-02-09T19:10:00Z,7,7,Determined upon crew arrival,In Progres,OUTAGE,Service Transformer,CAN,NORMAL,42.37216,-83.06645
SE26020900109,2026-02-09T15:11:13Z,2026-02-09T15:11:13Z,1,2026-02-09T14:45:54Z,2026-02-09T19:15:00Z,1,1,Determined upon crew arrival,PC3 Verifi,OUTAGE,Single Customer,RFD,NORMAL,42.38232,-83.25546
SE26020900114,2026-02-09T15:11:13Z,2026-02-09T15:11:13Z,1,2026-02-09T14:37:14Z,2026-02-09T19:20:00Z,3,3,Determined upon crew arrival,In Progres,OUTAGE,Service Transformer,CAN,NORMAL,42.38412,-83.02262
SE26020900115,2026-02-09T15:11:13Z,2026-02-09T20:21:43Z,6,2026-02-09T14:50:51Z,2026-02-10T07:20:00Z,1,1,Determined upon crew arrival,In Progres,OUTAGE,Single Customer,RFD,NORMAL,42.46465,-83.14446
SE26020900116,2026-02-09T15:11:13Z,2026-02-09T15:11:13Z,1,2026-02-09T14:52:52Z,2026-02-09T19:25:00Z,1,1,Determined upon crew arrival,In Progres,OUTAGE,Single Customer,RFD,NORMAL,42.25769,-83.20503
SE26020900117,2026-02-09T15:11:13Z,2026-02-09T16:13:17Z,2,2026-02-09T14:53:32Z,2026-02-09T19:25:00Z,2,2,Determined upon crew arrival,In Progres,OUTAGE,Service Secondary,CAN,NORMAL,42.43617,-82.99663
SE26020900122,2026-02-09T15:11:13Z,2026-02-09T16:13:17Z,2,2026-02-09T14:59:17Z,2026-02-09T19:30:00Z,1,1,Determined upon crew arrival,In Progres,OUTAGE,Single Customer,RFD,NORMAL,42.37989,-83.18346
SW26020900094,2026-02-09T15:11:13Z,2026-02-09T18:05:45Z,4,2026-02-09T14:30:54Z,2026-02-09T19:00:00Z,1,1,Determined upon crew arrival,In Progres,OUTAGE,Service Secondary,ANN,NORMAL,42.17728,-83.75656
SW26020900100,2026-02-09T15:11:13Z,2026-02-09T15:11:13Z,1,2026-02-09T14:35:51Z,2026-02-09T19:05:00Z,1,1,Determined upon crew arrival,In Progres,OUTAGE,Single Customer,ANN,NORMAL,42.28471,-83.7975
SW26020900118,2026-02-09T15:11:13Z,2026-02-09T17:13:26Z,3,2026-02-09T14:56:09Z,2026-02-09T19:25:00Z,1,1,Determined upon crew arrival,In Progres,OUTAGE,Service Secondary,WWS,NORMAL,42.38595,-83.31995
NE26020900125,2026-02-09T16:13:17Z,2026-02-09T16:13:17Z,1,2026-02-09T15:01:32Z,2026-02-09T19:30:00Z,1,1,Determined upon crew arrival,In Progres,OUTAGE,Service Transformer,MAR,NORMAL,43.19692,-82.98999
NE26020900127,2026-02-09T16:13:17Z,2026-02-09T16:13:17Z,1,2026-02-09T15:04:12Z,2026-02-09T19:35:00Z,1,1,Determined upon crew arrival,In Progres,OUTAGE,Single Customer,MTC,NORMAL,42.4784,-82.98921
NE26020900149,2026-02-09T16:13:17Z,2026-02-09T16:13:17Z,1,2026-02-09T15:28:19Z,2026-02-09T20:00:00Z,2,2,Determined upon crew arrival,In Progres,OUTAGE,Service Secondary,MTC,NORMAL,42.48742,-83.00022
NW26020900136,2026-02-09T16:13:17Z,2026-02-09T20:21:43Z,5,2026-02-09T15:09:42Z,2026-02-10T07:45:00Z,1,1,Equipment problem,In Progres,OUTAGE,Single Customer,PON,NORMAL,42.69039,-83.38907
SE26020900138,2026-02-09T16:13:17Z,2026-02-09T16:13:17Z,1,2026-02-09T15:14:02Z,2026-02-09T19:45:00Z,1,1,Determined upon crew arrival,In Progres,OUTAGE,Single Customer,RFD,NORMAL,42.52563,-83.19061
SE26020900143,2026-02-09T16:13:17Z,2026-02-09T16:13:17Z,1,2026-02-09T15:24:35Z,2026-02-09T19:55:00Z,1,1,Determined upon crew arrival,In Progres,OUTAGE,Single Customer,RFD,NORMAL,42.25168,-83.20267
SE26020900154,2026-02-09T16:13:17Z,2026-02-09T16:13:17Z,1,2026-02-09T15:27:55Z,2026-02-09T20:05:00Z,1,1,Determined upon crew arrival,In Progres,OUTAGE,Single Customer,RFD,NORMAL,42.43421,-83.30628
SE26020900156,2026-02-09T16:13:17Z,2026-02-09T18:05:45Z,3,2026-02-09T15:35:12Z,2026-02-09T20:10:00Z,1,1,Determined upon crew arrival,In Progres,OUTAGE,Single Customer,CAN,NORMAL,42.36606,-83.04393
SE26020900162,2026-02-09T16:13:17Z,2026-02-09T19:40:45Z,4,2026-02-09T15:43:55Z,2026-02-09T20:15:00Z,1,1,Determined upon crew arrival,In Progres,OUTAGE,Single Customer,RFD,NORMAL,42.43287,-83.30136
SE26020900165,2026-02-09T16:13:17Z,2026-02-09T18:05:45Z,3,2026-02-09T15:48:13Z,2026-02-09T20:20:00Z,1,1,Determined upon crew arrival,In Progres,OUTAGE,Single Customer,RFD,NORMAL,42.34498,-83.22013
SE26020900167,2026-02-09T16:13:17Z,2026-02-09T19:40:45Z,4,2026-02-09T15:48:41Z,2026-02-09T20:20:00Z,1,1,Determined upon crew arrival,In Progres,OUTAGE,Single Customer,RFD,NORMAL,42.31064,-83.12184
SE26020900171,2026-02-09T16:13:17Z,2026-02-09T19:40:45Z,4,2026-02-09T15:53:47Z,2026-02-09T20:25:00Z,1,1,Determined upon crew arrival,In Progres,OUTAGE,Single Customer,RFD,NORMAL,42.43222,-83.30134
SE26020900172,2026-02-09T16:13:17Z,2026-02-09T16:13:17Z,1,2026-02-09T15:54:18Z,2026-02-09T20:25:00Z,1,1,Determined upon crew arrival,In Progres,OUTAGE,Single Customer,CAN,NORMAL,42.42486,-83.03424
SE26020900175,2026-02-09T16:13:17Z,2026-02-09T18:05:45Z,3,2026-02-09T15:56:36Z,2026-02-09T20:25:00Z,1,1,Determined upon crew arrival,In Progres,OUTAGE,Single Customer,RFD,NORMAL,42.3816,-83.18864
SW26020900131,2026-02-09T16:13:17Z,2026-02-09T17:13:26Z,2,2026-02-09T15:11:21Z,2026-02-09T19:40:00Z,1,1,Determined upon crew arrival,In Progres,OUTAGE,Single Customer,WWS,NORMAL,42.44204,-83.32364
SW26020900151,2026-02-09T16:13:17Z,2026-02-09T19:40:45Z,4,2026-02-09T15:31:20Z,2026-02-09T20:00:00Z,5,5,Determined upon crew arrival,In Progres,OUTAGE,Service Transformer,NPT,NORMAL,42.10598,-83.28884
SW26020900159,2026-02-09T16:13:17Z,2026-02-09T17:13:26Z,2,2026-02-09T15:40:13Z,2026-02-09T20:10:00Z,10,10,Determined upon crew arrival,In Progres,OUTAGE,Service Transformer,WWS,NORMAL,42.12985,-83.54021
SW26020900168,2026-02-09T16:13:17Z,2026-02-09T16:13:17Z,1,2026-02-09T15:43:08Z,2026-02-09T20:20:00Z,2,2,Determined upon crew arrival,In Progres,OUTAGE,Service Secondary,ANN,NORMAL,42.25125,-83.7258
SW26020900170,2026-02-09T16:13:17Z,2026-02-09T17:13:26Z,2,2026-02-09T15:44:55Z,2026-02-09T20:25:00Z,1,1,Determined upon crew arrival,In Progres,OUTAGE,Single Customer,WWS,NORMAL,42.1303,-83.53944
SW26020900179,2026-02-09T16:13:17Z,2026-02-09T21:56:30Z,7,2026-02-09T15:50:15Z,2026-02-10T08:30:00Z,1,1,Determined upon crew arrival,In Progres,OUTAGE,Single Customer,WWS,NORMAL,42.35964,-83.47267
NE26020900207,2026-02-09T17:13:26Z,2026-02-09T17:13:26Z,1,2026-02-09T16:24:05Z,2026-02-09T20:55:00Z,1,1,Determined upon crew arrival,In Progres,OUTAGE,Single Customer,MTC,NORMAL,42.47534,-82.98638
NE26020900215,2026-02-09T17:13:26Z,2026-02-09T17:13:26Z,1,2026-02-09T16:34:26Z,2026-02-09T21:05:00Z,1,1,Determined upon crew arrival,In Progres,OUTAGE,Single Customer,MTC,NORMAL,42.73433,-82.79837
NE26020900220,2026-02-09T17:13:26Z,2026-02-09T17:13:26Z,1,2026-02-09T16:39:51Z,2026-02-09T21:10:00Z,1,1,Determined upon crew arrival,In Progres,OUTAGE,Single Customer,MAR,NORMAL,42.99775,-82.47409
NE26020900237,2026-02-09T17:13:26Z,2026-02-09T17:13:26Z,1,2026-02-09T16:55:24Z,2026-02-09T21:25:00Z,1,1,Determined upon crew arrival,In Progres,OUTAGE,Single Customer,LAP,NORMAL,43.25219,-83.54496
NW26020900213,2026-02-09T17:13:26Z,2026-02-09T18:05:45Z,2,2026-02-09T16:31:14Z,2026-02-09T21:00:00Z,2,2,Equipment problem,In Progres,OUTAGE,Service Secondary,PON,NORMAL,42.5472,-83.21298
NW26020900232,2026-02-09T17:13:26Z,2026-02-09T18:05:45Z,2,2026-02-09T16:51:05Z,2026-02-09T21:20:00Z,1,1,Determined upon crew arrival,In Progres,OUTAGE,Single Customer,HWL,NORMAL,42.54994,-83.78849
SE26020900181,2026-02-09T17:13:26Z,2026-02-09T17:13:26Z,1,2026-02-09T16:02:17Z,2026-02-09T20:30:00Z,1,1,Determined upon crew arrival,In Progres,OUTAGE,Single Customer,RFD,NORMAL,42.2762,-83.21954
SE26020900183,2026-02-09T17:13:26Z,2026-02-09T17:13:26Z,1,2026-02-09T16:03:39Z,2026-02-09T20:35:00Z,1,1,Determined upon crew arrival,In Progres,OUTAGE,Single Customer,CAN,NORMAL,42.38234,-83.02144
SE26020900189,2026-02-09T17:13:26Z,2026-02-09T17:13:26Z,1,2026-02-09T16:08:06Z,2026-02-09T20:40:00Z,1,1,Determined upon crew arrival,In Progres,OUTAGE,Single Customer,RFD,NORMAL,42.25487,-83.20194
SE26020900206,2026-02-09T17:13:26Z,2026-02-09T23:22:00Z,8,2026-02-09T16:10:12Z,2026-02-10T08:55:00Z,1,1,Determined upon crew arrival,In Progres,OUTAGE,Single Customer,RFD,NORMAL,42.43778,-83.17357
SE26020900208,2026-02-09T17:13:26Z,2026-02-09T17:13:26Z,1,2026-02-09T16:21:24Z,2026-02-09T20:55:00Z,1,1,Determined upon crew arrival,In Progres,OUTAGE,Single Customer,RFD,NORMAL,42.53542,-83.13607
SE26020900214,2026-02-09T17:13:26Z,2026-02-10T00:01:20Z,9,2026-02-09T16:23:49Z,2026-02-10T09:05:00Z,1,1,Determined upon crew arrival,In Progres,OUTAGE,Single Customer,CAN,NORMAL,42.4164,-83.13088
SE26020900222,2026-02-09T17:13:26Z,2026-02-09T18:05:45Z,2,2026-02-09T16:39:24Z,2026-02-09T21:10:00Z,1,1,Determined upon crew arrival,In Progres,OUTAGE,Single Customer,RFD,NORMAL,42.37465,-83.17368
SE26020900226,2026-02-09T17:13:26Z,2026-02-09T18:05:45Z,2,2026-02-09T16:41:09Z,2026-02-09T21:10:00Z,18,18,Determined upon crew arrival,In Progres,OUTAGE,Service Transformer,RFD,NORMAL,42.38424,-83.20817
SE26020900229,2026-02-09T17:13:26Z,2026-02-09T17:13:26Z,1,2026-02-09T16:39:33Z,2026-02-09T21:15:00Z,1,1,Determined upon crew arrival,New,OUTAGE,Single Customer,CAN,NORMAL,42.3807,-83.02029
SE26020900234,2026-02-09T17:13:26Z,2026-02-09T18:05:45Z,2,2026-02-09T16:53:36Z,2026-02-09T21:25:00Z,1,1,Determined upon crew arrival,In Progres,OUTAGE,Single Customer,CAN,NORMAL,42.43505,-83.01157
SE26020900238,2026-02-09T17:13:26Z,2026-02-09T18:05:45Z,2,2026-02-09T16:58:32Z,2026-02-09T21:30:00Z,1,1,Determined upon crew arrival,In Progres,OUTAGE,Single Customer,RFD,NORMAL,42.25275,-83.20914
SW26020900185,2026-02-09T17:13:26Z,2026-02-09T17:13:26Z,1,2026-02-09T16:04:30Z,2026-02-09T20:35:00Z,1,1,Determined upon crew arrival,In Progres,OUTAGE,Single Customer,WWS,NORMAL,42.31164,-83.3804
SW26020900204,2026-02-09T17:13:26Z,2026-02-09T18:05:45Z,2,2026-02-09T16:18:33Z,2026-02-09T20:50:00Z,30,30,Equipment problem,In Progres,OUTAGE,Device (II),WWS,NORMAL,42.46538,-83.44449
SW26020900217,2026-02-09T17:13:26Z,2026-02-09T17:13:26Z,1,2026-02-09T16:34:42Z,2026-02-09T21:05:00Z,1,1,Determined upon crew arrival,In Progres,OUTAGE,Single Customer,ANN,NORMAL,42.25652,-83.72176
SW26020900225,2026-02-09T17:13:26Z,2026-02-09T18:05:45Z,2,2026-02-09T16:41:04Z,2026-02-09T21:10:00Z,1,1,Determined upon crew arrival,In Progres,OUTAGE,Service Secondary,WWS,NORMAL,42.40277,-83.40728
SW26020900227,2026-02-09T17:13:26Z,2026-02-09T18:05:45Z,2,2026-02-09T16:41:38Z,2026-02-09T21:15:00Z,2,2,Determined upon crew arrival,In Progres,OUTAGE,Service Secondary,WWS,NORMAL,42.33513,-83.36925
SW26020900231,2026-02-09T17:13:26Z,2026-02-09T22:40:33Z,7,2026-02-09T16:42:47Z,2026-02-10T01:20:00Z,35,9,Public Interference w/DTE equip,In Progres,OUTAGE,Device (I),WWS,NORMAL,42.22352,-83.243
NE26020900277,2026-02-09T18:05:45Z,2026-02-09T18:05:45Z,1,2026-02-09T17:27:31Z,2026-02-09T22:00:00Z,18,18,Determined upon crew arrival,In Progres,OUTAGE,Service Transformer,MTC,NORMAL,42.51357,-82.98842
NW26020900252,2026-02-09T18:05:45Z,2026-02-09T18:05:45Z,1,2026-02-09T17:14:56Z,2026-02-09T21:45:00Z,43,43,Determined upon crew arrival,In Progres,OUTAGE,Device (I),PON,NORMAL,42.72486,-83.23172
NW26020900275,2026-02-09T18:05:45Z,2026-02-09T19:40:45Z,2,2026-02-09T17:29:23Z,2026-02-09T22:00:00Z,1,1,Determined upon crew arrival,In Progres,OUTAGE,Single Customer,HWL,NORMAL,42.55692,-83.78215
SE26020900240,2026-02-09T18:05:45Z,2026-02-09T18:05:45Z,1,2026-02-09T17:00:29Z,2026-02-09T21:30:00Z,1,1,Determined upon crew arrival,In Progres,OUTAGE,Single Customer,RFD,NORMAL,42.26124,-83.21032
SE26020900242,2026-02-09T18:05:45Z,2026-02-09T19:40:45Z,2,2026-02-09T17:01:14Z,2026-02-09T21:30:00Z,1,1,Determined upon crew arrival,In Progres,OUTAGE,Service Secondary,RFD,NORMAL,42.38531,-83.2058
SE26020900248,2026-02-09T18:05:45Z,2026-02-09T18:05:45Z,1,2026-02-09T17:09:13Z,2026-02-09T21:40:00Z,1,1,Determined upon crew arrival,In Progres,OUTAGE,Single Customer,RFD,NORMAL,42.38196,-83.18968
SE26020900251,2026-02-09T18:05:45Z,2026-02-09T20:21:43Z,3,2026-02-09T17:14:39Z,2026-02-09T21:45:00Z,1,1,Equipment problem,In Progres,OUTAGE,Single Customer,RFD,NORMAL,42.45229,-83.23449
SE26020900270,2026-02-09T18:05:45Z,2026-02-09T18:05:45Z,1,2026-02-09T17:21:09Z,2026-02-09T21:50:00Z,1,1,Determined upon crew arrival,Pending,OUTAGE,Single Customer,RFD,NORMAL,42.38295,-83.18972
SE26020900286,2026-02-09T18:05:45Z,2026-02-09T19:40:45Z,2,2026-02-09T17:42:37Z,2026-02-09T22:15:00Z,2,2,Determined upon crew arrival,In Progres,OUTAGE,Service Secondary,CAN,NORMAL,42.42432,-83.00716
SE26020900288,2026-02-09T18:05:45Z,2026-02-10T00:01:20Z,8,2026-02-09T17:30:44Z,2026-02-10T10:15:00Z,1,1,Equipment problem,In Progres,OUTAGE,Single Customer,CAN,NORMAL,42.36046,-83.12546
SE26020900289,2026-02-09T18:05:45Z,2026-02-09T18:05:45Z,1,2026-02-09T17:44:54Z,2026-02-09T22:15:00Z,1,1,Determined upon crew arrival,In Progres,OUTAGE,Single Customer,CAN,NORMAL,42.40145,-83.0184
SW26020900274,2026-02-09T18:05:45Z,2026-02-09T18:05:45Z,1,2026-02-09T17:28:23Z,2026-02-09T22:00:00Z,6,6,Determined upon crew arrival,In Progres,OUTAGE,Service Transformer,WWS,NORMAL,42.34113,-83.36386
SW26020900285,2026-02-09T18:05:45Z,2026-02-09T18:05:45Z,1,2026-02-09T17:41:10Z,2026-02-09T22:10:00Z,1,1,Determined upon crew arrival,In Progres,OUTAGE,Single Customer,WWS,NORMAL,42.44204,-83.32364
SW26020900299,2026-02-09T18:05:45Z,2026-02-09T19:40:45Z,2,2026-02-09T18:00:07Z,2026-02-09T22:30:00Z,15,15,Determined upon crew arrival,In Progres,OUTAGE,Service Transformer,WWS,NORMAL,42.40187,-83.41199
NE26020900324,2026-02-09T19:40:45Z,2026-02-09T19:40:45Z,1,2026-02-09T18:26:32Z,2026-02-09T23:00:00Z,14,14,Determined upon crew arrival,In Progres,OUTAGE,Service Transformer,MTC,NORMAL,42.4731,-82.95001
NE26020900350,2026-02-09T19:40:45Z,2026-02-09T19:40:45Z,1,2026-02-09T19:00:55Z,2026-02-09T23:30:00Z,2,2,Determined upon crew arrival,In Progres,OUTAGE,Service Transformer,LAP,NORMAL,43.25225,-83.55409
NW26020900315,2026-02-09T19:40:45Z,2026-02-10T00:01:20Z,7,2026-02-09T18:12:32Z,2026-02-10T10:55:00Z,1,1,Equipment problem,In Progres,OUTAGE,Single Customer,PON,NORMAL,42.53528,-83.09539
NW26020900331,2026-02-09T19:40:45Z,2026-02-09T19:40:45Z,1,2026-02-09T18:34:01Z,2026-02-09T23:05:00Z,1,1,Determined upon crew arrival,In Progres,OUTAGE,Single Customer,PON,NORMAL,42.6783,-83.30518
NW26020900344,2026-02-09T19:40:45Z,2026-02-09T19:40:45Z,1,2026-02-09T18:51:44Z,2026-02-09T23:20:00Z,1,1,Determined upon crew arrival,In Progres,OUTAGE,Single Customer,PON,NORMAL,42.6797,-83.3127
NW26020900346,2026-02-09T19:40:45Z,2026-02-09T20:21:43Z,2,2026-02-09T18:39:15Z,2026-02-09T23:25:00Z,4,4,Determined upon crew arrival,In Progres,OUTAGE,Service Transformer,PON,NORMAL,42.56728,-83.35461
NW26020900373,2026-02-09T19:40:45Z,2026-02-10T00:01:20Z,7,2026-02-09T19:04:27Z,2026-02-10T11:40:00Z,1,1,Equipment problem,In Progres,OUTAGE,Single Customer,PON,NORMAL,42.53145,-83.30415
SE26020900304,2026-02-09T19:40:45Z,2026-02-09T20:21:43Z,2,2026-02-09T18:05:19Z,2026-02-09T22:35:00Z,1,1,Determined upon crew arrival,In Progres,OUTAGE,Single Customer,RFD,NORMAL,42.43421,-83.30628
SE26020900337,2026-02-09T19:40:45Z,2026-02-09T21:05:51Z,3,2026-02-09T18:30:17Z,2026-02-09T23:10:00Z,1,1,Determined upon crew arrival,In Progres,OUTAGE,Single Customer,RFD,NORMAL,42.41585,-83.24528
SE26020900385,2026-02-09T19:40:45Z,2026-02-09T19:40:45Z,1,2026-02-09T19:26:08Z,2026-02-09T23:55:00Z,1,1,Determined upon crew arrival,In Progres,OUTAGE,Single Customer,RFD,NORMAL,42.39006,-83.19324
SW26020900313,2026-02-09T19:40:45Z,2026-02-09T19:40:45Z,1,2026-02-09T18:11:52Z,2026-02-09T22:55:00Z,4,4,Determined upon crew arrival,In Progres,OUTAGE,Service Transformer,WWS,NORMAL,42.32382,-83.39668
SW26020900321,2026-02-09T19:40:45Z,2026-02-09T19:40:45Z,1,2026-02-09T18:25:58Z,2026-02-09T23:00:00Z,1,1,Determined upon crew arrival,In Progres,OUTAGE,Single Customer,WWS,NORMAL,42.12926,-83.5347
SW26020900327,2026-02-09T19:40:45Z,2026-02-09T19:40:45Z,1,2026-02-09T18:29:54Z,2026-02-09T23:00:00Z,1,1,Determined upon crew arrival,In Progres,OUTAGE,Service Secondary,ANN,NORMAL,42.25075,-83.72835
SW26020900334,2026-02-09T19:40:45Z,2026-02-09T19:40:45Z,1,2026-02-09T18:06:54Z,2026-02-09T23:05:00Z,18,18,Determined upon crew arrival,In Progres,OUTAGE,Service Transformer,WWS,NORMAL,42.13114,-83.54027
SW26020900340,2026-02-09T19:40:45Z,2026-02-09T19:40:45Z,1,2026-02-09T18:49:49Z,2026-02-09T23:20:00Z,1,1,Determined upon crew arrival,In Progres,OUTAGE,Service Secondary,WWS,NORMAL,42.28742,-83.40514
SW26020900376,2026-02-09T19:40:45Z,2026-02-09T19:40:45Z,1,2026-02-09T19:14:49Z,2026-02-09T23:45:00Z,6,6,Determined upon crew arrival,In Progres,OUTAGE,Service Transformer,WWS,NORMAL,42.28999,-83.40076
SW26020900384,2026-02-09T19:40:45Z,2026-02-09T19:40:45Z,1,2026-02-09T19:25:29Z,2026-02-09T23:55:00Z,1,1,Determined upon crew arrival,In Progres,OUTAGE,Single Customer,WWS,NORMAL,42.28742,-83.40514
NE26020900404,2026-02-09T20:21:43Z,2026-02-09T20:21:43Z,1,2026-02-09T19:42:16Z,2026-02-10T00:15:00Z,1,1,Determined upon crew arrival,In Progres,OUTAGE,Single Customer,NAE,NORMAL,43.33584,-83.5828
NE26020900407,2026-02-09T20:21:43Z,2026-02-09T20:21:43Z,1,2026-02-09T19:40:52Z,2026-02-10T00:15:00Z,1,1,Determined upon crew arrival,In Progres,OUTAGE,Single Customer,MTC,NORMAL,42.73431,-82.8004
NE26020900421,2026-02-09T20:21:43Z,2026-02-10T06:42:42Z,9,2026-02-09T19:59:51Z,2026-02-10T12:30:00Z,1,1,Equipment problem,Pending,OUTAGE,Single Customer,MTC,NORMAL,42.82111,-82.7359
NE26020900432,2026-02-09T20:21:43Z,2026-02-09T20:21:43Z,1,2026-02-09T19:55:45Z,2026-02-10T00:40:00Z,1,1,Determined upon crew arrival,New,OUTAGE,Single Customer,MAR,NORMAL,43.05998,-82.76519
SE26020900392,2026-02-09T20:21:43Z,2026-02-09T21:56:30Z,3,2026-02-09T19:35:18Z,2026-02-10T00:05:00Z,1,1,Determined upon crew arrival,In Progres,PRIORITY,,CAN,NORMAL,42.40986,-83.00469
SE26020900397,2026-02-09T20:21:43Z,2026-02-10T22:00:38Z,23,2026-02-09T15:27:23Z,2026-02-11T00:10:00Z,1,1,Determined upon crew arrival,In Progres,OUTAGE,Single Customer,CAN,NORMAL,42.43203,-83.09992
SE26020900399,2026-02-09T20:21:43Z,2026-02-09T20:21:43Z,1,2026-02-09T19:40:42Z,2026-02-10T00:10:00Z,1,1,Determined upon crew arrival,In Progres,OUTAGE,Single Customer,CAN,NORMAL,42.44141,-82.96702
SE26020900411,2026-02-09T20:21:43Z,2026-02-09T21:05:51Z,2,2026-02-09T19:51:46Z,2026-02-10T00:20:00Z,1,1,Determined upon crew arrival,In Progres,OUTAGE,Single Customer,RFD,NORMAL,42.37927,-83.17263
SE26020900426,2026-02-09T20:21:43Z,2026-02-10T00:01:20Z,6,2026-02-09T20:05:37Z,2026-02-10T00:35:00Z,1,1,Determined upon crew arrival,In Progres,OUTAGE,Single Customer,CAN,NORMAL,42.42348,-82.91083
SE26020900433,2026-02-09T20:21:43Z,2026-02-10T00:01:20Z,6,2026-02-09T20:11:43Z,2026-02-10T00:40:00Z,1,1,Determined upon crew arrival,In Progres,OUTAGE,Single Customer,CAN,NORMAL,42.33327,-83.10874
SW26020900398,2026-02-09T20:21:43Z,2026-02-09T20:21:43Z,1,2026-02-09T19:32:35Z,2026-02-10T00:10:00Z,10,10,Determined upon crew arrival,In Progres,OUTAGE,Service Transformer,WWS,NORMAL,42.31167,-83.32829
SW26020900419,2026-02-09T20:21:43Z,2026-02-09T20:21:43Z,1,2026-02-09T19:59:31Z,2026-02-10T00:30:00Z,1,1,Determined upon crew arrival,In Progres,OUTAGE,Single Customer,WWS,NORMAL,42.34122,-83.36483
SW26020900423,2026-02-09T20:21:43Z,2026-02-09T20:21:43Z,1,2026-02-09T18:06:54Z,2026-02-10T00:30:00Z,50,50,Determined upon crew arrival,New,OUTAGE,Device (I),WWS,NORMAL,42.13102,-83.53986
SW26020900434,2026-02-09T20:21:43Z,2026-02-09T20:21:43Z,1,2026-02-09T19:59:02Z,,1,1,Determined upon crew arrival,New,OUTAGE,Single Customer,WWS,NORMAL,42.13077,-83.52941
SW26020900435,2026-02-09T20:21:43Z,2026-02-09T20:21:43Z,1,2026-02-09T19:59:02Z,,1,1,Determined upon crew arrival,New,OUTAGE,Single Customer,WWS,NORMAL,42.13223,-83.53011
SW26020900436,2026-02-09T20:21:43Z,2026-02-09T20:21:43Z,1,2026-02-09T19:59:01Z,,10,10,Determined upon crew arrival,New,OUTAGE,Service Transformer,WWS,NORMAL,42.13004,-83.5309
SW26020900437,2026-02-09T20:21:43Z,2026-02-09T20:21:43Z,1,2026-02-09T19:59:03Z,,1,1,Determined upon crew arrival,New,OUTAGE,Single Customer,WWS,NORMAL,42.13808,-83.54064
NE26020900440,2026-02-09T21:05:51Z,2026-02-09T22:40:33Z,3,2026-02-09T20:15:40Z,2026-02-10T00:45:00Z,7,7,Equipment problem,In Progres,OUTAGE,Service Transformer,MTC,NORMAL,42.49201,-82.89654
NW26020900457,2026-02-09T21:05:51Z,2026-02-09T21:56:30Z,2,2026-02-09T20:37:13Z,2026-02-10T01:05:00Z,2,2,Determined upon crew arrival,In Progres,OUTAGE,Service Transformer,HWL,NORMAL,42.59134,-83.64254
NW26020900461,2026-02-09T21:05:51Z,2026-02-09T21:56:30Z,2,2026-02-09T20:51:26Z,2026-02-10T01:20:00Z,1,1,Determined upon crew arrival,In Progres,OUTAGE,Single Customer,HWL,NORMAL,42.66684,-84.16305
NW26020900462,2026-02-09T21:05:51Z,2026-02-09T21:56:30Z,2,2026-02-09T20:59:20Z,2026-02-10T01:30:00Z,86,86,Determined upon crew arrival,In Progres,OUTAGE,Device (I),PON,NORMAL,42.5376,-83.2339
SE26020900441,2026-02-09T21:05:51Z,2026-02-09T21:05:51Z,1,2026-02-09T20:16:20Z,2026-02-10T00:45:00Z,2,2,Determined upon crew arrival,In Progres,OUTAGE,Service Transformer,RFD,NORMAL,42.50846,-83.29544
SE26020900443,2026-02-09T21:05:51Z,2026-02-09T23:22:00Z,4,2026-02-09T19:28:10Z,2026-02-10T00:50:00Z,1,1,Determined upon crew arrival,In Progres,OUTAGE,Single Customer,RFD,NORMAL,42.46859,-83.08818
NW26020900472,2026-02-09T21:56:30Z,2026-02-09T21:56:30Z,1,2026-02-09T21:12:53Z,2026-02-10T01:45:00Z,1,1,Determined upon crew arrival,In Progres,OUTAGE,Single Customer,HWL,NORMAL,42.59197,-83.64527
NW26020900473,2026-02-09T21:56:30Z,2026-02-09T22:40:33Z,2,2026-02-09T20:59:20Z,2026-02-10T01:45:00Z,2,2,Equipment problem,In Progres,OUTAGE,Service Secondary,PON,NORMAL,42.54518,-83.23727
SE26020900467,2026-02-09T21:56:30Z,2026-02-10T16:43:56Z,16,2026-02-09T21:01:55Z,2026-02-11T01:35:00Z,1,1,Equipment problem,In Progres,OUTAGE,Single Customer,RFD,NORMAL,42.33943,-83.28207
SE26020900470,2026-02-09T21:56:30Z,2026-02-10T00:01:20Z,4,2026-02-09T21:07:57Z,2026-02-10T01:40:00Z,1,1,Determined upon crew arrival,In Progres,OUTAGE,Single Customer,RFD,NORMAL,42.40446,-83.283
SE26020900483,2026-02-09T21:56:30Z,2026-02-10T03:29:00Z,5,2026-02-09T16:27:07Z,2026-02-10T13:55:00Z,1,1,Equipment problem,In Progres,OUTAGE,Single Customer,CAN,NORMAL,42.42278,-82.99075
NE26020900496,2026-02-09T22:40:33Z,2026-02-10T08:32:34Z,8,2026-02-09T21:46:50Z,2026-02-10T10:15:00Z,2,2,Equipment problem,In Progres,OUTAGE,Service Transformer,MTC,NORMAL,42.52101,-82.98914
NW26020900505,2026-02-09T22:40:33Z,2026-02-10T00:01:20Z,3,2026-02-09T21:48:11Z,2026-02-10T02:25:00Z,1,1,Equipment problem,In Progres,OUTAGE,Single Customer,PON,NORMAL,42.55881,-83.54225
SE26020900512,2026-02-09T22:40:33Z,2026-02-10T15:34:24Z,14,2026-02-09T22:08:10Z,2026-02-11T02:40:00Z,1,1,Equipment problem,In Progres,OUTAGE,Single Customer,RFD,NORMAL,42.40121,-83.24535
SE26020900519,2026-02-09T22:40:33Z,2026-02-10T00:01:20Z,3,2026-02-09T22:17:58Z,2026-02-10T02:50:00Z,1,1,Equipment problem,In Progres,OUTAGE,Single Customer,RFD,NORMAL,42.25007,-83.14398
SW26020900495,2026-02-09T22:40:33Z,2026-02-10T00:01:20Z,3,2026-02-09T21:46:04Z,2026-02-10T02:15:00Z,1,1,Determined upon crew arrival,In Progres,OUTAGE,Single Customer,ANN,NORMAL,42.19027,-83.77231
SW26020900499,2026-02-09T22:40:33Z,2026-02-09T22:40:33Z,1,2026-02-09T16:50:37Z,2026-02-10T02:20:00Z,26,26,Determined upon crew arrival,In Progres,OUTAGE,Device (I),WWS,NORMAL,42.22351,-83.24299
NW26020900543,2026-02-09T23:22:00Z,2026-02-09T23:22:00Z,1,2026-02-09T23:14:50Z,,1,1,Determined upon crew arrival,New,OUTAGE,Single Customer,PON,NORMAL,42.69141,-83.30465
SW26020900544,2026-02-10T00:01:20Z,2026-02-10T00:01:20Z,1,2026-02-09T15:53:03Z,2026-02-10T03:45:00Z,51,51,Determined upon crew arrival,In Progres,OUTAGE,Device (I),WWS,NORMAL,42.13102,-83.53986
NW26020900579,2026-02-10T03:29:00Z,2026-02-10T03:29:00Z,1,2026-02-09T14:40:44Z,2026-02-10T06:45:00Z,1,1,Determined upon crew arrival,In Progres,OUTAGE,Single Customer,PON,NORMAL,42.57593,-83.28932
NW26020900584,2026-02-10T03:29:00Z,2026-02-10T03:29:00Z,1,2026-02-10T02:48:30Z,2026-02-10T07:20:00Z,1,1,Equipment problem,In Progres,OUTAGE,Single Customer,SBY,NORMAL,42.5983,-82.99835
NW26020900590,2026-02-10T03:29:00Z,2026-02-11T01:01:54Z,20,2026-02-09T13:52:04Z,2026-02-11T07:35:00Z,1,1,Equipment problem,Pending,OUTAGE,Single Customer,PON,NORMAL,42.55382,-83.21554
SE26020900576,2026-02-10T03:29:00Z,2026-02-10T05:18:50Z,2,2026-02-10T02:09:31Z,2026-02-10T06:40:00Z,1,1,Determined upon crew arrival,In Progres,OUTAGE,Single Customer,CAN,NORMAL,42.35499,-83.12641
SE26020900587,2026-02-10T03:29:00Z,2026-02-10T06:42:42Z,3,2026-02-10T02:55:21Z,2026-02-10T07:25:00Z,1,1,Determined upon crew arrival,In Progres,OUTAGE,Single Customer,CAN,NORMAL,42.4279,-83.10787
SW26020900572,2026-02-10T03:29:00Z,2026-02-10T15:34:24Z,11,2026-02-10T01:42:31Z,2026-02-10T18:15:00Z,1,1,Equipment problem,In Progres,OUTAGE,Single Customer,NPT,NORMAL,41.94901,-83.32141
SE26020900595,2026-02-10T05:18:50Z,2026-02-10T08:32:34Z,4,2026-02-10T03:41:51Z,2026-02-10T08:15:00Z,1,1,Determined upon crew arrival,In Progres,OUTAGE,Single Customer,CAN,NORMAL,42.40689,-83.12428
SW26021000007,2026-02-10T06:42:42Z,2026-02-10T08:32:34Z,3,2026-02-10T06:09:42Z,2026-02-10T10:45:00Z,113,113,Equipment problem,In Progres,OUTAGE,Device (II),ANN,NORMAL,42.23851,-83.758
SE26021000011,2026-02-10T07:45:09Z,2026-02-10T07:45:09Z,1,2026-02-10T06:57:01Z,2026-02-10T11:25:00Z,2,2,Determined upon crew arrival,New,OUTAGE,Service Secondary,RFD,NORMAL,42.49173,-83.15549
SE26021000012,2026-02-10T07:45:09Z,2026-02-10T11:37:15Z,5,2026-02-10T06:52:42Z,2026-02-10T15:25:00Z,13,13,Equipment problem,In Progres,OUTAGE,Device (I),RFD,NORMAL,42.49124,-83.15419
SE26021000014,2026-02-10T09:43:28Z,2026-02-10T12:37:56Z,4,2026-02-09T19:44:29Z,2026-02-10T13:45:00Z,1,1,Equipment problem,In Progres,OUTAGE,Single Customer,RFD,NORMAL,42.26519,-83.16092
SW26021000021,2026-02-10T10:38:46Z,2026-02-10T12:37:56Z,3,2026-02-10T09:36:48Z,2026-02-10T14:15:00Z,74,74,Equipment problem,In Progres,OUTAGE,Device (II),ANN,NORMAL,42.13856,-83.71032
SE26021000031,2026-02-10T11:37:15Z,2026-02-10T16:43:56Z,5,2026-02-10T10:35:08Z,2026-02-11T03:15:00Z,1,1,Determined upon crew arrival,Pending,OUTAGE,Single Customer,RFD,NORMAL,42.39748,-83.18684
NE26021000057,2026-02-10T14:09:03Z,2026-02-10T14:09:03Z,1,2026-02-10T13:05:43Z,2026-02-10T17:40:00Z,10,10,Animal/bird damaged DTE equip,In Progres,OUTAGE,Device (I),LAP,NORMAL,43.1021,-83.25395
NE26021000096,2026-02-10T14:09:03Z,2026-02-10T14:09:03Z,1,2026-02-10T13:44:44Z,2026-02-10T18:15:00Z,14,14,Determined upon crew arrival,In Progres,OUTAGE,Service Transformer,MTC,NORMAL,42.4731,-82.95001
NE26021000098,2026-02-10T14:09:03Z,2026-02-10T14:09:03Z,1,2026-02-10T13:47:36Z,2026-02-10T18:20:00Z,1,1,Determined upon crew arrival,In Progres,OUTAGE,Single Customer,MTC,NORMAL,42.73433,-82.79837
NW26021000044,2026-02-10T14:09:03Z,2026-02-10T14:09:03Z,1,2026-02-10T12:26:42Z,2026-02-10T17:05:00Z,1,1,Equipment problem,In Progres,OUTAGE,Single Customer,HWL,NORMAL,42.53274,-83.75152
NW26021000063,2026-02-10T14:09:03Z,2026-02-10T17:47:02Z,4,2026-02-10T13:12:56Z,2026-02-10T17:45:00Z,6,6,Public Interference w/DTE equip,In Progres,OUTAGE,Service Transformer,SBY,NORMAL,42.57599,-83.02201
SE26021000053,2026-02-10T14:09:03Z,2026-02-10T16:43:56Z,3,2026-02-10T13:06:21Z,2026-02-10T17:35:00Z,1,1,Determined upon crew arrival,In Progres,OUTAGE,Single Customer,RFD,NORMAL,42.4419,-83.29805
SE26021000089,2026-02-10T14:09:03Z,2026-02-10T14:09:03Z,1,2026-02-10T13:21:53Z,2026-02-10T18:05:00Z,10,10,Determined upon crew arrival,In Progres,OUTAGE,Service Transformer,RFD,NORMAL,42.52342,-83.23793
SE26021000091,2026-02-10T14:09:03Z,2026-02-10T15:34:24Z,2,2026-02-10T13:21:59Z,2026-02-10T18:05:00Z,22,22,Equipment problem,In Progres,OUTAGE,Device (I),RFD,NORMAL,42.52846,-83.23885
SE26021000100,2026-02-10T14:09:03Z,2026-02-10T14:09:03Z,1,2026-02-10T13:57:45Z,,1,1,Determined upon crew arrival,In Progres,OUTAGE,Single Customer,RFD,NORMAL,42.25629,-83.20074
SW26021000056,2026-02-10T14:09:03Z,2026-02-10T19:06:19Z,5,2026-02-10T01:45:46Z,2026-02-11T05:40:00Z,1,1,Determined upon crew arrival,In Progres,OUTAGE,Single Customer,ANN,NORMAL,42.23834,-83.75749
SW26021000061,2026-02-10T14:09:03Z,2026-02-10T14:09:03Z,1,2026-02-10T13:10:25Z,2026-02-10T17:40:00Z,1,1,Determined upon crew arrival,In Progres,OUTAGE,Single Customer,ANN,NORMAL,42.14233,-83.72427
SW26021000067,2026-02-10T14:09:03Z,2026-02-10T14:09:03Z,1,2026-02-10T13:14:33Z,2026-02-10T17:45:00Z,1,1,Determined upon crew arrival,In Progres,OUTAGE,Single Customer,ANN,NORMAL,42.15109,-83.70945
SW26021000081,2026-02-10T14:09:03Z,2026-02-10T14:09:03Z,1,2026-02-10T13:29:55Z,2026-02-10T18:00:00Z,1,1,Determined upon crew arrival,In Progres,OUTAGE,Single Customer,ANN,NORMAL,42.14177,-83.71148
SW26021000099,2026-02-10T14:09:03Z,2026-02-10T14:09:03Z,1,2026-02-10T13:52:45Z,2026-02-10T18:25:00Z,4,4,Determined upon crew arrival,In Progres,OUTAGE,Service Transformer,WWS,NORMAL,42.3834,-83.38895
NE26021000122,2026-02-10T15:34:24Z,2026-02-10T16:43:56Z,2,2026-02-10T14:25:54Z,2026-02-10T18:55:00Z,1,1,Determined upon crew arrival,In Progres,OUTAGE,Single Customer,NAE,NORMAL,43.41933,-82.83923
NE26021000124,2026-02-10T15:34:24Z,2026-02-10T16:43:56Z,2,2026-02-10T14:26:53Z,2026-02-10T18:55:00Z,3,3,Determined upon crew arrival,In Progres,OUTAGE,Service Transformer,MTC,NORMAL,42.82702,-82.74641
NE26021000125,2026-02-10T15:34:24Z,2026-02-10T15:34:24Z,1,2026-02-10T14:28:48Z,2026-02-10T19:00:00Z,1,1,Determined upon crew arrival,In Progres,OUTAGE,Single Customer,MAR,NORMAL,43.02515,-82.43438
NE26021000129,2026-02-10T15:34:24Z,2026-02-10T15:34:24Z,1,2026-02-10T14:37:30Z,2026-02-10T19:10:00Z,1,1,Determined upon crew arrival,In Progres,OUTAGE,Single Customer,MTC,NORMAL,42.7491,-82.79964
NE26021000132,2026-02-10T15:34:24Z,2026-02-10T15:34:24Z,1,2026-02-10T14:39:43Z,2026-02-10T19:10:00Z,1,1,Determined upon crew arrival,In Progres,OUTAGE,Single Customer,MAR,NORMAL,42.99767,-82.46284
NE26021000135,2026-02-10T15:34:24Z,2026-02-10T15:34:24Z,1,2026-02-10T14:40:51Z,2026-02-10T19:10:00Z,1,1,Determined upon crew arrival,In Progres,OUTAGE,Single Customer,MTC,NORMAL,42.73431,-82.8004
NE26021000149,2026-02-10T15:34:24Z,2026-02-10T15:34:24Z,1,2026-02-10T14:55:53Z,2026-02-10T19:25:00Z,3,3,Determined upon crew arrival,In Progres,OUTAGE,Service Transformer,NAE,NORMAL,43.3594,-83.583
NE26021000152,2026-02-10T15:34:24Z,2026-02-10T15:34:24Z,1,2026-02-10T14:59:42Z,2026-02-10T19:30:00Z,2,2,Determined upon crew arrival,In Progres,OUTAGE,Service Transformer,NAE,NORMAL,43.33046,-83.58267
NE26021000162,2026-02-10T15:34:24Z,2026-02-10T15:34:24Z,1,2026-02-10T15:08:03Z,2026-02-10T19:40:00Z,1,1,Determined upon crew arrival,PC3 Verifi,OUTAGE,Single Customer,MTC,NORMAL,42.82722,-82.74476
NE26021000168,2026-02-10T15:34:24Z,2026-02-10T15:34:24Z,1,2026-02-10T15:10:26Z,2026-02-10T19:40:00Z,1,1,Determined upon crew arrival,In Progres,OUTAGE,Service Secondary,NAE,NORMAL,43.48156,-83.16805
NE26021000172,2026-02-10T15:34:24Z,2026-02-10T15:34:24Z,1,2026-02-10T14:59:43Z,,1,1,Determined upon crew arrival,New,OUTAGE,Single Customer,NAE,NORMAL,43.32955,-83.58306
NW26021000123,2026-02-10T15:34:24Z,2026-02-10T15:34:24Z,1,2026-02-10T14:26:09Z,2026-02-10T18:55:00Z,1,1,Determined upon crew arrival,In Progres,OUTAGE,Single Customer,PON,NORMAL,42.68219,-83.31373
SE26021000102,2026-02-10T15:34:24Z,2026-02-10T15:34:24Z,1,2026-02-10T14:01:36Z,2026-02-10T18:30:00Z,1,1,Determined upon crew arrival,In Progres,OUTAGE,Single Customer,RFD,NORMAL,42.44133,-83.30263
SE26021000105,2026-02-10T15:34:24Z,2026-02-10T17:47:02Z,3,2026-02-10T14:06:04Z,2026-02-10T18:35:00Z,1,1,Equipment problem,Pending,OUTAGE,Single Customer,CAN,NORMAL,42.39468,-83.08181
SE26021000126,2026-02-10T15:34:24Z,2026-02-10T16:43:56Z,2,2026-02-10T14:29:44Z,2026-02-10T19:00:00Z,1,1,Determined upon crew arrival,In Progres,OUTAGE,Single Customer,CAN,NORMAL,42.36144,-83.06353
SE26021000144,2026-02-10T15:34:24Z,2026-02-10T16:43:56Z,2,2026-02-10T14:50:38Z,2026-02-10T19:20:00Z,1,1,Determined upon crew arrival,In Progres,OUTAGE,Single Customer,CAN,NORMAL,42.38129,-83.02321
SE26021000145,2026-02-10T15:34:24Z,2026-02-10T16:43:56Z,2,2026-02-10T14:45:17Z,2026-02-10T19:20:00Z,1,1,Equipment problem,Pending,OUTAGE,Single Customer,CAN,NORMAL,42.36182,-83.1106
SE26021000147,2026-02-10T15:34:24Z,2026-02-10T17:47:02Z,3,2026-02-10T14:39:15Z,2026-02-10T19:25:00Z,1,1,Determined upon crew arrival,In Progres,OUTAGE,Single Customer,RFD,NORMAL,42.47135,-83.15968
SE26021000151,2026-02-10T15:34:24Z,2026-02-10T15:34:24Z,1,2026-02-10T14:58:15Z,2026-02-10T19:30:00Z,1,1,Determined upon crew arrival,In Progres,OUTAGE,Single Customer,CAN,NORMAL,42.43356,-82.9597
SE26021000157,2026-02-10T15:34:24Z,2026-02-10T15:34:24Z,1,2026-02-10T15:02:19Z,2026-02-10T19:30:00Z,1,1,Determined upon crew arrival,In Progres,OUTAGE,Single Customer,RFD,NORMAL,42.38651,-83.19306
SE26021000170,2026-02-10T15:34:24Z,2026-02-10T16:43:56Z,2,2026-02-10T15:13:24Z,2026-02-10T19:45:00Z,1,1,Determined upon crew arrival,In Progres,OUTAGE,Single Customer,RFD,NORMAL,42.26527,-83.20345
SW26021000106,2026-02-10T15:34:24Z,2026-02-10T19:06:19Z,4,2026-02-10T14:08:00Z,2026-02-11T06:40:00Z,1,1,Determined upon crew arrival,In Progres,OUTAGE,Single Customer,ANN,NORMAL,42.28055,-83.78613
SW26021000131,2026-02-10T15:34:24Z,2026-02-10T15:34:24Z,1,2026-02-10T14:39:37Z,2026-02-10T19:10:00Z,1,1,Determined upon crew arrival,In Progres,OUTAGE,Service Transformer,ANN,NORMAL,42.31791,-83.61412
SW26021000133,2026-02-10T15:34:24Z,2026-02-10T15:34:24Z,1,2026-02-10T14:40:19Z,2026-02-10T19:10:00Z,5,5,Determined upon crew arrival,In Progres,OUTAGE,Service Transformer,WWS,NORMAL,42.28984,-83.40199
SW26021000138,2026-02-10T15:34:24Z,2026-02-10T15:34:24Z,1,2026-02-10T14:45:44Z,2026-02-10T19:15:00Z,1,1,Determined upon crew arrival,In Progres,OUTAGE,Service Secondary,NPT,NORMAL,41.95609,-83.42894
SW26021000139,2026-02-10T15:34:24Z,2026-02-10T15:34:24Z,1,2026-02-10T14:46:10Z,2026-02-10T19:15:00Z,11,11,Determined upon crew arrival,In Progres,OUTAGE,Service Transformer,NPT,NORMAL,42.10229,-83.29572
SW26021000141,2026-02-10T15:34:24Z,2026-02-10T15:34:24Z,1,2026-02-10T14:48:41Z,2026-02-10T19:20:00Z,1,1,Determined upon crew arrival,In Progres,OUTAGE,Single Customer,WWS,NORMAL,42.34636,-83.35751
SW26021000150,2026-02-10T15:34:24Z,2026-02-10T16:43:56Z,2,2026-02-10T14:56:24Z,2026-02-10T19:25:00Z,1,1,Determined upon crew arrival,In Progres,OUTAGE,Service Secondary,WWS,NORMAL,42.40116,-83.40418
SW26021000153,2026-02-10T15:34:24Z,2026-02-10T16:43:56Z,2,2026-02-10T15:01:28Z,2026-02-10T19:30:00Z,1,1,Determined upon crew arrival,In Progres,OUTAGE,Service Secondary,WWS,NORMAL,42.38809,-83.38642
SW26021000165,2026-02-10T15:34:24Z,2026-02-10T15:34:24Z,1,2026-02-10T15:09:07Z,2026-02-10T19:40:00Z,64,64,Determined upon crew arrival,New,OUTAGE,Device (I),WWS,NORMAL,42.25141,-83.33197
SW26021000167,2026-02-10T15:34:24Z,2026-02-10T15:34:24Z,1,2026-02-10T15:09:35Z,2026-02-10T19:40:00Z,2,2,Determined upon crew arrival,New,OUTAGE,Service Secondary,WWS,NORMAL,42.23686,-83.32639
SW26021000169,2026-02-10T15:34:24Z,2026-02-10T16:43:56Z,2,2026-02-10T15:02:30Z,2026-02-10T19:40:00Z,1,1,Determined upon crew arrival,In Progres,OUTAGE,Single Customer,WWS,NORMAL,42.38718,-83.38673
NE26021000184,2026-02-10T16:43:56Z,2026-02-10T16:43:56Z,1,2026-02-10T15:22:47Z,2026-02-10T19:55:00Z,10,10,Determined upon crew arrival,In Progres,OUTAGE,Service Transformer,NAE,NORMAL,43.41907,-82.83673
NE26021000196,2026-02-10T16:43:56Z,2026-02-10T21:00:58Z,5,2026-02-10T15:31:57Z,2026-02-11T08:00:00Z,1,1,Determined upon crew arrival,In Progres,OUTAGE,Service Secondary,MAR,NORMAL,42.96665,-82.44348
NE26021000211,2026-02-10T16:43:56Z,2026-02-10T17:47:02Z,2,2026-02-10T15:37:17Z,2026-02-10T20:10:00Z,1,1,Determined upon crew arrival,In Progres,OUTAGE,Single Customer,NAE,NORMAL,43.56578,-82.9366
NE26021000234,2026-02-10T16:43:56Z,2026-02-10T16:43:56Z,1,2026-02-10T15:53:47Z,2026-02-10T20:25:00Z,1,1,Determined upon crew arrival,In Progres,OUTAGE,Single Customer,MTC,NORMAL,42.73431,-82.8004
NE26021000247,2026-02-10T16:43:56Z,2026-02-10T19:06:19Z,3,2026-02-10T16:04:20Z,2026-02-10T20:35:00Z,1,1,Determined upon crew arrival,In Progres,OUTAGE,Single Customer,MTC,NORMAL,42.46122,-83.0072
NE26021000252,2026-02-10T16:43:56Z,2026-02-10T17:47:02Z,2,2026-02-10T16:08:07Z,2026-02-10T20:40:00Z,1,1,Determined upon crew arrival,In Progres,OUTAGE,Single Customer,MAR,NORMAL,42.99129,-82.48805
NE26021000257,2026-02-10T16:43:56Z,2026-02-10T17:47:02Z,2,2026-02-10T16:10:03Z,2026-02-10T20:40:00Z,1,1,Determined upon crew arrival,In Progres,OUTAGE,Single Customer,MTC,NORMAL,42.76425,-82.78914
NW26021000208,2026-02-10T16:43:56Z,2026-02-10T17:47:02Z,2,2026-02-10T15:37:53Z,2026-02-10T20:10:00Z,1,1,Determined upon crew arrival,In Progres,OUTAGE,Single Customer,PON,NORMAL,42.67932,-83.31137
NW26021000216,2026-02-10T16:43:56Z,2026-02-10T17:47:02Z,2,2026-02-10T15:44:24Z,2026-02-10T20:15:00Z,5,5,Determined upon crew arrival,In Progres,OUTAGE,Service Transformer,PON,NORMAL,42.86513,-83.43525
NW26021000219,2026-02-10T16:43:56Z,2026-02-10T16:43:56Z,1,2026-02-10T15:44:21Z,2026-02-10T20:15:00Z,1,1,Determined upon crew arrival,In Progres,OUTAGE,Single Customer,HWL,NORMAL,42.55557,-83.7674
NW26021000236,2026-02-10T16:43:56Z,2026-02-10T16:43:56Z,1,2026-02-10T15:54:44Z,2026-02-10T20:25:00Z,2,2,Determined upon crew arrival,In Progres,OUTAGE,Service Transformer,HWL,NORMAL,42.55469,-83.75203
NW26021000256,2026-02-10T16:43:56Z,2026-02-10T17:47:02Z,2,2026-02-10T16:09:55Z,2026-02-10T20:40:00Z,1,1,Equipment problem,In Progres,OUTAGE,Single Customer,PON,NORMAL,42.57853,-83.26405
NW26021000304,2026-02-10T16:43:56Z,2026-02-10T17:47:02Z,2,2026-02-10T16:24:39Z,2026-02-10T20:55:00Z,1,1,Determined upon crew arrival,In Progres,OUTAGE,Single Customer,HWL,NORMAL,42.56351,-83.78528
NW26021000318,2026-02-10T16:43:56Z,2026-02-10T19:06:19Z,3,2026-02-10T16:26:25Z,2026-02-10T20:55:00Z,1,1,Determined upon crew arrival,In Progres,OUTAGE,Single Customer,HWL,NORMAL,42.56347,-83.7878
SE26021000185,2026-02-10T16:43:56Z,2026-02-10T16:43:56Z,1,2026-02-10T15:22:59Z,2026-02-10T19:55:00Z,1,1,Determined upon crew arrival,In Progres,OUTAGE,Single Customer,CAN,NORMAL,42.43144,-83.0123
SE26021000186,2026-02-10T16:43:56Z,2026-02-10T16:43:56Z,1,2026-02-10T15:24:21Z,2026-02-10T19:55:00Z,11,11,Determined upon crew arrival,In Progres,OUTAGE,Service Transformer,CAN,NORMAL,42.38388,-83.02496
SE26021000187,2026-02-10T16:43:56Z,2026-02-10T17:47:02Z,2,2026-02-10T15:25:00Z,2026-02-10T19:55:00Z,1,1,Determined upon crew arrival,In Progres,OUTAGE,Single Customer,RFD,NORMAL,42.42703,-83.30493
SE26021000188,2026-02-10T16:43:56Z,2026-02-10T17:47:02Z,2,2026-02-10T15:26:38Z,2026-02-10T19:55:00Z,2,2,Determined upon crew arrival,In Progres,OUTAGE,Service Secondary,RFD,NORMAL,42.41424,-83.1639
SE26021000200,2026-02-10T16:43:56Z,2026-02-10T17:47:02Z,2,2026-02-10T15:34:04Z,2026-02-10T20:05:00Z,2,2,Determined upon crew arrival,In Progres,OUTAGE,Service Secondary,RFD,NORMAL,42.25377,-83.20123
SE26021000201,2026-02-10T16:43:56Z,2026-02-10T19:06:19Z,3,2026-02-10T14:15:00Z,2026-02-10T20:05:00Z,1,1,Equipment problem,Pending,OUTAGE,Single Customer,CAN,NORMAL,42.36458,-83.03439
SE26021000203,2026-02-10T16:43:56Z,2026-02-10T16:43:56Z,1,2026-02-10T15:36:27Z,2026-02-10T20:05:00Z,27,27,Determined upon crew arrival,In Progres,OUTAGE,Device (II),RFD,NORMAL,42.38587,-83.20825
SE26021000215,2026-02-10T16:43:56Z,2026-02-10T22:54:59Z,7,2026-02-10T15:37:32Z,2026-02-11T00:15:00Z,502,502,Equipment problem,In Progres,OUTAGE,Device (II),CAN,NORMAL,42.32501,-83.05143
SE26021000222,2026-02-10T16:43:56Z,2026-02-10T16:43:56Z,1,2026-02-10T15:47:53Z,2026-02-10T20:20:00Z,1,1,Determined upon crew arrival,In Progres,OUTAGE,Single Customer,CAN,NORMAL,42.4336,-82.95716
SE26021000230,2026-02-10T16:43:56Z,2026-02-11T01:01:54Z,9,2026-02-10T15:51:55Z,2026-02-11T04:20:00Z,1,1,Determined upon crew arrival,In Progres,PRIORITY,,CAN,NORMAL,42.32631,-83.05513
SE26021000231,2026-02-10T16:43:56Z,2026-02-10T22:00:38Z,6,2026-02-10T15:37:35Z,2026-02-11T00:25:00Z,2,2,Determined upon crew arrival,In Progres,OUTAGE,Service Transformer,CAN,NORMAL,42.32586,-83.04574
SE26021000238,2026-02-10T16:43:56Z,2026-02-10T22:54:59Z,7,2026-02-10T15:55:39Z,2026-02-11T00:25:00Z,1,1,Determined upon crew arrival,In Progres,PRIORITY,,CAN,NORMAL,42.3352,-83.05895
SE26021000248,2026-02-10T16:43:56Z,2026-02-11T01:01:54Z,9,2026-02-10T16:04:45Z,2026-02-11T04:35:00Z,1,1,Determined upon crew arrival,In Progres,PRIORITY,,CAN,NORMAL,42.32766,-83.04094
SE26021000249,2026-02-10T16:43:56Z,2026-02-10T16:43:56Z,1,2026-02-10T15:58:03Z,2026-02-10T20:05:00Z,1,1,Determined upon crew arrival,In Progres,OUTAGE,Single Customer,RFD,NORMAL,42.38259,-83.20812
SE26021000266,2026-02-10T16:43:56Z,2026-02-10T16:43:56Z,1,2026-02-10T16:19:11Z,2026-02-10T20:50:00Z,2,2,Determined upon crew arrival,New,OUTAGE,Service Secondary,RFD,NORMAL,42.35396,-83.19083
SE26021000267,2026-02-10T16:43:56Z,2026-02-10T16:43:56Z,1,2026-02-10T16:19:43Z,2026-02-10T20:50:00Z,2,2,Determined upon crew arrival,New,OUTAGE,Service Secondary,RFD,NORMAL,42.35279,-83.1897
SE26021000268,2026-02-10T16:43:56Z,2026-02-10T16:43:56Z,1,2026-02-10T16:19:45Z,2026-02-10T20:50:00Z,2,2,Determined upon crew arrival,New,OUTAGE,Service Secondary,RFD,NORMAL,42.35618,-83.18763
SE26021000269,2026-02-10T16:43:56Z,2026-02-10T16:43:56Z,1,2026-02-10T16:19:50Z,2026-02-10T20:50:00Z,32,32,Determined upon crew arrival,New,OUTAGE,Service Transformer,RFD,NORMAL,42.35456,-83.19505
SE26021000270,2026-02-10T16:43:56Z,2026-02-10T16:43:56Z,1,2026-02-10T16:19:57Z,2026-02-10T20:50:00Z,19,19,Determined upon crew arrival,New,OUTAGE,Service Transformer,RFD,NORMAL,42.35559,-83.19299
SE26021000271,2026-02-10T16:43:56Z,2026-02-10T16:43:56Z,1,2026-02-10T16:19:57Z,2026-02-10T20:50:00Z,1,1,Determined upon crew arrival,In Progres,OUTAGE,Single Customer,RFD,NORMAL,42.44046,-83.29801
SE26021000273,2026-02-10T16:43:56Z,2026-02-10T16:43:56Z,1,2026-02-10T16:20:11Z,2026-02-10T20:50:00Z,29,29,Determined upon crew arrival,New,OUTAGE,Service Transformer,RFD,NORMAL,42.35471,-83.18755
SE26021000274,2026-02-10T16:43:56Z,2026-02-10T19:06:19Z,3,2026-02-10T16:18:07Z,2026-02-10T20:50:00Z,1053,1053,Equipment problem,In Progres,OUTAGE,Service Transformer,RFD,NORMAL,42.3516,-83.19383
SE26021000275,2026-02-10T16:43:56Z,2026-02-10T16:43:56Z,1,2026-02-10T16:20:52Z,2026-02-10T20:50:00Z,1,1,Determined upon crew arrival,New,OUTAGE,Single Customer,RFD,NORMAL,42.35347,-83.18626
SE26021000276,2026-02-10T16:43:56Z,2026-02-10T16:43:56Z,1,2026-02-10T16:20:55Z,2026-02-10T20:50:00Z,1,1,Determined upon crew arrival,New,OUTAGE,Single Customer,RFD,NORMAL,42.35769,-83.18529
SE26021000277,2026-02-10T16:43:56Z,2026-02-10T16:43:56Z,1,2026-02-10T16:21:01Z,2026-02-10T20:50:00Z,2,2,Determined upon crew arrival,New,OUTAGE,Service Secondary,RFD,NORMAL,42.35566,-83.18982
SE26021000278,2026-02-10T16:43:56Z,2026-02-10T16:43:56Z,1,2026-02-10T16:21:17Z,2026-02-10T20:50:00Z,18,18,Determined upon crew arrival,New,OUTAGE,Service Transformer,RFD,NORMAL,42.35759,-83.19417
SE26021000279,2026-02-10T16:43:56Z,2026-02-10T16:43:56Z,1,2026-02-10T16:21:32Z,2026-02-10T20:50:00Z,16,16,Determined upon crew arrival,New,OUTAGE,Service Transformer,RFD,NORMAL,42.35717,-83.18767
SE26021000280,2026-02-10T16:43:56Z,2026-02-10T16:43:56Z,1,2026-02-10T16:21:35Z,2026-02-10T20:50:00Z,1,1,Determined upon crew arrival,New,OUTAGE,Single Customer,RFD,NORMAL,42.35264,-83.19281
SE26021000281,2026-02-10T16:43:56Z,2026-02-10T16:43:56Z,1,2026-02-10T16:21:37Z,2026-02-10T20:50:00Z,11,11,Determined upon crew arrival,New,OUTAGE,Service Transformer,RFD,NORMAL,42.35566,-83.18519
SE26021000282,2026-02-10T16:43:56Z,2026-02-10T16:43:56Z,1,2026-02-10T16:21:54Z,2026-02-10T20:50:00Z,1,1,Determined upon crew arrival,New,OUTAGE,Single Customer,RFD,NORMAL,42.35064,-83.18739
SE26021000283,2026-02-10T16:43:56Z,2026-02-10T16:43:56Z,1,2026-02-10T16:22:13Z,2026-02-10T20:50:00Z,39,39,Determined upon crew arrival,New,OUTAGE,Service Transformer,RFD,NORMAL,42.35766,-83.18996
SE26021000284,2026-02-10T16:43:56Z,2026-02-10T16:43:56Z,1,2026-02-10T16:22:33Z,2026-02-10T20:55:00Z,1,1,Determined upon crew arrival,New,OUTAGE,Single Customer,RFD,NORMAL,42.35619,-83.19619
SE26021000285,2026-02-10T16:43:56Z,2026-02-10T16:43:56Z,1,2026-02-10T16:22:44Z,2026-02-10T20:55:00Z,1,1,Determined upon crew arrival,New,OUTAGE,Single Customer,RFD,NORMAL,42.35273,-83.19389
SE26021000286,2026-02-10T16:43:56Z,2026-02-10T16:43:56Z,1,2026-02-10T16:22:47Z,2026-02-10T20:55:00Z,21,21,Determined upon crew arrival,New,OUTAGE,Service Transformer,RFD,NORMAL,42.3518,-83.18744
SE26021000287,2026-02-10T16:43:56Z,2026-02-10T16:43:56Z,1,2026-02-10T16:22:50Z,2026-02-10T20:55:00Z,23,23,Determined upon crew arrival,New,OUTAGE,Service Transformer,RFD,NORMAL,42.35527,-83.19184
SE26021000288,2026-02-10T16:43:56Z,2026-02-10T16:43:56Z,1,2026-02-10T16:22:53Z,2026-02-10T20:55:00Z,2,2,Determined upon crew arrival,New,OUTAGE,Service Secondary,RFD,NORMAL,42.3524,-83.19173
SE26021000289,2026-02-10T16:43:56Z,2026-02-10T16:43:56Z,1,2026-02-10T16:22:55Z,2026-02-10T20:55:00Z,2,2,Determined upon crew arrival,New,OUTAGE,Service Secondary,RFD,NORMAL,42.35551,-83.19613
SE26021000290,2026-02-10T16:43:56Z,2026-02-10T16:43:56Z,1,2026-02-10T16:23:08Z,2026-02-10T20:55:00Z,2,2,Determined upon crew arrival,New,OUTAGE,Service Secondary,RFD,NORMAL,42.35766,-83.1889
SE26021000291,2026-02-10T16:43:56Z,2026-02-10T16:43:56Z,1,2026-02-10T16:23:13Z,2026-02-10T20:55:00Z,1,1,Determined upon crew arrival,New,OUTAGE,Single Customer,RFD,NORMAL,42.3543,-83.18875
SE26021000292,2026-02-10T16:43:56Z,2026-02-10T17:47:02Z,2,2026-02-10T16:18:10Z,2026-02-10T20:55:00Z,181,181,Equipment problem,In Progres,OUTAGE,Service Transformer,RFD,NORMAL,42.35175,-83.18623
SE26021000293,2026-02-10T16:43:56Z,2026-02-10T16:43:56Z,1,2026-02-10T16:23:36Z,2026-02-10T20:55:00Z,2,2,Determined upon crew arrival,New,OUTAGE,Service Secondary,RFD,NORMAL,42.35424,-83.19606
SE26021000294,2026-02-10T16:43:56Z,2026-02-10T16:43:56Z,1,2026-02-10T16:23:37Z,2026-02-10T20:55:00Z,1,1,Determined upon crew arrival,New,OUTAGE,Single Customer,RFD,NORMAL,42.35745,-83.19625
SE26021000295,2026-02-10T16:43:56Z,2026-02-10T16:43:56Z,1,2026-02-10T16:23:52Z,2026-02-10T20:55:00Z,2,2,Determined upon crew arrival,New,OUTAGE,Service Secondary,RFD,NORMAL,42.35387,-83.19395
SE26021000296,2026-02-10T16:43:56Z,2026-02-10T16:43:56Z,1,2026-02-10T16:24:00Z,2026-02-10T20:55:00Z,1,1,Determined upon crew arrival,New,OUTAGE,Single Customer,RFD,NORMAL,42.35556,-83.19415
SE26021000297,2026-02-10T16:43:56Z,2026-02-10T16:43:56Z,1,2026-02-10T16:24:10Z,2026-02-10T20:55:00Z,33,33,Determined upon crew arrival,New,OUTAGE,Service Transformer,RFD,NORMAL,42.35195,-83.1949
SE26021000298,2026-02-10T16:43:56Z,2026-02-10T16:43:56Z,1,2026-02-10T16:24:15Z,2026-02-10T20:55:00Z,13,13,Determined upon crew arrival,New,OUTAGE,Service Transformer,RFD,NORMAL,42.35243,-83.18505
SE26021000299,2026-02-10T16:43:56Z,2026-02-10T16:43:56Z,1,2026-02-10T16:24:12Z,2026-02-10T20:55:00Z,1,1,Determined upon crew arrival,New,OUTAGE,Single Customer,RFD,NORMAL,42.35461,-83.19292
SE26021000300,2026-02-10T16:43:56Z,2026-02-10T16:43:56Z,1,2026-02-10T16:24:17Z,2026-02-10T20:55:00Z,2,2,Determined upon crew arrival,New,OUTAGE,Service Secondary,RFD,NORMAL,42.35329,-83.19495
SE26021000301,2026-02-10T16:43:56Z,2026-02-10T16:43:56Z,1,2026-02-10T16:24:21Z,2026-02-10T20:55:00Z,1,1,Determined upon crew arrival,New,OUTAGE,Single Customer,RFD,NORMAL,42.35177,-83.18503
SE26021000302,2026-02-10T16:43:56Z,2026-02-10T16:43:56Z,1,2026-02-10T16:24:34Z,2026-02-10T20:55:00Z,31,31,Determined upon crew arrival,New,OUTAGE,Service Transformer,RFD,NORMAL,42.35166,-83.19278
SE26021000303,2026-02-10T16:43:56Z,2026-02-10T16:43:56Z,1,2026-02-10T16:24:34Z,2026-02-10T20:55:00Z,25,25,Determined upon crew arrival,New,OUTAGE,Service Transformer,RFD,NORMAL,42.356,-83.19513
SE26021000305,2026-02-10T16:43:56Z,2026-02-10T17:47:02Z,2,2026-02-10T16:18:09Z,2026-02-10T20:55:00Z,58,58,Equipment problem,In Progres,OUTAGE,Service Transformer,RFD,NORMAL,42.35571,-83.18394
SE26021000308,2026-02-10T16:43:56Z,2026-02-10T16:43:56Z,1,2026-02-10T16:25:02Z,2026-02-10T20:55:00Z,2,2,Determined upon crew arrival,New,OUTAGE,Service Secondary,RFD,NORMAL,42.3539,-83.19291
SE26021000309,2026-02-10T16:43:56Z,2026-02-10T16:43:56Z,1,2026-02-10T16:25:04Z,2026-02-10T20:55:00Z,1,1,Determined upon crew arrival,New,OUTAGE,Single Customer,RFD,NORMAL,42.35164,-83.19072
SE26021000310,2026-02-10T16:43:56Z,2026-02-10T16:43:56Z,1,2026-02-10T16:25:08Z,2026-02-10T20:55:00Z,2,2,Determined upon crew arrival,New,OUTAGE,Service Secondary,RFD,NORMAL,42.35686,-83.19096
SE26021000311,2026-02-10T16:43:56Z,2026-02-10T16:43:56Z,1,2026-02-10T16:25:12Z,2026-02-10T20:55:00Z,19,19,Determined upon crew arrival,New,OUTAGE,Service Transformer,RFD,NORMAL,42.35277,-83.18869
SE26021000312,2026-02-10T16:43:56Z,2026-02-10T16:43:56Z,1,2026-02-10T16:25:15Z,2026-02-10T20:55:00Z,2,2,Determined upon crew arrival,New,OUTAGE,Service Secondary,RFD,NORMAL,42.35755,-83.19523
SE26021000313,2026-02-10T16:43:56Z,2026-02-10T16:43:56Z,1,2026-02-10T16:25:16Z,2026-02-10T20:55:00Z,1,1,Determined upon crew arrival,New,OUTAGE,Single Customer,RFD,NORMAL,42.35154,-83.19591
SE26021000314,2026-02-10T16:43:56Z,2026-02-10T16:43:56Z,1,2026-02-10T16:25:25Z,2026-02-10T20:55:00Z,1,1,Determined upon crew arrival,New,OUTAGE,Single Customer,RFD,NORMAL,42.35466,-83.18979
SE26021000315,2026-02-10T16:43:56Z,2026-02-10T16:43:56Z,1,2026-02-10T16:25:27Z,2026-02-10T20:55:00Z,2,2,Determined upon crew arrival,New,OUTAGE,Service Secondary,RFD,NORMAL,42.35568,-83.1888
SE26021000316,2026-02-10T16:43:56Z,2026-02-10T16:43:56Z,1,2026-02-10T16:25:30Z,2026-02-10T20:55:00Z,14,14,Determined upon crew arrival,New,OUTAGE,Service Transformer,RFD,NORMAL,42.35296,-83.19607
SE26021000317,2026-02-10T16:43:56Z,2026-02-10T17:47:02Z,2,2026-02-10T16:25:54Z,2026-02-10T20:55:00Z,1,1,Determined upon crew arrival,In Progres,OUTAGE,Single Customer,CAN,NORMAL,42.44143,-82.96598
SE26021000319,2026-02-10T16:43:56Z,2026-02-10T20:05:06Z,4,2026-02-10T16:18:11Z,2026-02-10T20:55:00Z,46,3,Equipment problem,In Progres,OUTAGE,Service Transformer,RFD,NORMAL,42.3515,-83.19127
SE26021000320,2026-02-10T16:43:56Z,2026-02-10T16:43:56Z,1,2026-02-10T16:27:20Z,,1,1,Determined upon crew arrival,New,OUTAGE,Single Customer,RFD,NORMAL,42.35311,-83.18748
SE26021000321,2026-02-10T16:43:56Z,2026-02-10T16:43:56Z,1,2026-02-10T16:28:14Z,,1,1,Determined upon crew arrival,New,OUTAGE,Single Customer,RFD,NORMAL,42.35563,-83.1909
SE26021000322,2026-02-10T16:43:56Z,2026-02-10T16:43:56Z,1,2026-02-10T16:29:23Z,,1,1,Determined upon crew arrival,New,OUTAGE,Single Customer,RFD,NORMAL,42.35169,-83.18966
SE26021000323,2026-02-10T16:43:56Z,2026-02-10T17:47:02Z,2,2026-02-10T16:29:26Z,2026-02-10T21:00:00Z,1,1,Determined upon crew arrival,PC3 Verifi,OUTAGE,Single Customer,RFD,NORMAL,42.35461,-83.19746
SE26021000324,2026-02-10T16:43:56Z,2026-02-10T16:43:56Z,1,2026-02-10T16:29:29Z,,1,1,Determined upon crew arrival,In Progres,OUTAGE,Single Customer,RFD,NORMAL,42.3831,-83.25543
SE26021000325,2026-02-10T16:43:56Z,2026-02-10T16:43:56Z,1,2026-02-10T16:29:38Z,,2,2,Determined upon crew arrival,New,OUTAGE,Service Secondary,RFD,NORMAL,42.35695,-83.18887
SE26021000326,2026-02-10T16:43:56Z,2026-02-10T16:43:56Z,1,2026-02-10T16:30:05Z,,1,1,Determined upon crew arrival,New,OUTAGE,Single Customer,RFD,NORMAL,42.35779,-83.18291
SW26021000177,2026-02-10T16:43:56Z,2026-02-10T16:43:56Z,1,2026-02-10T15:02:28Z,2026-02-10T19:45:00Z,4,4,Determined upon crew arrival,In Progres,OUTAGE,Service Transformer,WWS,NORMAL,42.38809,-83.38642
SW26021000190,2026-02-10T16:43:56Z,2026-02-10T16:43:56Z,1,2026-02-10T15:27:25Z,2026-02-10T20:00:00Z,2,2,Determined upon crew arrival,In Progres,OUTAGE,Service Transformer,WWS,NORMAL,42.31058,-83.40053
SW26021000209,2026-02-10T16:43:56Z,2026-02-10T17:47:02Z,2,2026-02-10T15:39:00Z,2026-02-10T20:10:00Z,15,15,Determined upon crew arrival,In Progres,OUTAGE,Service Transformer,WWS,NORMAL,42.44605,-83.3257
SW26021000232,2026-02-10T16:43:56Z,2026-02-10T16:43:56Z,1,2026-02-10T15:43:00Z,2026-02-10T20:25:00Z,1,1,Determined upon crew arrival,In Progres,OUTAGE,Single Customer,ANN,NORMAL,42.24261,-83.66137
SW26021000233,2026-02-10T16:43:56Z,2026-02-10T16:43:56Z,1,2026-02-10T15:52:54Z,2026-02-10T20:25:00Z,4,4,Determined upon crew arrival,In Progres,OUTAGE,Service Transformer,ANN,NORMAL,42.24568,-83.63496
SW26021000237,2026-02-10T16:43:56Z,2026-02-10T16:43:56Z,1,2026-02-10T15:55:01Z,2026-02-10T20:25:00Z,1,1,Determined upon crew arrival,In Progres,OUTAGE,Single Customer,ANN,NORMAL,42.27042,-83.77269
SW26021000242,2026-02-10T16:43:56Z,2026-02-10T16:43:56Z,1,2026-02-10T15:58:25Z,2026-02-10T20:30:00Z,1,1,Determined upon crew arrival,In Progres,OUTAGE,Single Customer,ANN,NORMAL,42.24193,-83.6629
SW26021000245,2026-02-10T16:43:56Z,2026-02-10T16:43:56Z,1,2026-02-10T16:00:11Z,2026-02-10T20:30:00Z,126,126,Equipment problem,In Progres,OUTAGE,Device (II),ANN,NORMAL,42.20447,-83.60501
NE26021000353,2026-02-10T17:47:02Z,2026-02-10T17:47:02Z,1,2026-02-10T16:33:49Z,2026-02-10T21:05:00Z,99,99,Equipment problem,In Progres,OUTAGE,Device (II),MTC,NORMAL,42.66213,-82.86456
NE26021000393,2026-02-10T17:47:02Z,2026-02-10T17:47:02Z,1,2026-02-10T17:07:07Z,2026-02-10T21:35:00Z,1,1,Determined upon crew arrival,In Progres,OUTAGE,Single Customer,MAR,NORMAL,43.02669,-82.43556
NW26021000363,2026-02-10T17:47:02Z,2026-02-10T19:06:19Z,2,2026-02-10T15:56:14Z,2026-02-10T21:15:00Z,1,1,Equipment problem,In Progres,OUTAGE,Single Customer,PON,NORMAL,42.70916,-83.33574
NW26021000372,2026-02-10T17:47:02Z,2026-02-10T21:00:58Z,4,2026-02-10T16:53:45Z,2026-02-10T21:25:00Z,1,1,Determined upon crew arrival,In Progres,OUTAGE,Single Customer,PON,NORMAL,42.54686,-83.38589
NW26021000411,2026-02-10T17:47:02Z,2026-02-10T17:47:02Z,1,2026-02-10T17:26:49Z,2026-02-10T21:55:00Z,1,1,Determined upon crew arrival,Pending,OUTAGE,Single Customer,PON,NORMAL,42.81521,-83.3968
SE26021000332,2026-02-10T17:47:02Z,2026-02-10T17:47:02Z,1,2026-02-10T16:31:12Z,2026-02-10T21:00:00Z,24,24,Determined upon crew arrival,In Progres,OUTAGE,Service Transformer,RFD,NORMAL,42.4638,-83.14426
SE26021000356,2026-02-10T17:47:02Z,2026-02-10T19:06:19Z,2,2026-02-10T16:23:32Z,2026-02-10T21:10:00Z,1,1,Determined upon crew arrival,In Progres,SERVICE DOWN NO,,RFD,NORMAL,42.35175,-83.18623
SE26021000361,2026-02-10T17:47:02Z,2026-02-10T17:47:02Z,1,2026-02-10T16:37:57Z,2026-02-10T21:10:00Z,2,2,Determined upon crew arrival,New,OUTAGE,Service Secondary,RFD,NORMAL,42.23982,-83.19392
SE26021000376,2026-02-10T17:47:02Z,2026-02-10T19:06:19Z,2,2026-02-10T16:54:02Z,2026-02-10T21:25:00Z,1,1,Determined upon crew arrival,In Progres,OUTAGE,Single Customer,RFD,NORMAL,42.25519,-83.20299
SE26021000378,2026-02-10T17:47:02Z,2026-02-10T17:47:02Z,1,2026-02-10T16:57:29Z,2026-02-10T21:30:00Z,1,1,Determined upon crew arrival,In Progres,OUTAGE,Single Customer,CAN,NORMAL,42.43985,-82.98941
SE26021000386,2026-02-10T17:47:02Z,2026-02-10T19:06:19Z,2,2026-02-10T16:18:14Z,2026-02-10T21:35:00Z,1,1,Determined upon crew arrival,In Progres,OUTAGE,Single Customer,RFD,NORMAL,42.35916,-83.18415
SE26021000401,2026-02-10T17:47:02Z,2026-02-10T19:06:19Z,2,2026-02-09T20:05:37Z,2026-02-10T21:50:00Z,1,1,Determined upon crew arrival,PC3 Verifi,OUTAGE,Single Customer,CAN,NORMAL,42.42348,-82.91083
SE26021000402,2026-02-10T17:47:02Z,2026-02-10T17:47:02Z,1,2026-02-10T17:20:00Z,2026-02-10T21:50:00Z,1,1,Determined upon crew arrival,New,OUTAGE,Single Customer,CAN,NORMAL,42.32241,-83.10417
SE26021000410,2026-02-10T17:47:02Z,2026-02-10T17:47:02Z,1,2026-02-10T17:26:45Z,2026-02-10T21:55:00Z,1,1,Determined upon crew arrival,In Progres,OUTAGE,Single Customer,RFD,NORMAL,42.37465,-83.17368
SW26021000359,2026-02-10T17:47:02Z,2026-02-10T17:47:02Z,1,2026-02-10T16:41:04Z,2026-02-10T21:10:00Z,56,56,Determined upon crew arrival,In Progres,OUTAGE,Service Transformer,ANN,NORMAL,42.27456,-83.74766
SW26021000373,2026-02-10T17:47:02Z,2026-02-10T17:47:02Z,1,2026-02-10T16:53:56Z,2026-02-10T21:25:00Z,1,1,Determined upon crew arrival,In Progres,OUTAGE,Single Customer,WWS,NORMAL,42.38049,-83.47985
SW26021000383,2026-02-10T17:47:02Z,2026-02-10T17:47:02Z,1,2026-02-10T17:01:07Z,2026-02-10T21:30:00Z,1,1,Determined upon crew arrival,In Progres,OUTAGE,Single Customer,ANN,NORMAL,42.20691,-83.7959
SW26021000396,2026-02-10T17:47:02Z,2026-02-10T17:47:02Z,1,2026-02-10T17:13:21Z,2026-02-10T21:45:00Z,1,1,Determined upon crew arrival,In Progres,OUTAGE,Single Customer,WWS,NORMAL,42.44566,-83.32568
SW26021000406,2026-02-10T17:47:02Z,2026-02-10T17:47:02Z,1,2026-02-10T17:22:26Z,2026-02-10T21:55:00Z,1,1,Determined upon crew arrival,New,OUTAGE,Single Customer,ANN,NORMAL,42.27524,-83.74744
SW26021000408,2026-02-10T17:47:02Z,2026-02-10T17:47:02Z,1,2026-02-10T17:26:26Z,2026-02-10T21:55:00Z,1007,1007,Determined upon crew arrival,New,OUTAGE,Device (II),WWS,NORMAL,42.29946,-83.42693
NE26021000419,2026-02-10T19:06:19Z,2026-02-10T20:05:06Z,2,2026-02-10T17:29:04Z,2026-02-10T22:05:00Z,1,1,Equipment problem,In Progres,OUTAGE,Single Customer,MAR,NORMAL,42.95022,-82.48964
NE26021000421,2026-02-10T19:06:19Z,2026-02-10T19:06:19Z,1,2026-02-10T17:38:10Z,2026-02-10T22:10:00Z,1,1,Determined upon crew arrival,Pending,OUTAGE,Single Customer,MAR,NORMAL,42.71991,-82.54315
NE26021000426,2026-02-10T19:06:19Z,2026-02-10T20:05:06Z,2,2026-02-10T17:43:15Z,2026-02-10T22:15:00Z,1,1,Determined upon crew arrival,In Progres,OUTAGE,Service Secondary,MAR,NORMAL,43.21005,-82.51863
NE26021000434,2026-02-10T19:06:19Z,2026-02-10T20:05:06Z,2,2026-02-10T17:47:53Z,2026-02-10T22:20:00Z,2,2,Determined upon crew arrival,In Progres,OUTAGE,Service Transformer,NAE,NORMAL,43.42025,-82.92855
NE26021000445,2026-02-10T19:06:19Z,2026-02-10T19:06:19Z,1,2026-02-10T17:54:19Z,2026-02-10T22:25:00Z,19,19,Determined upon crew arrival,In Progres,OUTAGE,Service Transformer,MTC,NORMAL,42.45789,-83.01466
NE26021000485,2026-02-10T19:06:19Z,2026-02-10T20:05:06Z,2,2026-02-10T18:35:00Z,2026-02-10T23:05:00Z,1,1,Equipment problem,In Progres,OUTAGE,Single Customer,MTC,NORMAL,42.52538,-82.99928
NE26021000486,2026-02-10T19:06:19Z,2026-02-10T20:05:06Z,2,2026-02-10T18:35:20Z,2026-02-10T23:05:00Z,3,3,Determined upon crew arrival,In Progres,OUTAGE,Service Transformer,MTC,NORMAL,42.84296,-82.88951
NE26021000492,2026-02-10T19:06:19Z,2026-02-10T21:00:58Z,3,2026-02-10T18:48:21Z,2026-02-10T23:20:00Z,1,1,Determined upon crew arrival,In Progres,OUTAGE,Single Customer,MAR,NORMAL,43.12193,-82.60808
NE26021000506,2026-02-10T19:06:19Z,2026-02-10T20:05:06Z,2,2026-02-10T18:57:25Z,2026-02-10T23:25:00Z,8,8,Determined upon crew arrival,In Progres,OUTAGE,Service Transformer,NAE,NORMAL,43.41949,-82.83418
NE26021000508,2026-02-10T19:06:19Z,2026-02-11T01:01:54Z,7,2026-02-10T18:56:00Z,2026-02-11T03:30:00Z,9,9,Equipment problem,In Progres,OUTAGE,Device (I),MTC,NORMAL,42.77402,-82.88041
NE26021000510,2026-02-10T19:06:19Z,2026-02-10T19:06:19Z,1,2026-02-10T19:00:02Z,,1,1,Determined upon crew arrival,New,OUTAGE,Single Customer,MTC,NORMAL,42.77428,-82.8817
NW26021000414,2026-02-10T19:06:19Z,2026-02-11T19:42:17Z,22,2026-02-09T14:40:44Z,2026-02-11T22:00:00Z,1,1,Equipment problem,In Progres,OUTAGE,Single Customer,PON,NORMAL,42.57593,-83.28932
NW26021000444,2026-02-10T19:06:19Z,2026-02-10T19:06:19Z,1,2026-02-10T17:54:50Z,2026-02-10T22:25:00Z,1,1,Determined upon crew arrival,In Progres,OUTAGE,Single Customer,PON,NORMAL,42.67932,-83.31137
NW26021000459,2026-02-10T19:06:19Z,2026-02-10T21:00:58Z,3,2026-02-10T18:03:22Z,2026-02-10T22:40:00Z,1,1,Determined upon crew arrival,In Progres,OUTAGE,Single Customer,HWL,NORMAL,42.59422,-83.96433
NW26021000507,2026-02-10T19:06:19Z,2026-02-10T19:06:19Z,1,2026-02-10T18:58:05Z,,1,1,Determined upon crew arrival,In Progres,OUTAGE,Single Customer,SBY,NORMAL,42.54806,-83.05787
SE26021000422,2026-02-10T19:06:19Z,2026-02-12T23:30:21Z,50,2026-02-10T17:38:36Z,2026-02-13T02:10:00Z,1,1,Determined upon crew arrival,In Progres,PRIORITY,,RFD,NORMAL,42.44875,-83.19974
SE26021000424,2026-02-10T19:06:19Z,2026-02-10T19:06:19Z,1,2026-02-10T17:42:32Z,2026-02-10T22:15:00Z,1,1,Determined upon crew arrival,In Progres,OUTAGE,Single Customer,RFD,NORMAL,42.26609,-83.20739
SE26021000425,2026-02-10T19:06:19Z,2026-02-10T21:00:58Z,3,2026-02-10T17:42:37Z,2026-02-10T22:15:00Z,1,1,Equipment problem,In Progres,OUTAGE,Single Customer,RFD,NORMAL,42.34797,-83.20316
SE26021000454,2026-02-10T19:06:19Z,2026-02-10T21:00:58Z,3,2026-02-10T17:02:29Z,2026-02-10T22:35:00Z,1,1,Equipment problem,In Progres,OUTAGE,Single Customer,RFD,NORMAL,42.37311,-83.2627
SE26021000455,2026-02-10T19:06:19Z,2026-02-10T19:06:19Z,1,2026-02-10T18:05:16Z,2026-02-10T22:35:00Z,4,4,Determined upon crew arrival,In Progres,OUTAGE,Service Transformer,CAN,NORMAL,42.38402,-83.02371
SE26021000471,2026-02-10T19:06:19Z,2026-02-10T20:05:06Z,2,2026-02-10T18:17:07Z,2026-02-10T22:45:00Z,1,1,Determined upon crew arrival,In Progres,OUTAGE,Single Customer,CAN,NORMAL,42.4277,-83.0121
SE26021000487,2026-02-10T19:06:19Z,2026-02-10T19:06:19Z,1,2026-02-10T18:38:23Z,2026-02-10T23:10:00Z,1,1,Determined upon crew arrival,In Progres,OUTAGE,Single Customer,RFD,NORMAL,42.3816,-83.18864
SE26021000488,2026-02-10T19:06:19Z,2026-02-10T21:00:58Z,3,2026-02-10T18:38:53Z,2026-02-10T23:10:00Z,1,1,Equipment problem,In Progres,OUTAGE,Single Customer,RFD,NORMAL,42.2541,-83.19643
SE26021000489,2026-02-10T19:06:19Z,2026-02-10T21:00:58Z,3,2026-02-10T18:42:43Z,2026-02-10T23:15:00Z,1,1,Determined upon crew arrival,In Progres,OUTAGE,Single Customer,RFD,NORMAL,42.52738,-83.26283
SE26021000490,2026-02-10T19:06:19Z,2026-02-10T19:06:19Z,1,2026-02-10T18:39:20Z,2026-02-10T23:15:00Z,1,1,Determined upon crew arrival,In Progres,OUTAGE,Single Customer,CAN,NORMAL,42.40048,-83.01903
SE26021000499,2026-02-10T19:06:19Z,2026-02-10T21:00:58Z,3,2026-02-10T18:53:38Z,2026-02-10T23:25:00Z,1,1,Determined upon crew arrival,In Progres,OUTAGE,Single Customer,RFD,NORMAL,42.31385,-83.12017
SE26021000502,2026-02-10T19:06:19Z,2026-02-10T20:05:06Z,2,2026-02-10T18:55:05Z,2026-02-10T23:25:00Z,3,3,Determined upon crew arrival,In Progres,OUTAGE,Service Transformer,CAN,NORMAL,42.43658,-82.97121
SE26021000505,2026-02-10T19:06:19Z,2026-02-10T20:05:06Z,2,2026-02-10T18:57:07Z,2026-02-10T23:25:00Z,2,2,Determined upon crew arrival,In Progres,OUTAGE,Service Secondary,RFD,NORMAL,42.37388,-83.17729
SW26021000429,2026-02-10T19:06:19Z,2026-02-10T21:00:58Z,3,2026-02-10T17:46:52Z,2026-02-10T22:15:00Z,1,1,Determined upon crew arrival,In Progres,OUTAGE,Service Secondary,WWS,NORMAL,42.38934,-83.38885
SW26021000431,2026-02-10T19:06:19Z,2026-02-10T19:06:19Z,1,2026-02-10T17:47:27Z,2026-02-10T22:20:00Z,7,7,Determined upon crew arrival,In Progres,OUTAGE,Service Transformer,ANN,NORMAL,42.2399,-83.72896
SW26021000447,2026-02-10T19:06:19Z,2026-02-10T21:00:58Z,3,2026-02-10T17:55:00Z,2026-02-10T22:30:00Z,1,1,Determined upon crew arrival,In Progres,OUTAGE,Single Customer,WWS,NORMAL,42.3885,-83.38797
SW26021000450,2026-02-10T19:06:19Z,2026-02-10T19:06:19Z,1,2026-02-10T17:50:04Z,2026-02-10T22:30:00Z,4,4,Determined upon crew arrival,In Progres,OUTAGE,Service Transformer,ANN,NORMAL,42.23892,-83.72936
SW26021000456,2026-02-10T19:06:19Z,2026-02-10T20:05:06Z,2,2026-02-10T17:50:17Z,2026-02-10T22:35:00Z,7,7,Determined upon crew arrival,In Progres,OUTAGE,Service Transformer,WWS,NORMAL,42.38934,-83.38885
SW26021000457,2026-02-10T19:06:19Z,2026-02-10T20:05:06Z,2,2026-02-10T18:04:06Z,2026-02-10T22:35:00Z,75,75,Public Interference w/DTE equip,In Progres,OUTAGE,Device (II),WWS,NORMAL,42.32131,-83.41411
SW26021000472,2026-02-10T19:06:19Z,2026-02-10T21:00:58Z,3,2026-02-10T18:17:36Z,2026-02-10T22:50:00Z,11,11,Determined upon crew arrival,In Progres,OUTAGE,Service Transformer,WWS,NORMAL,42.40028,-83.4064
SW26021000479,2026-02-10T19:06:19Z,2026-02-10T19:06:19Z,1,2026-02-10T18:30:05Z,2026-02-10T23:00:00Z,1,1,Determined upon crew arrival,In Progres,OUTAGE,Service Secondary,WWS,NORMAL,42.38809,-83.38641
SW26021000482,2026-02-10T19:06:19Z,2026-02-10T19:06:19Z,1,2026-02-10T18:31:30Z,2026-02-10T23:00:00Z,1,1,Determined upon crew arrival,In Progres,OUTAGE,Service Secondary,WWS,NORMAL,42.38809,-83.38641
SW26021000483,2026-02-10T19:06:19Z,2026-02-10T19:06:19Z,1,2026-02-10T18:33:10Z,2026-02-10T23:05:00Z,1,1,Determined upon crew arrival,In Progres,OUTAGE,Single Customer,WWS,NORMAL,42.31552,-83.36049
SW26021000498,2026-02-10T19:06:19Z,2026-02-10T21:00:58Z,3,2026-02-10T18:52:28Z,2026-02-10T23:25:00Z,1,1,Determined upon crew arrival,In Progres,OUTAGE,Single Customer,WWS,NORMAL,42.28999,-83.40076
NE26021000515,2026-02-10T20:05:06Z,2026-02-10T20:05:06Z,1,2026-02-10T19:06:49Z,2026-02-10T23:40:00Z,1,1,Determined upon crew arrival,In Progres,OUTAGE,Single Customer,MAR,NORMAL,43.02669,-82.43556
NE26021000546,2026-02-10T20:05:06Z,2026-02-10T21:00:58Z,2,2026-02-10T19:41:04Z,2026-02-11T00:10:00Z,1,1,Determined upon crew arrival,In Progres,OUTAGE,Single Customer,NAE,NORMAL,43.32046,-83.58258
NE26021000553,2026-02-10T20:05:06Z,2026-02-10T21:00:58Z,2,2026-02-10T19:50:09Z,2026-02-11T00:20:00Z,1,1,Determined upon crew arrival,In Progres,OUTAGE,Single Customer,NAE,NORMAL,43.4071,-82.82783
NW26021000512,2026-02-10T20:05:06Z,2026-02-10T21:00:58Z,2,2026-02-10T19:04:05Z,2026-02-10T23:35:00Z,1,1,Determined upon crew arrival,In Progres,OUTAGE,Single Customer,PON,NORMAL,42.67929,-83.31229
NW26021000558,2026-02-10T20:05:06Z,2026-02-10T20:05:06Z,1,2026-02-10T19:42:56Z,,1,1,Determined upon crew arrival,New,OUTAGE,Single Customer,PON,NORMAL,42.56278,-83.22186
SE26021000535,2026-02-10T20:05:06Z,2026-02-11T04:04:07Z,7,2026-02-10T19:31:08Z,2026-02-11T12:00:00Z,1,1,Determined upon crew arrival,In Progres,OUTAGE,Single Customer,CAN,NORMAL,42.43619,-83.03955
SE26021000538,2026-02-10T20:05:06Z,2026-02-10T20:05:06Z,1,2026-02-10T16:23:47Z,2026-02-11T00:05:00Z,1,1,Determined upon crew arrival,New,OUTAGE,Single Customer,RFD,NORMAL,42.35396,-83.19084
SE26021000547,2026-02-10T20:05:06Z,2026-02-10T20:05:06Z,1,2026-02-10T19:42:12Z,2026-02-11T00:10:00Z,1,1,Determined upon crew arrival,Pending,OUTAGE,Single Customer,RFD,NORMAL,42.35154,-83.19591
SE26021000548,2026-02-10T20:05:06Z,2026-02-11T01:01:54Z,6,2026-02-10T19:47:11Z,2026-02-11T12:15:00Z,1,1,Equipment problem,In Progres,OUTAGE,Single Customer,CAN,NORMAL,42.39533,-83.02011
SE26021000551,2026-02-10T20:05:06Z,2026-02-11T01:01:54Z,6,2026-02-10T19:49:43Z,2026-02-11T12:20:00Z,1,1,Determined upon crew arrival,In Progres,OUTAGE,Single Customer,CAN,NORMAL,42.41292,-82.94434
SE26021000555,2026-02-10T20:05:06Z,2026-02-10T21:00:58Z,2,2026-02-10T19:52:39Z,2026-02-11T00:25:00Z,1,1,Determined upon crew arrival,New,OUTAGE,Single Customer,RFD,NORMAL,42.35785,-83.19066
SW26021000511,2026-02-10T20:05:06Z,2026-02-10T20:05:06Z,1,2026-02-10T18:55:19Z,2026-02-10T23:35:00Z,5,5,Determined upon crew arrival,In Progres,OUTAGE,Service Transformer,ANN,NORMAL,42.28405,-83.85868
SW26021000516,2026-02-10T20:05:06Z,2026-02-10T21:00:58Z,2,2026-02-10T19:07:14Z,2026-02-10T23:50:00Z,1,1,Determined upon crew arrival,In Progres,OUTAGE,Single Customer,WWS,NORMAL,42.33673,-83.38744
SW26021000537,2026-02-10T20:05:06Z,2026-02-10T21:00:58Z,2,2026-02-10T19:32:04Z,2026-02-11T00:00:00Z,8,8,Determined upon crew arrival,In Progres,OUTAGE,Service Transformer,WWS,NORMAL,42.34357,-83.36778
NE26021000564,2026-02-10T21:00:58Z,2026-02-10T22:00:38Z,2,2026-02-10T19:49:01Z,2026-02-11T00:30:00Z,2,2,Equipment problem,In Progres,OUTAGE,Service Transformer,LAP,NORMAL,42.91613,-83.16361
NE26021000572,2026-02-10T21:00:58Z,2026-02-10T22:00:38Z,2,2026-02-10T20:01:51Z,2026-02-11T00:40:00Z,35,35,Equipment problem,Pending,OUTAGE,Service Transformer,MTC,NORMAL,42.62149,-82.90331
NE26021000576,2026-02-10T21:00:58Z,2026-02-10T22:00:38Z,2,2026-02-10T20:19:32Z,2026-02-11T00:50:00Z,184,184,Equipment problem,In Progres,OUTAGE,Device (I),MTC,NORMAL,42.624,-82.9069
NE26021000580,2026-02-10T21:00:58Z,2026-02-10T22:54:59Z,3,2026-02-10T20:23:25Z,2026-02-11T00:55:00Z,1,1,Animal/bird damaged DTE equip,In Progres,OUTAGE,Single Customer,NAE,NORMAL,43.53876,-83.48514
NE26021000582,2026-02-10T21:00:58Z,2026-02-10T21:00:58Z,1,2026-02-10T20:30:10Z,,1,1,Determined upon crew arrival,New,OUTAGE,Single Customer,MTC,NORMAL,42.53894,-82.96638
SE26021000562,2026-02-10T21:00:58Z,2026-02-10T21:00:58Z,1,2026-02-10T16:23:47Z,2026-02-11T00:30:00Z,2,2,Determined upon crew arrival,New,OUTAGE,Service Secondary,RFD,NORMAL,42.3515,-83.19127
SE26021000575,2026-02-10T21:00:58Z,2026-02-11T21:04:02Z,22,2026-02-10T20:18:58Z,2026-02-12T00:50:00Z,1,1,Public Interference w/DTE equip,In Progres,OUTAGE,Single Customer,CAN,NORMAL,42.38095,-83.01425
SE26021000581,2026-02-10T21:00:58Z,2026-02-10T21:00:58Z,1,2026-02-10T20:29:36Z,,1,1,Determined upon crew arrival,New,SERVICE DOWN NO,,CAN,NORMAL,42.40448,-83.13492
SW26021000578,2026-02-10T21:00:58Z,2026-02-10T22:00:38Z,2,2026-02-10T20:20:39Z,2026-02-11T00:50:00Z,52,52,Determined upon crew arrival,In Progres,OUTAGE,Service Transformer,WWS,NORMAL,42.4752,-83.41534
NE26021000610,2026-02-10T22:00:38Z,2026-02-10T22:54:59Z,2,2026-02-10T15:08:03Z,2026-02-11T01:55:00Z,1,1,Determined upon crew arrival,In Progres,OUTAGE,Single Customer,MTC,NORMAL,42.82702,-82.74641
NE26021000615,2026-02-10T22:00:38Z,2026-02-10T23:38:53Z,3,2026-02-10T21:27:30Z,2026-02-11T02:00:00Z,1,1,Equipment problem,In Progres,OUTAGE,Single Customer,LAP,NORMAL,43.04494,-83.22594
NE26021000629,2026-02-10T22:00:38Z,2026-02-11T04:04:07Z,5,2026-02-10T21:42:14Z,2026-02-11T14:10:00Z,1,1,Equipment problem,In Progres,OUTAGE,Single Customer,MTC,NORMAL,42.86402,-82.95346
NW26021000587,2026-02-10T22:00:38Z,2026-02-11T01:01:54Z,4,2026-02-10T20:36:59Z,2026-02-11T01:15:00Z,1,1,Equipment problem,In Progres,OUTAGE,Single Customer,PON,NORMAL,42.59232,-83.32827
NW26021000628,2026-02-10T22:00:38Z,2026-02-10T22:00:38Z,1,2026-02-10T21:41:28Z,2026-02-11T02:10:00Z,1,1,Determined upon crew arrival,New,OUTAGE,Single Customer,HWL,NORMAL,42.68318,-83.9373
SE26021000598,2026-02-10T22:00:38Z,2026-02-10T22:00:38Z,1,2026-02-10T21:03:23Z,2026-02-11T01:35:00Z,1,1,Determined upon crew arrival,New,OUTAGE,Single Customer,CAN,NORMAL,42.42738,-82.95097
SE26021000599,2026-02-10T22:00:38Z,2026-02-11T01:01:54Z,4,2026-02-10T21:02:13Z,2026-02-11T01:35:00Z,1,1,Determined upon crew arrival,In Progres,OUTAGE,Single Customer,CAN,NORMAL,42.4178,-82.93807
SE26021000627,2026-02-10T22:00:38Z,2026-02-11T01:01:54Z,4,2026-02-10T21:40:55Z,2026-02-11T02:10:00Z,1,1,Determined upon crew arrival,In Progres,OUTAGE,Single Customer,RFD,NORMAL,42.35264,-83.19282
SW26021000600,2026-02-10T22:00:38Z,2026-02-10T22:54:59Z,2,2026-02-10T21:02:39Z,2026-02-11T01:40:00Z,2,2,Determined upon crew arrival,In Progres,OUTAGE,Service Secondary,NPT,NORMAL,42.14489,-83.25509
SW26021000613,2026-02-10T22:00:38Z,2026-02-10T22:54:59Z,2,2026-02-10T21:26:16Z,2026-02-11T01:55:00Z,30,30,Determined upon crew arrival,In Progres,OUTAGE,Device (I),WWS,NORMAL,42.28941,-83.4032
SW26021000614,2026-02-10T22:00:38Z,2026-02-10T22:54:59Z,2,2026-02-10T21:26:16Z,2026-02-11T02:00:00Z,17,17,Determined upon crew arrival,In Progres,OUTAGE,Service Transformer,WWS,NORMAL,42.28917,-83.40295
SW26021000622,2026-02-10T22:00:38Z,2026-02-10T23:38:53Z,3,2026-02-10T06:09:45Z,2026-02-11T02:05:00Z,113,113,Equipment problem,In Progres,OUTAGE,Device (II),ANN,NORMAL,42.23851,-83.758
NE26021000642,2026-02-10T22:54:59Z,2026-02-10T22:54:59Z,1,2026-02-10T21:59:38Z,2026-02-11T02:30:00Z,2,2,Determined upon crew arrival,In Progres,OUTAGE,Service Secondary,MTC,NORMAL,42.60066,-82.87284
NW26021000654,2026-02-10T22:54:59Z,2026-02-11T01:01:54Z,3,2026-02-10T22:20:21Z,2026-02-11T02:50:00Z,5,5,Equipment problem,In Progres,OUTAGE,Service Transformer,SBY,NORMAL,42.64114,-83.07391
NW26021000658,2026-02-10T22:54:59Z,2026-02-11T01:01:54Z,3,2026-02-10T22:28:05Z,2026-02-11T03:00:00Z,1,1,Equipment problem,Pending,OUTAGE,Single Customer,PON,NORMAL,42.58613,-83.31937
SE26021000655,2026-02-10T22:54:59Z,2026-02-10T23:38:53Z,2,2026-02-10T21:47:12Z,2026-02-11T02:50:00Z,1,1,Determined upon crew arrival,In Progres,OUTAGE,Single Customer,RFD,NORMAL,42.51908,-83.19646
SW26021000634,2026-02-10T22:54:59Z,2026-02-10T23:38:53Z,2,2026-02-10T21:47:15Z,2026-02-11T02:15:00Z,1,1,Equipment problem,In Progres,OUTAGE,Single Customer,ANN,NORMAL,42.23353,-83.77683
NW26021000667,2026-02-10T23:38:53Z,2026-02-11T04:04:07Z,3,2026-02-10T22:48:56Z,2026-02-11T15:20:00Z,1,1,Equipment problem,In Progres,OUTAGE,Single Customer,PON,NORMAL,42.56278,-83.22186
SE26021000668,2026-02-10T23:38:53Z,2026-02-11T01:01:54Z,2,2026-02-10T22:55:55Z,2026-02-11T03:25:00Z,1,1,Equipment problem,In Progres,OUTAGE,Single Customer,RFD,NORMAL,42.45457,-83.15412
SW26021000675,2026-02-10T23:38:53Z,2026-02-10T23:38:53Z,1,2026-02-10T17:05:32Z,2026-02-11T03:50:00Z,1,1,Determined upon crew arrival,In Progres,OUTAGE,Single Customer,WWS,NORMAL,42.49147,-83.34475
SE26021000682,2026-02-11T01:01:54Z,2026-02-11T01:01:54Z,1,2026-02-10T23:19:38Z,2026-02-11T04:10:00Z,1,1,Determined upon crew arrival,In Progres,OUTAGE,Single Customer,CAN,NORMAL,42.4028,-82.94076
SE26021000685,2026-02-11T01:01:54Z,2026-02-11T05:45:43Z,3,2026-02-10T23:01:05Z,2026-02-11T12:00:00Z,1,1,Determined upon crew arrival,In Progres,SERVICE DOWN NO,,CAN,NORMAL,42.41611,-83.07455
SE26021000694,2026-02-11T01:01:54Z,2026-02-11T01:01:54Z,1,2026-02-11T00:22:14Z,2026-02-11T04:55:00Z,1,1,Determined upon crew arrival,In Progres,OUTAGE,Single Customer,RFD,NORMAL,42.30521,-83.10828
SE26021000695,2026-02-11T01:01:54Z,2026-02-11T01:01:54Z,1,2026-02-10T17:05:52Z,2026-02-11T05:05:00Z,1,1,Equipment problem,In Progres,OUTAGE,Single Customer,CAN,NORMAL,42.43736,-82.99294
SW26021000701,2026-02-11T01:01:54Z,2026-02-11T01:01:54Z,1,2026-02-11T00:44:46Z,,1,1,Determined upon crew arrival,New,OUTAGE,Single Customer,ANN,NORMAL,42.23837,-83.75654
NW26021000710,2026-02-11T04:04:07Z,2026-02-11T04:04:07Z,1,2026-02-11T01:41:10Z,2026-02-11T06:20:00Z,1,1,Animal/bird damaged DTE equip,In Progres,OUTAGE,Single Customer,SBY,NORMAL,42.79808,-83.01772
NW26021000719,2026-02-11T04:04:07Z,2026-02-11T04:04:07Z,1,2026-02-10T21:19:22Z,2026-02-11T07:10:00Z,1,1,Determined upon crew arrival,In Progres,OUTAGE,Single Customer,PON,NORMAL,42.64617,-83.5081
SE26021000706,2026-02-11T04:04:07Z,2026-02-12T07:03:24Z,25,2026-02-10T18:41:13Z,2026-02-12T17:55:00Z,1,1,Equipment problem,In Progres,OUTAGE,Single Customer,CAN,NORMAL,42.32586,-83.04574
NE26021000740,2026-02-11T05:45:43Z,2026-02-11T09:07:53Z,4,2026-02-11T04:06:51Z,2026-02-11T20:35:00Z,1,1,Equipment problem,In Progres,OUTAGE,Single Customer,LAP,NORMAL,43.07882,-83.11077
NW26021000731,2026-02-11T05:45:43Z,2026-02-11T05:45:43Z,1,2026-02-11T04:02:24Z,2026-02-11T08:35:00Z,1634,1634,Determined upon crew arrival,In Progres,OUTAGE,Device (II),PON,NORMAL,42.57539,-83.20014
NW26021000789,2026-02-11T05:45:43Z,2026-02-11T10:10:04Z,5,2026-02-11T04:20:55Z,2026-02-11T12:50:00Z,1,1,Determined upon crew arrival,In Progres,PRIORITY,,PON,NORMAL,42.59792,-83.16334
NW26021000790,2026-02-11T05:45:43Z,2026-02-12T13:17:29Z,30,2026-02-11T04:21:10Z,2026-02-12T16:50:00Z,1,1,Determined upon crew arrival,In Progres,PRIORITY,,PON,NORMAL,42.56039,-83.19237
NW26021000794,2026-02-11T05:45:43Z,2026-02-11T10:10:04Z,5,2026-02-11T04:31:08Z,2026-02-11T13:00:00Z,1,1,Determined upon crew arrival,In Progres,PRIORITY,,PON,NORMAL,42.58976,-83.17293
NW26021000797,2026-02-11T05:45:43Z,2026-02-11T10:10:04Z,5,2026-02-11T04:49:38Z,2026-02-11T13:20:00Z,1,1,Determined upon crew arrival,In Progres,PRIORITY,,PON,NORMAL,42.59308,-83.17651
NW26021100001,2026-02-11T05:45:43Z,2026-02-11T10:10:04Z,5,2026-02-11T05:03:11Z,2026-02-11T13:35:00Z,1,1,Determined upon crew arrival,In Progres,PRIORITY,,PON,NORMAL,42.59687,-83.16715
NW26021100004,2026-02-11T05:45:43Z,2026-02-11T10:10:04Z,5,2026-02-11T05:04:08Z,2026-02-11T13:35:00Z,1,1,Determined upon crew arrival,In Progres,PRIORITY,,PON,NORMAL,42.59017,-83.17692
NW26021100008,2026-02-11T05:45:43Z,2026-02-11T05:45:43Z,1,2026-02-11T05:24:19Z,2026-02-11T09:55:00Z,1,1,Determined upon crew arrival,New,OUTAGE,Single Customer,PON,NORMAL,42.57182,-83.19778
NW26021100010,2026-02-11T05:45:43Z,2026-02-11T05:45:43Z,1,2026-02-11T05:25:58Z,2026-02-11T09:55:00Z,1,1,Determined upon crew arrival,New,OUTAGE,Single Customer,PON,NORMAL,42.5844,-83.20615
NW26021100011,2026-02-11T05:45:43Z,2026-02-11T05:45:43Z,1,2026-02-11T05:28:44Z,,1,1,Determined upon crew arrival,New,OUTAGE,Single Customer,PON,NORMAL,42.57106,-83.19054
NW26021100012,2026-02-11T05:45:43Z,2026-02-11T05:45:43Z,1,2026-02-11T05:29:13Z,,1,1,Determined upon crew arrival,New,OUTAGE,Single Customer,PON,NORMAL,42.56868,-83.17799
NW26021100013,2026-02-11T05:45:43Z,2026-02-11T05:45:43Z,1,2026-02-11T05:29:17Z,,1,1,Determined upon crew arrival,New,OUTAGE,Single Customer,PON,NORMAL,42.5684,-83.18085
SE26021100003,2026-02-11T05:45:43Z,2026-02-11T08:01:21Z,3,2026-02-10T20:00:06Z,2026-02-11T09:35:00Z,1,1,Equipment problem,In Progres,OUTAGE,Single Customer,RFD,NORMAL,42.41131,-83.1421
SW26021000791,2026-02-11T05:45:43Z,2026-02-11T07:02:39Z,2,2026-02-11T04:24:38Z,2026-02-11T08:55:00Z,10,10,Determined upon crew arrival,In Progres,OUTAGE,Service Transformer,WWS,NORMAL,42.42101,-83.37891
NW26021100039,2026-02-11T07:02:39Z,2026-02-11T07:02:39Z,1,2026-02-11T04:02:28Z,2026-02-11T10:30:00Z,55,55,Determined upon crew arrival,In Progres,OUTAGE,Device (I),PON,NORMAL,42.57041,-83.18383
NW26021100048,2026-02-11T07:02:39Z,2026-02-11T07:02:39Z,1,2026-02-11T06:04:46Z,2026-02-11T10:35:00Z,1,1,Determined upon crew arrival,New,OUTAGE,Single Customer,PON,NORMAL,42.56024,-83.19095
SE26021100050,2026-02-11T07:02:39Z,2026-02-11T11:58:15Z,6,2026-02-11T06:20:48Z,2026-02-11T22:50:00Z,1,1,Equipment problem,In Progres,OUTAGE,Single Customer,RFD,NORMAL,42.5022,-83.09618
SW26021100051,2026-02-11T07:02:39Z,2026-02-11T09:07:53Z,3,2026-02-11T06:15:14Z,2026-02-11T10:50:00Z,18,18,Equipment problem,In Progres,OUTAGE,Service Transformer,NPT,NORMAL,42.14228,-83.25896
SW26021100055,2026-02-11T08:01:21Z,2026-02-11T08:01:21Z,1,2026-02-11T07:27:32Z,,1,1,Determined upon crew arrival,New,OUTAGE,Single Customer,WWS,NORMAL,42.28044,-83.38345
NW26021100069,2026-02-11T09:07:53Z,2026-02-11T14:41:02Z,6,2026-02-11T08:52:38Z,2026-02-12T01:25:00Z,1,1,Equipment problem,In Progres,OUTAGE,Single Customer,PON,NORMAL,42.56823,-83.12834
SE26021100064,2026-02-11T09:07:53Z,2026-02-11T09:07:53Z,1,2026-02-11T08:08:34Z,2026-02-11T12:40:00Z,1,1,Determined upon crew arrival,New,OUTAGE,Single Customer,CAN,NORMAL,42.42782,-82.96459
SE26021100068,2026-02-11T09:07:53Z,2026-02-11T16:43:21Z,8,2026-02-10T21:03:23Z,2026-02-12T01:20:00Z,1,1,Determined upon crew arrival,In Progres,OUTAGE,Single Customer,CAN,NORMAL,42.42738,-82.95097
NE26021100071,2026-02-11T10:10:04Z,2026-02-11T16:43:21Z,7,2026-02-11T09:43:31Z,2026-02-12T02:15:00Z,1,1,Equipment problem,In Progres,OUTAGE,Single Customer,LAP,NORMAL,43.07882,-83.11077
NW26021100070,2026-02-11T10:10:04Z,2026-02-12T13:17:29Z,26,2026-02-11T09:39:09Z,2026-02-12T14:10:00Z,1,1,Determined upon crew arrival,In Progres,PRIORITY,,PON,NORMAL,42.56201,-83.1946
SW26021100073,2026-02-11T11:09:50Z,2026-02-11T11:58:15Z,2,2026-02-10T23:01:07Z,2026-02-11T14:35:00Z,1,1,Determined upon crew arrival,Pending,OUTAGE,Single Customer,ANN,NORMAL,42.23353,-83.77683
SW26021100077,2026-02-11T11:09:50Z,2026-02-11T15:40:33Z,5,2026-02-10T21:44:13Z,2026-02-11T18:55:00Z,2,2,Equipment problem,In Progres,OUTAGE,Service Secondary,WWS,NORMAL,42.4752,-83.41534
SW26021100084,2026-02-11T11:58:15Z,2026-02-11T11:58:15Z,1,2026-02-11T11:07:03Z,2026-02-11T15:40:00Z,55,55,Determined upon crew arrival,In Progres,OUTAGE,Service Transformer,ANN,NORMAL,42.26721,-83.73577
SW26021100085,2026-02-11T11:58:15Z,2026-02-11T11:58:15Z,1,2026-02-11T11:07:03Z,2026-02-11T15:40:00Z,20,20,Determined upon crew arrival,In Progres,OUTAGE,Service Transformer,ANN,NORMAL,42.2664,-83.73495
NW26021100089,2026-02-11T13:41:13Z,2026-02-11T15:40:33Z,3,2026-02-11T12:12:02Z,2026-02-11T16:40:00Z,1,1,Equipment problem,In Progres,OUTAGE,Single Customer,PON,NORMAL,42.56751,-83.12845
NW26021100105,2026-02-11T13:41:13Z,2026-02-11T13:41:13Z,1,2026-02-11T13:26:18Z,2026-02-11T17:55:00Z,2,2,Determined upon crew arrival,New,OUTAGE,Service Secondary,PON,NORMAL,42.53572,-83.24442
SE26021100093,2026-02-11T13:41:13Z,2026-02-11T13:41:13Z,1,2026-02-11T12:37:59Z,2026-02-11T17:15:00Z,10,10,Determined upon crew arrival,In Progres,OUTAGE,Service Transformer,RFD,NORMAL,42.23295,-83.21699
SE26021100100,2026-02-11T13:41:13Z,2026-02-11T16:43:21Z,4,2026-02-11T12:56:35Z,2026-02-11T17:25:00Z,2,2,Equipment problem,In Progres,OUTAGE,Service Secondary,RFD,NORMAL,42.42999,-83.26834
SW26021100103,2026-02-11T13:41:13Z,2026-02-11T14:41:02Z,2,2026-02-11T13:22:25Z,2026-02-11T17:55:00Z,55,55,Determined upon crew arrival,In Progres,OUTAGE,Device (I),WWS,NORMAL,42.44995,-83.48559
NE26021100116,2026-02-11T14:41:02Z,2026-02-11T14:41:02Z,1,2026-02-11T13:46:53Z,2026-02-11T18:15:00Z,1,1,Determined upon crew arrival,In Progres,OUTAGE,Service Secondary,MAR,NORMAL,43.21051,-82.5198
NE26021100125,2026-02-11T14:41:02Z,2026-02-11T15:40:33Z,2,2026-02-11T13:55:01Z,2026-02-11T18:30:00Z,1,1,Determined upon crew arrival,In Progres,OUTAGE,Single Customer,MTC,NORMAL,42.61195,-82.93033
NE26021100135,2026-02-11T14:41:02Z,2026-02-11T16:43:21Z,3,2026-02-11T14:06:52Z,2026-02-11T18:40:00Z,19,19,Equipment problem,In Progres,OUTAGE,Service Transformer,MTC,NORMAL,42.5751,-82.91538
NE26021100137,2026-02-11T14:41:02Z,2026-02-11T16:43:21Z,3,2026-02-11T14:05:14Z,2026-02-11T18:40:00Z,95,95,Equipment problem,In Progres,OUTAGE,Device (I),MTC,NORMAL,42.57498,-82.91445
NE26021100180,2026-02-11T14:41:02Z,2026-02-11T15:40:33Z,2,2026-02-11T14:27:52Z,2026-02-11T19:00:00Z,5,5,Determined upon crew arrival,In Progres,OUTAGE,Service Transformer,MAR,NORMAL,42.99893,-82.48272
NW26021100111,2026-02-11T14:41:02Z,2026-02-11T18:40:13Z,5,2026-02-11T13:40:25Z,2026-02-12T06:10:00Z,1,1,Determined upon crew arrival,In Progres,OUTAGE,Single Customer,PON,NORMAL,42.5586,-83.12465
NW26021100127,2026-02-11T14:41:02Z,2026-02-11T15:40:33Z,2,2026-02-11T14:00:00Z,2026-02-11T18:30:00Z,2,2,Determined upon crew arrival,In Progres,OUTAGE,Service Transformer,PON,NORMAL,42.59902,-83.15208
NW26021100129,2026-02-11T14:41:02Z,2026-02-11T14:41:02Z,1,2026-02-11T14:00:31Z,2026-02-11T18:35:00Z,1,1,Determined upon crew arrival,In Progres,OUTAGE,Single Customer,HWL,NORMAL,42.64471,-83.89726
NW26021100151,2026-02-11T14:41:02Z,2026-02-11T21:04:02Z,8,2026-02-11T14:14:07Z,2026-02-12T06:45:00Z,1,1,Determined upon crew arrival,In Progres,OUTAGE,Single Customer,SBY,NORMAL,42.69038,-83.01517
NW26021100158,2026-02-11T14:41:02Z,2026-02-11T14:41:02Z,1,2026-02-11T14:08:51Z,2026-02-11T18:45:00Z,1,1,Determined upon crew arrival,PC3 Verifi,OUTAGE,Single Customer,PON,NORMAL,42.59945,-83.24925
SE26021100117,2026-02-11T14:41:02Z,2026-02-12T04:35:44Z,14,2026-02-11T13:48:11Z,2026-02-12T06:20:00Z,1,1,Determined upon crew arrival,In Progres,OUTAGE,Single Customer,CAN,NORMAL,42.36458,-83.03439
SE26021100126,2026-02-11T14:41:02Z,2026-02-11T14:41:02Z,1,2026-02-11T13:58:30Z,2026-02-11T18:30:00Z,15,15,Determined upon crew arrival,In Progres,OUTAGE,Service Transformer,RFD,NORMAL,42.47829,-83.15347
SE26021100156,2026-02-11T14:41:02Z,2026-02-11T14:41:02Z,1,2026-02-11T14:16:26Z,2026-02-11T18:45:00Z,1406,1406,Determined upon crew arrival,In Progres,OUTAGE,Circuit Level,CAN,NORMAL,42.37193,-83.10208
SE26021100162,2026-02-11T14:41:02Z,2026-02-11T15:40:33Z,2,2026-02-11T14:17:05Z,2026-02-11T18:50:00Z,2,2,Determined upon crew arrival,In Progres,OUTAGE,Service Secondary,CAN,NORMAL,42.43478,-82.9731
SE26021100164,2026-02-11T14:41:02Z,2026-02-11T14:41:02Z,1,2026-02-11T14:18:53Z,2026-02-11T18:50:00Z,1,1,Determined upon crew arrival,In Progres,OUTAGE,Single Customer,RFD,NORMAL,42.38607,-83.29464
SE26021100166,2026-02-11T14:41:02Z,2026-02-11T17:42:38Z,4,2026-02-11T14:19:28Z,2026-02-11T18:50:00Z,1,1,Determined upon crew arrival,In Progres,OUTAGE,Single Customer,RFD,NORMAL,42.46292,-83.14432
SE26021100167,2026-02-11T14:41:02Z,2026-02-11T14:41:02Z,1,2026-02-11T14:19:47Z,2026-02-11T18:50:00Z,1,1,Determined upon crew arrival,In Progres,OUTAGE,Single Customer,RFD,NORMAL,42.38434,-83.20456
SE26021100172,2026-02-11T14:41:02Z,2026-02-11T15:40:33Z,2,2026-02-11T14:22:52Z,2026-02-11T18:55:00Z,1,1,Determined upon crew arrival,In Progres,OUTAGE,Single Customer,RFD,NORMAL,42.26293,-83.192
SE26021100177,2026-02-11T14:41:02Z,2026-02-11T16:43:21Z,3,2026-02-11T14:21:14Z,2026-02-11T18:55:00Z,1,1,Determined upon crew arrival,In Progres,OUTAGE,Single Customer,RFD,NORMAL,42.47028,-83.28548
SW26021100132,2026-02-11T14:41:02Z,2026-02-11T14:41:02Z,1,2026-02-11T14:06:46Z,2026-02-11T18:35:00Z,1,1,Determined upon crew arrival,In Progres,OUTAGE,Single Customer,WWS,NORMAL,42.28999,-83.40076
SW26021100182,2026-02-11T14:41:02Z,2026-02-11T14:41:02Z,1,2026-02-11T14:29:47Z,,1,1,Determined upon crew arrival,New,OUTAGE,Single Customer,NPT,NORMAL,41.90357,-83.38947
NE26021100212,2026-02-11T15:40:33Z,2026-02-11T16:43:21Z,2,2026-02-11T14:50:02Z,2026-02-11T19:20:00Z,16,16,Determined upon crew arrival,In Progres,OUTAGE,Service Transformer,NAE,NORMAL,43.98268,-83.17393
NE26021100248,2026-02-11T15:40:33Z,2026-02-11T16:43:21Z,2,2026-02-11T15:15:42Z,2026-02-11T19:45:00Z,8,8,Determined upon crew arrival,In Progres,OUTAGE,Service Transformer,MAR,NORMAL,43.02786,-82.43628
NE26021100252,2026-02-11T15:40:33Z,2026-02-11T16:43:21Z,2,2026-02-11T15:18:07Z,2026-02-11T19:50:00Z,3,3,Determined upon crew arrival,In Progres,OUTAGE,Service Transformer,MTC,NORMAL,42.8294,-82.74492
NW26021100191,2026-02-11T15:40:33Z,2026-02-11T15:40:33Z,1,2026-02-11T14:32:35Z,2026-02-11T19:05:00Z,1,1,Determined upon crew arrival,In Progres,OUTAGE,Single Customer,HWL,NORMAL,42.55639,-83.75147
NW26021100199,2026-02-11T15:40:33Z,2026-02-11T17:42:38Z,3,2026-02-11T14:39:36Z,2026-02-11T19:10:00Z,1,1,Determined upon crew arrival,In Progres,OUTAGE,Single Customer,HWL,NORMAL,42.56011,-83.7862
NW26021100221,2026-02-11T15:40:33Z,2026-02-11T15:40:33Z,1,2026-02-11T14:55:20Z,2026-02-11T19:25:00Z,1,1,Determined upon crew arrival,In Progres,OUTAGE,Single Customer,SBY,NORMAL,42.55364,-83.06216
NW26021100234,2026-02-11T15:40:33Z,2026-02-11T16:43:21Z,2,2026-02-11T15:06:25Z,2026-02-11T19:35:00Z,2,2,Determined upon crew arrival,In Progres,OUTAGE,Service Secondary,PON,NORMAL,42.5327,-83.29032
NW26021100245,2026-02-11T15:40:33Z,2026-02-11T16:43:21Z,2,2026-02-11T15:12:30Z,2026-02-11T19:45:00Z,1,1,Determined upon crew arrival,In Progres,OUTAGE,Single Customer,SBY,NORMAL,42.54978,-83.05752
NW26021100247,2026-02-11T15:40:33Z,2026-02-11T16:43:21Z,2,2026-02-11T15:13:37Z,2026-02-11T19:45:00Z,1,1,Determined upon crew arrival,In Progres,OUTAGE,Single Customer,SBY,NORMAL,42.5417,-82.97575
NW26021100260,2026-02-11T15:40:33Z,2026-02-11T15:40:33Z,1,2026-02-11T15:13:27Z,,1,1,Determined upon crew arrival,New,OUTAGE,Single Customer,HWL,NORMAL,42.65841,-84.28709
NW26021100262,2026-02-11T15:40:33Z,2026-02-11T18:40:13Z,4,2026-02-11T15:29:27Z,2026-02-11T20:00:00Z,1,1,Equipment problem,In Progres,OUTAGE,Single Customer,PON,NORMAL,42.62526,-83.32497
SE26021100198,2026-02-11T15:40:33Z,2026-02-11T17:42:38Z,3,2026-02-11T14:34:19Z,2026-02-11T19:10:00Z,22,22,Determined upon crew arrival,In Progres,OUTAGE,Service Transformer,RFD,NORMAL,42.25432,-83.20304
SE26021100208,2026-02-11T15:40:33Z,2026-02-11T15:40:33Z,1,2026-02-11T14:46:58Z,2026-02-11T19:15:00Z,1,1,Determined upon crew arrival,In Progres,OUTAGE,Single Customer,RFD,NORMAL,42.38456,-83.19602
SE26021100213,2026-02-11T15:40:33Z,2026-02-11T16:43:21Z,2,2026-02-11T14:50:39Z,2026-02-11T19:20:00Z,50,50,Determined upon crew arrival,In Progres,OUTAGE,Device (I),RFD,NORMAL,42.31436,-83.26748
SE26021100236,2026-02-11T15:40:33Z,2026-02-11T15:40:33Z,1,2026-02-11T15:07:12Z,2026-02-11T19:35:00Z,17,17,Determined upon crew arrival,In Progres,OUTAGE,Service Transformer,RFD,NORMAL,42.25524,-83.20604
SE26021100239,2026-02-11T15:40:33Z,2026-02-11T16:43:21Z,2,2026-02-11T15:08:33Z,2026-02-11T19:40:00Z,1,1,Determined upon crew arrival,In Progres,OUTAGE,Single Customer,CAN,NORMAL,42.44138,-82.96832
SE26021100243,2026-02-11T15:40:33Z,2026-02-11T16:43:21Z,2,2026-02-11T15:12:18Z,2026-02-11T19:40:00Z,1,1,Equipment problem,In Progres,OUTAGE,Single Customer,CAN,NORMAL,42.37098,-83.10452
SE26021100244,2026-02-11T15:40:33Z,2026-02-11T16:43:21Z,2,2026-02-11T15:12:28Z,2026-02-11T19:45:00Z,2,2,Determined upon crew arrival,In Progres,OUTAGE,Service Secondary,CAN,NORMAL,42.44135,-82.97
SE26021100255,2026-02-11T15:40:33Z,2026-02-11T17:42:38Z,3,2026-02-11T15:21:14Z,2026-02-11T19:50:00Z,1,1,Determined upon crew arrival,In Progres,OUTAGE,Single Customer,RFD,NORMAL,42.37388,-83.17729
SE26021100256,2026-02-11T15:40:33Z,2026-02-11T18:40:13Z,4,2026-02-11T15:13:25Z,2026-02-11T19:50:00Z,56,56,Determined upon crew arrival,In Progres,OUTAGE,Device (I),RFD,NORMAL,42.40213,-83.24001
SE26021100258,2026-02-11T15:40:33Z,2026-02-11T15:40:33Z,1,2026-02-11T15:23:22Z,2026-02-11T19:55:00Z,1,1,Determined upon crew arrival,In Progres,OUTAGE,Single Customer,RFD,NORMAL,42.38476,-83.18775
SE26021100259,2026-02-11T15:40:33Z,2026-02-11T15:40:33Z,1,2026-02-11T15:24:40Z,2026-02-11T19:55:00Z,1,1,Determined upon crew arrival,In Progres,OUTAGE,Single Customer,CAN,NORMAL,42.35295,-83.09722
SW26021100214,2026-02-11T15:40:33Z,2026-02-11T16:43:21Z,2,2026-02-11T14:50:56Z,2026-02-11T19:20:00Z,8,8,Determined upon crew arrival,In Progres,OUTAGE,Service Transformer,ANN,NORMAL,42.23749,-83.62465
SW26021100261,2026-02-11T15:40:33Z,2026-02-11T15:40:33Z,1,2026-02-11T15:13:43Z,,18,18,Determined upon crew arrival,New,OUTAGE,Service Transformer,WWS,NORMAL,42.40116,-83.40418
NE26021100278,2026-02-11T16:43:21Z,2026-02-11T16:43:21Z,1,2026-02-11T15:36:30Z,2026-02-11T20:10:00Z,7,7,Determined upon crew arrival,In Progres,OUTAGE,Device (I),MAR,NORMAL,43.14798,-82.57336
NE26021100286,2026-02-11T16:43:21Z,2026-02-11T16:43:21Z,1,2026-02-11T15:52:33Z,2026-02-11T20:25:00Z,9,9,Determined upon crew arrival,In Progres,OUTAGE,Service Transformer,MTC,NORMAL,42.59574,-82.79702
NE26021100299,2026-02-11T16:43:21Z,2026-02-11T16:43:21Z,1,2026-02-11T16:00:55Z,2026-02-11T20:30:00Z,1,1,Determined upon crew arrival,In Progres,OUTAGE,Single Customer,NAE,NORMAL,43.33877,-83.58273
NE26021100307,2026-02-11T16:43:21Z,2026-02-11T16:43:21Z,1,2026-02-11T16:03:12Z,2026-02-11T20:35:00Z,1,1,Determined upon crew arrival,In Progres,OUTAGE,Single Customer,NAE,NORMAL,43.45574,-83.68977
NE26021100327,2026-02-11T16:43:21Z,2026-02-11T17:42:38Z,2,2026-02-11T16:22:10Z,2026-02-11T20:50:00Z,2,2,Determined upon crew arrival,In Progres,OUTAGE,Service Transformer,MAR,NORMAL,43.01522,-82.45788
NW26021100293,2026-02-11T16:43:21Z,2026-02-11T17:42:38Z,2,2026-02-11T15:57:39Z,2026-02-11T20:30:00Z,174,81,Equipment problem,In Progres,OUTAGE,Device (II),PON,NORMAL,42.6266,-83.44478
NW26021100317,2026-02-11T16:43:21Z,2026-02-11T17:42:38Z,2,2026-02-11T16:10:12Z,2026-02-11T20:40:00Z,1,1,Determined upon crew arrival,In Progres,OUTAGE,Single Customer,PON,NORMAL,42.56296,-83.22435
SE26021100268,2026-02-11T16:43:21Z,2026-02-11T16:43:21Z,1,2026-02-11T15:33:51Z,2026-02-11T20:05:00Z,1,1,Determined upon crew arrival,In Progres,OUTAGE,Single Customer,RFD,NORMAL,42.43724,-83.30628
SE26021100269,2026-02-11T16:43:21Z,2026-02-11T21:04:02Z,6,2026-02-11T15:16:07Z,2026-02-12T08:05:00Z,1,1,Determined upon crew arrival,In Progres,OUTAGE,Single Customer,CAN,NORMAL,42.38596,-83.09974
SE26021100281,2026-02-11T16:43:21Z,2026-02-12T02:25:03Z,11,2026-02-11T00:01:05Z,2026-02-12T08:15:00Z,1,1,Determined upon crew arrival,In Progres,OUTAGE,Single Customer,CAN,NORMAL,42.37619,-82.98265
SE26021100282,2026-02-11T16:43:21Z,2026-02-11T18:40:13Z,3,2026-02-11T15:47:38Z,2026-02-11T20:20:00Z,1,1,Determined upon crew arrival,In Progres,OUTAGE,Single Customer,RFD,NORMAL,42.42895,-83.29997
SE26021100288,2026-02-11T16:43:21Z,2026-02-11T16:43:21Z,1,2026-02-11T15:53:09Z,2026-02-11T20:25:00Z,1,1,Determined upon crew arrival,In Progres,OUTAGE,Single Customer,CAN,NORMAL,42.39783,-82.90791
SE26021100315,2026-02-11T16:43:21Z,2026-02-11T17:42:38Z,2,2026-02-11T16:08:43Z,2026-02-11T20:40:00Z,1,1,Determined upon crew arrival,In Progres,OUTAGE,Single Customer,RFD,NORMAL,42.44032,-83.29665
SE26021100324,2026-02-11T16:43:21Z,2026-02-11T16:43:21Z,1,2026-02-11T16:18:18Z,2026-02-11T20:50:00Z,1,1,Determined upon crew arrival,In Progres,OUTAGE,Single Customer,CAN,NORMAL,42.41593,-83.06226
SE26021100326,2026-02-11T16:43:21Z,2026-02-11T18:40:13Z,3,2026-02-11T14:25:27Z,2026-02-11T20:50:00Z,1,1,Equipment problem,In Progres,OUTAGE,Single Customer,CAN,NORMAL,42.37517,-83.10707
SW26021100279,2026-02-11T16:43:21Z,2026-02-11T16:43:21Z,1,2026-02-11T15:42:29Z,2026-02-11T20:15:00Z,2,2,Determined upon crew arrival,In Progres,OUTAGE,Service Transformer,WWS,NORMAL,42.30593,-83.40365
SW26021100283,2026-02-11T16:43:21Z,2026-02-11T16:43:21Z,1,2026-02-11T15:48:21Z,2026-02-11T20:20:00Z,1,1,Determined upon crew arrival,In Progres,OUTAGE,Service Secondary,ANN,NORMAL,42.23284,-83.58784
SW26021100284,2026-02-11T16:43:21Z,2026-02-11T17:42:38Z,2,2026-02-11T15:45:10Z,2026-02-11T20:20:00Z,2,2,Determined upon crew arrival,In Progres,OUTAGE,Service Secondary,NPT,NORMAL,42.16124,-83.14716
SW26021100292,2026-02-11T16:43:21Z,2026-02-11T17:42:38Z,2,2026-02-11T15:58:20Z,2026-02-11T20:30:00Z,8,8,Determined upon crew arrival,In Progres,OUTAGE,Service Transformer,NPT,NORMAL,42.10212,-83.29662
SW26021100314,2026-02-11T16:43:21Z,2026-02-11T16:43:21Z,1,2026-02-11T16:08:07Z,2026-02-11T20:40:00Z,1,1,Determined upon crew arrival,In Progres,OUTAGE,Single Customer,WWS,NORMAL,42.35856,-83.37506
SW26021100322,2026-02-11T16:43:21Z,2026-02-11T17:42:38Z,2,2026-02-11T16:15:57Z,2026-02-11T20:45:00Z,10,10,Determined upon crew arrival,In Progres,OUTAGE,Service Transformer,ANN,NORMAL,42.28129,-83.78744
SW26021100328,2026-02-11T16:43:21Z,2026-02-11T16:43:21Z,1,2026-02-11T16:22:58Z,2026-02-11T20:55:00Z,2,2,Determined upon crew arrival,In Progres,OUTAGE,Service Transformer,ANN,NORMAL,42.27616,-83.60615
NE26021100344,2026-02-11T17:42:38Z,2026-02-11T20:21:26Z,4,2026-02-11T16:37:45Z,2026-02-11T21:15:00Z,1,1,Equipment problem,In Progres,OUTAGE,Single Customer,LAP,NORMAL,42.98427,-83.2847
NE26021100367,2026-02-11T17:42:38Z,2026-02-11T18:40:13Z,2,2026-02-11T17:16:52Z,2026-02-11T21:45:00Z,1,1,Determined upon crew arrival,In Progres,OUTAGE,Single Customer,MAR,NORMAL,43.02669,-82.43556
NW26021100348,2026-02-11T17:42:38Z,2026-02-11T17:42:38Z,1,2026-02-11T16:49:05Z,2026-02-11T21:20:00Z,1,1,Determined upon crew arrival,In Progres,OUTAGE,Single Customer,SBY,NORMAL,42.54032,-82.97569
NW26021100351,2026-02-11T17:42:38Z,2026-02-11T17:42:38Z,1,2026-02-11T16:52:09Z,2026-02-11T21:20:00Z,1,1,Determined upon crew arrival,In Progres,OUTAGE,Single Customer,PON,NORMAL,42.67826,-83.30741
NW26021100352,2026-02-11T17:42:38Z,2026-02-11T19:42:17Z,3,2026-02-11T16:52:26Z,2026-02-11T21:25:00Z,1,1,Determined upon crew arrival,In Progres,OUTAGE,Single Customer,HWL,NORMAL,42.56484,-83.78529
NW26021100356,2026-02-11T17:42:38Z,2026-02-11T17:42:38Z,1,2026-02-11T17:02:08Z,2026-02-11T21:30:00Z,1,1,Determined upon crew arrival,In Progres,OUTAGE,Single Customer,HWL,NORMAL,42.55945,-83.75408
NW26021100366,2026-02-11T17:42:38Z,2026-02-11T19:42:17Z,3,2026-02-11T17:16:02Z,2026-02-11T21:45:00Z,1,1,Determined upon crew arrival,In Progres,OUTAGE,Single Customer,SBY,NORMAL,42.59434,-82.99369
SE26021100334,2026-02-11T17:42:38Z,2026-02-11T17:42:38Z,1,2026-02-11T16:37:28Z,2026-02-11T21:10:00Z,1,1,Determined upon crew arrival,In Progres,OUTAGE,Single Customer,CAN,NORMAL,42.4277,-83.0121
SE26021100339,2026-02-11T17:42:38Z,2026-02-11T18:40:13Z,2,2026-02-11T16:41:46Z,2026-02-11T21:10:00Z,1,1,Determined upon crew arrival,In Progres,OUTAGE,Single Customer,CAN,NORMAL,42.43568,-82.98679
SE26021100342,2026-02-11T17:42:38Z,2026-02-11T17:42:38Z,1,2026-02-11T16:42:47Z,2026-02-11T21:15:00Z,1,1,Determined upon crew arrival,In Progres,OUTAGE,Single Customer,RFD,NORMAL,42.38835,-83.19437
SE26021100353,2026-02-11T17:42:38Z,2026-02-11T17:42:38Z,1,2026-02-11T16:54:41Z,2026-02-11T21:25:00Z,1,1,Determined upon crew arrival,In Progres,OUTAGE,Single Customer,RFD,NORMAL,42.4298,-83.30124
SE26021100364,2026-02-11T17:42:38Z,2026-02-11T18:40:13Z,2,2026-02-11T17:10:03Z,2026-02-11T21:40:00Z,1,1,Determined upon crew arrival,In Progres,OUTAGE,Single Customer,RFD,NORMAL,42.38633,-83.19509
SW26021100362,2026-02-11T17:42:38Z,2026-02-11T17:42:38Z,1,2026-02-11T17:07:26Z,2026-02-11T21:40:00Z,1,1,Determined upon crew arrival,In Progres,OUTAGE,Service Secondary,ANN,NORMAL,42.25962,-83.72487
SW26021100368,2026-02-11T17:42:38Z,2026-02-11T17:42:38Z,1,2026-02-11T17:18:55Z,2026-02-11T21:50:00Z,1,1,Determined upon crew arrival,In Progres,OUTAGE,Service Transformer,ANN,NORMAL,42.29996,-83.62066
NE26021100386,2026-02-11T18:40:13Z,2026-02-11T18:40:13Z,1,2026-02-11T17:35:52Z,2026-02-11T22:15:00Z,1,1,Determined upon crew arrival,In Progres,OUTAGE,Single Customer,MTC,NORMAL,42.4586,-83.01565
NE26021100402,2026-02-11T18:40:13Z,2026-02-11T19:42:17Z,2,2026-02-11T18:07:40Z,2026-02-11T22:40:00Z,4,4,Determined upon crew arrival,In Progres,OUTAGE,Service Transformer,MAR,NORMAL,42.99534,-82.4586
NE26021100403,2026-02-11T18:40:13Z,2026-02-11T22:30:24Z,6,2026-02-11T18:08:05Z,2026-02-11T22:40:00Z,1,1,Equipment problem,In Progres,OUTAGE,Single Customer,LAP,NORMAL,42.82068,-83.32521
NW26021100384,2026-02-11T18:40:13Z,2026-02-11T18:40:13Z,1,2026-02-11T17:43:09Z,2026-02-11T22:15:00Z,1,1,Determined upon crew arrival,In Progres,OUTAGE,Single Customer,SBY,NORMAL,42.55622,-83.06314
NW26021100393,2026-02-11T18:40:13Z,2026-02-11T21:04:02Z,4,2026-02-11T17:50:12Z,2026-02-11T22:20:00Z,1,1,Determined upon crew arrival,In Progres,OUTAGE,Single Customer,HWL,NORMAL,42.56396,-83.78889
NW26021100394,2026-02-11T18:40:13Z,2026-02-11T18:40:13Z,1,2026-02-11T17:50:35Z,2026-02-11T22:20:00Z,1,1,Determined upon crew arrival,In Progres,OUTAGE,Single Customer,PON,NORMAL,42.64176,-83.61059
SE26021100391,2026-02-11T18:40:13Z,2026-02-11T18:40:13Z,1,2026-02-11T17:46:54Z,2026-02-11T22:15:00Z,1,1,Determined upon crew arrival,In Progres,OUTAGE,Single Customer,RFD,NORMAL,42.52807,-83.13188
SE26021100396,2026-02-11T18:40:13Z,2026-02-11T23:04:33Z,7,2026-02-11T16:48:50Z,2026-02-12T10:25:00Z,1,1,Determined upon crew arrival,In Progres,OUTAGE,Single Customer,RFD,NORMAL,42.39612,-83.19208
SE26021100401,2026-02-11T18:40:13Z,2026-02-11T18:40:13Z,1,2026-02-11T18:07:03Z,2026-02-11T22:35:00Z,1,1,Determined upon crew arrival,In Progres,OUTAGE,Single Customer,CAN,NORMAL,42.44135,-82.97
SE26021100413,2026-02-11T18:40:13Z,2026-02-11T21:04:02Z,4,2026-02-11T18:20:47Z,2026-02-11T22:50:00Z,1,1,Determined upon crew arrival,In Progres,OUTAGE,Single Customer,RFD,NORMAL,42.31267,-83.11904
SW26021100382,2026-02-11T18:40:13Z,2026-02-11T18:40:13Z,1,2026-02-11T17:35:33Z,2026-02-11T22:10:00Z,23,23,Determined upon crew arrival,In Progres,OUTAGE,Service Transformer,ANN,NORMAL,42.24302,-83.63402
SW26021100387,2026-02-11T18:40:13Z,2026-02-11T20:21:26Z,3,2026-02-11T17:44:32Z,2026-02-11T22:15:00Z,1,1,Determined upon crew arrival,In Progres,OUTAGE,Service Transformer,WWS,NORMAL,42.35252,-83.43934
SW26021100412,2026-02-11T18:40:13Z,2026-02-11T20:21:26Z,3,2026-02-11T18:20:41Z,2026-02-11T22:50:00Z,1,1,Determined upon crew arrival,In Progres,OUTAGE,Single Customer,WWS,NORMAL,42.2092,-83.27155
NW26021100420,2026-02-11T19:42:17Z,2026-02-11T21:04:02Z,3,2026-02-11T18:35:18Z,2026-02-11T23:05:00Z,13,13,Determined upon crew arrival,In Progres,OUTAGE,Service Transformer,PON,NORMAL,42.55919,-83.37857
NW26021100426,2026-02-11T19:42:17Z,2026-02-11T21:04:02Z,3,2026-02-11T18:46:49Z,2026-02-11T23:15:00Z,1,1,Determined upon crew arrival,In Progres,OUTAGE,Single Customer,SBY,NORMAL,42.54886,-83.05891
NW26021100444,2026-02-11T19:42:17Z,2026-02-11T19:42:17Z,1,2026-02-11T19:07:58Z,2026-02-11T23:40:00Z,1,1,Determined upon crew arrival,In Progres,OUTAGE,Single Customer,SBY,NORMAL,42.54257,-83.07265
SE26021100416,2026-02-11T19:42:17Z,2026-02-11T19:42:17Z,1,2026-02-11T18:30:37Z,2026-02-11T23:00:00Z,1,1,Determined upon crew arrival,In Progres,OUTAGE,Single Customer,CAN,NORMAL,42.44132,-82.96444
SE26021100418,2026-02-11T19:42:17Z,2026-02-11T21:04:02Z,3,2026-02-11T18:32:06Z,2026-02-11T23:00:00Z,1,1,Determined upon crew arrival,In Progres,OUTAGE,Single Customer,RFD,NORMAL,42.25419,-83.20826
SE26021100430,2026-02-11T19:42:17Z,2026-02-11T21:04:02Z,3,2026-02-11T18:57:13Z,2026-02-11T23:25:00Z,1,1,Determined upon crew arrival,Pending,OUTAGE,Single Customer,CAN,NORMAL,42.39512,-82.9983
SE26021100460,2026-02-11T19:42:17Z,2026-02-11T19:42:17Z,1,2026-02-11T19:25:39Z,2026-02-11T23:55:00Z,1,1,Determined upon crew arrival,New,OUTAGE,Single Customer,RFD,NORMAL,42.44144,-83.29433
SW26021100428,2026-02-11T19:42:17Z,2026-02-11T19:42:17Z,1,2026-02-11T18:50:31Z,2026-02-11T23:20:00Z,1,1,Determined upon crew arrival,In Progres,OUTAGE,Single Customer,WWS,NORMAL,42.38934,-83.38885
SW26021100435,2026-02-11T19:42:17Z,2026-02-11T19:42:17Z,1,2026-02-11T19:03:00Z,2026-02-11T23:35:00Z,1,1,Determined upon crew arrival,In Progres,OUTAGE,Service Secondary,ANN,NORMAL,42.23779,-83.62757
NE26021100478,2026-02-11T20:21:26Z,2026-02-11T21:04:02Z,2,2026-02-11T19:53:34Z,2026-02-12T00:25:00Z,1,1,Determined upon crew arrival,In Progres,OUTAGE,Single Customer,MAR,NORMAL,43.01711,-82.45588
NE26021100485,2026-02-11T20:21:26Z,2026-02-11T23:47:06Z,6,2026-02-11T20:02:09Z,2026-02-12T00:30:00Z,1,1,Equipment problem,In Progres,OUTAGE,Single Customer,MTC,NORMAL,42.49065,-83.00851
SE26021100468,2026-02-11T20:21:26Z,2026-02-11T23:47:06Z,6,2026-02-11T19:32:05Z,2026-02-12T00:10:00Z,1,1,Determined upon crew arrival,In Progres,OUTAGE,Single Customer,RFD,NORMAL,42.34083,-83.2188
SE26021100475,2026-02-11T20:21:26Z,2026-02-11T20:21:26Z,1,2026-02-11T19:49:09Z,2026-02-12T00:20:00Z,1,1,Determined upon crew arrival,In Progres,OUTAGE,Single Customer,RFD,NORMAL,42.37925,-83.17133
SE26021100489,2026-02-11T20:21:26Z,2026-02-12T20:51:17Z,24,2026-02-11T20:03:29Z,2026-02-13T00:35:00Z,1,1,Determined upon crew arrival,In Progres,OUTAGE,Single Customer,CAN,NORMAL,42.35605,-83.11844
SE26021100492,2026-02-11T21:04:02Z,2026-02-12T04:35:44Z,7,2026-02-11T14:31:56Z,2026-02-12T12:45:00Z,1,1,Determined upon crew arrival,In Progres,OUTAGE,Single Customer,CAN,NORMAL,42.37061,-83.13311
SW26021100494,2026-02-11T21:04:02Z,2026-02-11T23:47:06Z,5,2026-02-11T20:17:09Z,2026-02-12T00:45:00Z,1,1,Determined upon crew arrival,In Progres,OUTAGE,Service Secondary,WWS,NORMAL,42.40122,-83.39955
NE26021100512,2026-02-11T21:49:55Z,2026-02-12T13:17:29Z,14,2026-02-11T21:15:35Z,2026-02-12T13:45:00Z,1,1,Problem with the customer equip,In Progres,PRIORITY,,MTC,NORMAL,42.53498,-82.91745
NW26021100520,2026-02-11T21:49:55Z,2026-02-12T02:25:03Z,5,2026-02-11T21:32:27Z,2026-02-12T14:00:00Z,1,1,Determined upon crew arrival,In Progres,OUTAGE,Single Customer,SBY,NORMAL,42.65883,-83.0408
NW26021100528,2026-02-11T21:49:55Z,2026-02-11T23:47:06Z,4,2026-02-11T21:39:08Z,2026-02-12T02:10:00Z,39,39,Equipment problem,In Progres,OUTAGE,Device (I),SBY,NORMAL,42.71915,-83.06689
SE26021100519,2026-02-11T21:49:55Z,2026-02-12T02:25:03Z,5,2026-02-11T21:22:16Z,2026-02-12T13:55:00Z,1,1,Determined upon crew arrival,In Progres,OUTAGE,Single Customer,RFD,NORMAL,42.38772,-83.20725
SE26021100525,2026-02-11T21:49:55Z,2026-02-12T13:17:29Z,14,2026-02-11T21:33:41Z,2026-02-12T14:05:00Z,1,1,Equipment problem,In Progres,OUTAGE,Single Customer,RFD,NORMAL,42.26642,-83.18989
SW26021100515,2026-02-11T21:49:55Z,2026-02-11T22:30:24Z,2,2026-02-11T21:15:44Z,2026-02-12T01:50:00Z,52,52,Determined upon crew arrival,In Progres,OUTAGE,Device (I),WWS,NORMAL,42.45257,-83.33948
NW26021100531,2026-02-11T22:30:24Z,2026-02-11T23:04:33Z,2,2026-02-11T21:49:55Z,2026-02-12T02:20:00Z,2,2,Determined upon crew arrival,In Progres,OUTAGE,Service Transformer,PON,NORMAL,42.64276,-83.49135
NE26021100538,2026-02-11T23:04:33Z,2026-02-12T04:35:44Z,4,2026-02-11T22:07:10Z,2026-02-12T14:35:00Z,1,1,Equipment problem,In Progres,OUTAGE,Single Customer,MTC,NORMAL,42.59474,-82.87089
NE26021100550,2026-02-11T23:04:33Z,2026-02-12T02:25:03Z,3,2026-02-11T22:27:34Z,2026-02-12T03:00:00Z,1,1,Determined upon crew arrival,In Progres,OUTAGE,Single Customer,MTC,NORMAL,42.50769,-82.94742
NW26021100554,2026-02-11T23:04:33Z,2026-02-12T02:25:03Z,3,2026-02-11T22:31:48Z,2026-02-12T03:05:00Z,43,43,Equipment problem,Pending,OUTAGE,Device (I),SBY,NORMAL,42.58418,-83.086
SE26021100540,2026-02-11T23:04:33Z,2026-02-12T02:25:03Z,3,2026-02-11T22:07:15Z,2026-02-12T02:40:00Z,1,1,Determined upon crew arrival,In Progres,OUTAGE,Single Customer,RFD,NORMAL,42.40337,-83.24545
SE26021100541,2026-02-11T23:04:33Z,2026-02-12T08:59:23Z,8,2026-02-11T21:48:52Z,2026-02-12T14:40:00Z,1,1,Determined upon crew arrival,In Progres,OUTAGE,Single Customer,RFD,NORMAL,42.32568,-83.27161
SE26021100546,2026-02-11T23:04:33Z,2026-02-12T02:25:03Z,3,2026-02-11T20:07:42Z,2026-02-12T02:50:00Z,1,1,Determined upon crew arrival,In Progres,OUTAGE,Single Customer,RFD,NORMAL,42.27621,-83.24424
SE26021100556,2026-02-11T23:04:33Z,2026-02-11T23:04:33Z,1,2026-02-11T22:26:10Z,2026-02-12T03:10:00Z,1,1,Determined upon crew arrival,New,OUTAGE,Single Customer,CAN,NORMAL,42.31984,-83.09933
NE26021100561,2026-02-11T23:47:06Z,2026-02-11T23:47:06Z,1,2026-02-11T23:05:40Z,2026-02-12T03:35:00Z,1,1,Determined upon crew arrival,New,OUTAGE,Single Customer,MTC,NORMAL,42.49104,-83.00659
NW26021100563,2026-02-11T23:47:06Z,2026-02-11T23:47:06Z,1,2026-02-11T23:10:52Z,2026-02-12T03:40:00Z,41,41,Determined upon crew arrival,In Progres,OUTAGE,Device (I),PON,NORMAL,42.67045,-83.32025
NW26021100567,2026-02-11T23:47:06Z,2026-02-11T23:47:06Z,1,2026-02-11T23:02:15Z,2026-02-12T03:55:00Z,1,1,Determined upon crew arrival,In Progres,OUTAGE,Single Customer,SBY,NORMAL,42.63369,-83.03145
SE26021100558,2026-02-11T23:47:06Z,2026-02-12T02:25:03Z,2,2026-02-11T16:48:50Z,2026-02-12T03:20:00Z,1,1,Determined upon crew arrival,In Progres,OUTAGE,Single Customer,RFD,NORMAL,42.39612,-83.19208
NE26021100589,2026-02-12T02:25:03Z,2026-02-12T02:25:03Z,1,2026-02-12T01:39:51Z,2026-02-12T06:20:00Z,1,1,Determined upon crew arrival,In Progres,OUTAGE,Single Customer,NAE,NORMAL,43.60918,-83.25348
NW26021100597,2026-02-12T04:35:44Z,2026-02-12T04:35:44Z,1,2026-02-12T02:58:55Z,2026-02-12T07:30:00Z,2,2,Determined upon crew arrival,In Progres,OUTAGE,Service Transformer,HWL,NORMAL,42.62132,-83.68105
SE26021100600,2026-02-12T04:35:44Z,2026-02-12T07:03:24Z,3,2026-02-12T03:20:25Z,2026-02-12T07:50:00Z,1,1,Determined upon crew arrival,In Progres,SERVICE DOWN NO,,RFD,NORMAL,42.33135,-83.27556
SE26021200009,2026-02-12T07:59:11Z,2026-02-12T07:59:11Z,1,2026-02-12T07:29:00Z,,1,1,Determined upon crew arrival,New,OUTAGE,Single Customer,RFD,NORMAL,42.52505,-83.10094
SW26021200018,2026-02-12T10:00:34Z,2026-02-12T10:00:34Z,1,2026-02-12T09:26:52Z,2026-02-12T14:00:00Z,18,18,Determined upon crew arrival,In Progres,OUTAGE,Device (I),ANN,NORMAL,42.32017,-83.95318
NW26021200023,2026-02-12T11:07:43Z,2026-02-12T11:56:14Z,2,2026-02-12T10:04:43Z,2026-02-12T14:45:00Z,5,5,Determined upon crew arrival,In Progres,OUTAGE,Service Transformer,HWL,NORMAL,42.46694,-83.63117
NW26021200029,2026-02-12T11:07:43Z,2026-02-12T11:07:43Z,1,2026-02-12T10:44:53Z,,2,2,Determined upon crew arrival,New,OUTAGE,Service Transformer,SBY,NORMAL,42.64024,-83.17166
NW26021200030,2026-02-12T11:56:14Z,2026-02-12T16:40:26Z,5,2026-02-12T09:50:20Z,2026-02-12T19:40:00Z,3,3,Equipment problem,In Progres,OUTAGE,Service Transformer,HWL,NORMAL,42.68262,-84.24524
NW26021200032,2026-02-12T11:56:14Z,2026-02-12T11:56:14Z,1,2026-02-12T11:13:26Z,2026-02-12T15:45:00Z,1,1,Determined upon crew arrival,PC3 Verifi,OUTAGE,Single Customer,HWL,NORMAL,42.46829,-83.63062
NW26021200034,2026-02-12T11:56:14Z,2026-02-12T11:56:14Z,1,2026-02-12T11:33:26Z,2026-02-12T16:05:00Z,1,1,Determined upon crew arrival,PC3 Verifi,OUTAGE,Single Customer,HWL,NORMAL,42.68379,-84.24496
NW26021200035,2026-02-12T11:56:14Z,2026-02-12T17:43:44Z,6,2026-02-12T11:26:32Z,2026-02-12T20:05:00Z,4,4,Equipment problem,In Progres,OUTAGE,Service Transformer,PON,NORMAL,42.58526,-83.3428
NW26021200044,2026-02-12T13:17:29Z,2026-02-12T17:43:44Z,5,2026-02-12T10:44:53Z,2026-02-12T21:10:00Z,2,2,Equipment problem,In Progres,OUTAGE,Service Transformer,SBY,NORMAL,42.64024,-83.17166
NW26021200045,2026-02-12T13:17:29Z,2026-02-12T14:31:17Z,2,2026-02-12T12:45:17Z,2026-02-12T17:15:00Z,1,1,Equipment problem,In Progres,OUTAGE,Single Customer,PON,NORMAL,42.74137,-83.24269
SE26021200038,2026-02-12T13:17:29Z,2026-02-12T17:43:44Z,5,2026-02-12T12:06:08Z,2026-02-13T04:35:00Z,1,1,Determined upon crew arrival,In Progres,OUTAGE,Single Customer,RFD,NORMAL,42.28732,-83.28674
SW26021200037,2026-02-12T13:17:29Z,2026-02-12T15:34:39Z,3,2026-02-12T11:31:21Z,2026-02-12T16:15:00Z,4,4,Determined upon crew arrival,In Progres,OUTAGE,Service Transformer,WWS,NORMAL,42.17681,-83.44674
NE26021200088,2026-02-12T14:31:17Z,2026-02-12T15:34:39Z,2,2026-02-12T14:07:05Z,2026-02-12T18:35:00Z,8,8,Determined upon crew arrival,In Progres,OUTAGE,Service Transformer,NAE,NORMAL,43.41949,-82.83418
NW26021200048,2026-02-12T14:31:17Z,2026-02-12T20:51:17Z,8,2026-02-12T13:00:56Z,2026-02-13T05:30:00Z,1,1,Equipment problem,In Progres,OUTAGE,Single Customer,PON,NORMAL,42.54523,-83.22213
NW26021200084,2026-02-12T14:31:17Z,2026-02-12T15:34:39Z,2,2026-02-12T14:03:22Z,2026-02-12T18:35:00Z,12,12,Determined upon crew arrival,In Progres,OUTAGE,Service Transformer,HWL,NORMAL,42.55859,-83.78392
NW26021200089,2026-02-12T14:31:17Z,2026-02-12T14:31:17Z,1,2026-02-12T14:07:30Z,2026-02-12T18:40:00Z,1,1,Determined upon crew arrival,New,OUTAGE,Single Customer,HWL,NORMAL,42.61899,-83.82736
NW26021200090,2026-02-12T14:31:17Z,2026-02-12T14:31:17Z,1,2026-02-12T14:08:58Z,2026-02-12T18:40:00Z,1,1,Determined upon crew arrival,New,OUTAGE,Single Customer,HWL,NORMAL,42.61836,-83.8284
SE26021200057,2026-02-12T14:31:17Z,2026-02-12T14:31:17Z,1,2026-02-12T13:15:48Z,2026-02-12T17:45:00Z,1,1,Determined upon crew arrival,In Progres,OUTAGE,Single Customer,RFD,NORMAL,42.39612,-83.19208
SE26021200080,2026-02-12T14:31:17Z,2026-02-12T14:31:17Z,1,2026-02-12T13:54:31Z,2026-02-12T18:25:00Z,1,1,Equipment problem,In Progres,OUTAGE,Single Customer,CAN,NORMAL,42.35247,-83.13063
SE26021200082,2026-02-12T14:31:17Z,2026-02-12T16:40:26Z,3,2026-02-12T13:56:33Z,2026-02-12T18:25:00Z,1,1,Determined upon crew arrival,In Progres,OUTAGE,Service Secondary,RFD,NORMAL,42.25432,-83.20304
SW26021200092,2026-02-12T14:31:17Z,2026-02-12T15:34:39Z,2,2026-02-12T14:14:11Z,2026-02-12T18:45:00Z,1,1,Determined upon crew arrival,In Progres,OUTAGE,Single Customer,WWS,NORMAL,42.34259,-83.37241
NE26021200096,2026-02-12T15:34:39Z,2026-02-12T17:43:44Z,3,2026-02-12T14:17:33Z,2026-02-12T18:50:00Z,2,2,Determined upon crew arrival,In Progres,OUTAGE,Service Secondary,MTC,NORMAL,42.49573,-82.98218
NE26021200102,2026-02-12T15:34:39Z,2026-02-12T15:34:39Z,1,2026-02-12T14:12:45Z,2026-02-12T18:55:00Z,8,8,Determined upon crew arrival,In Progres,OUTAGE,Device (II),LAP,NORMAL,42.91012,-83.40333
NE26021200138,2026-02-12T15:34:39Z,2026-02-12T15:34:39Z,1,2026-02-12T14:59:17Z,2026-02-12T19:30:00Z,1,1,Determined upon crew arrival,In Progres,OUTAGE,Single Customer,MAR,NORMAL,43.00176,-82.46007
NE26021200152,2026-02-12T15:34:39Z,2026-02-12T18:38:58Z,4,2026-02-12T15:11:30Z,2026-02-12T19:40:00Z,1,1,Equipment problem,In Progres,OUTAGE,Single Customer,MAR,NORMAL,42.84303,-82.6476
NE26021200155,2026-02-12T15:34:39Z,2026-02-12T15:34:39Z,1,2026-02-12T15:12:56Z,,1,1,Determined upon crew arrival,In Progres,OUTAGE,Service Secondary,MAR,NORMAL,43.02669,-82.43556
NE26021200156,2026-02-12T15:34:39Z,2026-02-12T19:39:16Z,5,2026-02-12T15:14:02Z,2026-02-12T19:45:00Z,1,1,Determined upon crew arrival,In Progres,OUTAGE,Single Customer,NAE,NORMAL,43.98506,-83.1582
NW26021200118,2026-02-12T15:34:39Z,2026-02-12T16:40:26Z,2,2026-02-12T14:41:19Z,2026-02-12T19:10:00Z,1,1,Determined upon crew arrival,In Progres,OUTAGE,Single Customer,PON,NORMAL,42.65692,-83.60487
SE26021200104,2026-02-12T15:34:39Z,2026-02-12T15:34:39Z,1,2026-02-12T14:26:18Z,2026-02-12T18:55:00Z,2,2,Determined upon crew arrival,In Progres,OUTAGE,Service Secondary,RFD,NORMAL,42.44133,-83.30263
SE26021200107,2026-02-12T15:34:39Z,2026-02-12T16:40:26Z,2,2026-02-12T14:28:57Z,2026-02-12T19:00:00Z,1,1,Determined upon crew arrival,In Progres,OUTAGE,Single Customer,RFD,NORMAL,42.37876,-83.17503
SE26021200108,2026-02-12T15:34:39Z,2026-02-12T15:34:39Z,1,2026-02-12T14:34:00Z,2026-02-12T19:05:00Z,1,1,Determined upon crew arrival,In Progres,OUTAGE,Single Customer,RFD,NORMAL,42.53542,-83.13607
SE26021200111,2026-02-12T15:34:39Z,2026-02-12T16:40:26Z,2,2026-02-12T14:35:23Z,2026-02-12T19:05:00Z,1,1,Equipment problem,In Progres,OUTAGE,Single Customer,RFD,NORMAL,42.41266,-83.17136
SE26021200114,2026-02-12T15:34:39Z,2026-02-12T15:34:39Z,1,2026-02-12T14:37:56Z,2026-02-12T19:10:00Z,1,1,Determined upon crew arrival,In Progres,OUTAGE,Single Customer,RFD,NORMAL,42.41043,-83.29684
SE26021200116,2026-02-12T15:34:39Z,2026-02-12T15:34:39Z,1,2026-02-12T14:38:48Z,2026-02-12T19:10:00Z,25,25,Determined upon crew arrival,In Progres,OUTAGE,Service Transformer,CAN,NORMAL,42.44296,-83.07226
SE26021200117,2026-02-12T15:34:39Z,2026-02-12T15:34:39Z,1,2026-02-12T14:38:58Z,2026-02-12T19:10:00Z,6,6,Determined upon crew arrival,In Progres,OUTAGE,Service Transformer,RFD,NORMAL,42.38769,-83.19552
SE26021200123,2026-02-12T15:34:39Z,2026-02-12T15:34:39Z,1,2026-02-12T14:40:47Z,2026-02-12T19:15:00Z,10,10,Determined upon crew arrival,In Progres,OUTAGE,Service Transformer,RFD,NORMAL,42.43945,-83.29797
SE26021200142,2026-02-12T15:34:39Z,2026-02-13T00:00:51Z,12,2026-02-12T15:03:45Z,2026-02-13T07:35:00Z,1,1,Determined upon crew arrival,In Progres,OUTAGE,Single Customer,CAN,NORMAL,42.36484,-83.1271
SE26021200147,2026-02-12T15:34:39Z,2026-02-12T15:34:39Z,1,2026-02-12T15:06:31Z,2026-02-12T19:35:00Z,1,1,Determined upon crew arrival,In Progres,OUTAGE,Single Customer,RFD,NORMAL,42.43804,-83.3063
SE26021200150,2026-02-12T15:34:39Z,2026-02-12T20:03:18Z,6,2026-02-12T15:11:04Z,2026-02-13T07:40:00Z,1,1,Determined upon crew arrival,In Progres,OUTAGE,Single Customer,RFD,NORMAL,42.52147,-83.14654
SE26021200154,2026-02-12T15:34:39Z,2026-02-12T17:43:44Z,3,2026-02-12T15:04:23Z,2026-02-12T19:45:00Z,50,50,Determined upon crew arrival,In Progres,OUTAGE,Device (I),RFD,NORMAL,42.38473,-83.18876
SW26021200110,2026-02-12T15:34:39Z,2026-02-12T16:40:26Z,2,2026-02-12T14:34:56Z,2026-02-12T19:05:00Z,13,13,Determined upon crew arrival,In Progres,OUTAGE,Service Transformer,ANN,NORMAL,42.23453,-83.58791
SW26021200120,2026-02-12T15:34:39Z,2026-02-12T15:34:39Z,1,2026-02-12T14:42:03Z,2026-02-12T19:10:00Z,24,24,Determined upon crew arrival,In Progres,OUTAGE,Service Transformer,WWS,NORMAL,42.448,-83.32581
SW26021200125,2026-02-12T15:34:39Z,2026-02-12T15:34:39Z,1,2026-02-12T14:45:37Z,2026-02-12T19:15:00Z,4,4,Determined upon crew arrival,In Progres,OUTAGE,Service Transformer,ANN,NORMAL,42.29242,-83.61759
SW26021200134,2026-02-12T15:34:39Z,2026-02-12T15:34:39Z,1,2026-02-12T14:54:23Z,2026-02-12T19:25:00Z,11,11,Determined upon crew arrival,In Progres,OUTAGE,Service Transformer,ANN,NORMAL,42.24955,-83.68929
SW26021200144,2026-02-12T15:34:39Z,2026-02-12T15:34:39Z,1,2026-02-12T15:05:12Z,2026-02-12T19:35:00Z,6,6,Determined upon crew arrival,In Progres,OUTAGE,Service Transformer,ANN,NORMAL,42.25929,-83.72263
SW26021200149,2026-02-12T15:34:39Z,2026-02-12T16:40:26Z,2,2026-02-12T15:10:22Z,2026-02-12T19:40:00Z,1,1,Determined upon crew arrival,In Progres,OUTAGE,Single Customer,ANN,NORMAL,42.23414,-83.5879
NE26021200157,2026-02-12T16:40:26Z,2026-02-12T16:40:26Z,1,2026-02-12T15:16:03Z,2026-02-12T19:45:00Z,1,1,Determined upon crew arrival,In Progres,OUTAGE,Single Customer,MTC,NORMAL,42.45641,-83.01414
NE26021200160,2026-02-12T16:40:26Z,2026-02-12T16:40:26Z,1,2026-02-12T15:19:03Z,2026-02-12T19:50:00Z,1,1,Determined upon crew arrival,In Progres,OUTAGE,Single Customer,NAE,NORMAL,43.4195,-82.84107
NE26021200200,2026-02-12T16:40:26Z,2026-02-12T16:40:26Z,1,2026-02-12T15:49:03Z,2026-02-12T20:20:00Z,1,1,Determined upon crew arrival,In Progres,OUTAGE,Single Customer,MAR,NORMAL,43.02515,-82.43438
NE26021200212,2026-02-12T16:40:26Z,2026-02-12T17:43:44Z,2,2026-02-12T16:08:30Z,2026-02-12T20:40:00Z,1,1,Determined upon crew arrival,In Progres,OUTAGE,Single Customer,NAE,NORMAL,43.33278,-83.58279
NE26021200222,2026-02-12T16:40:26Z,2026-02-12T18:38:58Z,3,2026-02-12T16:12:04Z,2026-02-12T20:40:00Z,5,5,Determined upon crew arrival,In Progres,OUTAGE,Service Transformer,MAR,NORMAL,43.00264,-82.46006
NW26021200158,2026-02-12T16:40:26Z,2026-02-12T17:43:44Z,2,2026-02-12T15:15:16Z,2026-02-12T19:45:00Z,4,4,Determined upon crew arrival,In Progres,OUTAGE,Service Transformer,SBY,NORMAL,42.65999,-83.10893
NW26021200206,2026-02-12T16:40:26Z,2026-02-12T16:40:26Z,1,2026-02-12T15:58:11Z,2026-02-12T20:30:00Z,1,1,Determined upon crew arrival,In Progres,OUTAGE,Single Customer,HWL,NORMAL,42.55447,-83.75495
NW26021200209,2026-02-12T16:40:26Z,2026-02-12T16:40:26Z,1,2026-02-12T15:48:45Z,2026-02-12T20:35:00Z,28,28,Determined upon crew arrival,In Progres,OUTAGE,Device (I),HWL,NORMAL,42.6508,-84.07192
NW26021200210,2026-02-12T16:40:26Z,2026-02-12T17:43:44Z,2,2026-02-12T16:04:03Z,2026-02-12T20:35:00Z,1,1,Determined upon crew arrival,In Progres,OUTAGE,Single Customer,PON,NORMAL,42.67751,-83.30146
NW26021200214,2026-02-12T16:40:26Z,2026-02-12T19:39:16Z,4,2026-02-12T16:08:32Z,2026-02-12T20:40:00Z,1,1,Equipment problem,In Progres,OUTAGE,Single Customer,HWL,NORMAL,42.51988,-83.99048
NW26021200234,2026-02-12T16:40:26Z,2026-02-12T16:40:26Z,1,2026-02-12T16:19:38Z,2026-02-12T20:50:00Z,1,1,Determined upon crew arrival,In Progres,OUTAGE,Single Customer,PON,NORMAL,42.61375,-83.44242
NW26021200235,2026-02-12T16:40:26Z,2026-02-12T17:43:44Z,2,2026-02-12T16:18:43Z,2026-02-12T20:50:00Z,52,52,Equipment problem,In Progres,OUTAGE,Device (I),PON,NORMAL,42.60776,-83.24351
SE26021200175,2026-02-12T16:40:26Z,2026-02-12T20:03:18Z,5,2026-02-12T15:28:30Z,2026-02-12T20:00:00Z,1,1,Determined upon crew arrival,In Progres,OUTAGE,Single Customer,RFD,NORMAL,42.25978,-83.18053
SE26021200177,2026-02-12T16:40:26Z,2026-02-12T16:40:26Z,1,2026-02-12T15:29:24Z,2026-02-12T20:00:00Z,1,1,Determined upon crew arrival,In Progres,OUTAGE,Single Customer,RFD,NORMAL,42.4298,-83.30124
SE26021200191,2026-02-12T16:40:26Z,2026-02-12T17:43:44Z,2,2026-02-12T15:39:44Z,2026-02-12T20:10:00Z,1,1,Determined upon crew arrival,In Progres,OUTAGE,Service Secondary,RFD,NORMAL,42.25664,-83.2019
SE26021200195,2026-02-12T16:40:26Z,2026-02-12T17:43:44Z,2,2026-02-12T15:42:42Z,2026-02-12T20:15:00Z,1,1,Determined upon crew arrival,In Progres,OUTAGE,Single Customer,RFD,NORMAL,42.3864,-83.18781
SE26021200199,2026-02-12T16:40:26Z,2026-02-12T16:40:26Z,1,2026-02-12T15:46:11Z,2026-02-12T20:15:00Z,5,5,Determined upon crew arrival,In Progres,OUTAGE,Service Transformer,RFD,NORMAL,42.38534,-83.19504
SE26021200202,2026-02-12T16:40:26Z,2026-02-12T16:40:26Z,1,2026-02-12T15:51:54Z,2026-02-12T20:20:00Z,1,1,Determined upon crew arrival,In Progres,OUTAGE,Single Customer,RFD,NORMAL,42.26322,-83.19461
SE26021200204,2026-02-12T16:40:26Z,2026-02-12T17:43:44Z,2,2026-02-12T15:53:13Z,2026-02-12T20:25:00Z,2,2,Determined upon crew arrival,In Progres,OUTAGE,Service Secondary,CAN,NORMAL,42.43806,-82.99177
SE26021200226,2026-02-12T16:40:26Z,2026-02-12T17:43:44Z,2,2026-02-12T16:09:29Z,2026-02-12T20:45:00Z,9,9,Determined upon crew arrival,In Progres,OUTAGE,Service Transformer,RFD,NORMAL,42.438,-83.29422
SE26021200236,2026-02-12T16:40:26Z,2026-02-12T17:43:44Z,2,2026-02-12T16:20:54Z,2026-02-12T20:50:00Z,1,1,Determined upon crew arrival,In Progres,OUTAGE,Single Customer,RFD,NORMAL,42.42985,-83.30001
SW26021200163,2026-02-12T16:40:26Z,2026-02-12T16:40:26Z,1,2026-02-12T15:22:14Z,2026-02-12T19:50:00Z,13,13,Determined upon crew arrival,In Progres,OUTAGE,Service Transformer,WWS,NORMAL,42.40021,-83.40361
SW26021200179,2026-02-12T16:40:26Z,2026-02-12T16:40:26Z,1,2026-02-12T15:31:40Z,2026-02-12T20:00:00Z,1,1,Equipment problem,In Progres,OUTAGE,Single Customer,NPT,NORMAL,41.9137,-83.39264
SW26021200180,2026-02-12T16:40:26Z,2026-02-12T16:40:26Z,1,2026-02-12T15:29:15Z,2026-02-12T20:05:00Z,3,3,Determined upon crew arrival,In Progres,OUTAGE,Service Transformer,ANN,NORMAL,42.29793,-83.73334
SW26021200197,2026-02-12T16:40:26Z,2026-02-12T16:40:26Z,1,2026-02-12T15:33:36Z,2026-02-12T20:15:00Z,25,25,Animal/bird damaged DTE equip,In Progres,OUTAGE,Device (I),WWS,NORMAL,42.46294,-83.46137
SW26021200225,2026-02-12T16:40:26Z,2026-02-12T16:40:26Z,1,2026-02-12T16:13:51Z,2026-02-12T20:45:00Z,1,1,Determined upon crew arrival,In Progres,OUTAGE,Service Secondary,WWS,NORMAL,42.32719,-83.39471
SW26021200227,2026-02-12T16:40:26Z,2026-02-12T16:40:26Z,1,2026-02-12T16:14:09Z,2026-02-12T20:45:00Z,15,15,Determined upon crew arrival,In Progres,OUTAGE,Service Transformer,ANN,NORMAL,42.24807,-83.68814
SW26021200242,2026-02-12T16:40:26Z,2026-02-12T16:40:26Z,1,2026-02-12T16:26:54Z,2026-02-12T20:55:00Z,12,12,Determined upon crew arrival,In Progres,OUTAGE,Service Transformer,WWS,NORMAL,42.38598,-83.38896
SW26021200243,2026-02-12T16:40:26Z,2026-02-12T16:40:26Z,1,2026-02-12T16:27:48Z,,1,1,Determined upon crew arrival,In Progres,OUTAGE,Service Secondary,ANN,NORMAL,42.29242,-83.61759
SW26021200246,2026-02-12T16:40:26Z,2026-02-12T16:40:26Z,1,2026-02-12T16:14:28Z,,1,1,Determined upon crew arrival,New,OUTAGE,Single Customer,NPT,NORMAL,41.93983,-83.57918
NE26021200255,2026-02-12T17:43:44Z,2026-02-12T17:43:44Z,1,2026-02-12T16:38:55Z,2026-02-12T21:10:00Z,1,1,Determined upon crew arrival,In Progres,OUTAGE,Single Customer,NAE,NORMAL,43.33741,-83.58455
NE26021200259,2026-02-12T17:43:44Z,2026-02-12T17:43:44Z,1,2026-02-12T16:40:07Z,2026-02-12T21:10:00Z,1,1,Determined upon crew arrival,PC3 Verifi,OUTAGE,Single Customer,LAP,NORMAL,43.25948,-83.33518
NE26021200285,2026-02-12T17:43:44Z,2026-02-12T20:03:18Z,4,2026-02-12T16:58:34Z,2026-02-12T21:30:00Z,1,1,Determined upon crew arrival,In Progres,OUTAGE,Single Customer,NAE,NORMAL,43.48589,-83.37633
NE26021200290,2026-02-12T17:43:44Z,2026-02-12T20:03:18Z,4,2026-02-12T17:03:28Z,2026-02-12T21:35:00Z,19,19,Determined upon crew arrival,In Progres,OUTAGE,Service Transformer,MTC,NORMAL,42.47584,-82.9472
NE26021200307,2026-02-12T17:43:44Z,2026-02-12T17:43:44Z,1,2026-02-12T17:21:10Z,2026-02-12T21:50:00Z,1,1,Determined upon crew arrival,In Progres,OUTAGE,Single Customer,NAE,NORMAL,43.41321,-82.82887
NE26021200311,2026-02-12T17:43:44Z,2026-02-12T20:03:18Z,4,2026-02-12T17:24:10Z,2026-02-12T21:55:00Z,1,1,Determined upon crew arrival,In Progres,OUTAGE,Single Customer,NAE,NORMAL,43.41773,-82.83666
NW26021200283,2026-02-12T17:43:44Z,2026-02-12T17:43:44Z,1,2026-02-12T16:53:20Z,2026-02-12T21:25:00Z,1,1,Determined upon crew arrival,In Progres,OUTAGE,Single Customer,HWL,NORMAL,42.5531,-83.76937
NW26021200289,2026-02-12T17:43:44Z,2026-02-12T17:43:44Z,1,2026-02-12T17:04:26Z,2026-02-12T21:35:00Z,1,1,Determined upon crew arrival,In Progres,OUTAGE,Single Customer,HWL,NORMAL,42.55295,-83.7801
NW26021200291,2026-02-12T17:43:44Z,2026-02-12T18:38:58Z,2,2026-02-12T17:06:54Z,2026-02-12T21:35:00Z,10,10,Determined upon crew arrival,In Progres,OUTAGE,Service Transformer,HWL,NORMAL,42.56287,-83.79292
NW26021200309,2026-02-12T17:43:44Z,2026-02-12T18:38:58Z,2,2026-02-12T17:22:28Z,2026-02-12T21:55:00Z,2,2,Determined upon crew arrival,In Progres,OUTAGE,Service Secondary,HWL,NORMAL,42.58804,-83.59428
SE26021200277,2026-02-12T17:43:44Z,2026-02-12T17:43:44Z,1,2026-02-12T16:45:39Z,2026-02-12T21:20:00Z,1,1,Determined upon crew arrival,In Progres,OUTAGE,Single Customer,RFD,NORMAL,42.43216,-83.30255
SE26021200281,2026-02-12T17:43:44Z,2026-02-12T18:38:58Z,2,2026-02-12T16:52:37Z,2026-02-12T21:25:00Z,15,15,Determined upon crew arrival,In Progres,OUTAGE,Device (I),RFD,NORMAL,42.37823,-83.1713
SE26021200294,2026-02-12T17:43:44Z,2026-02-12T20:03:18Z,4,2026-02-12T17:08:55Z,2026-02-12T21:40:00Z,1,1,Determined upon crew arrival,In Progres,OUTAGE,Single Customer,RFD,NORMAL,42.25803,-83.20618
SW26021200252,2026-02-12T17:43:44Z,2026-02-12T17:43:44Z,1,2026-02-12T16:36:37Z,2026-02-12T21:05:00Z,2,2,Determined upon crew arrival,In Progres,OUTAGE,Service Transformer,ANN,NORMAL,42.28592,-83.62361
SW26021200254,2026-02-12T17:43:44Z,2026-02-12T17:43:44Z,1,2026-02-12T16:38:31Z,2026-02-12T21:10:00Z,1,1,Determined upon crew arrival,In Progres,OUTAGE,Service Secondary,ANN,NORMAL,42.23453,-83.58791
SW26021200261,2026-02-12T17:43:44Z,2026-02-12T17:43:44Z,1,2026-02-12T14:39:04Z,2026-02-12T21:10:00Z,1,1,Determined upon crew arrival,In Progres,OUTAGE,Service Secondary,ANN,NORMAL,42.23453,-83.58791
SW26021200263,2026-02-12T17:43:44Z,2026-02-12T17:43:44Z,1,2026-02-12T16:41:35Z,2026-02-12T21:10:00Z,1,1,Determined upon crew arrival,In Progres,OUTAGE,Single Customer,WWS,NORMAL,42.45144,-83.37206
SW26021200271,2026-02-12T17:43:44Z,2026-02-12T17:43:44Z,1,2026-02-12T16:45:33Z,2026-02-12T21:15:00Z,1,1,Determined upon crew arrival,In Progres,OUTAGE,Single Customer,WWS,NORMAL,42.34305,-83.36965
SW26021200276,2026-02-12T17:43:44Z,2026-02-12T17:43:44Z,1,2026-02-12T16:46:52Z,2026-02-12T21:15:00Z,30,30,Determined upon crew arrival,In Progres,OUTAGE,Device (I),WWS,NORMAL,42.3472,-83.35483
SW26021200282,2026-02-12T17:43:44Z,2026-02-12T18:38:58Z,2,2026-02-12T16:53:15Z,2026-02-12T21:25:00Z,28,28,Determined upon crew arrival,In Progres,OUTAGE,Service Transformer,WWS,NORMAL,42.30509,-83.42053
SW26021200304,2026-02-12T17:43:44Z,2026-02-12T17:43:44Z,1,2026-02-12T17:20:18Z,2026-02-12T21:50:00Z,15,15,Determined upon crew arrival,In Progres,OUTAGE,Service Transformer,ANN,NORMAL,42.24706,-83.68862
SW26021200315,2026-02-12T17:43:44Z,2026-02-12T18:38:58Z,2,2026-02-12T17:27:54Z,2026-02-12T22:00:00Z,1,1,Determined upon crew arrival,In Progres,OUTAGE,Service Secondary,ANN,NORMAL,42.25732,-83.72653
NE26021200340,2026-02-12T18:38:58Z,2026-02-12T20:03:18Z,3,2026-02-12T17:54:59Z,2026-02-12T22:25:00Z,1,1,Determined upon crew arrival,In Progres,OUTAGE,Single Customer,LAP,NORMAL,43.2259,-83.43142
NE26021200345,2026-02-12T18:38:58Z,2026-02-12T20:03:18Z,3,2026-02-12T17:58:32Z,2026-02-12T22:30:00Z,3,3,Determined upon crew arrival,In Progres,OUTAGE,Service Transformer,MAR,NORMAL,43.01496,-82.45847
NE26021200353,2026-02-12T18:38:58Z,2026-02-12T19:39:16Z,2,2026-02-12T18:13:33Z,2026-02-12T22:45:00Z,1,1,Determined upon crew arrival,In Progres,OUTAGE,Single Customer,MAR,NORMAL,43.02786,-82.43628
NE26021200358,2026-02-12T18:38:58Z,2026-02-12T19:39:16Z,2,2026-02-12T18:18:09Z,2026-02-12T22:50:00Z,1,1,Determined upon crew arrival,In Progres,OUTAGE,Single Customer,NAE,NORMAL,43.34054,-83.1433
NE26021200363,2026-02-12T18:38:58Z,2026-02-12T19:39:16Z,2,2026-02-12T18:26:08Z,2026-02-12T22:55:00Z,1,1,Determined upon crew arrival,In Progres,OUTAGE,Single Customer,NAE,NORMAL,43.33029,-83.57121
NW26021200334,2026-02-12T18:38:58Z,2026-02-12T20:03:18Z,3,2026-02-12T17:47:48Z,2026-02-12T22:20:00Z,1,1,Determined upon crew arrival,In Progres,OUTAGE,Single Customer,HWL,NORMAL,42.4576,-83.60833
NW26021200354,2026-02-12T18:38:58Z,2026-02-12T18:38:58Z,1,2026-02-12T18:13:50Z,2026-02-12T22:45:00Z,1,1,Determined upon crew arrival,New,OUTAGE,Single Customer,PON,NORMAL,42.54288,-83.3918
SE26021200328,2026-02-12T18:38:58Z,2026-02-12T18:38:58Z,1,2026-02-12T17:41:23Z,2026-02-12T22:10:00Z,1,1,Determined upon crew arrival,In Progres,OUTAGE,Single Customer,RFD,NORMAL,42.3789,-83.17012
SE26021200329,2026-02-12T18:38:58Z,2026-02-13T03:21:48Z,10,2026-02-12T17:20:04Z,2026-02-13T10:10:00Z,1,1,Determined upon crew arrival,In Progres,OUTAGE,Single Customer,RFD,NORMAL,42.35445,-83.19829
SE26021200337,2026-02-12T18:38:58Z,2026-02-12T19:39:16Z,2,2026-02-12T17:52:13Z,2026-02-12T22:20:00Z,1,1,Determined upon crew arrival,In Progres,OUTAGE,Single Customer,RFD,NORMAL,42.25419,-83.20826
SE26021200346,2026-02-12T18:38:58Z,2026-02-12T18:38:58Z,1,2026-02-12T17:52:26Z,2026-02-12T22:30:00Z,1,1,Determined upon crew arrival,In Progres,OUTAGE,Single Customer,RFD,NORMAL,42.46199,-83.20405
SE26021200350,2026-02-12T18:38:58Z,2026-02-12T20:03:18Z,3,2026-02-12T18:10:56Z,2026-02-12T22:40:00Z,1,1,Determined upon crew arrival,In Progres,OUTAGE,Single Customer,RFD,NORMAL,42.26254,-83.19519
SE26021200352,2026-02-12T18:38:58Z,2026-02-12T19:39:16Z,2,2026-02-12T18:12:06Z,2026-02-12T22:40:00Z,1,1,Determined upon crew arrival,In Progres,OUTAGE,Single Customer,RFD,NORMAL,42.39007,-83.19324
SE26021200359,2026-02-12T18:38:58Z,2026-02-12T19:39:16Z,2,2026-02-12T18:20:36Z,2026-02-12T22:50:00Z,1,1,Determined upon crew arrival,In Progres,OUTAGE,Single Customer,RFD,NORMAL,42.39035,-83.19362
SW26021200318,2026-02-12T18:38:58Z,2026-02-12T20:03:18Z,3,2026-02-12T17:31:34Z,2026-02-12T22:05:00Z,1,1,Determined upon crew arrival,In Progres,OUTAGE,Single Customer,ANN,NORMAL,42.25732,-83.72653
SW26021200327,2026-02-12T18:38:58Z,2026-02-12T18:38:58Z,1,2026-02-12T17:40:42Z,2026-02-12T22:10:00Z,7,7,Determined upon crew arrival,In Progres,OUTAGE,Service Transformer,ANN,NORMAL,42.25513,-83.72281
SW26021200332,2026-02-12T18:38:58Z,2026-02-12T19:39:16Z,2,2026-02-12T17:46:47Z,2026-02-12T22:15:00Z,1,1,Determined upon crew arrival,In Progres,OUTAGE,Single Customer,WWS,NORMAL,42.22503,-83.45014
SW26021200339,2026-02-12T18:38:58Z,2026-02-12T20:03:18Z,3,2026-02-12T17:53:22Z,2026-02-12T22:25:00Z,1,1,Determined upon crew arrival,In Progres,OUTAGE,Single Customer,NPT,NORMAL,42.10893,-83.28761
SW26021200342,2026-02-12T18:38:58Z,2026-02-12T18:38:58Z,1,2026-02-12T17:56:08Z,2026-02-12T22:25:00Z,1,1,Determined upon crew arrival,In Progres,OUTAGE,Single Customer,WWS,NORMAL,42.44139,-83.31688
NE26021200369,2026-02-12T19:39:16Z,2026-02-12T20:03:18Z,2,2026-02-12T18:32:03Z,2026-02-12T23:00:00Z,1,1,Determined upon crew arrival,In Progres,OUTAGE,Single Customer,MAR,NORMAL,43.01041,-82.46131
NE26021200385,2026-02-12T19:39:16Z,2026-02-12T20:03:18Z,2,2026-02-12T18:58:17Z,2026-02-12T23:30:00Z,2,2,Determined upon crew arrival,In Progres,OUTAGE,Service Secondary,MAR,NORMAL,43.01147,-82.45919
NE26021200401,2026-02-12T19:39:16Z,2026-02-12T20:03:18Z,2,2026-02-12T19:14:38Z,2026-02-12T23:45:00Z,1,1,Determined upon crew arrival,In Progres,OUTAGE,Single Customer,NAE,NORMAL,43.58114,-83.51462
NE26021200402,2026-02-12T19:39:16Z,2026-02-12T19:39:16Z,1,2026-02-12T19:14:46Z,,1,1,Determined upon crew arrival,New,OUTAGE,Single Customer,NAE,NORMAL,43.45267,-83.69208
NW26021200367,2026-02-12T19:39:16Z,2026-02-12T20:51:17Z,3,2026-02-12T18:30:40Z,2026-02-12T23:00:00Z,1,1,Determined upon crew arrival,In Progres,OUTAGE,Single Customer,PON,NORMAL,42.67826,-83.30741
SE26021200368,2026-02-12T19:39:16Z,2026-02-12T20:03:18Z,2,2026-02-12T18:30:53Z,2026-02-12T23:00:00Z,1,1,Determined upon crew arrival,In Progres,OUTAGE,Single Customer,RFD,NORMAL,42.50385,-83.18875
SE26021200381,2026-02-12T19:39:16Z,2026-02-12T20:03:18Z,2,2026-02-12T18:48:57Z,2026-02-12T23:20:00Z,9,9,Determined upon crew arrival,In Progres,OUTAGE,Service Transformer,CAN,NORMAL,42.43955,-83.00838
SE26021200387,2026-02-12T19:39:16Z,2026-02-12T20:03:18Z,2,2026-02-12T19:01:06Z,2026-02-12T23:30:00Z,1,1,Determined upon crew arrival,In Progres,OUTAGE,Single Customer,CAN,NORMAL,42.43554,-82.99044
SE26021200398,2026-02-12T19:39:16Z,2026-02-12T20:51:17Z,3,2026-02-12T19:02:15Z,2026-02-12T23:40:00Z,1,1,Determined upon crew arrival,In Progres,OUTAGE,Single Customer,RFD,NORMAL,42.30726,-83.11257
SE26021200403,2026-02-12T19:39:16Z,2026-02-12T19:39:16Z,1,2026-02-12T19:15:03Z,,1,1,Determined upon crew arrival,New,OUTAGE,Single Customer,CAN,NORMAL,42.37029,-83.13198
SW26021200394,2026-02-12T19:39:16Z,2026-02-12T20:03:18Z,2,2026-02-12T19:04:24Z,2026-02-12T23:35:00Z,1,1,Determined upon crew arrival,In Progres,OUTAGE,Single Customer,ANN,NORMAL,42.25517,-83.72332
SW26021200397,2026-02-12T19:39:16Z,2026-02-12T19:39:16Z,1,2026-02-12T19:07:54Z,2026-02-12T23:40:00Z,28,28,Determined upon crew arrival,In Progres,OUTAGE,Service Transformer,WWS,NORMAL,42.30509,-83.42053
NW26021200433,2026-02-12T20:03:18Z,2026-02-12T23:30:21Z,6,2026-02-12T19:37:59Z,2026-02-13T00:15:00Z,1,1,Equipment problem,In Progres,OUTAGE,Single Customer,HWL,NORMAL,42.45166,-83.66249
SE26021200405,2026-02-12T20:03:18Z,2026-02-12T20:03:18Z,1,2026-02-12T19:17:21Z,2026-02-12T23:45:00Z,1,1,Determined upon crew arrival,In Progres,OUTAGE,Single Customer,RFD,NORMAL,42.37905,-83.17625
SE26021200406,2026-02-12T20:03:18Z,2026-02-12T20:03:18Z,1,2026-02-12T19:20:58Z,2026-02-12T23:50:00Z,1,1,Determined upon crew arrival,Pending,OUTAGE,Single Customer,CAN,NORMAL,42.43818,-83.00834
SE26021200423,2026-02-12T20:03:18Z,2026-02-12T20:03:18Z,1,2026-02-12T19:34:27Z,2026-02-13T00:05:00Z,1,1,Determined upon crew arrival,In Progres,OUTAGE,Single Customer,CAN,NORMAL,42.43753,-82.97205
SE26021200431,2026-02-12T20:03:18Z,2026-02-13T00:00:51Z,7,2026-02-12T13:29:52Z,2026-02-13T00:15:00Z,1,1,Determined upon crew arrival,In Progres,OUTAGE,Single Customer,RFD,NORMAL,42.42173,-83.22431
SW26021200407,2026-02-12T20:03:18Z,2026-02-12T20:51:17Z,2,2026-02-12T19:19:19Z,2026-02-12T23:50:00Z,2,2,Determined upon crew arrival,In Progres,OUTAGE,Service Transformer,ANN,NORMAL,42.27383,-83.60405
SW26021200417,2026-02-12T20:03:18Z,2026-02-12T20:03:18Z,1,2026-02-12T19:27:56Z,2026-02-13T00:00:00Z,14,14,Determined upon crew arrival,In Progres,OUTAGE,Service Transformer,NPT,NORMAL,41.91005,-83.41273
SW26021200426,2026-02-12T20:03:18Z,2026-02-12T20:51:17Z,2,2026-02-12T19:37:48Z,2026-02-13T00:10:00Z,1,1,Determined upon crew arrival,In Progres,OUTAGE,Single Customer,NPT,NORMAL,41.91177,-83.39112
NE26021200436,2026-02-12T20:51:17Z,2026-02-12T20:51:17Z,1,2026-02-12T19:24:26Z,2026-02-13T00:15:00Z,4,4,Determined upon crew arrival,In Progres,OUTAGE,Service Transformer,MAR,NORMAL,42.83913,-82.48038
NE26021200457,2026-02-12T20:51:17Z,2026-02-12T23:30:21Z,5,2026-02-12T19:42:15Z,2026-02-13T00:45:00Z,1,1,Determined upon crew arrival,In Progres,OUTAGE,Single Customer,MTC,NORMAL,42.4903,-82.93507
NE26021200469,2026-02-12T20:51:17Z,2026-02-12T22:49:18Z,4,2026-02-12T20:38:47Z,2026-02-13T01:10:00Z,1,1,Determined upon crew arrival,In Progres,OUTAGE,Single Customer,MTC,NORMAL,42.45308,-83.05061
NW26021200462,2026-02-12T20:51:17Z,2026-02-12T22:02:24Z,3,2026-02-12T20:23:30Z,2026-02-13T00:55:00Z,35,35,Determined upon crew arrival,In Progres,OUTAGE,Device (I),HWL,NORMAL,42.50739,-83.63302
SE26021200451,2026-02-12T20:51:17Z,2026-02-12T23:30:21Z,5,2026-02-12T19:46:17Z,2026-02-13T00:40:00Z,1,1,Determined upon crew arrival,In Progres,OUTAGE,Single Customer,RFD,NORMAL,42.47687,-83.22431
SE26021200458,2026-02-12T20:51:17Z,2026-02-12T20:51:17Z,1,2026-02-12T20:15:08Z,2026-02-13T00:45:00Z,1,1,Determined upon crew arrival,In Progres,OUTAGE,Single Customer,RFD,NORMAL,42.42745,-83.30604
SE26021200460,2026-02-12T20:51:17Z,2026-02-12T20:51:17Z,1,2026-02-12T20:21:40Z,2026-02-13T00:50:00Z,1,1,Determined upon crew arrival,In Progres,OUTAGE,Single Customer,CAN,NORMAL,42.4128,-82.93619
SE26021200463,2026-02-12T20:51:17Z,2026-02-12T22:49:18Z,4,2026-02-12T20:25:24Z,2026-02-13T00:55:00Z,48,48,Equipment problem,In Progres,OUTAGE,Device (I),RFD,NORMAL,42.44457,-83.2925
SW26021200441,2026-02-12T20:51:17Z,2026-02-12T22:49:18Z,4,2026-02-12T19:52:14Z,2026-02-13T00:20:00Z,1,1,Determined upon crew arrival,Pending,OUTAGE,Single Customer,ANN,NORMAL,42.19027,-83.77231
SW26021200466,2026-02-12T20:51:17Z,2026-02-12T20:51:17Z,1,2026-02-12T20:28:18Z,2026-02-13T01:05:00Z,2,2,Determined upon crew arrival,In Progres,OUTAGE,Service Secondary,WWS,NORMAL,42.4538,-83.35888
SW26021200470,2026-02-12T20:51:17Z,2026-02-12T20:51:17Z,1,2026-02-12T19:19:15Z,2026-02-13T01:10:00Z,1,1,Determined upon crew arrival,New,OUTAGE,Single Customer,ANN,NORMAL,42.27512,-83.60921
NW26021200487,2026-02-12T21:35:08Z,2026-02-12T22:49:18Z,3,2026-02-12T20:56:40Z,2026-02-13T01:55:00Z,1,1,Meter Issue,In Progres,OUTAGE,Single Customer,PON,NORMAL,42.53034,-83.36512
NW26021200488,2026-02-12T21:35:08Z,2026-02-12T21:35:08Z,1,2026-02-12T21:28:15Z,,1813,1813,Determined upon crew arrival,New,OUTAGE,Substation,PON,NORMAL,42.53511,-83.45834
SE26021200494,2026-02-12T22:02:24Z,2026-02-13T00:00:51Z,4,2026-02-12T21:31:13Z,2026-02-13T02:10:00Z,1,1,Determined upon crew arrival,In Progres,OUTAGE,Single Customer,RFD,NORMAL,42.25001,-83.19266
NE26021200506,2026-02-12T22:49:18Z,2026-02-13T00:00:51Z,3,2026-02-12T22:03:48Z,2026-02-13T02:40:00Z,1,1,Determined upon crew arrival,In Progres,OUTAGE,Single Customer,MTC,NORMAL,42.5995,-82.90421
NW26021200510,2026-02-12T22:49:18Z,2026-02-13T05:08:30Z,5,2026-02-12T22:24:27Z,2026-02-13T06:55:00Z,59,28,Equipment problem,In Progres,OUTAGE,Device (I),PON,NORMAL,42.68134,-83.55847
NW26021200513,2026-02-12T22:49:18Z,2026-02-13T00:00:51Z,3,2026-02-12T22:24:28Z,2026-02-13T03:00:00Z,1,1,Determined upon crew arrival,In Progres,OUTAGE,Single Customer,PON,NORMAL,42.68007,-83.555
NW26021200514,2026-02-12T22:49:18Z,2026-02-12T23:30:21Z,2,2026-02-12T22:24:27Z,2026-02-13T03:00:00Z,4,4,Determined upon crew arrival,In Progres,OUTAGE,Service Transformer,PON,NORMAL,42.68196,-83.55876
SW26021200500,2026-02-12T22:49:18Z,2026-02-12T22:49:18Z,1,2026-02-12T21:50:38Z,2026-02-13T02:25:00Z,1,1,Determined upon crew arrival,In Progres,OUTAGE,Single Customer,NPT,NORMAL,42.12764,-83.27817
SW26021200501,2026-02-12T22:49:18Z,2026-02-12T22:49:18Z,1,2026-02-12T21:50:38Z,2026-02-13T02:25:00Z,8,8,Determined upon crew arrival,In Progres,OUTAGE,Service Transformer,NPT,NORMAL,42.12917,-83.2782
NW26021200519,2026-02-12T23:30:21Z,2026-02-13T00:00:51Z,2,2026-02-12T22:46:49Z,2026-02-13T03:20:00Z,1,1,Determined upon crew arrival,In Progres,OUTAGE,Single Customer,HWL,NORMAL,42.68498,-84.04116
SW26021200520,2026-02-12T23:30:21Z,2026-02-13T00:00:51Z,2,2026-02-12T22:49:16Z,2026-02-13T03:20:00Z,1,1,Determined upon crew arrival,In Progres,SERVICE DOWN NO,,WWS,NORMAL,42.21028,-83.32021
NE26021200524,2026-02-13T00:00:51Z,2026-02-13T00:00:51Z,1,2026-02-12T23:15:12Z,2026-02-13T03:45:00Z,1,1,Determined upon crew arrival,In Progres,OUTAGE,Single Customer,MTC,NORMAL,42.56059,-82.90978
NE26021200563,2026-02-13T03:21:48Z,2026-02-13T08:03:11Z,5,2026-02-13T03:03:03Z,2026-02-13T07:35:00Z,1,1,Equipment problem,In Progres,OUTAGE,Single Customer,LAP,NORMAL,43.06561,-83.31837
NW26021200540,2026-02-13T03:21:48Z,2026-02-13T03:21:48Z,1,2026-02-13T01:15:18Z,2026-02-13T05:45:00Z,1,1,Determined upon crew arrival,In Progres,OUTAGE,Single Customer,HWL,NORMAL,42.68439,-84.17957
NW26021200559,2026-02-13T03:21:48Z,2026-02-13T06:13:08Z,3,2026-02-13T02:41:20Z,2026-02-13T07:10:00Z,1,1,Equipment problem,In Progres,OUTAGE,Single Customer,PON,NORMAL,42.64028,-83.3526
SE26021200548,2026-02-13T03:21:48Z,2026-02-13T03:21:48Z,1,2026-02-13T01:38:57Z,2026-02-13T06:10:00Z,16,16,Equipment problem,In Progres,OUTAGE,Service Transformer,RFD,NORMAL,42.48691,-83.1588
SW26021200561,2026-02-13T03:21:48Z,2026-02-13T03:21:48Z,1,2026-02-13T02:48:08Z,2026-02-13T07:20:00Z,1,1,Determined upon crew arrival,In Progres,OUTAGE,Single Customer,ANN,NORMAL,42.19031,-83.82262
SE26021300008,2026-02-13T06:13:08Z,2026-02-13T06:13:08Z,1,2026-02-13T05:43:36Z,,1,1,Determined upon crew arrival,New,OUTAGE,Single Customer,CAN,NORMAL,42.40321,-82.94577
SE26021300015,2026-02-13T11:02:06Z,2026-02-13T11:02:06Z,1,2026-02-13T09:41:16Z,2026-02-13T14:25:00Z,1,1,Determined upon crew arrival,New,OUTAGE,Single Customer,RFD,NORMAL,42.31709,-83.1751
NW26021300024,2026-02-13T13:02:57Z,2026-02-13T13:02:57Z,1,2026-02-13T12:27:04Z,,1,1,Determined upon crew arrival,New,OUTAGE,Single Customer,PON,NORMAL,42.67439,-83.55337
SE26021300023,2026-02-13T13:02:57Z,2026-02-13T13:02:57Z,1,2026-02-13T12:40:28Z,2026-02-13T17:10:00Z,1,1,Determined upon crew arrival,In Progres,OUTAGE,Single Customer,RFD,NORMAL,42.25611,-83.1984
SW26021300019,2026-02-13T13:02:57Z,2026-02-13T16:59:32Z,5,2026-02-13T11:49:46Z,2026-02-13T20:20:00Z,7,7,Equipment problem,In Progres,OUTAGE,Service Transformer,WWS,NORMAL,42.29548,-83.45878
NW26021300054,2026-02-13T14:08:31Z,2026-02-13T19:42:41Z,7,2026-02-13T13:57:49Z,2026-02-14T06:30:00Z,1,1,Equipment problem,In Progres,OUTAGE,Single Customer,HWL,NORMAL,42.64784,-83.72862
SE26021300033,2026-02-13T14:08:31Z,2026-02-13T23:44:37Z,13,2026-02-13T13:15:41Z,2026-02-14T05:45:00Z,1,1,Equipment problem,In Progres,OUTAGE,Single Customer,RFD,NORMAL,42.20963,-83.21545
SE26021300044,2026-02-13T14:08:31Z,2026-02-13T16:59:32Z,4,2026-02-13T13:49:19Z,2026-02-13T18:20:00Z,23,23,Determined upon crew arrival,In Progres,OUTAGE,Service Transformer,RFD,NORMAL,42.31541,-83.2785
SE26021300047,2026-02-13T14:08:31Z,2026-02-13T18:52:25Z,6,2026-02-13T13:39:31Z,2026-02-13T22:25:00Z,21,21,Determined upon crew arrival,In Progres,OUTAGE,Service Transformer,TBY_S,NORMAL,42.37795,-83.07739
SE26021300048,2026-02-13T14:08:31Z,2026-02-13T18:52:25Z,6,2026-02-13T13:39:31Z,2026-02-13T22:25:00Z,22,22,Determined upon crew arrival,In Progres,OUTAGE,Service Transformer,CAN,NORMAL,42.37796,-83.07738
SE26021300050,2026-02-13T14:08:31Z,2026-02-13T15:59:47Z,3,2026-02-13T13:55:16Z,2026-02-13T18:25:00Z,1,1,Determined upon crew arrival,In Progres,OUTAGE,Single Customer,RFD,NORMAL,42.25813,-83.20651
SE26021300055,2026-02-13T14:08:31Z,2026-02-13T16:59:32Z,4,2026-02-13T13:59:41Z,2026-02-13T18:30:00Z,641,7,Equipment problem,In Progres,OUTAGE,Circuit Level,RFD,NORMAL,42.32902,-83.20001
NE26021300099,2026-02-13T15:01:24Z,2026-02-13T15:59:47Z,2,2026-02-13T14:32:27Z,2026-02-13T19:00:00Z,1,1,Determined upon crew arrival,In Progres,OUTAGE,Single Customer,NAE,NORMAL,43.355,-83.58283
NE26021300108,2026-02-13T15:01:24Z,2026-02-13T15:01:24Z,1,2026-02-13T14:39:21Z,2026-02-13T19:10:00Z,1,1,Determined upon crew arrival,In Progres,OUTAGE,Single Customer,NAE,NORMAL,43.5798,-83.51456
NE26021300109,2026-02-13T15:01:24Z,2026-02-13T15:01:24Z,1,2026-02-13T14:39:47Z,2026-02-13T19:10:00Z,1,1,Determined upon crew arrival,In Progres,OUTAGE,Single Customer,NAE,NORMAL,43.58085,-83.51366
SE26021300064,2026-02-13T15:01:24Z,2026-02-13T23:44:37Z,12,2026-02-13T13:52:17Z,2026-02-14T06:40:00Z,1,1,Determined upon crew arrival,In Progres,OUTAGE,Single Customer,CAN,NORMAL,42.40862,-82.98114
SE26021300065,2026-02-13T15:01:24Z,2026-02-13T15:01:24Z,1,2026-02-13T14:09:06Z,2026-02-13T18:40:00Z,1,1,Determined upon crew arrival,In Progres,OUTAGE,Single Customer,RFD,NORMAL,42.37422,-83.16998
SE26021300069,2026-02-13T15:01:24Z,2026-02-13T15:59:47Z,2,2026-02-13T14:11:24Z,2026-02-13T18:40:00Z,20,20,Determined upon crew arrival,In Progres,OUTAGE,Service Transformer,RFD,NORMAL,42.42956,-83.30244
SE26021300071,2026-02-13T15:01:24Z,2026-02-13T15:59:47Z,2,2026-02-13T14:12:33Z,2026-02-13T18:45:00Z,2,2,Determined upon crew arrival,In Progres,OUTAGE,Service Secondary,CAN,NORMAL,42.43444,-82.95412
SE26021300080,2026-02-13T15:01:24Z,2026-02-13T23:05:32Z,11,2026-02-13T14:15:52Z,2026-02-14T02:45:00Z,1,1,Determined upon crew arrival,In Progres,PRIORITY,,RFD,NORMAL,42.33297,-83.21189
SE26021300081,2026-02-13T15:01:24Z,2026-02-13T17:48:03Z,4,2026-02-13T14:16:16Z,2026-02-13T18:45:00Z,1,1,Equipment problem,In Progres,OUTAGE,Single Customer,RFD,NORMAL,42.32594,-83.21239
SE26021300084,2026-02-13T15:01:24Z,2026-02-13T15:59:47Z,2,2026-02-13T14:18:49Z,2026-02-13T18:50:00Z,25,25,Determined upon crew arrival,In Progres,OUTAGE,Service Transformer,RFD,NORMAL,42.48818,-83.12864
SE26021300085,2026-02-13T15:01:24Z,2026-02-13T16:59:32Z,3,2026-02-13T14:19:39Z,2026-02-13T18:50:00Z,1,1,Determined upon crew arrival,In Progres,PRIORITY,,RFD,NORMAL,42.33213,-83.20917
SE26021300090,2026-02-13T15:01:24Z,2026-02-13T21:51:39Z,9,2026-02-13T14:23:26Z,2026-02-13T22:55:00Z,1,1,Determined upon crew arrival,In Progres,PRIORITY,,RFD,NORMAL,42.32731,-83.19262
SE26021300092,2026-02-13T15:01:24Z,2026-02-13T17:48:03Z,4,2026-02-13T14:24:21Z,2026-02-13T18:55:00Z,1,1,Equipment problem,In Progres,OUTAGE,Single Customer,CAN,NORMAL,42.37895,-82.96154
SE26021300094,2026-02-13T15:01:24Z,2026-02-14T12:52:06Z,26,2026-02-13T13:56:09Z,2026-02-14T18:55:00Z,1,1,Determined upon crew arrival,In Progres,OUTAGE,Single Customer,RFD,NORMAL,42.37766,-83.16277
SE26021300098,2026-02-13T15:01:24Z,2026-02-14T09:45:51Z,21,2026-02-13T14:26:23Z,2026-02-14T19:00:00Z,1,1,Determined upon crew arrival,Pending,OUTAGE,Single Customer,CAN,NORMAL,42.4031,-82.98168
SE26021300101,2026-02-13T15:01:24Z,2026-02-13T15:01:24Z,1,2026-02-13T14:34:24Z,2026-02-13T19:05:00Z,1,1,Determined upon crew arrival,In Progres,OUTAGE,Single Customer,RFD,NORMAL,42.46085,-83.14672
SE26021300110,2026-02-13T15:01:24Z,2026-02-13T15:01:24Z,1,2026-02-13T14:40:41Z,2026-02-13T19:10:00Z,1,1,Determined upon crew arrival,New,OUTAGE,Single Customer,RFD,NORMAL,42.32863,-83.18971
SE26021300111,2026-02-13T15:01:24Z,2026-02-13T15:59:47Z,2,2026-02-13T14:42:38Z,2026-02-13T19:15:00Z,2,2,Determined upon crew arrival,In Progres,OUTAGE,Service Secondary,RFD,NORMAL,42.26521,-83.20793
SE26021300112,2026-02-13T15:01:24Z,2026-02-13T15:59:47Z,2,2026-02-13T14:42:49Z,2026-02-13T19:15:00Z,10,10,Determined upon crew arrival,In Progres,OUTAGE,Service Transformer,RFD,NORMAL,42.38117,-83.18965
SE26021300113,2026-02-13T15:01:24Z,2026-02-13T15:59:47Z,2,2026-02-13T14:44:21Z,2026-02-13T19:15:00Z,1,1,Determined upon crew arrival,New,OUTAGE,Single Customer,RFD,NORMAL,42.35141,-83.14552
SW26021300087,2026-02-13T15:01:24Z,2026-02-13T15:01:24Z,1,2026-02-13T14:21:17Z,2026-02-13T18:50:00Z,1,1,Determined upon crew arrival,In Progres,OUTAGE,Service Transformer,ANN,NORMAL,42.28918,-83.61874
NE26021300138,2026-02-13T15:59:47Z,2026-02-13T15:59:47Z,1,2026-02-13T15:02:09Z,2026-02-13T19:30:00Z,1,1,Determined upon crew arrival,In Progres,OUTAGE,Single Customer,LAP,NORMAL,43.25242,-83.55818
NE26021300177,2026-02-13T15:59:47Z,2026-02-13T15:59:47Z,1,2026-02-13T15:32:18Z,2026-02-13T20:00:00Z,1,1,Determined upon crew arrival,In Progres,OUTAGE,Single Customer,MTC,NORMAL,42.73151,-82.79786
NE26021300178,2026-02-13T15:59:47Z,2026-02-13T16:59:32Z,2,2026-02-13T15:30:22Z,2026-02-13T20:05:00Z,6,6,Animal/bird damaged DTE equip,In Progres,OUTAGE,Service Transformer,MAR,NORMAL,42.83048,-82.50538
NE26021300180,2026-02-13T15:59:47Z,2026-02-13T23:44:37Z,11,2026-02-13T15:34:36Z,2026-02-14T08:05:00Z,1,1,Equipment problem,In Progres,OUTAGE,Single Customer,MTC,NORMAL,42.77974,-82.75987
NE26021300187,2026-02-13T15:59:47Z,2026-02-13T20:18:28Z,6,2026-02-13T15:40:22Z,2026-02-13T20:10:00Z,1,1,Equipment problem,In Progres,OUTAGE,Single Customer,MTC,NORMAL,42.62013,-82.91756
NW26021300124,2026-02-13T15:59:47Z,2026-02-13T15:59:47Z,1,2026-02-13T14:49:44Z,2026-02-13T19:25:00Z,5,5,Determined upon crew arrival,In Progres,OUTAGE,Service Transformer,PON,NORMAL,42.60377,-83.25031
NW26021300145,2026-02-13T15:59:47Z,2026-02-13T17:48:03Z,3,2026-02-13T15:11:47Z,2026-02-13T19:40:00Z,2,2,Determined upon crew arrival,In Progres,OUTAGE,Service Secondary,SBY,NORMAL,42.55558,-83.06751
SE26021300115,2026-02-13T15:59:47Z,2026-02-13T15:59:47Z,1,2026-02-13T14:47:15Z,2026-02-13T19:15:00Z,1,1,Determined upon crew arrival,In Progres,OUTAGE,Single Customer,CAN,NORMAL,42.43144,-83.0123
SE26021300136,2026-02-13T15:59:47Z,2026-02-13T15:59:47Z,1,2026-02-13T15:01:48Z,2026-02-13T19:30:00Z,1,1,Determined upon crew arrival,In Progres,OUTAGE,Single Customer,CAN,NORMAL,42.43505,-83.01157
SE26021300141,2026-02-13T15:59:47Z,2026-02-13T15:59:47Z,1,2026-02-13T15:00:55Z,2026-02-13T19:35:00Z,12,12,Determined upon crew arrival,In Progres,OUTAGE,Service Transformer,RFD,NORMAL,42.3789,-83.17012
SE26021300153,2026-02-13T15:59:47Z,2026-02-13T15:59:47Z,1,2026-02-13T15:15:34Z,2026-02-13T19:45:00Z,1,1,Determined upon crew arrival,In Progres,OUTAGE,Single Customer,RFD,NORMAL,42.38752,-83.19703
SE26021300163,2026-02-13T15:59:47Z,2026-02-13T16:59:32Z,2,2026-02-13T15:20:38Z,2026-02-13T19:50:00Z,22,22,Determined upon crew arrival,In Progres,OUTAGE,Service Transformer,RFD,NORMAL,42.25432,-83.20304
SE26021300165,2026-02-13T15:59:47Z,2026-02-13T15:59:47Z,1,2026-02-13T15:21:22Z,2026-02-13T19:50:00Z,1,1,Determined upon crew arrival,In Progres,OUTAGE,Single Customer,RFD,NORMAL,42.38453,-83.19301
SE26021300174,2026-02-13T15:59:47Z,2026-02-13T15:59:47Z,1,2026-02-13T15:27:29Z,2026-02-13T20:00:00Z,1,1,Determined upon crew arrival,In Progres,OUTAGE,Single Customer,RFD,NORMAL,42.43428,-83.30386
SE26021300185,2026-02-13T15:59:47Z,2026-02-13T17:48:03Z,3,2026-02-13T15:39:19Z,2026-02-13T20:10:00Z,1,1,Determined upon crew arrival,In Progres,OUTAGE,Single Customer,RFD,NORMAL,42.44032,-83.29665
SW26021300120,2026-02-13T15:59:47Z,2026-02-13T15:59:47Z,1,2026-02-13T14:53:42Z,2026-02-13T19:25:00Z,1,1,Determined upon crew arrival,In Progres,OUTAGE,Single Customer,ANN,NORMAL,42.25854,-83.72717
SW26021300154,2026-02-13T15:59:47Z,2026-02-13T15:59:47Z,1,2026-02-13T15:16:10Z,2026-02-13T19:45:00Z,1,1,Determined upon crew arrival,In Progres,OUTAGE,Single Customer,NPT,NORMAL,42.1067,-83.29194
SW26021300155,2026-02-13T15:59:47Z,2026-02-13T15:59:47Z,1,2026-02-13T15:15:33Z,2026-02-13T19:45:00Z,74,74,Determined upon crew arrival,In Progres,OUTAGE,Device (I),WWS,NORMAL,42.41242,-83.45892
SW26021300156,2026-02-13T15:59:47Z,2026-02-13T16:59:32Z,2,2026-02-13T15:16:56Z,2026-02-13T19:45:00Z,1,1,Public Interference w/DTE equip,In Progres,OUTAGE,Single Customer,WWS,NORMAL,42.28476,-83.35909
SW26021300158,2026-02-13T15:59:47Z,2026-02-13T15:59:47Z,1,2026-02-13T15:15:30Z,2026-02-13T19:50:00Z,40,40,Determined upon crew arrival,In Progres,OUTAGE,Device (I),WWS,NORMAL,42.40798,-83.46105
SW26021300162,2026-02-13T15:59:47Z,2026-02-13T15:59:47Z,1,2026-02-13T15:19:41Z,2026-02-13T19:50:00Z,1,1,Determined upon crew arrival,In Progres,OUTAGE,Service Secondary,ANN,NORMAL,42.25844,-83.72113
SW26021300167,2026-02-13T15:59:47Z,2026-02-13T16:59:32Z,2,2026-02-13T15:23:18Z,2026-02-13T19:55:00Z,1,1,Determined upon crew arrival,In Progres,OUTAGE,Service Secondary,WWS,NORMAL,42.32714,-83.39715
SW26021300176,2026-02-13T15:59:47Z,2026-02-13T15:59:47Z,1,2026-02-13T15:31:42Z,2026-02-13T20:00:00Z,1,1,Determined upon crew arrival,In Progres,OUTAGE,Single Customer,WWS,NORMAL,42.35176,-83.35538
NE26021300206,2026-02-13T16:59:32Z,2026-02-13T20:18:28Z,5,2026-02-13T15:57:07Z,2026-02-13T20:35:00Z,1,1,Problem with the customer equip,Pending,OUTAGE,Single Customer,MAR,NORMAL,42.8982,-82.60047
NE26021300225,2026-02-13T16:59:32Z,2026-02-13T16:59:32Z,1,2026-02-13T16:13:48Z,2026-02-13T20:45:00Z,1,1,Determined upon crew arrival,In Progres,OUTAGE,Single Customer,MTC,NORMAL,42.73155,-82.79916
NE26021300234,2026-02-13T16:59:32Z,2026-02-13T16:59:32Z,1,2026-02-13T16:20:40Z,2026-02-13T20:50:00Z,1,1,Determined upon crew arrival,In Progres,OUTAGE,Single Customer,NAE,NORMAL,43.3228,-83.58244
NE26021300235,2026-02-13T16:59:32Z,2026-02-13T16:59:32Z,1,2026-02-13T16:21:22Z,2026-02-13T20:50:00Z,1,1,Determined upon crew arrival,In Progres,OUTAGE,Single Customer,MAR,NORMAL,43.01135,-82.46403
NE26021300237,2026-02-13T16:59:32Z,2026-02-13T20:18:28Z,5,2026-02-13T16:17:17Z,2026-02-13T20:50:00Z,1,1,Determined upon crew arrival,In Progres,OUTAGE,Single Customer,MTC,NORMAL,42.46044,-82.92017
NE26021300238,2026-02-13T16:59:32Z,2026-02-13T16:59:32Z,1,2026-02-13T16:22:59Z,2026-02-13T20:55:00Z,1,1,Determined upon crew arrival,In Progres,OUTAGE,Single Customer,LAP,NORMAL,43.23958,-83.5594
NE26021300249,2026-02-13T16:59:32Z,2026-02-13T16:59:32Z,1,2026-02-13T16:15:21Z,2026-02-13T21:00:00Z,2,2,Determined upon crew arrival,New,OUTAGE,Service Transformer,MTC,NORMAL,42.58344,-82.95827
NW26021300189,2026-02-13T16:59:32Z,2026-02-13T21:51:39Z,7,2026-02-13T15:37:19Z,2026-02-14T08:20:00Z,1,1,Equipment problem,In Progres,OUTAGE,Single Customer,PON,NORMAL,42.86781,-83.40446
NW26021300211,2026-02-13T16:59:32Z,2026-02-13T16:59:32Z,1,2026-02-13T16:07:47Z,2026-02-13T20:40:00Z,2,2,Determined upon crew arrival,In Progres,OUTAGE,Service Secondary,PON,NORMAL,42.67748,-83.30395
NW26021300246,2026-02-13T16:59:32Z,2026-02-13T17:48:03Z,2,2026-02-13T16:27:38Z,2026-02-13T21:00:00Z,1,1,Animal/bird damaged DTE equip,In Progres,OUTAGE,Single Customer,SBY,NORMAL,42.68997,-83.00685
SE26021300191,2026-02-13T16:59:32Z,2026-02-13T17:48:03Z,2,2026-02-13T01:37:18Z,2026-02-13T20:20:00Z,1,1,Determined upon crew arrival,In Progres,OUTAGE,Single Customer,RFD,NORMAL,42.39747,-83.18384
SE26021300193,2026-02-13T16:59:32Z,2026-02-13T20:18:28Z,5,2026-02-13T15:50:12Z,2026-02-13T20:20:00Z,1,1,Determined upon crew arrival,In Progres,OUTAGE,Single Customer,RFD,NORMAL,42.43589,-83.15618
SE26021300196,2026-02-13T16:59:32Z,2026-02-13T18:52:25Z,3,2026-02-13T15:54:29Z,2026-02-13T20:25:00Z,1,1,Equipment problem,In Progres,OUTAGE,Single Customer,CAN,NORMAL,42.43441,-82.9554
SE26021300198,2026-02-13T16:59:32Z,2026-02-13T18:52:25Z,3,2026-02-13T15:54:58Z,2026-02-13T20:25:00Z,1,1,Determined upon crew arrival,In Progres,OUTAGE,Single Customer,RFD,NORMAL,42.43266,-83.22718
SE26021300229,2026-02-13T16:59:32Z,2026-02-13T17:48:03Z,2,2026-02-13T16:16:18Z,2026-02-13T20:45:00Z,2,2,Determined upon crew arrival,In Progres,OUTAGE,Service Secondary,RFD,NORMAL,42.43084,-83.30002
SE26021300253,2026-02-13T16:59:32Z,2026-02-13T16:59:32Z,1,2026-02-13T16:29:16Z,2026-02-13T21:05:00Z,1,1,Determined upon crew arrival,In Progres,OUTAGE,Single Customer,RFD,NORMAL,42.46634,-83.20105
SE26021300256,2026-02-13T16:59:32Z,2026-02-13T17:48:03Z,2,2026-02-13T16:40:15Z,2026-02-13T21:10:00Z,1,1,Determined upon crew arrival,In Progres,OUTAGE,Single Customer,RFD,NORMAL,42.38831,-83.19709
SW26021300192,2026-02-13T16:59:32Z,2026-02-13T18:52:25Z,3,2026-02-13T15:42:54Z,2026-02-13T20:20:00Z,1,1,Determined upon crew arrival,In Progres,OUTAGE,Service Transformer,NPT,NORMAL,42.10215,-83.2923
SW26021300203,2026-02-13T16:59:32Z,2026-02-13T17:48:03Z,2,2026-02-13T15:45:45Z,2026-02-13T20:25:00Z,23,23,Determined upon crew arrival,In Progres,OUTAGE,Device (I),WWS,NORMAL,42.39865,-83.40562
SW26021300204,2026-02-13T16:59:32Z,2026-02-13T16:59:32Z,1,2026-02-13T16:00:55Z,2026-02-13T20:30:00Z,1,1,Determined upon crew arrival,In Progres,OUTAGE,Single Customer,WWS,NORMAL,42.39893,-83.40354
SW26021300205,2026-02-13T16:59:32Z,2026-02-13T16:59:32Z,1,2026-02-13T15:57:39Z,2026-02-13T20:30:00Z,1,1,Determined upon crew arrival,In Progres,OUTAGE,Single Customer,WWS,NORMAL,42.34113,-83.36386
SW26021300209,2026-02-13T16:59:32Z,2026-02-13T17:48:03Z,2,2026-02-13T15:51:50Z,2026-02-13T20:35:00Z,2,2,Determined upon crew arrival,In Progres,OUTAGE,Service Transformer,NPT,NORMAL,42.10156,-83.29239
SW26021300224,2026-02-13T16:59:32Z,2026-02-13T17:48:03Z,2,2026-02-13T16:10:27Z,2026-02-13T20:45:00Z,1,1,Determined upon crew arrival,In Progres,OUTAGE,Single Customer,WWS,NORMAL,42.33482,-83.36562
SW26021300240,2026-02-13T16:59:32Z,2026-02-13T16:59:32Z,1,2026-02-13T16:11:38Z,2026-02-13T20:55:00Z,2,2,Equipment problem,In Progres,OUTAGE,Service Transformer,ANN,NORMAL,42.24364,-83.66187
NE26021300266,2026-02-13T17:48:03Z,2026-02-13T17:48:03Z,1,2026-02-13T16:51:53Z,2026-02-13T21:20:00Z,1,1,Determined upon crew arrival,In Progres,OUTAGE,Single Customer,MTC,NORMAL,42.73092,-82.79938
NE26021300281,2026-02-13T17:48:03Z,2026-02-13T18:52:25Z,2,2026-02-13T17:05:14Z,2026-02-13T21:35:00Z,2,2,Determined upon crew arrival,In Progres,OUTAGE,Service Secondary,MAR,NORMAL,43.00221,-82.42584
NE26021300291,2026-02-13T17:48:03Z,2026-02-13T17:48:03Z,1,2026-02-13T17:17:58Z,2026-02-13T21:50:00Z,20,20,Determined upon crew arrival,In Progres,OUTAGE,Service Transformer,MTC,NORMAL,42.53243,-82.99342
NW26021300264,2026-02-13T17:48:03Z,2026-02-13T17:48:03Z,1,2026-02-13T16:48:30Z,2026-02-13T21:20:00Z,1,1,Determined upon crew arrival,In Progres,OUTAGE,Single Customer,HWL,NORMAL,42.55439,-83.73177
NW26021300272,2026-02-13T17:48:03Z,2026-02-13T20:18:28Z,4,2026-02-13T16:41:22Z,2026-02-13T21:30:00Z,1,1,Determined upon crew arrival,In Progres,OUTAGE,Single Customer,PON,NORMAL,42.55582,-83.20254
SE26021300270,2026-02-13T17:48:03Z,2026-02-13T17:48:03Z,1,2026-02-13T16:57:36Z,2026-02-13T21:30:00Z,1,1,Determined upon crew arrival,In Progres,OUTAGE,Single Customer,RFD,NORMAL,42.38883,-83.1968
SE26021300290,2026-02-13T17:48:03Z,2026-02-13T17:48:03Z,1,2026-02-13T17:17:43Z,2026-02-13T21:50:00Z,1,1,Determined upon crew arrival,In Progres,OUTAGE,Single Customer,RFD,NORMAL,42.46085,-83.14672
SE26021300295,2026-02-13T17:48:03Z,2026-02-13T18:52:25Z,2,2026-02-13T17:04:35Z,2026-02-13T21:50:00Z,2,2,Determined upon crew arrival,In Progres,OUTAGE,Service Secondary,CAN,NORMAL,42.44132,-82.96444
SE26021300300,2026-02-13T17:48:03Z,2026-02-13T17:48:03Z,1,2026-02-13T17:25:33Z,2026-02-13T21:55:00Z,1,1,Determined upon crew arrival,In Progres,OUTAGE,Single Customer,RFD,NORMAL,42.38651,-83.19306
SE26021300301,2026-02-13T17:48:03Z,2026-02-13T17:48:03Z,1,2026-02-13T17:28:39Z,,1,1,Determined upon crew arrival,In Progres,OUTAGE,Single Customer,RFD,NORMAL,42.43936,-83.29663
SW26021300288,2026-02-13T17:48:03Z,2026-02-13T21:51:39Z,6,2026-02-13T17:16:42Z,2026-02-13T21:45:00Z,1,1,Equipment problem,In Progres,OUTAGE,Single Customer,WWS,NORMAL,42.33956,-83.39323
SW26021300296,2026-02-13T17:48:03Z,2026-02-13T17:48:03Z,1,2026-02-13T17:21:26Z,2026-02-13T21:50:00Z,1,1,Determined upon crew arrival,In Progres,OUTAGE,Service Transformer,ANN,NORMAL,42.2904,-83.61972
SW26021300298,2026-02-13T17:48:03Z,2026-02-13T17:48:03Z,1,2026-02-13T17:23:03Z,2026-02-13T21:55:00Z,4,4,Determined upon crew arrival,In Progres,OUTAGE,Service Transformer,ANN,NORMAL,42.28623,-83.69176
NE26021300310,2026-02-13T18:52:25Z,2026-02-13T18:52:25Z,1,2026-02-13T17:35:05Z,2026-02-13T22:05:00Z,1,1,Determined upon crew arrival,In Progres,OUTAGE,Single Customer,MTC,NORMAL,42.73956,-82.80935
NE26021300331,2026-02-13T18:52:25Z,2026-02-13T18:52:25Z,1,2026-02-13T18:08:59Z,2026-02-13T22:40:00Z,2,2,Determined upon crew arrival,In Progres,OUTAGE,Service Transformer,LAP,NORMAL,43.29792,-83.58219
NE26021300337,2026-02-13T18:52:25Z,2026-02-13T18:52:25Z,1,2026-02-13T18:16:45Z,2026-02-13T22:45:00Z,1,1,Determined upon crew arrival,In Progres,OUTAGE,Single Customer,LAP,NORMAL,43.24974,-83.55989
NE26021300346,2026-02-13T18:52:25Z,2026-02-13T21:03:50Z,4,2026-02-13T18:10:55Z,2026-02-13T23:00:00Z,1,1,Equipment problem,In Progres,OUTAGE,Single Customer,MAR,NORMAL,43.13567,-82.9191
NW26021300320,2026-02-13T18:52:25Z,2026-02-13T18:52:25Z,1,2026-02-13T17:52:47Z,2026-02-13T22:25:00Z,1,1,Determined upon crew arrival,In Progres,OUTAGE,Single Customer,HWL,NORMAL,42.58804,-83.59428
NW26021300333,2026-02-13T18:52:25Z,2026-02-13T22:34:58Z,6,2026-02-13T18:10:03Z,2026-02-13T22:40:00Z,1,1,Determined upon crew arrival,In Progres,OUTAGE,Single Customer,PON,NORMAL,42.55575,-83.17191
SE26021300304,2026-02-13T18:52:25Z,2026-02-13T20:18:28Z,3,2026-02-13T17:13:25Z,2026-02-13T22:00:00Z,1,1,Determined upon crew arrival,In Progres,OUTAGE,Single Customer,RFD,NORMAL,42.19446,-83.18983
SE26021300314,2026-02-13T18:52:25Z,2026-02-13T18:52:25Z,1,2026-02-13T17:41:03Z,2026-02-13T22:10:00Z,1,1,Determined upon crew arrival,In Progres,OUTAGE,Single Customer,CAN,NORMAL,42.43444,-82.95412
SE26021300324,2026-02-13T18:52:25Z,2026-02-13T19:42:41Z,2,2026-02-13T18:04:51Z,2026-02-13T22:35:00Z,1,1,Determined upon crew arrival,In Progres,OUTAGE,Single Customer,RFD,NORMAL,42.38352,-83.18773
SE26021300336,2026-02-13T18:52:25Z,2026-02-13T21:51:39Z,5,2026-02-13T14:16:16Z,2026-02-13T22:45:00Z,1,1,Determined upon crew arrival,In Progres,PRIORITY,,RFD,NORMAL,42.32594,-83.21239
SE26021300350,2026-02-13T18:52:25Z,2026-02-13T21:03:50Z,4,2026-02-13T18:35:38Z,2026-02-13T23:05:00Z,2,2,Determined upon crew arrival,In Progres,OUTAGE,Service Secondary,RFD,NORMAL,42.43935,-83.30255
SE26021300355,2026-02-13T18:52:25Z,2026-02-13T18:52:25Z,1,2026-02-13T18:41:42Z,2026-02-13T23:10:00Z,1,1,Determined upon crew arrival,New,OUTAGE,Single Customer,CAN,NORMAL,42.35125,-83.06985
SE26021300356,2026-02-13T18:52:25Z,2026-02-13T21:03:50Z,4,2026-02-13T18:43:12Z,2026-02-13T23:15:00Z,1,1,Determined upon crew arrival,In Progres,OUTAGE,Single Customer,RFD,NORMAL,42.37726,-83.17498
SW26021300308,2026-02-13T18:52:25Z,2026-02-13T18:52:25Z,1,2026-02-13T17:35:18Z,2026-02-13T22:05:00Z,1,1,Determined upon crew arrival,In Progres,OUTAGE,Single Customer,WWS,NORMAL,42.30464,-83.39992
SW26021300329,2026-02-13T18:52:25Z,2026-02-13T18:52:25Z,1,2026-02-13T18:08:34Z,2026-02-13T22:40:00Z,1,1,Determined upon crew arrival,In Progres,OUTAGE,Single Customer,WWS,NORMAL,42.34122,-83.36483
SW26021300341,2026-02-13T18:52:25Z,2026-02-13T18:52:25Z,1,2026-02-13T18:07:22Z,2026-02-13T22:55:00Z,12,12,Determined upon crew arrival,In Progres,OUTAGE,Service Transformer,WWS,NORMAL,42.38436,-83.38883
SW26021300343,2026-02-13T18:52:25Z,2026-02-13T19:42:41Z,2,2026-02-13T18:24:16Z,2026-02-13T22:55:00Z,1,1,Determined upon crew arrival,In Progres,OUTAGE,Service Secondary,ANN,NORMAL,42.25491,-83.72653
SW26021300352,2026-02-13T18:52:25Z,2026-02-13T18:52:25Z,1,2026-02-13T18:40:57Z,2026-02-13T23:10:00Z,1,1,Determined upon crew arrival,New,OUTAGE,Single Customer,WWS,NORMAL,42.23845,-83.48108
SW26021300353,2026-02-13T18:52:25Z,2026-02-13T18:52:25Z,1,2026-02-13T18:41:20Z,2026-02-13T23:10:00Z,1630,1630,Determined upon crew arrival,New,OUTAGE,Substation,WWS,NORMAL,42.27302,-83.25017
SW26021300357,2026-02-13T18:52:25Z,2026-02-13T18:52:25Z,1,2026-02-13T18:29:51Z,,1,1,Determined upon crew arrival,New,OUTAGE,Single Customer,ANN,NORMAL,42.25491,-83.72653
NE26021300377,2026-02-13T19:42:41Z,2026-02-13T21:51:39Z,4,2026-02-13T19:16:45Z,2026-02-13T23:50:00Z,8,8,Animal/bird damaged DTE equip,In Progres,OUTAGE,Service Transformer,MTC,NORMAL,42.6352,-82.96095
NE26021300379,2026-02-13T19:42:41Z,2026-02-13T19:42:41Z,1,2026-02-13T19:20:57Z,2026-02-13T23:50:00Z,1,1,Determined upon crew arrival,In Progres,OUTAGE,Single Customer,MTC,NORMAL,42.73092,-82.79938
NW26021300368,2026-02-13T19:42:41Z,2026-02-13T19:42:41Z,1,2026-02-13T19:00:40Z,2026-02-13T23:35:00Z,1,1,Determined upon crew arrival,In Progres,OUTAGE,Single Customer,PON,NORMAL,42.67748,-83.30395
NW26021300383,2026-02-13T19:42:41Z,2026-02-14T04:51:40Z,9,2026-02-13T01:42:56Z,2026-02-14T11:55:00Z,1,1,Determined upon crew arrival,In Progres,OUTAGE,Single Customer,PON,NORMAL,42.65457,-83.57024
SE26021300361,2026-02-13T19:42:41Z,2026-02-13T23:44:37Z,7,2026-02-13T18:41:26Z,2026-02-14T11:20:00Z,1,1,Determined upon crew arrival,In Progres,OUTAGE,Single Customer,RFD,NORMAL,42.34522,-83.18101
SE26021300370,2026-02-13T19:42:41Z,2026-02-13T21:03:50Z,3,2026-02-13T19:06:51Z,2026-02-13T23:35:00Z,1,1,Equipment problem,In Progres,OUTAGE,Single Customer,RFD,NORMAL,42.26281,-83.19372
SE26021300380,2026-02-13T19:42:41Z,2026-02-13T20:18:28Z,2,2026-02-13T19:21:49Z,2026-02-13T23:50:00Z,1,1,Determined upon crew arrival,In Progres,OUTAGE,Single Customer,RFD,NORMAL,42.37479,-83.17247
SE26021300388,2026-02-13T19:42:41Z,2026-02-13T21:03:50Z,3,2026-02-13T19:27:13Z,2026-02-13T23:55:00Z,1,1,Determined upon crew arrival,In Progres,OUTAGE,Single Customer,RFD,NORMAL,42.25432,-83.20304
SW26021300363,2026-02-13T19:42:41Z,2026-02-13T20:18:28Z,2,2026-02-13T18:52:04Z,2026-02-13T23:20:00Z,1,1,Determined upon crew arrival,In Progres,OUTAGE,Single Customer,NPT,NORMAL,42.08653,-83.19633
SW26021300366,2026-02-13T19:42:41Z,2026-02-13T22:34:58Z,5,2026-02-13T18:57:05Z,2026-02-13T23:35:00Z,1,1,Determined upon crew arrival,In Progres,OUTAGE,Single Customer,WWS,NORMAL,42.46114,-83.38077
SW26021300371,2026-02-13T19:42:41Z,2026-02-13T21:03:50Z,3,2026-02-13T19:07:47Z,2026-02-13T23:40:00Z,1,1,Determined upon crew arrival,In Progres,OUTAGE,Single Customer,ANN,NORMAL,42.24492,-83.67771
SW26021300375,2026-02-13T19:42:41Z,2026-02-13T21:03:50Z,3,2026-02-13T19:13:53Z,2026-02-13T23:45:00Z,1,1,Determined upon crew arrival,In Progres,OUTAGE,Single Customer,ANN,NORMAL,42.24399,-83.67928
SW26021300385,2026-02-13T19:42:41Z,2026-02-13T20:18:28Z,2,2026-02-13T19:23:42Z,2026-02-13T23:55:00Z,32,32,Determined upon crew arrival,In Progres,OUTAGE,Device (I),ANN,NORMAL,42.24472,-83.67614
NE26021300392,2026-02-13T20:18:28Z,2026-02-13T23:05:32Z,5,2026-02-13T19:34:51Z,2026-02-14T00:05:00Z,1,1,Equipment problem,In Progres,OUTAGE,Single Customer,LAP,NORMAL,43.08483,-83.38412
NE26021300405,2026-02-13T20:18:28Z,2026-02-13T21:03:50Z,2,2026-02-13T19:50:59Z,2026-02-14T00:20:00Z,1,1,Determined upon crew arrival,In Progres,OUTAGE,Single Customer,NAE,NORMAL,43.43416,-82.83074
NE26021300406,2026-02-13T20:18:28Z,2026-02-13T23:44:37Z,6,2026-02-13T19:47:45Z,2026-02-14T00:20:00Z,1,1,Equipment problem,In Progres,OUTAGE,Single Customer,MAR,NORMAL,43.13065,-82.97513
NE26021300407,2026-02-13T20:18:28Z,2026-02-13T23:44:37Z,6,2026-02-13T19:57:17Z,2026-02-14T00:25:00Z,1,1,Equipment problem,In Progres,OUTAGE,Single Customer,LAP,NORMAL,43.32232,-83.34382
SE26021300394,2026-02-13T20:18:28Z,2026-02-14T03:07:39Z,7,2026-02-13T19:37:06Z,2026-02-14T12:05:00Z,1,1,Determined upon crew arrival,In Progres,OUTAGE,Single Customer,CAN,NORMAL,42.44443,-82.92052
NW26021300417,2026-02-13T21:03:50Z,2026-02-13T23:44:37Z,5,2026-02-13T20:13:40Z,2026-02-14T00:45:00Z,1,1,Equipment problem,In Progres,OUTAGE,Single Customer,PON,NORMAL,42.67814,-83.43517
NW26021300422,2026-02-13T21:03:50Z,2026-02-13T21:03:50Z,1,2026-02-13T20:18:47Z,2026-02-14T00:55:00Z,3,3,Equipment problem,In Progres,OUTAGE,Service Transformer,HWL,NORMAL,42.47697,-83.64905
SE26021300410,2026-02-13T21:03:50Z,2026-02-13T21:03:50Z,1,2026-02-13T20:00:57Z,2026-02-14T00:30:00Z,1,1,Determined upon crew arrival,In Progres,OUTAGE,Single Customer,RFD,NORMAL,42.4289,-83.30119
SE26021300419,2026-02-13T21:03:50Z,2026-02-13T23:44:37Z,5,2026-02-13T20:19:16Z,2026-02-14T00:50:00Z,1,1,Determined upon crew arrival,In Progres,OUTAGE,Single Customer,CAN,NORMAL,42.42656,-83.10274
SE26021300425,2026-02-13T21:03:50Z,2026-02-13T23:05:32Z,4,2026-02-13T20:25:53Z,2026-02-14T00:55:00Z,1,1,Equipment problem,In Progres,OUTAGE,Single Customer,RFD,NORMAL,42.32825,-83.13258
SE26021300436,2026-02-13T21:03:50Z,2026-02-14T11:23:37Z,17,2026-02-13T20:40:46Z,2026-02-14T13:10:00Z,1,1,Equipment problem,In Progres,SERVICE DOWN NO,,RFD,NORMAL,42.35601,-83.16288
SW26021300437,2026-02-13T21:03:50Z,2026-02-13T23:44:37Z,5,2026-02-13T20:25:58Z,2026-02-14T01:10:00Z,1,1,Equipment problem,In Progres,OUTAGE,Single Customer,WWS,NORMAL,42.4409,-83.45823
NE26021300451,2026-02-13T21:51:39Z,2026-02-14T10:28:28Z,14,2026-02-13T20:59:49Z,2026-02-14T13:50:00Z,1,1,Equipment problem,In Progres,OUTAGE,Single Customer,LAP,NORMAL,42.85812,-83.17388
SE26021300449,2026-02-13T21:51:39Z,2026-02-13T23:44:37Z,4,2026-02-13T21:08:14Z,2026-02-14T01:40:00Z,1,1,Determined upon crew arrival,In Progres,OUTAGE,Single Customer,RFD,NORMAL,42.41142,-83.25781
SW26021300452,2026-02-13T21:51:39Z,2026-02-13T23:05:32Z,3,2026-02-13T21:17:47Z,2026-02-14T01:50:00Z,44,44,Determined upon crew arrival,In Progres,OUTAGE,Device (I),WWS,NORMAL,42.26847,-83.35667
NE26021300464,2026-02-13T22:34:58Z,2026-02-13T22:34:58Z,1,2026-02-13T22:03:55Z,2026-02-14T02:35:00Z,1,1,Determined upon crew arrival,New,OUTAGE,Single Customer,LAP,NORMAL,42.86979,-83.22885
NW26021300462,2026-02-13T22:34:58Z,2026-02-13T23:44:37Z,3,2026-02-13T21:55:13Z,2026-02-14T02:25:00Z,1,1,Determined upon crew arrival,In Progres,OUTAGE,Single Customer,PON,NORMAL,42.55959,-83.32301
NE26021300474,2026-02-13T23:05:32Z,2026-02-14T03:07:39Z,3,2026-02-13T22:03:55Z,2026-02-14T03:05:00Z,1,1,Public Interference w/DTE equip,In Progres,SERVICE DOWN NO,,LAP,NORMAL,42.86979,-83.22885
NW26021300482,2026-02-13T23:05:32Z,2026-02-13T23:05:32Z,1,2026-02-13T22:43:12Z,,4,4,Determined upon crew arrival,New,OUTAGE,Service Transformer,SBY,NORMAL,42.67346,-83.17625
SW26021300471,2026-02-13T23:05:32Z,2026-02-13T23:44:37Z,2,2026-02-13T22:31:11Z,2026-02-14T03:00:00Z,1,1,Determined upon crew arrival,New,OUTAGE,Single Customer,WWS,NORMAL,42.29548,-83.45878
NE26021300486,2026-02-13T23:44:37Z,2026-02-13T23:44:37Z,1,2026-02-13T23:09:17Z,2026-02-14T03:40:00Z,1,1,Equipment problem,In Progres,OUTAGE,Single Customer,LAP,NORMAL,42.81037,-83.25821
NW26021300484,2026-02-13T23:44:37Z,2026-02-13T23:44:37Z,1,2026-02-13T23:04:31Z,2026-02-14T03:35:00Z,1,1,Determined upon crew arrival,In Progres,OUTAGE,Single Customer,SBY,NORMAL,42.63665,-83.09259
NE26021300514,2026-02-14T03:07:39Z,2026-02-14T05:44:57Z,3,2026-02-14T01:01:01Z,2026-02-14T05:35:00Z,1,1,Determined upon crew arrival,In Progres,OUTAGE,Single Customer,NAE,NORMAL,43.60129,-83.17742
NW26021300512,2026-02-14T03:07:39Z,2026-02-14T03:07:39Z,1,2026-02-14T01:06:33Z,2026-02-14T05:35:00Z,1,1,Determined upon crew arrival,PC3 Verifi,OUTAGE,Single Customer,PON,NORMAL,41.90879,-83.38852
NW26021300518,2026-02-14T03:07:39Z,2026-02-14T03:07:39Z,1,2026-02-14T01:09:17Z,2026-02-14T05:40:00Z,1,1,Determined upon crew arrival,PC3 Verifi,OUTAGE,Single Customer,PON,NORMAL,42.02111,-83.3974
NW26021300525,2026-02-14T03:07:39Z,2026-02-14T05:44:57Z,3,2026-02-14T01:18:28Z,2026-02-14T05:50:00Z,1,1,Equipment problem,In Progres,OUTAGE,Single Customer,PON,NORMAL,42.26987,-83.77208
NW26021300530,2026-02-14T03:07:39Z,2026-02-14T05:44:57Z,3,2026-02-14T01:29:27Z,2026-02-14T06:00:00Z,1,1,Equipment problem,In Progres,OUTAGE,Single Customer,PON,NORMAL,42.37651,-83.09509
NW26021300541,2026-02-14T03:07:39Z,2026-02-14T03:07:39Z,1,2026-02-14T01:56:43Z,2026-02-14T06:25:00Z,1,1,Determined upon crew arrival,PC3 Verifi,OUTAGE,Single Customer,PON,NORMAL,42.54532,-83.28582
NW26021300546,2026-02-14T03:07:39Z,2026-02-14T03:07:39Z,1,2026-02-14T01:09:15Z,2026-02-14T06:55:00Z,1,1,Determined upon crew arrival,PC3 Verifi,OUTAGE,Single Customer,PON,NORMAL,42.61964,-83.22749
SE26021300498,2026-02-14T03:07:39Z,2026-02-14T04:51:40Z,2,2026-02-13T23:54:36Z,2026-02-14T08:25:00Z,1,1,Determined upon crew arrival,In Progres,OUTAGE,Single Customer,CAN,NORMAL,42.37098,-83.10452
SE26021300521,2026-02-14T03:07:39Z,2026-02-14T10:28:28Z,10,2026-02-14T01:07:02Z,2026-02-14T17:45:00Z,1,1,Determined upon crew arrival,In Progres,OUTAGE,Single Customer,CAN,NORMAL,42.44151,-82.9919
SW26021300500,2026-02-14T03:07:39Z,2026-02-14T03:07:39Z,1,2026-02-14T00:00:23Z,2026-02-14T04:30:00Z,1,1,Determined upon crew arrival,In Progres,OUTAGE,Single Customer,WWS,NORMAL,42.1978,-83.24194
SW26021300537,2026-02-14T03:07:39Z,2026-02-14T03:07:39Z,1,2026-02-14T01:45:54Z,2026-02-14T06:15:00Z,1,1,Determined upon crew arrival,In Progres,OUTAGE,Single Customer,ANN,NORMAL,42.25643,-83.66277
NW26021400008,2026-02-14T06:26:54Z,2026-02-14T09:03:34Z,5,2026-02-14T05:55:04Z,2026-02-14T10:25:00Z,3,3,Equipment problem,In Progres,OUTAGE,Service Transformer,HWL,NORMAL,42.50242,-83.61706
NW26021400009,2026-02-14T06:26:54Z,2026-02-14T10:55:18Z,8,2026-02-14T05:48:33Z,2026-02-14T14:30:00Z,24,1,Public Interference w/DTE equip,In Progres,OUTAGE,Device (I),HWL,NORMAL,42.51139,-83.60631
NW26021400031,2026-02-14T06:26:54Z,2026-02-14T06:26:54Z,1,2026-02-14T06:12:08Z,,1,1,Determined upon crew arrival,New,OUTAGE,Single Customer,HWL,NORMAL,42.50749,-83.62334
SE26021400002,2026-02-14T06:26:54Z,2026-02-14T06:26:54Z,1,2026-02-14T05:39:29Z,2026-02-14T10:10:00Z,1,1,Determined upon crew arrival,PC3 Verifi,PRIORITY,,CAN,NORMAL,42.33135,-83.05039
SW26021400005,2026-02-14T06:26:54Z,2026-02-14T07:48:04Z,3,2026-02-14T05:49:30Z,2026-02-14T10:20:00Z,1,1,Determined upon crew arrival,In Progres,OUTAGE,Single Customer,WWS,NORMAL,42.48553,-83.54862
SW26021400030,2026-02-14T06:26:54Z,2026-02-14T06:26:54Z,1,2026-02-14T06:05:55Z,2026-02-14T10:35:00Z,1,1,Determined upon crew arrival,New,OUTAGE,Single Customer,WWS,NORMAL,42.49147,-83.55193
SW26021400039,2026-02-14T08:34:45Z,2026-02-14T10:28:28Z,4,2026-02-14T07:33:37Z,2026-02-14T12:10:00Z,49,49,Equipment problem,In Progres,OUTAGE,Device (I),ANN,NORMAL,42.24138,-83.72879
SW26021400040,2026-02-14T08:34:45Z,2026-02-14T09:45:51Z,3,2026-02-14T07:32:29Z,2026-02-14T12:10:00Z,36,36,Determined upon crew arrival,In Progres,OUTAGE,Device (I),WWS,NORMAL,42.19211,-83.26129
SE26021400051,2026-02-14T10:28:28Z,2026-02-14T12:52:06Z,5,2026-02-14T09:37:33Z,2026-02-14T14:20:00Z,219,219,Equipment problem,In Progres,OUTAGE,Circuit Level,CAN,NORMAL,42.34828,-83.05777
NE26021400058,2026-02-14T12:52:06Z,2026-02-14T12:52:06Z,1,2026-02-14T11:59:42Z,,1,1,Determined upon crew arrival,New,OUTAGE,Single Customer,LAP,NORMAL,43.28066,-83.27073
NE26021400064,2026-02-14T15:26:51Z,2026-02-14T16:32:15Z,3,2026-02-14T12:33:01Z,2026-02-14T17:05:00Z,1,1,Equipment problem,In Progres,OUTAGE,Single Customer,MTC,NORMAL,42.51409,-83.07838
NE26021400071,2026-02-14T15:26:51Z,2026-02-14T15:26:51Z,1,2026-02-14T12:36:27Z,2026-02-14T17:05:00Z,1,1,Equipment problem,In Progres,OUTAGE,Single Customer,MTC,NORMAL,42.50818,-83.07087
NE26021400076,2026-02-14T15:26:51Z,2026-02-14T17:02:14Z,4,2026-02-14T12:43:31Z,2026-02-14T17:15:00Z,1,1,Equipment problem,In Progres,OUTAGE,Single Customer,MTC,NORMAL,42.49361,-83.05913
NW26021400146,2026-02-14T15:26:51Z,2026-02-14T19:45:06Z,9,2026-02-14T13:04:58Z,2026-02-14T21:35:00Z,1,1,Equipment problem,In Progres,PRIORITY,,HWL,NORMAL,42.51733,-83.70317
NW26021400222,2026-02-14T15:26:51Z,2026-02-14T17:42:18Z,5,2026-02-14T00:14:02Z,2026-02-14T18:05:00Z,1,1,Equipment problem,In Progres,OUTAGE,Single Customer,PON,NORMAL,42.55465,-83.1254
NW26021400234,2026-02-14T15:26:51Z,2026-02-14T15:26:51Z,1,2026-02-14T13:52:51Z,2026-02-14T18:25:00Z,80,80,Equipment problem,In Progres,OUTAGE,Device (I),PON,NORMAL,42.6176,-83.24545
NW26021400236,2026-02-14T15:26:51Z,2026-02-14T16:32:15Z,3,2026-02-14T13:54:12Z,2026-02-14T18:25:00Z,1,1,Equipment problem,In Progres,OUTAGE,Single Customer,PON,NORMAL,42.61841,-83.39246
SE26021400065,2026-02-14T15:26:51Z,2026-02-14T15:50:34Z,2,2026-02-14T12:34:37Z,2026-02-14T17:05:00Z,1,1,Determined upon crew arrival,In Progres,OUTAGE,Single Customer,RFD,NORMAL,42.49147,-83.12067
SE26021400155,2026-02-14T15:26:51Z,2026-02-14T23:26:11Z,17,2026-02-14T13:30:20Z,2026-02-15T06:00:00Z,1,1,Equipment problem,In Progres,SERVICE DOWN NO,,RFD,NORMAL,42.41337,-83.27356
SW26021400148,2026-02-14T15:26:51Z,2026-02-14T16:32:15Z,3,2026-02-14T13:06:31Z,2026-02-14T17:35:00Z,1,1,Determined upon crew arrival,In Progres,OUTAGE,Single Customer,NPT,NORMAL,42.10938,-83.23126
SW26021400251,2026-02-14T15:26:51Z,2026-02-14T19:45:06Z,9,2026-02-14T14:10:32Z,2026-02-15T06:40:00Z,1,1,Equipment problem,Pending,OUTAGE,Single Customer,WWS,NORMAL,42.21813,-83.42435
SW26021400268,2026-02-14T15:26:51Z,2026-02-14T17:58:15Z,6,2026-02-14T14:17:08Z,2026-02-14T18:50:00Z,1,1,Equipment problem,Pending,OUTAGE,Single Customer,ANN,NORMAL,42.29932,-83.72309
NW26021400301,2026-02-14T15:50:34Z,2026-02-14T15:50:34Z,1,2026-02-14T15:27:45Z,2026-02-14T20:00:00Z,1,1,Determined upon crew arrival,In Progres,OUTAGE,Service Secondary,PON,NORMAL,42.56078,-83.10217
NW26021400303,2026-02-14T15:50:34Z,2026-02-14T19:24:53Z,7,2026-02-14T15:31:48Z,2026-02-14T20:00:00Z,1,1,Equipment problem,In Progres,OUTAGE,Single Customer,PON,NORMAL,42.6041,-83.35473
NW26021400307,2026-02-14T15:50:34Z,2026-02-14T19:24:53Z,7,2026-02-13T22:04:56Z,2026-02-14T20:10:00Z,1,1,Equipment problem,In Progres,OUTAGE,Single Customer,PON,NORMAL,42.61747,-83.49537
NW26021400313,2026-02-14T15:50:34Z,2026-02-14T18:48:52Z,6,2026-02-14T15:21:22Z,2026-02-14T20:15:00Z,13,13,Determined upon crew arrival,In Progres,OUTAGE,Service Transformer,PON,NORMAL,42.56078,-83.10217
SE26021400299,2026-02-14T15:50:34Z,2026-02-14T17:02:14Z,3,2026-02-14T13:32:23Z,2026-02-14T19:55:00Z,1,1,Determined upon crew arrival,In Progres,OUTAGE,Single Customer,RFD,NORMAL,42.4021,-83.29892
NE26021400315,2026-02-14T16:32:15Z,2026-02-14T22:28:45Z,13,2026-02-14T15:49:37Z,2026-02-15T08:20:00Z,1,1,Equipment problem,In Progres,OUTAGE,Single Customer,MAR,NORMAL,42.9415,-82.49714
NW26021400322,2026-02-14T16:32:15Z,2026-02-14T17:02:14Z,2,2026-02-14T15:57:47Z,2026-02-14T20:35:00Z,1,1,Determined upon crew arrival,Pending,OUTAGE,Single Customer,HWL,NORMAL,42.54985,-83.79017
SE26021400324,2026-02-14T16:32:15Z,2026-02-14T17:02:14Z,2,2026-02-14T15:51:53Z,2026-02-14T20:40:00Z,1,1,Determined upon crew arrival,New,OUTAGE,Single Customer,RFD,NORMAL,42.39743,-83.29462
SW26021400318,2026-02-14T16:32:15Z,2026-02-14T16:32:15Z,1,2026-02-14T15:46:42Z,2026-02-14T20:25:00Z,3,3,Determined upon crew arrival,In Progres,OUTAGE,Service Transformer,WWS,NORMAL,42.36666,-83.37076
SW26021400320,2026-02-14T16:32:15Z,2026-02-14T16:32:15Z,1,2026-02-14T15:46:41Z,2026-02-14T20:30:00Z,4,4,Determined upon crew arrival,In Progres,OUTAGE,Service Transformer,WWS,NORMAL,42.3676,-83.37025
NE26021400338,2026-02-14T17:02:14Z,2026-02-14T19:57:44Z,7,2026-02-14T16:19:24Z,2026-02-14T20:50:00Z,1,1,Determined upon crew arrival,In Progres,SERVICE DOWN NO,,LAP,NORMAL,43.05332,-83.33055
NW26021400370,2026-02-14T17:02:14Z,2026-02-14T17:02:14Z,1,2026-02-14T16:34:46Z,2026-02-14T21:05:00Z,1,1,Determined upon crew arrival,New,OUTAGE,Single Customer,PON,NORMAL,42.68623,-83.27473
NW26021400379,2026-02-14T17:02:14Z,2026-02-14T17:02:14Z,1,2026-02-14T16:37:13Z,2026-02-14T21:05:00Z,1,1,Determined upon crew arrival,New,OUTAGE,Single Customer,PON,NORMAL,42.56089,-83.1011
NW26021400380,2026-02-14T17:02:14Z,2026-02-14T17:02:14Z,1,2026-02-14T16:37:30Z,2026-02-14T21:10:00Z,1,1,Determined upon crew arrival,New,OUTAGE,Single Customer,PON,NORMAL,42.68741,-83.27377
NW26021400384,2026-02-14T17:02:14Z,2026-02-14T17:02:14Z,1,2026-02-14T16:29:59Z,2026-02-14T21:10:00Z,1,1,Determined upon crew arrival,New,OUTAGE,Single Customer,PON,NORMAL,42.68861,-83.2787
NW26021400387,2026-02-14T17:02:14Z,2026-02-14T17:02:14Z,1,2026-02-14T16:25:01Z,2026-02-14T21:10:00Z,1,1,Determined upon crew arrival,New,OUTAGE,Single Customer,PON,NORMAL,42.69238,-83.269
NW26021400392,2026-02-14T17:02:14Z,2026-02-14T17:02:14Z,1,2026-02-14T16:43:15Z,,1,1,Determined upon crew arrival,New,OUTAGE,Single Customer,PON,NORMAL,42.68542,-83.27905
SE26021400390,2026-02-14T17:02:14Z,2026-02-14T18:48:52Z,4,2026-02-14T16:40:25Z,2026-02-14T21:10:00Z,16,16,Determined upon crew arrival,In Progres,OUTAGE,Service Transformer,RFD,NORMAL,42.44844,-83.08919
SW26021400340,2026-02-14T17:02:14Z,2026-02-14T17:42:18Z,2,2026-02-14T16:21:23Z,2026-02-14T20:50:00Z,1,1,Determined upon crew arrival,In Progres,OUTAGE,Service Secondary,ANN,NORMAL,42.22569,-83.59402
NE26021400400,2026-02-14T17:42:18Z,2026-02-14T19:57:44Z,6,2026-02-14T16:51:17Z,2026-02-14T21:25:00Z,88,25,Determined upon crew arrival,In Progres,OUTAGE,Device (II),LAP,NORMAL,42.88953,-82.99952
NE26021400406,2026-02-14T17:42:18Z,2026-02-14T17:42:18Z,1,2026-02-14T16:54:19Z,2026-02-14T21:25:00Z,2,2,Determined upon crew arrival,In Progres,OUTAGE,Service Transformer,LAP,NORMAL,43.29792,-83.58219
NW26021400398,2026-02-14T17:42:18Z,2026-02-14T17:42:18Z,1,2026-02-14T16:50:34Z,2026-02-14T21:20:00Z,1,1,Determined upon crew arrival,In Progres,OUTAGE,Single Customer,SBY,NORMAL,42.68051,-83.16893
NW26021400419,2026-02-14T17:42:18Z,2026-02-14T17:58:15Z,2,2026-02-14T15:57:47Z,2026-02-14T21:30:00Z,1,1,Determined upon crew arrival,In Progres,OUTAGE,Single Customer,HWL,NORMAL,42.54992,-83.79028
NW26021400424,2026-02-14T17:42:18Z,2026-02-14T17:42:18Z,1,2026-02-14T17:12:58Z,,1,1,Determined upon crew arrival,New,OUTAGE,Single Customer,PON,NORMAL,42.56079,-83.10278
SE26021400415,2026-02-14T17:42:18Z,2026-02-15T02:26:24Z,15,2026-02-14T16:57:29Z,2026-02-15T09:25:00Z,1,1,Public Interference w/DTE equip,In Progres,SERVICE DOWN NO,,RFD,NORMAL,42.31709,-83.1751
SE26021400416,2026-02-14T17:42:18Z,2026-02-14T17:42:18Z,1,2026-02-14T13:32:23Z,2026-02-14T21:30:00Z,1,1,Determined upon crew arrival,In Progres,OUTAGE,Single Customer,RFD,NORMAL,42.4021,-83.29892
SE26021400417,2026-02-14T17:42:18Z,2026-02-14T19:24:53Z,4,2026-02-14T13:32:23Z,2026-02-14T21:30:00Z,1,1,Determined upon crew arrival,In Progres,OUTAGE,Single Customer,RFD,NORMAL,42.39743,-83.29462
SE26021400418,2026-02-14T17:42:18Z,2026-02-14T19:45:06Z,5,2026-02-14T13:32:23Z,2026-02-14T21:30:00Z,1,1,Determined upon crew arrival,New,OUTAGE,Single Customer,RFD,NORMAL,42.42403,-83.28889
NW26021400444,2026-02-14T17:58:15Z,2026-02-14T17:58:15Z,1,2026-02-14T17:28:03Z,,2,2,Determined upon crew arrival,New,OUTAGE,Service Transformer,HWL,NORMAL,42.64876,-83.8642
SE26021400442,2026-02-14T17:58:15Z,2026-02-15T02:26:24Z,14,2026-02-14T17:40:22Z,2026-02-15T10:10:00Z,1,1,Determined upon crew arrival,In Progres,OUTAGE,Single Customer,RFD,NORMAL,42.51277,-83.12597
SW26021400431,2026-02-14T17:58:15Z,2026-02-14T18:48:52Z,2,2026-02-14T17:16:19Z,2026-02-14T21:50:00Z,22,22,Determined upon crew arrival,In Progres,OUTAGE,Device (I),WWS,NORMAL,42.40119,-83.44939
SW26021400438,2026-02-14T17:58:15Z,2026-02-14T18:48:52Z,2,2026-02-14T17:30:30Z,2026-02-14T22:00:00Z,1,1,Equipment problem,In Progres,OUTAGE,Single Customer,ANN,NORMAL,42.33954,-83.8778
SW26021400443,2026-02-14T17:58:15Z,2026-02-15T02:26:24Z,14,2026-02-14T17:41:28Z,2026-02-15T10:10:00Z,1,1,Public Interference w/DTE equip,In Progres,OUTAGE,Single Customer,WWS,NORMAL,42.28476,-83.35909
NW26021400458,2026-02-14T18:48:52Z,2026-02-14T18:48:52Z,1,2026-02-14T18:09:01Z,2026-02-14T22:40:00Z,62,62,Determined upon crew arrival,In Progres,OUTAGE,Device (I),SBY,NORMAL,42.549,-83.02256
NW26021400469,2026-02-14T18:48:52Z,2026-02-14T21:56:23Z,8,2026-02-14T18:06:45Z,2026-02-14T22:45:00Z,1,1,Equipment problem,In Progres,OUTAGE,Single Customer,PON,NORMAL,42.86528,-83.52419
NW26021400560,2026-02-14T19:24:53Z,2026-02-14T19:24:53Z,1,2026-02-14T18:59:39Z,,1,1,Determined upon crew arrival,New,OUTAGE,Single Customer,PON,NORMAL,42.67793,-83.25723
SE26021400546,2026-02-14T19:24:53Z,2026-02-14T22:53:08Z,9,2026-02-14T18:45:50Z,2026-02-14T23:15:00Z,1,1,Determined upon crew arrival,In Progres,OUTAGE,Single Customer,CAN,NORMAL,42.3601,-83.06963
SE26021400549,2026-02-14T19:24:53Z,2026-02-14T22:53:08Z,9,2026-02-14T18:48:42Z,2026-02-14T23:20:00Z,8,8,Equipment problem,In Progres,OUTAGE,Service Transformer,RFD,NORMAL,42.24482,-83.1442
SE26021400566,2026-02-14T19:45:06Z,2026-02-14T19:45:06Z,1,2026-02-14T19:14:53Z,,1,1,Determined upon crew arrival,New,OUTAGE,Single Customer,RFD,NORMAL,42.21305,-83.21194
SE26021400567,2026-02-14T19:45:06Z,2026-02-14T19:45:06Z,1,2026-02-14T19:29:52Z,,1,1,Determined upon crew arrival,New,OUTAGE,Single Customer,RFD,NORMAL,42.43942,-83.14434
SW26021400563,2026-02-14T19:45:06Z,2026-02-14T19:57:44Z,2,2026-02-14T19:19:48Z,2026-02-14T23:55:00Z,4,4,Equipment problem,In Progres,OUTAGE,Service Transformer,ANN,NORMAL,42.22278,-83.56341
NW26021400570,2026-02-14T19:57:44Z,2026-02-16T15:02:24Z,55,2026-02-14T18:47:12Z,2026-02-16T16:10:00Z,1,1,Equipment problem,In Progres,PRIORITY,,PON,NORMAL,42.69473,-83.2746
SE26021400571,2026-02-14T19:57:44Z,2026-02-14T19:57:44Z,1,2026-02-14T19:26:07Z,2026-02-15T00:10:00Z,1,1,Determined upon crew arrival,New,OUTAGE,Single Customer,RFD,NORMAL,42.21305,-83.21194
NE26021400607,2026-02-14T20:36:03Z,2026-02-14T23:48:58Z,8,2026-02-14T20:22:50Z,2026-02-15T01:00:00Z,25,25,Animal/bird damaged DTE equip,In Progres,OUTAGE,Device (I),NAE,NORMAL,43.4648,-83.43378
NW26021400575,2026-02-14T20:36:03Z,2026-02-14T22:53:08Z,6,2026-02-14T19:49:50Z,2026-02-15T00:20:00Z,453,67,Equipment problem,In Progres,OUTAGE,Device (I),PON,NORMAL,42.55734,-83.54497
NW26021400578,2026-02-14T20:36:03Z,2026-02-14T23:48:58Z,8,2026-02-14T19:52:10Z,2026-02-15T00:20:00Z,1,1,Equipment problem,In Progres,OUTAGE,Single Customer,SBY,NORMAL,42.6901,-83.13103
NW26021400592,2026-02-14T20:36:03Z,2026-02-14T22:28:45Z,5,2026-02-14T20:14:44Z,2026-02-15T00:45:00Z,1,1,Determined upon crew arrival,In Progres,OUTAGE,Single Customer,HWL,NORMAL,42.47034,-83.68764
NW26021400595,2026-02-14T20:36:03Z,2026-02-14T20:36:03Z,1,2026-02-14T20:08:15Z,2026-02-15T00:55:00Z,4,4,Determined upon crew arrival,New,OUTAGE,Service Transformer,PON,NORMAL,42.52315,-83.53521
NW26021400596,2026-02-14T20:36:03Z,2026-02-14T20:36:03Z,1,2026-02-14T20:08:13Z,2026-02-15T00:55:00Z,134,134,Determined upon crew arrival,New,OUTAGE,Device (I),PON,NORMAL,42.5261,-83.52329
NW26021400598,2026-02-14T20:36:03Z,2026-02-14T20:36:03Z,1,2026-02-14T20:08:15Z,2026-02-15T00:55:00Z,2,2,Determined upon crew arrival,New,OUTAGE,Service Secondary,PON,NORMAL,42.52563,-83.53138
NW26021400599,2026-02-14T20:36:03Z,2026-02-14T20:36:03Z,1,2026-02-14T20:08:15Z,2026-02-15T00:55:00Z,2,2,Determined upon crew arrival,New,OUTAGE,Service Secondary,PON,NORMAL,42.52499,-83.53291
NW26021400600,2026-02-14T20:36:03Z,2026-02-14T20:36:03Z,1,2026-02-14T20:08:14Z,2026-02-15T00:55:00Z,39,39,Determined upon crew arrival,New,OUTAGE,Device (I),PON,NORMAL,42.52543,-83.53435
SW26021400605,2026-02-14T20:36:03Z,2026-02-14T21:33:25Z,3,2026-02-14T20:25:53Z,2026-02-15T00:55:00Z,1,1,Determined upon crew arrival,In Progres,OUTAGE,Single Customer,WWS,NORMAL,42.44382,-83.33462
SW26021400608,2026-02-14T20:36:03Z,2026-02-14T20:58:44Z,2,2026-02-14T20:28:10Z,2026-02-15T01:00:00Z,1,1,Equipment problem,In Progres,OUTAGE,Single Customer,WWS,NORMAL,42.19979,-83.26877
NE26021400613,2026-02-14T20:58:44Z,2026-02-14T20:58:44Z,1,2026-02-14T20:39:56Z,2026-02-15T01:10:00Z,32,32,Determined upon crew arrival,In Progres,OUTAGE,Device (II),MAR,NORMAL,42.83129,-82.505
NE26021400615,2026-02-14T20:58:44Z,2026-02-14T20:58:44Z,1,2026-02-14T20:40:28Z,2026-02-15T01:10:00Z,1,1,Determined upon crew arrival,In Progres,OUTAGE,Single Customer,MAR,NORMAL,42.83092,-82.50823
NE26021400616,2026-02-14T20:58:44Z,2026-02-14T20:58:44Z,1,2026-02-14T20:41:13Z,2026-02-15T01:10:00Z,2,2,Determined upon crew arrival,In Progres,OUTAGE,Service Secondary,MAR,NORMAL,42.82864,-82.4993
NE26021400618,2026-02-14T20:58:44Z,2026-02-14T21:56:23Z,3,2026-02-14T20:36:42Z,2026-02-15T01:10:00Z,171,43,Determined upon crew arrival,In Progres,OUTAGE,Device (II),MAR,NORMAL,42.83048,-82.50538
NE26021400619,2026-02-14T20:58:44Z,2026-02-14T20:58:44Z,1,2026-02-14T20:42:26Z,,1,1,Determined upon crew arrival,In Progres,OUTAGE,Single Customer,MAR,NORMAL,42.83165,-82.51949
NE26021400620,2026-02-14T20:58:44Z,2026-02-14T20:58:44Z,1,2026-02-14T20:43:24Z,,1,1,Determined upon crew arrival,In Progres,OUTAGE,Single Customer,MAR,NORMAL,42.83154,-82.50202
NE26021400621,2026-02-14T20:58:44Z,2026-02-14T20:58:44Z,1,2026-02-14T20:43:39Z,,1,1,Determined upon crew arrival,In Progres,OUTAGE,Single Customer,MAR,NORMAL,42.83552,-82.52361
NE26021400622,2026-02-14T20:58:44Z,2026-02-14T20:58:44Z,1,2026-02-14T20:44:06Z,,1,1,Determined upon crew arrival,New,OUTAGE,Single Customer,MAR,NORMAL,42.83166,-82.497
NE26021400623,2026-02-14T20:58:44Z,2026-02-14T20:58:44Z,1,2026-02-14T20:44:18Z,,1,1,Determined upon crew arrival,New,OUTAGE,Single Customer,MAR,NORMAL,42.83004,-82.50183
NE26021400624,2026-02-14T20:58:44Z,2026-02-14T20:58:44Z,1,2026-02-14T20:44:20Z,,1,1,Determined upon crew arrival,New,OUTAGE,Single Customer,MAR,NORMAL,42.82964,-82.49902
NE26021400648,2026-02-14T21:33:25Z,2026-02-14T23:48:58Z,6,2026-02-14T18:18:47Z,2026-02-15T01:45:00Z,1,1,Determined upon crew arrival,Pending,OUTAGE,Single Customer,MTC,NORMAL,42.86459,-82.89042
SE26021400656,2026-02-14T21:56:23Z,2026-02-15T22:52:50Z,37,2026-02-14T20:31:51Z,2026-02-16T02:00:00Z,1,1,Determined upon crew arrival,In Progres,SERVICE DOWN NO,,RFD,NORMAL,42.35164,-83.19072
SE26021400659,2026-02-14T21:56:23Z,2026-02-14T21:56:23Z,1,2026-02-14T21:27:33Z,,1,1,Determined upon crew arrival,New,OUTAGE,Single Customer,RFD,NORMAL,42.21305,-83.21194
NW26021400661,2026-02-14T22:28:45Z,2026-02-14T23:48:58Z,4,2026-02-14T21:44:48Z,2026-02-15T02:15:00Z,13,13,Equipment problem,In Progres,OUTAGE,Service Transformer,PON,NORMAL,42.6385,-83.21404
NW26021400666,2026-02-14T22:28:45Z,2026-02-14T23:48:58Z,4,2026-02-14T22:03:04Z,2026-02-15T02:35:00Z,1,1,Equipment problem,In Progres,OUTAGE,Single Customer,PON,NORMAL,42.52307,-83.52493
SW26021400668,2026-02-14T22:28:45Z,2026-02-14T22:28:45Z,1,2026-02-14T17:13:27Z,,1,1,Determined upon crew arrival,New,OUTAGE,Single Customer,WWS,NORMAL,42.36489,-83.36388
NW26021400671,2026-02-14T22:53:08Z,2026-02-14T23:48:58Z,3,2026-02-14T22:17:21Z,2026-02-15T02:50:00Z,29,29,Determined upon crew arrival,In Progres,OUTAGE,Device (I),HWL,NORMAL,42.44467,-83.65316
NW26021400679,2026-02-14T22:53:08Z,2026-02-14T23:48:58Z,3,2026-02-14T22:41:18Z,2026-02-15T03:10:00Z,749,606,Equipment problem,In Progres,OUTAGE,Device (II),PON,NORMAL,42.69274,-83.37673
NW26021400686,2026-02-14T23:26:11Z,2026-02-14T23:48:58Z,2,2026-02-14T22:54:48Z,2026-02-15T03:25:00Z,1,1,Determined upon crew arrival,In Progres,PRIORITY,,PON,NORMAL,42.69111,-83.36377
NW26021400696,2026-02-14T23:26:11Z,2026-02-14T23:26:11Z,1,2026-02-14T22:54:28Z,2026-02-15T03:30:00Z,9,9,Determined upon crew arrival,New,OUTAGE,Service Transformer,PON,NORMAL,42.60861,-83.24671
NW26021400706,2026-02-14T23:48:58Z,2026-02-14T23:48:58Z,1,2026-02-14T23:18:37Z,2026-02-15T03:50:00Z,1,1,Determined upon crew arrival,New,OUTAGE,Single Customer,PON,NORMAL,42.68838,-83.38083
SE26021400708,2026-02-14T23:48:58Z,2026-02-14T23:48:58Z,1,2026-02-14T23:08:57Z,2026-02-15T03:55:00Z,2,2,Determined upon crew arrival,New,OUTAGE,Service Transformer,RFD,NORMAL,42.21305,-83.21194
NW26021400720,2026-02-15T02:26:24Z,2026-02-15T10:55:45Z,11,2026-02-14T19:49:55Z,2026-02-15T12:30:00Z,7,7,Equipment problem,In Progres,OUTAGE,Service Transformer,PON,NORMAL,42.5561,-83.54308
SW26021400721,2026-02-15T02:26:24Z,2026-02-15T02:26:24Z,1,2026-02-14T23:58:58Z,2026-02-15T04:30:00Z,279,279,Equipment problem,In Progres,OUTAGE,Device (II),WWS,NORMAL,42.23314,-83.38128
SW26021400745,2026-02-15T02:26:24Z,2026-02-15T02:26:24Z,1,2026-02-14T21:24:51Z,2026-02-15T05:40:00Z,1,1,Determined upon crew arrival,In Progres,OUTAGE,Single Customer,NPT,NORMAL,42.08178,-83.30115
SW26021400749,2026-02-15T02:26:24Z,2026-02-15T11:45:41Z,13,2026-02-15T01:24:59Z,2026-02-15T17:55:00Z,1,1,Problem with the customer equip,Pending,OUTAGE,Single Customer,WWS,NORMAL,42.36489,-83.36388
SW26021400750,2026-02-15T02:26:24Z,2026-02-15T13:47:02Z,15,2026-02-15T01:03:40Z,2026-02-15T14:00:00Z,1,1,Determined upon crew arrival,In Progres,PRIORITY,,WWS,NORMAL,42.22579,-83.38081
SW26021400757,2026-02-15T02:26:24Z,2026-02-15T02:26:24Z,1,2026-02-15T02:02:34Z,2026-02-15T06:35:00Z,1,1,Determined upon crew arrival,In Progres,OUTAGE,Single Customer,WWS,NORMAL,42.21948,-83.3793
SE26021400771,2026-02-15T04:33:56Z,2026-02-15T06:33:36Z,3,2026-02-15T03:32:08Z,2026-02-15T08:20:00Z,1,1,Determined upon crew arrival,In Progres,OUTAGE,Single Customer,CAN,NORMAL,42.36861,-83.08996
SE26021400773,2026-02-15T04:33:56Z,2026-02-15T15:50:28Z,18,2026-02-15T03:33:40Z,2026-02-15T20:30:00Z,1,1,Equipment problem,In Progres,OUTAGE,Single Customer,CAN,NORMAL,42.39147,-83.04979
SE26021400775,2026-02-15T04:33:56Z,2026-02-15T04:33:56Z,1,2026-02-15T03:56:49Z,2026-02-15T08:40:00Z,2,2,Determined upon crew arrival,New,OUTAGE,Service Transformer,RFD,NORMAL,42.21305,-83.21194
SW26021400763,2026-02-15T04:33:56Z,2026-02-15T07:27:12Z,4,2026-02-15T02:52:23Z,2026-02-15T07:20:00Z,1,1,Determined upon crew arrival,PC3 Verifi,OUTAGE,Single Customer,WWS,NORMAL,42.23311,-83.37523
NW26021500006,2026-02-15T05:44:01Z,2026-02-15T07:57:45Z,4,2026-02-14T16:18:20Z,2026-02-15T09:45:00Z,1,1,Determined upon crew arrival,Pending,OUTAGE,Single Customer,PON,NORMAL,42.68544,-83.28196
SE26021400778,2026-02-15T05:44:01Z,2026-02-15T17:02:29Z,19,2026-02-15T04:34:51Z,2026-02-15T21:05:00Z,1,1,Determined upon crew arrival,In Progres,OUTAGE,Single Customer,RFD,NORMAL,42.43369,-83.24804
SE26021500012,2026-02-15T05:44:01Z,2026-02-15T05:44:01Z,1,2026-02-15T05:10:51Z,2026-02-15T09:55:00Z,2,2,Determined upon crew arrival,New,OUTAGE,Service Transformer,RFD,NORMAL,42.21305,-83.21194
NW26021500040,2026-02-15T09:15:32Z,2026-02-15T09:15:32Z,1,2026-02-15T08:44:53Z,,1,1,Determined upon crew arrival,New,OUTAGE,Single Customer,SBY,NORMAL,42.63972,-83.18726
SE26021500039,2026-02-15T09:15:32Z,2026-02-15T09:15:32Z,1,2026-02-15T08:44:30Z,,1,1,Determined upon crew arrival,New,OUTAGE,Single Customer,RFD,NORMAL,42.21305,-83.21194
NW26021500048,2026-02-15T10:55:45Z,2026-02-15T10:55:45Z,1,2026-02-15T10:14:41Z,,1,1,Determined upon crew arrival,New,OUTAGE,Single Customer,SBY,NORMAL,42.63972,-83.18726
NW26021500071,2026-02-15T12:54:03Z,2026-02-15T13:47:02Z,2,2026-02-15T12:40:33Z,2026-02-15T17:15:00Z,122,122,Equipment problem,In Progres,OUTAGE,Device (I),HWL,NORMAL,42.51954,-83.74057
SE26021500072,2026-02-15T12:54:03Z,2026-02-15T12:54:03Z,1,2026-02-15T12:29:41Z,2026-02-15T17:15:00Z,1,1,Determined upon crew arrival,New,OUTAGE,Single Customer,RFD,NORMAL,42.21305,-83.21194
NW26021500075,2026-02-15T13:47:02Z,2026-02-15T13:47:02Z,1,2026-02-15T12:40:33Z,2026-02-15T17:15:00Z,10,10,Equipment problem,In Progres,OUTAGE,Service Transformer,HWL,NORMAL,42.52011,-83.73837
NW26021500079,2026-02-15T13:47:02Z,2026-02-15T15:50:28Z,5,2026-02-15T13:15:32Z,2026-02-15T17:45:00Z,1,1,Determined upon crew arrival,In Progres,OUTAGE,Single Customer,HWL,NORMAL,42.59846,-83.86642
NW26021500080,2026-02-15T13:47:02Z,2026-02-15T17:42:52Z,8,2026-02-15T13:16:56Z,2026-02-15T17:45:00Z,1,1,Equipment problem,In Progres,OUTAGE,Single Customer,HWL,NORMAL,42.64876,-83.8642
NW26021500083,2026-02-15T13:47:02Z,2026-02-15T13:47:02Z,1,2026-02-15T13:11:29Z,2026-02-15T17:55:00Z,1,1,Determined upon crew arrival,In Progres,OUTAGE,Single Customer,SBY,NORMAL,42.63972,-83.18726
SE26021500084,2026-02-15T13:47:02Z,2026-02-15T13:47:02Z,1,2026-02-15T13:13:04Z,,10,10,Determined upon crew arrival,New,OUTAGE,Device (I),RFD,NORMAL,42.49774,-83.30394
NW26021500090,2026-02-15T14:28:41Z,2026-02-15T14:28:41Z,1,2026-02-15T13:55:58Z,2026-02-15T18:40:00Z,1,1,Determined upon crew arrival,New,OUTAGE,Single Customer,SBY,NORMAL,42.63972,-83.18726
NW26021500091,2026-02-15T14:28:41Z,2026-02-15T14:28:41Z,1,2026-02-15T14:15:10Z,,1,1,Determined upon crew arrival,New,OUTAGE,Single Customer,PON,NORMAL,42.68875,-83.27278
NW26021500092,2026-02-15T14:28:41Z,2026-02-15T17:02:29Z,6,2026-02-15T14:15:26Z,2026-02-15T18:45:00Z,1,1,Equipment problem,In Progres,OUTAGE,Single Customer,SBY,NORMAL,42.69475,-83.17018
SW26021500087,2026-02-15T14:28:41Z,2026-02-15T17:02:29Z,6,2026-02-15T13:57:16Z,2026-02-15T18:25:00Z,1,1,Determined upon crew arrival,In Progres,OUTAGE,Single Customer,WWS,NORMAL,42.25892,-83.37877
NW26021500093,2026-02-15T14:55:52Z,2026-02-15T17:59:45Z,7,2026-02-15T14:16:52Z,2026-02-15T18:45:00Z,1,1,Determined upon crew arrival,In Progres,PRIORITY,,SBY,NORMAL,42.62876,-82.98803
SW26021500097,2026-02-15T14:55:52Z,2026-02-15T15:28:41Z,2,2026-02-15T12:14:57Z,2026-02-15T19:00:00Z,1,1,Determined upon crew arrival,In Progres,OUTAGE,Single Customer,WWS,NORMAL,42.27899,-83.296
NE26021500098,2026-02-15T15:28:41Z,2026-02-15T15:50:28Z,2,2026-02-15T14:51:35Z,2026-02-15T19:20:00Z,1,1,Equipment problem,In Progres,OUTAGE,Single Customer,MTC,NORMAL,42.65784,-82.84537
NW26021500099,2026-02-15T15:28:41Z,2026-02-15T17:59:45Z,6,2026-02-15T14:44:48Z,2026-02-15T19:25:00Z,2,2,Determined upon crew arrival,In Progres,OUTAGE,Service Transformer,HWL,NORMAL,42.45888,-83.74526
NE26021500103,2026-02-15T15:50:28Z,2026-02-15T18:50:59Z,6,2026-02-15T15:09:19Z,2026-02-15T19:40:00Z,1,1,Equipment problem,In Progres,OUTAGE,Single Customer,LAP,NORMAL,42.98184,-83.1609
NE26021500116,2026-02-15T15:50:28Z,2026-02-15T17:59:45Z,5,2026-02-15T15:31:57Z,2026-02-15T20:00:00Z,1,1,Problem with the customer equip,Pending,OUTAGE,Single Customer,NAE,NORMAL,43.8007,-83.00789
NE26021500117,2026-02-15T15:50:28Z,2026-02-15T16:32:25Z,2,2026-02-15T15:31:39Z,2026-02-15T20:05:00Z,174,174,Equipment problem,Pending,OUTAGE,Device (II),MTC,NORMAL,42.65919,-82.58185
NW26021500105,2026-02-15T15:50:28Z,2026-02-15T17:59:45Z,5,2026-02-15T15:22:40Z,2026-02-15T19:55:00Z,1,1,Determined upon crew arrival,In Progres,OUTAGE,Single Customer,SBY,NORMAL,42.63473,-83.15632
NW26021500108,2026-02-15T15:50:28Z,2026-02-15T20:54:07Z,10,2026-02-15T15:24:54Z,2026-02-16T07:55:00Z,1,1,Equipment problem,In Progres,OUTAGE,Single Customer,PON,NORMAL,42.68981,-83.37377
NW26021500110,2026-02-15T15:50:28Z,2026-02-15T17:02:29Z,3,2026-02-15T15:21:27Z,2026-02-15T19:55:00Z,10,10,Equipment problem,In Progres,OUTAGE,Device (II),SBY,NORMAL,42.83043,-83.06781
NW26021500111,2026-02-15T15:50:28Z,2026-02-15T17:42:52Z,4,2026-02-15T15:27:56Z,2026-02-15T20:00:00Z,1,1,Determined upon crew arrival,In Progres,OUTAGE,Single Customer,HWL,NORMAL,42.47998,-83.89475
NW26021500121,2026-02-15T15:50:28Z,2026-02-15T15:50:28Z,1,2026-02-15T15:27:42Z,,1,1,Determined upon crew arrival,New,OUTAGE,Single Customer,SBY,NORMAL,42.63972,-83.18726
SE26021500114,2026-02-15T15:50:28Z,2026-02-15T19:26:23Z,7,2026-02-15T15:31:45Z,2026-02-15T20:00:00Z,1,1,Equipment problem,Pending,OUTAGE,Single Customer,RFD,NORMAL,42.49232,-83.30131
SW26021500101,2026-02-15T15:50:28Z,2026-02-15T16:32:25Z,2,2026-02-15T15:01:00Z,2026-02-15T19:35:00Z,2,2,Determined upon crew arrival,In Progres,OUTAGE,Service Secondary,WWS,NORMAL,42.33998,-83.36852
SW26021500113,2026-02-15T15:50:28Z,2026-02-15T16:32:25Z,2,2026-02-15T15:30:19Z,2026-02-15T20:00:00Z,1,1,Equipment problem,In Progres,OUTAGE,Single Customer,ANN,NORMAL,42.29911,-83.72651
SW26021500124,2026-02-15T16:32:25Z,2026-02-15T16:32:25Z,1,2026-02-15T15:52:12Z,2026-02-15T20:20:00Z,2,2,Determined upon crew arrival,In Progres,OUTAGE,Service Secondary,ANN,NORMAL,42.3772,-83.66371
NE26021500142,2026-02-15T17:02:29Z,2026-02-15T17:02:29Z,1,2026-02-15T16:43:54Z,,1,1,Determined upon crew arrival,New,OUTAGE,Single Customer,MTC,NORMAL,42.66015,-82.57634
NW26021500138,2026-02-15T17:02:29Z,2026-02-15T18:50:59Z,4,2026-02-15T15:52:12Z,2026-02-15T21:05:00Z,2,2,Determined upon crew arrival,In Progres,OUTAGE,Service Transformer,HWL,NORMAL,42.44974,-83.66743
SW26021500140,2026-02-15T17:02:29Z,2026-02-15T17:42:52Z,2,2026-02-15T16:37:46Z,2026-02-15T21:10:00Z,10,10,Determined upon crew arrival,In Progres,OUTAGE,Service Transformer,WWS,NORMAL,42.3435,-83.31648
NW26021500171,2026-02-15T17:42:52Z,2026-02-15T20:29:07Z,6,2026-02-15T17:07:31Z,2026-02-15T21:40:00Z,2,2,Equipment problem,In Progres,OUTAGE,Service Secondary,PON,NORMAL,42.62193,-83.36395
NW26021500173,2026-02-15T17:42:52Z,2026-02-15T17:42:52Z,1,2026-02-15T17:14:32Z,2026-02-15T21:45:00Z,1,1,Determined upon crew arrival,New,OUTAGE,Single Customer,SBY,NORMAL,42.58879,-83.02743
SE26021500174,2026-02-15T17:42:52Z,2026-02-15T19:46:58Z,5,2026-02-15T17:15:29Z,2026-02-15T21:45:00Z,1,1,Equipment problem,In Progres,OUTAGE,Single Customer,RFD,NORMAL,42.47511,-83.25773
SW26021500176,2026-02-15T17:59:45Z,2026-02-15T18:50:59Z,2,2026-02-15T17:27:50Z,2026-02-15T22:05:00Z,5,5,Equipment problem,In Progres,OUTAGE,Service Transformer,WWS,NORMAL,42.4997,-83.48778
NE26021500180,2026-02-15T18:50:59Z,2026-02-15T19:26:23Z,2,2026-02-15T17:47:04Z,2026-02-15T22:20:00Z,13,13,Equipment problem,Pending,OUTAGE,Device (I),LAP,NORMAL,42.96767,-83.37987
NE26021500195,2026-02-15T18:50:59Z,2026-02-15T20:29:07Z,4,2026-02-15T18:14:43Z,2026-02-15T22:45:00Z,1,1,Equipment problem,In Progres,OUTAGE,Single Customer,MAR,NORMAL,43.01261,-82.92751
NW26021500179,2026-02-15T18:50:59Z,2026-02-15T20:54:07Z,5,2026-02-15T16:38:10Z,2026-02-15T22:20:00Z,1,1,Equipment problem,Pending,OUTAGE,Single Customer,SBY,NORMAL,42.63972,-83.18726
SE26021500186,2026-02-15T18:50:59Z,2026-02-15T22:52:50Z,9,2026-02-15T17:58:15Z,2026-02-16T10:30:00Z,1,1,Equipment problem,In Progres,OUTAGE,Single Customer,RFD,NORMAL,42.42728,-83.21089
SE26021500192,2026-02-15T18:50:59Z,2026-02-15T19:26:23Z,2,2026-02-15T18:14:21Z,2026-02-15T22:45:00Z,1,1,Determined upon crew arrival,New,OUTAGE,Single Customer,RFD,NORMAL,42.35897,-83.18985
SW26021500185,2026-02-15T18:50:59Z,2026-02-15T19:46:58Z,3,2026-02-15T17:56:56Z,2026-02-15T22:25:00Z,1,1,Equipment problem,In Progres,OUTAGE,Single Customer,WWS,NORMAL,42.47156,-83.45079
NE26021500203,2026-02-15T19:26:23Z,2026-02-15T21:49:11Z,6,2026-02-15T18:54:57Z,2026-02-15T23:25:00Z,1,1,Equipment problem,In Progres,OUTAGE,Single Customer,MTC,NORMAL,42.74028,-82.78541
SE26021500205,2026-02-15T19:26:23Z,2026-02-16T02:22:58Z,11,2026-02-15T19:04:37Z,2026-02-16T11:35:00Z,1,1,Equipment problem,In Progres,OUTAGE,Single Customer,RFD,NORMAL,42.53316,-83.10739
SE26021500213,2026-02-15T19:46:58Z,2026-02-15T21:49:11Z,5,2026-02-15T13:13:04Z,2026-02-15T23:55:00Z,1,1,Equipment problem,In Progres,OUTAGE,Single Customer,RFD,NORMAL,42.49753,-83.30366
NE26021500221,2026-02-15T20:29:07Z,2026-02-15T23:53:13Z,8,2026-02-15T20:08:37Z,2026-02-16T00:40:00Z,1,1,Equipment problem,In Progres,OUTAGE,Single Customer,MAR,NORMAL,42.96626,-82.7065
SE26021500227,2026-02-15T20:54:07Z,2026-02-15T22:52:50Z,5,2026-02-15T18:00:23Z,2026-02-16T01:05:00Z,1,1,Equipment problem,In Progres,OUTAGE,Single Customer,RFD,NORMAL,42.27429,-83.18154
SW26021500222,2026-02-15T20:54:07Z,2026-02-15T21:49:11Z,3,2026-02-15T20:12:46Z,2026-02-16T00:45:00Z,1,1,Equipment problem,In Progres,OUTAGE,Single Customer,WWS,NORMAL,42.36708,-83.40287
SE26021500234,2026-02-15T21:26:33Z,2026-02-16T02:22:58Z,7,2026-02-15T21:02:33Z,2026-02-16T13:35:00Z,1,1,Determined upon crew arrival,In Progres,SERVICE DOWN NO,,CAN,NORMAL,42.42904,-83.13269
SE26021500238,2026-02-15T21:26:33Z,2026-02-15T21:26:33Z,1,2026-02-15T20:57:30Z,,1,1,Determined upon crew arrival,New,OUTAGE,Single Customer,RFD,NORMAL,42.21305,-83.21194
NE26021500239,2026-02-15T21:49:11Z,2026-02-15T22:52:50Z,3,2026-02-15T21:17:35Z,2026-02-16T01:50:00Z,8,8,Determined upon crew arrival,In Progres,OUTAGE,Service Transformer,NAE,NORMAL,43.34956,-83.08658
SE26021500241,2026-02-15T21:49:11Z,2026-02-15T21:49:11Z,1,2026-02-15T21:13:14Z,,2,2,Determined upon crew arrival,New,OUTAGE,Service Transformer,RFD,NORMAL,42.21305,-83.21194
NE26021500251,2026-02-15T22:26:00Z,2026-02-15T23:53:13Z,4,2026-02-15T21:50:59Z,2026-02-16T02:30:00Z,1,1,Determined upon crew arrival,In Progres,SERVICE DOWN NO,,MTC,NORMAL,42.52543,-82.87336
SW26021500245,2026-02-15T22:26:00Z,2026-02-15T23:28:19Z,3,2026-02-15T21:47:37Z,2026-02-16T02:20:00Z,1,1,Determined upon crew arrival,In Progres,OUTAGE,Single Customer,WWS,NORMAL,42.36708,-83.40287
NW26021500257,2026-02-15T22:52:50Z,2026-02-16T02:22:58Z,4,2026-02-15T22:38:52Z,2026-02-16T03:10:00Z,1,1,Determined upon crew arrival,In Progres,OUTAGE,Single Customer,HWL,NORMAL,42.63576,-83.92725
SE26021500258,2026-02-15T22:52:50Z,2026-02-15T22:52:50Z,1,2026-02-15T22:29:29Z,,2,2,Determined upon crew arrival,New,OUTAGE,Service Transformer,RFD,NORMAL,42.21305,-83.21194
SE26021500263,2026-02-15T23:28:19Z,2026-02-15T23:28:19Z,1,2026-02-15T22:57:26Z,,1,1,Determined upon crew arrival,New,OUTAGE,Single Customer,RFD,NORMAL,42.21305,-83.21194
NW26021500272,2026-02-16T02:22:58Z,2026-02-16T02:22:58Z,1,2026-02-15T23:41:53Z,2026-02-16T04:25:00Z,3,3,Determined upon crew arrival,In Progres,OUTAGE,Service Transformer,HWL,NORMAL,42.62294,-83.72968
SE26021500277,2026-02-16T02:22:58Z,2026-02-16T04:36:55Z,2,2026-02-16T00:12:53Z,2026-02-16T04:45:00Z,37,37,Determined upon crew arrival,In Progres,OUTAGE,Service Transformer,RFD,NORMAL,42.40061,-83.1943
SE26021500278,2026-02-16T02:22:58Z,2026-02-16T15:02:24Z,12,2026-02-16T00:17:46Z,2026-02-16T16:50:00Z,1,1,Determined upon crew arrival,In Progres,OUTAGE,Single Customer,RFD,NORMAL,42.46742,-83.132
SW26021500271,2026-02-16T02:22:58Z,2026-02-16T21:02:00Z,20,2026-02-15T23:53:24Z,2026-02-17T04:25:00Z,1,1,Equipment problem,In Progres,OUTAGE,Single Customer,ANN,NORMAL,42.21422,-83.72846
SW26021500285,2026-02-16T02:22:58Z,2026-02-19T03:15:35Z,73,2026-02-16T00:25:44Z,2026-02-19T04:55:00Z,1,1,Problem with the customer equip,In Progres,PRIORITY,,WWS,NORMAL,42.25524,-83.4437
NW26021600006,2026-02-16T05:56:28Z,2026-02-16T05:56:28Z,1,2026-02-16T05:29:35Z,,1,1,Determined upon crew arrival,New,OUTAGE,Single Customer,PON,NORMAL,42.55306,-83.50072
SW26021600007,2026-02-16T07:10:22Z,2026-02-16T09:06:47Z,3,2026-02-16T05:52:18Z,2026-02-16T10:20:00Z,19,19,Equipment problem,In Progres,OUTAGE,Service Transformer,WWS,NORMAL,42.52185,-83.49941
SW26021600012,2026-02-16T07:10:22Z,2026-02-16T10:11:31Z,4,2026-02-16T06:54:51Z,2026-02-16T11:25:00Z,1,1,Equipment problem,In Progres,OUTAGE,Single Customer,NPT,NORMAL,42.12982,-83.2583
SE26021600017,2026-02-16T08:00:56Z,2026-02-16T08:00:56Z,1,2026-02-16T07:31:42Z,2026-02-16T12:00:00Z,1,1,Determined upon crew arrival,New,OUTAGE,Single Customer,CAN,NORMAL,42.31399,-83.09523
NE26021600031,2026-02-16T11:54:41Z,2026-02-16T15:57:29Z,5,2026-02-16T11:20:36Z,2026-02-16T16:00:00Z,1,1,Equipment problem,In Progres,OUTAGE,Single Customer,LAP,NORMAL,42.9947,-83.34057
NW26021600029,2026-02-16T11:54:41Z,2026-02-16T15:02:24Z,4,2026-02-16T11:12:52Z,2026-02-16T15:45:00Z,6,6,Equipment problem,In Progres,OUTAGE,Service Transformer,SBY,NORMAL,42.78911,-83.01821
NW26021600032,2026-02-16T11:54:41Z,2026-02-16T11:54:41Z,1,2026-02-16T11:35:20Z,2026-02-16T16:05:00Z,1,1,Determined upon crew arrival,New,OUTAGE,Single Customer,SBY,NORMAL,42.80911,-83.05123
NW26021600033,2026-02-16T11:54:41Z,2026-02-16T21:02:00Z,12,2026-02-16T11:40:59Z,2026-02-17T04:10:00Z,1,1,Equipment problem,In Progres,OUTAGE,Single Customer,PON,NORMAL,42.67359,-83.66765
NW26021600040,2026-02-16T13:06:35Z,2026-02-16T14:11:23Z,2,2026-02-16T12:31:48Z,2026-02-16T17:00:00Z,1,1,Determined upon crew arrival,In Progres,PRIORITY,,HWL,NORMAL,42.51733,-83.70317
NW26021600070,2026-02-16T14:11:23Z,2026-02-16T18:22:32Z,6,2026-02-15T15:24:54Z,2026-02-17T06:05:00Z,1,1,Equipment problem,Pending,OUTAGE,Single Customer,PON,NORMAL,42.68981,-83.37377
SE26021600082,2026-02-16T14:11:23Z,2026-02-16T15:57:29Z,3,2026-02-16T13:53:10Z,2026-02-16T18:25:00Z,1,1,Determined upon crew arrival,In Progres,OUTAGE,Single Customer,RFD,NORMAL,42.3815,-83.1718
SW26021600058,2026-02-16T14:11:23Z,2026-02-16T15:02:24Z,2,2026-02-16T13:17:48Z,2026-02-16T17:50:00Z,1,1,Determined upon crew arrival,In Progres,OUTAGE,Service Secondary,ANN,NORMAL,42.25668,-83.72769
SW26021600061,2026-02-16T14:11:23Z,2026-02-16T19:46:12Z,8,2026-02-16T13:19:33Z,2026-02-16T21:50:00Z,8,8,Equipment problem,Pending,OUTAGE,Service Transformer,ANN,NORMAL,42.31253,-83.78067
NE26021600106,2026-02-16T15:02:24Z,2026-02-16T16:55:18Z,3,2026-02-16T14:14:13Z,2026-02-16T18:45:00Z,2,2,Determined upon crew arrival,In Progres,OUTAGE,Service Transformer,NAE,NORMAL,43.82806,-83.28792
NE26021600123,2026-02-16T15:02:24Z,2026-02-16T15:57:29Z,2,2026-02-16T14:20:56Z,2026-02-16T18:50:00Z,1,1,Determined upon crew arrival,In Progres,OUTAGE,Single Customer,MTC,NORMAL,42.48264,-82.94499
NE26021600127,2026-02-16T15:02:24Z,2026-02-16T16:55:18Z,3,2026-02-16T14:23:03Z,2026-02-16T18:55:00Z,1,1,Public Interference w/DTE equip,In Progres,OUTAGE,Single Customer,MTC,NORMAL,42.55172,-82.89168
NE26021600137,2026-02-16T15:02:24Z,2026-02-16T15:57:29Z,2,2026-02-16T14:31:17Z,2026-02-16T19:00:00Z,19,19,Determined upon crew arrival,In Progres,OUTAGE,Service Transformer,MTC,NORMAL,42.47584,-82.9472
NE26021600138,2026-02-16T15:02:24Z,2026-02-16T15:02:24Z,1,2026-02-16T14:33:34Z,2026-02-16T19:05:00Z,1,1,Determined upon crew arrival,In Progres,OUTAGE,Single Customer,MTC,NORMAL,42.4601,-83.01316
NE26021600145,2026-02-16T15:02:24Z,2026-02-16T15:57:29Z,2,2026-02-16T14:27:41Z,2026-02-16T19:15:00Z,1,1,Determined upon crew arrival,In Progres,OUTAGE,Single Customer,MTC,NORMAL,42.48337,-82.9445
NE26021600147,2026-02-16T15:02:24Z,2026-02-16T17:38:29Z,4,2026-02-16T14:43:15Z,2026-02-16T19:15:00Z,1,1,Determined upon crew arrival,In Progres,OUTAGE,Single Customer,NAE,NORMAL,43.49508,-83.39169
NE26021600149,2026-02-16T15:02:24Z,2026-02-16T18:22:32Z,5,2026-02-16T14:45:01Z,2026-02-16T19:15:00Z,1,1,Determined upon crew arrival,In Progres,PRIORITY,,MTC,NORMAL,42.46613,-82.99426
NW26021600134,2026-02-16T15:02:24Z,2026-02-16T15:57:29Z,2,2026-02-16T14:27:28Z,2026-02-16T19:00:00Z,3,3,Determined upon crew arrival,In Progres,OUTAGE,Service Transformer,PON,NORMAL,42.68139,-83.31016
SE26021600088,2026-02-16T15:02:24Z,2026-02-16T15:02:24Z,1,2026-02-16T13:57:21Z,2026-02-16T18:35:00Z,6,6,Determined upon crew arrival,In Progres,OUTAGE,Service Transformer,RFD,NORMAL,42.48774,-83.25528
SE26021600089,2026-02-16T15:02:24Z,2026-02-16T15:02:24Z,1,2026-02-16T13:57:06Z,2026-02-16T18:35:00Z,2,2,Determined upon crew arrival,In Progres,OUTAGE,Service Secondary,RFD,NORMAL,42.48919,-83.25533
SE26021600107,2026-02-16T15:02:24Z,2026-02-17T16:58:52Z,28,2026-02-16T14:14:16Z,2026-02-17T18:45:00Z,1,1,Equipment problem,In Progres,OUTAGE,Single Customer,RFD,NORMAL,42.49352,-83.17385
SE26021600124,2026-02-16T15:02:24Z,2026-02-16T15:57:29Z,2,2026-02-16T14:21:34Z,2026-02-16T18:50:00Z,1,1,Determined upon crew arrival,In Progres,OUTAGE,Single Customer,RFD,NORMAL,42.43122,-83.29885
SE26021600126,2026-02-16T15:02:24Z,2026-02-16T19:10:16Z,6,2026-02-16T14:20:38Z,2026-02-17T06:50:00Z,1,1,Determined upon crew arrival,In Progres,OUTAGE,Single Customer,RFD,NORMAL,42.31541,-83.2785
SE26021600142,2026-02-16T15:02:24Z,2026-02-16T16:55:18Z,3,2026-02-16T14:40:51Z,2026-02-16T19:10:00Z,2,2,Determined upon crew arrival,In Progres,OUTAGE,Service Secondary,CAN,NORMAL,42.43362,-82.95613
SW26021600091,2026-02-16T15:02:24Z,2026-02-16T15:02:24Z,1,2026-02-16T14:03:58Z,2026-02-16T18:35:00Z,1,1,Determined upon crew arrival,In Progres,OUTAGE,Single Customer,ANN,NORMAL,42.25763,-83.72932
SW26021600095,2026-02-16T15:02:24Z,2026-02-16T16:55:18Z,3,2026-02-16T14:05:32Z,2026-02-16T18:35:00Z,1,1,Equipment problem,In Progres,OUTAGE,Single Customer,WWS,NORMAL,42.19093,-83.45211
SW26021600099,2026-02-16T15:02:24Z,2026-02-16T15:02:24Z,1,2026-02-16T14:01:57Z,2026-02-16T18:35:00Z,8,8,Determined upon crew arrival,In Progres,OUTAGE,Service Transformer,WWS,NORMAL,42.16898,-83.43006
SW26021600101,2026-02-16T15:02:24Z,2026-02-16T15:02:24Z,1,2026-02-16T14:07:18Z,2026-02-16T18:35:00Z,1,1,Determined upon crew arrival,Pending,OUTAGE,Single Customer,ANN,NORMAL,42.23629,-83.568
SW26021600139,2026-02-16T15:02:24Z,2026-02-16T15:57:29Z,2,2026-02-16T14:34:02Z,2026-02-16T19:05:00Z,1,1,Determined upon crew arrival,In Progres,OUTAGE,Service Secondary,ANN,NORMAL,42.28129,-83.78744
NE26021600170,2026-02-16T15:57:29Z,2026-02-16T16:55:18Z,2,2026-02-16T14:58:33Z,2026-02-16T19:30:00Z,3,3,Determined upon crew arrival,In Progres,OUTAGE,Service Transformer,MAR,NORMAL,42.99523,-82.45667
NE26021600212,2026-02-16T15:57:29Z,2026-02-16T15:57:29Z,1,2026-02-16T15:35:30Z,2026-02-16T20:05:00Z,1,1,Determined upon crew arrival,New,OUTAGE,Single Customer,MTC,NORMAL,42.46348,-82.98201
NE26021600219,2026-02-16T15:57:29Z,2026-02-16T23:59:55Z,13,2026-02-16T15:40:26Z,2026-02-17T08:10:00Z,1,1,Determined upon crew arrival,In Progres,OUTAGE,Service Secondary,MAR,NORMAL,43.00227,-82.43751
NE26021600220,2026-02-16T15:57:29Z,2026-02-16T23:59:55Z,13,2026-02-16T15:41:24Z,2026-02-17T08:10:00Z,1,1,Determined upon crew arrival,In Progres,OUTAGE,Device (I),MAR,NORMAL,43.00227,-82.43751
NE26021600221,2026-02-16T15:57:29Z,2026-02-16T15:57:29Z,1,2026-02-16T15:41:50Z,2026-02-16T20:10:00Z,1,1,Determined upon crew arrival,In Progres,OUTAGE,Single Customer,LAP,NORMAL,43.29969,-83.58225
NW26021600213,2026-02-16T15:57:29Z,2026-02-16T16:55:18Z,2,2026-02-16T15:35:41Z,2026-02-16T20:05:00Z,1,1,Determined upon crew arrival,In Progres,OUTAGE,Single Customer,HWL,NORMAL,42.5531,-83.76937
SE26021600156,2026-02-16T15:57:29Z,2026-02-16T16:55:18Z,2,2026-02-16T14:48:57Z,2026-02-16T19:20:00Z,18,18,Determined upon crew arrival,In Progres,OUTAGE,Service Transformer,RFD,NORMAL,42.25433,-83.20586
SE26021600159,2026-02-16T15:57:29Z,2026-02-16T18:22:32Z,4,2026-02-15T19:08:50Z,2026-02-16T19:20:00Z,1,1,Equipment problem,In Progres,OUTAGE,Single Customer,RFD,NORMAL,42.48793,-83.14238
SE26021600163,2026-02-16T15:57:29Z,2026-02-16T15:57:29Z,1,2026-02-16T14:52:55Z,2026-02-16T19:25:00Z,1,1,Determined upon crew arrival,In Progres,OUTAGE,Single Customer,RFD,NORMAL,42.44036,-83.29429
SE26021600168,2026-02-16T15:57:29Z,2026-02-16T15:57:29Z,1,2026-02-16T14:57:14Z,2026-02-16T19:25:00Z,1,1,Determined upon crew arrival,In Progres,OUTAGE,Single Customer,RFD,NORMAL,42.38931,-83.19559
SE26021600199,2026-02-16T15:57:29Z,2026-02-16T15:57:29Z,1,2026-02-16T15:07:08Z,2026-02-16T19:55:00Z,1,1,Determined upon crew arrival,New,OUTAGE,Single Customer,RFD,NORMAL,42.37699,-83.23564
SE26021600200,2026-02-16T15:57:29Z,2026-02-16T16:55:18Z,2,2026-02-16T15:25:36Z,2026-02-16T19:55:00Z,1,1,Determined upon crew arrival,In Progres,OUTAGE,Single Customer,RFD,NORMAL,42.43308,-83.30623
SE26021600201,2026-02-16T15:57:29Z,2026-02-16T16:55:18Z,2,2026-02-16T01:53:50Z,2026-02-16T19:55:00Z,37,37,Equipment problem,In Progres,OUTAGE,Service Transformer,RFD,NORMAL,42.40061,-83.1943
SW26021600162,2026-02-16T15:57:29Z,2026-02-16T15:57:29Z,1,2026-02-16T14:36:19Z,2026-02-16T19:20:00Z,9,9,Determined upon crew arrival,In Progres,OUTAGE,Service Transformer,ANN,NORMAL,42.28129,-83.78744
SW26021600177,2026-02-16T15:57:29Z,2026-02-16T15:57:29Z,1,2026-02-16T14:49:45Z,2026-02-16T19:35:00Z,2,2,Determined upon crew arrival,In Progres,OUTAGE,Service Transformer,ANN,NORMAL,42.1113,-83.73596
SW26021600203,2026-02-16T15:57:29Z,2026-02-16T15:57:29Z,1,2026-02-16T15:27:48Z,2026-02-16T20:00:00Z,2,2,Determined upon crew arrival,In Progres,OUTAGE,Service Secondary,WWS,NORMAL,42.30507,-83.39868
SW26021600207,2026-02-16T15:57:29Z,2026-02-16T16:55:18Z,2,2026-02-16T15:31:24Z,2026-02-16T20:00:00Z,25,25,Equipment problem,In Progres,OUTAGE,Device (I),ANN,NORMAL,42.26511,-83.56913
SW26021600209,2026-02-16T15:57:29Z,2026-02-16T19:10:16Z,5,2026-02-16T15:32:58Z,2026-02-16T20:05:00Z,1,1,Determined upon crew arrival,In Progres,OUTAGE,Single Customer,NPT,NORMAL,42.10338,-83.29005
SW26021600217,2026-02-16T15:57:29Z,2026-02-16T16:55:18Z,2,2026-02-16T15:37:42Z,2026-02-16T20:10:00Z,1,1,Determined upon crew arrival,In Progres,OUTAGE,Service Secondary,WWS,NORMAL,42.38598,-83.38896
SW26021600218,2026-02-16T15:57:29Z,2026-02-16T16:55:18Z,2,2026-02-16T15:38:55Z,2026-02-16T20:10:00Z,1,1,Determined upon crew arrival,In Progres,OUTAGE,Service Secondary,WWS,NORMAL,42.32486,-83.4043
NE26021600230,2026-02-16T16:55:18Z,2026-02-16T16:55:18Z,1,2026-02-16T15:40:41Z,2026-02-16T20:25:00Z,10,10,Determined upon crew arrival,In Progres,OUTAGE,Service Transformer,MTC,NORMAL,42.62888,-82.61264
NE26021600231,2026-02-16T16:55:18Z,2026-02-16T16:55:18Z,1,2026-02-16T15:53:53Z,2026-02-16T20:25:00Z,8,8,Determined upon crew arrival,In Progres,OUTAGE,Service Transformer,MAR,NORMAL,43.01142,-82.46145
NE26021600242,2026-02-16T16:55:18Z,2026-02-16T18:22:32Z,3,2026-02-16T16:01:45Z,2026-02-16T20:35:00Z,4,4,Equipment problem,In Progres,OUTAGE,Device (I),MAR,NORMAL,42.83319,-82.52943
NE26021600252,2026-02-16T16:55:18Z,2026-02-16T16:55:18Z,1,2026-02-16T16:12:21Z,2026-02-16T20:40:00Z,1,1,Determined upon crew arrival,In Progres,OUTAGE,Single Customer,MTC,NORMAL,42.62851,-82.61222
NE26021600256,2026-02-16T16:55:18Z,2026-02-16T18:22:32Z,3,2026-02-16T16:15:17Z,2026-02-16T20:45:00Z,1,1,Equipment problem,In Progres,OUTAGE,Single Customer,MTC,NORMAL,42.45753,-82.93009
NE26021600286,2026-02-16T16:55:18Z,2026-02-16T16:55:18Z,1,2026-02-16T16:42:38Z,,1,1,Determined upon crew arrival,In Progres,OUTAGE,Single Customer,NAE,NORMAL,43.30876,-83.58276
NW26021600238,2026-02-16T16:55:18Z,2026-02-16T16:55:18Z,1,2026-02-16T16:00:47Z,2026-02-16T20:30:00Z,1,1,Determined upon crew arrival,In Progres,OUTAGE,Single Customer,HWL,NORMAL,42.64285,-83.7999
NW26021600243,2026-02-16T16:55:18Z,2026-02-16T17:38:29Z,2,2026-02-16T16:06:20Z,2026-02-16T20:35:00Z,1,1,Determined upon crew arrival,In Progres,OUTAGE,Single Customer,PON,NORMAL,42.67748,-83.30395
NW26021600272,2026-02-16T16:55:18Z,2026-02-16T16:55:18Z,1,2026-02-16T16:28:48Z,2026-02-16T21:00:00Z,2,2,Determined upon crew arrival,In Progres,OUTAGE,Service Secondary,HWL,NORMAL,42.56191,-83.79286
NW26021600287,2026-02-16T16:55:18Z,2026-02-16T18:22:32Z,3,2026-02-16T16:34:47Z,2026-02-16T21:15:00Z,3,3,Determined upon crew arrival,In Progres,OUTAGE,Service Transformer,HWL,NORMAL,42.69378,-84.2692
SE26021600232,2026-02-16T16:55:18Z,2026-02-16T16:55:18Z,1,2026-02-16T15:53:35Z,2026-02-16T20:25:00Z,1,1,Determined upon crew arrival,In Progres,OUTAGE,Single Customer,CAN,NORMAL,42.43037,-83.01221
SE26021600236,2026-02-16T16:55:18Z,2026-02-16T19:46:12Z,5,2026-02-16T15:59:31Z,2026-02-16T20:30:00Z,37,37,Determined upon crew arrival,In Progres,OUTAGE,Service Transformer,CAN,NORMAL,42.42012,-83.13744
SE26021600237,2026-02-16T16:55:18Z,2026-02-16T22:48:51Z,10,2026-02-16T16:00:09Z,2026-02-17T08:30:00Z,1,1,Equipment problem,In Progres,OUTAGE,Single Customer,RFD,NORMAL,42.52093,-83.19043
SE26021600241,2026-02-16T16:55:18Z,2026-02-16T19:46:12Z,5,2026-02-16T16:03:26Z,2026-02-16T20:35:00Z,16,16,Determined upon crew arrival,In Progres,OUTAGE,Service Transformer,RFD,NORMAL,42.25526,-83.20031
SE26021600246,2026-02-16T16:55:18Z,2026-02-16T16:55:18Z,1,2026-02-16T16:07:07Z,2026-02-16T20:35:00Z,17,17,Determined upon crew arrival,In Progres,OUTAGE,Service Transformer,RFD,NORMAL,42.44004,-83.30145
SE26021600258,2026-02-16T16:55:18Z,2026-02-16T17:38:29Z,2,2026-02-16T16:15:28Z,2026-02-16T20:45:00Z,2,2,Determined upon crew arrival,In Progres,OUTAGE,Service Secondary,RFD,NORMAL,42.43282,-83.311
SE26021600259,2026-02-16T16:55:18Z,2026-02-16T22:00:59Z,9,2026-02-16T16:16:29Z,2026-02-17T08:45:00Z,1,1,Energy theft,In Progres,OUTAGE,Single Customer,CAN,NORMAL,42.32819,-83.11391
SE26021600268,2026-02-16T16:55:18Z,2026-02-16T19:10:16Z,4,2026-02-16T16:24:11Z,2026-02-16T20:55:00Z,2,2,Determined upon crew arrival,In Progres,OUTAGE,Service Secondary,RFD,NORMAL,42.31267,-83.11904
SE26021600270,2026-02-16T16:55:18Z,2026-02-16T19:10:16Z,4,2026-02-16T16:26:26Z,2026-02-16T20:55:00Z,1,1,Determined upon crew arrival,In Progres,OUTAGE,Service Secondary,RFD,NORMAL,42.44332,-83.20525
SW26021600224,2026-02-16T16:55:18Z,2026-02-16T17:38:29Z,2,2026-02-16T15:47:58Z,2026-02-16T20:20:00Z,13,13,Determined upon crew arrival,In Progres,OUTAGE,Service Transformer,ANN,NORMAL,42.22569,-83.59402
SW26021600228,2026-02-16T16:55:18Z,2026-02-16T20:33:54Z,6,2026-02-16T15:51:23Z,2026-02-16T20:20:00Z,1,1,Determined upon crew arrival,In Progres,OUTAGE,Single Customer,WWS,NORMAL,42.32941,-83.36835
SW26021600233,2026-02-16T16:55:18Z,2026-02-16T17:38:29Z,2,2026-02-16T15:55:19Z,2026-02-16T20:25:00Z,14,14,Determined upon crew arrival,In Progres,OUTAGE,Service Transformer,WWS,NORMAL,42.40038,-83.39921
SW26021600239,2026-02-16T16:55:18Z,2026-02-16T18:22:32Z,3,2026-02-16T16:01:39Z,2026-02-16T20:30:00Z,1,1,Determined upon crew arrival,In Progres,OUTAGE,Service Secondary,ANN,NORMAL,42.27485,-83.75284
SW26021600262,2026-02-16T16:55:18Z,2026-02-16T17:38:29Z,2,2026-02-16T16:12:22Z,2026-02-16T20:50:00Z,1,1,Determined upon crew arrival,In Progres,OUTAGE,Service Secondary,ANN,NORMAL,42.38709,-83.64679
SW26021600276,2026-02-16T16:55:18Z,2026-02-16T17:38:29Z,2,2026-02-16T16:37:11Z,2026-02-16T21:05:00Z,6,6,Determined upon crew arrival,In Progres,OUTAGE,Service Transformer,ANN,NORMAL,42.25681,-83.72967
SW26021600281,2026-02-16T16:55:18Z,2026-02-16T16:55:18Z,1,2026-02-16T16:38:43Z,2026-02-16T21:10:00Z,1,1,Determined upon crew arrival,In Progres,OUTAGE,Single Customer,NPT,NORMAL,42.06151,-83.25152
SW26021600282,2026-02-16T16:55:18Z,2026-02-16T16:55:18Z,1,2026-02-16T16:39:20Z,2026-02-16T21:10:00Z,1,1,Determined upon crew arrival,New,OUTAGE,Single Customer,WWS,NORMAL,42.38598,-83.38896
NE26021600315,2026-02-16T17:38:29Z,2026-02-16T22:48:51Z,9,2026-02-16T17:21:37Z,2026-02-17T09:55:00Z,1,1,Equipment problem,In Progres,OUTAGE,Single Customer,MAR,NORMAL,43.18649,-82.86104
NE26021600320,2026-02-16T17:38:29Z,2026-02-16T19:46:12Z,4,2026-02-16T17:28:47Z,2026-02-16T22:00:00Z,1,1,Determined upon crew arrival,In Progres,OUTAGE,Single Customer,NAE,NORMAL,43.41143,-82.83003
NE26021600323,2026-02-16T17:38:29Z,2026-02-16T17:38:29Z,1,2026-02-16T17:29:40Z,,3,3,Determined upon crew arrival,New,OUTAGE,Service Transformer,MAR,NORMAL,43.00615,-82.45799
NW26021600297,2026-02-16T17:38:29Z,2026-02-16T20:33:54Z,5,2026-02-16T16:52:44Z,2026-02-16T21:25:00Z,1,1,Determined upon crew arrival,In Progres,OUTAGE,Single Customer,HWL,NORMAL,42.55787,-83.78164
SE26021600302,2026-02-16T17:38:29Z,2026-02-16T19:10:16Z,3,2026-02-16T17:00:32Z,2026-02-16T21:30:00Z,1,1,Determined upon crew arrival,In Progres,OUTAGE,Single Customer,RFD,NORMAL,42.25365,-83.20648
SE26021600303,2026-02-16T17:38:29Z,2026-02-16T19:46:12Z,4,2026-02-16T17:00:42Z,2026-02-16T21:30:00Z,1,1,Determined upon crew arrival,In Progres,OUTAGE,Single Customer,RFD,NORMAL,42.438,-83.29422
SE26021600308,2026-02-16T17:38:29Z,2026-02-16T19:46:12Z,4,2026-02-16T17:16:53Z,2026-02-16T21:45:00Z,1,1,Determined upon crew arrival,In Progres,OUTAGE,Single Customer,RFD,NORMAL,42.3122,-83.11806
SE26021600313,2026-02-16T17:38:29Z,2026-02-16T18:22:32Z,2,2026-02-16T17:22:09Z,2026-02-16T21:50:00Z,1,1,Determined upon crew arrival,In Progres,OUTAGE,Single Customer,RFD,NORMAL,42.3789,-83.17012
SE26021600318,2026-02-16T17:38:29Z,2026-02-16T18:22:32Z,2,2026-02-16T17:25:40Z,2026-02-16T21:55:00Z,1,1,Determined upon crew arrival,In Progres,OUTAGE,Single Customer,RFD,NORMAL,42.38835,-83.19437
SE26021600322,2026-02-16T17:38:29Z,2026-02-16T19:10:16Z,3,2026-02-16T17:29:11Z,2026-02-16T22:00:00Z,17,17,Determined upon crew arrival,In Progres,OUTAGE,Service Transformer,RFD,NORMAL,42.43275,-83.30501
SW26021600299,2026-02-16T17:38:29Z,2026-02-16T19:10:16Z,3,2026-02-16T16:55:37Z,2026-02-16T21:25:00Z,14,14,Determined upon crew arrival,In Progres,OUTAGE,Service Transformer,WWS,NORMAL,42.3214,-83.39689
SW26021600300,2026-02-16T17:38:29Z,2026-02-16T18:22:32Z,2,2026-02-16T16:58:17Z,2026-02-16T21:30:00Z,5,5,Determined upon crew arrival,In Progres,OUTAGE,Service Transformer,ANN,NORMAL,42.28245,-83.78748
SW26021600301,2026-02-16T17:38:29Z,2026-02-16T17:38:29Z,1,2026-02-16T16:58:07Z,2026-02-16T21:30:00Z,24,24,Determined upon crew arrival,In Progres,OUTAGE,Device (I),WWS,NORMAL,42.42251,-83.4051
SW26021600304,2026-02-16T17:38:29Z,2026-02-16T17:38:29Z,1,2026-02-16T17:02:26Z,2026-02-16T21:30:00Z,13,13,Determined upon crew arrival,In Progres,OUTAGE,Service Transformer,WWS,NORMAL,42.32649,-83.41118
SW26021600309,2026-02-16T17:38:29Z,2026-02-16T17:38:29Z,1,2026-02-16T17:18:29Z,2026-02-16T21:50:00Z,48,48,Determined upon crew arrival,In Progres,OUTAGE,Device (I),WWS,NORMAL,42.19089,-83.29024
SW26021600317,2026-02-16T17:38:29Z,2026-02-16T18:22:32Z,2,2026-02-16T17:25:17Z,2026-02-16T21:55:00Z,1,1,Determined upon crew arrival,In Progres,OUTAGE,Single Customer,WWS,NORMAL,42.33207,-83.39581
NE26021600333,2026-02-16T18:22:32Z,2026-02-16T19:10:16Z,2,2026-02-16T17:46:26Z,2026-02-16T22:15:00Z,1,1,Animal/bird damaged DTE equip,In Progres,OUTAGE,Single Customer,LAP,NORMAL,43.00019,-83.34086
NE26021600334,2026-02-16T18:22:32Z,2026-02-16T21:02:00Z,5,2026-02-16T17:48:48Z,2026-02-16T22:20:00Z,18,18,Equipment problem,In Progres,OUTAGE,Device (I),MTC,NORMAL,42.60554,-82.86992
NE26021600338,2026-02-16T18:22:32Z,2026-02-16T23:59:55Z,10,2026-02-16T17:55:23Z,2026-02-17T10:25:00Z,1,1,Equipment problem,In Progres,OUTAGE,Single Customer,MAR,NORMAL,43.15818,-82.74174
NE26021600351,2026-02-16T18:22:32Z,2026-02-16T22:00:59Z,7,2026-02-16T18:05:50Z,2026-02-16T22:40:00Z,1,1,Equipment problem,In Progres,OUTAGE,Single Customer,MTC,NORMAL,42.49915,-82.91611
NW26021600345,2026-02-16T18:22:32Z,2026-02-16T23:59:55Z,10,2026-02-16T17:55:50Z,2026-02-17T02:30:00Z,11,11,Equipment problem,In Progres,OUTAGE,Service Transformer,PON,NORMAL,42.60091,-83.28223
NW26021600350,2026-02-16T18:22:32Z,2026-02-16T23:59:55Z,10,2026-02-16T18:01:51Z,2026-02-17T10:40:00Z,1,1,Determined upon crew arrival,In Progres,OUTAGE,Single Customer,SBY,NORMAL,42.65353,-83.11171
SE26021600332,2026-02-16T18:22:32Z,2026-02-16T19:46:12Z,3,2026-02-16T14:57:14Z,2026-02-16T22:15:00Z,1,1,Determined upon crew arrival,In Progres,OUTAGE,Single Customer,RFD,NORMAL,42.38931,-83.19559
SE26021600337,2026-02-16T18:22:32Z,2026-02-16T19:10:16Z,2,2026-02-16T17:54:26Z,2026-02-16T22:25:00Z,2,2,Determined upon crew arrival,In Progres,OUTAGE,Service Secondary,RFD,NORMAL,42.43282,-83.311
SE26021600352,2026-02-16T18:22:32Z,2026-02-16T20:33:54Z,4,2026-02-16T18:04:54Z,2026-02-16T22:40:00Z,1,1,Determined upon crew arrival,In Progres,OUTAGE,Single Customer,CAN,NORMAL,42.43554,-82.99044
SW26021600325,2026-02-16T18:22:32Z,2026-02-16T18:22:32Z,1,2026-02-16T17:37:13Z,2026-02-16T22:05:00Z,1,1,Determined upon crew arrival,In Progres,OUTAGE,Single Customer,WWS,NORMAL,42.30243,-83.40044
SW26021600326,2026-02-16T18:22:32Z,2026-02-16T18:22:32Z,1,2026-02-16T17:38:01Z,2026-02-16T22:10:00Z,2,2,Determined upon crew arrival,In Progres,OUTAGE,Service Transformer,ANN,NORMAL,42.10724,-83.73133
NE26021600362,2026-02-16T19:10:16Z,2026-02-16T19:10:16Z,1,2026-02-16T18:20:20Z,2026-02-16T22:55:00Z,70,70,Determined upon crew arrival,In Progres,OUTAGE,Device (II),LAP,NORMAL,43.24922,-83.31359
NE26021600382,2026-02-16T19:10:16Z,2026-02-16T21:02:00Z,4,2026-02-16T18:19:45Z,2026-02-16T23:05:00Z,1,1,Equipment problem,In Progres,OUTAGE,Single Customer,NAE,NORMAL,43.35131,-83.66409
NE26021600384,2026-02-16T19:10:16Z,2026-02-16T20:33:54Z,3,2026-02-16T18:39:04Z,2026-02-16T23:10:00Z,10,10,Determined upon crew arrival,In Progres,OUTAGE,Service Transformer,MTC,NORMAL,42.48241,-82.93217
NE26021600386,2026-02-16T19:10:16Z,2026-02-17T02:52:27Z,10,2026-02-16T18:44:12Z,2026-02-17T11:15:00Z,1,1,Equipment problem,In Progres,OUTAGE,Single Customer,MAR,NORMAL,43.25402,-82.81947
NW26021600353,2026-02-16T19:10:16Z,2026-02-16T20:33:54Z,3,2026-02-16T18:12:49Z,2026-02-16T22:45:00Z,5,5,Determined upon crew arrival,In Progres,OUTAGE,Service Transformer,PON,NORMAL,42.58264,-83.16939
NW26021600360,2026-02-16T19:10:16Z,2026-02-16T20:33:54Z,3,2026-02-16T18:22:43Z,2026-02-16T22:55:00Z,1,1,Determined upon crew arrival,In Progres,OUTAGE,Single Customer,HWL,NORMAL,42.54941,-83.81343
NW26021600379,2026-02-16T19:10:16Z,2026-02-16T19:46:12Z,2,2026-02-16T18:13:48Z,2026-02-16T23:00:00Z,6,6,Determined upon crew arrival,In Progres,OUTAGE,Service Transformer,HWL,NORMAL,42.56181,-83.7919
NW26021600389,2026-02-16T19:10:16Z,2026-02-16T19:10:16Z,1,2026-02-16T18:59:06Z,,1,1,Determined upon crew arrival,New,OUTAGE,Single Customer,PON,NORMAL,42.7249,-83.37317
SE26021600358,2026-02-16T19:10:16Z,2026-02-16T19:10:16Z,1,2026-02-16T18:21:35Z,2026-02-16T22:50:00Z,1,1,Determined upon crew arrival,In Progres,OUTAGE,Single Customer,RFD,NORMAL,42.43948,-83.29304
SE26021600383,2026-02-16T19:10:16Z,2026-02-16T19:46:12Z,2,2026-02-16T13:21:22Z,2026-02-16T23:10:00Z,1,1,Determined upon crew arrival,In Progres,OUTAGE,Single Customer,RFD,NORMAL,42.42252,-83.19386
SE26021600387,2026-02-16T19:10:16Z,2026-02-16T19:10:16Z,1,2026-02-16T18:41:58Z,,1,1,Determined upon crew arrival,New,OUTAGE,Single Customer,RFD,NORMAL,42.5117,-83.25218
SE26021600388,2026-02-16T19:10:16Z,2026-02-16T21:02:00Z,4,2026-02-16T18:57:37Z,2026-02-16T23:30:00Z,1,1,Determined upon crew arrival,In Progres,OUTAGE,Single Customer,RFD,NORMAL,42.25433,-83.20586
SW26021600372,2026-02-16T19:10:16Z,2026-02-16T19:10:16Z,1,2026-02-16T18:26:13Z,2026-02-16T22:55:00Z,1,1,Determined upon crew arrival,In Progres,OUTAGE,Service Secondary,NPT,NORMAL,42.09138,-83.19182
SW26021600374,2026-02-16T19:10:16Z,2026-02-16T19:46:12Z,2,2026-02-16T18:22:30Z,2026-02-16T23:00:00Z,2,2,Determined upon crew arrival,In Progres,OUTAGE,Service Secondary,ANN,NORMAL,42.31377,-83.78067
SW26021600381,2026-02-16T19:10:16Z,2026-02-16T19:46:12Z,2,2026-02-16T18:23:41Z,2026-02-16T23:00:00Z,8,8,Determined upon crew arrival,In Progres,OUTAGE,Service Transformer,WWS,NORMAL,42.48784,-83.32744
NW26021600395,2026-02-16T19:46:12Z,2026-02-16T23:59:55Z,8,2026-02-16T15:56:47Z,2026-02-17T11:35:00Z,1,1,Determined upon crew arrival,In Progres,OUTAGE,Single Customer,HWL,NORMAL,42.59984,-83.86808
NW26021600399,2026-02-16T19:46:12Z,2026-02-16T19:46:12Z,1,2026-02-16T19:05:36Z,2026-02-16T23:35:00Z,1,1,Determined upon crew arrival,New,OUTAGE,Single Customer,PON,NORMAL,42.7263,-83.43026
SW26021600444,2026-02-16T19:46:12Z,2026-02-16T22:00:59Z,5,2026-02-16T19:27:00Z,2026-02-16T23:55:00Z,1,1,Determined upon crew arrival,In Progres,OUTAGE,Single Customer,WWS,NORMAL,42.44259,-83.33221
SW26021600445,2026-02-16T19:46:12Z,2026-02-16T23:59:55Z,8,2026-02-16T19:27:01Z,2026-02-16T23:55:00Z,1,1,Equipment problem,In Progres,OUTAGE,Single Customer,NPT,NORMAL,42.04228,-83.38154
NE26021600454,2026-02-16T20:33:54Z,2026-02-16T20:33:54Z,1,2026-02-16T19:36:18Z,2026-02-17T00:05:00Z,1,1,Determined upon crew arrival,In Progres,OUTAGE,Single Customer,MAR,NORMAL,43.01178,-82.45845
NW26021600460,2026-02-16T20:33:54Z,2026-02-16T23:30:38Z,6,2026-02-16T19:42:11Z,2026-02-17T00:20:00Z,1,1,Equipment problem,In Progres,OUTAGE,Single Customer,PON,NORMAL,42.57562,-83.12473
NW26021600464,2026-02-16T20:33:54Z,2026-02-16T23:30:38Z,6,2026-02-16T19:58:28Z,2026-02-17T00:30:00Z,1,1,Equipment problem,In Progres,OUTAGE,Single Customer,PON,NORMAL,42.57494,-83.12496
SW26021600455,2026-02-16T20:33:54Z,2026-02-16T21:02:00Z,2,2026-02-16T19:38:50Z,2026-02-17T00:15:00Z,24,24,Determined upon crew arrival,In Progres,OUTAGE,Service Transformer,NPT,NORMAL,41.91088,-83.39816
SW26021600465,2026-02-16T20:33:54Z,2026-02-16T21:02:00Z,2,2026-02-16T19:58:59Z,2026-02-17T00:30:00Z,1,1,Determined upon crew arrival,In Progres,OUTAGE,Single Customer,WWS,NORMAL,42.25542,-83.25054
SE26021600479,2026-02-16T21:02:00Z,2026-02-16T23:59:55Z,6,2026-02-16T20:37:11Z,2026-02-17T01:10:00Z,1,1,Determined upon crew arrival,In Progres,OUTAGE,Single Customer,RFD,NORMAL,42.38772,-83.20725
SW26021600477,2026-02-16T21:02:00Z,2026-02-16T21:02:00Z,1,2026-02-16T20:37:50Z,2026-02-17T01:10:00Z,1,1,Determined upon crew arrival,New,OUTAGE,Single Customer,ANN,NORMAL,42.26409,-83.56766
NE26021600486,2026-02-16T21:44:33Z,2026-02-16T23:59:55Z,5,2026-02-16T20:49:52Z,2026-02-17T01:20:00Z,1,1,Problem with the customer equip,In Progres,OUTAGE,Single Customer,MTC,NORMAL,42.46348,-82.98201
NE26021600500,2026-02-16T21:44:33Z,2026-02-16T23:59:55Z,5,2026-02-16T21:21:21Z,2026-02-17T01:50:00Z,1,1,Equipment problem,In Progres,OUTAGE,Single Customer,MTC,NORMAL,42.65942,-82.83579
NW26021600489,2026-02-16T21:44:33Z,2026-02-16T23:59:55Z,5,2026-02-16T20:42:02Z,2026-02-17T01:25:00Z,1,1,Determined upon crew arrival,In Progres,OUTAGE,Single Customer,HWL,NORMAL,42.53925,-83.69182
NW26021600504,2026-02-16T21:44:33Z,2026-02-16T23:59:55Z,5,2026-02-16T15:56:46Z,2026-02-17T02:00:00Z,2,2,Determined upon crew arrival,In Progres,OUTAGE,Service Transformer,HWL,NORMAL,42.5994,-83.8696
SE26021600484,2026-02-16T21:44:33Z,2026-02-16T23:59:55Z,5,2026-02-16T20:47:46Z,2026-02-17T01:20:00Z,1,1,Determined upon crew arrival,In Progres,OUTAGE,Single Customer,RFD,NORMAL,42.3663,-83.26844
SE26021600491,2026-02-16T21:44:33Z,2026-02-16T22:00:59Z,2,2026-02-16T21:05:35Z,2026-02-17T01:35:00Z,244,244,Equipment problem,In Progres,OUTAGE,Device (II),RFD,NORMAL,42.31718,-83.3074
SW26021600492,2026-02-16T21:44:33Z,2026-02-16T21:44:33Z,1,2026-02-16T21:07:02Z,2026-02-17T01:35:00Z,1,1,Determined upon crew arrival,In Progres,OUTAGE,Single Customer,ANN,NORMAL,42.29779,-83.99113
NE26021600505,2026-02-16T22:00:59Z,2026-02-16T22:48:51Z,2,2026-02-16T21:33:25Z,2026-02-17T02:05:00Z,1,1,Determined upon crew arrival,In Progres,OUTAGE,Single Customer,NAE,NORMAL,43.71078,-82.93099
SE26021600506,2026-02-16T22:00:59Z,2026-02-16T23:30:38Z,3,2026-02-16T21:35:38Z,2026-02-17T02:05:00Z,10,10,Determined upon crew arrival,In Progres,OUTAGE,Service Transformer,CAN,NORMAL,42.44129,-82.97261
SE26021600507,2026-02-16T22:00:59Z,2026-02-16T23:30:38Z,3,2026-02-16T21:35:58Z,2026-02-17T02:05:00Z,12,12,Determined upon crew arrival,In Progres,OUTAGE,Service Transformer,CAN,NORMAL,42.44046,-82.97311
SE26021600509,2026-02-16T22:00:59Z,2026-02-16T23:30:38Z,3,2026-02-16T21:39:19Z,2026-02-17T02:10:00Z,2,2,Determined upon crew arrival,In Progres,OUTAGE,Service Secondary,CAN,NORMAL,42.44053,-82.96998
NW26021600513,2026-02-16T22:48:51Z,2026-02-16T23:59:55Z,3,2026-02-16T21:47:29Z,2026-02-17T02:20:00Z,1,1,Equipment problem,In Progres,OUTAGE,Single Customer,PON,NORMAL,42.57556,-83.12614
NW26021600520,2026-02-16T22:48:51Z,2026-02-16T23:59:55Z,3,2026-02-16T21:43:18Z,2026-02-17T02:35:00Z,11,11,Equipment problem,In Progres,OUTAGE,Device (II),HWL,NORMAL,42.50735,-83.99172
NE26021600543,2026-02-16T23:30:38Z,2026-02-16T23:30:38Z,1,2026-02-16T22:57:02Z,2026-02-17T03:25:00Z,1,1,Determined upon crew arrival,In Progres,OUTAGE,Single Customer,LAP,NORMAL,42.81037,-83.25821
SW26021600542,2026-02-16T23:30:38Z,2026-02-17T19:09:36Z,18,2026-02-16T22:51:12Z,2026-02-18T03:20:00Z,1,1,Determined upon crew arrival,In Progres,OUTAGE,Single Customer,WWS,NORMAL,42.47416,-83.40746
NE26021600549,2026-02-16T23:59:55Z,2026-02-16T23:59:55Z,1,2026-02-16T23:16:56Z,2026-02-17T03:45:00Z,1,1,Determined upon crew arrival,In Progres,OUTAGE,Single Customer,LAP,NORMAL,43.01955,-83.07488
SE26021600552,2026-02-16T23:59:55Z,2026-02-16T23:59:55Z,1,2026-02-16T23:26:21Z,2026-02-17T03:55:00Z,1,1,Determined upon crew arrival,New,OUTAGE,Single Customer,RFD,NORMAL,42.46805,-83.20382
SE26021600553,2026-02-16T23:59:55Z,2026-02-16T23:59:55Z,1,2026-02-16T17:43:29Z,2026-02-17T04:00:00Z,1,1,Determined upon crew arrival,New,OUTAGE,Single Customer,CAN,NORMAL,42.40762,-82.94402
SE26021600556,2026-02-16T23:59:55Z,2026-02-16T23:59:55Z,1,2026-02-16T23:36:45Z,2026-02-17T04:05:00Z,1,1,Determined upon crew arrival,New,OUTAGE,Single Customer,CAN,NORMAL,42.40958,-83.12447
NE26021600582,2026-02-17T02:52:27Z,2026-02-17T02:52:27Z,1,2026-02-17T00:41:49Z,2026-02-17T05:20:00Z,1,1,Problem with the customer equip,In Progres,OUTAGE,Single Customer,MTC,NORMAL,42.56648,-82.94056
SE26021600589,2026-02-17T02:52:27Z,2026-02-17T04:52:49Z,2,2026-02-16T23:26:21Z,2026-02-17T05:45:00Z,2,2,Equipment problem,In Progres,OUTAGE,Service Secondary,RFD,NORMAL,42.46805,-83.20382
SE26021600604,2026-02-17T02:52:27Z,2026-02-17T02:52:27Z,1,2026-02-17T02:38:26Z,2026-02-17T07:10:00Z,1,1,Determined upon crew arrival,New,OUTAGE,Single Customer,CAN,NORMAL,42.33358,-83.04875
SW26021600575,2026-02-17T02:52:27Z,2026-02-17T05:57:12Z,3,2026-02-17T00:38:19Z,2026-02-17T17:10:00Z,1,1,Determined upon crew arrival,In Progres,OUTAGE,Single Customer,WWS,NORMAL,42.37313,-83.38162
SW26021600580,2026-02-17T02:52:27Z,2026-02-17T02:52:27Z,1,2026-02-17T00:47:10Z,2026-02-17T05:15:00Z,1,1,Determined upon crew arrival,In Progres,OUTAGE,Single Customer,NPT,NORMAL,42.10784,-83.23186
NE26021600608,2026-02-17T04:52:49Z,2026-02-17T13:46:22Z,10,2026-02-16T22:57:02Z,2026-02-17T19:35:00Z,1,1,Equipment problem,In Progres,OUTAGE,Single Customer,LAP,NORMAL,42.81037,-83.25821
NW26021600616,2026-02-17T04:52:49Z,2026-02-17T04:52:49Z,1,2026-02-17T03:49:55Z,2026-02-17T08:20:00Z,1,1,Determined upon crew arrival,In Progres,OUTAGE,Single Customer,PON,NORMAL,42.69886,-83.40452
SW26021600617,2026-02-17T04:52:49Z,2026-02-17T16:58:52Z,13,2026-02-17T03:53:52Z,2026-02-17T20:30:00Z,70,48,Equipment problem,In Progres,OUTAGE,Device (I),NPT,NORMAL,42.14468,-83.24481
SW26021600619,2026-02-17T04:52:49Z,2026-02-17T05:57:12Z,2,2026-02-17T03:53:56Z,2026-02-17T08:30:00Z,11,11,Determined upon crew arrival,In Progres,OUTAGE,Service Transformer,NPT,NORMAL,42.15395,-83.24335
SW26021600620,2026-02-17T04:52:49Z,2026-02-17T04:52:49Z,1,2026-02-17T04:00:10Z,2026-02-17T08:30:00Z,1,1,Determined upon crew arrival,In Progres,OUTAGE,Single Customer,WWS,NORMAL,42.23692,-83.41901
SW26021600622,2026-02-17T04:52:49Z,2026-02-17T05:57:12Z,2,2026-02-17T04:08:52Z,2026-02-17T08:40:00Z,1,1,Determined upon crew arrival,In Progres,OUTAGE,Single Customer,NPT,NORMAL,42.14545,-83.24467
SW26021600626,2026-02-17T04:52:49Z,2026-02-17T04:52:49Z,1,2026-02-17T04:27:38Z,,2,2,Determined upon crew arrival,New,OUTAGE,Service Secondary,ANN,NORMAL,42.26777,-83.5854
SW26021600627,2026-02-17T04:52:49Z,2026-02-17T04:52:49Z,1,2026-02-17T04:27:40Z,,2,2,Determined upon crew arrival,New,OUTAGE,Service Secondary,ANN,NORMAL,42.26615,-83.58423
SW26021600628,2026-02-17T04:52:49Z,2026-02-17T04:52:49Z,1,2026-02-17T04:27:40Z,,2,2,Determined upon crew arrival,New,OUTAGE,Service Secondary,ANN,NORMAL,42.26551,-83.58349
NW26021700004,2026-02-17T05:57:12Z,2026-02-17T08:58:17Z,4,2026-02-17T05:10:51Z,2026-02-17T09:45:00Z,1,1,Equipment problem,In Progres,OUTAGE,Single Customer,PON,NORMAL,42.61887,-83.29039
SE26021700006,2026-02-17T05:57:12Z,2026-02-17T09:58:40Z,5,2026-02-17T05:14:16Z,2026-02-17T09:45:00Z,1,1,Equipment problem,In Progres,OUTAGE,Single Customer,RFD,NORMAL,42.42391,-83.20974
SE26021700020,2026-02-17T07:07:46Z,2026-02-17T14:47:37Z,9,2026-02-17T06:20:21Z,2026-02-17T15:00:00Z,17,17,Equipment problem,In Progres,OUTAGE,Service Transformer,CAN,NORMAL,42.42188,-82.97835
SW26021700046,2026-02-17T07:58:15Z,2026-02-17T07:58:15Z,1,2026-02-17T07:29:35Z,,1,1,Determined upon crew arrival,New,OUTAGE,Single Customer,WWS,NORMAL,42.28044,-83.38345
NE26021700063,2026-02-17T09:58:40Z,2026-02-17T09:58:40Z,1,2026-02-17T09:29:45Z,,1,1,Determined upon crew arrival,New,OUTAGE,Single Customer,NAE,NORMAL,43.41505,-82.97977
NW26021700059,2026-02-17T09:58:40Z,2026-02-17T14:47:37Z,6,2026-02-17T09:27:47Z,2026-02-18T02:00:00Z,1,1,Determined upon crew arrival,In Progres,SERVICE DOWN NO,,PON,NORMAL,42.65971,-83.31378
SE26021700065,2026-02-17T10:56:24Z,2026-02-17T10:56:24Z,1,2026-02-17T10:33:44Z,2026-02-17T15:05:00Z,1,1,Determined upon crew arrival,New,OUTAGE,Single Customer,CAN,NORMAL,42.42146,-82.98421
SE26021700070,2026-02-17T11:41:55Z,2026-02-17T12:26:54Z,2,2026-02-17T11:20:16Z,2026-02-17T15:50:00Z,1,1,Determined upon crew arrival,PC3 Verifi,OUTAGE,Single Customer,CAN,NORMAL,42.42121,-82.98283
NE26021700075,2026-02-17T12:26:54Z,2026-02-17T21:19:00Z,10,2026-02-17T11:37:59Z,2026-02-18T04:10:00Z,1,1,Equipment problem,In Progres,OUTAGE,Single Customer,MTC,NORMAL,42.48488,-82.96787
NE26021700078,2026-02-17T12:26:54Z,2026-02-17T15:53:53Z,4,2026-02-17T11:41:29Z,2026-02-17T16:10:00Z,1,1,Determined upon crew arrival,PC3 Verifi,OUTAGE,Single Customer,MTC,NORMAL,42.45479,-82.95992
NW26021700087,2026-02-17T12:26:54Z,2026-02-17T15:53:53Z,4,2026-02-16T18:00:32Z,2026-02-17T16:20:00Z,483,253,Equipment problem,In Progres,OUTAGE,Device (II),PON,NORMAL,42.59575,-83.27908
SE26021700077,2026-02-17T12:26:54Z,2026-02-17T20:39:24Z,9,2026-02-17T11:40:40Z,2026-02-18T04:10:00Z,1,1,Determined upon crew arrival,In Progres,SERVICE DOWN NO,,RFD,NORMAL,42.50151,-83.16546
SE26021700128,2026-02-17T12:26:54Z,2026-02-17T15:53:53Z,4,2026-02-17T12:12:45Z,2026-02-17T16:45:00Z,1,1,Equipment problem,In Progres,OUTAGE,Single Customer,CAN,NORMAL,42.43854,-82.91518
SW26021700088,2026-02-17T12:26:54Z,2026-02-17T13:46:22Z,2,2026-02-17T11:50:13Z,2026-02-17T16:20:00Z,1,1,Determined upon crew arrival,In Progres,OUTAGE,Single Customer,WWS,NORMAL,42.32572,-83.36244
NE26021700131,2026-02-17T13:46:22Z,2026-02-17T19:52:12Z,7,2026-02-17T12:11:34Z,2026-02-18T04:50:00Z,1,1,Determined upon crew arrival,New,OUTAGE,Single Customer,MTC,NORMAL,42.51163,-82.89119
NE26021700167,2026-02-17T13:46:22Z,2026-02-18T14:32:34Z,25,2026-02-17T12:25:52Z,2026-02-18T17:15:00Z,1,1,Equipment problem,In Progres,SERVICE DOWN NO,,MTC,NORMAL,42.5329,-83.07184
NE26021700191,2026-02-17T13:46:22Z,2026-02-17T15:53:53Z,3,2026-02-17T12:49:20Z,2026-02-17T17:20:00Z,1,1,Equipment problem,In Progres,OUTAGE,Single Customer,MTC,NORMAL,42.50129,-83.06315
NE26021700212,2026-02-17T13:46:22Z,2026-02-18T02:23:26Z,14,2026-02-17T12:58:08Z,2026-02-18T05:30:00Z,1,1,Equipment problem,In Progres,OUTAGE,Single Customer,MTC,NORMAL,42.47472,-82.93873
NE26021700213,2026-02-17T13:46:22Z,2026-02-17T22:32:50Z,11,2026-02-17T12:58:34Z,2026-02-18T05:30:00Z,1,1,Equipment problem,In Progres,OUTAGE,Single Customer,MTC,NORMAL,42.45767,-82.96909
NE26021700220,2026-02-17T13:46:22Z,2026-02-17T16:58:52Z,4,2026-02-17T13:02:46Z,2026-02-17T17:35:00Z,1,1,Determined upon crew arrival,New,SERVICE DOWN NO,,MTC,NORMAL,42.4767,-83.02114
NE26021700222,2026-02-17T13:46:22Z,2026-02-17T21:54:33Z,10,2026-02-17T13:04:02Z,2026-02-18T05:35:00Z,1,1,Determined upon crew arrival,In Progres,OUTAGE,Single Customer,MTC,NORMAL,42.53021,-82.97374
NE26021700226,2026-02-17T13:46:22Z,2026-02-17T14:47:37Z,2,2026-02-17T13:02:41Z,2026-02-17T17:35:00Z,11,11,Equipment problem,In Progres,OUTAGE,Device (I),LAP,NORMAL,42.97324,-83.05464
NE26021700249,2026-02-17T13:46:22Z,2026-02-17T16:58:52Z,4,2026-02-17T13:27:17Z,2026-02-17T17:55:00Z,1,1,Animal/bird damaged DTE equip,In Progres,OUTAGE,Single Customer,MAR,NORMAL,42.8182,-82.50936
NW26021700137,2026-02-17T13:46:22Z,2026-02-17T13:46:22Z,1,2026-02-17T11:48:35Z,2026-02-17T16:55:00Z,6,6,Equipment problem,In Progres,OUTAGE,Service Transformer,HWL,NORMAL,42.59793,-83.90293
NW26021700140,2026-02-17T13:46:22Z,2026-02-17T17:59:07Z,5,2026-02-16T11:40:59Z,2026-02-18T04:55:00Z,1,1,Equipment problem,In Progres,OUTAGE,Single Customer,PON,NORMAL,42.67359,-83.66765
SE26021700151,2026-02-17T13:46:22Z,2026-02-17T14:47:37Z,2,2026-02-17T12:32:36Z,2026-02-17T17:10:00Z,598,598,Determined upon crew arrival,In Progres,OUTAGE,Device (II),CAN,NORMAL,42.42367,-82.95699
SE26021700216,2026-02-17T13:46:22Z,2026-02-17T13:46:22Z,1,2026-02-17T13:00:18Z,2026-02-17T17:30:00Z,1,1,Determined upon crew arrival,In Progres,OUTAGE,Single Customer,RFD,NORMAL,42.25664,-83.2019
SE26021700218,2026-02-17T13:46:22Z,2026-02-17T14:47:37Z,2,2026-02-17T13:01:51Z,2026-02-17T17:30:00Z,1,1,Determined upon crew arrival,In Progres,OUTAGE,Single Customer,CAN,NORMAL,42.42099,-82.98197
SE26021700247,2026-02-17T13:46:22Z,2026-02-18T05:48:11Z,16,2026-02-17T13:16:37Z,2026-02-18T05:50:00Z,1,1,Determined upon crew arrival,In Progres,OUTAGE,Single Customer,RFD,NORMAL,42.45005,-83.18056
SW26021700231,2026-02-17T13:46:22Z,2026-02-17T22:32:50Z,11,2026-02-16T19:30:46Z,2026-02-18T05:40:00Z,1,1,Determined upon crew arrival,In Progres,OUTAGE,Single Customer,WWS,NORMAL,42.44346,-83.45861
NE26021700256,2026-02-17T14:47:37Z,2026-02-18T16:43:37Z,26,2026-02-17T13:32:55Z,2026-02-18T18:05:00Z,1,1,Equipment problem,In Progres,SERVICE DOWN NO,,MTC,NORMAL,42.47441,-82.95998
NE26021700268,2026-02-17T14:47:37Z,2026-02-17T14:47:37Z,1,2026-02-17T13:39:52Z,2026-02-17T18:10:00Z,1,1,Determined upon crew arrival,In Progres,OUTAGE,Single Customer,MTC,NORMAL,42.48264,-82.94499
NE26021700293,2026-02-17T14:47:37Z,2026-02-18T12:04:23Z,22,2026-02-17T12:58:06Z,2026-02-18T18:30:00Z,1,1,Determined upon crew arrival,Pending,SERVICE DOWN NO,,MTC,NORMAL,42.52739,-83.05115
NE26021700315,2026-02-17T14:47:37Z,2026-02-17T16:58:52Z,3,2026-02-17T14:15:20Z,2026-02-17T18:45:00Z,1,1,Determined upon crew arrival,In Progres,OUTAGE,Service Secondary,NAE,NORMAL,43.42369,-82.85103
NE26021700327,2026-02-17T14:47:37Z,2026-02-17T14:47:37Z,1,2026-02-17T14:18:46Z,2026-02-17T18:50:00Z,1,1,Determined upon crew arrival,In Progres,OUTAGE,Single Customer,MAR,NORMAL,43.00971,-82.45802
NW26021700273,2026-02-17T14:47:37Z,2026-02-17T14:47:37Z,1,2026-02-17T13:44:57Z,2026-02-17T18:15:00Z,1,1,Determined upon crew arrival,In Progres,OUTAGE,Single Customer,HWL,NORMAL,42.45416,-83.68432
NW26021700314,2026-02-17T14:47:37Z,2026-02-17T17:59:07Z,4,2026-02-17T14:14:37Z,2026-02-17T18:45:00Z,1,1,Determined upon crew arrival,In Progres,OUTAGE,Single Customer,PON,NORMAL,42.67483,-83.30383
NW26021700342,2026-02-17T14:47:37Z,2026-02-17T17:59:07Z,4,2026-02-17T11:49:20Z,2026-02-17T18:55:00Z,41,41,Equipment problem,In Progres,OUTAGE,Device (II),PON,NORMAL,42.6002,-83.27225
SE26021700276,2026-02-17T14:47:37Z,2026-02-17T21:54:33Z,9,2026-02-17T13:43:04Z,2026-02-18T06:15:00Z,1,1,Equipment problem,In Progres,SERVICE DOWN NO,,RFD,NORMAL,42.38532,-83.31219
SE26021700282,2026-02-17T14:47:37Z,2026-02-18T17:42:21Z,27,2026-02-17T13:51:07Z,2026-02-18T18:20:00Z,1,1,Determined upon crew arrival,In Progres,OUTAGE,Single Customer,RFD,NORMAL,42.46104,-83.13253
SE26021700309,2026-02-17T14:47:37Z,2026-02-17T19:09:36Z,5,2026-02-17T14:02:53Z,2026-02-18T06:40:00Z,1,1,Determined upon crew arrival,In Progres,OUTAGE,Single Customer,RFD,NORMAL,42.41201,-83.27631
SE26021700318,2026-02-17T14:47:37Z,2026-02-17T20:39:24Z,7,2026-02-17T14:16:15Z,2026-02-17T22:45:00Z,2,2,Determined upon crew arrival,In Progres,OUTAGE,Service Secondary,RFD,NORMAL,42.38803,-83.25829
SE26021700322,2026-02-17T14:47:37Z,2026-02-17T14:47:37Z,1,2026-02-17T14:17:10Z,2026-02-17T18:45:00Z,2,2,Determined upon crew arrival,In Progres,OUTAGE,Service Secondary,RFD,NORMAL,42.43428,-83.30386
SE26021700324,2026-02-17T14:47:37Z,2026-02-17T14:47:37Z,1,2026-02-17T14:14:58Z,2026-02-17T18:50:00Z,4,4,Determined upon crew arrival,In Progres,OUTAGE,Service Transformer,CAN,NORMAL,42.42146,-82.98421
SE26021700326,2026-02-17T14:47:37Z,2026-02-17T23:02:31Z,11,2026-02-17T14:11:50Z,2026-02-18T06:50:00Z,1,1,Determined upon crew arrival,In Progres,OUTAGE,Single Customer,RFD,NORMAL,42.41943,-83.14253
SE26021700329,2026-02-17T14:47:37Z,2026-02-17T14:47:37Z,1,2026-02-17T14:14:55Z,2026-02-17T18:50:00Z,4,4,Determined upon crew arrival,In Progres,OUTAGE,Service Transformer,CAN,NORMAL,42.42264,-82.97872
SE26021700330,2026-02-17T14:47:37Z,2026-02-17T14:47:37Z,1,2026-02-17T14:14:59Z,2026-02-17T18:50:00Z,2,2,Determined upon crew arrival,In Progres,OUTAGE,Service Transformer,CAN,NORMAL,42.4226,-82.9827
SE26021700331,2026-02-17T14:47:37Z,2026-02-17T14:47:37Z,1,2026-02-17T14:14:57Z,2026-02-17T18:50:00Z,1,1,Determined upon crew arrival,In Progres,OUTAGE,Single Customer,CAN,NORMAL,42.42263,-82.98017
SE26021700340,2026-02-17T14:47:37Z,2026-02-17T14:47:37Z,1,2026-02-17T14:14:54Z,2026-02-17T18:55:00Z,6,6,Determined upon crew arrival,New,OUTAGE,Service Transformer,CAN,NORMAL,42.42093,-82.98563
SE26021700341,2026-02-17T14:47:37Z,2026-02-17T14:47:37Z,1,2026-02-17T14:25:51Z,2026-02-17T18:55:00Z,1,1,Determined upon crew arrival,New,OUTAGE,Single Customer,CAN,NORMAL,42.42138,-82.98612
SW26021700346,2026-02-17T14:47:37Z,2026-02-17T14:47:37Z,1,2026-02-17T14:13:06Z,,1,1,Determined upon crew arrival,New,OUTAGE,Single Customer,WWS,NORMAL,42.36404,-83.4556
NE26021700359,2026-02-17T15:53:53Z,2026-02-17T23:45:15Z,11,2026-02-17T14:33:31Z,2026-02-18T07:05:00Z,1,1,Determined upon crew arrival,In Progres,OUTAGE,Single Customer,MTC,NORMAL,42.49594,-82.95932
NE26021700376,2026-02-17T15:53:53Z,2026-02-18T14:32:34Z,23,2026-02-17T14:49:38Z,2026-02-18T19:20:00Z,1,1,Equipment problem,Pending,SERVICE DOWN NO,,MTC,NORMAL,42.52739,-83.05115
NE26021700391,2026-02-17T15:53:53Z,2026-02-17T19:52:12Z,5,2026-02-17T15:01:08Z,2026-02-17T19:30:00Z,4,4,Determined upon crew arrival,In Progres,OUTAGE,Service Transformer,MAR,NORMAL,42.9831,-82.76849
NE26021700392,2026-02-17T15:53:53Z,2026-02-18T14:32:34Z,23,2026-02-17T14:57:30Z,2026-02-18T19:30:00Z,1,1,Wind damage,In Progres,OUTAGE,Single Customer,MTC,NORMAL,42.52009,-82.91278
NE26021700396,2026-02-17T15:53:53Z,2026-02-17T19:09:36Z,4,2026-02-17T15:03:02Z,2026-02-17T19:35:00Z,1,1,Equipment problem,In Progres,OUTAGE,Single Customer,NAE,NORMAL,43.48707,-83.40179
NE26021700409,2026-02-17T15:53:53Z,2026-02-17T16:58:52Z,2,2026-02-17T15:08:00Z,2026-02-17T19:40:00Z,1,1,Determined upon crew arrival,In Progres,OUTAGE,Single Customer,MTC,NORMAL,42.45697,-83.01044
NE26021700418,2026-02-17T15:53:53Z,2026-02-17T17:59:07Z,3,2026-02-17T15:17:33Z,2026-02-17T19:50:00Z,4,4,Determined upon crew arrival,In Progres,OUTAGE,Service Transformer,MAR,NORMAL,42.99426,-82.45748
NE26021700425,2026-02-17T15:53:53Z,2026-02-17T16:58:52Z,2,2026-02-17T15:20:30Z,2026-02-17T19:50:00Z,1,1,Determined upon crew arrival,In Progres,OUTAGE,Single Customer,LAP,NORMAL,43.21655,-83.42064
NE26021700429,2026-02-17T15:53:53Z,2026-02-17T16:58:52Z,2,2026-02-17T15:22:14Z,2026-02-17T19:50:00Z,1,1,Determined upon crew arrival,New,OUTAGE,Single Customer,MTC,NORMAL,42.47354,-83.02613
NE26021700458,2026-02-17T15:53:53Z,2026-02-17T15:53:53Z,1,2026-02-17T15:26:16Z,2026-02-17T20:10:00Z,1,1,Determined upon crew arrival,New,OUTAGE,Single Customer,NAE,NORMAL,43.34521,-83.62276
NE26021700463,2026-02-17T15:53:53Z,2026-02-17T16:58:52Z,2,2026-02-17T15:43:14Z,2026-02-17T20:15:00Z,1,1,Determined upon crew arrival,Pending,OUTAGE,Single Customer,MAR,NORMAL,43.01402,-82.45923
NW26021700364,2026-02-17T15:53:53Z,2026-02-17T15:53:53Z,1,2026-02-17T14:36:34Z,2026-02-17T19:05:00Z,1,1,Determined upon crew arrival,In Progres,OUTAGE,Single Customer,PON,NORMAL,42.59806,-83.27445
NW26021700388,2026-02-17T15:53:53Z,2026-02-17T15:53:53Z,1,2026-02-17T14:59:30Z,2026-02-17T19:30:00Z,1,1,Determined upon crew arrival,In Progres,OUTAGE,Single Customer,SBY,NORMAL,42.60039,-83.05195
NW26021700398,2026-02-17T15:53:53Z,2026-02-17T17:59:07Z,3,2026-02-17T15:03:13Z,2026-02-17T19:35:00Z,1,1,Determined upon crew arrival,In Progres,OUTAGE,Single Customer,HWL,NORMAL,42.62296,-83.84687
NW26021700408,2026-02-17T15:53:53Z,2026-02-17T17:59:07Z,3,2026-02-17T15:07:45Z,2026-02-17T19:40:00Z,1,1,Equipment problem,In Progres,OUTAGE,Single Customer,PON,NORMAL,42.5366,-83.21612
NW26021700435,2026-02-17T15:53:53Z,2026-02-17T15:53:53Z,1,2026-02-17T15:17:54Z,2026-02-17T19:55:00Z,2,2,Determined upon crew arrival,In Progres,OUTAGE,Service Secondary,PON,NORMAL,42.60355,-83.28656
NW26021700441,2026-02-17T15:53:53Z,2026-02-17T15:53:53Z,1,2026-02-17T15:31:16Z,2026-02-17T20:00:00Z,1,1,Determined upon crew arrival,In Progres,OUTAGE,Single Customer,PON,NORMAL,42.60299,-83.28314
NW26021700466,2026-02-17T15:53:53Z,2026-02-17T15:53:53Z,1,2026-02-17T15:44:39Z,,1,1,Determined upon crew arrival,New,OUTAGE,Single Customer,PON,NORMAL,42.59558,-83.27571
NW26021700467,2026-02-17T15:53:53Z,2026-02-17T15:53:53Z,1,2026-02-17T15:44:41Z,,1,1,Determined upon crew arrival,New,OUTAGE,Single Customer,PON,NORMAL,42.60356,-83.27721
SE26021700354,2026-02-17T15:53:53Z,2026-02-17T15:53:53Z,1,2026-02-17T14:32:40Z,2026-02-17T19:05:00Z,1,1,Determined upon crew arrival,In Progres,OUTAGE,Single Customer,CAN,NORMAL,42.43659,-83.00829
SE26021700373,2026-02-17T15:53:53Z,2026-02-17T15:53:53Z,1,2026-02-17T14:44:52Z,2026-02-17T19:15:00Z,1,1,Determined upon crew arrival,In Progres,OUTAGE,Single Customer,RFD,NORMAL,42.38836,-83.19437
SE26021700375,2026-02-17T15:53:53Z,2026-02-17T15:53:53Z,1,2026-02-17T14:45:51Z,2026-02-17T19:15:00Z,1,1,Determined upon crew arrival,In Progres,OUTAGE,Single Customer,CAN,NORMAL,42.43037,-83.01221
SE26021700383,2026-02-17T15:53:53Z,2026-02-17T19:52:12Z,5,2026-02-17T14:56:51Z,2026-02-17T21:30:00Z,1,1,Determined upon crew arrival,In Progres,OUTAGE,Single Customer,RFD,NORMAL,42.38636,-83.21042
SE26021700404,2026-02-17T15:53:53Z,2026-02-17T19:52:12Z,5,2026-02-17T12:32:36Z,2026-02-17T19:35:00Z,22,16,Determined upon crew arrival,In Progres,OUTAGE,Service Transformer,CAN,NORMAL,42.42081,-82.95863
SE26021700406,2026-02-17T15:53:53Z,2026-02-17T19:09:36Z,4,2026-02-17T15:07:31Z,2026-02-17T19:40:00Z,1,1,Determined upon crew arrival,In Progres,OUTAGE,Single Customer,RFD,NORMAL,42.44113,-83.29917
SE26021700407,2026-02-17T15:53:53Z,2026-02-17T15:53:53Z,1,2026-02-17T15:07:35Z,2026-02-17T19:40:00Z,1,1,Determined upon crew arrival,In Progres,OUTAGE,Single Customer,RFD,NORMAL,42.39039,-83.1968
SE26021700411,2026-02-17T15:53:53Z,2026-02-17T16:58:52Z,2,2026-02-17T15:11:00Z,2026-02-17T19:40:00Z,4,4,Determined upon crew arrival,In Progres,OUTAGE,Service Transformer,RFD,NORMAL,42.43764,-83.29599
SE26021700415,2026-02-17T15:53:53Z,2026-02-17T17:59:07Z,3,2026-02-17T15:14:21Z,2026-02-17T19:45:00Z,1,1,Determined upon crew arrival,In Progres,OUTAGE,Single Customer,CAN,NORMAL,42.44221,-82.96462
SE26021700424,2026-02-17T15:53:53Z,2026-02-17T15:53:53Z,1,2026-02-17T15:19:47Z,2026-02-17T19:50:00Z,2,2,Determined upon crew arrival,In Progres,OUTAGE,Service Secondary,RFD,NORMAL,42.39006,-83.19324
SE26021700427,2026-02-17T15:53:53Z,2026-02-17T16:58:52Z,2,2026-02-17T15:21:11Z,2026-02-17T19:50:00Z,2,2,Determined upon crew arrival,In Progres,OUTAGE,Service Secondary,RFD,NORMAL,42.3881,-83.19317
SE26021700433,2026-02-17T15:53:53Z,2026-02-17T21:19:00Z,7,2026-02-17T15:25:22Z,2026-02-18T07:55:00Z,1,1,Equipment problem,In Progres,OUTAGE,Single Customer,CAN,NORMAL,42.38997,-82.94445
SE26021700449,2026-02-17T15:53:53Z,2026-02-17T16:58:52Z,2,2026-02-17T15:36:56Z,2026-02-17T20:05:00Z,1,1,Determined upon crew arrival,In Progres,OUTAGE,Single Customer,CAN,NORMAL,42.43714,-82.94188
SE26021700456,2026-02-17T15:53:53Z,2026-02-17T17:59:07Z,3,2026-02-17T15:40:03Z,2026-02-17T20:10:00Z,1,1,Determined upon crew arrival,In Progres,OUTAGE,Service Secondary,RFD,NORMAL,42.3864,-83.18781
SE26021700459,2026-02-17T15:53:53Z,2026-02-17T20:39:24Z,6,2026-02-17T06:30:53Z,2026-02-18T00:10:00Z,2,2,Equipment problem,In Progres,OUTAGE,Service Secondary,CAN,NORMAL,42.42188,-82.97835
SE26021700464,2026-02-17T15:53:53Z,2026-02-17T16:58:52Z,2,2026-02-17T15:43:37Z,2026-02-17T20:15:00Z,1,1,Determined upon crew arrival,In Progres,OUTAGE,Single Customer,RFD,NORMAL,42.26575,-83.19613
SW26021700363,2026-02-17T15:53:53Z,2026-02-17T16:58:52Z,2,2026-02-17T14:36:01Z,2026-02-17T19:05:00Z,1,1,Determined upon crew arrival,In Progres,OUTAGE,Single Customer,ANN,NORMAL,42.31317,-83.69402
SW26021700385,2026-02-17T15:53:53Z,2026-02-17T15:53:53Z,1,2026-02-17T14:58:11Z,2026-02-17T19:30:00Z,1,1,Determined upon crew arrival,In Progres,OUTAGE,Service Secondary,ANN,NORMAL,42.28539,-83.74468
SW26021700401,2026-02-17T15:53:53Z,2026-02-17T16:58:52Z,2,2026-02-17T15:05:11Z,2026-02-17T19:35:00Z,1,1,Determined upon crew arrival,In Progres,OUTAGE,Service Transformer,ANN,NORMAL,42.31955,-83.61128
SW26021700416,2026-02-17T15:53:53Z,2026-02-17T17:59:07Z,3,2026-02-17T15:16:15Z,2026-02-17T19:45:00Z,12,12,Determined upon crew arrival,In Progres,OUTAGE,Service Transformer,WWS,NORMAL,42.38436,-83.38883
NE26021700471,2026-02-17T16:58:52Z,2026-02-17T17:59:07Z,2,2026-02-17T15:47:04Z,2026-02-17T20:15:00Z,1,1,Determined upon crew arrival,In Progres,OUTAGE,Single Customer,MAR,NORMAL,43.09655,-82.48178
NE26021700535,2026-02-17T16:58:52Z,2026-02-17T17:59:07Z,2,2026-02-17T16:05:09Z,2026-02-17T20:35:00Z,5,5,Determined upon crew arrival,In Progres,OUTAGE,Service Transformer,MAR,NORMAL,43.01315,-82.47634
NE26021700557,2026-02-17T16:58:52Z,2026-02-17T20:39:24Z,5,2026-02-17T16:16:51Z,2026-02-17T20:45:00Z,1,1,Equipment problem,In Progres,OUTAGE,Single Customer,MAR,NORMAL,42.98904,-82.45002
NE26021700581,2026-02-17T16:58:52Z,2026-02-17T16:58:52Z,1,2026-02-17T16:39:10Z,2026-02-17T21:10:00Z,30,30,Determined upon crew arrival,In Progres,OUTAGE,Device (I),MTC,NORMAL,42.54951,-82.85207
NW26021700487,2026-02-17T16:58:52Z,2026-02-17T16:58:52Z,1,2026-02-17T15:53:39Z,2026-02-17T20:25:00Z,1,1,Determined upon crew arrival,In Progres,OUTAGE,Single Customer,HWL,NORMAL,42.55324,-83.75624
NW26021700544,2026-02-17T16:58:52Z,2026-02-17T16:58:52Z,1,2026-02-17T16:10:19Z,2026-02-17T20:40:00Z,1,1,Determined upon crew arrival,In Progres,OUTAGE,Single Customer,PON,NORMAL,42.6783,-83.30518
NW26021700547,2026-02-17T16:58:52Z,2026-02-17T16:58:52Z,1,2026-02-17T16:05:55Z,2026-02-17T20:40:00Z,1,1,Determined upon crew arrival,In Progres,OUTAGE,Single Customer,SBY,NORMAL,42.55625,-83.06046
NW26021700570,2026-02-17T16:58:52Z,2026-02-17T16:58:52Z,1,2026-02-17T16:28:09Z,2026-02-17T21:00:00Z,1,1,Determined upon crew arrival,In Progres,OUTAGE,Single Customer,PON,NORMAL,42.67915,-83.30672
NW26021700586,2026-02-17T16:58:52Z,2026-02-18T16:43:37Z,24,2026-02-17T16:43:43Z,2026-02-18T17:15:00Z,38,38,Equipment problem,In Progres,OUTAGE,Device (I),PON,NORMAL,42.4984,-83.5173
SE26021700524,2026-02-17T16:58:52Z,2026-02-17T16:58:52Z,1,2026-02-17T15:46:37Z,2026-02-17T20:30:00Z,15,15,Equipment problem,In Progres,OUTAGE,Device (I),RFD,NORMAL,42.50115,-83.24945
SE26021700569,2026-02-17T16:58:52Z,2026-02-17T21:19:00Z,6,2026-02-17T16:27:00Z,2026-02-18T00:55:00Z,1,1,Determined upon crew arrival,In Progres,PRIORITY,,RFD,NORMAL,42.44875,-83.19974
SE26021700582,2026-02-17T16:58:52Z,2026-02-18T02:23:26Z,11,2026-02-17T16:40:24Z,2026-02-18T09:10:00Z,1,1,Determined upon crew arrival,In Progres,OUTAGE,Single Customer,CAN,NORMAL,42.43689,-83.00402
SE26021700583,2026-02-17T16:58:52Z,2026-02-17T19:09:36Z,3,2026-02-17T16:41:46Z,2026-02-17T21:10:00Z,1,1,Determined upon crew arrival,In Progres,OUTAGE,Single Customer,RFD,NORMAL,42.46177,-83.14702
SE26021700584,2026-02-17T16:58:52Z,2026-02-18T07:57:50Z,15,2026-02-17T16:43:10Z,2026-02-18T09:15:00Z,1,1,Equipment problem,In Progres,SERVICE DOWN NO,,CAN,NORMAL,42.43181,-82.98385
SE26021700585,2026-02-17T16:58:52Z,2026-02-17T16:58:52Z,1,2026-02-17T16:43:18Z,,1,1,Determined upon crew arrival,New,OUTAGE,Single Customer,RFD,NORMAL,42.50093,-83.10504
SE26021700587,2026-02-17T16:58:52Z,2026-02-17T17:59:07Z,2,2026-02-17T16:44:08Z,2026-02-17T21:15:00Z,17,17,Determined upon crew arrival,In Progres,OUTAGE,Service Transformer,RFD,NORMAL,42.43275,-83.30501
SW26021700486,2026-02-17T16:58:52Z,2026-02-17T17:59:07Z,2,2026-02-17T15:53:29Z,2026-02-17T20:25:00Z,1,1,Determined upon crew arrival,In Progres,OUTAGE,Single Customer,WWS,NORMAL,42.33207,-83.39581
SW26021700528,2026-02-17T16:58:52Z,2026-02-17T19:09:36Z,3,2026-02-17T16:01:22Z,2026-02-17T20:30:00Z,1,1,Public Interference w/DTE equip,In Progres,SERVICE DOWN NO,,ANN,NORMAL,42.32578,-83.96451
SW26021700537,2026-02-17T16:58:52Z,2026-02-17T16:58:52Z,1,2026-02-17T16:05:53Z,2026-02-17T20:35:00Z,1,1,Determined upon crew arrival,In Progres,OUTAGE,Service Transformer,ANN,NORMAL,42.27148,-83.6376
SW26021700561,2026-02-17T16:58:52Z,2026-02-17T16:58:52Z,1,2026-02-17T16:21:15Z,2026-02-17T20:50:00Z,22,22,Determined upon crew arrival,In Progres,OUTAGE,Service Transformer,WWS,NORMAL,42.32477,-83.40673
SW26021700564,2026-02-17T16:58:52Z,2026-02-17T16:58:52Z,1,2026-02-17T16:22:45Z,2026-02-17T20:55:00Z,12,12,Determined upon crew arrival,In Progres,OUTAGE,Service Transformer,ANN,NORMAL,42.25307,-83.69415
SW26021700578,2026-02-17T16:58:52Z,2026-02-17T17:59:07Z,2,2026-02-17T16:37:15Z,2026-02-17T21:05:00Z,1,1,Equipment problem,In Progres,OUTAGE,Single Customer,ANN,NORMAL,42.25763,-83.72932
NE26021700607,2026-02-17T17:59:07Z,2026-02-17T19:52:12Z,3,2026-02-17T13:02:46Z,2026-02-17T21:30:00Z,3,3,Determined upon crew arrival,In Progres,OUTAGE,Service Secondary,MTC,NORMAL,42.4767,-83.02114
NE26021700623,2026-02-17T17:59:07Z,2026-02-17T17:59:07Z,1,2026-02-17T17:15:26Z,2026-02-17T21:45:00Z,2,2,Determined upon crew arrival,In Progres,OUTAGE,Service Secondary,NAE,NORMAL,43.41909,-82.83545
NE26021700634,2026-02-17T17:59:07Z,2026-02-17T23:45:15Z,9,2026-02-17T17:18:45Z,2026-02-18T09:55:00Z,1,1,Equipment problem,In Progres,OUTAGE,Single Customer,MAR,NORMAL,43.25931,-82.8832
NE26021700638,2026-02-17T17:59:07Z,2026-02-17T19:52:12Z,3,2026-02-17T17:30:34Z,2026-02-17T22:00:00Z,2,2,Determined upon crew arrival,In Progres,OUTAGE,Service Transformer,MAR,NORMAL,43.01345,-82.46215
NW26021700595,2026-02-17T17:59:07Z,2026-02-17T17:59:07Z,1,2026-02-17T16:46:48Z,2026-02-17T21:20:00Z,9,9,Determined upon crew arrival,In Progres,OUTAGE,Service Transformer,SBY,NORMAL,42.54032,-82.97569
NW26021700596,2026-02-17T17:59:07Z,2026-02-17T20:39:24Z,4,2026-02-17T16:51:17Z,2026-02-17T21:20:00Z,1,1,Determined upon crew arrival,In Progres,OUTAGE,Single Customer,HWL,NORMAL,42.5508,-83.77874
NW26021700605,2026-02-17T17:59:07Z,2026-02-17T17:59:07Z,1,2026-02-17T16:59:26Z,2026-02-17T21:30:00Z,2,2,Determined upon crew arrival,In Progres,OUTAGE,Service Secondary,PON,NORMAL,42.60066,-83.27951
NW26021700613,2026-02-17T17:59:07Z,2026-02-17T17:59:07Z,1,2026-02-17T17:06:03Z,2026-02-17T21:35:00Z,1,1,Determined upon crew arrival,In Progres,OUTAGE,Single Customer,PON,NORMAL,42.60013,-83.28072
NW26021700617,2026-02-17T17:59:07Z,2026-02-17T17:59:07Z,1,2026-02-17T17:09:43Z,2026-02-17T21:40:00Z,1,1,Determined upon crew arrival,In Progres,OUTAGE,Single Customer,HWL,NORMAL,42.75206,-84.34482
NW26021700632,2026-02-17T17:59:07Z,2026-02-17T17:59:07Z,1,2026-02-16T19:15:00Z,2026-02-17T21:55:00Z,2,2,Determined upon crew arrival,In Progres,OUTAGE,Service Secondary,PON,NORMAL,42.60091,-83.28223
NW26021700635,2026-02-17T17:59:07Z,2026-02-18T02:23:26Z,10,2026-02-17T17:20:45Z,2026-02-18T09:55:00Z,1,1,Equipment problem,In Progres,OUTAGE,Single Customer,PON,NORMAL,42.78299,-83.45841
NW26021700640,2026-02-17T17:59:07Z,2026-02-18T02:23:26Z,10,2026-02-17T17:20:59Z,2026-02-18T06:00:00Z,2,2,Equipment problem,In Progres,OUTAGE,Service Transformer,PON,NORMAL,42.78293,-83.4573
SE26021700588,2026-02-17T17:59:07Z,2026-02-17T17:59:07Z,1,2026-02-17T16:36:09Z,2026-02-17T21:15:00Z,18,18,Determined upon crew arrival,In Progres,OUTAGE,Service Transformer,RFD,NORMAL,42.5021,-83.10497
SE26021700598,2026-02-17T17:59:07Z,2026-02-17T17:59:07Z,1,2026-02-17T16:51:44Z,2026-02-17T21:20:00Z,1,1,Determined upon crew arrival,In Progres,OUTAGE,Single Customer,RFD,NORMAL,42.25433,-83.20586
SE26021700599,2026-02-17T17:59:07Z,2026-02-17T19:52:12Z,3,2026-02-17T16:52:59Z,2026-02-17T21:25:00Z,9,9,Determined upon crew arrival,In Progres,OUTAGE,Service Transformer,RFD,NORMAL,42.3886,-83.19554
SE26021700641,2026-02-17T17:59:07Z,2026-02-17T17:59:07Z,1,2026-02-17T17:32:00Z,2026-02-17T22:00:00Z,1,1,Determined upon crew arrival,In Progres,OUTAGE,Single Customer,RFD,NORMAL,42.38453,-83.19301
SE26021700647,2026-02-17T17:59:07Z,2026-02-17T21:19:00Z,5,2026-02-17T17:42:26Z,2026-02-17T22:15:00Z,1,1,Determined upon crew arrival,In Progres,OUTAGE,Single Customer,RFD,NORMAL,42.41791,-83.23871
SW26021700622,2026-02-17T17:59:07Z,2026-02-17T17:59:07Z,1,2026-02-17T17:15:13Z,2026-02-17T21:45:00Z,20,20,Determined upon crew arrival,In Progres,OUTAGE,Service Transformer,NPT,NORMAL,42.10093,-83.2943
SW26021700625,2026-02-17T17:59:07Z,2026-02-17T17:59:07Z,1,2026-02-17T17:16:59Z,2026-02-17T21:45:00Z,16,16,Determined upon crew arrival,In Progres,OUTAGE,Service Transformer,NPT,NORMAL,42.10758,-83.28767
SW26021700627,2026-02-17T17:59:07Z,2026-02-17T19:52:12Z,3,2026-02-17T17:18:16Z,2026-02-17T21:50:00Z,13,13,Determined upon crew arrival,In Progres,OUTAGE,Service Transformer,WWS,NORMAL,42.32218,-83.39569
SW26021700636,2026-02-17T17:59:07Z,2026-02-17T17:59:07Z,1,2026-02-17T17:26:48Z,2026-02-17T21:55:00Z,9,9,Determined upon crew arrival,In Progres,OUTAGE,Service Transformer,NPT,NORMAL,41.92267,-83.42652
SW26021700646,2026-02-17T17:59:07Z,2026-02-17T17:59:07Z,1,2026-02-17T17:42:23Z,,2,2,Determined upon crew arrival,New,OUTAGE,Service Transformer,ANN,NORMAL,42.2734,-83.63265
NE26021700675,2026-02-17T19:09:36Z,2026-02-17T21:54:33Z,5,2026-02-17T18:04:06Z,2026-02-17T22:35:00Z,1,1,Determined upon crew arrival,In Progres,OUTAGE,Single Customer,LAP,NORMAL,43.25033,-83.32172
NE26021700707,2026-02-17T19:09:36Z,2026-02-18T15:35:50Z,21,2026-02-17T12:20:26Z,2026-02-18T22:55:00Z,1,1,Equipment problem,In Progres,SERVICE DOWN NO,,MTC,NORMAL,42.51163,-82.89119
NE26021700764,2026-02-17T19:09:36Z,2026-02-17T19:52:12Z,2,2026-02-17T18:58:53Z,2026-02-17T23:30:00Z,1,1,Determined upon crew arrival,In Progres,OUTAGE,Single Customer,NAE,NORMAL,43.4071,-82.82783
NW26021700648,2026-02-17T19:09:36Z,2026-02-17T20:39:24Z,3,2026-02-17T17:45:40Z,2026-02-17T22:15:00Z,1,1,Determined upon crew arrival,In Progres,OUTAGE,Single Customer,HWL,NORMAL,42.60991,-83.95192
NW26021700654,2026-02-17T19:09:36Z,2026-02-17T19:52:12Z,2,2026-02-17T17:47:00Z,2026-02-17T22:15:00Z,1003,1003,Determined upon crew arrival,In Progres,OUTAGE,Circuit Level,PON,NORMAL,42.55719,-83.1
NW26021700655,2026-02-17T19:09:36Z,2026-02-17T19:09:36Z,1,2026-02-17T17:47:17Z,2026-02-17T22:15:00Z,2,2,Determined upon crew arrival,In Progres,OUTAGE,Service Secondary,PON,NORMAL,42.55744,-83.09855
NW26021700663,2026-02-17T19:09:36Z,2026-02-17T23:45:15Z,8,2026-02-17T17:50:35Z,2026-02-18T02:25:00Z,3,3,Equipment problem,In Progres,OUTAGE,Service Transformer,PON,NORMAL,42.62808,-83.39287
NW26021700672,2026-02-17T19:09:36Z,2026-02-17T22:32:50Z,6,2026-02-17T18:00:12Z,2026-02-17T22:30:00Z,1,1,Determined upon crew arrival,In Progres,OUTAGE,Single Customer,PON,NORMAL,42.61091,-83.64705
NW26021700685,2026-02-17T19:09:36Z,2026-02-17T20:39:24Z,3,2026-02-17T18:06:19Z,2026-02-17T22:35:00Z,1,1,Determined upon crew arrival,In Progres,OUTAGE,Single Customer,HWL,NORMAL,42.55915,-83.79115
NW26021700726,2026-02-17T19:09:36Z,2026-02-17T20:39:24Z,3,2026-02-17T18:33:41Z,2026-02-17T23:05:00Z,1,1,Determined upon crew arrival,In Progres,OUTAGE,Single Customer,HWL,NORMAL,42.58732,-83.59281
NW26021700760,2026-02-17T19:09:36Z,2026-02-17T20:39:24Z,3,2026-02-17T18:55:48Z,2026-02-17T23:25:00Z,1,1,Determined upon crew arrival,In Progres,OUTAGE,Single Customer,PON,NORMAL,42.68132,-83.31333
NW26021700765,2026-02-17T19:09:36Z,2026-02-17T19:52:12Z,2,2026-02-17T18:56:58Z,2026-02-17T23:30:00Z,2,2,Determined upon crew arrival,In Progres,OUTAGE,Service Transformer,HWL,NORMAL,42.4439,-83.90862
SE26021700653,2026-02-17T19:09:36Z,2026-02-17T19:52:12Z,2,2026-02-17T17:46:55Z,2026-02-17T22:15:00Z,14,14,Determined upon crew arrival,In Progres,OUTAGE,Service Transformer,RFD,NORMAL,42.25662,-83.2048
SE26021700664,2026-02-17T19:09:36Z,2026-02-17T19:09:36Z,1,2026-02-17T17:52:53Z,2026-02-17T22:25:00Z,1,1,Determined upon crew arrival,In Progres,OUTAGE,Single Customer,RFD,NORMAL,42.43876,-83.29793
SE26021700666,2026-02-17T19:09:36Z,2026-02-17T19:09:36Z,1,2026-02-17T17:54:12Z,2026-02-17T22:25:00Z,1,1,Determined upon crew arrival,In Progres,OUTAGE,Single Customer,RFD,NORMAL,42.26605,-83.19483
SE26021700698,2026-02-17T19:09:36Z,2026-02-17T19:09:36Z,1,2026-02-17T18:16:23Z,2026-02-17T22:45:00Z,1,1,Determined upon crew arrival,In Progres,OUTAGE,Single Customer,CAN,NORMAL,42.40794,-82.95481
SE26021700710,2026-02-17T19:09:36Z,2026-02-17T19:52:12Z,2,2026-02-17T18:27:51Z,2026-02-17T23:00:00Z,1,1,Determined upon crew arrival,In Progres,OUTAGE,Single Customer,RFD,NORMAL,42.25296,-83.20705
SE26021700723,2026-02-17T19:09:36Z,2026-02-17T19:52:12Z,2,2026-02-17T18:32:33Z,2026-02-17T23:05:00Z,1,1,Determined upon crew arrival,In Progres,OUTAGE,Single Customer,RFD,NORMAL,42.31267,-83.11904
SE26021700727,2026-02-17T19:09:36Z,2026-02-17T19:52:12Z,2,2026-02-17T18:33:53Z,2026-02-17T23:05:00Z,1,1,Determined upon crew arrival,In Progres,OUTAGE,Single Customer,CAN,NORMAL,42.4425,-83.00423
SE26021700740,2026-02-17T19:09:36Z,2026-02-17T19:52:12Z,2,2026-02-17T18:50:33Z,2026-02-17T23:20:00Z,1,1,Determined upon crew arrival,In Progres,OUTAGE,Single Customer,RFD,NORMAL,42.25433,-83.20586
SE26021700759,2026-02-17T19:09:36Z,2026-02-17T19:52:12Z,2,2026-02-17T18:55:27Z,2026-02-17T23:25:00Z,1,1,Determined upon crew arrival,In Progres,OUTAGE,Single Customer,CAN,NORMAL,42.43697,-83.00947
SW26021700662,2026-02-17T19:09:36Z,2026-02-17T19:52:12Z,2,2026-02-17T17:51:45Z,2026-02-17T22:20:00Z,5,5,Determined upon crew arrival,In Progres,OUTAGE,Service Transformer,WWS,NORMAL,42.3048,-83.39368
SW26021700686,2026-02-17T19:09:36Z,2026-02-17T19:52:12Z,2,2026-02-17T18:06:54Z,2026-02-17T22:35:00Z,1,1,Equipment problem,In Progres,OUTAGE,Single Customer,ANN,NORMAL,42.26989,-83.72406
SW26021700689,2026-02-17T19:09:36Z,2026-02-17T19:52:12Z,2,2026-02-17T18:08:34Z,2026-02-17T22:40:00Z,1,1,Equipment problem,In Progres,OUTAGE,Single Customer,ANN,NORMAL,42.26862,-83.7222
SW26021700693,2026-02-17T19:09:36Z,2026-02-17T19:52:12Z,2,2026-02-17T17:56:15Z,2026-02-17T22:40:00Z,18,18,Determined upon crew arrival,In Progres,OUTAGE,Service Transformer,NPT,NORMAL,42.09516,-83.19945
SW26021700708,2026-02-17T19:09:36Z,2026-02-17T21:19:00Z,4,2026-02-17T18:24:37Z,2026-02-17T22:55:00Z,13,13,Determined upon crew arrival,In Progres,OUTAGE,Service Transformer,WWS,NORMAL,42.32649,-83.41118
SW26021700711,2026-02-17T19:09:36Z,2026-02-17T20:39:24Z,3,2026-02-17T18:28:01Z,2026-02-17T23:00:00Z,2,2,Determined upon crew arrival,In Progres,OUTAGE,Service Secondary,WWS,NORMAL,42.22772,-83.49384
SW26021700720,2026-02-17T19:09:36Z,2026-02-17T19:52:12Z,2,2026-02-17T18:31:18Z,2026-02-17T23:00:00Z,1,1,Determined upon crew arrival,In Progres,OUTAGE,Service Transformer,ANN,NORMAL,42.23852,-83.69093
NE26021700767,2026-02-17T19:52:12Z,2026-02-17T22:32:50Z,5,2026-02-17T18:59:40Z,2026-02-17T23:30:00Z,1,1,Determined upon crew arrival,In Progres,OUTAGE,Single Customer,LAP,NORMAL,43.05687,-83.31645
NE26021700775,2026-02-17T19:52:12Z,2026-02-17T19:52:12Z,1,2026-02-17T19:08:27Z,2026-02-17T23:40:00Z,1,1,Determined upon crew arrival,In Progres,OUTAGE,Service Secondary,MTC,NORMAL,42.47952,-82.93225
NE26021700786,2026-02-17T19:52:12Z,2026-02-17T19:52:12Z,1,2026-02-17T19:19:05Z,2026-02-17T23:50:00Z,1,1,Determined upon crew arrival,In Progres,OUTAGE,Single Customer,NAE,NORMAL,43.31211,-83.58252
NE26021700793,2026-02-17T19:52:12Z,2026-02-17T19:52:12Z,1,2026-02-17T19:22:58Z,2026-02-17T23:55:00Z,1,1,Determined upon crew arrival,In Progres,OUTAGE,Single Customer,MAR,NORMAL,43.01232,-82.46281
NE26021700795,2026-02-17T19:52:12Z,2026-02-17T23:45:15Z,7,2026-02-17T17:30:43Z,2026-02-17T23:55:00Z,1,1,Determined upon crew arrival,In Progres,OUTAGE,Single Customer,MAR,NORMAL,43.20578,-82.71737
SE26021700776,2026-02-17T19:52:12Z,2026-02-17T23:45:15Z,7,2026-02-17T19:10:37Z,2026-02-17T23:40:00Z,1,1,Determined upon crew arrival,In Progres,OUTAGE,Single Customer,RFD,NORMAL,42.39968,-83.14056
SE26021700780,2026-02-17T19:52:12Z,2026-02-17T20:39:24Z,2,2026-02-17T19:13:50Z,2026-02-17T23:45:00Z,1,1,Determined upon crew arrival,New,OUTAGE,Single Customer,CAN,NORMAL,42.42013,-82.9814
SW26021700792,2026-02-17T19:52:12Z,2026-02-17T19:52:12Z,1,2026-02-17T19:22:54Z,2026-02-17T23:55:00Z,1,1,Determined upon crew arrival,New,OUTAGE,Single Customer,WWS,NORMAL,42.22772,-83.49384
NE26021700851,2026-02-17T20:39:24Z,2026-02-17T21:19:00Z,2,2026-02-17T20:28:52Z,2026-02-18T01:00:00Z,1,1,Determined upon crew arrival,In Progres,OUTAGE,Single Customer,MAR,NORMAL,43.01232,-82.46281
NW26021700835,2026-02-17T20:39:24Z,2026-02-17T21:19:00Z,2,2026-02-17T20:05:23Z,2026-02-18T00:35:00Z,2,2,Determined upon crew arrival,New,OUTAGE,Service Secondary,PON,NORMAL,42.55744,-83.09855
SE26021700808,2026-02-17T20:39:24Z,2026-02-17T21:54:33Z,3,2026-02-17T19:30:35Z,2026-02-18T00:05:00Z,1,1,Determined upon crew arrival,In Progres,OUTAGE,Single Customer,RFD,NORMAL,42.24553,-83.151
SE26021700822,2026-02-17T20:39:24Z,2026-02-17T23:45:15Z,6,2026-02-17T14:08:54Z,2026-02-18T00:20:00Z,1,1,Determined upon crew arrival,In Progres,OUTAGE,Single Customer,RFD,NORMAL,42.53623,-83.15081
SE26021700825,2026-02-17T20:39:24Z,2026-02-17T22:32:50Z,4,2026-02-17T19:50:23Z,2026-02-18T00:20:00Z,1,1,Determined upon crew arrival,New,OUTAGE,Single Customer,CAN,NORMAL,42.37206,-83.06372
SW26021700816,2026-02-17T20:39:24Z,2026-02-17T20:39:24Z,1,2026-02-17T14:11:00Z,2026-02-18T00:15:00Z,1,1,Determined upon crew arrival,In Progres,OUTAGE,Single Customer,WWS,NORMAL,42.19737,-83.44749
SW26021700831,2026-02-17T20:39:24Z,2026-02-17T22:32:50Z,4,2026-02-17T18:44:11Z,2026-02-18T00:35:00Z,1,1,Equipment problem,In Progres,OUTAGE,Single Customer,ANN,NORMAL,42.24972,-83.6451
SW26021700852,2026-02-17T20:39:24Z,2026-02-17T20:39:24Z,1,2026-02-17T20:30:00Z,,1096,1096,Determined upon crew arrival,New,OUTAGE,Circuit Level,NPT,NORMAL,42.16759,-83.23568
NE26021700861,2026-02-17T21:19:00Z,2026-02-18T14:32:34Z,17,2026-02-17T20:40:15Z,2026-02-19T01:20:00Z,1,1,Public Interference w/DTE equip,In Progres,OUTAGE,Single Customer,MTC,NORMAL,42.56525,-82.89488
NW26021700862,2026-02-17T21:19:00Z,2026-02-17T21:19:00Z,1,2026-02-17T20:50:11Z,2026-02-18T01:20:00Z,59,59,Determined upon crew arrival,In Progres,OUTAGE,Device (I),PON,NORMAL,42.58825,-83.46838
SE26021700871,2026-02-17T21:19:00Z,2026-02-18T18:31:41Z,21,2026-02-17T20:54:44Z,2026-02-19T01:25:00Z,1,1,Determined upon crew arrival,In Progres,OUTAGE,Single Customer,CAN,NORMAL,42.40081,-83.09849
SE26021700872,2026-02-17T21:19:00Z,2026-02-18T02:23:26Z,6,2026-02-17T12:53:43Z,2026-02-18T13:25:00Z,1,1,Equipment problem,In Progres,OUTAGE,Single Customer,CAN,NORMAL,42.42185,-82.98084
SE26021700882,2026-02-17T21:54:33Z,2026-02-17T23:02:31Z,3,2026-02-17T21:13:23Z,2026-02-18T01:45:00Z,1,1,Determined upon crew arrival,In Progres,PRIORITY,,CAN,NORMAL,42.39727,-83.02886
SE26021700893,2026-02-17T21:54:33Z,2026-02-18T02:23:26Z,5,2026-02-17T21:24:06Z,2026-02-18T13:55:00Z,1,1,Determined upon crew arrival,In Progres,OUTAGE,Single Customer,CAN,NORMAL,42.40704,-83.11951
SE26021700895,2026-02-17T21:54:33Z,2026-02-18T02:23:26Z,5,2026-02-17T06:28:44Z,2026-02-18T05:55:00Z,17,17,Equipment problem,In Progres,OUTAGE,Service Transformer,CAN,NORMAL,42.42188,-82.97835
SE26021700899,2026-02-17T21:54:33Z,2026-02-17T23:45:15Z,4,2026-02-17T21:28:53Z,2026-02-18T02:00:00Z,1,1,Determined upon crew arrival,In Progres,OUTAGE,Single Customer,RFD,NORMAL,42.38476,-83.18775
SE26021700902,2026-02-17T21:54:33Z,2026-02-18T04:32:16Z,6,2026-02-17T21:30:04Z,2026-02-18T14:00:00Z,1,1,Equipment problem,In Progres,OUTAGE,Single Customer,CAN,NORMAL,42.42101,-82.98038
SE26021700905,2026-02-17T21:54:33Z,2026-02-17T23:45:15Z,4,2026-02-17T21:31:50Z,2026-02-18T02:05:00Z,1,1,Determined upon crew arrival,In Progres,OUTAGE,Single Customer,RFD,NORMAL,42.39117,-83.22421
SE26021700907,2026-02-17T21:54:33Z,2026-02-17T21:54:33Z,1,2026-02-17T21:36:31Z,2026-02-18T02:05:00Z,1,1,Determined upon crew arrival,New,OUTAGE,Single Customer,RFD,NORMAL,42.45851,-83.26306
SW26021700914,2026-02-17T21:54:33Z,2026-02-17T21:54:33Z,1,2026-02-17T21:43:15Z,,1,1,Determined upon crew arrival,New,OUTAGE,Single Customer,WWS,NORMAL,42.23429,-83.2378
SW26021700915,2026-02-17T21:54:33Z,2026-02-17T21:54:33Z,1,2026-02-17T21:44:45Z,,1,1,Determined upon crew arrival,New,OUTAGE,Single Customer,WWS,NORMAL,42.21907,-83.26202
SE26021700940,2026-02-17T22:32:50Z,2026-02-17T23:02:31Z,2,2026-02-17T22:14:08Z,2026-02-18T02:45:00Z,102,102,Determined upon crew arrival,In Progres,OUTAGE,Service Transformer,RFD,NORMAL,42.45624,-83.20851
SW26021700930,2026-02-17T22:32:50Z,2026-02-17T23:02:31Z,2,2026-02-17T21:45:14Z,2026-02-18T02:35:00Z,1,1,Determined upon crew arrival,In Progres,OUTAGE,Single Customer,WWS,NORMAL,42.27607,-83.50537
NW26021700948,2026-02-17T23:02:31Z,2026-02-17T23:45:15Z,2,2026-02-17T18:04:41Z,2026-02-18T02:55:00Z,7,7,Determined upon crew arrival,In Progres,OUTAGE,Service Transformer,PON,NORMAL,42.55744,-83.09855
NE26021700974,2026-02-17T23:45:15Z,2026-02-18T17:42:21Z,16,2026-02-17T22:43:53Z,2026-02-19T03:35:00Z,1,1,Equipment problem,In Progres,OUTAGE,Single Customer,MTC,NORMAL,42.70058,-82.95967
NE26021700978,2026-02-17T23:45:15Z,2026-02-18T05:48:11Z,4,2026-02-17T23:10:23Z,2026-02-18T07:40:00Z,1249,1249,Determined upon crew arrival,In Progres,OUTAGE,Device (II),MTC,NORMAL,42.4848,-82.92654
NE26021700982,2026-02-17T23:45:15Z,2026-02-18T02:23:26Z,2,2026-02-17T23:17:23Z,2026-02-18T03:45:00Z,1,1,Determined upon crew arrival,New,OUTAGE,Single Customer,MTC,NORMAL,42.48329,-82.9278
NE26021700986,2026-02-17T23:45:15Z,2026-02-18T02:23:26Z,2,2026-02-17T23:19:43Z,2026-02-18T03:50:00Z,1,1,Wind damage,In Progres,OUTAGE,Single Customer,MTC,NORMAL,42.48161,-82.92765
NE26021700991,2026-02-17T23:45:15Z,2026-02-18T02:23:26Z,2,2026-02-17T23:27:01Z,2026-02-18T03:55:00Z,31,31,Equipment problem,In Progres,OUTAGE,Service Transformer,MTC,NORMAL,42.46229,-82.9461
NE26021700994,2026-02-17T23:45:15Z,2026-02-17T23:45:15Z,1,2026-02-17T23:28:31Z,,1,1,Determined upon crew arrival,New,OUTAGE,Single Customer,MTC,NORMAL,42.46021,-82.94602
NW26021700971,2026-02-17T23:45:15Z,2026-02-18T04:32:16Z,3,2026-02-17T23:02:11Z,2026-02-18T15:30:00Z,1,1,Equipment problem,In Progres,OUTAGE,Single Customer,PON,NORMAL,42.78461,-83.45956
SE26021700973,2026-02-17T23:45:15Z,2026-02-17T23:45:15Z,1,2026-02-17T23:04:46Z,2026-02-18T03:35:00Z,1,1,Determined upon crew arrival,New,OUTAGE,Single Customer,CAN,NORMAL,42.43468,-83.06254
SE26021700992,2026-02-17T23:45:15Z,2026-02-18T11:38:48Z,10,2026-02-17T20:33:46Z,2026-02-18T15:55:00Z,1,1,Wind damage,In Progres,OUTAGE,Single Customer,RFD,NORMAL,42.34915,-83.15674
SE26021700996,2026-02-17T23:45:15Z,2026-02-17T23:45:15Z,1,2026-02-17T23:29:58Z,,1,1,Determined upon crew arrival,New,OUTAGE,Single Customer,CAN,NORMAL,42.42018,-82.97922
NE26021701018,2026-02-18T02:23:26Z,2026-02-18T02:23:26Z,1,2026-02-17T23:12:53Z,2026-02-18T04:20:00Z,7,7,Determined upon crew arrival,New,OUTAGE,Service Transformer,MTC,NORMAL,42.48341,-82.92648
NE26021701021,2026-02-18T02:23:26Z,2026-02-18T16:43:37Z,14,2026-02-17T23:52:54Z,2026-02-19T04:25:00Z,1,1,Meter Issue,In Progres,OUTAGE,Single Customer,LAP,NORMAL,43.23574,-83.55985
NE26021701023,2026-02-18T02:23:26Z,2026-02-18T09:56:36Z,7,2026-02-17T23:54:49Z,2026-02-18T16:25:00Z,1,1,Equipment problem,Pending,SERVICE DOWN NO,,MTC,NORMAL,42.50253,-82.94535
NE26021701038,2026-02-18T02:23:26Z,2026-02-18T14:32:34Z,12,2026-02-18T00:08:02Z,2026-02-18T16:40:00Z,1,1,Equipment problem,In Progres,OUTAGE,Single Customer,MTC,NORMAL,42.5554,-82.89071
NE26021701047,2026-02-18T02:23:26Z,2026-02-19T10:05:30Z,31,2026-02-18T00:16:37Z,2026-02-19T12:45:00Z,1,1,Ice on lines and equipment,In Progres,PRIORITY,,MTC,NORMAL,42.55061,-82.9323
NE26021701063,2026-02-18T02:23:26Z,2026-02-18T18:31:41Z,16,2026-02-18T00:35:35Z,2026-02-19T05:05:00Z,1,1,Equipment problem,In Progres,OUTAGE,Single Customer,MTC,NORMAL,42.45057,-82.95842
NE26021701065,2026-02-18T02:23:26Z,2026-02-18T14:32:34Z,12,2026-02-18T00:36:34Z,2026-02-18T17:05:00Z,1,1,Equipment problem,In Progres,SERVICE DOWN NO,,MTC,NORMAL,42.47715,-82.89544
NE26021701086,2026-02-18T02:23:26Z,2026-02-18T20:21:21Z,18,2026-02-18T01:07:21Z,2026-02-19T05:35:00Z,1,1,Equipment problem,In Progres,OUTAGE,Single Customer,MTC,NORMAL,42.57715,-82.89787
NE26021701087,2026-02-18T02:23:26Z,2026-02-18T02:23:26Z,1,2026-02-18T01:08:46Z,2026-02-18T05:40:00Z,1,1,Determined upon crew arrival,New,OUTAGE,Single Customer,MTC,NORMAL,42.48161,-82.92788
NE26021701092,2026-02-18T02:23:26Z,2026-02-18T02:23:26Z,1,2026-02-18T01:10:58Z,2026-02-18T05:45:00Z,12,12,Determined upon crew arrival,In Progres,OUTAGE,Service Transformer,MTC,NORMAL,42.5898,-82.87839
NE26021701093,2026-02-18T02:23:26Z,2026-02-18T16:43:37Z,14,2026-02-18T01:16:06Z,2026-02-18T17:45:00Z,1,1,Equipment problem,In Progres,OUTAGE,Single Customer,MTC,NORMAL,42.50388,-82.9347
NE26021701095,2026-02-18T02:23:26Z,2026-02-18T02:23:26Z,1,2026-02-18T01:20:55Z,2026-02-18T05:50:00Z,1,1,Determined upon crew arrival,In Progres,OUTAGE,Single Customer,MTC,NORMAL,42.48527,-82.92786
NE26021701097,2026-02-18T02:23:26Z,2026-02-18T17:42:21Z,15,2026-02-18T01:28:56Z,2026-02-18T18:00:00Z,1,1,Equipment problem,In Progres,OUTAGE,Single Customer,LAP,NORMAL,42.83657,-83.29676
NE26021701110,2026-02-18T02:23:26Z,2026-02-18T04:32:16Z,2,2026-02-18T01:41:15Z,2026-02-18T06:10:00Z,1,1,Determined upon crew arrival,In Progres,OUTAGE,Single Customer,MTC,NORMAL,42.48715,-82.90508
SE26021700999,2026-02-18T02:23:26Z,2026-02-18T04:32:16Z,2,2026-02-17T23:32:16Z,2026-02-18T16:00:00Z,1,1,Equipment problem,In Progres,OUTAGE,Single Customer,RFD,NORMAL,42.45624,-83.20851
SE26021701058,2026-02-18T02:23:26Z,2026-02-18T02:23:26Z,1,2026-02-17T22:14:08Z,2026-02-18T05:00:00Z,101,101,Equipment problem,In Progres,OUTAGE,Service Transformer,RFD,NORMAL,42.45624,-83.20851
SE26021701090,2026-02-18T02:23:26Z,2026-02-18T09:56:36Z,7,2026-02-18T01:11:57Z,2026-02-18T17:40:00Z,1,1,Equipment problem,In Progres,SERVICE DOWN NO,,RFD,NORMAL,42.48158,-83.10893
SE26021701094,2026-02-18T02:23:26Z,2026-02-18T14:32:34Z,12,2026-02-18T01:18:13Z,2026-02-18T17:50:00Z,1,1,Determined upon crew arrival,In Progres,SERVICE DOWN NO,,CAN,NORMAL,42.44968,-82.95499
SE26021701116,2026-02-18T02:23:26Z,2026-02-18T19:35:06Z,17,2026-02-18T01:55:29Z,2026-02-19T06:25:00Z,1,1,Equipment problem,In Progres,OUTAGE,Single Customer,CAN,NORMAL,42.42754,-82.91523
SW26021701120,2026-02-18T02:23:26Z,2026-02-18T02:23:26Z,1,2026-02-17T15:57:29Z,2026-02-18T06:30:00Z,1,1,Determined upon crew arrival,In Progres,OUTAGE,Single Customer,WWS,NORMAL,42.26785,-83.28758
NE26021701135,2026-02-18T04:32:16Z,2026-02-18T15:35:50Z,12,2026-02-18T02:35:28Z,2026-02-18T19:15:00Z,1,1,Equipment problem,In Progres,OUTAGE,Single Customer,MTC,NORMAL,42.4668,-83.02024
NE26021701146,2026-02-18T04:32:16Z,2026-02-18T04:32:16Z,1,2026-02-17T23:19:43Z,2026-02-18T07:45:00Z,3,3,Determined upon crew arrival,In Progres,OUTAGE,Service Transformer,MTC,NORMAL,42.48426,-82.92682
SE26021701178,2026-02-18T04:32:16Z,2026-02-18T04:32:16Z,1,2026-02-18T04:10:26Z,2026-02-18T08:40:00Z,1,1,Determined upon crew arrival,New,OUTAGE,Single Customer,RFD,NORMAL,42.49741,-83.10048
SE26021701179,2026-02-18T04:32:16Z,2026-02-18T04:32:16Z,1,2026-02-18T04:10:34Z,2026-02-18T08:40:00Z,1,1,Determined upon crew arrival,New,OUTAGE,Single Customer,RFD,NORMAL,42.49736,-83.1143
SE26021701180,2026-02-18T04:32:16Z,2026-02-18T04:32:16Z,1,2026-02-18T04:11:32Z,2026-02-18T08:40:00Z,1,1,Determined upon crew arrival,New,OUTAGE,Single Customer,RFD,NORMAL,42.49338,-83.11557
SE26021701181,2026-02-18T04:32:16Z,2026-02-18T04:32:16Z,1,2026-02-18T04:11:35Z,2026-02-18T08:40:00Z,1,1,Determined upon crew arrival,New,OUTAGE,Single Customer,RFD,NORMAL,42.48898,-83.11389
SE26021701182,2026-02-18T04:32:16Z,2026-02-18T04:32:16Z,1,2026-02-18T04:11:44Z,2026-02-18T08:40:00Z,475,475,Determined upon crew arrival,New,OUTAGE,Device (II),RFD,NORMAL,42.48835,-83.11055
SE26021701185,2026-02-18T04:32:16Z,2026-02-18T04:32:16Z,1,2026-02-18T04:11:46Z,2026-02-18T08:40:00Z,1,1,Determined upon crew arrival,New,OUTAGE,Single Customer,RFD,NORMAL,42.49752,-83.10615
SE26021701186,2026-02-18T04:32:16Z,2026-02-18T04:32:16Z,1,2026-02-18T04:11:49Z,2026-02-18T08:40:00Z,1,1,Determined upon crew arrival,New,OUTAGE,Single Customer,RFD,NORMAL,42.49525,-83.11075
SE26021701188,2026-02-18T04:32:16Z,2026-02-18T04:32:16Z,1,2026-02-18T04:11:51Z,2026-02-18T08:40:00Z,1,1,Determined upon crew arrival,New,OUTAGE,Single Customer,RFD,NORMAL,42.49258,-83.11176
SE26021701189,2026-02-18T04:32:16Z,2026-02-18T04:32:16Z,1,2026-02-18T04:11:52Z,2026-02-18T08:40:00Z,1,1,Determined upon crew arrival,New,OUTAGE,Single Customer,RFD,NORMAL,42.49487,-83.11187
SE26021701195,2026-02-18T04:32:16Z,2026-02-18T04:32:16Z,1,2026-02-18T04:13:01Z,,1,1,Determined upon crew arrival,New,OUTAGE,Single Customer,RFD,NORMAL,42.48911,-83.10926
SE26021701201,2026-02-18T04:32:16Z,2026-02-18T04:32:16Z,1,2026-02-18T04:14:20Z,,1,1,Determined upon crew arrival,New,OUTAGE,Single Customer,RFD,NORMAL,42.49638,-83.10734
NE26021701229,2026-02-18T05:48:11Z,2026-02-18T05:48:11Z,1,2026-02-18T04:30:36Z,2026-02-18T09:00:00Z,11,11,Determined upon crew arrival,In Progres,OUTAGE,Service Transformer,NAE,NORMAL,44.01453,-83.04674
NE26021701234,2026-02-18T05:48:11Z,2026-02-19T10:05:30Z,29,2026-02-17T23:24:23Z,2026-02-19T13:25:00Z,1,1,Determined upon crew arrival,In Progres,PRIORITY,,MTC,NORMAL,42.4701,-82.99453
NE26021800026,2026-02-18T05:48:11Z,2026-02-18T05:48:11Z,1,2026-02-18T05:26:40Z,2026-02-18T09:55:00Z,1,1,Determined upon crew arrival,New,OUTAGE,Single Customer,LAP,NORMAL,42.90071,-83.28854
SE26021701221,2026-02-18T05:48:11Z,2026-02-18T12:04:23Z,8,2026-02-18T04:18:57Z,2026-02-18T12:55:00Z,21,21,Equipment problem,In Progres,OUTAGE,Service Transformer,RFD,NORMAL,42.30149,-83.2417
SE26021800041,2026-02-18T07:57:50Z,2026-02-18T07:57:50Z,1,2026-02-18T07:26:55Z,2026-02-18T12:10:00Z,1,1,Determined upon crew arrival,New,OUTAGE,Single Customer,RFD,NORMAL,42.41105,-83.16051
SW26021800032,2026-02-18T07:57:50Z,2026-02-18T14:32:34Z,8,2026-02-18T06:48:45Z,2026-02-18T15:25:00Z,5,5,Determined upon crew arrival,In Progres,OUTAGE,Device (I),NPT,NORMAL,41.89504,-83.73895
NE26021800043,2026-02-18T08:56:58Z,2026-02-18T16:43:37Z,9,2026-02-18T07:49:46Z,2026-02-19T00:20:00Z,1,1,Equipment problem,In Progres,OUTAGE,Single Customer,MAR,NORMAL,42.92599,-82.48392
NE26021800051,2026-02-18T08:56:58Z,2026-02-19T00:02:55Z,19,2026-02-18T08:34:11Z,2026-02-19T01:05:00Z,1,1,Equipment problem,In Progres,OUTAGE,Single Customer,MTC,NORMAL,42.50525,-82.92427
SW26021800050,2026-02-18T08:56:58Z,2026-02-18T12:04:23Z,5,2026-02-18T08:27:07Z,2026-02-18T12:55:00Z,1,1,Determined upon crew arrival,New,OUTAGE,Single Customer,NPT,NORMAL,41.91845,-83.42734
NE26021800061,2026-02-18T09:56:36Z,2026-02-18T12:04:23Z,4,2026-02-18T09:27:03Z,2026-02-18T14:00:00Z,2,2,Determined upon crew arrival,PC3 Verifi,OUTAGE,Service Secondary,MTC,NORMAL,42.47458,-83.01908
NW26021800056,2026-02-18T09:56:36Z,2026-02-18T12:04:23Z,4,2026-02-18T09:17:15Z,2026-02-18T13:50:00Z,92,92,Equipment problem,In Progres,OUTAGE,Device (II),SBY,NORMAL,42.6111,-83.04618
NE26021800113,2026-02-18T10:52:37Z,2026-02-18T14:32:34Z,5,2026-02-18T09:57:06Z,2026-02-18T14:25:00Z,1,1,Equipment problem,In Progres,OUTAGE,Single Customer,MTC,NORMAL,42.48626,-82.96265
NE26021800114,2026-02-18T10:52:37Z,2026-02-18T14:32:34Z,5,2026-02-17T23:54:49Z,2026-02-18T14:30:00Z,1,1,Equipment problem,In Progres,OUTAGE,Single Customer,MTC,NORMAL,42.50253,-82.94535
NE26021800115,2026-02-18T10:52:37Z,2026-02-18T11:38:48Z,2,2026-02-18T10:01:36Z,2026-02-18T14:30:00Z,153,153,Determined upon crew arrival,In Progres,OUTAGE,Device (II),MTC,NORMAL,42.63707,-82.87622
NE26021800117,2026-02-18T10:52:37Z,2026-02-18T15:35:50Z,6,2026-02-18T10:05:21Z,2026-02-18T18:35:00Z,1,1,Equipment problem,In Progres,OUTAGE,Single Customer,MAR,NORMAL,42.80232,-82.51502
NE26021800119,2026-02-18T10:52:37Z,2026-02-18T14:32:34Z,5,2026-02-18T09:59:55Z,2026-02-18T14:35:00Z,1,1,Equipment problem,In Progres,OUTAGE,Single Customer,MAR,NORMAL,42.75827,-82.49327
NE26021800126,2026-02-18T10:52:37Z,2026-02-18T16:43:37Z,7,2026-02-18T10:12:35Z,2026-02-18T18:45:00Z,2,2,Equipment problem,In Progres,OUTAGE,Service Secondary,MTC,NORMAL,42.5361,-83.02517
NE26021800134,2026-02-18T10:52:37Z,2026-02-19T06:14:15Z,20,2026-02-18T10:23:16Z,2026-02-19T14:55:00Z,1,1,Equipment problem,In Progres,SERVICE DOWN NO,,MTC,NORMAL,42.50521,-82.9218
NE26021800135,2026-02-18T10:52:37Z,2026-02-19T00:02:55Z,17,2026-02-18T10:26:43Z,2026-02-19T02:55:00Z,1,1,Equipment problem,In Progres,OUTAGE,Single Customer,MTC,NORMAL,42.47401,-82.94886
NE26021800140,2026-02-18T10:52:37Z,2026-02-18T11:38:48Z,2,2026-02-18T10:35:58Z,2026-02-18T15:05:00Z,1,1,Determined upon crew arrival,PC3 Verifi,OUTAGE,Single Customer,MTC,NORMAL,42.63571,-82.87607
NE26021800143,2026-02-18T10:52:37Z,2026-02-18T15:35:50Z,6,2026-02-18T10:38:40Z,2026-02-19T03:10:00Z,1,1,Equipment problem,Pending,OUTAGE,Single Customer,MAR,NORMAL,43.01295,-82.48324
NE26021800147,2026-02-18T10:52:37Z,2026-02-18T12:04:23Z,3,2026-02-18T10:44:48Z,2026-02-18T15:15:00Z,156,156,Equipment problem,In Progres,OUTAGE,Device (II),MAR,NORMAL,42.78898,-82.7138
NE26021800148,2026-02-18T10:52:37Z,2026-02-18T11:38:48Z,2,2026-02-18T10:44:52Z,2026-02-18T15:15:00Z,1,1,Determined upon crew arrival,In Progres,OUTAGE,Single Customer,MAR,NORMAL,42.78158,-82.70219
NW26021800075,2026-02-18T10:52:37Z,2026-02-18T12:04:23Z,3,2026-02-18T09:50:05Z,2026-02-18T14:25:00Z,10,10,Determined upon crew arrival,In Progres,OUTAGE,Service Transformer,PON,NORMAL,42.61518,-83.29394
NW26021800123,2026-02-18T10:52:37Z,2026-02-18T15:35:50Z,6,2026-02-18T10:10:59Z,2026-02-19T02:40:00Z,1,1,Equipment problem,In Progres,OUTAGE,Single Customer,SBY,NORMAL,42.62338,-83.02483
NW26021800124,2026-02-18T10:52:37Z,2026-02-18T12:04:23Z,3,2026-02-18T10:11:18Z,2026-02-18T14:40:00Z,1,1,Equipment problem,In Progres,OUTAGE,Single Customer,PON,NORMAL,42.67736,-83.43031
NW26021800129,2026-02-18T10:52:37Z,2026-02-18T12:04:23Z,3,2026-02-18T10:16:18Z,2026-02-18T14:45:00Z,1,1,Equipment problem,In Progres,OUTAGE,Single Customer,PON,NORMAL,42.64442,-83.33697
NW26021800145,2026-02-18T10:52:37Z,2026-02-18T14:32:34Z,5,2026-02-18T10:21:07Z,2026-02-18T15:10:00Z,1,1,Equipment problem,In Progres,OUTAGE,Single Customer,SBY,NORMAL,42.66911,-83.13278
SE26021800131,2026-02-18T10:52:37Z,2026-02-18T19:35:06Z,10,2026-02-17T22:19:48Z,2026-02-19T02:50:00Z,1,1,Determined upon crew arrival,In Progres,OUTAGE,Single Customer,CAN,NORMAL,42.41983,-82.94246
NE26021800149,2026-02-18T11:38:48Z,2026-02-18T11:38:48Z,1,2026-02-18T10:45:36Z,2026-02-18T15:15:00Z,1,1,Determined upon crew arrival,In Progres,OUTAGE,Single Customer,MAR,NORMAL,42.78097,-82.71848
NE26021800151,2026-02-18T11:38:48Z,2026-02-18T11:38:48Z,1,2026-02-18T10:46:48Z,2026-02-18T15:15:00Z,2,2,Determined upon crew arrival,In Progres,OUTAGE,Service Transformer,MAR,NORMAL,42.7911,-82.7139
NE26021800152,2026-02-18T11:38:48Z,2026-02-18T11:38:48Z,1,2026-02-18T10:49:11Z,2026-02-18T15:20:00Z,1,1,Determined upon crew arrival,In Progres,OUTAGE,Single Customer,MAR,NORMAL,42.78338,-82.7136
NE26021800153,2026-02-18T11:38:48Z,2026-02-18T11:38:48Z,1,2026-02-18T10:50:09Z,2026-02-18T15:20:00Z,1,1,Determined upon crew arrival,In Progres,OUTAGE,Single Customer,MAR,NORMAL,42.77241,-82.71295
NE26021800154,2026-02-18T11:38:48Z,2026-02-18T11:38:48Z,1,2026-02-18T10:50:19Z,2026-02-18T15:20:00Z,1,1,Determined upon crew arrival,In Progres,OUTAGE,Single Customer,MAR,NORMAL,42.78088,-82.72347
NE26021800156,2026-02-18T11:38:48Z,2026-02-18T11:38:48Z,1,2026-02-18T10:50:53Z,2026-02-18T15:20:00Z,1,1,Determined upon crew arrival,In Progres,OUTAGE,Single Customer,MAR,NORMAL,42.78067,-82.71116
NE26021800157,2026-02-18T11:38:48Z,2026-02-18T11:38:48Z,1,2026-02-18T10:53:09Z,2026-02-18T15:25:00Z,1,1,Determined upon crew arrival,In Progres,OUTAGE,Single Customer,MAR,NORMAL,42.79582,-82.70866
NE26021800158,2026-02-18T11:38:48Z,2026-02-18T11:38:48Z,1,2026-02-18T10:55:41Z,2026-02-18T15:25:00Z,2,2,Determined upon crew arrival,In Progres,OUTAGE,Service Secondary,MAR,NORMAL,42.79606,-82.70197
NE26021800159,2026-02-18T11:38:48Z,2026-02-18T11:38:48Z,1,2026-02-18T10:55:59Z,2026-02-18T15:25:00Z,1,1,Determined upon crew arrival,In Progres,OUTAGE,Single Customer,MAR,NORMAL,42.79489,-82.70504
NE26021800160,2026-02-18T11:38:48Z,2026-02-18T12:04:23Z,2,2026-02-18T10:54:36Z,2026-02-18T15:25:00Z,1,1,Determined upon crew arrival,New,OUTAGE,Single Customer,MTC,NORMAL,42.47828,-82.89519
NE26021800163,2026-02-18T11:38:48Z,2026-02-18T11:38:48Z,1,2026-02-18T10:56:50Z,2026-02-18T15:25:00Z,1,1,Determined upon crew arrival,In Progres,OUTAGE,Single Customer,MAR,NORMAL,42.78115,-82.71478
NE26021800164,2026-02-18T11:38:48Z,2026-02-18T11:38:48Z,1,2026-02-18T10:57:06Z,2026-02-18T15:25:00Z,1,1,Determined upon crew arrival,In Progres,OUTAGE,Single Customer,MAR,NORMAL,42.78204,-82.70481
NE26021800165,2026-02-18T11:38:48Z,2026-02-18T11:38:48Z,1,2026-02-18T10:57:34Z,2026-02-18T15:30:00Z,2,2,Determined upon crew arrival,In Progres,OUTAGE,Service Transformer,MAR,NORMAL,42.78626,-82.71364
NE26021800166,2026-02-18T11:38:48Z,2026-02-18T11:38:48Z,1,2026-02-18T10:58:21Z,2026-02-18T15:30:00Z,1,1,Determined upon crew arrival,In Progres,OUTAGE,Single Customer,MAR,NORMAL,42.78041,-82.72681
NE26021800167,2026-02-18T11:38:48Z,2026-02-18T11:38:48Z,1,2026-02-18T10:58:54Z,2026-02-18T15:30:00Z,2,2,Determined upon crew arrival,In Progres,OUTAGE,Service Transformer,MAR,NORMAL,42.78125,-82.72723
NE26021800168,2026-02-18T11:38:48Z,2026-02-18T11:38:48Z,1,2026-02-18T11:02:03Z,2026-02-18T15:30:00Z,1,1,Determined upon crew arrival,In Progres,OUTAGE,Single Customer,MAR,NORMAL,42.77811,-82.72587
NE26021800172,2026-02-18T11:38:48Z,2026-02-18T12:04:23Z,2,2026-02-18T11:05:24Z,2026-02-18T15:35:00Z,1,1,Determined upon crew arrival,New,OUTAGE,Single Customer,MAR,NORMAL,43.00163,-82.4697
NE26021800174,2026-02-18T11:38:48Z,2026-02-18T11:38:48Z,1,2026-02-18T11:05:46Z,2026-02-18T15:35:00Z,1,1,Determined upon crew arrival,In Progres,OUTAGE,Single Customer,MAR,NORMAL,42.78095,-82.72
NE26021800176,2026-02-18T11:38:48Z,2026-02-18T11:38:48Z,1,2026-02-18T11:06:44Z,2026-02-18T15:35:00Z,1,1,Determined upon crew arrival,In Progres,OUTAGE,Single Customer,MAR,NORMAL,42.79499,-82.71217
NE26021800177,2026-02-18T11:38:48Z,2026-02-18T11:38:48Z,1,2026-02-18T11:07:07Z,2026-02-18T15:35:00Z,1,1,Determined upon crew arrival,In Progres,OUTAGE,Single Customer,MAR,NORMAL,42.79635,-82.7078
NE26021800182,2026-02-18T11:38:48Z,2026-02-19T00:02:55Z,16,2026-02-18T10:50:39Z,2026-02-19T03:40:00Z,1,1,Equipment problem,In Progres,SERVICE DOWN NO,,MTC,NORMAL,42.51389,-82.92345
NE26021800183,2026-02-18T11:38:48Z,2026-02-18T11:38:48Z,1,2026-02-18T11:08:42Z,2026-02-18T15:40:00Z,2,2,Determined upon crew arrival,In Progres,OUTAGE,Service Transformer,MAR,NORMAL,42.78069,-82.72652
NE26021800184,2026-02-18T11:38:48Z,2026-02-18T11:38:48Z,1,2026-02-18T11:09:40Z,2026-02-18T15:40:00Z,1,1,Determined upon crew arrival,In Progres,OUTAGE,Single Customer,MAR,NORMAL,42.79331,-82.71417
NE26021800185,2026-02-18T11:38:48Z,2026-02-18T11:38:48Z,1,2026-02-18T11:10:17Z,2026-02-18T15:40:00Z,1,1,Determined upon crew arrival,In Progres,OUTAGE,Single Customer,MAR,NORMAL,42.79559,-82.71505
NE26021800186,2026-02-18T11:38:48Z,2026-02-18T18:31:41Z,8,2026-02-18T11:10:55Z,2026-02-19T03:40:00Z,1,1,Equipment problem,In Progres,OUTAGE,Single Customer,MTC,NORMAL,42.52072,-82.99661
NE26021800188,2026-02-18T11:38:48Z,2026-02-18T11:38:48Z,1,2026-02-18T11:14:10Z,2026-02-18T15:45:00Z,1,1,Determined upon crew arrival,In Progres,OUTAGE,Single Customer,MAR,NORMAL,42.79194,-82.7141
NE26021800189,2026-02-18T11:38:48Z,2026-02-18T11:38:48Z,1,2026-02-18T11:14:18Z,2026-02-18T15:45:00Z,1,1,Determined upon crew arrival,In Progres,OUTAGE,Single Customer,MAR,NORMAL,42.79653,-82.72903
NE26021800190,2026-02-18T11:38:48Z,2026-02-18T11:38:48Z,1,2026-02-18T11:16:24Z,2026-02-18T15:45:00Z,1,1,Determined upon crew arrival,In Progres,OUTAGE,Single Customer,MAR,NORMAL,42.78156,-82.70351
NE26021800191,2026-02-18T11:38:48Z,2026-02-18T11:38:48Z,1,2026-02-18T11:17:37Z,2026-02-18T15:50:00Z,1,1,Determined upon crew arrival,New,OUTAGE,Single Customer,MAR,NORMAL,42.78716,-82.71336
NE26021800193,2026-02-18T11:38:48Z,2026-02-18T12:04:23Z,2,2026-02-18T11:20:31Z,2026-02-18T15:50:00Z,1,1,Determined upon crew arrival,New,OUTAGE,Single Customer,MAR,NORMAL,42.99891,-82.46867
NE26021800194,2026-02-18T11:38:48Z,2026-02-18T16:43:37Z,6,2026-02-18T11:23:16Z,2026-02-19T03:55:00Z,1,1,Equipment problem,In Progres,OUTAGE,Single Customer,MTC,NORMAL,42.53398,-82.87658
NE26021800195,2026-02-18T11:38:48Z,2026-02-18T13:40:53Z,3,2026-02-18T11:05:24Z,2026-02-18T15:55:00Z,7,7,Determined upon crew arrival,In Progres,OUTAGE,Service Transformer,MAR,NORMAL,42.99866,-82.46843
NE26021800197,2026-02-18T11:38:48Z,2026-02-18T11:38:48Z,1,2026-02-18T11:29:24Z,,1,1,Determined upon crew arrival,New,OUTAGE,Single Customer,MAR,NORMAL,42.79437,-82.72675
SE26021800173,2026-02-18T11:38:48Z,2026-02-18T15:35:50Z,5,2026-02-18T11:05:37Z,2026-02-18T15:35:00Z,1,1,Equipment problem,In Progres,OUTAGE,Single Customer,RFD,NORMAL,42.53205,-83.15573
SW26021800171,2026-02-18T11:38:48Z,2026-02-18T15:35:50Z,5,2026-02-18T11:02:34Z,2026-02-18T15:35:00Z,1103,1103,Equipment problem,In Progres,OUTAGE,Device (II),WWS,NORMAL,42.43503,-83.51194
SW26021800180,2026-02-18T11:38:48Z,2026-02-18T14:32:34Z,4,2026-02-18T11:02:34Z,2026-02-18T15:40:00Z,1,1,Equipment problem,In Progres,OUTAGE,Single Customer,WWS,NORMAL,42.43585,-83.51203
SW26021800187,2026-02-18T11:38:48Z,2026-02-18T16:43:37Z,6,2026-02-18T11:03:37Z,2026-02-19T03:40:00Z,1,1,Determined upon crew arrival,In Progres,OUTAGE,Single Customer,WWS,NORMAL,42.44503,-83.46083
NE26021800202,2026-02-18T12:04:23Z,2026-02-18T14:32:34Z,3,2026-02-18T09:34:08Z,2026-02-18T16:00:00Z,1,1,Equipment problem,In Progres,SERVICE DOWN NO,,MTC,NORMAL,42.5329,-83.07184
SW26021800210,2026-02-18T12:04:23Z,2026-02-18T12:04:23Z,1,2026-02-18T11:41:40Z,2026-02-18T16:10:00Z,9558,9558,Determined upon crew arrival,New,OUTAGE,Subtransmission,ANN,NORMAL,42.27519,-83.54784
NE26021800228,2026-02-18T13:40:53Z,2026-02-18T19:35:06Z,7,2026-02-18T02:44:02Z,2026-02-19T04:20:00Z,1,1,Equipment problem,In Progres,SERVICE DOWN NO,,MTC,NORMAL,42.4668,-83.02024
NE26021800270,2026-02-18T13:40:53Z,2026-02-18T18:31:41Z,6,2026-02-18T10:56:13Z,2026-02-19T05:00:00Z,1,1,Equipment problem,In Progres,SERVICE DOWN NO,,MTC,NORMAL,42.47828,-82.89519
NE26021800271,2026-02-18T13:40:53Z,2026-02-18T14:32:34Z,2,2026-02-18T12:27:41Z,2026-02-18T17:00:00Z,1,1,Determined upon crew arrival,In Progres,PRIORITY,,MTC,NORMAL,42.49542,-82.96471
NE26021800287,2026-02-18T13:40:53Z,2026-02-18T18:31:41Z,6,2026-02-18T12:58:55Z,2026-02-19T05:30:00Z,1,1,Equipment problem,In Progres,OUTAGE,Single Customer,MAR,NORMAL,43.1935,-82.62094
NE26021800307,2026-02-18T13:40:53Z,2026-02-18T14:32:34Z,2,2026-02-18T13:13:30Z,2026-02-18T17:45:00Z,1,1,Determined upon crew arrival,In Progres,OUTAGE,Single Customer,MAR,NORMAL,42.99379,-82.43799
SE26021800244,2026-02-18T13:40:53Z,2026-02-18T15:35:50Z,3,2026-02-18T12:01:09Z,2026-02-18T16:30:00Z,1,1,Equipment problem,In Progres,OUTAGE,Single Customer,RFD,NORMAL,42.5181,-83.129
SE26021800300,2026-02-18T13:40:53Z,2026-02-18T16:43:37Z,4,2026-02-18T13:12:22Z,2026-02-18T17:40:00Z,1,1,Equipment problem,In Progres,OUTAGE,Single Customer,CAN,NORMAL,42.42578,-82.92125
SE26021800325,2026-02-18T13:40:53Z,2026-02-18T13:40:53Z,1,2026-02-18T13:24:44Z,,1,1,Determined upon crew arrival,New,OUTAGE,Single Customer,CAN,NORMAL,42.38833,-83.12887
SW26021800213,2026-02-18T13:40:53Z,2026-02-18T13:40:53Z,1,2026-02-18T11:46:45Z,2026-02-18T16:15:00Z,1,1,Determined upon crew arrival,In Progres,PRIORITY,,WWS,NORMAL,42.27063,-83.50241
SW26021800220,2026-02-18T13:40:53Z,2026-02-18T13:40:53Z,1,2026-02-18T11:50:10Z,2026-02-18T16:20:00Z,2,2,Determined upon crew arrival,In Progres,OUTAGE,Service Secondary,WWS,NORMAL,42.22537,-83.48097
SW26021800251,2026-02-18T13:40:53Z,2026-02-18T21:04:10Z,9,2026-02-18T08:27:07Z,2026-02-19T04:35:00Z,1,1,Determined upon crew arrival,In Progres,SERVICE DOWN NO,,NPT,NORMAL,41.91845,-83.42734
SW26021800280,2026-02-18T13:40:53Z,2026-02-18T13:40:53Z,1,2026-02-18T12:51:14Z,2026-02-18T17:20:00Z,1,1,Determined upon crew arrival,In Progres,PRIORITY,,WWS,NORMAL,42.27588,-83.45373
SW26021800283,2026-02-18T13:40:53Z,2026-02-18T15:35:50Z,3,2026-02-18T12:52:19Z,2026-02-18T17:20:00Z,1,1,Determined upon crew arrival,In Progres,OUTAGE,Single Customer,NPT,NORMAL,41.93312,-83.40893
SW26021800295,2026-02-18T13:40:53Z,2026-02-18T17:42:21Z,5,2026-02-18T13:06:02Z,2026-02-18T17:35:00Z,1,1,Determined upon crew arrival,In Progres,SERVICE DOWN NO,,ANN,NORMAL,42.28257,-83.7757
SW26021800312,2026-02-18T13:40:53Z,2026-02-18T14:32:34Z,2,2026-02-18T13:03:47Z,2026-02-18T17:50:00Z,13,13,Animal/bird damaged DTE equip,In Progres,OUTAGE,Device (I),ANN,NORMAL,42.3485,-83.70937
SW26021800313,2026-02-18T13:40:53Z,2026-02-18T21:04:10Z,9,2026-02-18T13:18:44Z,2026-02-19T05:50:00Z,1,1,Determined upon crew arrival,In Progres,OUTAGE,Single Customer,NPT,NORMAL,42.10784,-83.23186
SW26021800317,2026-02-18T13:40:53Z,2026-02-18T14:32:34Z,2,2026-02-18T13:22:25Z,2026-02-18T17:55:00Z,7,7,Determined upon crew arrival,In Progres,OUTAGE,Service Transformer,NPT,NORMAL,41.91162,-83.56468
SW26021800319,2026-02-18T13:40:53Z,2026-02-18T13:40:53Z,1,2026-02-18T13:24:51Z,2026-02-18T17:55:00Z,1,1,Determined upon crew arrival,New,OUTAGE,Single Customer,WWS,NORMAL,42.25205,-83.48504
SW26021800324,2026-02-18T13:40:53Z,2026-02-18T13:40:53Z,1,2026-02-18T13:29:46Z,,1,1,Determined upon crew arrival,New,OUTAGE,Single Customer,WWS,NORMAL,42.2568,-83.47606
NE26021800377,2026-02-18T14:32:34Z,2026-02-18T14:32:34Z,1,2026-02-18T13:44:07Z,2026-02-18T18:15:00Z,1,1,Equipment problem,In Progres,OUTAGE,Single Customer,MTC,NORMAL,42.47458,-83.01908
NE26021800462,2026-02-18T14:32:34Z,2026-02-18T15:35:50Z,2,2026-02-18T10:05:16Z,2026-02-18T18:25:00Z,2,2,Equipment problem,In Progres,OUTAGE,Service Transformer,LAP,NORMAL,42.80851,-83.2494
NE26021800468,2026-02-18T14:32:34Z,2026-02-18T16:43:37Z,3,2026-02-18T13:59:40Z,2026-02-18T18:30:00Z,9,9,Equipment problem,In Progres,OUTAGE,Service Transformer,LAP,NORMAL,42.83013,-83.26833
NW26021800341,2026-02-18T14:32:34Z,2026-02-18T14:32:34Z,1,2026-02-18T13:41:52Z,2026-02-18T18:10:00Z,1,1,Determined upon crew arrival,New,PRIORITY,,HWL,NORMAL,42.68937,-84.30125
NW26021800343,2026-02-18T14:32:34Z,2026-02-18T14:32:34Z,1,2026-02-18T13:39:13Z,2026-02-18T18:10:00Z,441,441,Determined upon crew arrival,In Progres,OUTAGE,Device (II),HWL,NORMAL,42.70692,-84.29294
NW26021800344,2026-02-18T14:32:34Z,2026-02-18T14:32:34Z,1,2026-02-18T13:42:17Z,2026-02-18T18:10:00Z,1,1,Determined upon crew arrival,New,OUTAGE,Single Customer,HWL,NORMAL,42.69179,-84.30443
NW26021800346,2026-02-18T14:32:34Z,2026-02-18T14:32:34Z,1,2026-02-18T13:42:20Z,2026-02-18T18:10:00Z,1,1,Determined upon crew arrival,New,OUTAGE,Single Customer,HWL,NORMAL,42.69632,-84.31272
NW26021800353,2026-02-18T14:32:34Z,2026-02-18T14:32:34Z,1,2026-02-18T13:42:40Z,2026-02-18T18:15:00Z,1,1,Determined upon crew arrival,New,OUTAGE,Single Customer,HWL,NORMAL,42.69167,-84.36128
NW26021800359,2026-02-18T14:32:34Z,2026-02-18T14:32:34Z,1,2026-02-18T13:43:05Z,2026-02-18T18:15:00Z,1,1,Determined upon crew arrival,New,OUTAGE,Single Customer,HWL,NORMAL,42.68944,-84.30892
NW26021800367,2026-02-18T14:32:34Z,2026-02-18T14:32:34Z,1,2026-02-18T13:43:31Z,2026-02-18T18:15:00Z,1,1,Determined upon crew arrival,New,OUTAGE,Single Customer,HWL,NORMAL,42.68652,-84.36198
NW26021800376,2026-02-18T14:32:34Z,2026-02-18T14:32:34Z,1,2026-02-18T13:43:57Z,2026-02-18T18:15:00Z,1,1,Determined upon crew arrival,New,OUTAGE,Single Customer,HWL,NORMAL,42.68913,-84.29839
NW26021800388,2026-02-18T14:32:34Z,2026-02-18T15:35:50Z,2,2026-02-18T13:44:38Z,2026-02-18T18:15:00Z,1,1,Determined upon crew arrival,Pending,OUTAGE,Single Customer,HWL,NORMAL,42.74929,-84.29835
NW26021800392,2026-02-18T14:32:34Z,2026-02-18T14:32:34Z,1,2026-02-18T13:44:50Z,2026-02-18T18:15:00Z,2,2,Determined upon crew arrival,New,OUTAGE,Service Transformer,HWL,NORMAL,42.75896,-84.33404
NW26021800395,2026-02-18T14:32:34Z,2026-02-18T14:32:34Z,1,2026-02-18T13:39:45Z,2026-02-18T18:15:00Z,1,1,Determined upon crew arrival,New,OUTAGE,Single Customer,HWL,NORMAL,42.70217,-84.33213
NW26021800400,2026-02-18T14:32:34Z,2026-02-18T14:32:34Z,1,2026-02-18T13:39:45Z,2026-02-18T18:15:00Z,1,1,Determined upon crew arrival,New,OUTAGE,Single Customer,HWL,NORMAL,42.75758,-84.33199
NW26021800457,2026-02-18T14:32:34Z,2026-02-18T14:32:34Z,1,2026-02-18T13:44:39Z,2026-02-18T18:10:00Z,1,1,Determined upon crew arrival,New,OUTAGE,Single Customer,HWL,NORMAL,42.71787,-84.30678
NW26021800458,2026-02-18T14:32:34Z,2026-02-18T15:35:50Z,2,2026-02-18T13:43:35Z,2026-02-18T18:10:00Z,1,1,Determined upon crew arrival,In Progres,OUTAGE,Single Customer,HWL,NORMAL,42.71413,-84.29102
NW26021800460,2026-02-18T14:32:34Z,2026-02-18T15:35:50Z,2,2026-02-18T13:46:55Z,2026-02-18T18:10:00Z,1,1,Determined upon crew arrival,In Progres,OUTAGE,Single Customer,HWL,NORMAL,42.71294,-84.30739
NW26021800461,2026-02-18T14:32:34Z,2026-02-18T14:32:34Z,1,2026-02-18T13:42:58Z,2026-02-18T18:10:00Z,1,1,Determined upon crew arrival,New,OUTAGE,Single Customer,HWL,NORMAL,42.71241,-84.28941
NW26021800474,2026-02-18T14:32:34Z,2026-02-18T17:42:21Z,4,2026-02-18T14:05:17Z,2026-02-18T18:35:00Z,70,70,Public Interference w/DTE equip,In Progres,OUTAGE,Device (I),SBY,NORMAL,42.648,-83.12885
NW26021800483,2026-02-18T14:32:34Z,2026-02-18T14:32:34Z,1,2026-02-18T14:10:16Z,2026-02-18T18:40:00Z,4,4,Determined upon crew arrival,New,OUTAGE,Device (I),HWL,NORMAL,42.74412,-84.33666
NW26021800486,2026-02-18T14:32:34Z,2026-02-18T16:43:37Z,3,2026-02-18T14:09:40Z,2026-02-18T18:40:00Z,386,386,Determined upon crew arrival,In Progres,OUTAGE,Device (II),PON,NORMAL,42.72858,-83.29747
NW26021800490,2026-02-18T14:32:34Z,2026-02-18T16:43:37Z,3,2026-02-18T14:12:21Z,2026-02-18T18:40:00Z,1,1,Determined upon crew arrival,In Progres,OUTAGE,Single Customer,PON,NORMAL,42.86047,-83.45826
NW26021800493,2026-02-18T14:32:34Z,2026-02-18T14:32:34Z,1,2026-02-18T14:12:28Z,,1,1,Determined upon crew arrival,New,OUTAGE,Single Customer,PON,NORMAL,42.72725,-83.29471
SE26021800328,2026-02-18T14:32:34Z,2026-02-19T11:07:12Z,21,2026-02-18T13:24:44Z,2026-02-19T18:00:00Z,1,1,Determined upon crew arrival,In Progres,OUTAGE,Single Customer,CAN,NORMAL,42.38833,-83.12887
SE26021800331,2026-02-18T14:32:34Z,2026-02-18T21:49:44Z,9,2026-02-18T01:29:55Z,2026-02-19T06:05:00Z,1,1,Determined upon crew arrival,In Progres,OUTAGE,Single Customer,RFD,NORMAL,42.49984,-83.08704
SE26021800495,2026-02-18T14:32:34Z,2026-02-18T16:43:37Z,3,2026-02-18T14:14:27Z,2026-02-18T18:45:00Z,1,1,Equipment problem,In Progres,OUTAGE,Single Customer,CAN,NORMAL,42.4406,-82.9086
SW26021800335,2026-02-18T14:32:34Z,2026-02-18T19:35:06Z,6,2026-02-18T13:05:13Z,2026-02-19T06:10:00Z,1,1,Determined upon crew arrival,In Progres,OUTAGE,Single Customer,WWS,NORMAL,42.27894,-83.49303
SW26021800406,2026-02-18T14:32:34Z,2026-02-18T14:32:34Z,1,2026-02-18T13:49:40Z,2026-02-18T18:20:00Z,1,1,Determined upon crew arrival,New,OUTAGE,Single Customer,ANN,NORMAL,42.34458,-83.71788
SW26021800408,2026-02-18T14:32:34Z,2026-02-18T19:35:06Z,6,2026-02-18T13:51:22Z,2026-02-18T22:20:00Z,1,1,Equipment problem,In Progres,PRIORITY,,NPT,NORMAL,42.0727,-83.24013
SW26021800479,2026-02-18T14:32:34Z,2026-02-18T15:35:50Z,2,2026-02-18T14:08:29Z,2026-02-18T18:40:00Z,4,4,Determined upon crew arrival,In Progres,OUTAGE,Service Transformer,ANN,NORMAL,42.1555,-83.79951
SW26021800496,2026-02-18T14:32:34Z,2026-02-18T14:32:34Z,1,2026-02-18T14:14:57Z,,1,1,Determined upon crew arrival,New,OUTAGE,Single Customer,ANN,NORMAL,42.28411,-83.67964
NE26021800509,2026-02-18T15:35:50Z,2026-02-18T18:31:41Z,4,2026-02-18T14:13:18Z,2026-02-18T18:50:00Z,1,1,Animal/bird damaged DTE equip,In Progres,OUTAGE,Single Customer,LAP,NORMAL,42.96094,-83.34375
NE26021800534,2026-02-18T15:35:50Z,2026-02-19T00:02:55Z,12,2026-02-18T14:28:26Z,2026-02-19T07:00:00Z,1,1,Equipment problem,In Progres,OUTAGE,Single Customer,MTC,NORMAL,42.47138,-82.89185
NE26021800575,2026-02-18T15:35:50Z,2026-02-18T16:43:37Z,2,2026-02-18T12:06:29Z,2026-02-18T19:15:00Z,1,1,Equipment problem,In Progres,OUTAGE,Single Customer,MAR,NORMAL,43.02774,-82.93796
NE26021800732,2026-02-18T15:35:50Z,2026-02-18T15:35:50Z,1,2026-02-18T14:46:31Z,2026-02-18T19:20:00Z,33,33,Determined upon crew arrival,In Progres,OUTAGE,Device (I),MTC,NORMAL,42.63042,-82.57228
NE26021800958,2026-02-18T15:35:50Z,2026-02-18T19:35:06Z,5,2026-02-17T20:42:32Z,2026-02-18T19:35:00Z,1,1,Determined upon crew arrival,Pending,OUTAGE,Single Customer,LAP,NORMAL,42.92658,-83.16259
NE26021800976,2026-02-18T15:35:50Z,2026-02-18T20:21:21Z,6,2026-02-18T15:06:06Z,2026-02-19T07:40:00Z,1,1,Equipment problem,In Progres,OUTAGE,Single Customer,MTC,NORMAL,42.47775,-82.96131
NE26021800977,2026-02-18T15:35:50Z,2026-02-18T19:35:06Z,5,2026-02-18T15:11:04Z,2026-02-18T19:40:00Z,1,1,Equipment problem,In Progres,OUTAGE,Single Customer,LAP,NORMAL,43.27757,-83.52897
NE26021801013,2026-02-18T15:35:50Z,2026-02-19T00:02:55Z,12,2026-02-18T15:18:29Z,2026-02-19T07:50:00Z,1,1,Equipment problem,In Progres,OUTAGE,Single Customer,MTC,NORMAL,42.49006,-82.92223
NE26021801014,2026-02-18T15:35:50Z,2026-02-18T20:21:21Z,6,2026-02-18T15:18:56Z,2026-02-19T07:50:00Z,1,1,Equipment problem,In Progres,OUTAGE,Single Customer,MTC,NORMAL,42.48855,-82.92347
NE26021801015,2026-02-18T15:35:50Z,2026-02-18T18:31:41Z,4,2026-02-18T15:13:21Z,2026-02-18T19:50:00Z,1,1,Equipment problem,In Progres,OUTAGE,Single Customer,LAP,NORMAL,43.04387,-83.07191
NE26021801026,2026-02-18T15:35:50Z,2026-02-18T23:45:01Z,11,2026-02-18T15:15:33Z,2026-02-19T07:50:00Z,1,1,Equipment problem,In Progres,OUTAGE,Single Customer,MTC,NORMAL,42.66552,-82.83913
NE26021801038,2026-02-18T15:35:50Z,2026-02-19T00:02:55Z,12,2026-02-18T15:26:48Z,2026-02-19T07:55:00Z,1,1,Equipment problem,In Progres,OUTAGE,Single Customer,MTC,NORMAL,42.50559,-82.98628
NE26021801040,2026-02-18T15:35:50Z,2026-02-19T00:02:55Z,12,2026-02-18T15:28:09Z,2026-02-19T08:00:00Z,1,1,Equipment problem,In Progres,OUTAGE,Single Customer,MTC,NORMAL,42.46349,-82.92462
NE26021801046,2026-02-18T15:35:50Z,2026-02-18T19:35:06Z,5,2026-02-18T15:20:47Z,2026-02-18T20:00:00Z,1,1,Equipment problem,In Progres,OUTAGE,Single Customer,MTC,NORMAL,42.47333,-82.90025
NE26021801047,2026-02-18T15:35:50Z,2026-02-18T15:35:50Z,1,2026-02-18T15:29:57Z,,1,1,Determined upon crew arrival,New,OUTAGE,Single Customer,MTC,NORMAL,42.45632,-82.93918
NW26021800502,2026-02-18T15:35:50Z,2026-02-18T16:43:37Z,2,2026-02-18T14:17:52Z,2026-02-18T18:50:00Z,1,1,Determined upon crew arrival,In Progres,OUTAGE,Single Customer,PON,NORMAL,42.61872,-83.11408
NW26021800549,2026-02-18T15:35:50Z,2026-02-18T16:43:37Z,2,2026-02-18T14:35:05Z,2026-02-18T19:05:00Z,1,1,Animal/bird damaged DTE equip,In Progres,OUTAGE,Single Customer,HWL,NORMAL,42.69076,-84.07739
NW26021800868,2026-02-18T15:35:50Z,2026-02-21T11:57:44Z,78,2026-02-18T14:56:58Z,2026-02-21T15:25:00Z,1,1,Equipment problem,In Progres,PRIORITY,,PON,NORMAL,42.60571,-83.16969
NW26021800944,2026-02-18T15:35:50Z,2026-02-18T22:34:32Z,9,2026-02-18T14:57:53Z,2026-02-19T07:35:00Z,1,1,Equipment problem,In Progres,OUTAGE,Single Customer,PON,NORMAL,42.68727,-83.23733
NW26021800948,2026-02-18T15:35:50Z,2026-02-18T16:43:37Z,2,2026-02-18T14:54:50Z,2026-02-18T19:35:00Z,1,1,Determined upon crew arrival,In Progres,OUTAGE,Single Customer,PON,NORMAL,42.85684,-83.47221
SE26021800530,2026-02-18T15:35:50Z,2026-02-18T18:31:41Z,4,2026-02-18T14:27:10Z,2026-02-18T18:55:00Z,1,1,Determined upon crew arrival,In Progres,SERVICE DOWN NO,,CAN,NORMAL,42.43898,-83.0041
SE26021800535,2026-02-18T15:35:50Z,2026-02-18T17:42:21Z,3,2026-02-18T14:28:57Z,2026-02-18T19:00:00Z,1,1,Equipment problem,In Progres,OUTAGE,Single Customer,RFD,NORMAL,42.50211,-83.10611
SE26021800924,2026-02-18T15:35:50Z,2026-02-18T16:43:37Z,2,2026-02-18T14:59:59Z,2026-02-18T19:30:00Z,1,1,Determined upon crew arrival,In Progres,OUTAGE,Single Customer,RFD,NORMAL,42.24869,-83.20411
SE26021800966,2026-02-18T15:35:50Z,2026-02-18T17:42:21Z,3,2026-02-18T15:03:10Z,2026-02-18T19:40:00Z,13,13,Equipment problem,In Progres,OUTAGE,Service Transformer,RFD,NORMAL,42.52728,-83.11489
SE26021800979,2026-02-18T15:35:50Z,2026-02-18T18:31:41Z,4,2026-02-18T15:11:49Z,2026-02-18T19:40:00Z,1,1,Equipment problem,In Progres,SERVICE DOWN NO,,CAN,NORMAL,42.43932,-83.12063
SE26021800996,2026-02-18T15:35:50Z,2026-02-18T18:31:41Z,4,2026-02-18T15:15:18Z,2026-02-18T19:45:00Z,17,17,Equipment problem,Pending,OUTAGE,Service Transformer,RFD,NORMAL,42.26216,-83.20808
SE26021800997,2026-02-18T15:35:50Z,2026-02-18T20:21:21Z,6,2026-02-18T15:15:40Z,2026-02-19T07:45:00Z,1,1,Equipment problem,In Progres,OUTAGE,Single Customer,RFD,NORMAL,42.21654,-83.19284
SE26021801003,2026-02-18T15:35:50Z,2026-02-18T23:04:57Z,10,2026-02-18T15:16:34Z,2026-02-19T07:45:00Z,1,1,Equipment problem,In Progres,OUTAGE,Single Customer,RFD,NORMAL,42.51389,-83.18093
SE26021801005,2026-02-18T15:35:50Z,2026-02-18T16:43:37Z,2,2026-02-18T15:17:04Z,2026-02-18T19:45:00Z,1,1,Problem with the customer equip,In Progres,OUTAGE,Single Customer,CAN,NORMAL,42.41483,-83.08046
SE26021801022,2026-02-18T15:35:50Z,2026-02-18T17:42:21Z,3,2026-02-18T15:21:03Z,2026-02-18T19:50:00Z,1,1,Determined upon crew arrival,In Progres,SERVICE DOWN NO,,CAN,NORMAL,42.41028,-82.90073
SE26021801034,2026-02-18T15:35:50Z,2026-02-18T20:21:21Z,6,2026-02-18T15:25:23Z,2026-02-19T07:55:00Z,1,1,Determined upon crew arrival,In Progres,SERVICE DOWN NO,,CAN,NORMAL,42.44179,-82.9174
SW26021800497,2026-02-18T15:35:50Z,2026-02-18T15:35:50Z,1,2026-02-18T14:14:39Z,2026-02-18T18:45:00Z,44,44,Equipment problem,In Progres,OUTAGE,Device (I),NPT,NORMAL,42.08649,-83.25827
SW26021800546,2026-02-18T15:35:50Z,2026-02-18T15:35:50Z,1,2026-02-18T14:31:54Z,2026-02-18T19:05:00Z,51,51,Equipment problem,In Progres,OUTAGE,Device (I),WWS,NORMAL,42.3437,-83.43933
SW26021800551,2026-02-18T15:35:50Z,2026-02-18T15:35:50Z,1,2026-02-18T14:35:31Z,2026-02-18T19:05:00Z,1,1,Determined upon crew arrival,In Progres,OUTAGE,Single Customer,ANN,NORMAL,42.15658,-83.8004
SW26021800566,2026-02-18T15:35:50Z,2026-02-18T16:43:37Z,2,2026-02-18T14:41:59Z,2026-02-18T19:10:00Z,109,109,Equipment problem,In Progres,OUTAGE,Circuit Level,WWS,NORMAL,42.37842,-83.39244
SW26021800598,2026-02-18T15:35:50Z,2026-02-18T15:35:50Z,1,2026-02-18T14:44:14Z,2026-02-18T19:15:00Z,1,1,Determined upon crew arrival,PC3 Verifi,OUTAGE,Single Customer,NPT,NORMAL,42.08643,-83.25954
SW26021800624,2026-02-18T15:35:50Z,2026-02-18T16:43:37Z,2,2026-02-18T14:45:34Z,2026-02-18T19:15:00Z,1,1,Determined upon crew arrival,In Progres,PRIORITY,,WWS,NORMAL,42.37607,-83.39307
SW26021800661,2026-02-18T15:35:50Z,2026-02-18T17:42:21Z,3,2026-02-18T14:46:46Z,2026-02-18T19:15:00Z,1,1,Determined upon crew arrival,In Progres,PRIORITY,,WWS,NORMAL,42.37961,-83.39053
SW26021800712,2026-02-18T15:35:50Z,2026-02-18T15:35:50Z,1,2026-02-18T14:48:22Z,2026-02-18T19:20:00Z,1,1,Determined upon crew arrival,New,OUTAGE,Single Customer,WWS,NORMAL,42.35893,-83.41061
SW26021800718,2026-02-18T15:35:50Z,2026-02-18T16:43:37Z,2,2026-02-18T14:48:35Z,2026-02-18T19:20:00Z,1,1,Determined upon crew arrival,New,OUTAGE,Single Customer,WWS,NORMAL,42.35537,-83.46034
SW26021800755,2026-02-18T15:35:50Z,2026-02-18T21:04:10Z,7,2026-02-18T14:50:12Z,2026-02-19T07:20:00Z,1,1,Equipment problem,In Progres,OUTAGE,Single Customer,WWS,NORMAL,42.47947,-83.34389
SW26021800756,2026-02-18T15:35:50Z,2026-02-18T15:35:50Z,1,2026-02-18T14:50:17Z,2026-02-18T19:20:00Z,1,1,Determined upon crew arrival,New,OUTAGE,Single Customer,WWS,NORMAL,42.36401,-83.36384
SW26021800758,2026-02-18T15:35:50Z,2026-02-18T17:42:21Z,3,2026-02-18T14:50:28Z,2026-02-18T19:20:00Z,1,1,Determined upon crew arrival,In Progres,PRIORITY,,WWS,NORMAL,42.37631,-83.40079
SW26021800777,2026-02-18T15:35:50Z,2026-02-18T17:42:21Z,3,2026-02-18T14:51:38Z,2026-02-18T19:20:00Z,1,1,Determined upon crew arrival,In Progres,PRIORITY,,WWS,NORMAL,42.37729,-83.40082
SW26021800830,2026-02-18T15:35:50Z,2026-02-18T15:35:50Z,1,2026-02-18T13:22:25Z,2026-02-18T19:25:00Z,1,1,Determined upon crew arrival,In Progres,OUTAGE,Single Customer,NPT,NORMAL,41.91162,-83.56468
SW26021800837,2026-02-18T15:35:50Z,2026-02-18T16:43:37Z,2,2026-02-18T14:41:14Z,2026-02-18T19:25:00Z,919,919,Equipment problem,In Progres,OUTAGE,Circuit Level,NPT,NORMAL,41.87506,-83.58669
SW26021800862,2026-02-18T15:35:50Z,2026-02-18T15:35:50Z,1,2026-02-18T14:52:06Z,2026-02-18T19:25:00Z,1,1,Determined upon crew arrival,New,OUTAGE,Single Customer,ANN,NORMAL,42.15495,-83.7987
SW26021800863,2026-02-18T15:35:50Z,2026-02-18T15:35:50Z,1,2026-02-18T14:56:46Z,2026-02-18T19:25:00Z,1,1,Determined upon crew arrival,New,OUTAGE,Single Customer,WWS,NORMAL,42.37587,-83.40191
SW26021800872,2026-02-18T15:35:50Z,2026-02-18T15:35:50Z,1,2026-02-18T14:57:43Z,2026-02-18T19:30:00Z,1,1,Determined upon crew arrival,New,OUTAGE,Single Customer,WWS,NORMAL,42.34235,-83.43756
SW26021800894,2026-02-18T15:35:50Z,2026-02-18T15:35:50Z,1,2026-02-18T14:59:12Z,2026-02-18T19:30:00Z,1,1,Determined upon crew arrival,New,OUTAGE,Single Customer,WWS,NORMAL,42.35539,-83.4736
SW26021800899,2026-02-18T15:35:50Z,2026-02-18T15:35:50Z,1,2026-02-18T14:43:24Z,2026-02-18T19:30:00Z,1342,1342,Determined upon crew arrival,In Progres,OUTAGE,Device (II),WWS,NORMAL,42.38972,-83.42311
SW26021800942,2026-02-18T15:35:50Z,2026-02-20T19:05:58Z,54,2026-02-18T15:02:12Z,2026-02-20T19:30:00Z,1,1,Equipment problem,In Progres,PRIORITY,,WWS,NORMAL,42.38099,-83.33857
SW26021800952,2026-02-18T15:35:50Z,2026-02-18T15:35:50Z,1,2026-02-18T15:05:37Z,2026-02-18T19:35:00Z,1,1,Determined upon crew arrival,PC3 Verifi,OUTAGE,Single Customer,ANN,NORMAL,42.18065,-83.75144
SW26021800957,2026-02-18T15:35:50Z,2026-02-18T16:43:37Z,2,2026-02-18T15:05:58Z,2026-02-18T19:35:00Z,1,1,Determined upon crew arrival,New,OUTAGE,Single Customer,WWS,NORMAL,42.28052,-83.43414
SW26021800985,2026-02-18T15:35:50Z,2026-02-18T17:42:21Z,3,2026-02-18T15:14:15Z,2026-02-18T19:45:00Z,1,1,Determined upon crew arrival,In Progres,PRIORITY,,WWS,NORMAL,42.38149,-83.38637
NE26021801052,2026-02-18T16:43:37Z,2026-02-18T21:04:10Z,6,2026-02-18T15:32:07Z,2026-02-19T08:00:00Z,1,1,Determined upon crew arrival,In Progres,OUTAGE,Single Customer,MTC,NORMAL,42.50104,-82.91279
NE26021801084,2026-02-18T16:43:37Z,2026-02-19T03:15:35Z,12,2026-02-18T15:41:51Z,2026-02-19T08:10:00Z,1,1,Equipment problem,In Progres,SERVICE DOWN NO,,MTC,NORMAL,42.50107,-82.91617
NE26021801096,2026-02-18T16:43:37Z,2026-02-19T00:02:55Z,11,2026-02-18T15:46:27Z,2026-02-19T08:15:00Z,1,1,Equipment problem,In Progres,OUTAGE,Single Customer,MTC,NORMAL,42.5065,-83.05805
NE26021801101,2026-02-18T16:43:37Z,2026-02-18T18:31:41Z,3,2026-02-18T15:49:23Z,2026-02-18T20:20:00Z,1,1,Equipment problem,In Progres,OUTAGE,Single Customer,MAR,NORMAL,42.96223,-82.58641
NE26021801171,2026-02-18T16:43:37Z,2026-02-19T00:02:55Z,11,2026-02-18T16:13:35Z,2026-02-19T08:45:00Z,1,1,Equipment problem,In Progres,OUTAGE,Single Customer,MTC,NORMAL,42.4845,-82.91661
NE26021801178,2026-02-18T16:43:37Z,2026-02-19T16:04:37Z,24,2026-02-18T16:14:29Z,2026-02-19T20:45:00Z,1,1,Equipment problem,In Progres,OUTAGE,Single Customer,MTC,NORMAL,42.49295,-82.93654
NE26021801180,2026-02-18T16:43:37Z,2026-02-19T00:02:55Z,11,2026-02-18T16:14:45Z,2026-02-19T08:45:00Z,1,1,Equipment problem,In Progres,OUTAGE,Single Customer,MTC,NORMAL,42.66651,-82.83872
NE26021801217,2026-02-18T16:43:37Z,2026-02-18T23:45:01Z,10,2026-02-18T16:03:11Z,2026-02-19T08:55:00Z,1,1,Equipment problem,In Progres,OUTAGE,Single Customer,MTC,NORMAL,42.45632,-82.93918
NE26021801244,2026-02-18T16:43:37Z,2026-02-19T00:02:55Z,11,2026-02-18T16:01:07Z,2026-02-19T09:00:00Z,1,1,Equipment problem,In Progres,SERVICE DOWN NO,,MTC,NORMAL,42.46227,-83.01697
NW26021801059,2026-02-18T16:43:37Z,2026-02-18T21:04:10Z,6,2026-02-18T15:25:47Z,2026-02-19T00:05:00Z,6,6,Equipment problem,In Progres,OUTAGE,Device (I),PON,NORMAL,42.67907,-83.61815
NW26021801066,2026-02-18T16:43:37Z,2026-02-18T19:35:06Z,4,2026-02-18T15:37:26Z,2026-02-18T20:10:00Z,1,1,Equipment problem,In Progres,OUTAGE,Single Customer,PON,NORMAL,42.55987,-83.37984
NW26021801072,2026-02-18T16:43:37Z,2026-02-18T16:43:37Z,1,2026-02-18T15:39:37Z,2026-02-18T20:10:00Z,1,1,Determined upon crew arrival,In Progres,OUTAGE,Single Customer,HWL,NORMAL,42.54646,-83.56816
NW26021801121,2026-02-18T16:43:37Z,2026-02-18T18:31:41Z,3,2026-02-18T15:55:03Z,2026-02-18T20:30:00Z,1,1,Determined upon crew arrival,In Progres,OUTAGE,Single Customer,PON,NORMAL,42.61057,-83.39288
NW26021801129,2026-02-18T16:43:37Z,2026-02-18T16:43:37Z,1,2026-02-18T15:45:47Z,2026-02-18T20:35:00Z,1,1,Determined upon crew arrival,New,OUTAGE,Single Customer,PON,NORMAL,42.64176,-83.61059
NW26021801236,2026-02-18T16:43:37Z,2026-02-18T16:43:37Z,1,2026-02-18T14:09:41Z,,17,17,Determined upon crew arrival,New,OUTAGE,Device (II),PON,NORMAL,42.72997,-83.29773
NW26021801243,2026-02-18T16:43:37Z,2026-02-19T00:02:55Z,11,2026-02-18T16:29:35Z,2026-02-19T01:00:00Z,28,28,Equipment problem,In Progres,OUTAGE,Service Transformer,PON,NORMAL,42.78383,-83.23908
SE26021801053,2026-02-18T16:43:37Z,2026-02-18T16:43:37Z,1,2026-02-18T15:32:24Z,2026-02-18T20:00:00Z,1,1,Determined upon crew arrival,In Progres,OUTAGE,Single Customer,RFD,NORMAL,42.44126,-83.2435
SE26021801058,2026-02-18T16:43:37Z,2026-02-18T21:04:10Z,6,2026-02-18T15:33:03Z,2026-02-19T08:05:00Z,1,1,Equipment problem,In Progres,OUTAGE,Single Customer,CAN,NORMAL,42.43748,-83.06273
SE26021801065,2026-02-18T16:43:37Z,2026-02-18T17:42:21Z,2,2026-02-18T15:35:58Z,2026-02-18T20:05:00Z,1,1,Equipment problem,In Progres,OUTAGE,Single Customer,RFD,NORMAL,42.42907,-83.21858
SE26021801108,2026-02-18T16:43:37Z,2026-02-19T00:02:55Z,11,2026-02-18T15:53:27Z,2026-02-19T08:25:00Z,1,1,Equipment problem,In Progres,OUTAGE,Single Customer,CAN,NORMAL,42.3725,-83.01948
SE26021801111,2026-02-18T16:43:37Z,2026-02-19T00:02:55Z,11,2026-02-18T15:45:14Z,2026-02-19T08:25:00Z,1,1,Equipment problem,In Progres,OUTAGE,Single Customer,RFD,NORMAL,42.50482,-83.0863
SE26021801162,2026-02-18T16:43:37Z,2026-02-18T19:35:06Z,4,2026-02-18T16:11:20Z,2026-02-18T20:40:00Z,1,1,Equipment problem,In Progres,OUTAGE,Single Customer,RFD,NORMAL,42.29972,-83.2798
SE26021801165,2026-02-18T16:43:37Z,2026-02-18T19:35:06Z,4,2026-02-18T16:11:43Z,2026-02-18T20:40:00Z,9,9,Equipment problem,In Progres,OUTAGE,Service Transformer,CAN,NORMAL,42.39512,-82.9983
SE26021801202,2026-02-18T16:43:37Z,2026-02-18T21:04:10Z,6,2026-02-18T16:19:25Z,2026-02-18T20:50:00Z,1,1,Equipment problem,In Progres,OUTAGE,Single Customer,RFD,NORMAL,42.44765,-83.12712
SE26021801230,2026-02-18T16:43:37Z,2026-02-18T18:31:41Z,3,2026-02-18T16:18:10Z,2026-02-18T20:55:00Z,1,1,Determined upon crew arrival,In Progres,OUTAGE,Single Customer,CAN,NORMAL,42.37206,-83.06372
SE26021801237,2026-02-18T16:43:37Z,2026-02-18T19:35:06Z,4,2026-02-18T16:27:22Z,2026-02-18T20:55:00Z,1,1,Equipment problem,In Progres,OUTAGE,Single Customer,CAN,NORMAL,42.42352,-82.94549
SW26021801064,2026-02-18T16:43:37Z,2026-02-18T20:21:21Z,5,2026-02-18T15:35:29Z,2026-02-19T08:05:00Z,1,1,Determined upon crew arrival,In Progres,OUTAGE,Single Customer,WWS,NORMAL,42.39228,-83.45494
SW26021801087,2026-02-18T16:43:37Z,2026-02-18T21:04:10Z,6,2026-02-18T15:37:14Z,2026-02-19T00:15:00Z,1,1,Determined upon crew arrival,In Progres,OUTAGE,Single Customer,NPT,NORMAL,42.07585,-83.24157
SW26021801090,2026-02-18T16:43:37Z,2026-02-19T00:02:55Z,11,2026-02-18T15:44:53Z,2026-02-19T00:15:00Z,1,1,Determined upon crew arrival,In Progres,PRIORITY,,WWS,NORMAL,42.31818,-83.41861
SW26021801100,2026-02-18T16:43:37Z,2026-02-18T18:31:41Z,3,2026-02-18T15:48:44Z,2026-02-18T20:20:00Z,1,1,Determined upon crew arrival,In Progres,OUTAGE,Single Customer,WWS,NORMAL,42.38162,-83.36992
SW26021801109,2026-02-18T16:43:37Z,2026-02-18T18:31:41Z,3,2026-02-18T15:53:57Z,2026-02-18T20:25:00Z,1,1,Determined upon crew arrival,New,OUTAGE,Single Customer,WWS,NORMAL,42.43474,-83.53271
SW26021801110,2026-02-18T16:43:37Z,2026-02-18T17:42:21Z,2,2026-02-18T14:51:39Z,2026-02-18T20:25:00Z,1,1,Determined upon crew arrival,In Progres,PRIORITY,,WWS,NORMAL,42.37974,-83.38208
SW26021801131,2026-02-18T16:43:37Z,2026-02-18T18:31:41Z,3,2026-02-18T16:03:33Z,2026-02-18T20:35:00Z,1,1,Determined upon crew arrival,In Progres,OUTAGE,Single Customer,WWS,NORMAL,42.24583,-83.23718
SW26021801143,2026-02-18T16:43:37Z,2026-02-18T16:43:37Z,1,2026-02-18T16:09:28Z,2026-02-18T20:40:00Z,1,1,Determined upon crew arrival,New,OUTAGE,Single Customer,WWS,NORMAL,42.38974,-83.4215
SW26021801151,2026-02-18T16:43:37Z,2026-02-18T16:43:37Z,1,2026-02-18T16:09:48Z,2026-02-18T20:40:00Z,1,1,Determined upon crew arrival,New,OUTAGE,Single Customer,WWS,NORMAL,42.38683,-83.42398
SW26021801160,2026-02-18T16:43:37Z,2026-02-18T16:43:37Z,1,2026-02-18T16:11:09Z,2026-02-18T20:40:00Z,1,1,Determined upon crew arrival,New,OUTAGE,Single Customer,WWS,NORMAL,42.38626,-83.42308
SW26021801164,2026-02-18T16:43:37Z,2026-02-18T16:43:37Z,1,2026-02-18T16:11:30Z,2026-02-18T20:40:00Z,1,1,Determined upon crew arrival,New,OUTAGE,Single Customer,WWS,NORMAL,42.3923,-83.41905
SW26021801168,2026-02-18T16:43:37Z,2026-02-18T17:42:21Z,2,2026-02-18T11:02:34Z,2026-02-18T20:45:00Z,1104,1104,Equipment problem,In Progres,OUTAGE,Device (II),WWS,NORMAL,42.44126,-83.52306
SW26021801177,2026-02-18T16:43:37Z,2026-02-18T16:43:37Z,1,2026-02-18T16:05:02Z,2026-02-18T20:45:00Z,19,19,Determined upon crew arrival,New,OUTAGE,Device (II),WWS,NORMAL,42.37724,-83.41029
SW26021801205,2026-02-18T16:43:37Z,2026-02-18T18:31:41Z,3,2026-02-18T16:05:09Z,2026-02-18T20:50:00Z,1,1,Equipment problem,In Progres,OUTAGE,Single Customer,ANN,NORMAL,42.25323,-83.76167
SW26021801215,2026-02-18T16:43:37Z,2026-02-18T17:42:21Z,2,2026-02-18T14:43:24Z,2026-02-18T20:50:00Z,315,149,Equipment problem,In Progres,OUTAGE,Circuit Level,WWS,NORMAL,42.39303,-83.4267
SW26021801216,2026-02-18T16:43:37Z,2026-02-18T16:43:37Z,1,2026-02-18T16:07:27Z,2026-02-18T20:50:00Z,85,85,Determined upon crew arrival,In Progres,OUTAGE,Device (II),WWS,NORMAL,42.39454,-83.42243
SW26021801221,2026-02-18T16:43:37Z,2026-02-18T16:43:37Z,1,2026-02-18T16:07:32Z,2026-02-18T20:55:00Z,2,2,Determined upon crew arrival,New,OUTAGE,Service Secondary,WWS,NORMAL,42.38044,-83.41844
SW26021801227,2026-02-18T16:43:37Z,2026-02-18T16:43:37Z,1,2026-02-18T16:07:31Z,2026-02-18T20:55:00Z,7,7,Determined upon crew arrival,New,OUTAGE,Service Transformer,WWS,NORMAL,42.39108,-83.43058
SW26021801232,2026-02-18T16:43:37Z,2026-02-18T17:42:21Z,2,2026-02-18T16:26:00Z,2026-02-18T20:55:00Z,1,1,Determined upon crew arrival,PC3 Verifi,OUTAGE,Single Customer,WWS,NORMAL,42.37789,-83.40274
SW26021801234,2026-02-18T16:43:37Z,2026-02-18T22:34:32Z,8,2026-02-18T16:26:38Z,2026-02-19T08:55:00Z,1,1,Determined upon crew arrival,In Progres,OUTAGE,Single Customer,NPT,NORMAL,41.99989,-83.27299
NE26021801254,2026-02-18T17:42:21Z,2026-02-18T18:31:41Z,2,2026-02-18T11:05:24Z,2026-02-18T21:05:00Z,8,8,Equipment problem,In Progres,OUTAGE,Service Transformer,MAR,NORMAL,42.99866,-82.46843
NE26021801284,2026-02-18T17:42:21Z,2026-02-18T23:04:57Z,8,2026-02-18T16:41:22Z,2026-02-19T09:20:00Z,1,1,Equipment problem,In Progres,OUTAGE,Single Customer,MTC,NORMAL,42.4479,-83.08137
NE26021801299,2026-02-18T17:42:21Z,2026-02-18T19:35:06Z,3,2026-02-18T16:58:25Z,2026-02-18T21:30:00Z,1,1,Equipment problem,In Progres,OUTAGE,Single Customer,NAE,NORMAL,43.66611,-83.15718
NE26021801304,2026-02-18T17:42:21Z,2026-02-18T21:04:10Z,5,2026-02-18T16:59:23Z,2026-02-18T21:35:00Z,26,26,Equipment problem,In Progres,OUTAGE,Service Transformer,MTC,NORMAL,42.54846,-82.89097
NE26021801310,2026-02-18T17:42:21Z,2026-02-18T22:34:32Z,7,2026-02-18T11:23:16Z,2026-02-19T09:40:00Z,1,1,Determined upon crew arrival,In Progres,SERVICE DOWN NO,,MTC,NORMAL,42.53398,-82.87658
NE26021801311,2026-02-18T17:42:21Z,2026-02-19T19:09:40Z,26,2026-02-18T17:04:41Z,2026-02-19T21:40:00Z,1,1,Equipment problem,In Progres,OUTAGE,Single Customer,MTC,NORMAL,42.48646,-82.94549
NE26021801334,2026-02-18T17:42:21Z,2026-02-18T18:31:41Z,2,2026-02-18T13:51:55Z,2026-02-18T21:50:00Z,1,1,Determined upon crew arrival,In Progres,OUTAGE,Single Customer,MTC,NORMAL,42.67801,-82.82371
NE26021801357,2026-02-18T17:42:21Z,2026-02-18T17:42:21Z,1,2026-02-18T17:29:19Z,,1,1,Determined upon crew arrival,New,OUTAGE,Single Customer,MTC,NORMAL,42.46229,-82.9461
NW26021801246,2026-02-18T17:42:21Z,2026-02-18T18:31:41Z,2,2026-02-18T16:24:06Z,2026-02-18T21:00:00Z,27,27,Equipment problem,In Progres,OUTAGE,Device (I),SBY,NORMAL,42.68216,-83.02267
NW26021801314,2026-02-18T17:42:21Z,2026-02-20T06:35:20Z,37,2026-02-18T15:45:47Z,2026-02-20T09:40:00Z,1,1,Equipment problem,In Progres,OUTAGE,Single Customer,PON,NORMAL,42.64176,-83.61059
NW26021801318,2026-02-18T17:42:21Z,2026-02-18T17:42:21Z,1,2026-02-17T18:00:12Z,2026-02-18T21:40:00Z,1,1,Determined upon crew arrival,New,OUTAGE,Single Customer,PON,NORMAL,42.61091,-83.64705
SE26021801276,2026-02-18T17:42:21Z,2026-02-18T20:21:21Z,4,2026-02-18T16:46:06Z,2026-02-18T21:15:00Z,1,1,Determined upon crew arrival,In Progres,OUTAGE,Single Customer,RFD,NORMAL,42.43075,-83.27352
SE26021801335,2026-02-18T17:42:21Z,2026-02-18T22:34:32Z,7,2026-02-18T16:14:15Z,2026-02-19T09:50:00Z,1,1,Equipment problem,In Progres,OUTAGE,Single Customer,CAN,NORMAL,42.4435,-83.00059
SW26021801270,2026-02-18T17:42:21Z,2026-02-18T18:31:41Z,2,2026-02-18T16:45:06Z,2026-02-18T21:15:00Z,1,1,Equipment problem,In Progres,OUTAGE,Single Customer,ANN,NORMAL,42.37672,-83.5907
SW26021801271,2026-02-18T17:42:21Z,2026-02-18T18:31:41Z,2,2026-02-18T16:45:08Z,2026-02-18T21:15:00Z,1,1,Determined upon crew arrival,New,OUTAGE,Single Customer,WWS,NORMAL,42.43705,-83.51862
SW26021801282,2026-02-18T17:42:21Z,2026-02-18T17:42:21Z,1,2026-02-18T16:48:51Z,2026-02-18T21:20:00Z,1,1,Determined upon crew arrival,Pending,PRIORITY,,WWS,NORMAL,42.36993,-83.4079
SW26021801298,2026-02-18T17:42:21Z,2026-02-18T21:04:10Z,5,2026-02-18T16:34:26Z,2026-02-18T21:30:00Z,4,4,Determined upon crew arrival,In Progres,OUTAGE,Service Transformer,NPT,NORMAL,42.15339,-83.22189
SW26021801303,2026-02-18T17:42:21Z,2026-02-18T17:42:21Z,1,2026-02-18T16:59:47Z,2026-02-18T21:35:00Z,1,1,Determined upon crew arrival,New,OUTAGE,Single Customer,WWS,NORMAL,42.22314,-83.26691
SW26021801322,2026-02-18T17:42:21Z,2026-02-18T18:31:41Z,2,2026-02-18T17:13:10Z,2026-02-18T21:45:00Z,1,1,Determined upon crew arrival,PC3 Verifi,PRIORITY,,WWS,NORMAL,42.38097,-83.41618
SW26021801325,2026-02-18T17:42:21Z,2026-02-18T19:35:06Z,3,2026-02-18T17:13:40Z,2026-02-18T21:45:00Z,1,1,Equipment problem,In Progres,OUTAGE,Single Customer,ANN,NORMAL,42.21638,-83.68629
SW26021801331,2026-02-18T17:42:21Z,2026-02-18T18:31:41Z,2,2026-02-18T17:19:48Z,2026-02-18T21:50:00Z,2,2,Determined upon crew arrival,In Progres,OUTAGE,Service Secondary,WWS,NORMAL,42.39572,-83.37064
SW26021801338,2026-02-18T17:42:21Z,2026-02-18T17:42:21Z,1,2026-02-18T17:21:52Z,2026-02-18T21:50:00Z,1,1,Determined upon crew arrival,New,PRIORITY,,WWS,NORMAL,42.38716,-83.42386
SW26021801346,2026-02-18T17:42:21Z,2026-02-18T17:42:21Z,1,2026-02-18T17:26:51Z,2026-02-18T21:55:00Z,1,1,Determined upon crew arrival,New,OUTAGE,Single Customer,WWS,NORMAL,42.39309,-83.42005
SW26021801347,2026-02-18T17:42:21Z,2026-02-18T17:42:21Z,1,2026-02-18T17:26:44Z,2026-02-18T21:55:00Z,1,1,Determined upon crew arrival,New,OUTAGE,Single Customer,WWS,NORMAL,42.39324,-83.42579
SW26021801348,2026-02-18T17:42:21Z,2026-02-18T19:35:06Z,3,2026-02-18T17:26:54Z,2026-02-18T21:55:00Z,13,13,Equipment problem,In Progres,OUTAGE,Device (II),WWS,NORMAL,42.38081,-83.42358
SW26021801349,2026-02-18T17:42:21Z,2026-02-18T17:42:21Z,1,2026-02-18T17:27:27Z,,1,1,Determined upon crew arrival,New,OUTAGE,Single Customer,WWS,NORMAL,42.384,-83.41886
SW26021801351,2026-02-18T17:42:21Z,2026-02-18T17:42:21Z,1,2026-02-18T17:27:50Z,,1,1,Determined upon crew arrival,New,OUTAGE,Single Customer,WWS,NORMAL,42.39283,-83.41493
SW26021801352,2026-02-18T17:42:21Z,2026-02-18T17:42:21Z,1,2026-02-18T17:28:04Z,,1,1,Determined upon crew arrival,New,OUTAGE,Single Customer,WWS,NORMAL,42.38847,-83.41966
SW26021801356,2026-02-18T17:42:21Z,2026-02-18T17:42:21Z,1,2026-02-18T17:29:06Z,,1,1,Determined upon crew arrival,New,OUTAGE,Single Customer,WWS,NORMAL,42.39129,-83.42648
SW26021801358,2026-02-18T17:42:21Z,2026-02-18T17:42:21Z,1,2026-02-18T17:29:33Z,,1,1,Determined upon crew arrival,New,OUTAGE,Single Customer,WWS,NORMAL,42.39303,-83.42986
SW26021801359,2026-02-18T17:42:21Z,2026-02-18T17:42:21Z,1,2026-02-18T17:29:30Z,,1,1,Determined upon crew arrival,New,OUTAGE,Single Customer,WWS,NORMAL,42.38583,-83.42888
SW26021801362,2026-02-18T17:42:21Z,2026-02-18T17:42:21Z,1,2026-02-18T17:29:51Z,,1,1,Determined upon crew arrival,New,OUTAGE,Single Customer,WWS,NORMAL,42.38973,-83.41947
NE26021801365,2026-02-18T18:31:41Z,2026-02-18T19:35:06Z,2,2026-02-18T17:30:13Z,2026-02-18T22:00:00Z,39,39,Problem with the customer equip,In Progres,OUTAGE,Device (I),MTC,NORMAL,42.69524,-82.83337
NE26021801401,2026-02-18T18:31:41Z,2026-02-19T15:09:20Z,21,2026-02-18T17:49:06Z,2026-02-19T22:20:00Z,1,1,Equipment problem,In Progres,OUTAGE,Single Customer,MTC,NORMAL,42.45622,-82.89128
NE26021801420,2026-02-18T18:31:41Z,2026-02-19T23:45:42Z,32,2026-02-18T13:56:48Z,2026-02-20T02:25:00Z,1,1,Equipment problem,In Progres,PRIORITY,,MTC,NORMAL,42.49496,-82.96554
NW26021801366,2026-02-18T18:31:41Z,2026-02-19T00:02:55Z,9,2026-02-18T17:32:08Z,2026-02-19T10:00:00Z,1,1,Equipment problem,In Progres,OUTAGE,Single Customer,SBY,NORMAL,42.65299,-83.03137
NW26021801415,2026-02-18T18:31:41Z,2026-02-18T18:31:41Z,1,2026-02-17T18:00:12Z,2026-02-18T22:25:00Z,1,1,Determined upon crew arrival,New,OUTAGE,Single Customer,PON,NORMAL,42.61091,-83.64705
NW26021801436,2026-02-18T18:31:41Z,2026-02-18T18:31:41Z,1,2026-02-18T18:05:00Z,2026-02-18T22:35:00Z,16,16,Determined upon crew arrival,New,OUTAGE,Device (I),SBY,NORMAL,42.75451,-83.05164
NW26021801452,2026-02-18T18:31:41Z,2026-02-19T11:07:12Z,17,2026-02-18T18:15:07Z,2026-02-19T14:45:00Z,1,1,Determined upon crew arrival,In Progres,PRIORITY,,HWL,NORMAL,42.63628,-83.74427
SE26021801382,2026-02-18T18:31:41Z,2026-02-18T21:04:10Z,4,2026-02-18T17:41:24Z,2026-02-18T22:10:00Z,1,1,Determined upon crew arrival,In Progres,OUTAGE,Single Customer,RFD,NORMAL,42.43203,-83.20254
SE26021801385,2026-02-18T18:31:41Z,2026-02-18T22:34:32Z,6,2026-02-18T17:43:03Z,2026-02-18T22:15:00Z,1,1,Determined upon crew arrival,In Progres,OUTAGE,Single Customer,CAN,NORMAL,42.4156,-82.99286
SE26021801407,2026-02-18T18:31:41Z,2026-02-18T19:35:06Z,2,2026-02-18T17:51:12Z,2026-02-18T22:20:00Z,1,1,Equipment problem,In Progres,OUTAGE,Single Customer,RFD,NORMAL,42.27209,-83.1822
SE26021801412,2026-02-18T18:31:41Z,2026-02-18T18:31:41Z,1,2026-02-18T17:52:17Z,2026-02-18T22:20:00Z,1,1,Determined upon crew arrival,New,OUTAGE,Single Customer,RFD,NORMAL,42.26282,-83.20954
SE26021801447,2026-02-18T18:31:41Z,2026-02-18T22:34:32Z,6,2026-02-18T16:06:49Z,2026-02-18T22:40:00Z,1,1,Equipment problem,In Progres,OUTAGE,Single Customer,RFD,NORMAL,42.45776,-83.1012
SW26021801424,2026-02-18T18:31:41Z,2026-02-18T18:31:41Z,1,2026-02-18T17:57:33Z,2026-02-18T22:30:00Z,1,1,Determined upon crew arrival,New,OUTAGE,Single Customer,WWS,NORMAL,42.39271,-83.41686
SW26021801432,2026-02-18T18:31:41Z,2026-02-18T18:31:41Z,1,2026-02-18T18:01:45Z,2026-02-18T22:30:00Z,1,1,Determined upon crew arrival,New,OUTAGE,Single Customer,WWS,NORMAL,42.39044,-83.42638
SW26021801442,2026-02-18T18:31:41Z,2026-02-18T18:31:41Z,1,2026-02-18T18:07:21Z,2026-02-18T22:40:00Z,1,1,Determined upon crew arrival,New,OUTAGE,Single Customer,WWS,NORMAL,42.38871,-83.42708
SW26021801444,2026-02-18T18:31:41Z,2026-02-19T00:02:55Z,9,2026-02-18T18:09:03Z,2026-02-19T10:40:00Z,1,1,Determined upon crew arrival,In Progres,OUTAGE,Single Customer,NPT,NORMAL,42.17691,-83.18821
NE26021801488,2026-02-18T19:35:06Z,2026-02-19T00:02:55Z,8,2026-02-18T18:44:58Z,2026-02-19T11:15:00Z,1,1,Equipment problem,In Progres,OUTAGE,Single Customer,MTC,NORMAL,42.46226,-82.94193
NE26021801496,2026-02-18T19:35:06Z,2026-02-18T21:04:10Z,3,2026-02-18T18:54:08Z,2026-02-18T23:25:00Z,1,1,Equipment problem,In Progres,OUTAGE,Single Customer,NAE,NORMAL,43.49161,-83.39173
NE26021801511,2026-02-18T19:35:06Z,2026-02-19T00:02:55Z,8,2026-02-18T19:06:58Z,2026-02-19T11:35:00Z,1,1,Equipment problem,In Progres,OUTAGE,Single Customer,MTC,NORMAL,42.47183,-82.88959
NW26021801461,2026-02-18T19:35:06Z,2026-02-18T19:35:06Z,1,2026-02-18T18:22:39Z,2026-02-18T22:55:00Z,1,1,Determined upon crew arrival,In Progres,OUTAGE,Single Customer,PON,NORMAL,42.78162,-83.24039
NW26021801501,2026-02-18T19:35:06Z,2026-02-18T22:34:32Z,5,2026-02-18T19:01:26Z,2026-02-18T23:30:00Z,1,1,Determined upon crew arrival,In Progres,OUTAGE,Single Customer,HWL,NORMAL,42.74929,-84.29835
NW26021801510,2026-02-18T19:35:06Z,2026-02-18T19:35:06Z,1,2026-02-18T19:00:48Z,2026-02-18T23:35:00Z,35,35,Determined upon crew arrival,In Progres,OUTAGE,Device (I),SBY,NORMAL,42.6564,-83.19401
NW26021801521,2026-02-18T19:35:06Z,2026-02-18T22:34:32Z,5,2026-02-18T19:10:48Z,2026-02-18T23:40:00Z,1,1,Equipment problem,In Progres,OUTAGE,Single Customer,SBY,NORMAL,42.68953,-83.13498
NW26021801537,2026-02-18T19:35:06Z,2026-02-18T23:04:57Z,6,2026-02-18T19:27:38Z,2026-02-19T00:00:00Z,1,1,Determined upon crew arrival,In Progres,OUTAGE,Single Customer,HWL,NORMAL,42.46482,-83.96612
SE26021801467,2026-02-18T19:35:06Z,2026-02-20T20:59:45Z,53,2026-02-18T18:25:47Z,2026-02-20T23:00:00Z,1,1,Equipment problem,In Progres,OUTAGE,Single Customer,RFD,NORMAL,42.3906,-83.21265
SE26021801476,2026-02-18T19:35:06Z,2026-02-18T19:35:06Z,1,2026-02-18T18:26:15Z,2026-02-18T23:05:00Z,65,65,Determined upon crew arrival,In Progres,OUTAGE,Device (I),RFD,NORMAL,42.42832,-83.2056
SE26021801485,2026-02-18T19:35:06Z,2026-02-19T16:04:37Z,21,2026-02-18T18:43:43Z,2026-02-19T23:15:00Z,1,1,Determined upon crew arrival,In Progres,OUTAGE,Single Customer,RFD,NORMAL,42.33385,-83.27195
SE26021801529,2026-02-18T19:35:06Z,2026-02-18T22:34:32Z,5,2026-02-18T19:17:06Z,2026-02-18T23:45:00Z,1,1,Determined upon crew arrival,In Progres,OUTAGE,Single Customer,CAN,NORMAL,42.40126,-82.93566
SE26021801535,2026-02-18T19:35:06Z,2026-02-19T00:02:55Z,8,2026-02-18T19:26:44Z,2026-02-18T23:55:00Z,1,1,Determined upon crew arrival,In Progres,OUTAGE,Single Customer,RFD,NORMAL,42.22724,-83.19348
SE26021801539,2026-02-18T19:35:06Z,2026-02-18T19:35:06Z,1,2026-02-18T17:10:12Z,,1,1,Determined upon crew arrival,New,OUTAGE,Single Customer,CAN,NORMAL,42.4082,-82.96165
SW26021801459,2026-02-18T19:35:06Z,2026-02-18T19:35:06Z,1,2026-02-18T18:22:15Z,2026-02-18T22:50:00Z,1,1,Determined upon crew arrival,New,OUTAGE,Single Customer,WWS,NORMAL,42.38885,-83.42597
SW26021801462,2026-02-18T19:35:06Z,2026-02-18T23:45:01Z,7,2026-02-18T18:23:14Z,2026-02-19T10:55:00Z,1,1,Determined upon crew arrival,In Progres,OUTAGE,Single Customer,WWS,NORMAL,42.40866,-83.50564
SW26021801470,2026-02-18T19:35:06Z,2026-02-18T19:35:06Z,1,2026-02-18T18:28:55Z,2026-02-18T23:00:00Z,1,1,Determined upon crew arrival,New,OUTAGE,Single Customer,WWS,NORMAL,42.39284,-83.42247
SW26021801472,2026-02-18T19:35:06Z,2026-02-18T20:21:21Z,2,2026-02-18T18:31:37Z,2026-02-18T23:00:00Z,7,7,Determined upon crew arrival,In Progres,OUTAGE,Service Transformer,ANN,NORMAL,42.22572,-83.59304
SW26021801473,2026-02-18T19:35:06Z,2026-02-18T19:35:06Z,1,2026-02-18T18:32:48Z,2026-02-18T23:05:00Z,1,1,Determined upon crew arrival,In Progres,OUTAGE,Service Secondary,WWS,NORMAL,42.40033,-83.40477
SW26021801480,2026-02-18T19:35:06Z,2026-02-18T19:35:06Z,1,2026-02-18T18:36:58Z,2026-02-18T23:05:00Z,1,1,Determined upon crew arrival,New,OUTAGE,Single Customer,WWS,NORMAL,42.39111,-83.42923
SW26021801500,2026-02-18T19:35:06Z,2026-02-18T21:04:10Z,3,2026-02-18T14:30:26Z,2026-02-18T23:30:00Z,3,3,Determined upon crew arrival,In Progres,OUTAGE,Service Transformer,ANN,NORMAL,42.29921,-83.74792
SW26021801505,2026-02-18T19:35:06Z,2026-02-18T22:34:32Z,5,2026-02-18T19:04:08Z,2026-02-18T23:35:00Z,1,1,Determined upon crew arrival,In Progres,OUTAGE,Single Customer,NPT,NORMAL,42.08513,-83.25832
SW26021801524,2026-02-18T19:35:06Z,2026-02-18T21:04:10Z,3,2026-02-18T19:11:48Z,2026-02-18T23:45:00Z,88,88,Equipment problem,In Progres,OUTAGE,Device (I),NPT,NORMAL,41.94869,-83.40615
NE26021801560,2026-02-18T20:21:21Z,2026-02-19T00:02:55Z,7,2026-02-18T13:16:13Z,2026-02-19T00:20:00Z,1,1,Equipment problem,In Progres,OUTAGE,Single Customer,MTC,NORMAL,42.45062,-83.01968
NE26021801584,2026-02-18T20:21:21Z,2026-02-18T21:04:10Z,2,2026-02-18T10:09:23Z,2026-02-19T00:40:00Z,1,1,Determined upon crew arrival,In Progres,OUTAGE,Single Customer,MTC,NORMAL,42.73091,-82.95478
NW26021801556,2026-02-18T20:21:21Z,2026-02-18T23:04:57Z,5,2026-02-18T19:47:04Z,2026-02-19T00:15:00Z,1,1,Determined upon crew arrival,In Progres,OUTAGE,Single Customer,PON,NORMAL,42.64554,-83.43176
SE26021801551,2026-02-18T20:21:21Z,2026-02-18T23:04:57Z,5,2026-02-18T17:16:34Z,2026-02-19T00:15:00Z,1,1,Determined upon crew arrival,In Progres,SERVICE DOWN NO,,RFD,NORMAL,42.35258,-83.14804
SE26021801557,2026-02-18T20:21:21Z,2026-02-18T21:49:44Z,3,2026-02-18T19:47:05Z,2026-02-19T00:15:00Z,1,1,Equipment problem,In Progres,OUTAGE,Single Customer,RFD,NORMAL,42.24305,-83.19171
SW26021801552,2026-02-18T20:21:21Z,2026-02-18T20:21:21Z,1,2026-02-18T19:41:07Z,2026-02-19T00:15:00Z,8,8,Determined upon crew arrival,In Progres,OUTAGE,Service Transformer,ANN,NORMAL,42.18485,-83.61087
SW26021801553,2026-02-18T20:21:21Z,2026-02-18T21:04:10Z,2,2026-02-18T19:44:49Z,2026-02-19T00:15:00Z,1,1,Determined upon crew arrival,In Progres,OUTAGE,Single Customer,WWS,NORMAL,42.39263,-83.42847
SW26021801563,2026-02-18T20:21:21Z,2026-02-18T21:04:10Z,2,2026-02-18T19:52:57Z,2026-02-19T00:25:00Z,23,23,Determined upon crew arrival,In Progres,OUTAGE,Device (II),WWS,NORMAL,42.35678,-83.46991
SW26021801574,2026-02-18T20:21:21Z,2026-02-18T21:04:10Z,2,2026-02-18T19:52:58Z,2026-02-19T00:35:00Z,4,4,Determined upon crew arrival,In Progres,OUTAGE,Service Transformer,WWS,NORMAL,42.35479,-83.4699
SW26021801585,2026-02-18T20:21:21Z,2026-02-18T20:21:21Z,1,2026-02-18T20:12:24Z,,1,1,Determined upon crew arrival,New,OUTAGE,Single Customer,WWS,NORMAL,42.35768,-83.46779
SW26021801587,2026-02-18T20:21:21Z,2026-02-18T21:04:10Z,2,2026-02-18T20:13:57Z,2026-02-19T00:45:00Z,1,1,Determined upon crew arrival,In Progres,OUTAGE,Single Customer,WWS,NORMAL,42.35292,-83.4684
NE26021801604,2026-02-18T21:04:10Z,2026-02-19T16:04:37Z,19,2026-02-18T20:40:12Z,2026-02-20T01:10:00Z,1,1,Equipment problem,In Progres,OUTAGE,Single Customer,MTC,NORMAL,42.50388,-82.9347
NE26021801608,2026-02-18T21:04:10Z,2026-02-18T21:04:10Z,1,2026-02-18T20:43:21Z,,1,1,Determined upon crew arrival,New,OUTAGE,Single Customer,MTC,NORMAL,42.67534,-82.81595
SE26021801605,2026-02-18T21:04:10Z,2026-02-18T21:04:10Z,1,2026-02-18T19:17:35Z,2026-02-19T01:10:00Z,1,1,Determined upon crew arrival,New,OUTAGE,Single Customer,CAN,NORMAL,42.38655,-83.05428
SE26021801609,2026-02-18T21:04:10Z,2026-02-18T21:04:10Z,1,2026-02-18T20:43:35Z,,1,1,Determined upon crew arrival,New,OUTAGE,Single Customer,RFD,NORMAL,42.40824,-83.24229
SW26021801603,2026-02-18T21:04:10Z,2026-02-18T21:04:10Z,1,2026-02-18T20:34:12Z,2026-02-19T01:10:00Z,1,1,Determined upon crew arrival,In Progres,OUTAGE,Single Customer,WWS,NORMAL,42.35262,-83.46978
NE26021801622,2026-02-18T21:49:44Z,2026-02-20T09:58:11Z,36,2026-02-18T20:58:18Z,2026-02-20T13:30:00Z,1,1,Equipment problem,In Progres,OUTAGE,Single Customer,MTC,NORMAL,42.49796,-82.92725
NE26021801628,2026-02-18T21:49:44Z,2026-02-19T00:02:55Z,5,2026-02-18T10:09:23Z,2026-02-19T01:35:00Z,1,1,Equipment problem,In Progres,OUTAGE,Single Customer,MTC,NORMAL,42.73091,-82.95478
NE26021801640,2026-02-18T21:49:44Z,2026-02-19T16:04:37Z,18,2026-02-18T01:47:38Z,2026-02-19T17:50:00Z,1,1,Equipment problem,In Progres,OUTAGE,Single Customer,MTC,NORMAL,42.51317,-82.92401
NE26021801645,2026-02-18T21:49:44Z,2026-02-19T00:02:55Z,5,2026-02-18T15:32:07Z,2026-02-19T01:55:00Z,1,1,Equipment problem,In Progres,SERVICE DOWN NO,,MTC,NORMAL,42.50104,-82.91279
NE26021801646,2026-02-18T21:49:44Z,2026-02-19T03:15:35Z,6,2026-02-18T21:25:08Z,2026-02-19T05:55:00Z,1,1,Equipment problem,In Progres,OUTAGE,Single Customer,MTC,NORMAL,42.45871,-82.92235
NW26021801619,2026-02-18T21:49:44Z,2026-02-18T22:34:32Z,2,2026-02-18T20:42:34Z,2026-02-19T01:30:00Z,10,10,Determined upon crew arrival,In Progres,OUTAGE,Device (I),PON,NORMAL,42.56305,-83.27244
SE26021801620,2026-02-18T21:49:44Z,2026-02-18T22:34:32Z,2,2026-02-18T20:57:58Z,2026-02-19T01:30:00Z,1,1,Determined upon crew arrival,In Progres,OUTAGE,Single Customer,CAN,NORMAL,42.39319,-83.12292
SE26021801621,2026-02-18T21:49:44Z,2026-02-19T05:09:27Z,7,2026-02-18T19:17:35Z,2026-02-19T13:30:00Z,1,1,Equipment problem,In Progres,OUTAGE,Single Customer,CAN,NORMAL,42.38655,-83.05428
SE26021801629,2026-02-18T21:49:44Z,2026-02-19T00:02:55Z,5,2026-02-18T21:08:50Z,2026-02-19T01:40:00Z,1,1,Determined upon crew arrival,In Progres,OUTAGE,Single Customer,RFD,NORMAL,42.26583,-83.15055
SE26021801650,2026-02-18T21:49:44Z,2026-02-19T00:02:55Z,5,2026-02-18T12:01:09Z,2026-02-19T02:00:00Z,1,1,Equipment problem,In Progres,OUTAGE,Single Customer,RFD,NORMAL,42.5181,-83.129
SE26021801661,2026-02-18T21:49:44Z,2026-02-18T21:49:44Z,1,2026-02-18T19:42:43Z,2026-02-19T02:10:00Z,1,1,Determined upon crew arrival,New,OUTAGE,Single Customer,RFD,NORMAL,42.44856,-83.13926
SE26021801664,2026-02-18T21:49:44Z,2026-02-19T00:02:55Z,5,2026-02-18T21:44:02Z,2026-02-19T02:15:00Z,1,1,Determined upon crew arrival,In Progres,OUTAGE,Single Customer,RFD,NORMAL,42.33811,-83.22714
SW26021801623,2026-02-18T21:49:44Z,2026-02-18T23:04:57Z,3,2026-02-18T21:00:26Z,2026-02-19T01:30:00Z,1,1,Determined upon crew arrival,In Progres,OUTAGE,Single Customer,WWS,NORMAL,42.45478,-83.52904
SW26021801653,2026-02-18T21:49:44Z,2026-02-19T00:02:55Z,5,2026-02-18T21:34:07Z,2026-02-19T02:05:00Z,1,1,Equipment problem,In Progres,OUTAGE,Single Customer,ANN,NORMAL,42.24938,-83.5851
SW26021801654,2026-02-18T21:49:44Z,2026-02-18T21:49:44Z,1,2026-02-18T21:35:26Z,2026-02-19T02:05:00Z,1,1,Determined upon crew arrival,New,OUTAGE,Single Customer,WWS,NORMAL,42.38412,-83.42243
SW26021801659,2026-02-18T21:49:44Z,2026-02-19T03:15:35Z,6,2026-02-18T18:18:04Z,2026-02-19T14:10:00Z,1,1,Equipment problem,In Progres,OUTAGE,Single Customer,WWS,NORMAL,42.27531,-83.44617
NE26021801678,2026-02-18T22:34:32Z,2026-02-19T00:02:55Z,4,2026-02-18T22:12:04Z,2026-02-19T02:40:00Z,1,1,Determined upon crew arrival,In Progres,OUTAGE,Single Customer,MTC,NORMAL,42.49645,-82.90548
NW26021801670,2026-02-18T22:34:32Z,2026-02-19T03:15:35Z,5,2026-02-18T22:00:33Z,2026-02-19T14:30:00Z,1,1,Equipment problem,In Progres,OUTAGE,Single Customer,PON,NORMAL,42.64318,-83.29309
NE26021801687,2026-02-18T23:04:57Z,2026-02-19T14:15:05Z,14,2026-02-18T15:21:36Z,2026-02-19T14:55:00Z,1,1,Determined upon crew arrival,In Progres,OUTAGE,Single Customer,MTC,NORMAL,42.45818,-82.91393
SE26021801760,2026-02-18T23:04:57Z,2026-02-18T23:04:57Z,1,2026-02-18T17:46:43Z,2026-02-19T03:10:00Z,1,1,Determined upon crew arrival,New,OUTAGE,Single Customer,RFD,NORMAL,42.43287,-83.30136
SW26021801694,2026-02-18T23:04:57Z,2026-02-19T07:18:07Z,7,2026-02-18T22:36:59Z,2026-02-19T07:05:00Z,1191,15,Equipment problem,In Progres,OUTAGE,Device (II),WWS,NORMAL,42.21256,-83.53794
SW26021801696,2026-02-18T23:04:57Z,2026-02-19T00:02:55Z,3,2026-02-18T22:36:45Z,2026-02-19T03:10:00Z,4809,2105,Determined upon crew arrival,In Progres,OUTAGE,Subtransmission,WWS,NORMAL,42.21103,-83.45691
SW26021801721,2026-02-18T23:04:57Z,2026-02-18T23:04:57Z,1,2026-02-18T22:36:54Z,2026-02-19T03:10:00Z,22,22,Determined upon crew arrival,PC3 Verifi,OUTAGE,Service Transformer,WWS,NORMAL,42.21609,-83.51343
SW26021801775,2026-02-18T23:04:57Z,2026-02-19T03:15:35Z,4,2026-02-18T22:41:04Z,2026-02-19T03:10:00Z,1,1,Equipment problem,Pending,OUTAGE,Single Customer,ANN,NORMAL,42.1308,-83.79962
SW26021801790,2026-02-18T23:04:57Z,2026-02-18T23:04:57Z,1,2026-02-18T22:42:10Z,2026-02-19T03:10:00Z,1,1,Determined upon crew arrival,New,OUTAGE,Single Customer,WWS,NORMAL,42.24331,-83.41853
SW26021801802,2026-02-18T23:04:57Z,2026-02-19T00:02:55Z,3,2026-02-18T22:36:45Z,2026-02-19T03:15:00Z,21,21,Determined upon crew arrival,In Progres,OUTAGE,Service Transformer,WWS,NORMAL,42.15479,-83.53084
SW26021801807,2026-02-18T23:04:57Z,2026-02-18T23:04:57Z,1,2026-02-18T22:36:57Z,2026-02-19T03:15:00Z,1,1,Determined upon crew arrival,New,OUTAGE,Single Customer,WWS,NORMAL,42.21542,-83.42176
SW26021801814,2026-02-18T23:04:57Z,2026-02-19T10:05:30Z,10,2026-02-18T22:44:05Z,2026-02-19T11:15:00Z,1,1,Determined upon crew arrival,Pending,PRIORITY,,WWS,NORMAL,42.22469,-83.4239
SW26021801906,2026-02-18T23:04:57Z,2026-02-18T23:04:57Z,1,2026-02-18T22:52:30Z,2026-02-19T03:25:00Z,1,1,Determined upon crew arrival,New,OUTAGE,Single Customer,ANN,NORMAL,42.35995,-83.86325
SW26021801910,2026-02-18T23:04:57Z,2026-02-18T23:04:57Z,1,2026-02-18T22:53:07Z,2026-02-19T03:25:00Z,1,1,Determined upon crew arrival,New,OUTAGE,Single Customer,ANN,NORMAL,42.34893,-83.8237
SW26021801911,2026-02-18T23:04:57Z,2026-02-19T00:02:55Z,3,2026-02-18T22:53:09Z,2026-02-19T03:25:00Z,1,1,Determined upon crew arrival,In Progres,OUTAGE,Single Customer,ANN,NORMAL,42.35235,-83.87434
SW26021801912,2026-02-18T23:04:57Z,2026-02-18T23:04:57Z,1,2026-02-18T22:53:15Z,2026-02-19T03:25:00Z,1,1,Determined upon crew arrival,New,OUTAGE,Single Customer,ANN,NORMAL,42.36078,-83.85969
SW26021801919,2026-02-18T23:04:57Z,2026-02-19T00:02:55Z,3,2026-02-18T22:55:38Z,2026-02-19T03:25:00Z,1,1,Determined upon crew arrival,In Progres,OUTAGE,Single Customer,WWS,NORMAL,42.30389,-83.31229
SW26021801924,2026-02-18T23:04:57Z,2026-02-18T23:04:57Z,1,2026-02-18T22:57:06Z,,1,1,Determined upon crew arrival,New,OUTAGE,Single Customer,ANN,NORMAL,42.36531,-83.85731
SW26021801926,2026-02-18T23:04:57Z,2026-02-19T00:02:55Z,3,2026-02-18T22:57:25Z,2026-02-19T03:25:00Z,1,1,Determined upon crew arrival,In Progres,OUTAGE,Single Customer,ANN,NORMAL,42.31574,-83.84973
SW26021801929,2026-02-18T23:04:57Z,2026-02-18T23:04:57Z,1,2026-02-18T22:57:50Z,,1,1,Determined upon crew arrival,New,OUTAGE,Single Customer,ANN,NORMAL,42.3647,-83.85483
NE26021801978,2026-02-18T23:45:01Z,2026-02-19T17:13:44Z,16,2026-02-18T23:20:00Z,2026-02-20T03:50:00Z,1,1,Equipment problem,In Progres,OUTAGE,Single Customer,MTC,NORMAL,42.59876,-82.60068
NW26021801971,2026-02-18T23:45:01Z,2026-02-19T00:02:55Z,2,2026-02-18T22:57:54Z,2026-02-19T03:45:00Z,3,3,Determined upon crew arrival,New,OUTAGE,Service Transformer,PON,NORMAL,42.77686,-83.26585
SE26021801968,2026-02-18T23:45:01Z,2026-02-19T00:02:55Z,2,2026-02-18T23:11:54Z,2026-02-19T03:40:00Z,1,1,Determined upon crew arrival,In Progres,OUTAGE,Single Customer,RFD,NORMAL,42.39058,-83.24829
SE26021801988,2026-02-18T23:45:01Z,2026-02-19T00:02:55Z,2,2026-02-18T23:27:11Z,2026-02-19T03:55:00Z,1,1,Determined upon crew arrival,New,OUTAGE,Single Customer,RFD,NORMAL,42.23923,-83.1873
SW26021801943,2026-02-18T23:45:01Z,2026-02-19T00:02:55Z,2,2026-02-18T23:03:55Z,2026-02-19T03:35:00Z,11,11,Determined upon crew arrival,In Progres,OUTAGE,Service Transformer,ANN,NORMAL,42.41789,-83.92661
SW26021801967,2026-02-18T23:45:01Z,2026-02-19T10:05:30Z,9,2026-02-18T23:11:28Z,2026-02-19T11:40:00Z,1,1,Equipment problem,In Progres,PRIORITY,,ANN,NORMAL,42.21335,-83.54805
SW26021801984,2026-02-18T23:45:01Z,2026-02-18T23:45:01Z,1,2026-02-18T23:25:30Z,2026-02-19T03:55:00Z,1,1,Determined upon crew arrival,New,OUTAGE,Single Customer,WWS,NORMAL,42.21609,-83.51343
SW26021801986,2026-02-18T23:45:01Z,2026-02-18T23:45:01Z,1,2026-02-18T23:26:55Z,2026-02-19T03:55:00Z,1,1,Determined upon crew arrival,New,OUTAGE,Single Customer,WWS,NORMAL,42.21787,-83.44374
SW26021801989,2026-02-18T23:45:01Z,2026-02-18T23:45:01Z,1,2026-02-18T23:27:16Z,,1,1,Determined upon crew arrival,New,OUTAGE,Single Customer,WWS,NORMAL,42.21596,-83.51759
NE26021801992,2026-02-19T00:02:55Z,2026-02-19T18:06:50Z,16,2026-02-18T23:30:37Z,2026-02-20T04:00:00Z,1,1,Determined upon crew arrival,In Progres,SERVICE DOWN NO,,MTC,NORMAL,42.46073,-82.92136
NE26021802001,2026-02-19T00:02:55Z,2026-02-19T00:02:55Z,1,2026-02-18T23:39:19Z,2026-02-19T04:10:00Z,1,1,Determined upon crew arrival,New,OUTAGE,Single Customer,LAP,NORMAL,42.96803,-83.03717
NW26021801996,2026-02-19T00:02:55Z,2026-02-19T00:02:55Z,1,2026-02-18T23:34:26Z,2026-02-19T04:05:00Z,1,1,Determined upon crew arrival,New,OUTAGE,Single Customer,HWL,NORMAL,42.50854,-83.88093
NW26021801997,2026-02-19T00:02:55Z,2026-02-19T09:04:28Z,7,2026-02-18T23:35:36Z,2026-02-19T16:05:00Z,1,1,Determined upon crew arrival,In Progres,OUTAGE,Single Customer,PON,NORMAL,42.54988,-83.1884
SW26021801993,2026-02-19T00:02:55Z,2026-02-19T00:02:55Z,1,2026-02-18T23:32:12Z,2026-02-19T04:00:00Z,1,1,Determined upon crew arrival,New,OUTAGE,Single Customer,WWS,NORMAL,42.21555,-83.51632
SW26021801995,2026-02-19T00:02:55Z,2026-02-19T00:02:55Z,1,2026-02-18T23:33:54Z,2026-02-19T04:05:00Z,1,1,Determined upon crew arrival,New,OUTAGE,Single Customer,WWS,NORMAL,42.20805,-83.45623
SW26021802003,2026-02-19T00:02:55Z,2026-02-19T00:02:55Z,1,2026-02-18T23:40:51Z,2026-02-19T04:10:00Z,1,1,Determined upon crew arrival,New,OUTAGE,Single Customer,WWS,NORMAL,42.19906,-83.46101
NE26021802022,2026-02-19T03:15:35Z,2026-02-19T08:03:26Z,5,2026-02-19T00:02:48Z,2026-02-19T08:35:00Z,67,67,Wind damage,Pending,OUTAGE,Device (II),MAR,NORMAL,43.16606,-82.57877
NE26021802038,2026-02-19T03:15:35Z,2026-02-19T08:03:26Z,5,2026-02-19T00:09:37Z,2026-02-19T08:45:00Z,65,65,Lightning strike,In Progres,OUTAGE,Device (I),MAR,NORMAL,43.10771,-82.63074
NE26021802039,2026-02-19T03:15:35Z,2026-02-19T03:15:35Z,1,2026-02-19T00:08:45Z,2026-02-19T04:45:00Z,11,11,Determined upon crew arrival,In Progres,OUTAGE,Device (I),MAR,NORMAL,43.09157,-82.6716
NE26021802041,2026-02-19T03:15:35Z,2026-02-19T03:15:35Z,1,2026-02-19T00:12:22Z,2026-02-19T04:45:00Z,8,8,Equipment problem,In Progres,OUTAGE,Service Transformer,MTC,NORMAL,42.52023,-82.97844
NE26021802056,2026-02-19T03:15:35Z,2026-02-19T06:14:15Z,3,2026-02-19T00:06:30Z,2026-02-19T08:45:00Z,2,2,Lightning strike,In Progres,OUTAGE,Service Transformer,MAR,NORMAL,43.10756,-82.65813
NE26021802070,2026-02-19T03:15:35Z,2026-02-19T03:15:35Z,1,2026-02-19T00:18:06Z,2026-02-19T04:50:00Z,1,1,Determined upon crew arrival,In Progres,OUTAGE,Single Customer,MAR,NORMAL,43.16698,-82.58435
NE26021802080,2026-02-19T03:15:35Z,2026-02-19T16:04:37Z,13,2026-02-18T16:04:43Z,2026-02-19T16:50:00Z,1,1,Equipment problem,In Progres,OUTAGE,Single Customer,MTC,NORMAL,42.46508,-82.97455
NE26021802081,2026-02-19T03:15:35Z,2026-02-19T06:14:15Z,3,2026-02-19T00:17:15Z,2026-02-19T08:50:00Z,16,16,Determined upon crew arrival,In Progres,OUTAGE,Device (II),LAP,NORMAL,42.84386,-83.23468
NE26021802107,2026-02-19T03:15:35Z,2026-02-19T13:08:41Z,10,2026-02-18T22:43:00Z,2026-02-19T13:00:00Z,1,1,Determined upon crew arrival,In Progres,OUTAGE,Single Customer,MTC,NORMAL,42.48765,-82.89551
NE26021802110,2026-02-19T03:15:35Z,2026-02-19T14:15:05Z,11,2026-02-18T15:22:01Z,2026-02-19T17:00:00Z,1,1,Determined upon crew arrival,In Progres,OUTAGE,Single Customer,MTC,NORMAL,42.66553,-82.83913
NE26021802130,2026-02-19T03:15:35Z,2026-02-19T09:04:28Z,6,2026-02-19T00:41:51Z,2026-02-19T09:10:00Z,2,2,Equipment problem,In Progres,OUTAGE,Service Secondary,MTC,NORMAL,42.47193,-82.93495
NE26021802139,2026-02-19T03:15:35Z,2026-02-19T15:09:20Z,12,2026-02-19T00:47:15Z,2026-02-19T17:15:00Z,1,1,Equipment problem,In Progres,OUTAGE,Single Customer,MTC,NORMAL,42.66651,-82.83872
NE26021802147,2026-02-19T03:15:35Z,2026-02-19T03:15:35Z,1,2026-02-19T00:08:25Z,2026-02-19T05:25:00Z,2,2,Determined upon crew arrival,In Progres,OUTAGE,Single Customer,MAR,NORMAL,43.16602,-82.56886
NE26021802183,2026-02-19T03:15:35Z,2026-02-19T14:15:05Z,11,2026-02-19T01:34:04Z,2026-02-19T18:05:00Z,1,1,Equipment problem,In Progres,OUTAGE,Single Customer,MTC,NORMAL,42.49449,-82.98571
NE26021802203,2026-02-19T03:15:35Z,2026-02-19T09:04:28Z,6,2026-02-19T02:06:27Z,2026-02-19T18:35:00Z,1,1,Equipment problem,In Progres,OUTAGE,Single Customer,MTC,NORMAL,42.51413,-82.96685
NE26021802204,2026-02-19T03:15:35Z,2026-02-19T16:04:37Z,13,2026-02-19T02:11:21Z,2026-02-19T18:40:00Z,1,1,Equipment problem,In Progres,SERVICE DOWN NO,,MAR,NORMAL,43.02721,-82.96472
NE26021802208,2026-02-19T03:15:35Z,2026-02-19T03:15:35Z,1,2026-02-19T02:18:43Z,2026-02-19T06:50:00Z,1,1,Determined upon crew arrival,New,OUTAGE,Single Customer,MTC,NORMAL,42.47836,-82.97557
NE26021802210,2026-02-19T03:15:35Z,2026-02-19T23:45:42Z,23,2026-02-18T15:32:45Z,2026-02-20T06:50:00Z,1,1,Equipment problem,In Progres,OUTAGE,Single Customer,MTC,NORMAL,42.52203,-82.92164
NE26021802212,2026-02-19T03:15:35Z,2026-02-19T18:06:50Z,15,2026-02-18T16:01:07Z,2026-02-19T18:55:00Z,1,1,Equipment problem,In Progres,OUTAGE,Single Customer,MTC,NORMAL,42.46227,-83.01697
NE26021802214,2026-02-19T03:15:35Z,2026-02-19T03:15:35Z,1,2026-02-18T10:09:23Z,2026-02-19T06:55:00Z,1,1,Determined upon crew arrival,New,OUTAGE,Single Customer,MTC,NORMAL,42.73091,-82.95478
NE26021802234,2026-02-19T03:15:35Z,2026-02-19T23:45:42Z,23,2026-02-19T02:48:26Z,2026-02-20T07:20:00Z,1,1,Determined upon crew arrival,In Progres,SERVICE DOWN NO,,MTC,NORMAL,42.53771,-82.95359
NW26021802164,2026-02-19T03:15:35Z,2026-02-20T09:06:04Z,30,2026-02-19T01:14:04Z,2026-02-20T09:45:00Z,1,1,Determined upon crew arrival,In Progres,PRIORITY,,PON,NORMAL,42.53703,-83.18574
NW26021802225,2026-02-19T03:15:35Z,2026-02-19T03:15:35Z,1,2026-02-19T02:39:09Z,2026-02-19T07:10:00Z,1,1,Determined upon crew arrival,PC3 Verifi,PRIORITY,,PON,NORMAL,42.66224,-83.43006
NW26021802233,2026-02-19T03:15:35Z,2026-02-19T06:14:15Z,3,2026-02-19T02:45:27Z,2026-02-19T07:15:00Z,1,1,Equipment problem,In Progres,PRIORITY,,SBY,NORMAL,42.55611,-83.04287
SE26021802021,2026-02-19T03:15:35Z,2026-02-19T14:15:05Z,11,2026-02-19T00:01:25Z,2026-02-19T16:30:00Z,1,1,Determined upon crew arrival,In Progres,OUTAGE,Single Customer,RFD,NORMAL,42.51217,-83.11581
SE26021802124,2026-02-19T03:15:35Z,2026-02-19T19:50:17Z,17,2026-02-19T00:36:56Z,2026-02-20T05:05:00Z,1,1,Equipment problem,In Progres,OUTAGE,Single Customer,CAN,NORMAL,42.44601,-83.04581
SE26021802145,2026-02-19T03:15:35Z,2026-02-19T08:03:26Z,5,2026-02-18T13:47:43Z,2026-02-19T17:25:00Z,1,1,Determined upon crew arrival,In Progres,OUTAGE,Single Customer,RFD,NORMAL,42.50593,-83.25665
SE26021802182,2026-02-19T03:15:35Z,2026-02-19T16:04:37Z,13,2026-02-19T01:33:19Z,2026-02-19T18:05:00Z,1,1,Determined upon crew arrival,In Progres,OUTAGE,Single Customer,CAN,NORMAL,42.43705,-82.91262
SE26021802213,2026-02-19T03:15:35Z,2026-02-19T07:18:07Z,4,2026-02-19T01:32:20Z,2026-02-19T18:55:00Z,1,1,Determined upon crew arrival,In Progres,OUTAGE,Single Customer,CAN,NORMAL,42.42008,-82.9278
SE26021802229,2026-02-19T03:15:35Z,2026-02-19T06:14:15Z,3,2026-02-19T02:11:58Z,2026-02-19T07:10:00Z,1,1,Determined upon crew arrival,In Progres,OUTAGE,Single Customer,CAN,NORMAL,42.41829,-83.10217
SE26021802236,2026-02-19T03:15:35Z,2026-02-19T11:07:12Z,8,2026-02-19T02:47:14Z,2026-02-19T11:20:00Z,13,13,Determined upon crew arrival,In Progres,OUTAGE,Service Transformer,RFD,NORMAL,42.35865,-83.21081
SE26021802240,2026-02-19T03:15:35Z,2026-02-19T07:18:07Z,4,2026-02-19T02:57:10Z,2026-02-19T07:30:00Z,27,27,Determined upon crew arrival,In Progres,OUTAGE,Device (II),RFD,NORMAL,42.46025,-83.29899
SE26021802241,2026-02-19T03:15:35Z,2026-02-19T03:15:35Z,1,2026-02-19T02:59:58Z,,1,1,Determined upon crew arrival,New,OUTAGE,Single Customer,RFD,NORMAL,42.45539,-83.30015
SW26021802170,2026-02-19T03:15:35Z,2026-02-19T03:15:35Z,1,2026-02-19T01:20:59Z,2026-02-19T05:50:00Z,1,1,Determined upon crew arrival,PC3 Verifi,PRIORITY,,WWS,NORMAL,42.26626,-83.3296
SW26021802177,2026-02-19T03:15:35Z,2026-02-19T11:07:12Z,8,2026-02-19T01:26:02Z,2026-02-19T13:55:00Z,1,1,Determined upon crew arrival,New,PRIORITY,,ANN,NORMAL,42.22185,-83.55133
SW26021802192,2026-02-19T03:15:35Z,2026-02-19T03:15:35Z,1,2026-02-19T01:44:46Z,2026-02-19T06:20:00Z,1,1,Determined upon crew arrival,In Progres,OUTAGE,Single Customer,WWS,NORMAL,42.37901,-83.51219
SW26021802199,2026-02-19T03:15:35Z,2026-02-19T03:15:35Z,1,2026-02-19T02:00:57Z,2026-02-19T06:30:00Z,1,1,Determined upon crew arrival,In Progres,OUTAGE,Single Customer,WWS,NORMAL,42.3866,-83.31496
SW26021802218,2026-02-19T03:15:35Z,2026-02-19T08:03:26Z,5,2026-02-18T17:13:40Z,2026-02-19T18:55:00Z,1,1,Determined upon crew arrival,In Progres,OUTAGE,Single Customer,ANN,NORMAL,42.21638,-83.68629
NE26021802282,2026-02-19T05:09:27Z,2026-02-19T17:13:44Z,13,2026-02-19T03:25:07Z,2026-02-19T20:25:00Z,1,1,Equipment problem,In Progres,SERVICE DOWN NO,,MTC,NORMAL,42.48273,-82.96021
NE26021802292,2026-02-19T05:09:27Z,2026-02-19T23:45:42Z,22,2026-02-19T04:03:25Z,2026-02-20T08:40:00Z,1,1,Equipment problem,In Progres,OUTAGE,Single Customer,MTC,NORMAL,42.49384,-82.94686
NW26021802267,2026-02-19T05:09:27Z,2026-02-19T10:05:30Z,6,2026-02-19T03:33:45Z,2026-02-19T20:05:00Z,1,1,Animal/bird damaged DTE equip,In Progres,OUTAGE,Single Customer,HWL,NORMAL,42.4689,-83.96453
SE26021802260,2026-02-19T05:09:27Z,2026-02-20T13:33:22Z,34,2026-02-18T21:43:32Z,2026-02-20T20:00:00Z,1,1,Equipment problem,In Progres,OUTAGE,Single Customer,RFD,NORMAL,42.2493,-83.20887
SE26021802262,2026-02-19T05:09:27Z,2026-02-19T06:14:15Z,2,2026-02-19T03:28:16Z,2026-02-19T08:00:00Z,1,1,Determined upon crew arrival,PC3 Verifi,OUTAGE,Single Customer,RFD,NORMAL,42.45622,-83.29638
SE26021802288,2026-02-19T05:09:27Z,2026-02-19T16:04:37Z,12,2026-02-19T04:00:18Z,2026-02-19T20:30:00Z,1,1,Equipment problem,In Progres,OUTAGE,Single Customer,CAN,NORMAL,42.40778,-82.97357
SE26021802301,2026-02-19T05:09:27Z,2026-02-19T15:09:20Z,11,2026-02-19T04:31:17Z,2026-02-19T21:10:00Z,1,1,Determined upon crew arrival,In Progres,OUTAGE,Single Customer,RFD,NORMAL,42.34988,-83.2144
SW26021802281,2026-02-19T05:09:27Z,2026-02-19T23:04:46Z,21,2026-02-19T03:54:33Z,2026-02-20T08:25:00Z,1,1,Equipment problem,In Progres,OUTAGE,Single Customer,WWS,NORMAL,42.26811,-83.33213
SW26021802307,2026-02-19T05:09:27Z,2026-02-19T08:03:26Z,4,2026-02-19T04:49:20Z,2026-02-19T09:25:00Z,1,1,Determined upon crew arrival,In Progres,OUTAGE,Single Customer,NPT,NORMAL,41.99178,-83.67276
NE26021900012,2026-02-19T06:14:15Z,2026-02-19T23:45:42Z,21,2026-02-19T05:22:52Z,2026-02-20T09:55:00Z,1,1,Equipment problem,In Progres,OUTAGE,Single Customer,MTC,NORMAL,42.45102,-82.94799
NE26021900023,2026-02-19T06:14:15Z,2026-02-19T23:45:42Z,21,2026-02-19T02:18:43Z,2026-02-20T10:15:00Z,1,1,Equipment problem,In Progres,OUTAGE,Single Customer,MTC,NORMAL,42.47836,-82.97557
SE26021900002,2026-02-19T06:14:15Z,2026-02-19T17:13:44Z,12,2026-02-19T05:05:28Z,2026-02-19T21:35:00Z,1,1,Equipment problem,In Progres,OUTAGE,Single Customer,RFD,NORMAL,42.4436,-83.18747
SE26021900011,2026-02-19T06:14:15Z,2026-02-19T21:04:17Z,17,2026-02-19T05:16:10Z,2026-02-19T21:50:00Z,1,1,Determined upon crew arrival,In Progres,OUTAGE,Single Customer,RFD,NORMAL,42.27738,-83.26472
SE26021900013,2026-02-19T06:14:15Z,2026-02-19T23:45:42Z,21,2026-02-19T05:17:31Z,2026-02-20T09:55:00Z,1,1,Determined upon crew arrival,In Progres,OUTAGE,Single Customer,CAN,NORMAL,42.39532,-83.12899
SW26021900027,2026-02-19T06:14:15Z,2026-02-19T06:14:15Z,1,2026-02-19T05:52:28Z,2026-02-19T10:25:00Z,54,54,Determined upon crew arrival,New,OUTAGE,Device (II),WWS,NORMAL,42.31984,-83.34771
SW26021900028,2026-02-19T06:14:15Z,2026-02-19T06:14:15Z,1,2026-02-19T05:53:27Z,2026-02-19T10:25:00Z,1,1,Determined upon crew arrival,New,OUTAGE,Single Customer,WWS,NORMAL,42.3184,-83.35343
SW26021900029,2026-02-19T06:14:15Z,2026-02-19T06:14:15Z,1,2026-02-19T05:59:42Z,,186,186,Determined upon crew arrival,New,OUTAGE,Device (II),WWS,NORMAL,42.28146,-83.43793
SE26021900037,2026-02-19T07:18:07Z,2026-02-19T15:09:20Z,9,2026-02-19T06:14:37Z,2026-02-19T22:45:00Z,1,1,Determined upon crew arrival,Pending,OUTAGE,Single Customer,CAN,NORMAL,42.44119,-82.91488
SE26021900043,2026-02-19T07:18:07Z,2026-02-20T02:10:46Z,21,2026-02-19T06:35:50Z,2026-02-20T11:05:00Z,1,1,Equipment problem,In Progres,OUTAGE,Single Customer,RFD,NORMAL,42.25888,-83.16012
SE26021900051,2026-02-19T07:18:07Z,2026-02-19T18:06:50Z,12,2026-02-19T06:59:03Z,2026-02-19T23:30:00Z,1,1,Equipment problem,In Progres,OUTAGE,Single Customer,RFD,NORMAL,42.46694,-83.22455
SW26021900048,2026-02-19T07:18:07Z,2026-02-19T17:13:44Z,11,2026-02-19T06:43:17Z,2026-02-19T23:20:00Z,1,1,Equipment problem,In Progres,OUTAGE,Single Customer,WWS,NORMAL,42.36954,-83.41056
SW26021900049,2026-02-19T07:18:07Z,2026-02-19T07:18:07Z,1,2026-02-19T06:37:35Z,2026-02-19T11:25:00Z,2,2,Determined upon crew arrival,New,OUTAGE,Service Transformer,NPT,NORMAL,42.07569,-83.24054
SW26021900052,2026-02-19T07:18:07Z,2026-02-19T07:18:07Z,1,2026-02-19T06:44:09Z,,1,1,Determined upon crew arrival,New,OUTAGE,Single Customer,NPT,NORMAL,42.08008,-83.23893
SW26021900053,2026-02-19T07:18:07Z,2026-02-19T07:18:07Z,1,2026-02-19T06:59:20Z,,439,439,Determined upon crew arrival,New,OUTAGE,Device (II),WWS,NORMAL,42.29299,-83.4362
NE26021900071,2026-02-19T08:03:26Z,2026-02-19T08:03:26Z,1,2026-02-19T00:20:36Z,2026-02-19T12:00:00Z,1,1,Determined upon crew arrival,New,OUTAGE,Single Customer,LAP,NORMAL,42.84277,-83.24339
SE26021900059,2026-02-19T08:03:26Z,2026-02-19T13:08:41Z,6,2026-02-19T07:12:22Z,2026-02-19T23:40:00Z,1,1,Determined upon crew arrival,In Progres,OUTAGE,Single Customer,RFD,NORMAL,42.44768,-83.15179
SE26021900068,2026-02-19T08:03:26Z,2026-02-19T22:33:14Z,17,2026-02-19T07:21:00Z,2026-02-19T23:50:00Z,1,1,Equipment problem,In Progres,OUTAGE,Single Customer,CAN,NORMAL,42.4466,-82.99093
SW26021900057,2026-02-19T08:03:26Z,2026-02-19T10:05:30Z,3,2026-02-19T07:05:29Z,2026-02-19T11:35:00Z,2,2,Determined upon crew arrival,In Progres,OUTAGE,Service Transformer,WWS,NORMAL,42.22148,-83.49184
SW26021900066,2026-02-19T08:03:26Z,2026-02-19T16:04:37Z,9,2026-02-19T07:16:06Z,2026-02-19T23:45:00Z,1,1,Equipment problem,In Progres,OUTAGE,Single Customer,WWS,NORMAL,42.39124,-83.35429
SW26021900067,2026-02-19T08:03:26Z,2026-02-19T14:15:05Z,7,2026-02-19T07:10:22Z,2026-02-19T15:50:00Z,5,5,Determined upon crew arrival,In Progres,OUTAGE,Service Transformer,WWS,NORMAL,42.38583,-83.46311
SW26021900069,2026-02-19T08:03:26Z,2026-02-19T16:04:37Z,9,2026-02-19T07:21:50Z,2026-02-19T23:50:00Z,1,1,Equipment problem,In Progres,OUTAGE,Single Customer,NPT,NORMAL,42.09444,-83.2368
SE26021900079,2026-02-19T09:04:28Z,2026-02-19T14:15:05Z,6,2026-02-19T08:04:01Z,2026-02-20T00:35:00Z,1,1,Equipment problem,In Progres,OUTAGE,Single Customer,RFD,NORMAL,42.29801,-83.26632
SE26021900083,2026-02-19T09:04:28Z,2026-02-19T17:13:44Z,9,2026-02-19T08:10:53Z,2026-02-20T00:40:00Z,1,1,Determined upon crew arrival,In Progres,OUTAGE,Single Customer,RFD,NORMAL,42.48115,-83.16578
NE26021900087,2026-02-19T10:05:30Z,2026-02-19T23:45:42Z,17,2026-02-19T08:47:02Z,2026-02-20T01:15:00Z,1,1,Equipment problem,In Progres,OUTAGE,Single Customer,MTC,NORMAL,42.45186,-82.96752
NE26021900103,2026-02-19T10:05:30Z,2026-02-19T16:04:37Z,7,2026-02-18T15:45:55Z,2026-02-20T02:10:00Z,1,1,Equipment problem,In Progres,OUTAGE,Single Customer,MTC,NORMAL,42.47834,-83.01778
NE26021900105,2026-02-19T10:05:30Z,2026-02-19T16:04:37Z,7,2026-02-18T21:42:48Z,2026-02-20T02:15:00Z,1,1,Equipment problem,In Progres,OUTAGE,Single Customer,MTC,NORMAL,42.4824,-82.95567
NE26021900106,2026-02-19T10:05:30Z,2026-02-19T23:45:42Z,17,2026-02-18T15:16:24Z,2026-02-20T02:15:00Z,1,1,Equipment problem,In Progres,OUTAGE,Single Customer,MTC,NORMAL,42.50525,-82.92427
NW26021900115,2026-02-19T10:05:30Z,2026-02-19T11:55:01Z,3,2026-02-19T09:49:46Z,2026-02-19T14:30:00Z,5,5,Equipment problem,In Progres,OUTAGE,Service Transformer,PON,NORMAL,42.56479,-83.36014
SE26021900090,2026-02-19T10:05:30Z,2026-02-19T11:55:01Z,3,2026-02-19T08:58:27Z,2026-02-19T13:30:00Z,1,1,Determined upon crew arrival,PC3 Verifi,OUTAGE,Single Customer,RFD,NORMAL,42.43559,-83.18832
SE26021900094,2026-02-19T10:05:30Z,2026-02-19T13:08:41Z,4,2026-02-19T07:57:21Z,2026-02-19T13:30:00Z,1,1,Determined upon crew arrival,In Progres,SERVICE DOWN NO,,CAN,NORMAL,42.43086,-82.90996
SE26021900096,2026-02-19T10:05:30Z,2026-02-19T16:04:37Z,7,2026-02-19T09:06:20Z,2026-02-20T01:35:00Z,1,1,Equipment problem,In Progres,OUTAGE,Single Customer,RFD,NORMAL,42.34767,-83.2361
SE26021900099,2026-02-19T10:05:30Z,2026-02-19T23:45:42Z,17,2026-02-19T09:21:41Z,2026-02-20T01:50:00Z,1,1,Determined upon crew arrival,Pending,OUTAGE,Single Customer,CAN,NORMAL,42.43215,-83.1379
SE26021900102,2026-02-19T10:05:30Z,2026-02-19T16:04:37Z,7,2026-02-19T09:40:24Z,2026-02-20T02:10:00Z,1,1,Equipment problem,In Progres,OUTAGE,Single Customer,RFD,NORMAL,42.32768,-83.17417
SW26021900110,2026-02-19T10:05:30Z,2026-02-19T16:04:37Z,7,2026-02-19T09:58:34Z,2026-02-20T02:30:00Z,1,1,Equipment problem,In Progres,OUTAGE,Single Customer,WWS,NORMAL,42.09424,-83.33585
SW26021900111,2026-02-19T10:05:30Z,2026-02-19T10:05:30Z,1,2026-02-19T09:44:00Z,,5,5,Determined upon crew arrival,New,OUTAGE,Service Transformer,ANN,NORMAL,42.17728,-83.75656
SW26021900112,2026-02-19T10:05:30Z,2026-02-19T10:05:30Z,1,2026-02-19T09:44:01Z,,19,19,Determined upon crew arrival,New,OUTAGE,Device (I),ANN,NORMAL,42.18303,-83.74854
SW26021900113,2026-02-19T10:05:30Z,2026-02-19T10:05:30Z,1,2026-02-19T09:44:03Z,,1,1,Determined upon crew arrival,New,OUTAGE,Single Customer,ANN,NORMAL,42.18121,-83.75003
SW26021900114,2026-02-19T10:05:30Z,2026-02-19T10:05:30Z,1,2026-02-19T09:44:45Z,,1,1,Determined upon crew arrival,New,OUTAGE,Single Customer,ANN,NORMAL,42.1766,-83.75521
NE26021900121,2026-02-19T11:07:12Z,2026-02-19T16:04:37Z,6,2026-02-19T10:11:02Z,2026-02-19T18:40:00Z,15,15,Equipment problem,In Progres,OUTAGE,Service Transformer,MTC,NORMAL,42.4848,-82.92654
NE26021900128,2026-02-19T11:07:12Z,2026-02-19T21:04:17Z,12,2026-02-19T10:26:22Z,2026-02-19T22:55:00Z,1,1,Equipment problem,In Progres,OUTAGE,Single Customer,MTC,NORMAL,42.49618,-83.00348
NE26021900136,2026-02-19T11:07:12Z,2026-02-19T23:45:42Z,16,2026-02-19T10:40:36Z,2026-02-20T03:10:00Z,1,1,Equipment problem,In Progres,OUTAGE,Single Customer,MTC,NORMAL,42.49676,-82.9221
NW26021900140,2026-02-19T11:07:12Z,2026-02-20T02:10:46Z,17,2026-02-19T10:47:12Z,2026-02-20T03:15:00Z,1,1,Equipment problem,In Progres,PRIORITY,,PON,NORMAL,42.53703,-83.18574
NW26021900144,2026-02-19T11:07:12Z,2026-02-19T16:04:37Z,6,2026-02-19T10:47:19Z,2026-02-19T19:20:00Z,774,65,Equipment problem,In Progres,OUTAGE,Device (II),SBY,NORMAL,42.72364,-83.20774
SE26021900123,2026-02-19T11:07:12Z,2026-02-19T23:45:42Z,16,2026-02-19T10:13:10Z,2026-02-20T02:45:00Z,1,1,Equipment problem,In Progres,OUTAGE,Single Customer,CAN,NORMAL,42.41121,-83.11023
SE26021900124,2026-02-19T11:07:12Z,2026-02-19T16:04:37Z,6,2026-02-19T10:13:26Z,2026-02-20T02:45:00Z,1,1,Equipment problem,In Progres,OUTAGE,Single Customer,RFD,NORMAL,42.45556,-83.15983
SE26021900139,2026-02-19T11:07:12Z,2026-02-19T14:15:05Z,4,2026-02-19T09:57:28Z,2026-02-19T15:15:00Z,1,1,Equipment problem,In Progres,OUTAGE,Single Customer,RFD,NORMAL,42.3163,-83.1742
SE26021900147,2026-02-19T11:07:12Z,2026-02-19T23:04:46Z,15,2026-02-19T10:53:42Z,2026-02-20T03:25:00Z,1,1,Equipment problem,In Progres,OUTAGE,Single Customer,RFD,NORMAL,42.23862,-83.21226
SW26021900130,2026-02-19T11:07:12Z,2026-02-19T17:13:44Z,7,2026-02-19T10:28:06Z,2026-02-20T03:00:00Z,1,1,Equipment problem,Pending,OUTAGE,Single Customer,WWS,NORMAL,42.48528,-83.40975
SW26021900131,2026-02-19T11:07:12Z,2026-02-20T02:10:46Z,17,2026-02-19T10:30:15Z,2026-02-20T03:00:00Z,1,1,Determined upon crew arrival,In Progres,PRIORITY,,NPT,NORMAL,42.09344,-83.23399
SW26021900142,2026-02-19T11:07:12Z,2026-02-19T15:09:20Z,5,2026-02-19T10:05:56Z,2026-02-19T15:20:00Z,1,1,Equipment problem,In Progres,OUTAGE,Single Customer,ANN,NORMAL,42.21241,-83.56388
NE26021900161,2026-02-19T11:55:01Z,2026-02-19T16:04:37Z,5,2026-02-19T11:10:40Z,2026-02-19T15:40:00Z,1,1,Equipment problem,In Progres,OUTAGE,Single Customer,MTC,NORMAL,42.48243,-82.9266
NE26021900165,2026-02-19T11:55:01Z,2026-02-19T15:09:20Z,4,2026-02-19T11:17:29Z,2026-02-19T15:50:00Z,1,1,Determined upon crew arrival,In Progres,OUTAGE,Single Customer,MTC,NORMAL,42.4572,-82.94231
NE26021900171,2026-02-19T11:55:01Z,2026-02-19T16:04:37Z,5,2026-02-19T11:22:06Z,2026-02-19T15:50:00Z,1,1,Equipment problem,In Progres,OUTAGE,Single Customer,MTC,NORMAL,42.48101,-82.92637
NE26021900175,2026-02-19T11:55:01Z,2026-02-19T16:04:37Z,5,2026-02-19T09:35:58Z,2026-02-19T16:00:00Z,1,1,Equipment problem,In Progres,OUTAGE,Single Customer,MTC,NORMAL,42.48161,-82.92765
NW26021900169,2026-02-19T11:55:01Z,2026-02-19T13:08:41Z,2,2026-02-19T11:18:54Z,2026-02-19T15:50:00Z,35,35,Determined upon crew arrival,In Progres,OUTAGE,Device (I),SBY,NORMAL,42.694,-83.12002
SE26021900159,2026-02-19T11:55:01Z,2026-02-19T19:50:17Z,9,2026-02-19T10:04:36Z,2026-02-20T03:35:00Z,1,1,Determined upon crew arrival,In Progres,SERVICE DOWN NO,,CAN,NORMAL,42.39174,-83.06067
SE26021900160,2026-02-19T11:55:01Z,2026-02-19T16:04:37Z,5,2026-02-19T11:10:14Z,2026-02-19T15:40:00Z,15,15,Equipment problem,In Progres,OUTAGE,Service Transformer,RFD,NORMAL,42.23195,-83.16952
SE26021900174,2026-02-19T11:55:01Z,2026-02-20T15:53:36Z,30,2026-02-19T11:28:11Z,2026-02-20T16:00:00Z,1,1,Determined upon crew arrival,In Progres,SERVICE DOWN NO,,CAN,NORMAL,42.40862,-82.98114
SE26021900176,2026-02-19T11:55:01Z,2026-02-19T22:33:14Z,13,2026-02-19T11:30:09Z,2026-02-20T04:00:00Z,1,1,Equipment problem,In Progres,OUTAGE,Single Customer,RFD,NORMAL,42.36997,-83.22297
SE26021900178,2026-02-19T11:55:01Z,2026-02-19T16:04:37Z,5,2026-02-19T11:33:36Z,2026-02-19T16:05:00Z,1,1,Equipment problem,In Progres,OUTAGE,Single Customer,RFD,NORMAL,42.2319,-83.17098
SE26021900183,2026-02-19T11:55:01Z,2026-02-19T23:45:42Z,15,2026-02-19T07:41:33Z,2026-02-20T04:10:00Z,1,1,Determined upon crew arrival,In Progres,OUTAGE,Single Customer,CAN,NORMAL,42.43198,-82.92929
SW26021900158,2026-02-19T11:55:01Z,2026-02-19T13:08:41Z,2,2026-02-19T06:30:54Z,2026-02-19T15:35:00Z,10,10,Equipment problem,In Progres,OUTAGE,Device (I),NPT,NORMAL,41.93124,-83.38857
SW26021900170,2026-02-19T11:55:01Z,2026-02-19T17:13:44Z,6,2026-02-19T11:21:40Z,2026-02-20T03:50:00Z,1,1,Equipment problem,In Progres,OUTAGE,Single Customer,WWS,NORMAL,42.37992,-83.38332
NE26021900185,2026-02-19T13:08:41Z,2026-02-19T15:09:20Z,3,2026-02-19T11:50:38Z,2026-02-19T16:20:00Z,3,3,Equipment problem,In Progres,OUTAGE,Service Transformer,MAR,NORMAL,42.91183,-82.49697
NE26021900188,2026-02-19T13:08:41Z,2026-02-19T14:15:05Z,2,2026-02-19T11:52:30Z,2026-02-19T16:25:00Z,1,1,Equipment problem,In Progres,OUTAGE,Single Customer,MAR,NORMAL,42.91354,-82.49728
NE26021900208,2026-02-19T13:08:41Z,2026-02-19T18:06:50Z,6,2026-02-19T12:16:59Z,2026-02-20T04:45:00Z,1,1,Equipment problem,In Progres,OUTAGE,Single Customer,MTC,NORMAL,42.47858,-83.01459
NE26021900212,2026-02-19T13:08:41Z,2026-02-19T17:13:44Z,5,2026-02-19T12:18:46Z,2026-02-20T04:50:00Z,1,1,Equipment problem,In Progres,OUTAGE,Single Customer,MTC,NORMAL,42.48622,-82.9063
NE26021900220,2026-02-19T13:08:41Z,2026-02-19T16:04:37Z,4,2026-02-19T12:27:36Z,2026-02-19T17:00:00Z,1,1,Determined upon crew arrival,In Progres,OUTAGE,Single Customer,MTC,NORMAL,42.52279,-82.97657
NE26021900225,2026-02-19T13:08:41Z,2026-02-19T16:04:37Z,4,2026-02-19T12:31:04Z,2026-02-19T17:00:00Z,11,11,Equipment problem,In Progres,OUTAGE,Device (I),MTC,NORMAL,42.48527,-82.92786
NW26021900211,2026-02-19T13:08:41Z,2026-02-19T16:04:37Z,4,2026-02-19T11:07:08Z,2026-02-19T16:50:00Z,104,104,Equipment problem,In Progres,OUTAGE,Device (I),SBY,NORMAL,42.71909,-83.20468
NW26021900224,2026-02-19T13:08:41Z,2026-02-19T14:15:05Z,2,2026-02-19T12:30:53Z,2026-02-19T17:00:00Z,1,1,Determined upon crew arrival,In Progres,OUTAGE,Single Customer,PON,NORMAL,42.61288,-83.34023
NW26021900237,2026-02-19T13:08:41Z,2026-02-19T13:08:41Z,1,2026-02-19T12:40:26Z,2026-02-19T17:10:00Z,1,1,Determined upon crew arrival,New,OUTAGE,Single Customer,PON,NORMAL,42.6023,-83.31932
SE26021900187,2026-02-19T13:08:41Z,2026-02-19T15:09:20Z,3,2026-02-19T08:58:27Z,2026-02-19T16:20:00Z,1,1,Equipment problem,In Progres,SERVICE DOWN NO,,RFD,NORMAL,42.43559,-83.18832
SE26021900201,2026-02-19T13:08:41Z,2026-02-19T16:04:37Z,4,2026-02-19T12:07:15Z,2026-02-19T16:40:00Z,1,1,Determined upon crew arrival,In Progres,SERVICE DOWN NO,,RFD,NORMAL,42.32041,-83.19872
SE26021900238,2026-02-19T13:08:41Z,2026-02-20T15:08:21Z,28,2026-02-19T12:40:51Z,2026-02-20T17:10:00Z,1,1,Equipment problem,In Progres,OUTAGE,Single Customer,RFD,NORMAL,42.46958,-83.12098
SE26021900269,2026-02-19T13:08:41Z,2026-02-19T23:45:42Z,14,2026-02-19T00:34:22Z,2026-02-20T05:15:00Z,1,1,Determined upon crew arrival,In Progres,OUTAGE,Single Customer,RFD,NORMAL,42.38217,-83.17382
SE26021900281,2026-02-19T13:08:41Z,2026-02-20T18:02:53Z,32,2026-02-19T12:56:24Z,2026-02-21T05:25:00Z,1,1,Equipment problem,In Progres,OUTAGE,Single Customer,RFD,NORMAL,42.51046,-83.16878
SW26021900196,2026-02-19T13:08:41Z,2026-02-19T14:15:05Z,2,2026-02-19T12:00:52Z,2026-02-19T16:35:00Z,31,31,Equipment problem,In Progres,OUTAGE,Device (I),ANN,NORMAL,42.41938,-83.634
SW26021900202,2026-02-19T13:08:41Z,2026-02-19T18:06:50Z,6,2026-02-19T12:11:02Z,2026-02-20T04:40:00Z,1,1,Determined upon crew arrival,In Progres,OUTAGE,Single Customer,WWS,NORMAL,42.32784,-83.48941
SW26021900218,2026-02-19T13:08:41Z,2026-02-19T16:04:37Z,4,2026-02-19T12:27:11Z,2026-02-19T16:55:00Z,1,1,Equipment problem,In Progres,OUTAGE,Single Customer,WWS,NORMAL,42.32656,-83.42648
SW26021900226,2026-02-19T13:08:41Z,2026-02-19T15:09:20Z,3,2026-02-19T11:53:03Z,2026-02-19T17:05:00Z,2,2,Equipment problem,Pending,OUTAGE,Service Transformer,WWS,NORMAL,42.52665,-83.44016
SW26021900270,2026-02-19T13:08:41Z,2026-02-19T15:09:20Z,3,2026-02-19T12:47:00Z,2026-02-19T17:15:00Z,18,18,Determined upon crew arrival,In Progres,OUTAGE,Device (I),NPT,NORMAL,42.07585,-83.24157
SW26021900271,2026-02-19T13:08:41Z,2026-02-19T13:08:41Z,1,2026-02-19T12:49:15Z,2026-02-19T17:20:00Z,1,1,Determined upon crew arrival,New,OUTAGE,Single Customer,NPT,NORMAL,41.93043,-83.38899
SW26021900279,2026-02-19T13:08:41Z,2026-02-19T13:08:41Z,1,2026-02-19T12:53:53Z,2026-02-19T17:25:00Z,1,1,Determined upon crew arrival,New,OUTAGE,Single Customer,NPT,NORMAL,42.07576,-83.23886
SW26021900282,2026-02-19T13:08:41Z,2026-02-19T17:13:44Z,5,2026-02-19T12:56:45Z,2026-02-19T17:25:00Z,1,1,Equipment problem,In Progres,OUTAGE,Single Customer,ANN,NORMAL,42.1759,-83.75635
SW26021900283,2026-02-19T13:08:41Z,2026-02-19T15:09:20Z,3,2026-02-19T12:53:29Z,2026-02-19T17:30:00Z,67,67,Determined upon crew arrival,Pending,OUTAGE,Device (I),NPT,NORMAL,42.07895,-83.22116
SW26021900286,2026-02-19T13:08:41Z,2026-02-19T13:08:41Z,1,2026-02-19T12:58:39Z,,1,1,Determined upon crew arrival,In Progres,OUTAGE,Single Customer,WWS,NORMAL,42.44139,-83.31688
NA26021900376,2026-02-19T14:15:05Z,2026-02-19T14:15:05Z,1,2026-02-19T14:00:04Z,,1,1,Determined upon crew arrival,New,OUTAGE,Single Customer,SBY,NORMAL,42.68137,-83.18694
NE26021900314,2026-02-19T14:15:05Z,2026-02-19T16:04:37Z,3,2026-02-19T13:14:12Z,2026-02-19T17:45:00Z,1,1,Equipment problem,In Progres,OUTAGE,Single Customer,MTC,NORMAL,42.48507,-82.92639
NE26021900327,2026-02-19T14:15:05Z,2026-02-19T18:06:50Z,5,2026-02-19T13:25:23Z,2026-02-20T05:55:00Z,1,1,Determined upon crew arrival,In Progres,OUTAGE,Single Customer,MTC,NORMAL,42.48198,-82.96465
NE26021900339,2026-02-19T14:15:05Z,2026-02-19T17:13:44Z,4,2026-02-19T13:32:49Z,2026-02-19T18:05:00Z,1,1,Determined upon crew arrival,In Progres,OUTAGE,Single Customer,MTC,NORMAL,42.46227,-83.01697
NE26021900356,2026-02-19T14:15:05Z,2026-02-20T09:58:11Z,21,2026-02-19T19:12:06Z,2026-02-20T18:15:00Z,1,1,Determined upon crew arrival,In Progres,OUTAGE,Single Customer,MTC,NORMAL,42.48125,-82.93903
NE26021900357,2026-02-19T14:15:05Z,2026-02-19T14:15:05Z,1,2026-02-19T13:46:53Z,2026-02-19T18:15:00Z,1,1,Equipment problem,In Progres,OUTAGE,Single Customer,MAR,NORMAL,42.91337,-82.49828
NE26021900369,2026-02-19T14:15:05Z,2026-02-19T23:45:42Z,13,2026-02-19T13:55:25Z,2026-02-20T06:25:00Z,1,1,Equipment problem,In Progres,OUTAGE,Single Customer,MTC,NORMAL,42.47325,-82.91456
NW26021900302,2026-02-19T14:15:05Z,2026-02-19T19:50:17Z,7,2026-02-19T13:07:20Z,2026-02-20T05:35:00Z,1,1,Equipment problem,In Progres,OUTAGE,Single Customer,SBY,NORMAL,42.62835,-83.09133
NW26021900318,2026-02-19T14:15:05Z,2026-02-19T18:06:50Z,5,2026-02-19T13:16:44Z,2026-02-20T05:45:00Z,1,1,Determined upon crew arrival,In Progres,OUTAGE,Single Customer,SBY,NORMAL,42.76604,-83.12618
NW26021900334,2026-02-19T14:15:05Z,2026-02-19T15:09:20Z,2,2026-02-19T13:30:31Z,2026-02-19T18:00:00Z,1,1,Determined upon crew arrival,In Progres,OUTAGE,Single Customer,HWL,NORMAL,42.55227,-83.77804
NW26021900361,2026-02-19T14:15:05Z,2026-02-19T16:04:37Z,3,2026-02-19T13:49:27Z,2026-02-19T18:20:00Z,1,1,Determined upon crew arrival,In Progres,SERVICE DOWN NO,,PON,NORMAL,42.5517,-83.19239
NW26021900374,2026-02-19T14:15:05Z,2026-02-19T14:15:05Z,1,2026-02-19T13:58:28Z,,1,1,Determined upon crew arrival,New,OUTAGE,Single Customer,PON,NORMAL,42.62281,-83.3532
SE26021900289,2026-02-19T14:15:05Z,2026-02-19T19:50:17Z,7,2026-02-19T13:02:39Z,2026-02-20T05:35:00Z,1,1,Public Interference w/DTE equip,In Progres,OUTAGE,Single Customer,CAN,NORMAL,42.3905,-83.06061
SE26021900292,2026-02-19T14:15:05Z,2026-02-20T20:34:07Z,34,2026-02-19T13:03:10Z,2026-02-21T05:35:00Z,1,1,Determined upon crew arrival,In Progres,OUTAGE,Single Customer,RFD,NORMAL,42.53315,-83.13823
SE26021900296,2026-02-19T14:15:05Z,2026-02-19T19:50:17Z,7,2026-02-19T13:04:47Z,2026-02-20T05:35:00Z,1,1,Determined upon crew arrival,In Progres,OUTAGE,Single Customer,CAN,NORMAL,42.42289,-83.00832
SE26021900303,2026-02-19T14:15:05Z,2026-02-19T19:50:17Z,7,2026-02-19T13:07:50Z,2026-02-20T05:40:00Z,1,1,Equipment problem,In Progres,OUTAGE,Single Customer,RFD,NORMAL,42.31477,-83.26873
SE26021900304,2026-02-19T14:15:05Z,2026-02-19T18:06:50Z,5,2026-02-19T13:08:56Z,2026-02-20T05:40:00Z,1,1,Equipment problem,In Progres,SERVICE DOWN NO,,RFD,NORMAL,42.28335,-83.26634
SE26021900311,2026-02-19T14:15:05Z,2026-02-20T19:48:12Z,33,2026-02-19T13:12:53Z,2026-02-21T05:45:00Z,1,1,Equipment problem,In Progres,OUTAGE,Single Customer,RFD,NORMAL,42.51636,-83.13543
SE26021900337,2026-02-19T14:15:05Z,2026-02-19T19:09:40Z,6,2026-02-19T13:31:08Z,2026-02-20T06:00:00Z,1,1,Determined upon crew arrival,In Progres,OUTAGE,Single Customer,RFD,NORMAL,42.25068,-83.16062
SE26021900345,2026-02-19T14:15:05Z,2026-02-19T21:49:06Z,10,2026-02-19T13:32:35Z,2026-02-20T06:10:00Z,1,1,Determined upon crew arrival,In Progres,OUTAGE,Single Customer,RFD,NORMAL,42.29808,-83.28756
SE26021900363,2026-02-19T14:15:05Z,2026-02-19T17:13:44Z,4,2026-02-19T13:36:30Z,2026-02-19T18:20:00Z,1,1,Determined upon crew arrival,In Progres,SERVICE DOWN NO,,RFD,NORMAL,42.21973,-83.19297
SE26021900371,2026-02-19T14:15:05Z,2026-02-19T18:06:50Z,5,2026-02-19T13:50:22Z,2026-02-19T18:25:00Z,1,1,Equipment problem,In Progres,SERVICE DOWN NO,,RFD,NORMAL,42.40263,-83.18498
SE26021900372,2026-02-19T14:15:05Z,2026-02-19T18:06:50Z,5,2026-02-19T07:12:22Z,2026-02-19T18:25:00Z,1,1,Equipment problem,In Progres,SERVICE DOWN NO,,RFD,NORMAL,42.44768,-83.15179
SE26021900373,2026-02-19T14:15:05Z,2026-02-20T22:32:55Z,38,2026-02-19T13:58:17Z,2026-02-21T06:30:00Z,1,1,Equipment problem,In Progres,OUTAGE,Single Customer,RFD,NORMAL,42.44755,-83.13226
SE26021900375,2026-02-19T14:15:05Z,2026-02-19T14:15:05Z,1,2026-02-19T13:43:44Z,,1,1,Determined upon crew arrival,New,OUTAGE,Single Customer,RFD,NORMAL,42.40263,-83.18498
SW26021900309,2026-02-19T14:15:05Z,2026-02-19T16:04:37Z,3,2026-02-18T13:51:22Z,2026-02-19T17:40:00Z,1,1,Determined upon crew arrival,In Progres,PRIORITY,,NPT,NORMAL,42.0727,-83.24013
SW26021900313,2026-02-19T14:15:05Z,2026-02-19T17:13:44Z,4,2026-02-19T11:35:36Z,2026-02-19T17:45:00Z,2,2,Determined upon crew arrival,In Progres,OUTAGE,Service Transformer,NPT,NORMAL,42.07812,-83.23916
SW26021900316,2026-02-19T14:15:05Z,2026-02-19T16:04:37Z,3,2026-02-19T12:52:35Z,2026-02-19T17:45:00Z,1,1,Determined upon crew arrival,In Progres,OUTAGE,Single Customer,WWS,NORMAL,42.38153,-83.3785
SW26021900354,2026-02-19T14:15:05Z,2026-02-19T16:04:37Z,3,2026-02-19T13:44:40Z,2026-02-19T18:15:00Z,1,1,Determined upon crew arrival,In Progres,OUTAGE,Single Customer,NPT,NORMAL,42.11176,-83.28538
SW26021900355,2026-02-19T14:15:05Z,2026-02-19T14:15:05Z,1,2026-02-19T13:44:52Z,2026-02-19T18:15:00Z,7,7,Determined upon crew arrival,In Progres,OUTAGE,Service Transformer,NPT,NORMAL,42.09248,-83.19031
SW26021900366,2026-02-19T14:15:05Z,2026-02-19T15:09:20Z,2,2026-02-19T13:53:39Z,2026-02-19T18:25:00Z,1,1,Determined upon crew arrival,In Progres,OUTAGE,Single Customer,WWS,NORMAL,42.2317,-83.48515
NE26021900383,2026-02-19T15:09:20Z,2026-02-19T16:04:37Z,2,2026-02-19T14:04:01Z,2026-02-19T18:35:00Z,1,1,Determined upon crew arrival,New,OUTAGE,Single Customer,MTC,NORMAL,42.48212,-82.92642
NE26021900386,2026-02-19T15:09:20Z,2026-02-19T19:09:40Z,5,2026-02-19T14:04:49Z,2026-02-20T06:35:00Z,1,1,Equipment problem,In Progres,SERVICE DOWN NO,,NAE,NORMAL,43.89602,-83.00703
NE26021900413,2026-02-19T15:09:20Z,2026-02-19T21:04:17Z,8,2026-02-19T14:17:05Z,2026-02-20T06:45:00Z,1,1,Equipment problem,In Progres,OUTAGE,Single Customer,MAR,NORMAL,42.98795,-82.53687
NE26021900414,2026-02-19T15:09:20Z,2026-02-19T16:04:37Z,2,2026-02-19T14:18:50Z,2026-02-19T18:50:00Z,1,1,Determined upon crew arrival,In Progres,OUTAGE,Single Customer,NAE,NORMAL,43.75869,-83.23432
NE26021900457,2026-02-19T15:09:20Z,2026-02-19T16:04:37Z,2,2026-02-19T14:39:03Z,2026-02-19T19:10:00Z,1,1,Determined upon crew arrival,In Progres,OUTAGE,Single Customer,LAP,NORMAL,43.25613,-83.53878
NE26021900459,2026-02-19T15:09:20Z,2026-02-19T17:13:44Z,3,2026-02-19T14:42:10Z,2026-02-19T19:10:00Z,1,1,Determined upon crew arrival,New,OUTAGE,Single Customer,MTC,NORMAL,42.56813,-82.87383
NE26021900480,2026-02-19T15:09:20Z,2026-02-19T16:04:37Z,2,2026-02-19T14:59:12Z,2026-02-19T19:30:00Z,1,1,Determined upon crew arrival,In Progres,OUTAGE,Single Customer,LAP,NORMAL,43.30319,-83.58234
NE26021900482,2026-02-19T15:09:20Z,2026-02-19T19:09:40Z,5,2026-02-19T15:00:00Z,2026-02-19T19:30:00Z,1,1,Determined upon crew arrival,In Progres,OUTAGE,Single Customer,MTC,NORMAL,42.46272,-82.98254
NW26021900429,2026-02-19T15:09:20Z,2026-02-19T15:09:20Z,1,2026-02-19T14:22:56Z,2026-02-19T18:45:00Z,1,1,Determined upon crew arrival,In Progres,OUTAGE,Single Customer,PON,NORMAL,42.62281,-83.3532
NW26021900447,2026-02-19T15:09:20Z,2026-02-19T19:09:40Z,5,2026-02-19T14:26:43Z,2026-02-20T07:00:00Z,1,1,Determined upon crew arrival,In Progres,OUTAGE,Single Customer,SBY,NORMAL,42.71369,-83.13137
NW26021900469,2026-02-19T15:09:20Z,2026-02-19T15:09:20Z,1,2026-02-19T14:49:44Z,2026-02-19T19:20:00Z,1,1,Determined upon crew arrival,In Progres,OUTAGE,Single Customer,HWL,NORMAL,42.55716,-83.79217
NW26021900483,2026-02-19T15:09:20Z,2026-02-19T17:13:44Z,3,2026-02-19T14:59:59Z,2026-02-19T19:30:00Z,572,572,Equipment problem,In Progres,OUTAGE,Device (II),PON,NORMAL,42.49637,-83.54446
SE26021900385,2026-02-19T15:09:20Z,2026-02-19T15:09:20Z,1,2026-02-19T08:04:01Z,2026-02-19T18:35:00Z,1,1,Determined upon crew arrival,New,SERVICE DOWN NO,,RFD,NORMAL,42.29801,-83.26632
SE26021900388,2026-02-19T15:09:20Z,2026-02-19T23:04:46Z,11,2026-02-19T14:06:33Z,2026-02-20T06:35:00Z,1,1,Equipment problem,In Progres,OUTAGE,Single Customer,CAN,NORMAL,42.44239,-83.0651
SE26021900390,2026-02-19T15:09:20Z,2026-02-19T21:49:06Z,9,2026-02-19T14:07:31Z,2026-02-20T06:40:00Z,1,1,Equipment problem,In Progres,OUTAGE,Single Customer,RFD,NORMAL,42.35841,-83.21041
SE26021900419,2026-02-19T15:09:20Z,2026-02-19T16:04:37Z,2,2026-02-19T14:19:57Z,2026-02-19T18:50:00Z,1,1,Equipment problem,In Progres,OUTAGE,Single Customer,RFD,NORMAL,42.29801,-83.26632
SE26021900420,2026-02-19T15:09:20Z,2026-02-19T16:04:37Z,2,2026-02-19T14:20:05Z,2026-02-19T18:50:00Z,2,2,Determined upon crew arrival,In Progres,OUTAGE,Service Secondary,RFD,NORMAL,42.43081,-83.30128
SE26021900428,2026-02-19T15:09:20Z,2026-02-20T15:08:21Z,26,2026-02-19T14:22:54Z,2026-02-20T18:55:00Z,1,1,Determined upon crew arrival,In Progres,OUTAGE,Single Customer,CAN,NORMAL,42.42856,-82.91498
SE26021900445,2026-02-19T15:09:20Z,2026-02-19T19:09:40Z,5,2026-02-19T14:30:15Z,2026-02-20T07:00:00Z,1,1,Equipment problem,In Progres,OUTAGE,Single Customer,RFD,NORMAL,42.43075,-83.27352
SE26021900458,2026-02-19T15:09:20Z,2026-02-19T21:04:17Z,8,2026-02-19T14:35:38Z,2026-02-20T07:10:00Z,1,1,Determined upon crew arrival,In Progres,OUTAGE,Single Customer,RFD,NORMAL,42.44311,-83.19491
SE26021900464,2026-02-19T15:09:20Z,2026-02-19T18:06:50Z,4,2026-02-19T14:44:51Z,2026-02-19T19:15:00Z,2,2,Equipment problem,In Progres,OUTAGE,Service Secondary,RFD,NORMAL,42.42441,-83.18423
SE26021900468,2026-02-19T15:09:20Z,2026-02-19T18:06:50Z,4,2026-02-19T14:49:29Z,2026-02-19T19:20:00Z,1,1,Equipment problem,In Progres,OUTAGE,Single Customer,RFD,NORMAL,42.35609,-83.31047
SE26021900478,2026-02-19T15:09:20Z,2026-02-19T23:45:42Z,12,2026-02-19T14:58:13Z,2026-02-20T07:30:00Z,1,1,Equipment problem,In Progres,OUTAGE,Single Customer,RFD,NORMAL,42.34018,-83.21388
SW26021900408,2026-02-19T15:09:20Z,2026-02-19T16:04:37Z,2,2026-02-19T09:44:00Z,2026-02-19T18:45:00Z,2,2,Determined upon crew arrival,In Progres,OUTAGE,Service Secondary,ANN,NORMAL,42.17728,-83.75656
SW26021900433,2026-02-19T15:09:20Z,2026-02-19T16:04:37Z,2,2026-02-19T14:23:57Z,2026-02-19T18:55:00Z,3,3,Determined upon crew arrival,In Progres,OUTAGE,Service Transformer,ANN,NORMAL,42.30533,-83.70051
SW26021900443,2026-02-19T15:09:20Z,2026-02-19T16:04:37Z,2,2026-02-19T14:21:55Z,2026-02-19T19:00:00Z,1,1,Equipment problem,In Progres,OUTAGE,Single Customer,ANN,NORMAL,42.2885,-83.6409
SW26021900456,2026-02-19T15:09:20Z,2026-02-19T16:04:37Z,2,2026-02-19T14:23:57Z,2026-02-19T19:10:00Z,16,16,Determined upon crew arrival,In Progres,OUTAGE,Device (I),ANN,NORMAL,42.30484,-83.70089
SW26021900476,2026-02-19T15:09:20Z,2026-02-19T18:06:50Z,4,2026-02-19T14:57:41Z,2026-02-19T19:30:00Z,1,1,Equipment problem,In Progres,OUTAGE,Single Customer,WWS,NORMAL,42.19679,-83.25614
NE26021900505,2026-02-19T16:04:37Z,2026-02-19T19:09:40Z,4,2026-02-19T15:11:24Z,2026-02-19T19:40:00Z,1,1,Equipment problem,In Progres,OUTAGE,Single Customer,MAR,NORMAL,43.09821,-82.66925
NE26021900511,2026-02-19T16:04:37Z,2026-02-19T22:33:14Z,9,2026-02-19T15:14:33Z,2026-02-20T07:45:00Z,1,1,Equipment problem,In Progres,OUTAGE,Single Customer,MTC,NORMAL,42.48092,-82.975
NE26021900519,2026-02-19T16:04:37Z,2026-02-19T16:04:37Z,1,2026-02-19T15:19:16Z,2026-02-19T19:50:00Z,1,1,Determined upon crew arrival,In Progres,OUTAGE,Single Customer,LAP,NORMAL,43.30053,-83.58305
NW26021900491,2026-02-19T16:04:37Z,2026-02-19T16:04:37Z,1,2026-02-19T15:01:28Z,2026-02-19T19:30:00Z,1,1,Determined upon crew arrival,In Progres,OUTAGE,Single Customer,SBY,NORMAL,42.55485,-83.05872
NW26021900513,2026-02-19T16:04:37Z,2026-02-19T18:06:50Z,3,2026-02-19T15:11:48Z,2026-02-19T19:45:00Z,71,71,Public Interference w/DTE equip,In Progres,OUTAGE,Device (II),SBY,NORMAL,42.5677,-83.05572
NW26021900522,2026-02-19T16:04:37Z,2026-02-19T17:13:44Z,2,2026-02-19T15:20:47Z,2026-02-19T19:50:00Z,11274,132,Equipment problem,In Progres,OUTAGE,Subtransmission,PON,NORMAL,42.52284,-83.51894
NW26021900570,2026-02-19T16:04:37Z,2026-02-19T16:04:37Z,1,2026-02-19T15:21:36Z,2026-02-19T19:50:00Z,1,1,Determined upon crew arrival,New,OUTAGE,Single Customer,PON,NORMAL,42.53053,-83.53179
NW26021900577,2026-02-19T16:04:37Z,2026-02-19T23:45:42Z,11,2026-02-19T15:21:40Z,2026-02-20T07:50:00Z,1,1,Equipment problem,In Progres,OUTAGE,Single Customer,PON,NORMAL,42.53408,-83.53437
NW26021900586,2026-02-19T16:04:37Z,2026-02-19T16:04:37Z,1,2026-02-19T15:21:46Z,2026-02-19T19:50:00Z,1,1,Determined upon crew arrival,New,OUTAGE,Single Customer,PON,NORMAL,42.53289,-83.54778
NW26021900638,2026-02-19T16:04:37Z,2026-02-19T16:04:37Z,1,2026-02-19T15:22:20Z,2026-02-19T19:50:00Z,1,1,Determined upon crew arrival,New,PRIORITY,,PON,NORMAL,42.53591,-83.48958
NW26021900704,2026-02-19T16:04:37Z,2026-02-19T16:04:37Z,1,2026-02-19T15:23:13Z,2026-02-19T19:55:00Z,1,1,Determined upon crew arrival,New,PRIORITY,,PON,NORMAL,42.51195,-83.5185
NW26021900709,2026-02-19T16:04:37Z,2026-02-19T16:04:37Z,1,2026-02-19T15:23:28Z,2026-02-19T19:55:00Z,1,1,Determined upon crew arrival,New,PRIORITY,,PON,NORMAL,42.52672,-83.51512
NW26021900710,2026-02-19T16:04:37Z,2026-02-19T16:04:37Z,1,2026-02-19T15:23:52Z,2026-02-19T19:55:00Z,1,1,Determined upon crew arrival,New,PRIORITY,,PON,NORMAL,42.51509,-83.51567
NW26021900713,2026-02-19T16:04:37Z,2026-02-19T16:04:37Z,1,2026-02-19T15:24:03Z,2026-02-19T19:55:00Z,1,1,Determined upon crew arrival,New,PRIORITY,,PON,NORMAL,42.52287,-83.54591
NW26021900714,2026-02-19T16:04:37Z,2026-02-19T16:04:37Z,1,2026-02-19T15:24:15Z,2026-02-19T19:55:00Z,1,1,Determined upon crew arrival,New,PRIORITY,,PON,NORMAL,42.50891,-83.53351
NW26021900717,2026-02-19T16:04:37Z,2026-02-19T18:06:50Z,3,2026-02-19T15:24:54Z,2026-02-19T19:55:00Z,1,1,Determined upon crew arrival,New,OUTAGE,Single Customer,PON,NORMAL,42.5544,-83.5411
NW26021900718,2026-02-19T16:04:37Z,2026-02-19T16:04:37Z,1,2026-02-19T15:25:10Z,2026-02-19T19:55:00Z,1,1,Determined upon crew arrival,New,PRIORITY,,PON,NORMAL,42.51133,-83.53558
NW26021900719,2026-02-19T16:04:37Z,2026-02-19T16:04:37Z,1,2026-02-19T15:25:14Z,2026-02-19T19:55:00Z,1,1,Determined upon crew arrival,New,PRIORITY,,PON,NORMAL,42.53577,-83.49328
NW26021900720,2026-02-19T16:04:37Z,2026-02-19T16:04:37Z,1,2026-02-19T15:25:39Z,2026-02-19T19:55:00Z,1,1,Determined upon crew arrival,New,PRIORITY,,PON,NORMAL,42.51421,-83.54519
NW26021900721,2026-02-19T16:04:37Z,2026-02-19T16:04:37Z,1,2026-02-19T15:25:49Z,2026-02-19T19:55:00Z,1,1,Determined upon crew arrival,New,PRIORITY,,PON,NORMAL,42.51936,-83.51834
NW26021900722,2026-02-19T16:04:37Z,2026-02-19T16:04:37Z,1,2026-02-19T15:26:00Z,2026-02-19T19:55:00Z,1,1,Determined upon crew arrival,New,PRIORITY,,PON,NORMAL,42.51106,-83.51218
NW26021900723,2026-02-19T16:04:37Z,2026-02-19T18:06:50Z,3,2026-02-19T15:25:57Z,2026-02-19T19:55:00Z,1,1,Determined upon crew arrival,New,OUTAGE,Single Customer,PON,NORMAL,42.55315,-83.53028
NW26021900726,2026-02-19T16:04:37Z,2026-02-19T17:13:44Z,2,2026-02-19T15:26:26Z,2026-02-19T19:55:00Z,1,1,Determined upon crew arrival,In Progres,PRIORITY,,PON,NORMAL,42.52808,-83.50761
NW26021900727,2026-02-19T16:04:37Z,2026-02-19T16:04:37Z,1,2026-02-19T15:26:30Z,2026-02-19T19:55:00Z,1,1,Determined upon crew arrival,New,PRIORITY,,PON,NORMAL,42.49595,-83.55205
NW26021900729,2026-02-19T16:04:37Z,2026-02-19T16:04:37Z,1,2026-02-19T15:26:33Z,2026-02-19T19:55:00Z,1,1,Determined upon crew arrival,New,PRIORITY,,PON,NORMAL,42.52504,-83.51694
NW26021900734,2026-02-19T16:04:37Z,2026-02-19T16:04:37Z,1,2026-02-19T15:27:50Z,,1,1,Determined upon crew arrival,New,PRIORITY,,PON,NORMAL,42.5234,-83.53138
NW26021900735,2026-02-19T16:04:37Z,2026-02-19T17:13:44Z,2,2026-02-19T15:28:15Z,2026-02-19T20:00:00Z,1,1,Determined upon crew arrival,In Progres,PRIORITY,,PON,NORMAL,42.53196,-83.49342
NW26021900739,2026-02-19T16:04:37Z,2026-02-19T16:04:37Z,1,2026-02-19T15:28:58Z,,1,1,Determined upon crew arrival,New,PRIORITY,,PON,NORMAL,42.51818,-83.55227
NW26021900742,2026-02-19T16:04:37Z,2026-02-19T16:04:37Z,1,2026-02-19T15:29:27Z,,1,1,Determined upon crew arrival,New,OUTAGE,Single Customer,PON,NORMAL,42.53454,-83.4707
NW26021900746,2026-02-19T16:04:37Z,2026-02-19T16:04:37Z,1,2026-02-19T15:29:42Z,,1,1,Determined upon crew arrival,New,OUTAGE,Single Customer,PON,NORMAL,42.53604,-83.46416
NW26021900750,2026-02-19T16:04:37Z,2026-02-19T16:04:37Z,1,2026-02-19T15:29:58Z,,1,1,Determined upon crew arrival,New,OUTAGE,Single Customer,PON,NORMAL,42.53691,-83.46483
SE26021900499,2026-02-19T16:04:37Z,2026-02-19T17:13:44Z,2,2026-02-19T12:49:22Z,2026-02-19T19:35:00Z,1,1,Determined upon crew arrival,PC3 Verifi,OUTAGE,Single Customer,RFD,NORMAL,42.28335,-83.26634
SE26021900500,2026-02-19T16:04:37Z,2026-02-19T19:09:40Z,4,2026-02-19T14:04:46Z,2026-02-19T19:35:00Z,1,1,Equipment problem,In Progres,SERVICE DOWN NO,,RFD,NORMAL,42.29801,-83.26632
SE26021900509,2026-02-19T16:04:37Z,2026-02-19T21:49:06Z,8,2026-02-19T15:12:37Z,2026-02-20T07:45:00Z,1,1,Equipment problem,In Progres,OUTAGE,Single Customer,RFD,NORMAL,42.50506,-83.14656
SE26021900520,2026-02-19T16:04:37Z,2026-02-20T04:23:18Z,13,2026-02-19T06:14:37Z,2026-02-20T07:50:00Z,1,1,Equipment problem,In Progres,SERVICE DOWN NO,,CAN,NORMAL,42.44119,-82.91488
SE26021900740,2026-02-19T16:04:37Z,2026-02-19T19:09:40Z,4,2026-02-19T15:28:58Z,2026-02-19T20:00:00Z,1,1,Determined upon crew arrival,New,OUTAGE,Single Customer,RFD,NORMAL,42.41043,-83.15149
SW26021900503,2026-02-19T16:04:37Z,2026-02-19T18:06:50Z,3,2026-02-19T15:08:17Z,2026-02-19T19:40:00Z,1,1,Determined upon crew arrival,In Progres,OUTAGE,Single Customer,WWS,NORMAL,42.28878,-83.3034
SW26021900716,2026-02-19T16:04:37Z,2026-02-19T16:04:37Z,1,2026-02-19T15:24:32Z,2026-02-19T19:55:00Z,1,1,Determined upon crew arrival,New,PRIORITY,,WWS,NORMAL,42.51217,-83.50767
SW26021900737,2026-02-19T16:04:37Z,2026-02-19T16:04:37Z,1,2026-02-19T15:28:45Z,,3846,3846,Determined upon crew arrival,New,OUTAGE,Subtransmission,WWS,NORMAL,42.47963,-83.46842
SW26021900741,2026-02-19T16:04:37Z,2026-02-19T16:04:37Z,1,2026-02-19T15:29:17Z,,1,1,Determined upon crew arrival,New,OUTAGE,Single Customer,WWS,NORMAL,42.5042,-83.46729
SW26021900744,2026-02-19T16:04:37Z,2026-02-19T16:04:37Z,1,2026-02-19T15:29:36Z,,1,1,Determined upon crew arrival,New,OUTAGE,Single Customer,WWS,NORMAL,42.51396,-83.46661
SW26021900745,2026-02-19T16:04:37Z,2026-02-19T16:04:37Z,1,2026-02-19T15:29:36Z,,1,1,Determined upon crew arrival,New,OUTAGE,Single Customer,WWS,NORMAL,42.50887,-83.45734
SW26021900748,2026-02-19T16:04:37Z,2026-02-19T16:04:37Z,1,2026-02-19T15:29:51Z,,1,1,Determined upon crew arrival,New,OUTAGE,Single Customer,WWS,NORMAL,42.51483,-83.46049
SW26021900749,2026-02-19T16:04:37Z,2026-02-19T16:04:37Z,1,2026-02-19T15:29:52Z,,1,1,Determined upon crew arrival,New,OUTAGE,Single Customer,WWS,NORMAL,42.51759,-83.46432
SW26021900751,2026-02-19T16:04:37Z,2026-02-19T16:04:37Z,1,2026-02-19T15:29:55Z,,1,1,Determined upon crew arrival,New,OUTAGE,Single Customer,WWS,NORMAL,42.51196,-83.46112
SW26021900752,2026-02-19T16:04:37Z,2026-02-19T16:04:37Z,1,2026-02-19T15:30:03Z,,1,1,Determined upon crew arrival,New,OUTAGE,Single Customer,WWS,NORMAL,42.50633,-83.4655
SW26021900753,2026-02-19T16:04:37Z,2026-02-19T16:04:37Z,1,2026-02-19T15:30:05Z,,1,1,Determined upon crew arrival,New,OUTAGE,Single Customer,WWS,NORMAL,42.51199,-83.48737
SW26021900754,2026-02-19T16:04:37Z,2026-02-19T16:04:37Z,1,2026-02-19T15:30:04Z,,1,1,Determined upon crew arrival,New,OUTAGE,Single Customer,WWS,NORMAL,42.5024,-83.48015
SW26021900755,2026-02-19T16:04:37Z,2026-02-19T16:04:37Z,1,2026-02-19T15:30:04Z,,1,1,Determined upon crew arrival,New,OUTAGE,Single Customer,WWS,NORMAL,42.49804,-83.45451
SW26021900756,2026-02-19T16:04:37Z,2026-02-19T16:04:37Z,1,2026-02-19T15:30:04Z,,1,1,Determined upon crew arrival,New,OUTAGE,Single Customer,WWS,NORMAL,42.5127,-83.49075
NE26021900761,2026-02-19T17:13:44Z,2026-02-19T17:13:44Z,1,2026-02-19T15:30:15Z,2026-02-19T20:00:00Z,1,1,Equipment problem,In Progres,OUTAGE,Single Customer,LAP,NORMAL,42.90714,-83.19364
NE26021900847,2026-02-19T17:13:44Z,2026-02-19T17:13:44Z,1,2026-02-19T15:31:54Z,2026-02-19T20:05:00Z,111,111,Equipment problem,Pending,OUTAGE,Device (I),MTC,NORMAL,42.60789,-82.93438
NE26021900884,2026-02-19T17:13:44Z,2026-02-19T17:13:44Z,1,2026-02-19T15:37:38Z,2026-02-19T20:10:00Z,1,1,Determined upon crew arrival,In Progres,OUTAGE,Single Customer,LAP,NORMAL,43.22505,-83.38953
NE26021901131,2026-02-19T17:13:44Z,2026-02-19T19:09:40Z,3,2026-02-19T15:56:21Z,2026-02-19T20:25:00Z,1,1,Determined upon crew arrival,In Progres,PRIORITY,,MTC,NORMAL,42.49384,-83.08315
NE26021901143,2026-02-19T17:13:44Z,2026-02-19T17:13:44Z,1,2026-02-19T15:42:09Z,2026-02-19T20:25:00Z,715,715,Determined upon crew arrival,In Progres,OUTAGE,Device (II),MTC,NORMAL,42.49272,-83.08723
NE26021901159,2026-02-19T17:13:44Z,2026-02-19T18:06:50Z,2,2026-02-19T16:02:32Z,2026-02-19T20:35:00Z,1,1,Animal/bird damaged DTE equip,In Progres,OUTAGE,Single Customer,MAR,NORMAL,42.77247,-82.51165
NE26021901195,2026-02-19T17:13:44Z,2026-02-19T17:13:44Z,1,2026-02-19T16:14:38Z,2026-02-19T20:45:00Z,1,1,Determined upon crew arrival,In Progres,OUTAGE,Single Customer,LAP,NORMAL,43.29324,-83.58419
NE26021901223,2026-02-19T17:13:44Z,2026-02-20T17:23:43Z,27,2026-02-19T16:32:00Z,2026-02-20T21:00:00Z,1,1,Equipment problem,In Progres,OUTAGE,Single Customer,MTC,NORMAL,42.47583,-83.02768
NE26021901249,2026-02-19T17:13:44Z,2026-02-19T17:13:44Z,1,2026-02-19T16:47:26Z,2026-02-19T21:15:00Z,1,1,Determined upon crew arrival,PC3 Verifi,PRIORITY,,MTC,NORMAL,42.49542,-82.96471
NE26021901252,2026-02-19T17:13:44Z,2026-02-19T21:04:17Z,6,2026-02-19T16:49:48Z,2026-02-19T21:20:00Z,1,1,Equipment problem,In Progres,OUTAGE,Single Customer,MTC,NORMAL,42.5154,-83.07843
NE26021901264,2026-02-19T17:13:44Z,2026-02-19T17:13:44Z,1,2026-02-19T16:56:07Z,2026-02-19T21:25:00Z,1,1,Determined upon crew arrival,In Progres,OUTAGE,Single Customer,NAE,NORMAL,43.49176,-83.39898
NE26021901275,2026-02-19T17:13:44Z,2026-02-19T23:04:46Z,9,2026-02-19T16:59:13Z,2026-02-20T09:30:00Z,1,1,Wind damage,In Progres,OUTAGE,Single Customer,MAR,NORMAL,42.99619,-82.52275
NE26021901279,2026-02-19T17:13:44Z,2026-02-19T18:06:50Z,2,2026-02-19T17:00:05Z,2026-02-19T21:30:00Z,1,1,Determined upon crew arrival,In Progres,OUTAGE,Single Customer,NAE,NORMAL,43.42218,-82.86283
NW26021900896,2026-02-19T17:13:44Z,2026-02-19T21:04:17Z,6,2026-02-19T15:32:52Z,2026-02-20T08:10:00Z,1,1,Equipment problem,In Progres,OUTAGE,Single Customer,HWL,NORMAL,42.44994,-83.61373
NW26021900917,2026-02-19T17:13:44Z,2026-02-19T20:34:42Z,5,2026-02-19T15:40:52Z,2026-02-20T08:10:00Z,1,1,Equipment problem,In Progres,OUTAGE,Single Customer,PON,NORMAL,42.63974,-83.31598
NW26021901101,2026-02-19T17:13:44Z,2026-02-19T17:13:44Z,1,2026-02-19T15:48:43Z,2026-02-19T20:20:00Z,1,1,Determined upon crew arrival,In Progres,OUTAGE,Single Customer,SBY,NORMAL,42.56595,-83.05703
NW26021901176,2026-02-19T17:13:44Z,2026-02-19T17:13:44Z,1,2026-02-19T15:38:49Z,2026-02-19T20:40:00Z,1,1,Determined upon crew arrival,New,OUTAGE,Single Customer,PON,NORMAL,42.52004,-83.53607
NW26021901181,2026-02-19T17:13:44Z,2026-02-19T17:13:44Z,1,2026-02-19T15:32:42Z,2026-02-19T20:40:00Z,1,1,Determined upon crew arrival,New,OUTAGE,Single Customer,PON,NORMAL,42.50561,-83.5298
NW26021901199,2026-02-19T17:13:44Z,2026-02-19T18:06:50Z,2,2026-02-19T16:23:41Z,2026-02-19T20:55:00Z,1,1,Determined upon crew arrival,New,OUTAGE,Single Customer,PON,NORMAL,42.52884,-83.46788
NW26021901202,2026-02-19T17:13:44Z,2026-02-19T18:06:50Z,2,2026-02-19T15:22:20Z,2026-02-19T20:55:00Z,1,1,Determined upon crew arrival,New,OUTAGE,Single Customer,PON,NORMAL,42.53591,-83.48958
NW26021901203,2026-02-19T17:13:44Z,2026-02-19T18:06:50Z,2,2026-02-19T15:23:53Z,2026-02-19T20:55:00Z,1,1,Determined upon crew arrival,New,OUTAGE,Single Customer,PON,NORMAL,42.50965,-83.5254
NW26021901214,2026-02-19T17:13:44Z,2026-02-19T17:13:44Z,1,2026-02-19T15:25:39Z,2026-02-19T21:00:00Z,1,1,Determined upon crew arrival,New,OUTAGE,Single Customer,PON,NORMAL,42.51421,-83.54519
NW26021901236,2026-02-19T17:13:44Z,2026-02-19T18:06:50Z,2,2026-02-19T16:39:00Z,2026-02-19T21:10:00Z,1,1,Determined upon crew arrival,In Progres,OUTAGE,Single Customer,PON,NORMAL,42.54586,-83.21856
NW26021901242,2026-02-19T17:13:44Z,2026-02-19T19:50:17Z,4,2026-02-19T16:43:34Z,2026-02-19T21:15:00Z,6,6,Determined upon crew arrival,In Progres,OUTAGE,Service Transformer,HWL,NORMAL,42.55447,-83.75495
NW26021901247,2026-02-19T17:13:44Z,2026-02-19T17:13:44Z,1,2026-02-19T16:46:31Z,2026-02-19T21:15:00Z,1,1,Determined upon crew arrival,In Progres,PRIORITY,,PON,NORMAL,42.53862,-83.51549
NW26021901268,2026-02-19T17:13:44Z,2026-02-19T17:13:44Z,1,2026-02-19T16:57:35Z,,1,1,Determined upon crew arrival,New,OUTAGE,Single Customer,PON,NORMAL,42.5255,-83.53045
NW26021901269,2026-02-19T17:13:44Z,2026-02-19T17:13:44Z,1,2026-02-19T16:57:57Z,,1,1,Determined upon crew arrival,New,OUTAGE,Single Customer,PON,NORMAL,42.51923,-83.5234
NW26021901271,2026-02-19T17:13:44Z,2026-02-19T17:13:44Z,1,2026-02-19T16:58:10Z,,252,252,Determined upon crew arrival,New,OUTAGE,Device (I),PON,NORMAL,42.52348,-83.52155
NW26021901274,2026-02-19T17:13:44Z,2026-02-19T21:49:06Z,7,2026-02-19T16:59:03Z,2026-02-20T09:30:00Z,1,1,Equipment problem,In Progres,OUTAGE,Single Customer,PON,NORMAL,42.61156,-83.28855
NW26021901276,2026-02-19T17:13:44Z,2026-02-19T17:13:44Z,1,2026-02-19T16:59:13Z,,1,1,Determined upon crew arrival,New,OUTAGE,Single Customer,PON,NORMAL,42.52091,-83.52095
NW26021901277,2026-02-19T17:13:44Z,2026-02-19T17:13:44Z,1,2026-02-19T15:39:04Z,,1,1,Determined upon crew arrival,New,OUTAGE,Single Customer,PON,NORMAL,42.5122,-83.51544
SE26021901091,2026-02-19T17:13:44Z,2026-02-20T15:53:36Z,25,2026-02-19T15:47:21Z,2026-02-20T20:15:00Z,1,1,Determined upon crew arrival,In Progres,OUTAGE,Single Customer,CAN,NORMAL,42.43599,-82.91414
SE26021901122,2026-02-19T17:13:44Z,2026-02-19T22:33:14Z,8,2026-02-19T15:49:21Z,2026-02-20T08:20:00Z,1,1,Equipment problem,In Progres,OUTAGE,Single Customer,RFD,NORMAL,42.34304,-83.19236
SE26021901182,2026-02-19T17:13:44Z,2026-02-19T21:04:17Z,6,2026-02-19T16:09:10Z,2026-02-20T08:40:00Z,1,1,Equipment problem,In Progres,OUTAGE,Single Customer,RFD,NORMAL,42.4125,-83.23735
SE26021901185,2026-02-19T17:13:44Z,2026-02-19T23:45:42Z,10,2026-02-19T16:10:15Z,2026-02-20T08:40:00Z,1,1,Determined upon crew arrival,In Progres,OUTAGE,Single Customer,CAN,NORMAL,42.44119,-82.91488
SE26021901188,2026-02-19T17:13:44Z,2026-02-20T02:10:46Z,11,2026-02-19T16:11:00Z,2026-02-20T08:40:00Z,1,1,Equipment problem,In Progres,OUTAGE,Single Customer,CAN,NORMAL,42.37456,-83.1087
SE26021901197,2026-02-19T17:13:44Z,2026-02-19T18:06:50Z,2,2026-02-19T09:06:20Z,2026-02-19T20:50:00Z,1,1,Equipment problem,In Progres,SERVICE DOWN NO,,RFD,NORMAL,42.34767,-83.2361
SE26021901201,2026-02-19T17:13:44Z,2026-02-19T17:13:44Z,1,2026-02-19T16:24:25Z,2026-02-19T20:55:00Z,1,1,Determined upon crew arrival,PC3 Verifi,OUTAGE,Single Customer,RFD,NORMAL,42.37731,-83.17377
SE26021901213,2026-02-19T17:13:44Z,2026-02-20T15:53:36Z,25,2026-02-19T16:28:30Z,2026-02-20T21:00:00Z,1,1,Equipment problem,In Progres,OUTAGE,Single Customer,RFD,NORMAL,42.24459,-83.17328
SE26021901224,2026-02-19T17:13:44Z,2026-02-19T19:09:40Z,3,2026-02-19T15:55:30Z,2026-02-19T21:00:00Z,1,1,Determined upon crew arrival,New,OUTAGE,Single Customer,RFD,NORMAL,42.49434,-83.0866
SE26021901257,2026-02-19T17:13:44Z,2026-02-19T23:04:46Z,9,2026-02-19T16:51:32Z,2026-02-20T09:20:00Z,1,1,Determined upon crew arrival,In Progres,OUTAGE,Single Customer,RFD,NORMAL,42.26054,-83.18484
SW26021901062,2026-02-19T17:13:44Z,2026-02-19T17:13:44Z,1,2026-02-19T15:43:37Z,2026-02-19T20:15:00Z,6,6,Determined upon crew arrival,In Progres,OUTAGE,Service Transformer,ANN,NORMAL,42.3465,-83.81753
SW26021901160,2026-02-19T17:13:44Z,2026-02-19T17:13:44Z,1,2026-02-19T16:04:33Z,2026-02-19T20:35:00Z,12,12,Determined upon crew arrival,In Progres,OUTAGE,Service Transformer,ANN,NORMAL,42.25921,-83.72355
SW26021901204,2026-02-19T17:13:44Z,2026-02-19T17:13:44Z,1,2026-02-19T16:21:21Z,2026-02-19T20:55:00Z,4,4,Determined upon crew arrival,In Progres,OUTAGE,Service Transformer,WWS,NORMAL,42.42191,-83.34294
SW26021901222,2026-02-19T17:13:44Z,2026-02-19T18:06:50Z,2,2026-02-19T16:32:01Z,2026-02-19T21:00:00Z,1,1,Determined upon crew arrival,In Progres,OUTAGE,Single Customer,WWS,NORMAL,42.48592,-83.41509
SW26021901231,2026-02-19T17:13:44Z,2026-02-19T18:06:50Z,2,2026-02-19T16:36:27Z,2026-02-19T21:05:00Z,101,101,Determined upon crew arrival,In Progres,OUTAGE,Device (II),NPT,NORMAL,41.95376,-83.36442
SW26021901244,2026-02-19T17:13:44Z,2026-02-19T23:04:46Z,9,2026-02-19T16:44:52Z,2026-02-20T01:15:00Z,1,1,Determined upon crew arrival,In Progres,PRIORITY,,NPT,NORMAL,41.95405,-83.36192
SW26021901251,2026-02-19T17:13:44Z,2026-02-19T17:13:44Z,1,2026-02-19T15:33:02Z,2026-02-19T21:20:00Z,1,1,Determined upon crew arrival,New,PRIORITY,,WWS,NORMAL,42.49986,-83.51017
SW26021901270,2026-02-19T17:13:44Z,2026-02-19T17:13:44Z,1,2026-02-19T16:58:03Z,,1,1,Determined upon crew arrival,New,OUTAGE,Single Customer,WWS,NORMAL,42.47582,-83.47059
SW26021901272,2026-02-19T17:13:44Z,2026-02-19T17:13:44Z,1,2026-02-19T16:58:17Z,,1,1,Determined upon crew arrival,New,OUTAGE,Single Customer,WWS,NORMAL,42.51635,-83.50096
SW26021901273,2026-02-19T17:13:44Z,2026-02-19T17:13:44Z,1,2026-02-19T16:58:20Z,,1,1,Determined upon crew arrival,New,OUTAGE,Single Customer,NPT,NORMAL,41.9655,-83.35567
SW26021901278,2026-02-19T17:13:44Z,2026-02-19T17:13:44Z,1,2026-02-19T15:57:09Z,,1,1,Determined upon crew arrival,New,PRIORITY,,WWS,NORMAL,42.49486,-83.47893
NE26021901330,2026-02-19T18:06:50Z,2026-02-19T20:34:42Z,4,2026-02-19T17:31:27Z,2026-02-19T22:00:00Z,1,1,Equipment problem,In Progres,OUTAGE,Single Customer,MTC,NORMAL,42.49039,-83.00035
NE26021901334,2026-02-19T18:06:50Z,2026-02-19T19:09:40Z,2,2026-02-19T17:36:10Z,2026-02-19T22:05:00Z,2,2,Determined upon crew arrival,In Progres,OUTAGE,Service Secondary,MTC,NORMAL,42.50027,-82.94164
NE26021901340,2026-02-19T18:06:50Z,2026-02-19T18:06:50Z,1,2026-02-19T17:40:59Z,2026-02-19T22:10:00Z,5,5,Determined upon crew arrival,In Progres,OUTAGE,Service Transformer,MAR,NORMAL,43.00737,-82.51154
NE26021901364,2026-02-19T18:06:50Z,2026-02-19T18:06:50Z,1,2026-02-19T17:51:22Z,2026-02-19T22:20:00Z,1,1,Determined upon crew arrival,In Progres,OUTAGE,Single Customer,NAE,NORMAL,43.77253,-83.23852
NE26021901369,2026-02-19T18:06:50Z,2026-02-19T18:06:50Z,1,2026-02-19T17:51:38Z,2026-02-19T22:25:00Z,1,1,Determined upon crew arrival,New,OUTAGE,Single Customer,MTC,NORMAL,42.60786,-82.93284
NE26021901372,2026-02-19T18:06:50Z,2026-02-19T18:06:50Z,1,2026-02-19T17:55:57Z,2026-02-19T22:25:00Z,787,787,Determined upon crew arrival,New,OUTAGE,Device (II),MTC,NORMAL,42.68261,-82.81936
NE26021901379,2026-02-19T18:06:50Z,2026-02-19T18:06:50Z,1,2026-02-19T17:56:39Z,2026-02-19T22:25:00Z,1,1,Determined upon crew arrival,New,OUTAGE,Single Customer,MTC,NORMAL,42.67658,-82.82541
NE26021901413,2026-02-19T18:06:50Z,2026-02-19T18:06:50Z,1,2026-02-19T17:59:46Z,,1,1,Determined upon crew arrival,New,OUTAGE,Single Customer,MTC,NORMAL,42.67475,-82.83398
NW26021901303,2026-02-19T18:06:50Z,2026-02-19T18:06:50Z,1,2026-02-19T17:14:39Z,2026-02-19T21:45:00Z,1,1,Determined upon crew arrival,New,OUTAGE,Single Customer,PON,NORMAL,42.5281,-83.51388
NW26021901313,2026-02-19T18:06:50Z,2026-02-19T21:04:17Z,5,2026-02-19T17:18:39Z,2026-02-19T21:50:00Z,1,1,Determined upon crew arrival,In Progres,OUTAGE,Single Customer,PON,NORMAL,42.68096,-83.30466
NW26021901337,2026-02-19T18:06:50Z,2026-02-19T19:09:40Z,2,2026-02-19T17:40:38Z,2026-02-19T22:10:00Z,389,389,Equipment problem,In Progres,OUTAGE,Circuit Level,PON,NORMAL,42.54759,-83.24135
NW26021901348,2026-02-19T18:06:50Z,2026-02-19T18:06:50Z,1,2026-02-19T17:42:50Z,2026-02-19T22:15:00Z,4,4,Determined upon crew arrival,In Progres,OUTAGE,Service Transformer,SBY,NORMAL,42.54448,-83.05899
NW26021901353,2026-02-19T18:06:50Z,2026-02-19T19:09:40Z,2,2026-02-19T17:44:36Z,2026-02-19T22:15:00Z,2,2,Equipment problem,In Progres,OUTAGE,Service Secondary,PON,NORMAL,42.54855,-83.23071
NW26021901354,2026-02-19T18:06:50Z,2026-02-19T19:09:40Z,2,2026-02-19T17:39:48Z,2026-02-19T22:15:00Z,1,1,Equipment problem,New,OUTAGE,Single Customer,PON,NORMAL,42.54496,-83.23432
NW26021901359,2026-02-19T18:06:50Z,2026-02-19T19:09:40Z,2,2026-02-19T17:44:40Z,2026-02-19T22:20:00Z,76,76,Equipment problem,In Progres,OUTAGE,Device (II),PON,NORMAL,42.77742,-83.38078
NW26021901368,2026-02-19T18:06:50Z,2026-02-19T21:49:06Z,6,2026-02-19T16:28:47Z,2026-02-19T22:25:00Z,1,1,Equipment problem,In Progres,OUTAGE,Single Customer,HWL,NORMAL,42.70747,-84.35665
NW26021901384,2026-02-19T18:06:50Z,2026-02-19T18:06:50Z,1,2026-02-19T17:56:50Z,2026-02-19T22:25:00Z,1,1,Determined upon crew arrival,New,OUTAGE,Single Customer,PON,NORMAL,42.78058,-83.39787
NW26021901409,2026-02-19T18:06:50Z,2026-02-19T18:06:50Z,1,2026-02-19T17:44:41Z,,1,1,Determined upon crew arrival,New,OUTAGE,Single Customer,PON,NORMAL,42.76902,-83.37816
NW26021901410,2026-02-19T18:06:50Z,2026-02-19T18:06:50Z,1,2026-02-19T17:44:41Z,,1,1,Determined upon crew arrival,New,OUTAGE,Single Customer,PON,NORMAL,42.76151,-83.38168
NW26021901411,2026-02-19T18:06:50Z,2026-02-19T18:06:50Z,1,2026-02-19T17:44:41Z,,1,1,Determined upon crew arrival,New,OUTAGE,Single Customer,PON,NORMAL,42.76138,-83.38384
NW26021901412,2026-02-19T18:06:50Z,2026-02-19T18:06:50Z,1,2026-02-19T17:44:40Z,,1,1,Determined upon crew arrival,New,OUTAGE,Single Customer,PON,NORMAL,42.76694,-83.37845
SE26021901288,2026-02-19T18:06:50Z,2026-02-20T02:10:46Z,10,2026-02-19T17:06:20Z,2026-02-20T09:35:00Z,1,1,Determined upon crew arrival,In Progres,OUTAGE,Single Customer,RFD,NORMAL,42.48994,-83.11163
SE26021901304,2026-02-19T18:06:50Z,2026-02-19T23:45:42Z,9,2026-02-19T17:14:53Z,2026-02-20T09:45:00Z,1,1,Determined upon crew arrival,PC3 Verifi,OUTAGE,Single Customer,CAN,NORMAL,42.33779,-83.11197
SE26021901333,2026-02-19T18:06:50Z,2026-02-19T19:09:40Z,2,2026-02-19T17:35:30Z,2026-02-19T22:05:00Z,1,1,Determined upon crew arrival,PC3 Verifi,OUTAGE,Single Customer,CAN,NORMAL,42.34933,-83.07771
SW26021901284,2026-02-19T18:06:50Z,2026-02-19T19:09:40Z,2,2026-02-19T15:01:55Z,2026-02-19T21:35:00Z,1,1,Determined upon crew arrival,In Progres,OUTAGE,Single Customer,WWS,NORMAL,42.24728,-83.28794
SW26021901306,2026-02-19T18:06:50Z,2026-02-19T19:50:17Z,3,2026-02-19T17:13:49Z,2026-02-19T21:45:00Z,17,17,Equipment problem,In Progres,OUTAGE,Service Transformer,ANN,NORMAL,42.22822,-83.72027
SW26021901318,2026-02-19T18:06:50Z,2026-02-19T19:09:40Z,2,2026-02-19T05:31:20Z,2026-02-19T21:50:00Z,1,1,Determined upon crew arrival,In Progres,OUTAGE,Single Customer,WWS,NORMAL,42.35412,-83.33033
SW26021901393,2026-02-19T18:06:50Z,2026-02-19T18:06:50Z,1,2026-02-19T15:58:50Z,,1,1,Determined upon crew arrival,New,OUTAGE,Single Customer,WWS,NORMAL,42.48412,-83.47614
NE26021901418,2026-02-19T19:09:40Z,2026-02-19T23:04:46Z,7,2026-02-19T14:42:10Z,2026-02-20T10:30:00Z,1,1,Equipment problem,In Progres,OUTAGE,Single Customer,MTC,NORMAL,42.56813,-82.87383
NE26021901419,2026-02-19T19:09:40Z,2026-02-19T19:09:40Z,1,2026-02-19T18:01:06Z,2026-02-19T22:30:00Z,1,1,Determined upon crew arrival,In Progres,PRIORITY,,MTC,NORMAL,42.67873,-82.82801
NE26021901439,2026-02-19T19:09:40Z,2026-02-19T19:50:17Z,2,2026-02-19T18:09:05Z,2026-02-19T22:40:00Z,125,125,Equipment problem,In Progres,OUTAGE,Device (II),MTC,NORMAL,42.57723,-82.96608
NE26021901464,2026-02-19T19:09:40Z,2026-02-19T21:49:06Z,5,2026-02-19T18:20:06Z,2026-02-19T22:50:00Z,1,1,Determined upon crew arrival,In Progres,OUTAGE,Single Customer,MTC,NORMAL,42.68334,-82.81934
NE26021901468,2026-02-19T19:09:40Z,2026-02-19T21:49:06Z,5,2026-02-19T18:11:12Z,2026-02-19T22:55:00Z,1,1,Determined upon crew arrival,In Progres,OUTAGE,Single Customer,NAE,NORMAL,43.3269,-83.09149
NE26021901511,2026-02-19T19:09:40Z,2026-02-19T23:04:46Z,7,2026-02-19T18:31:46Z,2026-02-19T23:05:00Z,1,1,Wind damage,In Progres,OUTAGE,Single Customer,MTC,NORMAL,42.68344,-82.81093
NE26021901514,2026-02-19T19:09:40Z,2026-02-19T23:04:46Z,7,2026-02-19T18:33:37Z,2026-02-19T23:05:00Z,1,1,Wind damage,In Progres,OUTAGE,Single Customer,MTC,NORMAL,42.68263,-82.82023
NE26021901532,2026-02-19T19:09:40Z,2026-02-19T23:04:46Z,7,2026-02-19T18:40:20Z,2026-02-19T23:10:00Z,1,1,Determined upon crew arrival,In Progres,OUTAGE,Single Customer,MTC,NORMAL,42.67762,-82.81778
NE26021901535,2026-02-19T19:09:40Z,2026-02-19T21:49:06Z,5,2026-02-19T18:41:46Z,2026-02-19T23:10:00Z,1,1,Determined upon crew arrival,In Progres,OUTAGE,Single Customer,MAR,NORMAL,43.0112,-82.46639
NE26021901537,2026-02-19T19:09:40Z,2026-02-19T20:34:42Z,3,2026-02-19T18:43:09Z,2026-02-19T23:15:00Z,1,1,Determined upon crew arrival,In Progres,OUTAGE,Single Customer,NAE,NORMAL,43.51579,-82.591
NE26021901542,2026-02-19T19:09:40Z,2026-02-19T19:09:40Z,1,2026-02-19T18:45:31Z,2026-02-19T23:15:00Z,1,1,Determined upon crew arrival,In Progres,OUTAGE,Single Customer,NAE,NORMAL,43.77375,-83.23249
NW26021901420,2026-02-19T19:09:40Z,2026-02-19T19:09:40Z,1,2026-02-19T18:01:21Z,2026-02-19T22:30:00Z,1,1,Equipment problem,PC3 Verifi,OUTAGE,Single Customer,PON,NORMAL,42.54775,-83.23796
NW26021901432,2026-02-19T19:09:40Z,2026-02-19T23:45:42Z,8,2026-02-19T18:07:21Z,2026-02-20T10:35:00Z,1,1,Equipment problem,In Progres,OUTAGE,Single Customer,PON,NORMAL,42.62016,-83.45615
NW26021901476,2026-02-19T19:09:40Z,2026-02-19T19:50:17Z,2,2026-02-19T18:12:45Z,2026-02-19T23:00:00Z,2,2,Determined upon crew arrival,In Progres,OUTAGE,Service Transformer,SBY,NORMAL,42.63404,-83.07923
NW26021901507,2026-02-19T19:09:40Z,2026-02-19T19:09:40Z,1,2026-02-19T18:32:49Z,2026-02-19T23:05:00Z,1,1,Determined upon crew arrival,In Progres,OUTAGE,Single Customer,SBY,NORMAL,42.55485,-83.05872
NW26021901512,2026-02-19T19:09:40Z,2026-02-19T19:09:40Z,1,2026-02-19T18:28:43Z,2026-02-19T23:05:00Z,4,4,Equipment problem,In Progres,OUTAGE,Service Transformer,HWL,NORMAL,42.62422,-83.76798
NW26021901517,2026-02-19T19:09:40Z,2026-02-19T23:45:42Z,8,2026-02-19T18:33:30Z,2026-02-20T11:05:00Z,1,1,Determined upon crew arrival,In Progres,OUTAGE,Single Customer,SBY,NORMAL,42.54877,-82.98573
NW26021901540,2026-02-19T19:09:40Z,2026-02-19T19:09:40Z,1,2026-02-19T18:44:58Z,2026-02-19T23:15:00Z,1,1,Determined upon crew arrival,New,OUTAGE,Single Customer,PON,NORMAL,42.55127,-83.2318
NW26021901545,2026-02-19T19:09:40Z,2026-02-19T19:09:40Z,1,2026-02-19T18:47:27Z,2026-02-19T23:20:00Z,1,1,Determined upon crew arrival,New,OUTAGE,Single Customer,PON,NORMAL,42.54851,-83.23354
NW26021901547,2026-02-19T19:09:40Z,2026-02-19T19:09:40Z,1,2026-02-19T18:48:09Z,2026-02-19T23:20:00Z,1,1,Determined upon crew arrival,New,OUTAGE,Single Customer,PON,NORMAL,42.52182,-83.52569
NW26021901551,2026-02-19T19:09:40Z,2026-02-19T19:50:17Z,2,2026-02-19T17:39:48Z,2026-02-19T23:20:00Z,1,1,Determined upon crew arrival,Pending,OUTAGE,Single Customer,PON,NORMAL,42.54855,-83.24197
NW26021901555,2026-02-19T19:09:40Z,2026-02-19T19:09:40Z,1,2026-02-19T18:50:20Z,2026-02-19T23:20:00Z,1,1,Determined upon crew arrival,New,OUTAGE,Single Customer,PON,NORMAL,42.5203,-83.51944
NW26021901564,2026-02-19T19:09:40Z,2026-02-19T19:09:40Z,1,2026-02-19T18:54:36Z,2026-02-19T23:25:00Z,1,1,Determined upon crew arrival,New,OUTAGE,Single Customer,PON,NORMAL,42.65014,-83.42376
NW26021901572,2026-02-19T19:09:40Z,2026-02-19T23:45:42Z,8,2026-02-19T18:57:39Z,2026-02-19T23:30:00Z,1,1,Equipment problem,In Progres,OUTAGE,Single Customer,PON,NORMAL,42.65665,-83.4106
NW26021901575,2026-02-19T19:09:40Z,2026-02-19T19:09:40Z,1,2026-02-19T18:58:34Z,,1,1,Determined upon crew arrival,New,OUTAGE,Single Customer,PON,NORMAL,42.65519,-83.40346
NW26021901576,2026-02-19T19:09:40Z,2026-02-19T19:09:40Z,1,2026-02-19T18:59:49Z,,1,1,Determined upon crew arrival,New,OUTAGE,Single Customer,HWL,NORMAL,42.66746,-84.17448
NW26021901577,2026-02-19T19:09:40Z,2026-02-19T19:09:40Z,1,2026-02-19T19:00:03Z,,1,1,Determined upon crew arrival,New,OUTAGE,Single Customer,PON,NORMAL,42.65881,-83.41214
SE26021901423,2026-02-19T19:09:40Z,2026-02-19T21:04:17Z,4,2026-02-19T18:02:14Z,2026-02-19T22:30:00Z,1,1,Equipment problem,In Progres,OUTAGE,Single Customer,RFD,NORMAL,42.40591,-83.14079
SE26021901450,2026-02-19T19:09:40Z,2026-02-19T19:09:40Z,1,2026-02-19T18:10:17Z,2026-02-19T22:40:00Z,8,8,Determined upon crew arrival,In Progres,OUTAGE,Service Transformer,RFD,NORMAL,42.37927,-83.17263
SE26021901469,2026-02-19T19:09:40Z,2026-02-20T16:40:54Z,24,2026-02-19T18:22:56Z,2026-02-20T18:55:00Z,1,1,Determined upon crew arrival,In Progres,PRIORITY,,RFD,NORMAL,42.33688,-83.21499
SE26021901508,2026-02-19T19:09:40Z,2026-02-19T19:50:17Z,2,2026-02-19T18:31:11Z,2026-02-19T23:05:00Z,1,1,Determined upon crew arrival,In Progres,OUTAGE,Single Customer,RFD,NORMAL,42.38812,-83.25202
SE26021901525,2026-02-19T19:09:40Z,2026-02-19T23:45:42Z,8,2026-02-19T18:38:39Z,2026-02-20T11:10:00Z,1,1,Determined upon crew arrival,In Progres,OUTAGE,Single Customer,RFD,NORMAL,42.37743,-83.18045
SE26021901526,2026-02-19T19:09:40Z,2026-02-20T02:10:46Z,9,2026-02-19T18:38:41Z,2026-02-20T11:10:00Z,1,1,Determined upon crew arrival,In Progres,OUTAGE,Single Customer,RFD,NORMAL,42.44529,-83.30166
SE26021901529,2026-02-19T19:09:40Z,2026-02-20T02:10:46Z,9,2026-02-19T18:39:40Z,2026-02-20T11:10:00Z,1,1,Determined upon crew arrival,In Progres,OUTAGE,Single Customer,CAN,NORMAL,42.39386,-82.90029
SW26021901458,2026-02-19T19:09:40Z,2026-02-19T21:49:06Z,5,2026-02-19T18:14:01Z,2026-02-19T22:45:00Z,1,1,Problem with the customer equip,In Progres,OUTAGE,Single Customer,WWS,NORMAL,42.38153,-83.3785
SW26021901505,2026-02-19T19:09:40Z,2026-02-19T19:09:40Z,1,2026-02-19T18:30:51Z,2026-02-19T23:05:00Z,1,1,Determined upon crew arrival,New,OUTAGE,Single Customer,ANN,NORMAL,42.33702,-83.80762
SW26021901509,2026-02-19T19:09:40Z,2026-02-19T19:09:40Z,1,2026-02-19T18:31:35Z,2026-02-19T23:05:00Z,1,1,Determined upon crew arrival,New,OUTAGE,Single Customer,ANN,NORMAL,42.32012,-83.80541
SW26021901510,2026-02-19T19:09:40Z,2026-02-19T19:09:40Z,1,2026-02-19T18:33:13Z,2026-02-19T23:05:00Z,1,1,Determined upon crew arrival,New,OUTAGE,Single Customer,ANN,NORMAL,42.29715,-83.8403
SW26021901516,2026-02-19T19:09:40Z,2026-02-19T19:09:40Z,1,2026-02-19T18:33:26Z,2026-02-19T23:05:00Z,1,1,Determined upon crew arrival,New,OUTAGE,Single Customer,ANN,NORMAL,42.29697,-83.80224
SW26021901559,2026-02-19T19:09:40Z,2026-02-19T19:50:17Z,2,2026-02-19T18:52:12Z,2026-02-19T23:20:00Z,15,15,Determined upon crew arrival,In Progres,OUTAGE,Service Transformer,WWS,NORMAL,42.46259,-83.34648
NE26021901631,2026-02-19T19:50:17Z,2026-02-19T21:49:06Z,4,2026-02-19T19:13:08Z,2026-02-19T23:45:00Z,1,1,Determined upon crew arrival,In Progres,OUTAGE,Single Customer,MAR,NORMAL,43.00504,-82.52112
NE26021901645,2026-02-19T19:50:17Z,2026-02-19T21:49:06Z,4,2026-02-19T19:22:10Z,2026-02-19T23:50:00Z,1,1,Determined upon crew arrival,In Progres,OUTAGE,Single Customer,NAE,NORMAL,43.77394,-83.21477
NE26021901652,2026-02-19T19:50:17Z,2026-02-19T19:50:17Z,1,2026-02-19T19:23:44Z,2026-02-19T23:55:00Z,1,1,Determined upon crew arrival,New,OUTAGE,Single Customer,MTC,NORMAL,42.68526,-82.81312
NE26021901668,2026-02-19T19:50:17Z,2026-02-20T14:26:08Z,20,2026-02-19T19:30:58Z,2026-02-21T00:00:00Z,1,1,Equipment problem,In Progres,OUTAGE,Single Customer,MTC,NORMAL,42.49207,-82.96312
NE26021901670,2026-02-19T19:50:17Z,2026-02-20T09:58:11Z,15,2026-02-19T19:35:09Z,2026-02-20T12:05:00Z,1,1,Problem with the customer equip,In Progres,OUTAGE,Single Customer,MTC,NORMAL,42.48995,-82.95864
NE26021901692,2026-02-19T19:50:17Z,2026-02-19T21:04:17Z,3,2026-02-19T19:41:29Z,2026-02-20T00:15:00Z,106,106,Determined upon crew arrival,In Progres,OUTAGE,Device (I),MTC,NORMAL,42.58085,-82.84063
NE26021901693,2026-02-19T19:50:17Z,2026-02-19T19:50:17Z,1,2026-02-19T19:44:44Z,,1,1,Determined upon crew arrival,New,OUTAGE,Single Customer,MTC,NORMAL,42.58065,-82.83896
NW26021901588,2026-02-19T19:50:17Z,2026-02-19T23:45:42Z,7,2026-02-19T19:03:47Z,2026-02-19T23:35:00Z,1,1,Equipment problem,In Progres,OUTAGE,Single Customer,PON,NORMAL,42.65121,-83.40117
NW26021901641,2026-02-19T19:50:17Z,2026-02-19T19:50:17Z,1,2026-02-19T19:18:56Z,2026-02-19T23:50:00Z,1,1,Determined upon crew arrival,New,OUTAGE,Single Customer,PON,NORMAL,42.55111,-83.247
SE26021901580,2026-02-19T19:50:17Z,2026-02-20T06:35:20Z,11,2026-02-18T13:47:43Z,2026-02-20T11:30:00Z,1,1,Equipment problem,In Progres,OUTAGE,Single Customer,RFD,NORMAL,42.50593,-83.25665
SE26021901583,2026-02-19T19:50:17Z,2026-02-20T20:59:45Z,29,2026-02-19T18:59:04Z,2026-02-20T23:30:00Z,1,1,Equipment problem,In Progres,OUTAGE,Single Customer,RFD,NORMAL,42.49032,-83.23035
SE26021901593,2026-02-19T19:50:17Z,2026-02-20T12:01:11Z,18,2026-02-19T15:55:30Z,2026-02-20T15:35:00Z,1,1,Determined upon crew arrival,In Progres,PRIORITY,,RFD,NORMAL,42.49434,-83.0866
SE26021901627,2026-02-19T19:50:17Z,2026-02-20T02:10:46Z,8,2026-02-19T19:12:13Z,2026-02-20T11:40:00Z,1,1,Determined upon crew arrival,In Progres,OUTAGE,Single Customer,CAN,NORMAL,42.4427,-82.89081
SE26021901635,2026-02-19T19:50:17Z,2026-02-20T15:53:36Z,22,2026-02-19T19:16:49Z,2026-02-20T23:45:00Z,1,1,Equipment problem,In Progres,OUTAGE,Single Customer,RFD,NORMAL,42.5292,-83.19561
SE26021901639,2026-02-19T19:50:17Z,2026-02-19T21:04:17Z,3,2026-02-19T19:12:28Z,2026-02-19T23:50:00Z,26,26,Determined upon crew arrival,In Progres,OUTAGE,Device (I),RFD,NORMAL,42.52927,-83.10278
SE26021901643,2026-02-19T19:50:17Z,2026-02-20T02:10:46Z,8,2026-02-19T19:08:35Z,2026-02-20T11:50:00Z,1,1,Determined upon crew arrival,New,OUTAGE,Single Customer,RFD,NORMAL,42.52764,-83.14867
SE26021901647,2026-02-19T19:50:17Z,2026-02-19T21:04:17Z,3,2026-02-19T19:22:39Z,2026-02-19T23:55:00Z,1,1,Determined upon crew arrival,PC3 Verifi,OUTAGE,Single Customer,CAN,NORMAL,42.37321,-83.08361
SE26021901649,2026-02-19T19:50:17Z,2026-02-19T23:45:42Z,7,2026-02-19T19:23:14Z,2026-02-19T23:55:00Z,1,1,Determined upon crew arrival,In Progres,SERVICE DOWN NO,,CAN,NORMAL,42.42761,-82.94661
SE26021901667,2026-02-19T19:50:17Z,2026-02-20T14:26:08Z,20,2026-02-19T19:30:55Z,2026-02-21T00:00:00Z,1,1,Determined upon crew arrival,In Progres,OUTAGE,Single Customer,RFD,NORMAL,42.36825,-83.2442
SE26021901672,2026-02-19T19:50:17Z,2026-02-20T07:37:03Z,12,2026-02-19T19:35:44Z,2026-02-20T12:05:00Z,1,1,Equipment problem,In Progres,OUTAGE,Single Customer,RFD,NORMAL,42.25135,-83.19712
SE26021901681,2026-02-19T19:50:17Z,2026-02-19T23:45:42Z,7,2026-02-19T19:40:00Z,2026-02-20T00:10:00Z,1,1,Determined upon crew arrival,In Progres,SERVICE DOWN NO,,RFD,NORMAL,42.46603,-83.10043
SE26021901685,2026-02-19T19:50:17Z,2026-02-19T23:45:42Z,7,2026-02-19T19:42:08Z,2026-02-20T00:10:00Z,1,1,Determined upon crew arrival,In Progres,OUTAGE,Single Customer,RFD,NORMAL,42.29629,-83.25089
SE26021901688,2026-02-19T19:50:17Z,2026-02-19T23:45:42Z,7,2026-02-19T14:51:55Z,2026-02-20T00:15:00Z,1,1,Determined upon crew arrival,In Progres,OUTAGE,Single Customer,RFD,NORMAL,42.43173,-83.2177
SW26021901590,2026-02-19T19:50:17Z,2026-02-19T19:50:17Z,1,2026-02-19T18:40:41Z,2026-02-19T23:35:00Z,1,1,Determined upon crew arrival,In Progres,OUTAGE,Single Customer,ANN,NORMAL,42.29525,-83.8302
SW26021901656,2026-02-19T19:50:17Z,2026-02-19T23:45:42Z,7,2026-02-19T19:25:07Z,2026-02-19T23:55:00Z,1,1,Determined upon crew arrival,In Progres,OUTAGE,Single Customer,WWS,NORMAL,42.47136,-83.47826
NE26021901708,2026-02-19T20:34:42Z,2026-02-20T07:37:03Z,11,2026-02-19T19:41:34Z,2026-02-20T12:20:00Z,1,1,Determined upon crew arrival,PC3 Verifi,OUTAGE,Single Customer,MTC,NORMAL,42.5857,-82.8425
NE26021901712,2026-02-19T20:34:42Z,2026-02-19T23:45:42Z,6,2026-02-19T19:49:52Z,2026-02-20T00:20:00Z,1,1,Equipment problem,In Progres,OUTAGE,Single Customer,MTC,NORMAL,42.57616,-82.9633
NE26021901737,2026-02-19T20:34:42Z,2026-02-20T02:10:46Z,7,2026-02-19T19:54:56Z,2026-02-20T12:25:00Z,1,1,Determined upon crew arrival,In Progres,SERVICE DOWN NO,,MTC,NORMAL,42.52108,-82.93569
NE26021901823,2026-02-19T20:34:42Z,2026-02-19T23:04:46Z,5,2026-02-19T20:09:08Z,2026-02-20T00:40:00Z,1,1,Determined upon crew arrival,In Progres,OUTAGE,Single Customer,MTC,NORMAL,42.50678,-82.93552
NE26021901824,2026-02-19T20:34:42Z,2026-02-19T23:45:42Z,6,2026-02-19T03:52:04Z,2026-02-20T00:40:00Z,2,2,Equipment problem,In Progres,OUTAGE,Service Transformer,LAP,NORMAL,42.81284,-83.13048
NW26021901714,2026-02-19T20:34:42Z,2026-02-19T21:04:17Z,2,2026-02-19T19:50:21Z,2026-02-20T00:20:00Z,330,330,Equipment problem,In Progres,OUTAGE,Subtransmission,SBY,NORMAL,42.54821,-83.04121
NW26021901777,2026-02-19T20:34:42Z,2026-02-19T23:45:42Z,6,2026-02-19T19:58:45Z,2026-02-20T00:35:00Z,1,1,Equipment problem,In Progres,OUTAGE,Single Customer,PON,NORMAL,42.66869,-83.29953
NW26021901796,2026-02-19T20:34:42Z,2026-02-19T21:49:06Z,3,2026-02-19T20:01:16Z,2026-02-20T00:35:00Z,13,13,Equipment problem,In Progres,OUTAGE,Device (II),HWL,NORMAL,42.54214,-84.08812
NW26021901841,2026-02-19T20:34:42Z,2026-02-19T21:49:06Z,3,2026-02-19T20:05:49Z,2026-02-20T00:50:00Z,789,789,Determined upon crew arrival,In Progres,OUTAGE,Device (II),PON,NORMAL,42.59697,-83.43382
NW26021901870,2026-02-19T20:34:42Z,2026-02-19T20:34:42Z,1,2026-02-19T20:23:43Z,2026-02-20T00:55:00Z,1,1,Determined upon crew arrival,New,OUTAGE,Single Customer,PON,NORMAL,42.60007,-83.43558
SE26021901706,2026-02-19T20:34:42Z,2026-02-19T23:45:42Z,6,2026-02-19T19:45:01Z,2026-02-20T00:20:00Z,1,1,Determined upon crew arrival,In Progres,OUTAGE,Single Customer,RFD,NORMAL,42.51563,-83.12887
SE26021901716,2026-02-19T20:34:42Z,2026-02-19T23:04:46Z,5,2026-02-19T19:50:25Z,2026-02-20T00:20:00Z,1,1,Determined upon crew arrival,In Progres,OUTAGE,Single Customer,RFD,NORMAL,42.28467,-83.26598
SE26021901718,2026-02-19T20:34:42Z,2026-02-20T10:49:53Z,15,2026-02-19T19:50:37Z,2026-02-20T12:20:00Z,1,1,Determined upon crew arrival,In Progres,OUTAGE,Single Customer,CAN,NORMAL,42.43773,-82.98939
SE26021901747,2026-02-19T20:34:42Z,2026-02-19T23:45:42Z,6,2026-02-19T19:59:11Z,2026-02-20T00:30:00Z,1,1,Equipment problem,In Progres,SERVICE DOWN NO,,RFD,NORMAL,42.48825,-83.12368
SE26021901768,2026-02-19T20:34:42Z,2026-02-19T23:45:42Z,6,2026-02-19T19:54:45Z,2026-02-20T00:35:00Z,1,1,Determined upon crew arrival,In Progres,OUTAGE,Single Customer,RFD,NORMAL,42.32278,-83.27124
SE26021901772,2026-02-19T20:34:42Z,2026-02-19T21:04:17Z,2,2026-02-19T19:48:22Z,2026-02-20T00:35:00Z,1,1,Determined upon crew arrival,New,OUTAGE,Single Customer,RFD,NORMAL,42.45005,-83.18056
SE26021901780,2026-02-19T20:34:42Z,2026-02-19T21:04:17Z,2,2026-02-19T19:57:56Z,2026-02-20T00:35:00Z,1,1,Determined upon crew arrival,New,OUTAGE,Single Customer,RFD,NORMAL,42.52245,-83.11466
SE26021901782,2026-02-19T20:34:42Z,2026-02-20T06:35:20Z,10,2026-02-19T19:59:16Z,2026-02-20T12:35:00Z,1,1,Determined upon crew arrival,In Progres,OUTAGE,Single Customer,CAN,NORMAL,42.3156,-83.10097
SE26021901783,2026-02-19T20:34:42Z,2026-02-20T16:40:54Z,22,2026-02-19T20:02:12Z,2026-02-21T00:35:00Z,1,1,Equipment problem,In Progres,OUTAGE,Single Customer,RFD,NORMAL,42.26101,-83.22462
SE26021901812,2026-02-19T20:34:42Z,2026-02-19T22:33:14Z,4,2026-02-19T20:06:21Z,2026-02-20T00:35:00Z,1,1,Determined upon crew arrival,In Progres,SERVICE DOWN NO,,RFD,NORMAL,42.34104,-83.14424
SE26021901813,2026-02-19T20:34:42Z,2026-02-19T21:49:06Z,3,2026-02-19T20:06:50Z,2026-02-20T00:35:00Z,1,1,Determined upon crew arrival,PC3 Verifi,OUTAGE,Single Customer,RFD,NORMAL,42.50999,-83.12724
SE26021901828,2026-02-19T20:34:42Z,2026-02-20T02:10:46Z,7,2026-02-19T20:10:52Z,2026-02-20T12:40:00Z,1,1,Equipment problem,In Progres,OUTAGE,Single Customer,RFD,NORMAL,42.34655,-83.21656
SE26021901833,2026-02-19T20:34:42Z,2026-02-19T21:04:17Z,2,2026-02-19T20:13:10Z,2026-02-20T00:45:00Z,1,1,Determined upon crew arrival,New,OUTAGE,Single Customer,CAN,NORMAL,42.35953,-83.09018
SE26021901837,2026-02-19T20:34:42Z,2026-02-19T23:45:42Z,6,2026-02-19T20:15:08Z,2026-02-20T00:45:00Z,1,1,Equipment problem,In Progres,SERVICE DOWN NO,,RFD,NORMAL,42.4406,-83.19221
SE26021901863,2026-02-19T20:34:42Z,2026-02-20T22:32:55Z,31,2026-02-20T07:30:17Z,2026-02-21T00:50:00Z,2,1,Determined upon crew arrival,In Progres,OUTAGE,Single Customer,CAN,NORMAL,42.41282,-82.90693
SE26021901881,2026-02-19T20:34:42Z,2026-02-20T15:53:36Z,21,2026-02-19T20:27:30Z,2026-02-21T01:00:00Z,1,1,Equipment problem,In Progres,OUTAGE,Single Customer,RFD,NORMAL,42.21437,-83.1953
SE26021901882,2026-02-19T20:34:42Z,2026-02-20T15:53:36Z,21,2026-02-19T20:27:34Z,2026-02-21T01:00:00Z,1,1,Equipment problem,In Progres,OUTAGE,Single Customer,RFD,NORMAL,42.52815,-83.12698
SW26021901709,2026-02-19T20:34:42Z,2026-02-19T21:49:06Z,3,2026-02-19T19:44:03Z,2026-02-20T00:20:00Z,3,3,Determined upon crew arrival,In Progres,OUTAGE,Service Transformer,ANN,NORMAL,42.41577,-83.6348
SW26021901748,2026-02-19T20:34:42Z,2026-02-19T23:45:42Z,6,2026-02-19T19:59:27Z,2026-02-20T00:30:00Z,1,1,Determined upon crew arrival,In Progres,PRIORITY,,ANN,NORMAL,42.30125,-83.83946
SW26021901778,2026-02-19T20:34:42Z,2026-02-19T23:04:46Z,5,2026-02-19T19:56:46Z,2026-02-20T00:35:00Z,1,1,Determined upon crew arrival,In Progres,OUTAGE,Single Customer,WWS,NORMAL,42.48573,-83.35857
SW26021901811,2026-02-19T20:34:42Z,2026-02-19T22:33:14Z,4,2026-02-19T20:06:14Z,2026-02-20T00:35:00Z,1,1,Determined upon crew arrival,In Progres,OUTAGE,Single Customer,WWS,NORMAL,42.25635,-83.34769
SW26021901867,2026-02-19T20:34:42Z,2026-02-19T23:45:42Z,6,2026-02-19T20:23:00Z,2026-02-20T00:55:00Z,1,1,Determined upon crew arrival,In Progres,SERVICE DOWN NO,,WWS,NORMAL,42.20326,-83.48642
SW26021901871,2026-02-19T20:34:42Z,2026-02-19T20:34:42Z,1,2026-02-19T20:24:33Z,2026-02-20T00:55:00Z,1,1,Determined upon crew arrival,New,OUTAGE,Single Customer,ANN,NORMAL,42.31168,-83.81005
SW26021901876,2026-02-19T20:34:42Z,2026-02-19T21:04:17Z,2,2026-02-19T20:26:42Z,2026-02-20T00:55:00Z,1,1,Determined upon crew arrival,New,OUTAGE,Single Customer,ANN,NORMAL,42.3113,-83.79913
SW26021901879,2026-02-19T20:34:42Z,2026-02-19T21:49:06Z,3,2026-02-19T20:26:55Z,2026-02-20T00:55:00Z,5,5,Determined upon crew arrival,In Progres,OUTAGE,Device (II),ANN,NORMAL,42.29366,-83.82312
SW26021901883,2026-02-19T20:34:42Z,2026-02-19T20:34:42Z,1,2026-02-19T20:27:44Z,,1,1,Determined upon crew arrival,New,OUTAGE,Single Customer,ANN,NORMAL,42.339,-83.82641
SW26021901885,2026-02-19T20:34:42Z,2026-02-19T20:34:42Z,1,2026-02-19T20:29:09Z,,1,1,Determined upon crew arrival,New,OUTAGE,Single Customer,ANN,NORMAL,42.30141,-83.82482
NA26021901926,2026-02-19T21:04:17Z,2026-02-19T21:04:17Z,1,2026-02-19T20:45:08Z,,1,1,Determined upon crew arrival,New,OUTAGE,Single Customer,ANN,NORMAL,42.29298,-83.83091
NE26021901921,2026-02-19T21:04:17Z,2026-02-20T02:10:46Z,6,2026-02-19T20:42:49Z,2026-02-20T05:15:00Z,1,1,Equipment problem,In Progres,PRIORITY,,MAR,NORMAL,43.01187,-82.9367
NE26021901924,2026-02-19T21:04:17Z,2026-02-20T09:58:11Z,13,2026-02-19T20:43:39Z,2026-02-20T13:15:00Z,1,1,Equipment problem,In Progres,SERVICE DOWN NO,,MTC,NORMAL,42.45166,-82.99837
NW26021901911,2026-02-19T21:04:17Z,2026-02-19T21:04:17Z,1,2026-02-19T20:18:22Z,2026-02-20T01:05:00Z,544,544,Determined upon crew arrival,In Progres,OUTAGE,Device (II),PON,NORMAL,42.59124,-83.42943
NW26021901918,2026-02-19T21:04:17Z,2026-02-19T21:04:17Z,1,2026-02-19T20:41:00Z,2026-02-20T01:10:00Z,1,1,Determined upon crew arrival,New,OUTAGE,Single Customer,PON,NORMAL,42.52048,-83.51776
NW26021901919,2026-02-19T21:04:17Z,2026-02-19T21:04:17Z,1,2026-02-19T20:41:39Z,2026-02-20T01:10:00Z,1,1,Determined upon crew arrival,New,OUTAGE,Single Customer,PON,NORMAL,42.58384,-83.43297
NW26021901922,2026-02-19T21:04:17Z,2026-02-19T21:04:17Z,1,2026-02-19T20:42:56Z,,1,1,Determined upon crew arrival,New,OUTAGE,Single Customer,PON,NORMAL,42.59882,-83.42877
NW26021901923,2026-02-19T21:04:17Z,2026-02-19T21:49:06Z,2,2026-02-19T20:43:10Z,2026-02-20T01:15:00Z,2,2,Determined upon crew arrival,In Progres,OUTAGE,Service Transformer,SBY,NORMAL,42.63404,-83.07923
SE26021901903,2026-02-19T21:04:17Z,2026-02-19T21:04:17Z,1,2026-02-19T16:06:55Z,2026-02-20T01:05:00Z,1,1,Determined upon crew arrival,New,OUTAGE,Single Customer,RFD,NORMAL,42.42299,-83.27792
SW26021901886,2026-02-19T21:04:17Z,2026-02-19T21:49:06Z,2,2026-02-19T20:31:10Z,2026-02-20T01:00:00Z,1,1,Determined upon crew arrival,In Progres,OUTAGE,Single Customer,ANN,NORMAL,42.29353,-83.8077
NE26021901972,2026-02-19T21:49:06Z,2026-02-20T15:08:21Z,18,2026-02-19T21:18:50Z,2026-02-21T01:50:00Z,1,1,Equipment problem,In Progres,OUTAGE,Single Customer,MTC,NORMAL,42.46174,-82.92771
NW26021901943,2026-02-19T21:49:06Z,2026-02-19T22:33:14Z,2,2026-02-19T20:57:15Z,2026-02-20T01:30:00Z,6,6,Determined upon crew arrival,In Progres,OUTAGE,Service Transformer,PON,NORMAL,42.57276,-83.42718
NW26021901968,2026-02-19T21:49:06Z,2026-02-19T23:45:42Z,4,2026-02-19T21:14:00Z,2026-02-20T01:45:00Z,29,29,Equipment problem,In Progres,OUTAGE,Device (II),PON,NORMAL,42.65011,-83.37939
NW26021901969,2026-02-19T21:49:06Z,2026-02-19T21:49:06Z,1,2026-02-19T20:41:39Z,2026-02-20T01:45:00Z,1,1,Determined upon crew arrival,New,OUTAGE,Single Customer,PON,NORMAL,42.58416,-83.435
SE26021901937,2026-02-19T21:49:06Z,2026-02-19T23:45:42Z,4,2026-02-19T19:51:24Z,2026-02-20T01:25:00Z,1,1,Equipment problem,In Progres,SERVICE DOWN NO,,CAN,NORMAL,42.42761,-82.94661
SE26021901941,2026-02-19T21:49:06Z,2026-02-20T17:23:43Z,21,2026-02-19T20:58:18Z,2026-02-21T01:30:00Z,1,1,Determined upon crew arrival,In Progres,OUTAGE,Single Customer,RFD,NORMAL,42.36847,-83.31162
SE26021901944,2026-02-19T21:49:06Z,2026-02-19T23:45:42Z,4,2026-02-19T20:52:55Z,2026-02-20T01:30:00Z,1,1,Determined upon crew arrival,In Progres,SERVICE DOWN NO,,RFD,NORMAL,42.47873,-83.13019
SE26021901945,2026-02-19T21:49:06Z,2026-02-19T23:04:46Z,3,2026-02-19T21:00:31Z,2026-02-20T01:30:00Z,1,1,Determined upon crew arrival,In Progres,OUTAGE,Single Customer,RFD,NORMAL,42.33817,-83.2175
SE26021901957,2026-02-19T21:49:06Z,2026-02-20T19:48:12Z,24,2026-02-19T21:06:13Z,2026-02-21T01:35:00Z,1,1,Equipment problem,In Progres,OUTAGE,Single Customer,RFD,NORMAL,42.44877,-83.13391
SE26021901961,2026-02-19T21:49:06Z,2026-02-20T18:02:53Z,22,2026-02-19T21:08:02Z,2026-02-21T01:40:00Z,1,1,Equipment problem,In Progres,OUTAGE,Single Customer,RFD,NORMAL,42.48604,-83.11262
SE26021901978,2026-02-19T21:49:06Z,2026-02-20T15:08:21Z,18,2026-02-19T21:21:16Z,2026-02-21T01:50:00Z,1,1,Equipment problem,In Progres,OUTAGE,Single Customer,RFD,NORMAL,42.24688,-83.19997
SE26021901985,2026-02-19T21:49:06Z,2026-02-19T23:45:42Z,4,2026-02-19T21:28:45Z,2026-02-20T02:00:00Z,1,1,Determined upon crew arrival,In Progres,OUTAGE,Single Customer,CAN,NORMAL,42.44748,-83.02295
SW26021901954,2026-02-19T21:49:06Z,2026-02-19T23:04:46Z,3,2026-02-19T19:59:51Z,2026-02-20T01:35:00Z,1,1,Determined upon crew arrival,In Progres,SERVICE DOWN NO,,WWS,NORMAL,42.20326,-83.48642
SW26021901963,2026-02-19T21:49:06Z,2026-02-19T22:33:14Z,2,2026-02-19T18:28:50Z,2026-02-20T01:40:00Z,1,1,Problem with the customer equip,In Progres,OUTAGE,Single Customer,ANN,NORMAL,42.29809,-83.83557
NE26021902006,2026-02-19T22:33:14Z,2026-02-20T15:08:21Z,17,2026-02-18T23:45:59Z,2026-02-21T02:10:00Z,1,1,Equipment problem,In Progres,OUTAGE,Single Customer,LAP,NORMAL,42.96803,-83.03717
NE26021902060,2026-02-19T22:33:14Z,2026-02-20T07:37:03Z,8,2026-02-19T13:46:48Z,2026-02-20T14:45:00Z,1,1,Determined upon crew arrival,New,SERVICE DOWN NO,,MTC,NORMAL,42.48125,-82.93903
NW26021901988,2026-02-19T22:33:14Z,2026-02-20T15:53:36Z,18,2026-02-19T21:26:09Z,2026-02-21T02:00:00Z,1,1,Equipment problem,In Progres,OUTAGE,Single Customer,SBY,NORMAL,42.58902,-83.0847
NW26021901994,2026-02-19T22:33:14Z,2026-02-19T23:04:46Z,2,2026-02-19T21:34:09Z,2026-02-20T02:05:00Z,1,1,Determined upon crew arrival,In Progres,OUTAGE,Single Customer,SBY,NORMAL,42.8176,-83.01553
NW26021902027,2026-02-19T22:33:14Z,2026-02-19T23:45:42Z,3,2026-02-19T21:46:59Z,2026-02-20T02:15:00Z,1,1,Equipment problem,In Progres,OUTAGE,Single Customer,PON,NORMAL,42.55042,-83.13865
NW26021902054,2026-02-19T22:33:14Z,2026-02-20T02:10:46Z,4,2026-02-19T22:10:42Z,2026-02-20T02:40:00Z,1,1,Equipment problem,In Progres,OUTAGE,Single Customer,SBY,NORMAL,42.54775,-83.04479
NW26021902056,2026-02-19T22:33:14Z,2026-02-19T23:45:42Z,3,2026-02-19T22:12:30Z,2026-02-20T02:45:00Z,1,1,Equipment problem,In Progres,OUTAGE,Single Customer,PON,NORMAL,42.59838,-83.13926
SE26021902008,2026-02-19T22:33:14Z,2026-02-20T17:23:43Z,20,2026-02-19T21:35:42Z,2026-02-21T02:10:00Z,1,1,Equipment problem,In Progres,OUTAGE,Single Customer,RFD,NORMAL,42.5181,-83.129
SE26021902010,2026-02-19T22:33:14Z,2026-02-20T18:02:53Z,21,2026-02-19T21:40:58Z,2026-02-21T02:10:00Z,1,1,Equipment problem,In Progres,OUTAGE,Single Customer,RFD,NORMAL,42.41014,-83.27474
SE26021902016,2026-02-19T22:33:14Z,2026-02-19T23:45:42Z,3,2026-02-19T20:06:50Z,2026-02-20T02:15:00Z,1,1,Determined upon crew arrival,In Progres,SERVICE DOWN NO,,RFD,NORMAL,42.50999,-83.12724
SE26021902019,2026-02-19T22:33:14Z,2026-02-20T19:48:12Z,23,2026-02-19T19:36:55Z,2026-02-21T02:15:00Z,1,1,Equipment problem,In Progres,OUTAGE,Single Customer,RFD,NORMAL,42.37415,-83.21499
SE26021902032,2026-02-19T22:33:14Z,2026-02-19T22:33:14Z,1,2026-02-19T21:31:56Z,2026-02-20T02:20:00Z,1,1,Determined upon crew arrival,PC3 Verifi,OUTAGE,Single Customer,RFD,NORMAL,42.26847,-83.13477
SE26021902042,2026-02-19T22:33:14Z,2026-02-20T15:08:21Z,17,2026-02-19T21:49:52Z,2026-02-20T18:30:00Z,1,1,Equipment problem,In Progres,OUTAGE,Single Customer,CAN,NORMAL,42.43739,-82.99545
SE26021902043,2026-02-19T22:33:14Z,2026-02-19T23:45:42Z,3,2026-02-19T21:58:53Z,2026-02-20T02:30:00Z,1,1,Determined upon crew arrival,In Progres,SERVICE DOWN NO,,RFD,NORMAL,42.42864,-83.182
SE26021902048,2026-02-19T22:33:14Z,2026-02-20T15:08:21Z,17,2026-02-19T21:59:24Z,2026-02-21T02:35:00Z,1,1,Determined upon crew arrival,In Progres,OUTAGE,Single Customer,RFD,NORMAL,42.51342,-83.14173
SE26021902052,2026-02-19T22:33:14Z,2026-02-19T23:45:42Z,3,2026-02-19T22:09:42Z,2026-02-20T02:40:00Z,1,1,Determined upon crew arrival,In Progres,OUTAGE,Single Customer,RFD,NORMAL,42.42715,-83.18167
SE26021902061,2026-02-19T22:33:14Z,2026-02-19T22:33:14Z,1,2026-02-19T22:14:54Z,,1,1,Determined upon crew arrival,New,OUTAGE,Single Customer,RFD,NORMAL,42.33902,-83.18595
SW26021902017,2026-02-19T22:33:14Z,2026-02-20T02:10:46Z,4,2026-02-19T21:41:14Z,2026-02-20T02:15:00Z,1,1,Determined upon crew arrival,In Progres,OUTAGE,Single Customer,WWS,NORMAL,42.42586,-83.36528
SW26021902029,2026-02-19T22:33:14Z,2026-02-20T09:58:11Z,11,2026-02-19T21:48:58Z,2026-02-20T10:20:00Z,1,1,Determined upon crew arrival,In Progres,OUTAGE,Single Customer,NPT,NORMAL,41.91381,-83.41066
SW26021902062,2026-02-19T22:33:14Z,2026-02-19T22:33:14Z,1,2026-02-19T18:27:01Z,,1,1,Determined upon crew arrival,New,OUTAGE,Single Customer,ANN,NORMAL,42.30649,-83.7947
NW26021902072,2026-02-19T23:04:46Z,2026-02-19T23:45:42Z,2,2026-02-19T22:18:11Z,2026-02-20T03:00:00Z,13,13,Public Interference w/DTE equip,In Progres,OUTAGE,Device (I),HWL,NORMAL,42.5032,-83.64654
NW26021902093,2026-02-19T23:04:46Z,2026-02-19T23:45:42Z,2,2026-02-19T22:50:49Z,2026-02-20T03:20:00Z,43,43,Equipment problem,In Progres,OUTAGE,Device (II),PON,NORMAL,42.79105,-83.3196
NW26021902098,2026-02-19T23:04:46Z,2026-02-19T23:04:46Z,1,2026-02-19T22:54:20Z,2026-02-20T03:25:00Z,1,1,Determined upon crew arrival,In Progres,OUTAGE,Single Customer,PON,NORMAL,42.78463,-83.33307
NW26021902102,2026-02-19T23:04:46Z,2026-02-19T23:04:46Z,1,2026-02-19T22:38:47Z,,1,1,Determined upon crew arrival,New,OUTAGE,Single Customer,PON,NORMAL,42.62359,-83.27245
SE26021902082,2026-02-19T23:04:46Z,2026-02-19T23:45:42Z,2,2026-02-19T22:36:35Z,2026-02-20T03:05:00Z,1,1,Determined upon crew arrival,In Progres,OUTAGE,Single Customer,RFD,NORMAL,42.28278,-83.26491
SE26021902088,2026-02-19T23:04:46Z,2026-02-20T13:33:22Z,14,2026-02-19T21:57:48Z,2026-02-20T15:10:00Z,1,1,Determined upon crew arrival,In Progres,OUTAGE,Single Customer,RFD,NORMAL,42.46281,-83.17938
SW26021902063,2026-02-19T23:04:46Z,2026-02-19T23:45:42Z,2,2026-02-19T22:16:26Z,2026-02-20T02:45:00Z,1,1,Determined upon crew arrival,In Progres,OUTAGE,Single Customer,ANN,NORMAL,42.27962,-83.76856
SW26021902074,2026-02-19T23:04:46Z,2026-02-19T23:45:42Z,2,2026-02-19T22:28:49Z,2026-02-20T03:00:00Z,1,1,Determined upon crew arrival,In Progres,OUTAGE,Single Customer,ANN,NORMAL,42.20052,-83.69349
SW26021902092,2026-02-19T23:04:46Z,2026-02-19T23:45:42Z,2,2026-02-19T22:50:03Z,2026-02-20T03:20:00Z,1,1,Determined upon crew arrival,In Progres,PRIORITY,,WWS,NORMAL,42.36993,-83.4079
NE26021902130,2026-02-19T23:45:42Z,2026-02-20T13:33:22Z,13,2026-02-19T23:14:32Z,2026-02-20T15:45:00Z,1,1,Problem with the customer equip,In Progres,OUTAGE,Single Customer,MTC,NORMAL,42.75182,-82.85101
NE26021902134,2026-02-19T23:45:42Z,2026-02-20T19:48:12Z,21,2026-02-19T23:17:28Z,2026-02-21T03:50:00Z,1,1,Equipment problem,In Progres,OUTAGE,Single Customer,MTC,NORMAL,42.47642,-82.96126
NW26021902124,2026-02-19T23:45:42Z,2026-02-20T09:58:11Z,9,2026-02-19T23:02:29Z,2026-02-20T15:40:00Z,1,1,Determined upon crew arrival,In Progres,SERVICE DOWN NO,,SBY,NORMAL,42.73952,-83.06131
NW26021902137,2026-02-19T23:45:42Z,2026-02-20T09:58:11Z,9,2026-02-19T23:20:03Z,2026-02-20T15:50:00Z,1,1,Determined upon crew arrival,In Progres,OUTAGE,Single Customer,PON,NORMAL,42.59348,-83.10929
NW26021902139,2026-02-19T23:45:42Z,2026-02-19T23:45:42Z,1,2026-02-19T23:23:11Z,2026-02-20T03:55:00Z,1,1,Determined upon crew arrival,New,OUTAGE,Single Customer,PON,NORMAL,42.65042,-83.28831
SE26021902128,2026-02-19T23:45:42Z,2026-02-20T21:56:56Z,25,2026-02-19T21:40:09Z,2026-02-21T03:45:00Z,1,1,Wind damage,In Progres,OUTAGE,Single Customer,CAN,NORMAL,42.3819,-82.98506
SE26021902129,2026-02-19T23:45:42Z,2026-02-20T15:53:36Z,16,2026-02-19T23:14:29Z,2026-02-20T15:45:00Z,1,1,Equipment problem,In Progres,OUTAGE,Single Customer,RFD,NORMAL,42.42728,-83.21089
SE26021902131,2026-02-19T23:45:42Z,2026-02-20T09:58:11Z,9,2026-02-19T23:15:23Z,2026-02-20T15:45:00Z,1,1,Determined upon crew arrival,In Progres,OUTAGE,Single Customer,CAN,NORMAL,42.42255,-83.00712
SE26021902140,2026-02-19T23:45:42Z,2026-02-20T15:08:21Z,15,2026-02-19T23:23:36Z,2026-02-20T15:55:00Z,1,1,Equipment problem,In Progres,OUTAGE,Single Customer,RFD,NORMAL,42.41276,-83.24364
SE26021902147,2026-02-19T23:45:42Z,2026-02-20T20:34:07Z,22,2026-02-19T23:28:12Z,2026-02-21T04:00:00Z,1,1,Determined upon crew arrival,In Progres,OUTAGE,Single Customer,CAN,NORMAL,42.44743,-82.97758
SW26021902107,2026-02-19T23:45:42Z,2026-02-19T23:45:42Z,1,2026-02-19T18:40:41Z,2026-02-20T03:35:00Z,1,1,Determined upon crew arrival,New,OUTAGE,Single Customer,ANN,NORMAL,42.29525,-83.8302
SW26021902127,2026-02-19T23:45:42Z,2026-02-19T23:45:42Z,1,2026-02-19T20:32:12Z,2026-02-20T03:45:00Z,1,1,Determined upon crew arrival,In Progres,OUTAGE,Single Customer,WWS,NORMAL,42.30722,-83.31928
NE26021902182,2026-02-20T02:10:46Z,2026-02-20T15:53:36Z,15,2026-02-19T23:58:47Z,2026-02-20T16:30:00Z,1,1,Equipment problem,In Progres,OUTAGE,Single Customer,MTC,NORMAL,42.67535,-82.65575
NE26021902197,2026-02-20T02:10:46Z,2026-02-20T15:53:36Z,15,2026-02-20T00:32:11Z,2026-02-20T17:00:00Z,1,1,Equipment problem,In Progres,OUTAGE,Single Customer,MTC,NORMAL,42.4602,-82.95328
NE26021902218,2026-02-20T02:10:46Z,2026-02-20T16:40:54Z,16,2026-02-20T01:10:50Z,2026-02-20T17:40:00Z,1,1,Equipment problem,In Progres,OUTAGE,Single Customer,MTC,NORMAL,42.45485,-83.07301
NE26021902235,2026-02-20T02:10:46Z,2026-02-20T04:23:18Z,2,2026-02-20T01:33:13Z,2026-02-20T06:05:00Z,187,187,Equipment problem,In Progres,OUTAGE,Device (II),MTC,NORMAL,42.51065,-83.01797
NE26021902237,2026-02-20T02:10:46Z,2026-02-20T02:10:46Z,1,2026-02-20T01:33:34Z,2026-02-20T06:10:00Z,18,18,Determined upon crew arrival,PC3 Verifi,OUTAGE,Service Transformer,MTC,NORMAL,42.51245,-83.0172
NW26021902156,2026-02-20T02:10:46Z,2026-02-20T02:10:46Z,1,2026-02-18T17:34:04Z,2026-02-20T04:10:00Z,1,1,Determined upon crew arrival,New,OUTAGE,Single Customer,PON,NORMAL,42.56346,-83.29025
NW26021902172,2026-02-20T02:10:46Z,2026-02-20T02:10:46Z,1,2026-02-19T23:48:05Z,2026-02-20T04:20:00Z,1,1,Determined upon crew arrival,In Progres,SERVICE DOWN NO,,PON,NORMAL,42.69107,-83.41234
NW26021902227,2026-02-20T02:10:46Z,2026-02-20T02:10:46Z,1,2026-02-20T01:20:15Z,2026-02-20T05:55:00Z,9,9,Determined upon crew arrival,In Progres,OUTAGE,Service Transformer,PON,NORMAL,42.73216,-83.23398
NW26021902236,2026-02-20T02:10:46Z,2026-02-20T02:10:46Z,1,2026-02-19T15:25:16Z,2026-02-20T06:10:00Z,40,40,Determined upon crew arrival,In Progres,OUTAGE,Service Transformer,PON,NORMAL,42.52352,-83.52331
SE26021902169,2026-02-20T02:10:46Z,2026-02-20T16:40:54Z,16,2026-02-19T23:46:41Z,2026-02-21T04:15:00Z,1,1,Equipment problem,In Progres,OUTAGE,Single Customer,RFD,NORMAL,42.23541,-83.20964
SE26021902173,2026-02-20T02:10:46Z,2026-02-20T21:56:56Z,24,2026-02-19T23:46:08Z,2026-02-21T04:20:00Z,1,1,Determined upon crew arrival,In Progres,SERVICE DOWN NO,,RFD,NORMAL,42.44032,-83.18858
SE26021902186,2026-02-20T02:10:46Z,2026-02-20T19:05:58Z,19,2026-02-19T23:41:54Z,2026-02-21T04:40:00Z,1,1,Equipment problem,In Progres,OUTAGE,Single Customer,RFD,NORMAL,42.45175,-83.31406
SE26021902196,2026-02-20T02:10:46Z,2026-02-20T16:40:54Z,16,2026-02-20T00:26:40Z,2026-02-20T16:55:00Z,1,1,Equipment problem,In Progres,OUTAGE,Single Customer,RFD,NORMAL,42.27155,-83.12994
SE26021902198,2026-02-20T02:10:46Z,2026-02-20T15:08:21Z,14,2026-02-20T00:32:50Z,2026-02-20T17:05:00Z,1,1,Equipment problem,In Progres,OUTAGE,Single Customer,RFD,NORMAL,42.37023,-83.28809
SE26021902203,2026-02-20T02:10:46Z,2026-02-20T17:23:43Z,17,2026-02-20T00:43:16Z,2026-02-20T17:15:00Z,1,1,Equipment problem,In Progres,OUTAGE,Single Customer,RFD,NORMAL,42.21499,-83.18744
SE26021902206,2026-02-20T02:10:46Z,2026-02-20T05:35:55Z,3,2026-02-19T17:27:11Z,2026-02-20T17:15:00Z,1,1,Determined upon crew arrival,In Progres,OUTAGE,Single Customer,RFD,NORMAL,42.42441,-83.18423
SE26021902208,2026-02-20T02:10:46Z,2026-02-20T15:08:21Z,14,2026-02-20T00:55:23Z,2026-02-20T17:25:00Z,1,1,Determined upon crew arrival,In Progres,OUTAGE,Single Customer,RFD,NORMAL,42.37302,-83.15575
SE26021902228,2026-02-20T02:10:46Z,2026-02-21T00:00:41Z,28,2026-02-20T01:24:37Z,2026-02-21T05:55:00Z,1,1,Equipment problem,In Progres,OUTAGE,Single Customer,RFD,NORMAL,42.38123,-83.21047
SE26021902247,2026-02-20T02:10:46Z,2026-02-20T15:53:36Z,15,2026-02-20T01:55:29Z,2026-02-20T18:25:00Z,1,1,Equipment problem,In Progres,OUTAGE,Single Customer,RFD,NORMAL,42.47873,-83.13019
SE26021902249,2026-02-20T02:10:46Z,2026-02-20T02:10:46Z,1,2026-02-19T14:15:29Z,,1,1,Determined upon crew arrival,New,OUTAGE,Single Customer,RFD,NORMAL,42.33217,-83.23782
SW26021902152,2026-02-20T02:10:46Z,2026-02-20T04:23:18Z,2,2026-02-19T23:32:17Z,2026-02-20T16:00:00Z,1,1,Determined upon crew arrival,In Progres,OUTAGE,Single Customer,WWS,NORMAL,42.38193,-83.3605
SW26021902178,2026-02-20T02:10:46Z,2026-02-20T02:10:46Z,1,2026-02-19T23:52:15Z,2026-02-20T04:20:00Z,1,1,Determined upon crew arrival,In Progres,OUTAGE,Single Customer,WWS,NORMAL,42.50963,-83.50622
SW26021902216,2026-02-20T02:10:46Z,2026-02-20T04:23:18Z,2,2026-02-20T01:10:01Z,2026-02-20T05:40:00Z,1,1,Determined upon crew arrival,In Progres,OUTAGE,Single Customer,WWS,NORMAL,42.19364,-83.30185
SW26021902246,2026-02-20T02:10:46Z,2026-02-20T02:10:46Z,1,2026-02-19T18:40:41Z,2026-02-20T06:25:00Z,1,1,Determined upon crew arrival,New,OUTAGE,Single Customer,ANN,NORMAL,42.29525,-83.8302
NE26021902271,2026-02-20T04:23:18Z,2026-02-20T04:23:18Z,1,2026-02-20T02:44:45Z,2026-02-20T07:15:00Z,214,214,Equipment problem,In Progres,OUTAGE,Device (II),MTC,NORMAL,42.52589,-82.94323
NE26021902297,2026-02-20T04:23:18Z,2026-02-20T05:35:55Z,2,2026-02-20T03:13:53Z,2026-02-20T08:05:00Z,1,1,Determined upon crew arrival,New,OUTAGE,Single Customer,MTC,NORMAL,42.57723,-82.96608
NE26021902303,2026-02-20T04:23:18Z,2026-02-20T14:26:08Z,12,2026-02-20T03:36:13Z,2026-02-20T20:30:00Z,1,1,Determined upon crew arrival,In Progres,OUTAGE,Single Customer,MTC,NORMAL,42.62519,-82.96483
NE26021902305,2026-02-20T04:23:18Z,2026-02-20T04:23:18Z,1,2026-02-20T04:05:21Z,2026-02-20T08:35:00Z,2,2,Equipment problem,In Progres,OUTAGE,Service Transformer,MAR,NORMAL,42.95555,-82.84817
NE26021902306,2026-02-20T04:23:18Z,2026-02-20T05:35:55Z,2,2026-02-20T04:03:18Z,2026-02-20T08:35:00Z,105,105,Determined upon crew arrival,In Progres,OUTAGE,Device (II),MAR,NORMAL,42.95487,-82.85134
NE26021902307,2026-02-20T04:23:18Z,2026-02-20T04:23:18Z,1,2026-02-20T04:12:03Z,,1,1,Determined upon crew arrival,In Progres,OUTAGE,Single Customer,MAR,NORMAL,42.95406,-82.84759
NW26021902259,2026-02-20T04:23:18Z,2026-02-20T06:35:20Z,3,2026-02-19T20:38:05Z,2026-02-20T06:40:00Z,1,1,Equipment problem,In Progres,OUTAGE,Single Customer,SBY,NORMAL,42.68093,-83.14234
SE26021902289,2026-02-20T04:23:18Z,2026-02-20T06:35:20Z,3,2026-02-19T19:19:39Z,2026-02-20T07:45:00Z,1,1,Determined upon crew arrival,In Progres,SERVICE DOWN NO,,RFD,NORMAL,42.52764,-83.14867
SW26021902276,2026-02-20T04:23:18Z,2026-02-20T06:35:20Z,3,2026-02-20T02:54:27Z,2026-02-20T07:25:00Z,1,1,Determined upon crew arrival,In Progres,PRIORITY,,WWS,NORMAL,42.3212,-83.45924
SW26021902284,2026-02-20T04:23:18Z,2026-02-20T18:02:53Z,17,2026-02-20T02:58:53Z,2026-02-20T19:35:00Z,1,1,Equipment problem,In Progres,OUTAGE,Single Customer,NPT,NORMAL,42.03241,-83.69565
SW26021902286,2026-02-20T04:23:18Z,2026-02-20T05:35:55Z,2,2026-02-20T03:10:49Z,2026-02-20T07:40:00Z,2,2,Determined upon crew arrival,In Progres,OUTAGE,Service Secondary,WWS,NORMAL,42.38439,-83.3366
NE26022000013,2026-02-20T05:35:55Z,2026-02-20T05:35:55Z,1,2026-02-20T05:09:58Z,2026-02-20T09:55:00Z,2,2,Determined upon crew arrival,New,OUTAGE,Service Transformer,MTC,NORMAL,42.61062,-82.5765
NW26022000010,2026-02-20T05:35:55Z,2026-02-20T15:53:36Z,13,2026-02-20T05:18:06Z,2026-02-20T17:50:00Z,2,2,Equipment problem,In Progres,OUTAGE,Service Transformer,HWL,NORMAL,42.59205,-83.70972
SE26022000011,2026-02-20T05:35:55Z,2026-02-20T09:06:04Z,5,2026-02-20T05:22:29Z,2026-02-20T09:55:00Z,22,22,Determined upon crew arrival,In Progres,OUTAGE,Service Transformer,RFD,NORMAL,42.3206,-83.18689
SE26022000012,2026-02-20T05:35:55Z,2026-02-20T19:48:12Z,18,2026-02-20T05:19:32Z,2026-02-20T21:55:00Z,1,1,Equipment problem,In Progres,OUTAGE,Single Customer,RFD,NORMAL,42.22647,-83.19345
SE26022000017,2026-02-20T06:35:20Z,2026-02-20T15:53:36Z,12,2026-02-20T05:24:36Z,2026-02-20T22:10:00Z,1,1,Equipment problem,In Progres,SERVICE DOWN NO,,RFD,NORMAL,42.22647,-83.19345
SE26022000022,2026-02-20T07:37:03Z,2026-02-20T15:08:21Z,10,2026-02-20T06:38:41Z,2026-02-20T23:15:00Z,1,1,Equipment problem,In Progres,OUTAGE,Single Customer,CAN,NORMAL,42.37093,-82.93176
SE26022000028,2026-02-20T07:37:03Z,2026-02-20T19:48:12Z,16,2026-02-20T07:16:54Z,2026-02-20T23:45:00Z,1,1,Equipment problem,In Progres,OUTAGE,Single Customer,RFD,NORMAL,42.24138,-83.20608
SW26022000034,2026-02-20T09:58:11Z,2026-02-20T09:58:11Z,1,2026-02-20T09:03:31Z,2026-02-20T13:35:00Z,193,193,Determined upon crew arrival,In Progres,OUTAGE,Device (I),WWS,NORMAL,42.31798,-83.4756
NW26022000047,2026-02-20T11:33:26Z,2026-02-21T11:57:44Z,34,2026-02-20T11:12:41Z,2026-02-21T11:45:00Z,1,1,Determined upon crew arrival,In Progres,PRIORITY,,SBY,NORMAL,42.62482,-83.09551
NW26022000053,2026-02-20T12:01:11Z,2026-02-20T15:53:36Z,5,2026-02-20T07:51:45Z,2026-02-20T15:50:00Z,1,1,Determined upon crew arrival,In Progres,OUTAGE,Single Customer,SBY,NORMAL,42.63118,-83.02596
SE26022000054,2026-02-20T12:01:11Z,2026-02-20T12:01:11Z,1,2026-02-20T11:30:12Z,2026-02-20T16:00:00Z,1,1,Determined upon crew arrival,New,OUTAGE,Single Customer,CAN,NORMAL,42.321,-83.10174
NE26022000059,2026-02-20T13:33:22Z,2026-02-20T13:33:22Z,1,2026-02-20T11:04:41Z,2026-02-20T16:35:00Z,1,1,Determined upon crew arrival,In Progres,OUTAGE,Single Customer,LAP,NORMAL,43.03639,-83.31622
NE26022000080,2026-02-20T13:33:22Z,2026-02-20T16:40:54Z,5,2026-02-20T12:31:02Z,2026-02-20T17:00:00Z,1,1,Equipment problem,In Progres,OUTAGE,Single Customer,MAR,NORMAL,43.00783,-82.55376
NW26022000084,2026-02-20T13:33:22Z,2026-02-20T15:08:21Z,3,2026-02-20T12:19:22Z,2026-02-20T17:05:00Z,144,144,Determined upon crew arrival,In Progres,OUTAGE,Device (II),HWL,NORMAL,42.41743,-83.95723
NW26022000096,2026-02-20T13:33:22Z,2026-02-20T16:40:54Z,5,2026-02-20T12:42:49Z,2026-02-20T17:15:00Z,1,1,Equipment problem,In Progres,OUTAGE,Single Customer,HWL,NORMAL,42.45907,-83.85223
NW26022000097,2026-02-20T13:33:22Z,2026-02-20T19:48:12Z,9,2026-02-20T12:43:54Z,2026-02-21T05:15:00Z,1,1,Equipment problem,Pending,OUTAGE,Single Customer,PON,NORMAL,42.57737,-83.24356
SE26022000058,2026-02-20T13:33:22Z,2026-02-20T15:08:21Z,3,2026-02-20T12:02:38Z,2026-02-20T16:35:00Z,1,1,Equipment problem,In Progres,OUTAGE,Single Customer,RFD,NORMAL,42.24424,-83.19976
SE26022000062,2026-02-20T13:33:22Z,2026-02-20T17:23:43Z,6,2026-02-20T04:35:44Z,2026-02-21T04:45:00Z,1,1,Equipment problem,In Progres,OUTAGE,Single Customer,RFD,NORMAL,42.28818,-83.25551
SE26022000079,2026-02-20T13:33:22Z,2026-02-20T15:08:21Z,3,2026-02-20T12:31:00Z,2026-02-20T17:00:00Z,1,1,Determined upon crew arrival,In Progres,OUTAGE,Single Customer,RFD,NORMAL,42.25211,-83.19607
SE26022000082,2026-02-20T13:33:22Z,2026-02-20T21:34:35Z,12,2026-02-20T11:30:12Z,2026-02-21T05:05:00Z,1,1,Determined upon crew arrival,In Progres,SERVICE DOWN NO,,CAN,NORMAL,42.321,-83.10174
SE26022000103,2026-02-20T13:33:22Z,2026-02-20T17:23:43Z,6,2026-02-20T10:45:29Z,2026-02-20T17:20:00Z,1,1,Determined upon crew arrival,In Progres,SERVICE DOWN NO,,RFD,NORMAL,42.28812,-83.18434
SE26022000106,2026-02-20T13:33:22Z,2026-02-20T16:40:54Z,5,2026-02-20T12:53:39Z,2026-02-20T17:25:00Z,1,1,Equipment problem,In Progres,OUTAGE,Single Customer,RFD,NORMAL,42.51657,-83.13021
SE26022000121,2026-02-20T13:33:22Z,2026-02-20T13:33:22Z,1,2026-02-20T13:08:22Z,2026-02-20T17:40:00Z,1,1,Determined upon crew arrival,New,OUTAGE,Single Customer,RFD,NORMAL,42.52655,-83.19343
SW26022000064,2026-02-20T13:33:22Z,2026-02-20T16:40:54Z,5,2026-02-20T12:20:56Z,2026-02-20T16:50:00Z,1,1,Equipment problem,In Progres,OUTAGE,Single Customer,WWS,NORMAL,42.23028,-83.23101
SW26022000095,2026-02-20T13:33:22Z,2026-02-20T19:48:12Z,9,2026-02-20T12:01:53Z,2026-02-20T21:15:00Z,1657,1430,Wind damage,In Progres,OUTAGE,Device (II),WWS,NORMAL,42.29332,-83.37535
SW26022000098,2026-02-20T13:33:22Z,2026-02-20T15:08:21Z,3,2026-02-20T12:46:27Z,2026-02-20T17:15:00Z,1,1,Determined upon crew arrival,In Progres,PRIORITY,,ANN,NORMAL,42.41106,-83.95736
SW26022000118,2026-02-20T13:33:22Z,2026-02-20T15:08:21Z,3,2026-02-20T13:07:44Z,2026-02-20T17:40:00Z,397,397,Equipment problem,In Progres,OUTAGE,Circuit Level,ANN,NORMAL,42.34191,-83.59298
SW26022000119,2026-02-20T13:33:22Z,2026-02-20T13:33:22Z,1,2026-02-20T13:08:09Z,2026-02-20T17:40:00Z,1,1,Determined upon crew arrival,New,OUTAGE,Single Customer,ANN,NORMAL,42.33856,-83.57441
SW26022000122,2026-02-20T13:33:22Z,2026-02-20T13:33:22Z,1,2026-02-20T13:08:54Z,2026-02-20T17:40:00Z,7,7,Determined upon crew arrival,New,OUTAGE,Device (I),ANN,NORMAL,42.31719,-83.60864
SW26022000124,2026-02-20T13:33:22Z,2026-02-20T13:33:22Z,1,2026-02-20T13:09:57Z,2026-02-20T17:40:00Z,1,1,Determined upon crew arrival,New,OUTAGE,Single Customer,ANN,NORMAL,42.33856,-83.56625
SW26022000125,2026-02-20T13:33:22Z,2026-02-20T13:33:22Z,1,2026-02-20T13:09:59Z,2026-02-20T17:40:00Z,1,1,Determined upon crew arrival,New,OUTAGE,Single Customer,ANN,NORMAL,42.32487,-83.6022
SW26022000126,2026-02-20T13:33:22Z,2026-02-20T13:33:22Z,1,2026-02-20T13:10:06Z,2026-02-20T17:40:00Z,1,1,Determined upon crew arrival,New,OUTAGE,Single Customer,ANN,NORMAL,42.30933,-83.60328
SW26022000128,2026-02-20T13:33:22Z,2026-02-20T13:33:22Z,1,2026-02-20T13:10:40Z,2026-02-20T17:40:00Z,2,2,Determined upon crew arrival,New,OUTAGE,Service Transformer,ANN,NORMAL,42.35409,-83.56867
SW26022000129,2026-02-20T13:33:22Z,2026-02-20T13:33:22Z,1,2026-02-20T13:10:42Z,2026-02-20T17:40:00Z,1,1,Determined upon crew arrival,New,OUTAGE,Single Customer,ANN,NORMAL,42.33789,-83.586
SW26022000130,2026-02-20T13:33:22Z,2026-02-20T13:33:22Z,1,2026-02-20T13:10:55Z,2026-02-20T17:40:00Z,1,1,Determined upon crew arrival,New,OUTAGE,Single Customer,ANN,NORMAL,42.33935,-83.57201
SW26022000131,2026-02-20T13:33:22Z,2026-02-20T13:33:22Z,1,2026-02-20T13:11:08Z,2026-02-20T17:40:00Z,1,1,Determined upon crew arrival,New,OUTAGE,Single Customer,ANN,NORMAL,42.3264,-83.60621
SW26022000132,2026-02-20T13:33:22Z,2026-02-20T13:33:22Z,1,2026-02-20T13:11:09Z,2026-02-20T17:40:00Z,1,1,Determined upon crew arrival,New,OUTAGE,Single Customer,ANN,NORMAL,42.33527,-83.60647
SW26022000133,2026-02-20T13:33:22Z,2026-02-20T13:33:22Z,1,2026-02-20T13:11:15Z,2026-02-20T17:40:00Z,1,1,Determined upon crew arrival,New,OUTAGE,Single Customer,ANN,NORMAL,42.33652,-83.56684
SW26022000135,2026-02-20T13:33:22Z,2026-02-20T13:33:22Z,1,2026-02-20T13:11:24Z,2026-02-20T17:40:00Z,1,1,Determined upon crew arrival,New,OUTAGE,Single Customer,ANN,NORMAL,42.33603,-83.56731
SW26022000136,2026-02-20T13:33:22Z,2026-02-20T13:33:22Z,1,2026-02-20T13:11:36Z,2026-02-20T17:40:00Z,6,6,Determined upon crew arrival,New,OUTAGE,Service Transformer,ANN,NORMAL,42.30509,-83.60449
SW26022000137,2026-02-20T13:33:22Z,2026-02-20T13:33:22Z,1,2026-02-20T13:11:33Z,2026-02-20T17:40:00Z,1,1,Determined upon crew arrival,New,OUTAGE,Single Customer,ANN,NORMAL,42.34384,-83.5611
SW26022000139,2026-02-20T13:33:22Z,2026-02-20T13:33:22Z,1,2026-02-20T13:12:11Z,,1,1,Determined upon crew arrival,New,OUTAGE,Single Customer,ANN,NORMAL,42.32166,-83.60667
SW26022000140,2026-02-20T13:33:22Z,2026-02-20T13:33:22Z,1,2026-02-20T13:12:57Z,,1,1,Determined upon crew arrival,New,OUTAGE,Single Customer,ANN,NORMAL,42.35088,-83.5644
SW26022000141,2026-02-20T13:33:22Z,2026-02-20T13:33:22Z,1,2026-02-20T13:13:06Z,,1,1,Determined upon crew arrival,New,OUTAGE,Single Customer,ANN,NORMAL,42.31066,-83.60312
SW26022000142,2026-02-20T13:33:22Z,2026-02-20T15:53:36Z,4,2026-02-20T13:13:29Z,2026-02-20T17:45:00Z,11,11,Equipment problem,In Progres,OUTAGE,Service Transformer,WWS,NORMAL,42.27613,-83.32177
SW26022000143,2026-02-20T13:33:22Z,2026-02-20T13:33:22Z,1,2026-02-20T13:13:35Z,,1,1,Determined upon crew arrival,New,OUTAGE,Single Customer,ANN,NORMAL,42.35856,-83.56875
SW26022000144,2026-02-20T13:33:22Z,2026-02-20T13:33:22Z,1,2026-02-20T13:13:35Z,,1,1,Determined upon crew arrival,New,OUTAGE,Single Customer,ANN,NORMAL,42.35182,-83.56653
SW26022000145,2026-02-20T13:33:22Z,2026-02-20T13:33:22Z,1,2026-02-20T13:13:57Z,,1,1,Determined upon crew arrival,New,OUTAGE,Single Customer,ANN,NORMAL,42.30807,-83.60464
SW26022000146,2026-02-20T13:33:22Z,2026-02-20T13:33:22Z,1,2026-02-20T13:14:15Z,,7,7,Determined upon crew arrival,New,OUTAGE,Service Transformer,ANN,NORMAL,42.32413,-83.61004
SW26022000147,2026-02-20T13:33:22Z,2026-02-20T13:33:22Z,1,2026-02-20T13:14:21Z,,1,1,Determined upon crew arrival,New,OUTAGE,Single Customer,ANN,NORMAL,42.3578,-83.56665
SW26022000148,2026-02-20T13:33:22Z,2026-02-20T13:33:22Z,1,2026-02-20T13:15:02Z,,1,1,Determined upon crew arrival,New,OUTAGE,Single Customer,ANN,NORMAL,42.32981,-83.61549
NE26022000242,2026-02-20T14:26:08Z,2026-02-20T15:53:36Z,3,2026-02-20T14:14:07Z,2026-02-20T18:45:00Z,1,1,Determined upon crew arrival,In Progres,OUTAGE,Single Customer,MAR,NORMAL,42.98165,-82.4374
NW26022000169,2026-02-20T14:26:08Z,2026-02-20T20:59:45Z,10,2026-02-20T13:16:08Z,2026-02-21T05:50:00Z,1,1,Equipment problem,In Progres,OUTAGE,Single Customer,PON,NORMAL,42.62156,-83.23946
NW26022000238,2026-02-20T14:26:08Z,2026-02-20T16:40:54Z,4,2026-02-20T14:11:22Z,2026-02-20T18:40:00Z,1,1,Equipment problem,In Progres,OUTAGE,Single Customer,SBY,NORMAL,42.54818,-83.05355
SE26022000216,2026-02-20T14:26:08Z,2026-02-20T14:26:08Z,1,2026-02-19T14:03:15Z,2026-02-20T18:20:00Z,1,1,Determined upon crew arrival,In Progres,OUTAGE,Single Customer,RFD,NORMAL,42.28801,-83.18706
SE26022000224,2026-02-20T14:26:08Z,2026-02-20T15:08:21Z,2,2026-02-20T13:17:19Z,2026-02-20T18:30:00Z,18,18,Determined upon crew arrival,In Progres,OUTAGE,Service Transformer,RFD,NORMAL,42.46085,-83.14672
SE26022000233,2026-02-20T14:26:08Z,2026-02-21T00:00:41Z,16,2026-02-20T14:06:37Z,2026-02-21T06:35:00Z,1,1,Wind damage,In Progres,SERVICE DOWN NO,,RFD,NORMAL,42.24594,-83.1991
SE26022000234,2026-02-20T14:26:08Z,2026-02-21T02:48:06Z,17,2026-02-20T14:06:46Z,2026-02-21T06:35:00Z,1,1,Equipment problem,In Progres,OUTAGE,Single Customer,RFD,NORMAL,42.33197,-83.18249
SE26022000239,2026-02-20T14:26:08Z,2026-02-20T15:08:21Z,2,2026-02-20T14:05:46Z,2026-02-20T18:40:00Z,1,1,Determined upon crew arrival,In Progres,OUTAGE,Single Customer,CAN,NORMAL,42.41321,-83.10102
SE26022000241,2026-02-20T14:26:08Z,2026-02-20T14:26:08Z,1,2026-02-20T14:05:04Z,,1,1,Determined upon crew arrival,New,OUTAGE,Single Customer,RFD,NORMAL,42.39529,-83.20641
SW26022000194,2026-02-20T14:26:08Z,2026-02-20T15:53:36Z,3,2026-02-20T13:25:36Z,2026-02-20T17:55:00Z,1,1,Determined upon crew arrival,In Progres,PRIORITY,,ANN,NORMAL,42.3479,-83.55843
SW26022000202,2026-02-20T14:26:08Z,2026-02-20T15:08:21Z,2,2026-02-20T13:28:21Z,2026-02-20T18:00:00Z,1,1,Equipment problem,In Progres,OUTAGE,Single Customer,ANN,NORMAL,42.22868,-83.64296
SW26022000211,2026-02-20T14:26:08Z,2026-02-20T15:08:21Z,2,2026-02-20T13:40:28Z,2026-02-20T18:10:00Z,1,1,Determined upon crew arrival,In Progres,OUTAGE,Service Secondary,WWS,NORMAL,42.32475,-83.41255
SW26022000214,2026-02-20T14:26:08Z,2026-02-20T15:08:21Z,2,2026-02-20T13:43:57Z,2026-02-20T18:15:00Z,3,3,Determined upon crew arrival,In Progres,OUTAGE,Service Transformer,WWS,NORMAL,42.32475,-83.41255
SW26022000220,2026-02-20T14:26:08Z,2026-02-20T15:53:36Z,3,2026-02-20T13:45:45Z,2026-02-20T18:25:00Z,5,5,Determined upon crew arrival,In Progres,OUTAGE,Device (I),NPT,NORMAL,41.89029,-83.74479
SW26022000228,2026-02-20T14:26:08Z,2026-02-20T14:26:08Z,1,2026-02-20T14:04:12Z,2026-02-20T18:35:00Z,1,1,Determined upon crew arrival,In Progres,OUTAGE,Single Customer,NPT,NORMAL,41.89724,-83.73452
NE26022000265,2026-02-20T15:08:21Z,2026-02-20T18:02:53Z,5,2026-02-19T20:01:49Z,2026-02-20T19:00:00Z,1,1,Equipment problem,In Progres,OUTAGE,Single Customer,MTC,NORMAL,42.50381,-83.02327
NE26022000293,2026-02-20T15:08:21Z,2026-02-20T15:08:21Z,1,2026-02-20T14:45:34Z,2026-02-20T19:15:00Z,1,1,Determined upon crew arrival,In Progres,OUTAGE,Single Customer,MTC,NORMAL,42.54822,-82.86317
NE26022000299,2026-02-20T15:08:21Z,2026-02-20T17:23:43Z,4,2026-02-20T14:44:10Z,2026-02-20T19:20:00Z,12,12,Determined upon crew arrival,In Progres,OUTAGE,Service Transformer,MTC,NORMAL,42.51288,-82.97216
NW26022000250,2026-02-20T15:08:21Z,2026-02-20T16:40:54Z,3,2026-02-20T14:21:13Z,2026-02-20T18:50:00Z,1,1,Determined upon crew arrival,In Progres,OUTAGE,Single Customer,SBY,NORMAL,42.67387,-83.08292
NW26022000266,2026-02-20T15:08:21Z,2026-02-20T19:05:58Z,6,2026-02-20T14:25:14Z,2026-02-20T23:00:00Z,2,2,Wind damage,In Progres,OUTAGE,Service Transformer,HWL,NORMAL,42.54953,-83.66445
NW26022000272,2026-02-20T15:08:21Z,2026-02-20T15:08:21Z,1,2026-02-20T14:32:25Z,2026-02-20T19:05:00Z,7,7,Determined upon crew arrival,In Progres,OUTAGE,Service Transformer,HWL,NORMAL,42.65995,-84.07244
NW26022000276,2026-02-20T15:08:21Z,2026-02-20T16:40:54Z,3,2026-02-20T14:37:20Z,2026-02-20T19:05:00Z,1,1,Determined upon crew arrival,In Progres,OUTAGE,Single Customer,HWL,NORMAL,42.62289,-83.91054
NW26022000277,2026-02-20T15:08:21Z,2026-02-20T19:05:58Z,6,2026-02-20T14:37:45Z,2026-02-20T19:10:00Z,1,1,Determined upon crew arrival,In Progres,OUTAGE,Single Customer,HWL,NORMAL,42.54842,-83.81441
NW26022000279,2026-02-20T15:08:21Z,2026-02-20T20:34:07Z,8,2026-02-20T14:37:56Z,2026-02-21T07:10:00Z,1,1,Equipment problem,In Progres,OUTAGE,Single Customer,PON,NORMAL,42.6411,-83.30747
NW26022000282,2026-02-20T15:08:21Z,2026-02-20T16:40:54Z,3,2026-02-20T14:32:24Z,2026-02-20T19:10:00Z,26,26,Equipment problem,In Progres,OUTAGE,Service Transformer,HWL,NORMAL,42.66012,-84.07245
NW26022000283,2026-02-20T15:08:21Z,2026-02-20T15:08:21Z,1,2026-02-20T14:32:24Z,2026-02-20T19:10:00Z,5,5,Determined upon crew arrival,In Progres,OUTAGE,Service Transformer,HWL,NORMAL,42.66029,-84.07223
NW26022000295,2026-02-20T15:08:21Z,2026-02-20T15:53:36Z,2,2026-02-20T14:42:11Z,2026-02-20T19:15:00Z,15,15,Equipment problem,In Progres,OUTAGE,Service Transformer,SBY,NORMAL,42.71746,-83.03674
NW26022000296,2026-02-20T15:08:21Z,2026-02-20T18:02:53Z,5,2026-02-20T14:47:46Z,2026-02-20T19:20:00Z,1,1,Wind damage,In Progres,OUTAGE,Single Customer,HWL,NORMAL,42.59073,-84.11794
NW26022000303,2026-02-20T15:08:21Z,2026-02-20T15:08:21Z,1,2026-02-20T14:51:24Z,2026-02-20T19:20:00Z,1,1,Determined upon crew arrival,New,OUTAGE,Single Customer,SBY,NORMAL,42.71715,-83.03606
SE26022000245,2026-02-20T15:08:21Z,2026-02-20T19:48:12Z,7,2026-02-20T14:15:32Z,2026-02-21T06:45:00Z,1,1,Determined upon crew arrival,In Progres,OUTAGE,Single Customer,RFD,NORMAL,42.43474,-83.21123
SE26022000247,2026-02-20T15:08:21Z,2026-02-21T00:00:41Z,15,2026-02-20T14:16:03Z,2026-02-21T06:45:00Z,1,1,Equipment problem,In Progres,OUTAGE,Single Customer,RFD,NORMAL,42.2609,-83.19534
SE26022000256,2026-02-20T15:08:21Z,2026-02-21T00:00:41Z,15,2026-02-20T14:23:40Z,2026-02-21T06:55:00Z,1,1,Determined upon crew arrival,In Progres,OUTAGE,Single Customer,RFD,NORMAL,42.21735,-83.19147
SE26022000257,2026-02-20T15:08:21Z,2026-02-21T00:00:41Z,15,2026-02-20T14:20:34Z,2026-02-21T06:55:00Z,1,1,Determined upon crew arrival,In Progres,OUTAGE,Single Customer,RFD,NORMAL,42.4828,-83.21866
SE26022000267,2026-02-20T15:08:21Z,2026-02-20T23:02:07Z,13,2026-02-20T14:32:21Z,2026-02-21T07:00:00Z,1,1,Equipment problem,In Progres,OUTAGE,Single Customer,RFD,NORMAL,42.51541,-83.13387
SE26022000269,2026-02-20T15:08:21Z,2026-02-20T18:02:53Z,5,2026-02-20T14:33:37Z,2026-02-20T19:05:00Z,1,1,Determined upon crew arrival,In Progres,OUTAGE,Single Customer,CAN,NORMAL,42.40842,-82.92564
SE26022000291,2026-02-20T15:08:21Z,2026-02-20T15:08:21Z,1,2026-02-20T14:42:57Z,2026-02-20T19:15:00Z,1,1,Determined upon crew arrival,In Progres,OUTAGE,Single Customer,CAN,NORMAL,42.40794,-82.95481
SE26022000319,2026-02-20T15:08:21Z,2026-02-20T16:40:54Z,3,2026-02-20T14:59:05Z,2026-02-20T19:30:00Z,11,11,Determined upon crew arrival,In Progres,OUTAGE,Service Transformer,RFD,NORMAL,42.42011,-83.3081
SW26022000258,2026-02-20T15:08:21Z,2026-02-20T15:53:36Z,2,2026-02-20T14:25:32Z,2026-02-20T18:55:00Z,1,1,Determined upon crew arrival,In Progres,OUTAGE,Single Customer,WWS,NORMAL,42.21819,-83.27752
SW26022000268,2026-02-20T15:08:21Z,2026-02-20T15:53:36Z,2,2026-02-20T14:33:24Z,2026-02-20T19:05:00Z,1,1,Determined upon crew arrival,In Progres,OUTAGE,Single Customer,WWS,NORMAL,42.2175,-83.27732
SW26022000273,2026-02-20T15:08:21Z,2026-02-20T15:53:36Z,2,2026-02-20T14:35:24Z,2026-02-20T19:05:00Z,1,1,Determined upon crew arrival,In Progres,OUTAGE,Single Customer,WWS,NORMAL,42.44382,-83.33462
SW26022000292,2026-02-20T15:08:21Z,2026-02-20T15:53:36Z,2,2026-02-20T14:28:36Z,2026-02-20T19:15:00Z,2,2,Determined upon crew arrival,In Progres,OUTAGE,Service Transformer,WWS,NORMAL,42.42789,-83.3184
SW26022000311,2026-02-20T15:08:21Z,2026-02-20T15:08:21Z,1,2026-02-20T14:54:12Z,2026-02-20T19:25:00Z,1,1,Determined upon crew arrival,In Progres,OUTAGE,Single Customer,WWS,NORMAL,42.30153,-83.40031
SW26022000317,2026-02-20T15:08:21Z,2026-02-20T16:40:54Z,3,2026-02-20T14:57:39Z,2026-02-20T19:30:00Z,1,1,Determined upon crew arrival,In Progres,OUTAGE,Service Transformer,ANN,NORMAL,42.27915,-83.71531
NE26022000334,2026-02-20T15:53:36Z,2026-02-20T19:48:12Z,6,2026-02-20T15:06:43Z,2026-02-20T19:35:00Z,1,1,Animal/bird damaged DTE equip,In Progres,OUTAGE,Single Customer,LAP,NORMAL,43.18768,-83.26733
NE26022000359,2026-02-20T15:53:36Z,2026-02-20T19:48:12Z,6,2026-02-20T14:56:18Z,2026-02-20T19:50:00Z,3,3,Determined upon crew arrival,In Progres,OUTAGE,Device (II),MTC,NORMAL,42.48716,-82.97578
NE26022000372,2026-02-20T15:53:36Z,2026-02-20T16:40:54Z,2,2026-02-20T15:22:18Z,2026-02-20T19:55:00Z,26,26,Equipment problem,In Progres,OUTAGE,Device (I),MTC,NORMAL,42.50103,-82.89041
NE26022000383,2026-02-20T15:53:36Z,2026-02-20T17:23:43Z,3,2026-02-20T15:28:35Z,2026-02-20T20:00:00Z,15,15,Determined upon crew arrival,In Progres,OUTAGE,Service Transformer,MTC,NORMAL,42.45939,-83.01072
NE26022000392,2026-02-20T15:53:36Z,2026-02-20T18:02:53Z,4,2026-02-20T15:30:00Z,2026-02-20T20:00:00Z,13,13,Equipment problem,In Progres,OUTAGE,Service Transformer,NAE,NORMAL,43.70702,-82.93937
NE26022000421,2026-02-20T15:53:36Z,2026-02-20T15:53:36Z,1,2026-02-20T15:25:16Z,2026-02-20T20:10:00Z,3,3,Determined upon crew arrival,New,OUTAGE,Service Transformer,LAP,NORMAL,42.96803,-83.03717
NW26022000332,2026-02-20T15:53:36Z,2026-02-20T17:23:43Z,3,2026-02-20T15:01:37Z,2026-02-20T19:35:00Z,1,1,Equipment problem,In Progres,OUTAGE,Single Customer,PON,NORMAL,42.56362,-83.12985
NW26022000344,2026-02-20T15:53:36Z,2026-02-20T19:48:12Z,6,2026-02-20T15:07:16Z,2026-02-20T19:40:00Z,8,8,Wind damage,In Progres,OUTAGE,Device (I),HWL,NORMAL,42.45726,-83.60869
NW26022000354,2026-02-20T15:53:36Z,2026-02-20T19:05:58Z,5,2026-02-20T15:07:18Z,2026-02-20T19:45:00Z,1,1,Wind damage,In Progres,OUTAGE,Single Customer,HWL,NORMAL,42.46222,-83.60908
NW26022000360,2026-02-20T15:53:36Z,2026-02-20T15:53:36Z,1,2026-02-20T15:10:30Z,2026-02-20T19:50:00Z,28,28,Determined upon crew arrival,In Progres,OUTAGE,Device (I),PON,NORMAL,42.65228,-83.43687
NW26022000401,2026-02-20T15:53:36Z,2026-02-20T19:48:12Z,6,2026-02-20T15:33:05Z,2026-02-20T20:05:00Z,2,2,Wind damage,In Progres,OUTAGE,Service Transformer,PON,NORMAL,42.65706,-83.57658
NW26022000403,2026-02-20T15:53:36Z,2026-02-20T16:40:54Z,2,2026-02-20T15:32:59Z,2026-02-20T20:05:00Z,87,87,Wind damage,In Progres,OUTAGE,Device (II),PON,NORMAL,42.6155,-83.13246
NW26022000426,2026-02-20T15:53:36Z,2026-02-20T20:34:07Z,7,2026-02-20T15:41:21Z,2026-02-21T08:10:00Z,1,1,Wind damage,In Progres,OUTAGE,Single Customer,PON,NORMAL,42.7876,-83.23595
NW26022000428,2026-02-20T15:53:36Z,2026-02-20T19:05:58Z,5,2026-02-20T15:07:18Z,2026-02-20T20:10:00Z,1,1,Wind damage,In Progres,OUTAGE,Single Customer,HWL,NORMAL,42.46149,-83.61016
SE26022000324,2026-02-20T15:53:36Z,2026-02-21T00:00:41Z,14,2026-02-20T15:01:26Z,2026-02-21T07:30:00Z,1,1,Determined upon crew arrival,In Progres,OUTAGE,Single Customer,RFD,NORMAL,42.25114,-83.18205
SE26022000327,2026-02-20T15:53:36Z,2026-02-21T00:00:41Z,14,2026-02-20T14:51:12Z,2026-02-21T07:35:00Z,1,1,Determined upon crew arrival,In Progres,OUTAGE,Single Customer,CAN,NORMAL,42.43146,-83.07024
SE26022000328,2026-02-20T15:53:36Z,2026-02-20T19:05:58Z,5,2026-02-20T15:03:30Z,2026-02-20T19:35:00Z,19,19,Wind damage,In Progres,OUTAGE,Service Transformer,CAN,NORMAL,42.4444,-83.02635
SE26022000335,2026-02-20T15:53:36Z,2026-02-20T18:02:53Z,4,2026-02-20T15:07:39Z,2026-02-20T19:40:00Z,1,1,Determined upon crew arrival,PC3 Verifi,OUTAGE,Single Customer,RFD,NORMAL,42.50219,-83.20466
SE26022000339,2026-02-20T15:53:36Z,2026-02-20T15:53:36Z,1,2026-02-20T14:55:03Z,2026-02-20T19:40:00Z,3,3,Determined upon crew arrival,In Progres,OUTAGE,Service Transformer,RFD,NORMAL,42.34975,-83.15677
SE26022000348,2026-02-20T15:53:36Z,2026-02-20T16:40:54Z,2,2026-02-20T15:13:00Z,2026-02-20T19:45:00Z,2,2,Determined upon crew arrival,In Progres,OUTAGE,Service Secondary,CAN,NORMAL,42.44326,-83.02631
SE26022000356,2026-02-20T15:53:36Z,2026-02-20T18:02:53Z,4,2026-02-20T15:18:11Z,2026-02-20T19:50:00Z,19,19,Equipment problem,In Progres,OUTAGE,Service Transformer,RFD,NORMAL,42.34292,-83.14318
SE26022000357,2026-02-20T15:53:36Z,2026-02-20T18:02:53Z,4,2026-02-20T15:14:55Z,2026-02-20T19:50:00Z,1,1,Determined upon crew arrival,In Progres,OUTAGE,Single Customer,CAN,NORMAL,42.3498,-83.12213
SE26022000363,2026-02-20T15:53:36Z,2026-02-20T17:23:43Z,3,2026-02-20T15:14:56Z,2026-02-20T19:50:00Z,44,44,Equipment problem,In Progres,OUTAGE,Device (I),CAN,NORMAL,42.34653,-83.12372
SE26022000368,2026-02-20T15:53:36Z,2026-02-20T15:53:36Z,1,2026-02-20T15:22:07Z,2026-02-20T19:50:00Z,1,1,Determined upon crew arrival,In Progres,OUTAGE,Single Customer,CAN,NORMAL,42.43504,-83.00941
SE26022000382,2026-02-20T15:53:36Z,2026-02-20T20:59:45Z,8,2026-02-20T12:31:00Z,2026-02-21T08:00:00Z,1,1,Equipment problem,In Progres,SERVICE DOWN NO,,RFD,NORMAL,42.25211,-83.19607
SE26022000385,2026-02-20T15:53:36Z,2026-02-21T00:00:41Z,14,2026-02-20T15:00:13Z,2026-02-21T08:00:00Z,1,1,Determined upon crew arrival,In Progres,OUTAGE,Single Customer,RFD,NORMAL,42.49333,-83.24539
SE26022000409,2026-02-20T15:53:36Z,2026-02-20T18:02:53Z,4,2026-02-20T15:37:43Z,2026-02-20T20:10:00Z,1,1,Determined upon crew arrival,In Progres,OUTAGE,Single Customer,RFD,NORMAL,42.44141,-83.29553
SE26022000424,2026-02-20T15:53:36Z,2026-02-21T00:00:41Z,14,2026-02-20T15:40:52Z,2026-02-21T08:10:00Z,1,1,Wind damage,In Progres,OUTAGE,Single Customer,RFD,NORMAL,42.43086,-83.25283
SE26022000433,2026-02-20T15:53:36Z,2026-02-20T16:40:54Z,2,2026-02-20T15:43:33Z,2026-02-20T20:15:00Z,1,1,Wind damage,PC3 Verifi,OUTAGE,Single Customer,CAN,NORMAL,42.37398,-83.11604
SW26022000364,2026-02-20T15:53:36Z,2026-02-20T15:53:36Z,1,2026-02-20T15:16:24Z,2026-02-20T19:50:00Z,5,5,Determined upon crew arrival,In Progres,OUTAGE,Device (I),ANN,NORMAL,42.27923,-83.7143
SW26022000379,2026-02-20T15:53:36Z,2026-02-20T17:23:43Z,3,2026-02-20T15:24:20Z,2026-02-20T20:00:00Z,22,22,Wind damage,In Progres,OUTAGE,Device (I),NPT,NORMAL,41.97938,-83.76602
SW26022000387,2026-02-20T15:53:36Z,2026-02-20T20:34:07Z,7,2026-02-20T15:25:29Z,2026-02-21T08:00:00Z,1,1,Determined upon crew arrival,In Progres,OUTAGE,Single Customer,WWS,NORMAL,42.45734,-83.33588
SW26022000407,2026-02-20T15:53:36Z,2026-02-20T15:53:36Z,1,2026-02-20T15:36:39Z,2026-02-20T20:05:00Z,2,2,Wind damage,New,OUTAGE,Service Secondary,WWS,NORMAL,42.19257,-83.29883
SW26022000419,2026-02-20T15:53:36Z,2026-02-20T15:53:36Z,1,2026-02-20T15:24:31Z,2026-02-20T20:10:00Z,6,6,Determined upon crew arrival,New,OUTAGE,Service Transformer,ANN,NORMAL,42.25112,-83.76082
SW26022000422,2026-02-20T15:53:36Z,2026-02-20T21:56:56Z,10,2026-02-20T15:40:23Z,2026-02-21T08:10:00Z,1,1,Wind damage,In Progres,SERVICE DOWN NO,,WWS,NORMAL,42.48401,-83.37718
SW26022000432,2026-02-20T15:53:36Z,2026-02-20T17:23:43Z,3,2026-02-20T15:43:06Z,2026-02-20T20:15:00Z,1,1,Determined upon crew arrival,In Progres,OUTAGE,Service Secondary,WWS,NORMAL,42.32138,-83.39807
NE26022000436,2026-02-20T16:40:54Z,2026-02-20T18:02:53Z,3,2026-02-20T15:45:40Z,2026-02-20T20:15:00Z,2,2,Wind damage,In Progres,OUTAGE,Service Secondary,MTC,NORMAL,42.54966,-82.95998
NE26022000448,2026-02-20T16:40:54Z,2026-02-20T18:02:53Z,3,2026-02-20T15:48:15Z,2026-02-20T20:20:00Z,1,1,Wind damage,New,SERVICE DOWN NO,,MTC,NORMAL,42.53012,-83.00912
NE26022000451,2026-02-20T16:40:54Z,2026-02-20T16:40:54Z,1,2026-02-20T15:50:25Z,2026-02-20T20:20:00Z,2,2,Determined upon crew arrival,In Progres,OUTAGE,Service Secondary,MTC,NORMAL,42.47609,-82.94886
NE26022000472,2026-02-20T16:40:54Z,2026-02-20T20:34:07Z,6,2026-02-20T13:23:12Z,2026-02-21T00:35:00Z,1,1,Wind damage,In Progres,OUTAGE,Single Customer,MTC,NORMAL,42.51175,-82.92397
NE26022000483,2026-02-20T16:40:54Z,2026-02-20T17:23:43Z,2,2026-02-20T16:06:20Z,2026-02-21T00:40:00Z,1,1,Wind damage,PC3 Verifi,OUTAGE,Single Customer,MTC,NORMAL,42.5989,-82.5988
NE26022000504,2026-02-20T16:40:54Z,2026-02-20T16:40:54Z,1,2026-02-20T16:24:05Z,2026-02-21T00:55:00Z,1,1,Determined upon crew arrival,In Progres,OUTAGE,Single Customer,LAP,NORMAL,43.3012,-83.58229
NE26022000511,2026-02-20T16:40:54Z,2026-02-20T16:40:54Z,1,2026-02-20T16:28:30Z,,1,1,Determined upon crew arrival,New,OUTAGE,Single Customer,MTC,NORMAL,42.55114,-82.91687
NW26022000456,2026-02-20T16:40:54Z,2026-02-20T16:40:54Z,1,2026-02-20T15:52:58Z,2026-02-20T20:25:00Z,1,1,Wind damage,New,OUTAGE,Single Customer,PON,NORMAL,42.66446,-83.58343
NW26022000465,2026-02-20T16:40:54Z,2026-02-20T17:23:43Z,2,2026-02-20T15:58:32Z,2026-02-20T20:30:00Z,2,2,Wind damage,In Progres,OUTAGE,Service Secondary,SBY,NORMAL,42.67201,-83.03473
NW26022000476,2026-02-20T16:40:54Z,2026-02-21T00:00:41Z,13,2026-02-19T22:38:47Z,2026-02-21T00:35:00Z,1,1,Wind damage,In Progres,OUTAGE,Single Customer,PON,NORMAL,42.62359,-83.27245
NW26022000499,2026-02-20T16:40:54Z,2026-02-20T19:48:12Z,5,2026-02-20T16:21:16Z,2026-02-21T00:50:00Z,1,1,Wind damage,In Progres,OUTAGE,Single Customer,PON,NORMAL,42.79279,-83.23033
NW26022000509,2026-02-20T16:40:54Z,2026-02-20T19:05:58Z,4,2026-02-20T16:26:19Z,2026-02-21T00:55:00Z,1,1,Determined upon crew arrival,In Progres,OUTAGE,Single Customer,SBY,NORMAL,42.54668,-82.98207
SE26022000441,2026-02-20T16:40:54Z,2026-02-20T16:40:54Z,1,2026-02-20T15:47:24Z,2026-02-20T20:15:00Z,1,1,Determined upon crew arrival,In Progres,OUTAGE,Service Secondary,RFD,NORMAL,42.3864,-83.18781
SE26022000464,2026-02-20T16:40:54Z,2026-02-21T19:46:03Z,40,2026-02-20T15:58:20Z,2026-02-21T20:30:00Z,1,1,Wind damage,In Progres,OUTAGE,Single Customer,CAN,NORMAL,42.42999,-83.08694
SE26022000484,2026-02-20T16:40:54Z,2026-02-20T22:32:55Z,10,2026-02-20T07:30:17Z,2026-02-21T00:45:00Z,1,1,Wind damage,In Progres,SERVICE DOWN NO,,CAN,NORMAL,42.41282,-82.90693
SW26022000447,2026-02-20T16:40:54Z,2026-02-20T16:40:54Z,1,2026-02-20T15:49:24Z,2026-02-20T20:20:00Z,1,1,Determined upon crew arrival,In Progres,OUTAGE,Single Customer,WWS,NORMAL,42.30071,-83.39746
SW26022000495,2026-02-20T16:40:54Z,2026-02-20T17:23:43Z,2,2026-02-20T16:17:29Z,2026-02-21T00:50:00Z,15,15,Determined upon crew arrival,In Progres,OUTAGE,Service Transformer,WWS,NORMAL,42.34447,-83.35698
NE26022000514,2026-02-20T17:23:43Z,2026-02-21T00:00:41Z,12,2026-02-20T16:31:24Z,2026-02-21T01:00:00Z,1,1,Wind damage,In Progres,OUTAGE,Single Customer,MTC,NORMAL,42.47752,-83.06305
NE26022000522,2026-02-20T17:23:43Z,2026-02-20T19:48:12Z,4,2026-02-20T16:32:37Z,2026-02-21T01:05:00Z,13,13,Wind damage,In Progres,OUTAGE,Service Transformer,MTC,NORMAL,42.52966,-82.949
NE26022000577,2026-02-20T17:23:43Z,2026-02-21T00:00:41Z,12,2026-02-20T16:58:47Z,2026-02-21T01:30:00Z,1,1,Wind damage,In Progres,OUTAGE,Single Customer,MTC,NORMAL,42.47095,-82.98094
NE26022000606,2026-02-20T17:23:43Z,2026-02-20T20:34:07Z,5,2026-02-20T17:09:10Z,2026-02-21T01:40:00Z,1,1,Wind damage,In Progres,OUTAGE,Single Customer,MTC,NORMAL,42.47761,-82.90207
NE26022000627,2026-02-20T17:23:43Z,2026-02-20T18:02:53Z,2,2026-02-20T17:14:55Z,2026-02-21T01:45:00Z,1,1,Wind damage,In Progres,OUTAGE,Single Customer,MTC,NORMAL,42.5501,-82.95988
NW26022000526,2026-02-20T17:23:43Z,2026-02-20T18:02:53Z,2,2026-02-20T16:35:16Z,2026-02-21T01:05:00Z,11,11,Determined upon crew arrival,In Progres,OUTAGE,Service Transformer,HWL,NORMAL,42.56191,-83.79286
NW26022000565,2026-02-20T17:23:43Z,2026-02-20T19:48:12Z,4,2026-02-20T16:52:54Z,2026-02-21T01:25:00Z,1,1,Wind damage,In Progres,OUTAGE,Single Customer,PON,NORMAL,42.68351,-83.26053
NW26022000576,2026-02-20T17:23:43Z,2026-02-20T19:05:58Z,3,2026-02-20T16:45:32Z,2026-02-21T01:30:00Z,2,2,Wind damage,In Progres,OUTAGE,Service Transformer,PON,NORMAL,42.54684,-83.13977
NW26022000578,2026-02-20T17:23:43Z,2026-02-20T19:05:58Z,3,2026-02-20T16:59:11Z,2026-02-21T01:30:00Z,2,2,Wind damage,In Progres,OUTAGE,Service Secondary,PON,NORMAL,42.54797,-83.13947
SE26022000527,2026-02-20T17:23:43Z,2026-02-20T18:02:53Z,2,2026-02-20T16:35:50Z,2026-02-21T01:05:00Z,1,1,Wind damage,New,OUTAGE,Single Customer,RFD,NORMAL,42.35097,-83.23743
SE26022000543,2026-02-20T17:23:43Z,2026-02-21T00:00:41Z,12,2026-02-20T16:42:00Z,2026-02-21T01:10:00Z,1,1,Wind damage,In Progres,OUTAGE,Single Customer,CAN,NORMAL,42.44402,-82.96778
SE26022000563,2026-02-20T17:23:43Z,2026-02-20T18:02:53Z,2,2026-02-20T16:51:29Z,2026-02-21T01:20:00Z,1,1,Determined upon crew arrival,In Progres,OUTAGE,Single Customer,CAN,NORMAL,42.42802,-82.94775
SE26022000568,2026-02-20T17:23:43Z,2026-02-20T20:59:45Z,6,2026-02-20T16:53:57Z,2026-02-20T21:25:00Z,1,1,Wind damage,PC3 Verifi,OUTAGE,Single Customer,RFD,NORMAL,42.35424,-83.26843
SE26022000573,2026-02-20T17:23:43Z,2026-02-20T19:48:12Z,4,2026-02-20T16:55:27Z,2026-02-21T01:25:00Z,1,1,Wind damage,In Progres,OUTAGE,Single Customer,RFD,NORMAL,42.30284,-83.2567
SE26022000575,2026-02-20T17:23:43Z,2026-02-20T18:02:53Z,2,2026-02-20T16:55:54Z,2026-02-21T01:25:00Z,9,9,Wind damage,In Progres,OUTAGE,Service Transformer,RFD,NORMAL,42.30317,-83.25528
SE26022000602,2026-02-20T17:23:43Z,2026-02-20T18:02:53Z,2,2026-02-20T17:05:12Z,2026-02-21T01:40:00Z,17,17,Determined upon crew arrival,In Progres,OUTAGE,Service Transformer,CAN,NORMAL,42.44069,-83.00845
SE26022000607,2026-02-20T17:23:43Z,2026-02-20T17:23:43Z,1,2026-02-20T17:09:27Z,2026-02-21T01:40:00Z,1,1,Wind damage,New,OUTAGE,Single Customer,CAN,NORMAL,42.321,-83.10174
SE26022000613,2026-02-20T17:23:43Z,2026-02-20T17:23:43Z,1,2026-02-20T16:57:13Z,,7,7,Determined upon crew arrival,New,OUTAGE,Service Transformer,CAN,NORMAL,42.39902,-82.98837
SE26022000616,2026-02-20T17:23:43Z,2026-02-20T18:02:53Z,2,2026-02-20T15:43:33Z,2026-02-21T01:45:00Z,36,36,Wind damage,In Progres,OUTAGE,Service Transformer,CAN,NORMAL,42.37398,-83.11604
SE26022000617,2026-02-20T17:23:43Z,2026-02-20T18:02:53Z,2,2026-02-20T17:11:43Z,2026-02-21T01:45:00Z,393,393,Wind damage,In Progres,OUTAGE,Device (II),RFD,NORMAL,42.31978,-83.19185
SE26022000619,2026-02-20T17:23:43Z,2026-02-20T20:34:07Z,5,2026-02-20T17:13:22Z,2026-02-21T01:45:00Z,1,1,Determined upon crew arrival,In Progres,PRIORITY,,RFD,NORMAL,42.3176,-83.19233
SE26022000625,2026-02-20T17:23:43Z,2026-02-20T18:02:53Z,2,2026-02-20T15:59:59Z,2026-02-21T01:45:00Z,1,1,Wind damage,New,SERVICE DOWN NO,,RFD,NORMAL,42.4918,-83.11795
SE26022000626,2026-02-20T17:23:43Z,2026-02-20T17:23:43Z,1,2026-02-20T17:14:54Z,,1,1,Determined upon crew arrival,New,OUTAGE,Single Customer,CAN,NORMAL,42.37474,-83.11715
SW26022000548,2026-02-20T17:23:43Z,2026-02-20T18:02:53Z,2,2026-02-20T16:28:18Z,2026-02-21T01:15:00Z,5,5,Wind damage,In Progres,OUTAGE,Service Transformer,NPT,NORMAL,41.91863,-83.52862
SW26022000555,2026-02-20T17:23:43Z,2026-02-20T18:02:53Z,2,2026-02-20T12:26:35Z,2026-02-21T01:20:00Z,2,2,Wind damage,In Progres,OUTAGE,Service Secondary,ANN,NORMAL,42.41455,-83.95425
SW26022000558,2026-02-20T17:23:43Z,2026-02-20T19:48:12Z,4,2026-02-20T12:19:19Z,2026-02-21T01:20:00Z,144,144,Wind damage,In Progres,OUTAGE,Device (II),ANN,NORMAL,42.42392,-83.95696
SW26022000559,2026-02-20T17:23:43Z,2026-02-20T18:02:53Z,2,2026-02-20T16:49:48Z,2026-02-21T01:20:00Z,1,1,Wind damage,In Progres,OUTAGE,Single Customer,ANN,NORMAL,42.41336,-83.95744
SW26022000561,2026-02-20T17:23:43Z,2026-02-20T18:02:53Z,2,2026-02-20T12:30:05Z,2026-02-21T01:20:00Z,13,13,Wind damage,In Progres,OUTAGE,Service Transformer,ANN,NORMAL,42.41363,-83.95907
SW26022000571,2026-02-20T17:23:43Z,2026-02-20T18:02:53Z,2,2026-02-20T12:19:45Z,2026-02-21T01:25:00Z,2,2,Wind damage,In Progres,OUTAGE,Service Secondary,ANN,NORMAL,42.41494,-83.95208
SW26022000574,2026-02-20T17:23:43Z,2026-02-20T18:02:53Z,2,2026-02-20T12:19:45Z,2026-02-21T01:25:00Z,2,2,Wind damage,In Progres,OUTAGE,Service Secondary,ANN,NORMAL,42.42281,-83.95506
SW26022000592,2026-02-20T17:23:43Z,2026-02-20T18:02:53Z,2,2026-02-20T12:19:45Z,2026-02-21T01:30:00Z,2,2,Wind damage,In Progres,OUTAGE,Service Secondary,ANN,NORMAL,42.42324,-83.95582
SW26022000596,2026-02-20T17:23:43Z,2026-02-20T18:02:53Z,2,2026-02-20T12:19:45Z,2026-02-21T01:35:00Z,1,1,Wind damage,In Progres,OUTAGE,Single Customer,ANN,NORMAL,42.41625,-83.95365
SW26022000598,2026-02-20T17:23:43Z,2026-02-20T18:02:53Z,2,2026-02-20T17:04:51Z,2026-02-21T01:35:00Z,1,1,Wind damage,In Progres,OUTAGE,Single Customer,ANN,NORMAL,42.41553,-83.95372
SW26022000601,2026-02-20T17:23:43Z,2026-02-20T21:34:35Z,7,2026-02-20T17:05:37Z,2026-02-21T01:35:00Z,1,1,Wind damage,In Progres,OUTAGE,Single Customer,ANN,NORMAL,42.2669,-83.59202
SW26022000608,2026-02-20T17:23:43Z,2026-02-20T18:02:53Z,2,2026-02-20T17:09:44Z,2026-02-21T01:40:00Z,1,1,Wind damage,In Progres,OUTAGE,Single Customer,ANN,NORMAL,42.41343,-83.95619
SW26022000610,2026-02-20T17:23:43Z,2026-02-20T18:02:53Z,2,2026-02-20T12:19:45Z,2026-02-21T01:40:00Z,1,1,Wind damage,In Progres,OUTAGE,Single Customer,ANN,NORMAL,42.41106,-83.95736
SW26022000611,2026-02-20T17:23:43Z,2026-02-20T18:02:53Z,2,2026-02-20T12:43:59Z,2026-02-21T01:40:00Z,1,1,Wind damage,In Progres,OUTAGE,Single Customer,ANN,NORMAL,42.4241,-83.95849
NE26022000668,2026-02-20T18:02:53Z,2026-02-20T20:59:45Z,5,2026-02-20T17:27:08Z,2026-02-20T21:55:00Z,1,1,Wind damage,In Progres,OUTAGE,Single Customer,MAR,NORMAL,43.03315,-82.44152
NE26022000687,2026-02-20T18:02:53Z,2026-02-21T17:42:27Z,35,2026-02-20T17:33:47Z,2026-02-21T18:05:00Z,1,1,Equipment problem,In Progres,OUTAGE,Single Customer,MTC,NORMAL,42.5046,-83.08486
NW26022000651,2026-02-20T18:02:53Z,2026-02-20T19:05:58Z,2,2026-02-20T12:42:49Z,2026-02-21T01:50:00Z,1,1,Wind damage,New,OUTAGE,Single Customer,HWL,NORMAL,42.45907,-83.85223
NW26022000657,2026-02-20T18:02:53Z,2026-02-20T19:05:58Z,2,2026-02-20T17:23:38Z,2026-02-21T01:55:00Z,1,1,Wind damage,PC3 Verifi,OUTAGE,Single Customer,HWL,NORMAL,42.56106,-83.7934
NW26022000658,2026-02-20T18:02:53Z,2026-02-20T18:02:53Z,1,2026-02-20T17:24:12Z,2026-02-21T01:55:00Z,1,1,Determined upon crew arrival,In Progres,OUTAGE,Single Customer,HWL,NORMAL,42.55543,-83.76848
SE26022000643,2026-02-20T18:02:53Z,2026-02-21T17:42:27Z,35,2026-02-20T17:17:39Z,2026-02-21T17:50:00Z,1,1,Determined upon crew arrival,In Progres,OUTAGE,Single Customer,RFD,NORMAL,42.23182,-83.17501
SE26022000644,2026-02-20T18:02:53Z,2026-02-20T21:34:35Z,6,2026-02-20T17:09:27Z,2026-02-21T01:50:00Z,1,1,Wind damage,In Progres,SERVICE DOWN NO,,CAN,NORMAL,42.321,-83.10174
SE26022000652,2026-02-20T18:02:53Z,2026-02-20T23:02:07Z,9,2026-02-20T16:06:27Z,2026-02-21T01:50:00Z,1,1,Wind damage,In Progres,OUTAGE,Single Customer,RFD,NORMAL,42.52206,-83.31384
SE26022000661,2026-02-20T18:02:53Z,2026-02-21T00:00:41Z,11,2026-02-20T17:24:28Z,2026-02-21T01:55:00Z,1,1,Wind damage,In Progres,OUTAGE,Single Customer,RFD,NORMAL,42.43364,-83.18698
SE26022000695,2026-02-20T18:02:53Z,2026-02-21T17:01:52Z,34,2026-02-20T16:25:46Z,2026-02-21T18:05:00Z,1,1,Equipment problem,In Progres,OUTAGE,Single Customer,RFD,NORMAL,42.43725,-83.2036
SE26022000697,2026-02-20T18:02:53Z,2026-02-20T23:02:07Z,9,2026-02-20T17:38:21Z,2026-02-21T02:10:00Z,14,14,Wind damage,In Progres,OUTAGE,Service Transformer,CAN,NORMAL,42.37356,-83.03862
SE26022000702,2026-02-20T18:02:53Z,2026-02-20T18:02:53Z,1,2026-02-20T17:40:18Z,2026-02-21T02:10:00Z,1,1,Wind damage,New,OUTAGE,Single Customer,CAN,NORMAL,42.36631,-83.06974
SE26022000704,2026-02-20T18:02:53Z,2026-02-20T19:05:58Z,2,2026-02-20T17:40:51Z,2026-02-21T02:10:00Z,2,2,Determined upon crew arrival,In Progres,OUTAGE,Service Secondary,RFD,NORMAL,42.44099,-83.30377
SW26022000638,2026-02-20T18:02:53Z,2026-02-20T18:02:53Z,1,2026-02-20T17:16:38Z,2026-02-21T01:45:00Z,1,1,Wind damage,In Progres,OUTAGE,Single Customer,ANN,NORMAL,42.4128,-83.9584
SW26022000653,2026-02-20T18:02:53Z,2026-02-20T19:48:12Z,3,2026-02-20T17:22:31Z,2026-02-21T01:55:00Z,1,1,Determined upon crew arrival,In Progres,OUTAGE,Service Transformer,ANN,NORMAL,42.2787,-83.64094
SW26022000662,2026-02-20T18:02:53Z,2026-02-20T18:02:53Z,1,2026-02-20T17:19:19Z,2026-02-21T01:55:00Z,240,240,Wind damage,In Progres,OUTAGE,Device (II),NPT,NORMAL,41.86471,-83.658
SW26022000671,2026-02-20T18:02:53Z,2026-02-20T18:02:53Z,1,2026-02-20T17:28:02Z,2026-02-21T02:00:00Z,17,17,Determined upon crew arrival,In Progres,OUTAGE,Service Transformer,ANN,NORMAL,42.27928,-83.79001
SW26022000674,2026-02-20T18:02:53Z,2026-02-20T18:02:53Z,1,2026-02-20T12:19:20Z,2026-02-21T02:00:00Z,1,1,Wind damage,In Progres,OUTAGE,Single Customer,ANN,NORMAL,42.42287,-83.9626
SW26022000675,2026-02-20T18:02:53Z,2026-02-20T19:05:58Z,2,2026-02-20T17:28:54Z,2026-02-21T02:00:00Z,11,11,Determined upon crew arrival,In Progres,OUTAGE,Service Transformer,WWS,NORMAL,42.34122,-83.36483
SW26022000682,2026-02-20T18:02:53Z,2026-02-20T18:02:53Z,1,2026-02-20T17:31:11Z,2026-02-21T02:00:00Z,9,9,Determined upon crew arrival,In Progres,OUTAGE,Service Transformer,NPT,NORMAL,42.09121,-83.19416
SW26022000684,2026-02-20T18:02:53Z,2026-02-20T18:02:53Z,1,2026-02-20T17:29:01Z,2026-02-21T02:00:00Z,10,10,Determined upon crew arrival,In Progres,OUTAGE,Service Transformer,ANN,NORMAL,42.27843,-83.78867
SW26022000710,2026-02-20T18:02:53Z,2026-02-20T18:02:53Z,1,2026-02-20T17:44:03Z,,1,1,Determined upon crew arrival,New,OUTAGE,Single Customer,NPT,NORMAL,42.08962,-83.19507
NE26022000718,2026-02-20T19:05:58Z,2026-02-20T21:34:35Z,5,2026-02-20T17:43:04Z,2026-02-21T02:20:00Z,3,3,Wind damage,In Progres,OUTAGE,Service Transformer,MTC,NORMAL,42.49958,-82.98741
NE26022000744,2026-02-20T19:05:58Z,2026-02-20T20:34:07Z,3,2026-02-20T18:04:16Z,2026-02-21T02:35:00Z,19,19,Wind damage,In Progres,OUTAGE,Service Transformer,MTC,NORMAL,42.47193,-82.93495
NE26022000757,2026-02-20T19:05:58Z,2026-02-20T22:32:55Z,7,2026-02-20T18:13:02Z,2026-02-21T02:45:00Z,16,11,Equipment problem,In Progres,OUTAGE,Service Transformer,MTC,NORMAL,42.44954,-83.03166
NE26022000775,2026-02-20T19:05:58Z,2026-02-20T19:48:12Z,2,2026-02-20T18:21:16Z,2026-02-21T02:50:00Z,1,1,Wind damage,In Progres,OUTAGE,Single Customer,MTC,NORMAL,42.4555,-82.93723
NW26022000786,2026-02-20T19:05:58Z,2026-02-21T09:47:02Z,20,2026-02-20T18:27:14Z,2026-02-21T18:55:00Z,1,1,Wind damage,In Progres,OUTAGE,Single Customer,PON,NORMAL,42.63802,-83.32047
SE26022000713,2026-02-20T19:05:58Z,2026-02-21T02:48:06Z,11,2026-02-20T17:42:22Z,2026-02-21T18:20:00Z,1,1,Wind damage,In Progres,OUTAGE,Single Customer,CAN,NORMAL,42.39808,-83.10662
SE26022000732,2026-02-20T19:05:58Z,2026-02-20T19:48:12Z,2,2026-02-20T17:59:17Z,2026-02-21T02:30:00Z,1,1,Determined upon crew arrival,In Progres,OUTAGE,Single Customer,RFD,NORMAL,42.31353,-83.11891
SE26022000747,2026-02-20T19:05:58Z,2026-02-21T02:48:06Z,11,2026-02-20T18:06:11Z,2026-02-21T02:35:00Z,1,1,Wind damage,In Progres,OUTAGE,Single Customer,CAN,NORMAL,42.39457,-83.07938
SE26022000749,2026-02-20T19:05:58Z,2026-02-20T23:43:39Z,9,2026-02-20T18:08:38Z,2026-02-21T02:40:00Z,1,1,Wind damage,In Progres,OUTAGE,Single Customer,RFD,NORMAL,42.32105,-83.28491
SE26022000752,2026-02-20T19:05:58Z,2026-02-21T00:00:41Z,10,2026-02-20T18:10:23Z,2026-02-21T02:40:00Z,1,1,Wind damage,In Progres,OUTAGE,Single Customer,CAN,NORMAL,42.41413,-82.9149
SE26022000756,2026-02-20T19:05:58Z,2026-02-20T22:32:55Z,7,2026-02-20T18:11:32Z,2026-02-21T02:40:00Z,152,39,Wind damage,In Progres,OUTAGE,Service Transformer,RFD,NORMAL,42.32419,-83.19419
SE26022000768,2026-02-20T19:05:58Z,2026-02-20T22:32:55Z,7,2026-02-20T18:18:39Z,2026-02-21T02:50:00Z,24,24,Wind damage,In Progres,OUTAGE,Service Transformer,RFD,NORMAL,42.34489,-83.18228
SE26022000778,2026-02-20T19:05:58Z,2026-02-21T10:27:24Z,21,2026-02-20T18:22:49Z,2026-02-21T18:55:00Z,1,1,Wind damage,In Progres,SERVICE DOWN NO,,CAN,NORMAL,42.43504,-83.00941
SE26022000779,2026-02-20T19:05:58Z,2026-02-21T08:00:15Z,17,2026-02-20T18:23:57Z,2026-02-21T18:55:00Z,1,1,Determined upon crew arrival,In Progres,OUTAGE,Single Customer,CAN,NORMAL,42.42649,-82.93543
SE26022000799,2026-02-20T19:05:58Z,2026-02-21T00:00:41Z,10,2026-02-20T18:33:33Z,2026-02-21T03:05:00Z,1,1,Wind damage,In Progres,OUTAGE,Single Customer,CAN,NORMAL,42.43416,-82.9868
SE26022000833,2026-02-20T19:05:58Z,2026-02-20T19:05:58Z,1,2026-02-20T18:59:54Z,,1,1,Determined upon crew arrival,New,OUTAGE,Single Customer,CAN,NORMAL,42.38417,-82.96218
SW26022000714,2026-02-20T19:05:58Z,2026-02-20T19:05:58Z,1,2026-02-20T17:36:02Z,2026-02-21T02:20:00Z,13,13,Determined upon crew arrival,In Progres,OUTAGE,Service Transformer,NPT,NORMAL,42.0914,-83.19527
SW26022000719,2026-02-20T19:05:58Z,2026-02-20T20:59:45Z,4,2026-02-20T17:50:23Z,2026-02-21T02:20:00Z,1,1,Determined upon crew arrival,In Progres,OUTAGE,Service Secondary,NPT,NORMAL,42.08732,-83.19145
SW26022000720,2026-02-20T19:05:58Z,2026-02-20T20:59:45Z,4,2026-02-20T02:54:27Z,2026-02-21T02:20:00Z,1,1,Determined upon crew arrival,In Progres,PRIORITY,,WWS,NORMAL,42.3212,-83.45924
SW26022000721,2026-02-20T19:05:58Z,2026-02-20T20:59:45Z,4,2026-02-20T17:51:51Z,2026-02-21T02:20:00Z,6,6,Wind damage,In Progres,OUTAGE,Device (II),NPT,NORMAL,41.86706,-83.69118
SW26022000734,2026-02-20T19:05:58Z,2026-02-20T19:48:12Z,2,2026-02-20T17:57:45Z,2026-02-21T02:30:00Z,46,46,Wind damage,In Progres,OUTAGE,Device (I),WWS,NORMAL,42.31738,-83.46954
SW26022000735,2026-02-20T19:05:58Z,2026-02-20T19:05:58Z,1,2026-02-20T17:59:52Z,2026-02-21T02:30:00Z,1,1,Wind damage,In Progres,OUTAGE,Single Customer,WWS,NORMAL,42.39667,-83.42522
SW26022000755,2026-02-20T19:05:58Z,2026-02-20T19:48:12Z,2,2026-02-20T17:51:59Z,2026-02-21T02:40:00Z,1,1,Wind damage,In Progres,OUTAGE,Single Customer,ANN,NORMAL,42.21507,-83.7352
SW26022000765,2026-02-20T19:05:58Z,2026-02-20T21:34:35Z,5,2026-02-20T18:18:27Z,2026-02-21T02:50:00Z,1,1,Equipment problem,In Progres,OUTAGE,Single Customer,NPT,NORMAL,42.07608,-83.26258
SW26022000785,2026-02-20T19:05:58Z,2026-02-20T23:02:07Z,8,2026-02-20T18:26:52Z,2026-02-21T02:55:00Z,1,1,Wind damage,In Progres,OUTAGE,Single Customer,WWS,NORMAL,42.42945,-83.44967
SW26022000787,2026-02-20T19:05:58Z,2026-02-20T19:48:12Z,2,2026-02-20T18:27:57Z,2026-02-21T03:00:00Z,1,1,Wind damage,In Progres,OUTAGE,Single Customer,WWS,NORMAL,42.30985,-83.33549
SW26022000790,2026-02-20T19:05:58Z,2026-02-20T19:48:12Z,2,2026-02-20T18:29:06Z,2026-02-21T03:00:00Z,1,1,Wind damage,In Progres,OUTAGE,Single Customer,WWS,NORMAL,42.30903,-83.33394
SW26022000792,2026-02-20T19:05:58Z,2026-02-20T19:05:58Z,1,2026-02-20T18:29:34Z,2026-02-21T03:00:00Z,1,1,Determined upon crew arrival,In Progres,OUTAGE,Single Customer,NPT,NORMAL,42.08962,-83.19507
SW26022000800,2026-02-20T19:05:58Z,2026-02-20T19:48:12Z,2,2026-02-20T18:35:40Z,2026-02-21T03:05:00Z,2,2,Wind damage,In Progres,OUTAGE,Service Secondary,WWS,NORMAL,42.30863,-83.33502
SW26022000810,2026-02-20T19:05:58Z,2026-02-20T19:05:58Z,1,2026-02-20T18:39:16Z,2026-02-21T03:10:00Z,1,1,Wind damage,New,OUTAGE,Single Customer,NPT,NORMAL,41.9024,-83.73245
SW26022000818,2026-02-20T19:05:58Z,2026-02-21T02:48:06Z,11,2026-02-20T18:39:21Z,2026-02-21T03:20:00Z,1,1,Equipment problem,In Progres,OUTAGE,Single Customer,WWS,NORMAL,42.41855,-83.4204
SW26022000830,2026-02-20T19:05:58Z,2026-02-20T19:05:58Z,1,2026-02-20T18:42:44Z,,1,1,Wind damage,New,OUTAGE,Single Customer,WWS,NORMAL,42.21128,-83.27086
NW26022000840,2026-02-20T19:48:12Z,2026-02-21T16:30:26Z,31,2026-02-20T19:04:53Z,2026-02-21T19:35:00Z,1,1,Equipment problem,In Progres,OUTAGE,Single Customer,HWL,NORMAL,42.57866,-83.88505
SE26022000834,2026-02-20T19:48:12Z,2026-02-20T19:48:12Z,1,2026-02-20T15:54:43Z,2026-02-21T03:30:00Z,2,2,Wind damage,Pending,OUTAGE,Service Secondary,CAN,NORMAL,42.38417,-82.96218
SE26022000836,2026-02-20T19:48:12Z,2026-02-20T21:56:56Z,5,2026-02-20T19:01:07Z,2026-02-21T03:30:00Z,1,1,Wind damage,New,OUTAGE,Single Customer,CAN,NORMAL,42.38274,-83.12498
SE26022000858,2026-02-20T19:48:12Z,2026-02-20T20:34:07Z,2,2026-02-20T19:10:46Z,2026-02-21T03:40:00Z,2,2,Wind damage,In Progres,OUTAGE,Service Secondary,RFD,NORMAL,42.32426,-83.1934
SE26022000864,2026-02-20T19:48:12Z,2026-02-20T20:59:45Z,3,2026-02-20T19:07:15Z,2026-02-21T03:45:00Z,1,1,Wind damage,In Progres,OUTAGE,Single Customer,RFD,NORMAL,42.52815,-83.12698
SE26022000877,2026-02-20T19:48:12Z,2026-02-20T20:59:45Z,3,2026-02-20T19:12:33Z,2026-02-21T04:00:00Z,1,1,Wind damage,In Progres,OUTAGE,Single Customer,RFD,NORMAL,42.40829,-83.14789
SW26022000835,2026-02-20T19:48:12Z,2026-02-21T00:00:41Z,9,2026-02-20T19:01:05Z,2026-02-21T03:30:00Z,1,1,Wind damage,In Progres,OUTAGE,Single Customer,NPT,NORMAL,42.13769,-83.25729
SW26022000838,2026-02-20T19:48:12Z,2026-02-20T21:34:35Z,4,2026-02-20T18:59:34Z,2026-02-21T03:35:00Z,1,1,Wind damage,In Progres,OUTAGE,Single Customer,ANN,NORMAL,42.12853,-83.86281
SW26022000843,2026-02-20T19:48:12Z,2026-02-20T21:34:35Z,4,2026-02-20T19:05:49Z,2026-02-21T03:35:00Z,100,100,Wind damage,In Progres,OUTAGE,Device (II),WWS,NORMAL,42.44247,-83.42815
SW26022000860,2026-02-20T19:48:12Z,2026-02-20T20:34:07Z,2,2026-02-20T19:11:12Z,2026-02-21T03:40:00Z,1,1,Determined upon crew arrival,In Progres,PRIORITY,,WWS,NORMAL,42.28805,-83.37397
SW26022000870,2026-02-20T19:48:12Z,2026-02-21T00:00:41Z,9,2026-02-20T19:17:32Z,2026-02-21T03:50:00Z,1,1,Wind damage,In Progres,OUTAGE,Single Customer,WWS,NORMAL,42.28893,-83.29549
SW26022000881,2026-02-20T19:48:12Z,2026-02-20T19:48:12Z,1,2026-02-20T19:29:50Z,,226,226,Determined upon crew arrival,New,OUTAGE,Device (II),WWS,NORMAL,42.28615,-83.38166
NE26022000885,2026-02-20T20:34:07Z,2026-02-20T20:59:45Z,2,2026-02-20T19:32:00Z,2026-02-21T04:00:00Z,1,1,Determined upon crew arrival,In Progres,OUTAGE,Single Customer,MTC,NORMAL,42.56092,-82.96443
NE26022000930,2026-02-20T20:34:07Z,2026-02-21T00:00:41Z,8,2026-02-20T19:51:24Z,2026-02-21T04:20:00Z,1,1,Wind damage,In Progres,OUTAGE,Single Customer,MTC,NORMAL,42.46324,-82.90745
NE26022000950,2026-02-20T20:34:07Z,2026-02-21T00:00:41Z,8,2026-02-20T20:01:25Z,2026-02-21T04:30:00Z,1,1,Wind damage,In Progres,OUTAGE,Single Customer,MTC,NORMAL,42.4527,-82.94114
NE26022000952,2026-02-20T20:34:07Z,2026-02-20T20:34:07Z,1,2026-02-20T16:59:43Z,2026-02-21T04:30:00Z,1,1,Wind damage,In Progres,OUTAGE,Single Customer,MAR,NORMAL,42.81219,-82.68403
NW26022000926,2026-02-20T20:34:07Z,2026-02-20T22:32:55Z,5,2026-02-20T12:43:54Z,2026-02-21T04:20:00Z,1,1,Wind damage,In Progres,OUTAGE,Single Customer,PON,NORMAL,42.57896,-83.24109
NW26022000940,2026-02-20T20:34:07Z,2026-02-20T21:34:35Z,3,2026-02-20T19:54:37Z,2026-02-21T04:25:00Z,34,34,Wind damage,In Progres,OUTAGE,Device (I),HWL,NORMAL,42.49929,-83.65708
SE26022000887,2026-02-20T20:34:07Z,2026-02-21T04:26:45Z,10,2026-02-18T21:38:59Z,2026-02-21T04:05:00Z,1,1,Wind damage,In Progres,OUTAGE,Single Customer,RFD,NORMAL,42.2083,-83.19608
SE26022000889,2026-02-20T20:34:07Z,2026-02-20T23:43:39Z,7,2026-02-18T23:11:10Z,2026-02-21T04:05:00Z,1,1,Wind damage,In Progres,OUTAGE,Single Customer,RFD,NORMAL,42.41291,-83.30544
SE26022000896,2026-02-20T20:34:07Z,2026-02-20T23:02:07Z,6,2026-02-19T14:50:32Z,2026-02-21T04:10:00Z,1,1,Wind damage,In Progres,OUTAGE,Single Customer,RFD,NORMAL,42.30014,-83.28742
SE26022000902,2026-02-20T20:34:07Z,2026-02-20T23:02:07Z,6,2026-02-20T15:54:43Z,2026-02-21T04:10:00Z,1,1,Wind damage,In Progres,OUTAGE,Single Customer,CAN,NORMAL,42.38417,-82.96218
SE26022000933,2026-02-20T20:34:07Z,2026-02-21T00:00:41Z,8,2026-02-20T13:21:38Z,2026-02-21T04:20:00Z,1,1,Wind damage,In Progres,OUTAGE,Single Customer,CAN,NORMAL,42.43322,-83.03326
SE26022000935,2026-02-20T20:34:07Z,2026-02-20T22:32:55Z,5,2026-02-19T14:31:51Z,2026-02-21T04:25:00Z,1,1,Wind damage,In Progres,OUTAGE,Single Customer,RFD,NORMAL,42.49256,-83.11824
SE26022000936,2026-02-20T20:34:07Z,2026-02-21T04:26:45Z,10,2026-02-20T19:54:15Z,2026-02-21T16:25:00Z,1,1,Wind damage,In Progres,OUTAGE,Single Customer,RFD,NORMAL,42.41276,-83.24364
SE26022000938,2026-02-20T20:34:07Z,2026-02-20T23:02:07Z,6,2026-02-20T19:54:47Z,2026-02-21T04:25:00Z,1,1,Determined upon crew arrival,In Progres,OUTAGE,Single Customer,RFD,NORMAL,42.40017,-83.27879
SE26022000944,2026-02-20T20:34:07Z,2026-02-21T08:00:15Z,15,2026-02-20T14:37:12Z,2026-02-21T20:30:00Z,1,1,Wind damage,In Progres,OUTAGE,Single Customer,RFD,NORMAL,42.23508,-83.19924
SE26022000964,2026-02-20T20:34:07Z,2026-02-20T20:34:07Z,1,2026-02-20T20:10:26Z,2026-02-21T04:40:00Z,1,1,Wind damage,New,OUTAGE,Single Customer,RFD,NORMAL,42.2674,-83.16179
SW26022000895,2026-02-20T20:34:07Z,2026-02-21T00:00:41Z,8,2026-02-20T17:51:59Z,2026-02-21T04:10:00Z,1,1,Equipment problem,In Progres,PRIORITY,,ANN,NORMAL,42.21507,-83.7352
SW26022000899,2026-02-20T20:34:07Z,2026-02-20T20:34:07Z,1,2026-02-20T19:40:26Z,2026-02-21T04:10:00Z,1,1,Wind damage,PC3 Verifi,OUTAGE,Single Customer,WWS,NORMAL,42.29898,-83.37197
SW26022000904,2026-02-20T20:34:07Z,2026-02-20T21:34:35Z,3,2026-02-20T19:43:43Z,2026-02-21T04:15:00Z,9,9,Determined upon crew arrival,In Progres,OUTAGE,Service Transformer,ANN,NORMAL,42.23714,-83.75615
SW26022000932,2026-02-20T20:34:07Z,2026-02-20T20:34:07Z,1,2026-02-20T19:51:37Z,2026-02-21T04:20:00Z,1,1,Wind damage,In Progres,OUTAGE,Single Customer,WWS,NORMAL,42.28911,-83.37527
SW26022000937,2026-02-20T20:34:07Z,2026-02-20T21:34:35Z,3,2026-02-20T16:40:34Z,2026-02-21T04:25:00Z,1,1,Wind damage,In Progres,OUTAGE,Single Customer,WWS,NORMAL,42.22464,-83.29728
SW26022000943,2026-02-20T20:34:07Z,2026-02-21T00:00:41Z,8,2026-02-20T19:52:44Z,2026-02-21T04:30:00Z,1,1,Wind damage,In Progres,OUTAGE,Single Customer,WWS,NORMAL,42.28673,-83.42563
SW26022000955,2026-02-20T20:34:07Z,2026-02-20T20:59:45Z,2,2026-02-20T12:01:53Z,2026-02-21T04:35:00Z,1,1,Wind damage,In Progres,OUTAGE,Single Customer,WWS,NORMAL,42.29332,-83.37535
SW26022000963,2026-02-20T20:34:07Z,2026-02-20T20:59:45Z,2,2026-02-20T20:07:07Z,2026-02-21T04:40:00Z,80,80,Wind damage,In Progres,OUTAGE,Device (I),WWS,NORMAL,42.38262,-83.53319
SW26022000965,2026-02-20T20:34:07Z,2026-02-20T20:34:07Z,1,2026-02-20T20:10:26Z,2026-02-21T04:40:00Z,1,1,Wind damage,New,OUTAGE,Single Customer,WWS,NORMAL,42.38373,-83.53354
SE26022000974,2026-02-20T20:59:45Z,2026-02-21T00:00:41Z,7,2026-02-20T20:10:26Z,2026-02-21T04:55:00Z,1,1,Equipment problem,In Progres,SERVICE DOWN NO,,RFD,NORMAL,42.2674,-83.16179
SE26022000986,2026-02-20T20:59:45Z,2026-02-21T00:00:41Z,7,2026-02-20T20:34:01Z,2026-02-21T05:05:00Z,1,1,Wind damage,In Progres,OUTAGE,Single Customer,CAN,NORMAL,42.41045,-83.10978
SE26022000990,2026-02-20T20:59:45Z,2026-02-21T02:48:06Z,8,2026-02-20T18:56:00Z,2026-02-21T05:10:00Z,1,1,Wind damage,In Progres,OUTAGE,Single Customer,CAN,NORMAL,42.44547,-83.08625
SE26022000991,2026-02-20T20:59:45Z,2026-02-21T00:00:41Z,7,2026-02-20T20:38:28Z,2026-02-21T05:10:00Z,1,1,Wind damage,New,OUTAGE,Single Customer,RFD,NORMAL,42.28618,-83.26869
NW26022001026,2026-02-20T21:34:35Z,2026-02-21T16:30:26Z,28,2026-02-20T21:03:22Z,2026-02-21T21:35:00Z,1,1,Wind damage,In Progres,OUTAGE,Single Customer,PON,NORMAL,42.54413,-83.21693
NW26022001028,2026-02-20T21:34:35Z,2026-02-20T21:56:56Z,2,2026-02-20T21:04:47Z,2026-02-21T05:35:00Z,1,1,Wind damage,In Progres,OUTAGE,Single Customer,HWL,NORMAL,42.56287,-83.79292
SE26022001010,2026-02-20T21:34:35Z,2026-02-21T19:46:03Z,33,2026-02-20T20:41:59Z,2026-02-21T21:20:00Z,1,1,Wind damage,In Progres,OUTAGE,Single Customer,CAN,NORMAL,42.40309,-83.08965
SE26022001018,2026-02-20T21:34:35Z,2026-02-21T00:00:41Z,6,2026-02-20T20:53:58Z,2026-02-21T05:25:00Z,1,1,Wind damage,New,OUTAGE,Single Customer,RFD,NORMAL,42.27898,-83.26
SW26022001021,2026-02-20T21:34:35Z,2026-02-20T23:02:07Z,4,2026-02-20T20:55:22Z,2026-02-21T05:25:00Z,1,1,Wind damage,In Progres,OUTAGE,Single Customer,WWS,NORMAL,42.24917,-83.26047
SW26022001035,2026-02-20T21:34:35Z,2026-02-20T23:02:07Z,4,2026-02-20T21:06:56Z,2026-02-21T05:35:00Z,1,1,Wind damage,In Progres,OUTAGE,Single Customer,WWS,NORMAL,42.31446,-83.33203
SW26022001036,2026-02-20T21:34:35Z,2026-02-21T02:48:06Z,7,2026-02-20T21:07:23Z,2026-02-21T05:35:00Z,1,1,Wind damage,Pending,OUTAGE,Single Customer,WWS,NORMAL,42.26412,-83.30214
NW26022001057,2026-02-20T21:56:56Z,2026-02-21T00:00:41Z,5,2026-02-20T21:22:54Z,2026-02-21T05:55:00Z,1,1,Wind damage,In Progres,OUTAGE,Single Customer,HWL,NORMAL,42.45152,-83.66378
NW26022001059,2026-02-20T21:56:56Z,2026-02-20T23:02:07Z,3,2026-02-20T21:21:15Z,2026-02-21T05:55:00Z,1,1,Wind damage,In Progres,OUTAGE,Single Customer,HWL,NORMAL,42.54197,-83.74631
NW26022001078,2026-02-20T21:56:56Z,2026-02-21T00:00:41Z,5,2026-02-20T20:46:15Z,2026-02-21T06:15:00Z,1,1,Equipment problem,In Progres,OUTAGE,Single Customer,HWL,NORMAL,42.53115,-83.78921
NW26022001079,2026-02-20T21:56:56Z,2026-02-20T21:56:56Z,1,2026-02-20T21:29:26Z,,2,2,Determined upon crew arrival,New,OUTAGE,Service Transformer,HWL,NORMAL,42.56815,-83.71839
SE26022001048,2026-02-20T21:56:56Z,2026-02-21T02:48:06Z,6,2026-02-20T21:19:05Z,2026-02-21T05:50:00Z,1,1,Equipment problem,In Progres,OUTAGE,Single Customer,CAN,NORMAL,42.31864,-83.10595
SW26022001069,2026-02-20T21:56:56Z,2026-02-20T23:02:07Z,3,2026-02-20T21:36:50Z,2026-02-21T06:05:00Z,2,2,Wind damage,In Progres,OUTAGE,Service Secondary,NPT,NORMAL,41.93849,-83.38526
NE26022001087,2026-02-20T22:32:55Z,2026-02-21T09:14:10Z,13,2026-02-20T21:49:41Z,2026-02-21T22:20:00Z,1,1,Determined upon crew arrival,In Progres,OUTAGE,Single Customer,MTC,NORMAL,42.50189,-82.92456
NE26022001090,2026-02-20T22:32:55Z,2026-02-20T23:02:07Z,2,2026-02-20T20:31:42Z,2026-02-21T06:25:00Z,1,1,Wind damage,In Progres,OUTAGE,Single Customer,MTC,NORMAL,42.46022,-82.88671
NE26022001091,2026-02-20T22:32:55Z,2026-02-21T00:00:41Z,4,2026-02-20T18:05:59Z,2026-02-21T06:25:00Z,1,1,Wind damage,In Progres,OUTAGE,Single Customer,MTC,NORMAL,42.47193,-82.93495
NE26022001104,2026-02-20T22:32:55Z,2026-02-21T00:00:41Z,4,2026-02-20T00:03:54Z,2026-02-21T06:35:00Z,1,1,Wind damage,In Progres,OUTAGE,Single Customer,MTC,NORMAL,42.52412,-83.02557
NW26022001099,2026-02-20T22:32:55Z,2026-02-21T00:00:41Z,4,2026-02-20T21:59:43Z,2026-02-21T06:30:00Z,1,1,Wind damage,In Progres,OUTAGE,Single Customer,HWL,NORMAL,42.4524,-83.65486
SE26022001085,2026-02-20T22:32:55Z,2026-02-21T00:00:41Z,4,2026-02-20T21:49:02Z,2026-02-21T06:20:00Z,1,1,Wind damage,Pending,OUTAGE,Single Customer,RFD,NORMAL,42.43961,-83.21647
SE26022001086,2026-02-20T22:32:55Z,2026-02-21T00:00:41Z,4,2026-02-20T19:01:07Z,2026-02-21T06:20:00Z,2,2,Wind damage,In Progres,OUTAGE,Service Secondary,CAN,NORMAL,42.38357,-83.12551
SE26022001097,2026-02-20T22:32:55Z,2026-02-21T00:00:41Z,4,2026-02-19T12:18:01Z,2026-02-21T06:30:00Z,1,1,Equipment problem,In Progres,OUTAGE,Single Customer,RFD,NORMAL,42.48474,-83.12136
SW26022001102,2026-02-20T22:32:55Z,2026-02-21T00:00:41Z,4,2026-02-20T22:03:10Z,2026-02-21T06:35:00Z,1,1,Wind damage,In Progres,OUTAGE,Single Customer,ANN,NORMAL,42.38356,-83.91767
SW26022001107,2026-02-20T22:32:55Z,2026-02-21T00:00:41Z,4,2026-02-20T19:49:01Z,2026-02-21T06:40:00Z,1,1,Wind damage,In Progres,OUTAGE,Single Customer,WWS,NORMAL,42.28936,-83.37947
SW26022001113,2026-02-20T22:32:55Z,2026-02-20T22:32:55Z,1,2026-02-20T20:07:07Z,,1,1,Determined upon crew arrival,New,OUTAGE,Single Customer,WWS,NORMAL,42.38262,-83.53319
NE26022001121,2026-02-20T23:02:07Z,2026-02-20T23:43:39Z,2,2026-02-20T22:19:05Z,2026-02-21T06:50:00Z,1,1,Determined upon crew arrival,In Progres,OUTAGE,Single Customer,MTC,NORMAL,42.47754,-82.94837
NW26022001142,2026-02-20T23:02:07Z,2026-02-21T00:00:41Z,3,2026-02-20T22:44:42Z,2026-02-21T07:15:00Z,1,1,Wind damage,In Progres,OUTAGE,Single Customer,PON,NORMAL,42.77044,-83.46155
SE26022001122,2026-02-20T23:02:07Z,2026-02-20T23:02:07Z,1,2026-02-20T22:20:55Z,2026-02-21T02:50:00Z,1,1,Wind damage,New,OUTAGE,Single Customer,RFD,NORMAL,42.45326,-83.12659
SE26022001125,2026-02-20T23:02:07Z,2026-02-21T06:03:53Z,7,2026-02-20T22:21:59Z,2026-02-21T06:55:00Z,1,1,Wind damage,In Progres,OUTAGE,Single Customer,CAN,NORMAL,42.40912,-83.11981
SE26022001141,2026-02-20T23:02:07Z,2026-02-20T23:02:07Z,1,2026-02-20T22:29:37Z,,1,1,Determined upon crew arrival,New,OUTAGE,Single Customer,RFD,NORMAL,42.39258,-83.25217
SW26022001128,2026-02-20T23:02:07Z,2026-02-21T00:00:41Z,3,2026-02-20T22:29:52Z,2026-02-21T07:00:00Z,1,1,Wind damage,In Progres,OUTAGE,Single Customer,WWS,NORMAL,42.51938,-83.39776
SW26022001130,2026-02-20T23:02:07Z,2026-02-21T00:00:41Z,3,2026-02-20T22:21:02Z,2026-02-21T07:00:00Z,1,1,Wind damage,In Progres,OUTAGE,Single Customer,ANN,NORMAL,42.12402,-83.73649
SE26022001153,2026-02-20T23:43:39Z,2026-02-21T00:00:41Z,2,2026-02-20T22:20:55Z,2026-02-21T07:30:00Z,1,1,Wind damage,In Progres,SERVICE DOWN NO,,RFD,NORMAL,42.45326,-83.12659
SE26022001154,2026-02-20T23:43:39Z,2026-02-21T02:48:06Z,3,2026-02-20T23:00:44Z,2026-02-21T07:30:00Z,1,1,Wind damage,In Progres,OUTAGE,Single Customer,RFD,NORMAL,42.24138,-83.20608
SW26022001162,2026-02-20T23:43:39Z,2026-02-20T23:43:39Z,1,2026-02-20T22:58:32Z,,1,1,Determined upon crew arrival,New,OUTAGE,Single Customer,WWS,NORMAL,42.29045,-83.3793
NE26022001179,2026-02-21T00:00:41Z,2026-02-21T00:00:41Z,1,2026-02-20T23:43:26Z,,1,1,Determined upon crew arrival,In Progres,OUTAGE,Single Customer,MTC,NORMAL,42.4734,-82.93868
SE26022001173,2026-02-21T00:00:41Z,2026-02-21T08:43:56Z,9,2026-02-20T23:39:44Z,2026-02-22T00:10:00Z,1,1,Wind damage,In Progres,OUTAGE,Single Customer,CAN,NORMAL,42.44366,-82.9135
SW26022001171,2026-02-21T00:00:41Z,2026-02-21T00:00:41Z,1,2026-02-20T23:29:29Z,2026-02-21T08:05:00Z,1,1,Wind damage,In Progres,OUTAGE,Single Customer,NPT,NORMAL,42.07216,-83.58466
SW26022001175,2026-02-21T00:00:41Z,2026-02-21T02:48:06Z,2,2026-02-20T23:40:08Z,2026-02-21T08:10:00Z,1,1,Wind damage,In Progres,OUTAGE,Single Customer,NPT,NORMAL,42.16877,-83.27685
NE26022001184,2026-02-21T02:48:06Z,2026-02-21T10:27:24Z,11,2026-02-20T23:47:26Z,2026-02-22T00:20:00Z,1,1,Animal/bird damaged DTE equip,In Progres,OUTAGE,Single Customer,MAR,NORMAL,42.8923,-82.67599
NE26022001197,2026-02-21T02:48:06Z,2026-02-21T08:43:56Z,8,2026-02-21T00:22:48Z,2026-02-21T08:55:00Z,1,1,Wind damage,In Progres,OUTAGE,Single Customer,MTC,NORMAL,42.45467,-83.04728
NE26022001237,2026-02-21T02:48:06Z,2026-02-21T15:48:55Z,21,2026-02-20T00:03:54Z,2026-02-21T18:55:00Z,1,1,Equipment problem,In Progres,OUTAGE,Single Customer,MTC,NORMAL,42.52412,-83.02557
SE26022001181,2026-02-21T02:48:06Z,2026-02-21T09:47:02Z,10,2026-02-20T23:46:56Z,2026-02-22T00:15:00Z,1,1,Wind damage,Pending,OUTAGE,Single Customer,CAN,NORMAL,42.42843,-82.92974
SE26022001188,2026-02-21T02:48:06Z,2026-02-21T17:01:52Z,23,2026-02-20T23:56:23Z,2026-02-22T00:25:00Z,1,1,Wind damage,In Progres,OUTAGE,Single Customer,CAN,NORMAL,42.38062,-83.13287
SE26022001202,2026-02-21T02:48:06Z,2026-02-22T11:57:23Z,49,2026-02-21T00:37:14Z,2026-02-22T13:05:00Z,1,1,Wind damage,In Progres,OUTAGE,Single Customer,RFD,NORMAL,42.52523,-83.09036
SE26022001229,2026-02-21T02:48:06Z,2026-02-21T09:47:02Z,10,2026-02-21T01:46:57Z,2026-02-21T10:15:00Z,1,1,Determined upon crew arrival,In Progres,OUTAGE,Single Customer,RFD,NORMAL,42.26262,-83.21993
SE26022001234,2026-02-21T02:48:06Z,2026-02-21T11:57:44Z,15,2026-02-21T02:19:27Z,2026-02-21T18:50:00Z,1,1,Equipment problem,In Progres,OUTAGE,Single Customer,RFD,NORMAL,42.474,-83.28502
SW26022001192,2026-02-21T02:48:06Z,2026-02-21T02:48:06Z,1,2026-02-21T00:16:41Z,2026-02-21T08:45:00Z,1,1,Wind damage,In Progres,OUTAGE,Single Customer,WWS,NORMAL,42.2059,-83.48807
SW26022001207,2026-02-21T02:48:06Z,2026-02-21T04:26:45Z,2,2026-02-21T00:51:03Z,2026-02-21T09:20:00Z,1,1,Wind damage,In Progres,OUTAGE,Single Customer,WWS,NORMAL,42.25472,-83.46283
SW26022001210,2026-02-21T02:48:06Z,2026-02-21T02:48:06Z,1,2026-02-21T01:07:46Z,2026-02-21T09:40:00Z,5,5,Wind damage,In Progres,OUTAGE,Service Transformer,WWS,NORMAL,42.21746,-83.5287
NE26022001254,2026-02-21T04:26:45Z,2026-02-21T04:26:45Z,1,2026-02-21T03:12:45Z,2026-02-21T07:45:00Z,3,3,Determined upon crew arrival,In Progres,OUTAGE,Service Transformer,LAP,NORMAL,43.25375,-83.13872
NW26022001246,2026-02-21T04:26:45Z,2026-02-21T06:03:53Z,3,2026-02-21T02:52:58Z,2026-02-21T07:25:00Z,1,1,Equipment problem,In Progres,OUTAGE,Single Customer,PON,NORMAL,42.55917,-83.09367
SE26022001244,2026-02-21T04:26:45Z,2026-02-21T04:26:45Z,1,2026-02-21T02:51:04Z,2026-02-21T07:20:00Z,1,1,Determined upon crew arrival,PC3 Verifi,OUTAGE,Single Customer,RFD,NORMAL,42.49883,-83.10733
SE26022001247,2026-02-21T04:26:45Z,2026-02-22T09:46:15Z,43,2026-02-19T18:48:13Z,2026-02-22T19:25:00Z,1,1,Equipment problem,In Progres,OUTAGE,Single Customer,RFD,NORMAL,42.49771,-83.11316
SE26022001249,2026-02-21T04:26:45Z,2026-02-21T19:25:38Z,25,2026-02-20T14:40:57Z,2026-02-21T19:30:00Z,1,1,Equipment problem,In Progres,OUTAGE,Single Customer,RFD,NORMAL,42.39474,-83.19294
SE26022001252,2026-02-21T04:26:45Z,2026-02-21T17:01:52Z,22,2026-02-20T05:14:35Z,2026-02-21T19:35:00Z,1,1,Equipment problem,In Progres,OUTAGE,Single Customer,RFD,NORMAL,42.29653,-83.27544
SE26022001256,2026-02-21T04:26:45Z,2026-02-21T14:53:44Z,18,2026-02-20T17:38:38Z,2026-02-21T19:55:00Z,1,1,Equipment problem,In Progres,OUTAGE,Single Customer,RFD,NORMAL,42.36156,-83.14227
SW26022001255,2026-02-21T04:26:45Z,2026-02-21T06:03:53Z,3,2026-02-20T17:29:41Z,2026-02-21T07:50:00Z,1,1,Determined upon crew arrival,In Progres,OUTAGE,Single Customer,NPT,NORMAL,41.86763,-83.69325
SW26022001263,2026-02-21T05:27:56Z,2026-02-21T14:53:44Z,17,2026-02-21T04:20:13Z,2026-02-21T20:50:00Z,1,1,Determined upon crew arrival,In Progres,OUTAGE,Single Customer,ANN,NORMAL,42.28943,-83.79596
SW26022001265,2026-02-21T05:27:56Z,2026-02-21T11:57:44Z,13,2026-02-21T04:24:58Z,2026-02-21T20:55:00Z,1,1,Determined upon crew arrival,In Progres,OUTAGE,Single Customer,ANN,NORMAL,42.0952,-83.88286
SW26022001318,2026-02-21T05:27:56Z,2026-02-21T05:27:56Z,1,2026-02-21T04:34:03Z,2026-02-21T09:20:00Z,378,378,Determined upon crew arrival,In Progres,OUTAGE,Device (II),NPT,NORMAL,42.17273,-83.18689
SW26022001335,2026-02-21T05:27:56Z,2026-02-21T07:01:30Z,3,2026-02-21T04:34:05Z,2026-02-21T09:20:00Z,31,31,Determined upon crew arrival,In Progres,OUTAGE,Device (I),NPT,NORMAL,42.18315,-83.19292
SW26022001336,2026-02-21T05:27:56Z,2026-02-21T07:01:30Z,3,2026-02-21T04:34:03Z,2026-02-21T09:20:00Z,47,47,Determined upon crew arrival,In Progres,OUTAGE,Device (I),NPT,NORMAL,42.17932,-83.2005
SW26022001348,2026-02-21T05:27:56Z,2026-02-21T05:27:56Z,1,2026-02-21T04:34:06Z,2026-02-21T09:20:00Z,155,155,Determined upon crew arrival,In Progres,OUTAGE,Device (II),NPT,NORMAL,42.17351,-83.18725
SW26022100002,2026-02-21T05:27:56Z,2026-02-21T18:49:43Z,23,2026-02-21T05:07:00Z,2026-02-21T21:35:00Z,1,1,Wind damage,In Progres,OUTAGE,Single Customer,WWS,NORMAL,42.48104,-83.46661
NW26022100005,2026-02-21T06:03:53Z,2026-02-21T09:47:02Z,7,2026-02-21T05:36:18Z,2026-02-21T10:05:00Z,1,1,Equipment problem,In Progres,OUTAGE,Single Customer,PON,NORMAL,42.7876,-83.23595
SE26022100007,2026-02-21T06:03:53Z,2026-02-21T07:01:30Z,2,2026-02-21T05:38:28Z,2026-02-21T10:10:00Z,22,22,Determined upon crew arrival,In Progres,OUTAGE,Service Transformer,RFD,NORMAL,42.51213,-83.17493
SE26022100013,2026-02-21T07:01:30Z,2026-02-21T07:01:30Z,1,2026-02-20T19:38:45Z,,1,1,Determined upon crew arrival,New,OUTAGE,Single Customer,RFD,NORMAL,42.35467,-83.15116
SW26022100008,2026-02-21T07:01:30Z,2026-02-21T17:01:52Z,19,2026-02-20T23:31:38Z,2026-02-21T22:25:00Z,1,1,Equipment problem,In Progres,OUTAGE,Single Customer,WWS,NORMAL,42.50963,-83.50622
SW26022100009,2026-02-21T07:01:30Z,2026-02-21T13:52:28Z,13,2026-02-20T20:43:09Z,2026-02-21T22:35:00Z,1,1,Equipment problem,In Progres,OUTAGE,Single Customer,NPT,NORMAL,41.91311,-83.39953
NE26022100025,2026-02-21T07:45:06Z,2026-02-21T15:26:25Z,15,2026-02-21T06:40:58Z,2026-02-21T23:45:00Z,1,1,Determined upon crew arrival,Pending,OUTAGE,Single Customer,MTC,NORMAL,42.48712,-82.97529
SE26022100015,2026-02-21T07:45:06Z,2026-02-21T10:54:01Z,7,2026-02-19T19:55:24Z,2026-02-21T11:20:00Z,1,1,Wind damage,In Progres,OUTAGE,Single Customer,CAN,NORMAL,42.44443,-82.92052
SE26022100031,2026-02-21T09:14:10Z,2026-02-21T09:14:10Z,1,2026-02-21T08:36:52Z,2026-02-21T13:05:00Z,1,1,Determined upon crew arrival,Pending,OUTAGE,Single Customer,RFD,NORMAL,42.36625,-83.31048
SE26022100034,2026-02-21T09:47:02Z,2026-02-21T10:54:01Z,3,2026-02-21T08:36:52Z,2026-02-21T13:40:00Z,1,1,Determined upon crew arrival,PC3 Verifi,OUTAGE,Single Customer,RFD,NORMAL,42.36625,-83.31048
SE26022100038,2026-02-21T10:27:24Z,2026-02-21T17:01:52Z,13,2026-02-20T15:17:26Z,2026-02-22T02:30:00Z,1,1,Wind damage,In Progres,OUTAGE,Single Customer,CAN,NORMAL,42.43617,-82.9942
SE26022100039,2026-02-21T10:27:24Z,2026-02-21T15:26:25Z,10,2026-02-20T18:38:11Z,2026-02-22T02:35:00Z,1,1,Wind damage,In Progres,OUTAGE,Single Customer,CAN,NORMAL,42.43122,-82.90291
SE26022100041,2026-02-21T10:27:24Z,2026-02-21T23:26:10Z,24,2026-02-20T22:52:25Z,2026-02-22T02:40:00Z,1,1,Wind damage,In Progres,OUTAGE,Single Customer,CAN,NORMAL,42.3988,-83.05453
SW26022100050,2026-02-21T11:57:44Z,2026-02-21T15:48:55Z,7,2026-02-21T00:51:03Z,2026-02-21T16:05:00Z,1,1,Equipment problem,In Progres,OUTAGE,Single Customer,WWS,NORMAL,42.25472,-83.46283
NW26022100067,2026-02-21T13:05:37Z,2026-02-21T17:42:27Z,9,2026-02-21T12:41:17Z,2026-02-21T21:15:00Z,100,1,Equipment problem,In Progres,OUTAGE,Device (I),SBY,NORMAL,42.66175,-83.00805
NW26022100070,2026-02-21T13:05:37Z,2026-02-21T15:48:55Z,6,2026-02-21T12:45:44Z,2026-02-21T17:15:00Z,4,4,Equipment problem,In Progres,OUTAGE,Service Transformer,PON,NORMAL,42.74396,-83.55055
SE26022100063,2026-02-21T13:05:37Z,2026-02-21T14:53:44Z,4,2026-02-20T19:07:15Z,2026-02-21T16:50:00Z,1,1,Determined upon crew arrival,In Progres,OUTAGE,Single Customer,RFD,NORMAL,42.52815,-83.12698
NE26022100077,2026-02-21T13:52:28Z,2026-02-21T15:48:55Z,5,2026-02-21T13:10:20Z,2026-02-21T17:50:00Z,1,1,Equipment problem,In Progres,OUTAGE,Single Customer,MAR,NORMAL,42.89593,-82.52965
NE26022100092,2026-02-21T13:52:28Z,2026-02-21T14:53:44Z,3,2026-02-21T13:36:17Z,2026-02-21T18:05:00Z,1,1,Equipment problem,In Progres,OUTAGE,Single Customer,MTC,NORMAL,42.59828,-82.90615
SE26022100078,2026-02-21T13:52:28Z,2026-02-22T20:53:19Z,48,2026-02-21T13:20:27Z,2026-02-23T05:50:00Z,1,1,Equipment problem,In Progres,OUTAGE,Single Customer,RFD,NORMAL,42.33817,-83.2175
SW26022100080,2026-02-21T13:52:28Z,2026-02-21T16:30:26Z,6,2026-02-21T13:23:25Z,2026-02-21T17:55:00Z,1,1,Determined upon crew arrival,In Progres,OUTAGE,Single Customer,NPT,NORMAL,42.14458,-83.27539
SW26022100084,2026-02-21T13:52:28Z,2026-02-21T17:01:52Z,7,2026-02-21T13:28:46Z,2026-02-21T18:00:00Z,1,1,Equipment problem,In Progres,OUTAGE,Single Customer,WWS,NORMAL,42.34846,-83.47993
SE26022100099,2026-02-21T14:27:42Z,2026-02-21T19:25:38Z,9,2026-02-21T14:04:36Z,2026-02-22T06:35:00Z,1,1,Equipment problem,In Progres,OUTAGE,Single Customer,CAN,NORMAL,42.3694,-82.98688
NE26022100104,2026-02-21T14:53:44Z,2026-02-21T15:26:25Z,2,2026-02-21T14:17:59Z,2026-02-21T18:50:00Z,4,4,Determined upon crew arrival,In Progres,OUTAGE,Service Transformer,NAE,NORMAL,43.32817,-83.58254
NW26022100108,2026-02-21T14:53:44Z,2026-02-21T15:48:55Z,3,2026-02-21T14:15:51Z,2026-02-21T18:55:00Z,6,6,Equipment problem,In Progres,OUTAGE,Device (II),PON,NORMAL,42.70693,-83.39624
NW26022100109,2026-02-21T14:53:44Z,2026-02-21T18:49:43Z,7,2026-02-21T14:26:44Z,2026-02-21T18:55:00Z,1,1,Determined upon crew arrival,In Progres,OUTAGE,Single Customer,PON,NORMAL,42.55186,-83.11181
NW26022100121,2026-02-21T14:53:44Z,2026-02-21T16:30:26Z,4,2026-02-21T14:35:31Z,2026-02-21T19:15:00Z,4,4,Equipment problem,In Progres,OUTAGE,Service Transformer,PON,NORMAL,42.55814,-83.22522
SE26022100112,2026-02-21T14:53:44Z,2026-02-21T23:47:51Z,17,2026-02-20T21:32:56Z,2026-02-22T07:00:00Z,1,1,Determined upon crew arrival,In Progres,OUTAGE,Single Customer,RFD,NORMAL,42.41276,-83.24364
SW26022100115,2026-02-21T14:53:44Z,2026-02-21T19:46:03Z,9,2026-02-21T14:31:35Z,2026-02-22T07:00:00Z,1,1,Equipment problem,In Progres,OUTAGE,Single Customer,WWS,NORMAL,42.20138,-83.50217
NE26022100129,2026-02-21T15:26:25Z,2026-02-21T17:01:52Z,4,2026-02-21T14:55:35Z,2026-02-21T19:30:00Z,80,80,Equipment problem,In Progres,OUTAGE,Device (II),MAR,NORMAL,42.97778,-82.49634
NE26022100139,2026-02-21T15:26:25Z,2026-02-21T17:42:27Z,5,2026-02-21T14:59:09Z,2026-02-21T19:35:00Z,17,17,Determined upon crew arrival,In Progres,OUTAGE,Service Transformer,MTC,NORMAL,42.51534,-83.02017
NW26022100133,2026-02-21T15:26:25Z,2026-02-21T15:48:55Z,2,2026-02-21T14:59:06Z,2026-02-21T19:30:00Z,1,1,Determined upon crew arrival,In Progres,OUTAGE,Single Customer,HWL,NORMAL,42.45336,-83.65408
NW26022100142,2026-02-21T15:26:25Z,2026-02-21T16:30:26Z,3,2026-02-21T13:08:57Z,2026-02-21T19:40:00Z,1,1,Equipment problem,In Progres,OUTAGE,Single Customer,HWL,NORMAL,42.56472,-83.96049
SE26022100125,2026-02-21T15:26:25Z,2026-02-21T17:42:27Z,5,2026-02-21T14:42:11Z,2026-02-21T19:25:00Z,1,1,Determined upon crew arrival,In Progres,OUTAGE,Single Customer,CAN,NORMAL,42.35459,-83.05115
SE26022100136,2026-02-21T15:26:25Z,2026-02-21T17:01:52Z,4,2026-02-21T14:56:15Z,2026-02-21T19:30:00Z,1,1,Determined upon crew arrival,In Progres,OUTAGE,Single Customer,RFD,NORMAL,42.4079,-83.27998
SE26022100143,2026-02-21T15:26:25Z,2026-02-21T15:26:25Z,1,2026-02-21T15:11:28Z,2026-02-21T19:40:00Z,1,1,Determined upon crew arrival,New,OUTAGE,Single Customer,RFD,NORMAL,42.46844,-83.19817
SW26022100123,2026-02-21T15:26:25Z,2026-02-21T17:01:52Z,4,2026-02-21T01:11:05Z,2026-02-21T19:25:00Z,5,5,Determined upon crew arrival,In Progres,OUTAGE,Service Transformer,WWS,NORMAL,42.21746,-83.5287
SW26022100128,2026-02-21T15:26:25Z,2026-02-21T16:30:26Z,3,2026-02-21T14:56:43Z,2026-02-21T19:25:00Z,1,1,Equipment problem,In Progres,OUTAGE,Single Customer,ANN,NORMAL,42.2879,-83.6991
NE26022100157,2026-02-21T15:48:55Z,2026-02-21T15:48:55Z,1,2026-02-21T15:28:39Z,,1,1,Determined upon crew arrival,New,OUTAGE,Single Customer,MAR,NORMAL,42.98072,-82.49393
SW26022100145,2026-02-21T15:48:55Z,2026-02-21T17:42:27Z,4,2026-02-21T15:19:00Z,2026-02-21T19:50:00Z,1,1,Determined upon crew arrival,In Progres,OUTAGE,Single Customer,ANN,NORMAL,42.25861,-83.65876
NW26022100168,2026-02-21T16:30:26Z,2026-02-21T18:49:43Z,4,2026-02-21T15:47:54Z,2026-02-21T20:20:00Z,1,1,Equipment problem,In Progres,OUTAGE,Single Customer,HWL,NORMAL,42.58628,-83.86486
NW26022100190,2026-02-21T16:30:26Z,2026-02-21T16:30:26Z,1,2026-02-21T15:55:22Z,2026-02-21T20:40:00Z,1,1,Determined upon crew arrival,New,OUTAGE,Single Customer,SBY,NORMAL,42.72356,-83.13832
NW26022100191,2026-02-21T16:30:26Z,2026-02-21T16:30:26Z,1,2026-02-21T15:55:22Z,2026-02-21T20:40:00Z,1,1,Determined upon crew arrival,New,OUTAGE,Single Customer,SBY,NORMAL,42.72761,-83.1366
NW26022100192,2026-02-21T16:30:26Z,2026-02-21T16:30:26Z,1,2026-02-21T15:55:20Z,2026-02-21T20:40:00Z,2,2,Determined upon crew arrival,New,OUTAGE,Service Secondary,SBY,NORMAL,42.72244,-83.13722
SE26022100165,2026-02-21T16:30:26Z,2026-02-22T05:36:40Z,17,2026-02-21T15:42:27Z,2026-02-22T08:10:00Z,1,1,Determined upon crew arrival,In Progres,OUTAGE,Single Customer,RFD,NORMAL,42.4887,-83.13086
SE26022100186,2026-02-21T16:30:26Z,2026-02-22T19:46:21Z,41,2026-02-21T16:06:14Z,2026-02-22T20:35:00Z,1,1,Equipment problem,Pending,OUTAGE,Single Customer,CAN,NORMAL,42.41184,-82.90453
SE26022100194,2026-02-21T16:30:26Z,2026-02-21T19:46:03Z,6,2026-02-21T08:36:52Z,2026-02-21T20:40:00Z,16,16,Equipment problem,In Progres,OUTAGE,Service Transformer,RFD,NORMAL,42.36625,-83.31048
SW26022100159,2026-02-21T16:30:26Z,2026-02-21T17:01:52Z,2,2026-02-21T15:28:42Z,2026-02-21T20:05:00Z,1,1,Animal/bird damaged DTE equip,In Progres,PRIORITY,,WWS,NORMAL,42.42403,-83.51214
SW26022100178,2026-02-21T16:30:26Z,2026-02-21T17:01:52Z,2,2026-02-21T15:58:41Z,2026-02-21T20:30:00Z,25,25,Determined upon crew arrival,In Progres,OUTAGE,Device (I),WWS,NORMAL,42.49999,-83.43492
NA26022100212,2026-02-21T17:01:52Z,2026-02-21T17:01:52Z,1,2026-02-21T16:30:07Z,,6,6,Determined upon crew arrival,New,OUTAGE,Service Transformer,,NORMAL,42.69886,-83.40452
NW26022100200,2026-02-21T17:01:52Z,2026-02-21T18:49:43Z,3,2026-02-21T16:22:56Z,2026-02-21T20:55:00Z,1,1,Animal/bird damaged DTE equip,In Progres,OUTAGE,Single Customer,PON,NORMAL,42.55963,-83.25171
NE26022100217,2026-02-21T17:42:27Z,2026-02-21T17:42:27Z,1,2026-02-21T16:48:57Z,2026-02-21T21:20:00Z,1,1,Determined upon crew arrival,In Progres,OUTAGE,Single Customer,MTC,NORMAL,42.76864,-82.74558
NE26022100230,2026-02-21T17:42:27Z,2026-02-22T02:22:19Z,13,2026-02-21T17:07:18Z,2026-02-22T09:35:00Z,1,1,Equipment problem,In Progres,OUTAGE,Single Customer,MTC,NORMAL,42.48643,-82.94662
NW26022100232,2026-02-21T17:42:27Z,2026-02-22T02:22:19Z,13,2026-02-21T15:55:06Z,2026-02-22T05:40:00Z,1,1,Equipment problem,Pending,OUTAGE,Single Customer,PON,NORMAL,42.67902,-83.32447
NW26022100238,2026-02-21T17:42:27Z,2026-02-21T17:42:27Z,1,2026-02-21T17:20:40Z,2026-02-21T21:50:00Z,1,1,Determined upon crew arrival,PC3 Verifi,OUTAGE,Single Customer,SBY,NORMAL,42.66262,-83.00683
SE26022100214,2026-02-21T17:42:27Z,2026-02-22T13:52:27Z,28,2026-02-21T16:45:22Z,2026-02-22T21:15:00Z,1,1,Equipment problem,In Progres,OUTAGE,Single Customer,RFD,NORMAL,42.34046,-83.22351
SE26022100221,2026-02-21T17:42:27Z,2026-02-22T15:49:25Z,32,2026-02-21T16:53:23Z,2026-02-22T21:25:00Z,1,1,Wind damage,Pending,OUTAGE,Single Customer,CAN,NORMAL,42.42024,-82.88916
SE26022100224,2026-02-21T17:42:27Z,2026-02-21T19:46:03Z,4,2026-02-20T16:06:27Z,2026-02-21T21:35:00Z,1,1,Determined upon crew arrival,PC3 Verifi,OUTAGE,Single Customer,RFD,NORMAL,42.52206,-83.31384
SE26022100241,2026-02-21T17:42:27Z,2026-02-21T19:46:03Z,4,2026-02-21T17:22:45Z,2026-02-21T21:55:00Z,1,1,Determined upon crew arrival,In Progres,OUTAGE,Single Customer,CAN,NORMAL,42.40351,-83.09113
SW26022100245,2026-02-21T17:42:27Z,2026-02-21T21:25:17Z,7,2026-02-21T17:26:33Z,2026-02-21T21:55:00Z,1,1,Equipment problem,In Progres,OUTAGE,Single Customer,WWS,NORMAL,42.35855,-83.31562
NE26022100272,2026-02-21T18:49:43Z,2026-02-21T19:46:03Z,3,2026-02-21T18:34:20Z,2026-02-21T23:05:00Z,3,3,Determined upon crew arrival,In Progres,OUTAGE,Service Transformer,NAE,NORMAL,43.3615,-83.57877
SE26022100267,2026-02-21T18:49:43Z,2026-02-21T21:47:18Z,7,2026-02-21T18:26:20Z,2026-02-21T22:55:00Z,1,1,Determined upon crew arrival,In Progres,OUTAGE,Single Customer,CAN,NORMAL,42.39707,-82.93701
SE26022100276,2026-02-21T18:49:43Z,2026-02-21T23:26:10Z,10,2026-02-21T18:41:26Z,2026-02-22T11:10:00Z,1,1,Determined upon crew arrival,New,OUTAGE,Single Customer,RFD,NORMAL,42.33535,-83.12617
SW26022100273,2026-02-21T18:49:43Z,2026-02-21T19:46:03Z,3,2026-02-21T18:34:33Z,2026-02-21T23:05:00Z,3,3,Determined upon crew arrival,In Progres,OUTAGE,Device (I),WWS,NORMAL,42.4922,-83.40169
NE26022100280,2026-02-21T19:25:38Z,2026-02-21T22:26:04Z,7,2026-02-21T17:57:46Z,2026-02-21T23:20:00Z,1,1,Problem with the customer equip,In Progres,OUTAGE,Single Customer,MTC,NORMAL,42.72848,-82.7791
NE26022100295,2026-02-21T19:46:03Z,2026-02-21T20:49:48Z,3,2026-02-21T19:26:38Z,2026-02-21T23:55:00Z,1,1,Determined upon crew arrival,New,OUTAGE,Single Customer,MTC,NORMAL,42.50012,-82.96156
NW26022100292,2026-02-21T19:46:03Z,2026-02-22T04:29:03Z,11,2026-02-21T19:22:10Z,2026-02-22T11:50:00Z,1,1,Equipment problem,In Progres,OUTAGE,Single Customer,PON,NORMAL,42.67787,-83.31188
SE26022100296,2026-02-21T19:46:03Z,2026-02-21T19:46:03Z,1,2026-02-21T19:14:49Z,,1,1,Determined upon crew arrival,New,OUTAGE,Single Customer,RFD,NORMAL,42.23508,-83.19924
SE26022100311,2026-02-21T20:27:05Z,2026-02-21T20:27:05Z,1,2026-02-21T19:39:07Z,2026-02-22T00:20:00Z,1,1,Determined upon crew arrival,In Progres,OUTAGE,Single Customer,CAN,NORMAL,42.43986,-82.92072
SW26022100298,2026-02-21T20:27:05Z,2026-02-21T22:51:35Z,6,2026-02-21T16:20:48Z,2026-02-22T00:05:00Z,1,1,Determined upon crew arrival,In Progres,OUTAGE,Single Customer,WWS,NORMAL,42.15825,-83.53949
SW26022100306,2026-02-21T20:27:05Z,2026-02-21T21:25:17Z,3,2026-02-21T19:33:29Z,2026-02-22T00:20:00Z,76,76,Determined upon crew arrival,In Progres,OUTAGE,Device (I),NPT,NORMAL,42.17136,-83.20312
SW26022100308,2026-02-21T20:27:05Z,2026-02-21T23:26:10Z,7,2026-02-21T19:33:29Z,2026-02-22T00:20:00Z,2,2,Determined upon crew arrival,In Progres,OUTAGE,Service Secondary,NPT,NORMAL,42.1727,-83.20141
SW26022100312,2026-02-21T20:27:05Z,2026-02-21T23:47:51Z,8,2026-02-21T20:00:00Z,2026-02-22T00:30:00Z,1,1,Determined upon crew arrival,In Progres,OUTAGE,Single Customer,NPT,NORMAL,42.16796,-83.19673
SE26022100330,2026-02-21T21:25:17Z,2026-02-22T10:27:08Z,16,2026-02-21T20:52:47Z,2026-02-22T13:25:00Z,1,1,Determined upon crew arrival,In Progres,OUTAGE,Single Customer,CAN,NORMAL,42.3874,-83.0082
SE26022100340,2026-02-21T21:47:18Z,2026-02-21T23:47:51Z,5,2026-02-21T21:27:51Z,2026-02-22T02:00:00Z,1,1,Equipment problem,In Progres,OUTAGE,Single Customer,CAN,NORMAL,42.33779,-83.11197
NE26022100348,2026-02-21T22:26:04Z,2026-02-22T04:29:03Z,6,2026-02-21T21:53:38Z,2026-02-22T14:25:00Z,1,1,Equipment problem,In Progres,OUTAGE,Single Customer,MTC,NORMAL,42.85704,-82.92232
NW26022100344,2026-02-21T22:26:04Z,2026-02-21T23:47:51Z,4,2026-02-21T13:42:25Z,2026-02-22T02:10:00Z,1,1,Equipment problem,In Progres,OUTAGE,Single Customer,HWL,NORMAL,42.67142,-83.70889
NW26022100358,2026-02-21T22:51:35Z,2026-02-21T23:26:10Z,2,2026-02-21T22:17:34Z,2026-02-22T02:50:00Z,89,89,Determined upon crew arrival,In Progres,OUTAGE,Device (II),PON,NORMAL,42.60411,-83.45282
NW26022100362,2026-02-21T22:51:35Z,2026-02-21T23:26:10Z,2,2026-02-21T22:19:57Z,2026-02-22T02:50:00Z,1,1,Determined upon crew arrival,In Progres,OUTAGE,Single Customer,PON,NORMAL,42.60552,-83.45332
NW26022100366,2026-02-21T22:51:35Z,2026-02-22T11:44:54Z,16,2026-02-21T22:01:50Z,2026-02-22T15:05:00Z,1,1,Problem with the customer equip,In Progres,OUTAGE,Single Customer,PON,NORMAL,42.55566,-83.54151
NW26022100370,2026-02-21T22:51:35Z,2026-02-21T23:26:10Z,2,2026-02-21T22:38:55Z,2026-02-22T03:10:00Z,1,1,Determined upon crew arrival,In Progres,OUTAGE,Single Customer,PON,NORMAL,42.60484,-83.45031
NW26022100371,2026-02-21T22:51:35Z,2026-02-22T10:53:34Z,14,2026-02-21T22:39:22Z,2026-02-22T11:10:00Z,1,1,Equipment problem,Pending,PRIORITY,,PON,NORMAL,42.65142,-83.43746
SE26022100350,2026-02-21T22:51:35Z,2026-02-22T16:32:17Z,24,2026-02-20T22:56:43Z,2026-02-23T02:35:00Z,1,1,Equipment problem,In Progres,OUTAGE,Single Customer,RFD,NORMAL,42.45555,-83.14893
SE26022100351,2026-02-21T22:51:35Z,2026-02-21T23:47:51Z,3,2026-02-18T20:20:13Z,2026-02-22T02:35:00Z,1,1,Determined upon crew arrival,In Progres,OUTAGE,Single Customer,RFD,NORMAL,42.35897,-83.18985
SE26022100352,2026-02-21T22:51:35Z,2026-02-22T02:22:19Z,4,2026-02-21T15:44:41Z,2026-02-22T02:35:00Z,1,1,Equipment problem,In Progres,OUTAGE,Single Customer,RFD,NORMAL,42.44075,-83.19476
NW26022100387,2026-02-21T23:26:10Z,2026-02-22T15:49:25Z,22,2026-02-21T23:05:45Z,2026-02-22T15:40:00Z,1,1,Equipment problem,In Progres,OUTAGE,Single Customer,PON,NORMAL,42.85818,-83.39732
SE26022100377,2026-02-21T23:26:10Z,2026-02-22T09:02:53Z,10,2026-02-21T21:33:38Z,2026-02-22T11:25:00Z,2,2,Equipment problem,In Progres,OUTAGE,Service Secondary,RFD,NORMAL,42.24614,-83.1443
SE26022100381,2026-02-21T23:26:10Z,2026-02-21T23:47:51Z,2,2026-02-21T23:04:32Z,2026-02-22T03:35:00Z,47,47,Determined upon crew arrival,In Progres,OUTAGE,Circuit Level,CAN,NORMAL,42.4005,-83.00703
SE26022100383,2026-02-21T23:26:10Z,2026-02-21T23:47:51Z,2,2026-02-21T23:06:10Z,2026-02-22T03:35:00Z,1,1,Determined upon crew arrival,In Progres,PRIORITY,,CAN,NORMAL,42.40091,-83.00643
SE26022100388,2026-02-21T23:26:10Z,2026-02-21T23:26:10Z,1,2026-02-21T23:11:08Z,2026-02-22T03:40:00Z,1,1,Determined upon crew arrival,In Progres,PRIORITY,,CAN,NORMAL,42.40091,-83.00643
NW26022100437,2026-02-22T02:22:19Z,2026-02-22T04:29:03Z,2,2026-02-22T00:25:29Z,2026-02-22T06:25:00Z,1,1,Equipment problem,In Progres,OUTAGE,Single Customer,PON,NORMAL,42.68177,-83.24022
SE26022100405,2026-02-22T02:22:19Z,2026-02-22T17:02:22Z,22,2026-02-21T23:49:10Z,2026-02-23T04:20:00Z,1,1,Equipment problem,In Progres,OUTAGE,Single Customer,RFD,NORMAL,42.44838,-83.27773
SE26022100412,2026-02-22T02:22:19Z,2026-02-22T21:48:33Z,31,2026-02-22T00:03:39Z,2026-02-23T04:35:00Z,1,1,Equipment problem,In Progres,OUTAGE,Single Customer,RFD,NORMAL,42.41276,-83.24364
SE26022100414,2026-02-22T02:22:19Z,2026-02-22T02:22:19Z,1,2026-02-21T20:37:14Z,2026-02-22T04:35:00Z,1,1,Determined upon crew arrival,PC3 Verifi,OUTAGE,Single Customer,CAN,NORMAL,42.4061,-83.1319
SE26022100439,2026-02-22T02:22:19Z,2026-02-22T15:49:25Z,20,2026-02-20T22:40:28Z,2026-02-22T18:40:00Z,1,1,Equipment problem,In Progres,OUTAGE,Single Customer,RFD,NORMAL,42.39225,-83.3063
SE26022100440,2026-02-22T02:22:19Z,2026-02-22T04:29:03Z,2,2026-02-20T16:06:27Z,2026-02-22T06:45:00Z,1,1,Determined upon crew arrival,Pending,OUTAGE,Single Customer,RFD,NORMAL,42.52206,-83.31384
SE26022100458,2026-02-22T04:29:03Z,2026-02-22T09:46:15Z,8,2026-02-22T03:45:25Z,2026-02-22T20:20:00Z,1,1,Determined upon crew arrival,In Progres,OUTAGE,Single Customer,RFD,NORMAL,42.38925,-83.23623
SW26022100444,2026-02-22T04:29:03Z,2026-02-22T07:54:35Z,5,2026-02-22T02:25:31Z,2026-02-22T18:55:00Z,1,1,Equipment problem,In Progres,OUTAGE,Single Customer,WWS,NORMAL,42.32007,-83.36036
SW26022100451,2026-02-22T04:29:03Z,2026-02-22T05:36:40Z,2,2026-02-22T03:38:22Z,2026-02-22T08:10:00Z,2188,2188,Determined upon crew arrival,New,OUTAGE,Subtransmission,WWS,NORMAL,42.2292,-83.57098
NW26022100476,2026-02-22T05:36:40Z,2026-02-22T23:27:29Z,32,2026-02-22T04:53:52Z,2026-02-23T09:25:00Z,1,1,Equipment problem,In Progres,OUTAGE,Single Customer,PON,NORMAL,42.7386,-83.30777
SW26022100474,2026-02-22T05:36:40Z,2026-02-22T17:59:44Z,22,2026-02-22T04:40:35Z,2026-02-22T21:10:00Z,1,1,Problem with the customer equip,In Progres,PRIORITY,,ANN,NORMAL,42.23798,-83.6006
SW26022200005,2026-02-22T06:28:58Z,2026-02-22T06:28:58Z,1,2026-02-22T03:40:41Z,2026-02-22T10:25:00Z,1,1,Determined upon crew arrival,PC3 Verifi,OUTAGE,Single Customer,ANN,NORMAL,42.22216,-83.57943
SE26022200021,2026-02-22T10:27:08Z,2026-02-22T20:53:19Z,20,2026-02-22T09:56:01Z,2026-02-23T02:25:00Z,1,1,Equipment problem,Pending,OUTAGE,Single Customer,RFD,NORMAL,42.41975,-83.24068
SW26022200023,2026-02-22T10:27:08Z,2026-02-22T10:27:08Z,1,2026-02-22T09:45:31Z,2026-02-22T14:30:00Z,4,4,Determined upon crew arrival,In Progres,OUTAGE,Service Transformer,ANN,NORMAL,42.24909,-83.64436
NW26022200027,2026-02-22T11:22:29Z,2026-02-22T13:05:02Z,4,2026-02-22T10:39:45Z,2026-02-22T15:25:00Z,1,1,Equipment problem,In Progres,OUTAGE,Single Customer,HWL,NORMAL,42.75206,-84.17331
SW26022200029,2026-02-22T11:22:29Z,2026-02-22T16:32:17Z,10,2026-02-22T11:09:26Z,2026-02-23T03:40:00Z,1,1,Equipment problem,Pending,OUTAGE,Single Customer,WWS,NORMAL,42.50327,-83.43617
SE26022200030,2026-02-22T11:44:54Z,2026-02-22T17:43:11Z,11,2026-02-22T11:30:01Z,2026-02-22T20:00:00Z,14,14,Equipment problem,In Progres,OUTAGE,Service Transformer,RFD,NORMAL,42.40285,-83.18398
NE26022200031,2026-02-22T11:57:23Z,2026-02-23T02:23:18Z,23,2026-02-22T11:36:46Z,2026-02-23T04:05:00Z,1,1,Equipment problem,In Progres,OUTAGE,Single Customer,MAR,NORMAL,42.79337,-82.61307
NE26022200036,2026-02-22T13:05:02Z,2026-02-22T14:53:30Z,4,2026-02-22T08:06:17Z,2026-02-22T17:00:00Z,1,1,Equipment problem,In Progres,OUTAGE,Single Customer,LAP,NORMAL,43.13026,-83.4221
SE26022200041,2026-02-22T13:05:02Z,2026-02-22T15:26:20Z,5,2026-02-20T16:06:27Z,2026-02-22T17:20:00Z,1,1,Determined upon crew arrival,In Progres,OUTAGE,Single Customer,RFD,NORMAL,42.52206,-83.31384
SW26022200032,2026-02-22T13:05:02Z,2026-02-22T20:53:19Z,15,2026-02-22T12:00:13Z,2026-02-23T04:30:00Z,1,1,Equipment problem,In Progres,OUTAGE,Single Customer,ANN,NORMAL,42.22729,-83.76898
NE26022200043,2026-02-22T13:52:27Z,2026-02-22T15:49:25Z,5,2026-02-22T13:07:24Z,2026-02-22T17:35:00Z,1,1,Equipment problem,In Progres,OUTAGE,Single Customer,LAP,NORMAL,43.17003,-83.35064
NE26022200053,2026-02-22T13:52:27Z,2026-02-22T18:50:14Z,10,2026-02-22T13:33:54Z,2026-02-22T22:05:00Z,4,4,Equipment problem,In Progres,OUTAGE,Service Transformer,MAR,NORMAL,43.00805,-82.52327
SE26022200080,2026-02-22T15:26:20Z,2026-02-22T22:26:04Z,14,2026-02-22T14:52:53Z,2026-02-23T07:30:00Z,1,1,Determined upon crew arrival,In Progres,OUTAGE,Single Customer,RFD,NORMAL,42.23616,-83.21456
NE26022200082,2026-02-22T15:49:25Z,2026-02-23T08:02:10Z,21,2026-02-22T15:04:39Z,2026-02-23T19:35:00Z,1,1,Equipment problem,In Progres,OUTAGE,Single Customer,MAR,NORMAL,43.20385,-82.52523
NW26022200094,2026-02-22T15:49:25Z,2026-02-22T17:59:44Z,5,2026-02-22T14:09:08Z,2026-02-22T20:00:00Z,1,1,Determined upon crew arrival,In Progres,OUTAGE,Single Customer,HWL,NORMAL,42.50822,-83.63306
SE26022200089,2026-02-22T15:49:25Z,2026-02-22T19:46:21Z,8,2026-02-22T13:13:54Z,2026-02-22T19:45:00Z,1,1,Determined upon crew arrival,In Progres,OUTAGE,Single Customer,RFD,NORMAL,42.35372,-83.16903
NE26022200106,2026-02-22T16:32:17Z,2026-02-22T17:02:22Z,2,2026-02-22T15:59:24Z,2026-02-22T20:30:00Z,40,40,Determined upon crew arrival,In Progres,OUTAGE,Device (I),MTC,NORMAL,42.69524,-82.83337
NE26022200107,2026-02-22T16:32:17Z,2026-02-22T17:02:22Z,2,2026-02-22T15:59:24Z,2026-02-22T20:30:00Z,25,25,Determined upon crew arrival,In Progres,OUTAGE,Device (I),MTC,NORMAL,42.69491,-82.83582
NE26022200115,2026-02-22T16:32:17Z,2026-02-22T18:50:14Z,5,2026-02-22T16:08:00Z,2026-02-22T20:40:00Z,1,1,Equipment problem,In Progres,OUTAGE,Single Customer,LAP,NORMAL,42.82803,-83.11076
NE26022200119,2026-02-22T16:32:17Z,2026-02-22T16:32:17Z,1,2026-02-22T15:59:25Z,,1,1,Determined upon crew arrival,New,OUTAGE,Single Customer,MTC,NORMAL,42.69388,-82.83446
NE26022200120,2026-02-22T16:32:17Z,2026-02-22T16:32:17Z,1,2026-02-22T15:59:25Z,,1,1,Determined upon crew arrival,New,OUTAGE,Single Customer,MTC,NORMAL,42.69387,-82.83346
SE26022200102,2026-02-22T16:32:17Z,2026-02-22T16:32:17Z,1,2026-02-20T16:06:27Z,2026-02-22T20:25:00Z,1,1,Determined upon crew arrival,New,OUTAGE,Single Customer,RFD,NORMAL,42.52206,-83.31384
SE26022200104,2026-02-22T16:32:17Z,2026-02-22T19:46:21Z,7,2026-02-22T15:58:19Z,2026-02-22T20:30:00Z,1,1,Determined upon crew arrival,In Progres,OUTAGE,Single Customer,RFD,NORMAL,42.32495,-83.27896
SE26022200109,2026-02-22T16:32:17Z,2026-02-22T17:43:11Z,3,2026-02-22T16:01:24Z,2026-02-22T20:30:00Z,1,1,Determined upon crew arrival,In Progres,SERVICE DOWN NO,,RFD,NORMAL,42.42599,-83.1485
SE26022200116,2026-02-22T16:32:17Z,2026-02-22T17:59:44Z,4,2026-02-22T16:09:03Z,2026-02-22T20:40:00Z,359,33,Public Interference w/DTE equip,In Progres,OUTAGE,Device (II),RFD,NORMAL,42.44776,-83.15518
NE26022200143,2026-02-22T17:02:22Z,2026-02-22T17:02:22Z,1,2026-02-22T16:28:14Z,,1,1,Determined upon crew arrival,New,OUTAGE,Single Customer,MTC,NORMAL,42.48397,-83.03923
SE26022200122,2026-02-22T17:02:22Z,2026-02-22T22:26:04Z,11,2026-02-22T16:18:06Z,2026-02-23T00:50:00Z,1,1,Determined upon crew arrival,In Progres,PRIORITY,,RFD,NORMAL,42.44761,-83.16115
SE26022200139,2026-02-22T17:02:22Z,2026-02-22T22:26:04Z,11,2026-02-22T16:37:10Z,2026-02-23T01:05:00Z,1,1,Determined upon crew arrival,In Progres,PRIORITY,,RFD,NORMAL,42.44717,-83.15966
NE26022200146,2026-02-22T17:43:11Z,2026-02-23T02:23:18Z,14,2026-02-22T16:45:25Z,2026-02-23T09:15:00Z,1,1,Equipment problem,In Progres,OUTAGE,Single Customer,MTC,NORMAL,42.56504,-82.84754
NE26022200159,2026-02-22T17:43:11Z,2026-02-22T22:26:04Z,10,2026-02-22T17:16:17Z,2026-02-23T09:45:00Z,1,1,Determined upon crew arrival,In Progres,OUTAGE,Single Customer,MTC,NORMAL,42.7035,-82.87902
NE26022200160,2026-02-22T17:43:11Z,2026-02-24T12:02:51Z,44,2026-02-20T16:41:20Z,2026-02-24T13:55:00Z,1,1,Problem with the customer equip,In Progres,PRIORITY,,MTC,NORMAL,42.48397,-83.03923
SE26022200155,2026-02-22T17:43:11Z,2026-02-22T17:59:44Z,2,2026-02-22T16:53:36Z,2026-02-22T21:30:00Z,1,1,Determined upon crew arrival,In Progres,OUTAGE,Service Transformer,RFD,NORMAL,42.44674,-83.15846
SE26022200163,2026-02-22T17:59:44Z,2026-02-22T23:51:05Z,12,2026-02-22T17:40:33Z,2026-02-23T10:10:00Z,1,1,Equipment problem,In Progres,OUTAGE,Single Customer,CAN,NORMAL,42.42091,-83.04611
NE26022200168,2026-02-22T18:50:14Z,2026-02-22T23:51:05Z,11,2026-02-21T17:27:20Z,2026-02-23T10:35:00Z,1,1,Equipment problem,In Progres,OUTAGE,Single Customer,MTC,NORMAL,42.54696,-82.87536
SE26022200164,2026-02-22T18:50:14Z,2026-02-23T02:23:18Z,12,2026-02-22T17:58:29Z,2026-02-23T10:30:00Z,1,1,Equipment problem,In Progres,OUTAGE,Single Customer,CAN,NORMAL,42.39531,-83.02187
SE26022200172,2026-02-22T18:50:14Z,2026-02-22T20:53:19Z,5,2026-02-22T18:23:59Z,2026-02-22T22:55:00Z,1,1,Determined upon crew arrival,In Progres,OUTAGE,Single Customer,CAN,NORMAL,42.43748,-83.06273
NW26022200185,2026-02-22T20:28:38Z,2026-02-22T23:51:05Z,8,2026-02-22T19:34:27Z,2026-02-23T00:05:00Z,1,1,Determined upon crew arrival,In Progres,PRIORITY,,PON,NORMAL,42.65142,-83.43746
SE26022200187,2026-02-22T20:28:38Z,2026-02-22T22:26:04Z,5,2026-02-22T14:57:44Z,2026-02-23T00:10:00Z,1,1,Wind damage,In Progres,SERVICE DOWN NO,,RFD,NORMAL,42.23616,-83.21456
SE26022200189,2026-02-22T20:28:38Z,2026-02-22T21:48:33Z,4,2026-02-22T19:48:37Z,2026-02-23T00:20:00Z,1,1,Determined upon crew arrival,In Progres,OUTAGE,Single Customer,RFD,NORMAL,42.40623,-83.19
SE26022200190,2026-02-22T20:53:19Z,2026-02-22T23:51:05Z,7,2026-02-22T20:17:13Z,2026-02-23T00:45:00Z,1,1,Equipment problem,In Progres,SERVICE DOWN NO,,RFD,NORMAL,42.50468,-83.1501
SE26022200196,2026-02-22T21:26:09Z,2026-02-22T23:27:29Z,5,2026-02-22T20:53:40Z,2026-02-23T01:25:00Z,1,1,Determined upon crew arrival,In Progres,OUTAGE,Single Customer,RFD,NORMAL,42.4171,-83.17873
SW26022200197,2026-02-22T21:26:09Z,2026-02-22T21:48:33Z,2,2026-02-22T20:55:32Z,2026-02-23T01:25:00Z,17,17,Determined upon crew arrival,In Progres,OUTAGE,Service Transformer,WWS,NORMAL,42.45464,-83.33957
SE26022200210,2026-02-22T22:26:04Z,2026-02-22T23:51:05Z,4,2026-02-22T21:56:16Z,2026-02-23T02:25:00Z,1,1,Determined upon crew arrival,In Progres,OUTAGE,Single Customer,RFD,NORMAL,42.32744,-83.14986
NE26022200218,2026-02-22T22:52:17Z,2026-02-22T22:52:17Z,1,2026-02-22T22:30:07Z,2026-02-23T03:00:00Z,1,1,Determined upon crew arrival,New,OUTAGE,Single Customer,MTC,NORMAL,42.47713,-82.97932
SW26022200219,2026-02-22T22:52:17Z,2026-02-23T02:23:18Z,4,2026-02-22T22:30:21Z,2026-02-23T03:00:00Z,1,1,Determined upon crew arrival,In Progres,OUTAGE,Single Customer,NPT,NORMAL,41.93622,-83.56423
SW26022200226,2026-02-22T23:27:29Z,2026-02-22T23:51:05Z,2,2026-02-22T23:00:50Z,2026-02-23T03:45:00Z,5,5,Equipment problem,In Progres,OUTAGE,Service Transformer,WWS,NORMAL,42.37691,-83.50482
NE26022200229,2026-02-22T23:51:05Z,2026-02-23T02:23:18Z,2,2026-02-22T23:17:58Z,2026-02-23T03:55:00Z,1,1,Determined upon crew arrival,In Progres,OUTAGE,Single Customer,MAR,NORMAL,42.92765,-82.50059
SE26022200232,2026-02-22T23:51:05Z,2026-02-22T23:51:05Z,1,2026-02-22T20:53:40Z,,1,1,Determined upon crew arrival,In Progres,OUTAGE,Single Customer,RFD,NORMAL,42.4171,-83.17873
NE26022200241,2026-02-23T02:23:18Z,2026-02-23T02:23:18Z,1,2026-02-22T22:30:07Z,2026-02-23T04:55:00Z,1,1,Equipment problem,In Progres,OUTAGE,Single Customer,MTC,NORMAL,42.47713,-82.97932
NW26022200252,2026-02-23T02:23:18Z,2026-02-23T02:23:18Z,1,2026-02-23T02:03:03Z,2026-02-23T06:35:00Z,1,1,Determined upon crew arrival,New,OUTAGE,Single Customer,PON,NORMAL,42.55543,-83.17139
SE26022200237,2026-02-23T02:23:18Z,2026-02-23T04:35:32Z,2,2026-02-23T00:05:07Z,2026-02-23T04:35:00Z,1,1,Determined upon crew arrival,In Progres,OUTAGE,Single Customer,RFD,NORMAL,42.43603,-83.21683
SW26022200240,2026-02-23T02:23:18Z,2026-02-23T02:23:18Z,1,2026-02-23T00:13:25Z,2026-02-23T04:50:00Z,1,1,Equipment problem,In Progres,OUTAGE,Single Customer,WWS,NORMAL,42.37964,-83.35981
SW26022200245,2026-02-23T02:23:18Z,2026-02-23T05:54:08Z,3,2026-02-23T01:18:48Z,2026-02-23T05:50:00Z,1,1,Equipment problem,In Progres,OUTAGE,Single Customer,NPT,NORMAL,42.10215,-83.29229
NE26022200264,2026-02-23T04:35:32Z,2026-02-23T09:07:16Z,5,2026-02-23T03:08:42Z,2026-02-23T11:40:00Z,107,107,Equipment problem,In Progres,OUTAGE,Device (II),MAR,NORMAL,43.31653,-82.54436
NW26022200255,2026-02-23T04:35:32Z,2026-02-23T09:07:16Z,5,2026-02-23T02:26:21Z,2026-02-23T18:55:00Z,1,1,Determined upon crew arrival,In Progres,OUTAGE,Single Customer,PON,NORMAL,42.54994,-83.13052
NW26022200280,2026-02-23T04:35:32Z,2026-02-23T05:54:08Z,2,2026-02-23T03:26:16Z,2026-02-23T08:50:00Z,1,1,Determined upon crew arrival,In Progres,OUTAGE,Single Customer,SBY,NORMAL,42.70929,-83.05989
SW26022200276,2026-02-23T04:35:32Z,2026-02-23T05:54:08Z,2,2026-02-23T03:40:12Z,2026-02-23T08:10:00Z,1,1,Equipment problem,In Progres,OUTAGE,Single Customer,NPT,NORMAL,42.10938,-83.23126
NE26022300007,2026-02-23T05:54:08Z,2026-02-23T11:54:20Z,7,2026-02-23T05:32:47Z,2026-02-23T22:05:00Z,1,1,Determined upon crew arrival,In Progres,SERVICE DOWN NO,,MTC,NORMAL,42.57086,-82.84056
NW26022200282,2026-02-23T05:54:08Z,2026-02-23T09:07:16Z,4,2026-02-23T02:54:26Z,2026-02-23T09:10:00Z,1,1,Equipment problem,In Progres,OUTAGE,Single Customer,PON,NORMAL,42.77701,-83.44963
NW26022200283,2026-02-23T05:54:08Z,2026-02-23T07:06:24Z,2,2026-02-23T04:40:13Z,2026-02-23T09:10:00Z,1,1,Determined upon crew arrival,In Progres,OUTAGE,Single Customer,HWL,NORMAL,42.68183,-84.00794
NW26022300008,2026-02-23T05:54:08Z,2026-02-23T05:54:08Z,1,2026-02-23T05:35:33Z,2026-02-23T10:05:00Z,1,1,Determined upon crew arrival,In Progres,OUTAGE,Single Customer,SBY,NORMAL,42.68219,-83.12689
NE26022300013,2026-02-23T08:02:10Z,2026-02-23T10:12:03Z,3,2026-02-23T06:58:14Z,2026-02-23T11:30:00Z,343,343,Equipment problem,In Progres,OUTAGE,Device (II),NAE,NORMAL,43.52761,-82.67617
NE26022300020,2026-02-23T08:02:10Z,2026-02-23T10:12:03Z,3,2026-02-23T07:08:17Z,2026-02-23T11:40:00Z,1,1,Determined upon crew arrival,In Progres,PRIORITY,,NAE,NORMAL,43.52643,-82.73063
SE26022300026,2026-02-23T08:02:10Z,2026-02-23T10:12:03Z,3,2026-02-23T07:36:30Z,2026-02-23T12:05:00Z,1,1,Determined upon crew arrival,In Progres,PRIORITY,,RFD,NORMAL,42.5246,-83.09366
SE26022300027,2026-02-23T08:02:10Z,2026-02-23T08:02:10Z,1,2026-02-23T07:36:50Z,2026-02-23T12:05:00Z,1,1,Determined upon crew arrival,New,OUTAGE,Single Customer,RFD,NORMAL,42.3886,-83.19554
SE26022300031,2026-02-23T08:02:10Z,2026-02-23T09:07:16Z,2,2026-02-23T07:22:11Z,2026-02-23T12:05:00Z,5,5,Determined upon crew arrival,In Progres,OUTAGE,Device (I),RFD,NORMAL,42.52696,-83.09074
SW26022300037,2026-02-23T08:02:10Z,2026-02-23T08:02:10Z,1,2026-02-23T07:41:22Z,2026-02-23T12:10:00Z,1,1,Determined upon crew arrival,New,OUTAGE,Single Customer,WWS,NORMAL,42.19626,-83.51
SW26022300038,2026-02-23T08:02:10Z,2026-02-23T08:02:10Z,1,2026-02-23T07:41:18Z,2026-02-23T12:10:00Z,46,46,Determined upon crew arrival,New,OUTAGE,Device (I),WWS,NORMAL,42.20769,-83.52272
SW26022300039,2026-02-23T08:02:10Z,2026-02-23T08:02:10Z,1,2026-02-23T07:42:10Z,,1,1,Determined upon crew arrival,New,OUTAGE,Single Customer,WWS,NORMAL,42.19749,-83.52915
SW26022300040,2026-02-23T08:02:10Z,2026-02-23T08:02:10Z,1,2026-02-23T07:42:13Z,,1,1,Determined upon crew arrival,New,OUTAGE,Single Customer,WWS,NORMAL,42.18947,-83.5193
SW26022300041,2026-02-23T08:02:10Z,2026-02-23T08:02:10Z,1,2026-02-23T07:43:01Z,,1,1,Determined upon crew arrival,New,OUTAGE,Single Customer,WWS,NORMAL,42.20284,-83.51427
SW26022300042,2026-02-23T08:02:10Z,2026-02-23T08:02:10Z,1,2026-02-23T07:43:04Z,,1,1,Determined upon crew arrival,New,OUTAGE,Single Customer,WWS,NORMAL,42.19777,-83.523
SW26022300043,2026-02-23T08:02:10Z,2026-02-23T08:02:10Z,1,2026-02-23T07:43:14Z,,1,1,Determined upon crew arrival,New,OUTAGE,Single Customer,WWS,NORMAL,42.19775,-83.51453
SW26022300044,2026-02-23T08:02:10Z,2026-02-23T08:02:10Z,1,2026-02-23T07:43:35Z,,1,1,Determined upon crew arrival,New,OUTAGE,Single Customer,WWS,NORMAL,42.20089,-83.51483
SW26022300045,2026-02-23T08:02:10Z,2026-02-23T08:02:10Z,1,2026-02-23T07:43:35Z,,1,1,Determined upon crew arrival,New,OUTAGE,Single Customer,WWS,NORMAL,42.18811,-83.52255
SW26022300046,2026-02-23T08:02:10Z,2026-02-23T08:02:10Z,1,2026-02-23T07:43:41Z,,1,1,Determined upon crew arrival,New,OUTAGE,Single Customer,WWS,NORMAL,42.19899,-83.51594
SW26022300047,2026-02-23T08:02:10Z,2026-02-23T08:02:10Z,1,2026-02-23T07:43:47Z,,1,1,Determined upon crew arrival,New,OUTAGE,Single Customer,WWS,NORMAL,42.20425,-83.52424
SW26022300048,2026-02-23T08:02:10Z,2026-02-23T08:02:10Z,1,2026-02-23T07:43:50Z,,1,1,Determined upon crew arrival,New,OUTAGE,Single Customer,WWS,NORMAL,42.20216,-83.51968
SW26022300049,2026-02-23T08:02:10Z,2026-02-23T08:02:10Z,1,2026-02-23T07:44:08Z,,1,1,Determined upon crew arrival,New,OUTAGE,Single Customer,WWS,NORMAL,42.19664,-83.53068
SW26022300050,2026-02-23T08:02:10Z,2026-02-23T08:02:10Z,1,2026-02-23T07:44:15Z,,1,1,Determined upon crew arrival,New,OUTAGE,Single Customer,WWS,NORMAL,42.20078,-83.51689
SW26022300051,2026-02-23T08:02:10Z,2026-02-23T08:02:10Z,1,2026-02-23T07:44:16Z,,1,1,Determined upon crew arrival,New,OUTAGE,Single Customer,WWS,NORMAL,42.19951,-83.51414
SW26022300053,2026-02-23T08:02:10Z,2026-02-23T08:02:10Z,1,2026-02-23T07:44:49Z,,1,1,Determined upon crew arrival,New,OUTAGE,Single Customer,WWS,NORMAL,42.20634,-83.52455
NE26022300071,2026-02-23T09:07:16Z,2026-02-23T09:07:16Z,1,2026-02-23T08:58:51Z,,1,1,Determined upon crew arrival,New,OUTAGE,Single Customer,MAR,NORMAL,43.32391,-82.53526
SE26022300056,2026-02-23T09:07:16Z,2026-02-23T10:12:03Z,2,2026-02-23T07:51:55Z,2026-02-23T12:20:00Z,1,1,Determined upon crew arrival,In Progres,PRIORITY,,RFD,NORMAL,42.52664,-83.08803
SW26022300057,2026-02-23T09:07:16Z,2026-02-23T11:54:20Z,4,2026-02-23T07:50:45Z,2026-02-23T12:30:00Z,7,7,Determined upon crew arrival,In Progres,OUTAGE,Device (I),WWS,NORMAL,42.43364,-83.34864
NW26022300077,2026-02-23T10:12:03Z,2026-02-23T14:13:46Z,5,2026-02-23T09:42:10Z,2026-02-23T14:10:00Z,4,4,Public Interference w/DTE equip,In Progres,OUTAGE,Service Transformer,HWL,NORMAL,42.62506,-83.77828
NE26022300088,2026-02-23T13:07:49Z,2026-02-23T18:34:35Z,6,2026-02-23T11:59:50Z,2026-02-24T04:30:00Z,1,1,Determined upon crew arrival,In Progres,OUTAGE,Single Customer,MTC,NORMAL,42.45465,-83.08235
SE26022300087,2026-02-23T13:07:49Z,2026-02-24T02:12:50Z,13,2026-02-22T15:58:19Z,2026-02-24T04:25:00Z,1,1,Equipment problem,In Progres,OUTAGE,Single Customer,RFD,NORMAL,42.32495,-83.27896
SE26022300090,2026-02-23T13:07:49Z,2026-02-23T16:03:57Z,4,2026-02-20T13:51:30Z,2026-02-23T16:50:00Z,1,1,Equipment problem,In Progres,OUTAGE,Single Customer,RFD,NORMAL,42.38413,-83.21182
SE26022300093,2026-02-23T13:07:49Z,2026-02-23T16:03:57Z,4,2026-02-23T12:35:21Z,2026-02-23T17:05:00Z,1,1,Equipment problem,In Progres,OUTAGE,Single Customer,CAN,NORMAL,42.4061,-83.1319
SE26022300094,2026-02-23T13:07:49Z,2026-02-23T13:07:49Z,1,2026-02-23T12:42:46Z,2026-02-23T17:15:00Z,1,1,Determined upon crew arrival,In Progres,OUTAGE,Single Customer,RFD,NORMAL,42.42906,-83.29756
SE26022300098,2026-02-23T13:07:49Z,2026-02-23T20:27:10Z,8,2026-02-23T12:55:23Z,2026-02-24T05:25:00Z,1,1,Equipment problem,In Progres,OUTAGE,Single Customer,RFD,NORMAL,42.53055,-83.09015
SE26022300099,2026-02-23T13:07:49Z,2026-02-23T15:08:41Z,3,2026-02-23T12:55:40Z,2026-02-23T17:25:00Z,1,1,Determined upon crew arrival,In Progres,OUTAGE,Single Customer,CAN,NORMAL,42.42626,-83.14056
SW26022300096,2026-02-23T13:07:49Z,2026-02-23T16:03:57Z,4,2026-02-23T12:52:48Z,2026-02-23T17:25:00Z,1,1,Determined upon crew arrival,In Progres,OUTAGE,Service Secondary,ANN,NORMAL,42.25749,-83.72828
NE26022300104,2026-02-23T14:13:46Z,2026-02-24T16:46:22Z,25,2026-02-23T13:02:25Z,2026-02-24T17:35:00Z,1,1,Equipment problem,In Progres,OUTAGE,Single Customer,MTC,NORMAL,42.7035,-82.87902
NE26022300114,2026-02-23T14:13:46Z,2026-02-23T17:19:07Z,4,2026-02-23T13:22:10Z,2026-02-23T17:50:00Z,1,1,Determined upon crew arrival,In Progres,OUTAGE,Single Customer,MTC,NORMAL,42.48712,-82.97529
NE26022300145,2026-02-23T14:13:46Z,2026-02-23T17:19:07Z,4,2026-02-23T13:59:06Z,2026-02-23T18:30:00Z,1,1,Determined upon crew arrival,In Progres,OUTAGE,Service Secondary,MAR,NORMAL,43.0112,-82.46639
NW26022300106,2026-02-23T14:13:46Z,2026-02-23T16:03:57Z,3,2026-02-23T13:05:35Z,2026-02-23T17:35:00Z,1,1,Equipment problem,In Progres,OUTAGE,Single Customer,PON,NORMAL,42.5395,-83.50007
SW26022300119,2026-02-23T14:13:46Z,2026-02-23T15:08:41Z,2,2026-02-23T13:31:50Z,2026-02-23T18:05:00Z,118,118,Equipment problem,In Progres,OUTAGE,Device (II),WWS,NORMAL,42.46468,-83.44262
SW26022300140,2026-02-23T14:13:46Z,2026-02-23T14:13:46Z,1,2026-02-23T13:54:13Z,2026-02-23T18:25:00Z,8,8,Determined upon crew arrival,In Progres,OUTAGE,Service Transformer,WWS,NORMAL,42.39784,-83.4058
NE26022300153,2026-02-23T15:08:41Z,2026-02-23T17:19:07Z,3,2026-02-23T10:20:15Z,2026-02-23T18:35:00Z,3,3,Equipment problem,In Progres,OUTAGE,Service Transformer,LAP,NORMAL,43.04726,-83.02895
NE26022300156,2026-02-23T15:08:41Z,2026-02-23T15:08:41Z,1,2026-02-23T14:08:02Z,2026-02-23T18:40:00Z,1,1,Determined upon crew arrival,In Progres,OUTAGE,Service Secondary,MAR,NORMAL,42.93726,-82.47005
NE26022300174,2026-02-23T15:08:41Z,2026-02-23T16:03:57Z,2,2026-02-23T14:32:26Z,2026-02-23T19:05:00Z,1,1,Determined upon crew arrival,In Progres,OUTAGE,Single Customer,MAR,NORMAL,43.01135,-82.46403
NE26022300199,2026-02-23T15:08:41Z,2026-02-23T17:19:07Z,3,2026-02-23T14:52:46Z,2026-02-23T19:25:00Z,2,2,Determined upon crew arrival,In Progres,OUTAGE,Service Secondary,MTC,NORMAL,42.51354,-82.97156
NE26022300202,2026-02-23T15:08:41Z,2026-02-23T15:08:41Z,1,2026-02-23T14:57:47Z,,18,18,Determined upon crew arrival,In Progres,OUTAGE,Service Transformer,MTC,NORMAL,42.55665,-82.91273
NW26022300162,2026-02-23T15:08:41Z,2026-02-23T18:34:35Z,4,2026-02-23T14:10:52Z,2026-02-23T18:45:00Z,8,8,Determined upon crew arrival,In Progres,OUTAGE,Service Transformer,SBY,NORMAL,42.67123,-83.1038
SE26022300179,2026-02-23T15:08:41Z,2026-02-23T17:19:07Z,3,2026-02-23T14:34:58Z,2026-02-23T19:05:00Z,1,1,Equipment problem,In Progres,OUTAGE,Single Customer,RFD,NORMAL,42.33535,-83.12617
SW26022300171,2026-02-23T15:08:41Z,2026-02-23T15:08:41Z,1,2026-02-23T14:29:24Z,2026-02-23T19:00:00Z,25,25,Determined upon crew arrival,In Progres,OUTAGE,Service Transformer,NPT,NORMAL,42.07336,-83.25616
SW26022300177,2026-02-23T15:08:41Z,2026-02-23T15:08:41Z,1,2026-02-23T14:33:28Z,2026-02-23T19:05:00Z,1,1,Determined upon crew arrival,In Progres,OUTAGE,Single Customer,WWS,NORMAL,42.3048,-83.39368
SW26022300178,2026-02-23T15:08:41Z,2026-02-23T15:08:41Z,1,2026-02-23T14:33:47Z,2026-02-23T19:05:00Z,3,3,Determined upon crew arrival,In Progres,OUTAGE,Service Transformer,WWS,NORMAL,42.30476,-83.40244
SW26022300184,2026-02-23T15:08:41Z,2026-02-23T15:08:41Z,1,2026-02-23T14:41:33Z,2026-02-23T19:10:00Z,1,1,Determined upon crew arrival,In Progres,OUTAGE,Service Secondary,WWS,NORMAL,42.29548,-83.45878
SW26022300190,2026-02-23T15:08:41Z,2026-02-23T15:08:41Z,1,2026-02-23T14:47:13Z,2026-02-23T19:15:00Z,1,1,Determined upon crew arrival,In Progres,OUTAGE,Single Customer,WWS,NORMAL,42.4657,-83.47573
NE26022300214,2026-02-23T16:03:57Z,2026-02-25T21:49:00Z,51,2026-02-23T15:09:34Z,2026-02-26T07:40:00Z,1,1,Equipment problem,In Progres,OUTAGE,Single Customer,MTC,NORMAL,42.45678,-83.03169
NE26022300249,2026-02-23T16:03:57Z,2026-02-23T18:34:35Z,3,2026-02-23T15:39:46Z,2026-02-23T20:10:00Z,1,1,Determined upon crew arrival,Pending,OUTAGE,Single Customer,MAR,NORMAL,42.96064,-82.45383
NW26022300210,2026-02-23T16:03:57Z,2026-02-23T17:19:07Z,2,2026-02-23T15:06:54Z,2026-02-23T19:35:00Z,1,1,Equipment problem,In Progres,SERVICE DOWN NO,,PON,NORMAL,42.73768,-83.38887
NW26022300228,2026-02-23T16:03:57Z,2026-02-23T17:19:07Z,2,2026-02-23T15:19:45Z,2026-02-23T19:50:00Z,1,1,Equipment problem,In Progres,OUTAGE,Single Customer,SBY,NORMAL,42.62375,-83.08577
NW26022300243,2026-02-23T16:03:57Z,2026-02-23T23:46:57Z,9,2026-02-23T15:37:22Z,2026-02-24T08:05:00Z,1,1,Equipment problem,In Progres,OUTAGE,Single Customer,PON,NORMAL,42.62776,-83.22098
SE26022300251,2026-02-23T16:03:57Z,2026-02-23T16:03:57Z,1,2026-02-23T15:40:52Z,2026-02-23T20:10:00Z,1,1,Determined upon crew arrival,In Progres,OUTAGE,Single Customer,CAN,NORMAL,42.43818,-83.00834
SW26022300208,2026-02-23T16:03:57Z,2026-02-23T16:03:57Z,1,2026-02-23T15:05:31Z,2026-02-23T19:35:00Z,1,1,Determined upon crew arrival,In Progres,OUTAGE,Service Secondary,WWS,NORMAL,42.28498,-83.4029
SW26022300211,2026-02-23T16:03:57Z,2026-02-23T16:03:57Z,1,2026-02-23T14:52:21Z,2026-02-23T19:35:00Z,7,7,Determined upon crew arrival,In Progres,OUTAGE,Service Transformer,WWS,NORMAL,42.29548,-83.45878
SW26022300212,2026-02-23T16:03:57Z,2026-02-23T16:03:57Z,1,2026-02-23T15:07:23Z,2026-02-23T19:35:00Z,1,1,Determined upon crew arrival,In Progres,OUTAGE,Service Secondary,ANN,NORMAL,42.27928,-83.79001
SW26022300222,2026-02-23T16:03:57Z,2026-02-23T18:34:35Z,3,2026-02-23T15:14:02Z,2026-02-23T19:45:00Z,1,1,Determined upon crew arrival,In Progres,OUTAGE,Single Customer,WWS,NORMAL,42.44129,-83.39121
SW26022300241,2026-02-23T16:03:57Z,2026-02-23T17:19:07Z,2,2026-02-23T15:25:50Z,2026-02-23T20:05:00Z,1,1,Equipment problem,In Progres,OUTAGE,Single Customer,ANN,NORMAL,42.25354,-83.56049
NE26022300262,2026-02-23T17:19:07Z,2026-02-24T02:12:50Z,9,2026-02-23T15:50:38Z,2026-02-24T08:20:00Z,1,1,Equipment problem,In Progres,OUTAGE,Single Customer,MTC,NORMAL,42.44849,-83.06327
NE26022300263,2026-02-23T17:19:07Z,2026-02-23T17:19:07Z,1,2026-02-23T15:55:23Z,2026-02-23T20:25:00Z,2,2,Determined upon crew arrival,In Progres,OUTAGE,Service Secondary,MAR,NORMAL,43.0112,-82.46639
NE26022300326,2026-02-23T17:19:07Z,2026-02-23T17:19:07Z,1,2026-02-23T16:41:33Z,2026-02-23T21:10:00Z,1,1,Determined upon crew arrival,New,OUTAGE,Single Customer,LAP,NORMAL,43.20678,-83.38953
NW26022300275,2026-02-23T17:19:07Z,2026-02-23T18:34:35Z,2,2026-02-23T16:07:08Z,2026-02-23T20:35:00Z,1,1,Determined upon crew arrival,In Progres,OUTAGE,Single Customer,PON,NORMAL,42.54241,-83.23208
NW26022300284,2026-02-23T17:19:07Z,2026-02-23T21:12:07Z,5,2026-02-23T16:13:19Z,2026-02-24T08:45:00Z,1,1,Determined upon crew arrival,In Progres,OUTAGE,Single Customer,SBY,NORMAL,42.55634,-83.05907
NW26022300292,2026-02-23T17:19:07Z,2026-02-23T17:19:07Z,1,2026-02-23T16:17:53Z,2026-02-23T20:50:00Z,2,2,Determined upon crew arrival,In Progres,OUTAGE,Service Transformer,HWL,NORMAL,42.57601,-83.81053
NW26022300299,2026-02-23T17:19:07Z,2026-02-23T17:19:07Z,1,2026-02-23T05:35:33Z,2026-02-23T20:55:00Z,1,1,Determined upon crew arrival,In Progres,OUTAGE,Single Customer,SBY,NORMAL,42.68219,-83.12689
NW26022300311,2026-02-23T17:19:07Z,2026-02-23T17:19:07Z,1,2026-02-23T16:26:37Z,2026-02-23T21:00:00Z,5,5,Determined upon crew arrival,In Progres,OUTAGE,Service Transformer,SBY,NORMAL,42.79722,-83.20287
NW26022300340,2026-02-23T17:19:07Z,2026-02-23T18:34:35Z,2,2026-02-23T16:57:39Z,2026-02-23T21:30:00Z,15,15,Determined upon crew arrival,In Progres,OUTAGE,Service Transformer,HWL,NORMAL,42.56349,-83.78659
SE26022300279,2026-02-23T17:19:07Z,2026-02-23T18:34:35Z,2,2026-02-23T16:08:25Z,2026-02-23T20:40:00Z,1,1,Determined upon crew arrival,In Progres,OUTAGE,Service Secondary,RFD,NORMAL,42.51932,-83.23448
SE26022300293,2026-02-23T17:19:07Z,2026-02-24T02:12:50Z,9,2026-02-23T16:00:06Z,2026-02-24T08:50:00Z,1,1,Equipment problem,Pending,OUTAGE,Single Customer,RFD,NORMAL,42.29808,-83.28756
SE26022300297,2026-02-23T17:19:07Z,2026-02-23T18:34:35Z,2,2026-02-23T16:16:31Z,2026-02-23T20:50:00Z,46,46,Determined upon crew arrival,In Progres,OUTAGE,Device (I),RFD,NORMAL,42.51903,-83.23533
SE26022300325,2026-02-23T17:19:07Z,2026-02-23T17:19:07Z,1,2026-02-23T16:41:11Z,2026-02-23T21:10:00Z,1,1,Determined upon crew arrival,In Progres,OUTAGE,Single Customer,RFD,NORMAL,42.44726,-83.20947
SW26022300255,2026-02-23T17:19:07Z,2026-02-23T17:19:07Z,1,2026-02-23T15:46:15Z,2026-02-23T20:15:00Z,1,1,Determined upon crew arrival,In Progres,OUTAGE,Single Customer,WWS,NORMAL,42.3042,-83.40118
SW26022300266,2026-02-23T17:19:07Z,2026-02-23T17:19:07Z,1,2026-02-23T15:56:53Z,2026-02-23T20:25:00Z,1,1,Determined upon crew arrival,In Progres,OUTAGE,Single Customer,WWS,NORMAL,42.34122,-83.36483
SW26022300274,2026-02-23T17:19:07Z,2026-02-23T17:19:07Z,1,2026-02-23T16:05:01Z,2026-02-23T20:35:00Z,1,1,Determined upon crew arrival,In Progres,OUTAGE,Single Customer,WWS,NORMAL,42.50292,-83.36578
SW26022300288,2026-02-23T17:19:07Z,2026-02-23T17:19:07Z,1,2026-02-23T16:15:20Z,2026-02-23T20:45:00Z,1,1,Determined upon crew arrival,In Progres,OUTAGE,Single Customer,WWS,NORMAL,42.30878,-83.34375
SW26022300291,2026-02-23T17:19:07Z,2026-02-23T22:03:26Z,6,2026-02-23T16:13:32Z,2026-02-24T00:50:00Z,57,57,Equipment problem,In Progres,OUTAGE,Device (I),WWS,NORMAL,42.3549,-83.38284
SW26022300312,2026-02-23T17:19:07Z,2026-02-23T18:34:35Z,2,2026-02-23T16:33:22Z,2026-02-23T21:05:00Z,1,1,Determined upon crew arrival,In Progres,OUTAGE,Single Customer,WWS,NORMAL,42.30464,-83.39993
NE26022300391,2026-02-23T18:34:35Z,2026-02-23T22:03:26Z,5,2026-02-23T18:09:21Z,2026-02-23T22:40:00Z,1,1,Equipment problem,In Progres,OUTAGE,Single Customer,NAE,NORMAL,43.76901,-83.12047
NW26022300341,2026-02-23T18:34:35Z,2026-02-23T23:01:20Z,6,2026-02-23T17:05:07Z,2026-02-24T09:35:00Z,1,1,Equipment problem,In Progres,OUTAGE,Single Customer,PON,NORMAL,42.58732,-83.30338
NW26022300375,2026-02-23T18:34:35Z,2026-02-23T23:01:20Z,6,2026-02-23T17:46:22Z,2026-02-24T10:15:00Z,1,1,Equipment problem,In Progres,SERVICE DOWN NO,,PON,NORMAL,42.61681,-83.28469
SE26022300374,2026-02-23T18:34:35Z,2026-02-23T19:44:29Z,2,2026-02-23T17:44:46Z,2026-02-23T22:15:00Z,1,1,Equipment problem,In Progres,OUTAGE,Single Customer,RFD,NORMAL,42.51565,-83.19858
SE26022300381,2026-02-23T18:34:35Z,2026-02-23T23:01:20Z,6,2026-02-23T17:42:17Z,2026-02-24T10:20:00Z,1,1,Equipment problem,In Progres,OUTAGE,Single Customer,RFD,NORMAL,42.49218,-83.13127
SE26022300388,2026-02-23T18:34:35Z,2026-02-23T21:12:07Z,4,2026-02-23T18:02:07Z,2026-02-23T22:30:00Z,1,1,Equipment problem,In Progres,OUTAGE,Single Customer,CAN,NORMAL,42.43415,-82.99289
SE26022300397,2026-02-23T18:34:35Z,2026-02-23T18:34:35Z,1,2026-02-23T17:58:31Z,,1,1,Determined upon crew arrival,New,OUTAGE,Single Customer,RFD,NORMAL,42.41531,-83.19484
SW26022300354,2026-02-23T18:34:35Z,2026-02-23T21:12:07Z,4,2026-02-23T17:25:02Z,2026-02-23T21:55:00Z,1,1,Equipment problem,In Progres,OUTAGE,Single Customer,WWS,NORMAL,42.21977,-83.2775
SW26022300385,2026-02-23T18:34:35Z,2026-02-23T18:34:35Z,1,2026-02-23T18:01:20Z,2026-02-23T22:30:00Z,1,1,Determined upon crew arrival,In Progres,OUTAGE,Single Customer,WWS,NORMAL,42.30695,-83.39881
SW26022300387,2026-02-23T18:34:35Z,2026-02-23T18:34:35Z,1,2026-02-23T18:02:01Z,2026-02-23T22:30:00Z,1,1,Determined upon crew arrival,New,OUTAGE,Single Customer,WWS,NORMAL,42.35667,-83.38535
SW26022300390,2026-02-23T18:34:35Z,2026-02-23T22:03:26Z,5,2026-02-23T18:08:51Z,2026-02-23T22:40:00Z,1,1,Equipment problem,In Progres,OUTAGE,Single Customer,NPT,NORMAL,42.09845,-83.1489
NE26022300398,2026-02-23T19:44:29Z,2026-02-23T19:44:29Z,1,2026-02-23T18:16:53Z,2026-02-23T22:45:00Z,1,1,Determined upon crew arrival,In Progres,OUTAGE,Single Customer,MAR,NORMAL,42.99828,-82.46125
NE26022300433,2026-02-23T19:44:29Z,2026-02-23T19:44:29Z,1,2026-02-23T19:04:35Z,2026-02-23T23:35:00Z,1,1,Determined upon crew arrival,In Progres,OUTAGE,Single Customer,LAP,NORMAL,43.29654,-83.58216
NE26022300442,2026-02-23T19:44:29Z,2026-02-24T20:37:10Z,24,2026-02-23T19:13:25Z,2026-02-24T23:45:00Z,1,1,Equipment problem,In Progres,OUTAGE,Single Customer,MTC,NORMAL,42.45829,-82.98152
NE26022300448,2026-02-23T19:44:29Z,2026-02-24T10:32:05Z,14,2026-02-23T19:19:24Z,2026-02-24T11:50:00Z,1,1,Equipment problem,In Progres,OUTAGE,Single Customer,MTC,NORMAL,42.46363,-82.90496
NW26022300437,2026-02-23T19:44:29Z,2026-02-24T05:42:18Z,9,2026-02-23T19:07:31Z,2026-02-24T11:40:00Z,1,1,Equipment problem,In Progres,OUTAGE,Single Customer,PON,NORMAL,42.57681,-83.157
SE26022300413,2026-02-23T19:44:29Z,2026-02-23T23:46:57Z,6,2026-02-23T18:34:35Z,2026-02-24T11:05:00Z,1,1,Determined upon crew arrival,In Progres,OUTAGE,Single Customer,CAN,NORMAL,42.40962,-82.95875
SE26022300431,2026-02-23T19:44:29Z,2026-02-23T22:03:26Z,4,2026-02-23T19:02:48Z,2026-02-23T23:35:00Z,1,1,Equipment problem,In Progres,OUTAGE,Single Customer,RFD,NORMAL,42.41801,-83.16924
SE26022300439,2026-02-23T19:44:29Z,2026-02-23T22:03:26Z,4,2026-02-23T19:09:43Z,2026-02-23T23:40:00Z,1,1,Determined upon crew arrival,In Progres,OUTAGE,Single Customer,RFD,NORMAL,42.48916,-83.188
SE26022300440,2026-02-23T19:44:29Z,2026-02-24T02:12:50Z,7,2026-02-23T19:12:55Z,2026-02-24T11:45:00Z,1,1,Determined upon crew arrival,In Progres,OUTAGE,Single Customer,RFD,NORMAL,42.42754,-83.1868
SE26022300443,2026-02-23T19:44:29Z,2026-02-23T20:27:10Z,2,2026-02-23T19:15:14Z,2026-02-23T23:45:00Z,1,1,Determined upon crew arrival,In Progres,OUTAGE,Single Customer,RFD,NORMAL,42.37014,-83.29177
SW26022300404,2026-02-23T19:44:29Z,2026-02-23T19:44:29Z,1,2026-02-23T18:21:04Z,2026-02-23T22:50:00Z,1,1,Determined upon crew arrival,In Progres,OUTAGE,Single Customer,WWS,NORMAL,42.34122,-83.36483
SW26022300405,2026-02-23T19:44:29Z,2026-02-23T22:03:26Z,4,2026-02-23T18:10:47Z,2026-02-23T22:50:00Z,1,1,Determined upon crew arrival,In Progres,OUTAGE,Single Customer,WWS,NORMAL,42.3863,-83.33232
SW26022300410,2026-02-23T19:44:29Z,2026-02-23T20:27:10Z,2,2026-02-23T18:33:10Z,2026-02-23T23:05:00Z,1,1,Equipment problem,In Progres,OUTAGE,Single Customer,ANN,NORMAL,42.28585,-83.68987
SW26022300426,2026-02-23T19:44:29Z,2026-02-23T20:27:10Z,2,2026-02-23T13:09:13Z,2026-02-23T23:25:00Z,1,1,Determined upon crew arrival,In Progres,OUTAGE,Single Customer,WWS,NORMAL,42.19223,-83.47507
NE26022300456,2026-02-23T20:27:10Z,2026-02-24T08:28:40Z,11,2026-02-23T19:30:57Z,2026-02-24T12:00:00Z,1,1,Determined upon crew arrival,In Progres,OUTAGE,Single Customer,MTC,NORMAL,42.45723,-82.93924
NE26022300488,2026-02-23T20:27:10Z,2026-02-23T21:12:07Z,2,2026-02-23T19:46:47Z,2026-02-24T00:30:00Z,35,35,Determined upon crew arrival,In Progres,OUTAGE,Device (I),LAP,NORMAL,42.81965,-83.19575
NW26022300483,2026-02-23T20:27:10Z,2026-02-23T20:27:10Z,1,2026-02-23T19:42:12Z,2026-02-24T00:25:00Z,2,2,Determined upon crew arrival,In Progres,OUTAGE,Service Secondary,SBY,NORMAL,42.59744,-82.99895
SE26022300463,2026-02-23T20:27:10Z,2026-02-24T04:26:58Z,7,2026-02-23T19:37:05Z,2026-02-24T12:05:00Z,1,1,Determined upon crew arrival,In Progres,OUTAGE,Single Customer,CAN,NORMAL,42.37714,-83.03288
SE26022300482,2026-02-23T20:27:10Z,2026-02-23T21:12:07Z,2,2026-02-23T19:56:34Z,2026-02-24T00:25:00Z,1,1,Determined upon crew arrival,New,OUTAGE,Single Customer,RFD,NORMAL,42.25593,-83.18852
SE26022300491,2026-02-23T20:27:10Z,2026-02-23T22:03:26Z,3,2026-02-23T20:02:48Z,2026-02-24T00:35:00Z,7,7,Determined upon crew arrival,In Progres,OUTAGE,Service Transformer,RFD,NORMAL,42.33016,-83.31092
SW26022300472,2026-02-23T20:27:10Z,2026-02-23T23:46:57Z,5,2026-02-23T19:46:52Z,2026-02-24T00:15:00Z,1,1,Determined upon crew arrival,In Progres,OUTAGE,Single Customer,WWS,NORMAL,42.18097,-83.33087
NE26022300504,2026-02-23T21:12:07Z,2026-02-23T21:12:07Z,1,2026-02-23T20:24:06Z,2026-02-24T00:55:00Z,1,1,Determined upon crew arrival,In Progres,OUTAGE,Single Customer,MAR,NORMAL,43.0112,-82.46639
NE26022300517,2026-02-23T21:12:07Z,2026-02-23T21:12:07Z,1,2026-02-23T20:33:18Z,2026-02-24T01:05:00Z,1,1,Determined upon crew arrival,In Progres,OUTAGE,Single Customer,MTC,NORMAL,42.46216,-83.00827
NE26022300519,2026-02-23T21:12:07Z,2026-02-23T22:03:26Z,2,2026-02-23T20:34:42Z,2026-02-24T01:05:00Z,1,1,Determined upon crew arrival,In Progres,OUTAGE,Single Customer,MTC,NORMAL,42.46301,-83.00932
NE26022300528,2026-02-23T21:12:07Z,2026-02-23T23:46:57Z,4,2026-02-23T20:25:57Z,2026-02-24T01:10:00Z,27,27,Determined upon crew arrival,In Progres,OUTAGE,Service Transformer,MTC,NORMAL,42.46156,-83.01496
NW26022300559,2026-02-23T21:12:07Z,2026-02-23T21:12:07Z,1,2026-02-23T20:59:31Z,,1,1,Determined upon crew arrival,New,OUTAGE,Single Customer,HWL,NORMAL,42.51586,-83.78209
SE26022300505,2026-02-23T21:12:07Z,2026-02-24T17:55:25Z,19,2026-02-23T20:24:36Z,2026-02-25T00:55:00Z,1,1,Equipment problem,In Progres,OUTAGE,Single Customer,RFD,NORMAL,42.37223,-83.17235
SE26022300518,2026-02-23T21:12:07Z,2026-02-23T23:46:57Z,4,2026-02-23T20:33:13Z,2026-02-24T01:05:00Z,1,1,Determined upon crew arrival,In Progres,SERVICE DOWN NO,,CAN,NORMAL,42.36776,-83.02679
SE26022300521,2026-02-23T21:12:07Z,2026-02-23T23:46:57Z,4,2026-02-23T20:35:29Z,2026-02-24T01:05:00Z,1,1,Determined upon crew arrival,In Progres,SERVICE DOWN NO,,CAN,NORMAL,42.36751,-83.02743
SE26022300539,2026-02-23T21:12:07Z,2026-02-23T22:03:26Z,2,2026-02-23T20:42:02Z,2026-02-24T01:10:00Z,1,1,Determined upon crew arrival,In Progres,OUTAGE,Single Customer,RFD,NORMAL,42.30965,-83.27501
SE26022300547,2026-02-23T21:12:07Z,2026-02-23T23:46:57Z,4,2026-02-23T19:15:14Z,2026-02-24T01:20:00Z,1,1,Equipment problem,In Progres,SERVICE DOWN NO,,RFD,NORMAL,42.37014,-83.29177
SW26022300548,2026-02-23T21:12:07Z,2026-02-23T23:01:20Z,3,2026-02-23T20:50:07Z,2026-02-24T01:20:00Z,1,1,Animal/bird damaged DTE equip,In Progres,OUTAGE,Single Customer,WWS,NORMAL,42.1772,-83.43684
NE26022300562,2026-02-23T22:03:26Z,2026-02-23T23:01:20Z,2,2026-02-22T04:50:54Z,2026-02-24T01:35:00Z,1,1,Equipment problem,In Progres,OUTAGE,Single Customer,MTC,NORMAL,42.5646,-82.88971
NW26022300566,2026-02-23T22:03:26Z,2026-02-23T23:46:57Z,3,2026-02-23T21:22:54Z,2026-02-24T01:55:00Z,1,1,Equipment problem,In Progres,OUTAGE,Single Customer,PON,NORMAL,42.73405,-83.39526
SE26022300569,2026-02-23T22:03:26Z,2026-02-23T23:46:57Z,3,2026-02-23T21:36:06Z,2026-02-24T02:05:00Z,1,1,Equipment problem,In Progres,OUTAGE,Single Customer,RFD,NORMAL,42.35771,-83.28021
NE26022300584,2026-02-23T23:01:20Z,2026-02-23T23:46:57Z,2,2026-02-23T17:43:13Z,2026-02-24T02:25:00Z,1,1,Determined upon crew arrival,In Progres,OUTAGE,Single Customer,MTC,NORMAL,42.47713,-82.97932
NE26022300603,2026-02-23T23:01:20Z,2026-02-23T23:46:57Z,2,2026-02-23T19:40:29Z,2026-02-24T03:00:00Z,1,1,Determined upon crew arrival,PC3 Verifi,OUTAGE,Single Customer,MTC,NORMAL,42.45758,-82.92466
NW26022300607,2026-02-23T23:01:20Z,2026-02-24T02:12:50Z,3,2026-02-23T22:36:45Z,2026-02-24T03:05:00Z,8,8,Determined upon crew arrival,In Progres,OUTAGE,Service Transformer,PON,NORMAL,42.56051,-83.10358
SE26022300585,2026-02-23T23:01:20Z,2026-02-24T02:12:50Z,3,2026-02-23T21:56:58Z,2026-02-24T02:25:00Z,1,1,Determined upon crew arrival,In Progres,OUTAGE,Single Customer,CAN,NORMAL,42.38646,-82.91991
SE26022300608,2026-02-23T23:01:20Z,2026-02-24T02:12:50Z,3,2026-02-23T22:02:15Z,2026-02-24T03:05:00Z,1,1,Determined upon crew arrival,In Progres,OUTAGE,Single Customer,CAN,NORMAL,42.34087,-83.05248
SW26022300587,2026-02-23T23:01:20Z,2026-02-23T23:01:20Z,1,2026-02-23T22:02:05Z,2026-02-24T02:30:00Z,1,1,Equipment problem,In Progres,OUTAGE,Single Customer,ANN,NORMAL,42.29542,-83.88219
SW26022300591,2026-02-23T23:01:20Z,2026-02-23T23:46:57Z,2,2026-02-23T22:12:12Z,2026-02-24T02:40:00Z,1,1,Equipment problem,In Progres,OUTAGE,Single Customer,ANN,NORMAL,42.23107,-83.58491
NW26022300623,2026-02-23T23:46:57Z,2026-02-24T02:12:50Z,2,2026-02-23T23:02:58Z,2026-02-24T13:35:00Z,1,1,Determined upon crew arrival,In Progres,OUTAGE,Single Customer,PON,NORMAL,42.58732,-83.30338
NW26022300624,2026-02-23T23:46:57Z,2026-02-23T23:46:57Z,1,2026-02-23T23:06:47Z,2026-02-24T03:35:00Z,1,1,Determined upon crew arrival,New,OUTAGE,Single Customer,PON,NORMAL,42.58373,-83.30564
NW26022300631,2026-02-23T23:46:57Z,2026-02-23T23:46:57Z,1,2026-02-23T23:08:48Z,2026-02-24T03:40:00Z,1,1,Determined upon crew arrival,New,OUTAGE,Single Customer,PON,NORMAL,42.58749,-83.30413
NW26022300636,2026-02-23T23:46:57Z,2026-02-23T23:46:57Z,1,2026-02-23T22:57:49Z,2026-02-24T03:40:00Z,10,10,Determined upon crew arrival,New,OUTAGE,Device (I),PON,NORMAL,42.58832,-83.30773
NW26022300640,2026-02-23T23:46:57Z,2026-02-23T23:46:57Z,1,2026-02-23T23:24:18Z,2026-02-24T03:55:00Z,1,1,Determined upon crew arrival,New,OUTAGE,Single Customer,PON,NORMAL,42.58864,-83.30611
NE26022300689,2026-02-24T02:12:50Z,2026-02-24T14:40:17Z,12,2026-02-23T22:47:08Z,2026-02-24T16:10:00Z,1,1,Equipment problem,In Progres,OUTAGE,Single Customer,MTC,NORMAL,42.49309,-82.92718
NE26022300718,2026-02-24T02:12:50Z,2026-02-24T02:12:50Z,1,2026-02-23T16:00:31Z,2026-02-24T04:55:00Z,1,1,Equipment problem,In Progres,OUTAGE,Single Customer,MAR,NORMAL,43.00084,-82.42766
NE26022300740,2026-02-24T02:12:50Z,2026-02-24T06:40:32Z,4,2026-02-24T01:32:07Z,2026-02-24T18:00:00Z,1,1,Equipment problem,In Progres,OUTAGE,Single Customer,MTC,NORMAL,42.85109,-82.95238
NE26022300745,2026-02-24T02:12:50Z,2026-02-24T04:26:58Z,2,2026-02-23T13:00:55Z,2026-02-24T06:15:00Z,1,1,Determined upon crew arrival,In Progres,OUTAGE,Single Customer,NAE,NORMAL,43.8088,-82.90975
NW26022300697,2026-02-24T02:12:50Z,2026-02-24T02:12:50Z,1,2026-02-23T22:57:49Z,2026-02-24T04:15:00Z,1,1,Determined upon crew arrival,In Progres,OUTAGE,Single Customer,PON,NORMAL,42.58913,-83.30777
SE26022300704,2026-02-24T02:12:50Z,2026-02-24T02:12:50Z,1,2026-02-23T23:54:24Z,2026-02-24T04:25:00Z,1,1,Determined upon crew arrival,In Progres,OUTAGE,Single Customer,CAN,NORMAL,42.32127,-83.11078
SE26022300719,2026-02-24T02:12:50Z,2026-02-24T02:12:50Z,1,2026-02-24T00:25:27Z,2026-02-24T04:55:00Z,1,1,Determined upon crew arrival,In Progres,OUTAGE,Single Customer,RFD,NORMAL,42.41801,-83.16851
SW26022300737,2026-02-24T02:12:50Z,2026-02-24T02:12:50Z,1,2026-02-24T01:09:54Z,2026-02-24T05:40:00Z,2,2,Determined upon crew arrival,In Progres,OUTAGE,Service Secondary,ANN,NORMAL,42.2444,-83.60318
NE26022300752,2026-02-24T04:26:58Z,2026-02-24T14:40:17Z,11,2026-02-24T02:04:54Z,2026-02-24T18:45:00Z,1,1,Determined upon crew arrival,In Progres,OUTAGE,Single Customer,MTC,NORMAL,42.46764,-82.93003
NE26022300769,2026-02-24T04:26:58Z,2026-02-24T05:42:18Z,2,2026-02-24T03:33:33Z,2026-02-24T08:10:00Z,4,4,Determined upon crew arrival,In Progres,OUTAGE,Service Transformer,MTC,NORMAL,42.59867,-82.9593
NW26022300764,2026-02-24T04:26:58Z,2026-02-24T07:38:37Z,4,2026-02-24T03:15:10Z,2026-02-24T07:45:00Z,4,4,Equipment problem,In Progres,OUTAGE,Service Transformer,PON,NORMAL,42.84128,-83.53821
SE26022300751,2026-02-24T04:26:58Z,2026-02-24T08:28:40Z,5,2026-02-24T02:12:15Z,2026-02-24T18:40:00Z,1,1,Determined upon crew arrival,Pending,OUTAGE,Single Customer,CAN,NORMAL,42.40842,-83.13791
SE26022300759,2026-02-24T04:26:58Z,2026-02-24T04:26:58Z,1,2026-02-24T02:37:48Z,2026-02-24T07:10:00Z,1,1,Determined upon crew arrival,Pending,OUTAGE,Single Customer,CAN,NORMAL,42.34047,-83.02148
SE26022300763,2026-02-24T04:26:58Z,2026-02-24T09:30:30Z,6,2026-02-24T03:05:20Z,2026-02-24T19:40:00Z,1,1,Equipment problem,In Progres,OUTAGE,Single Customer,RFD,NORMAL,42.36005,-83.24621
SE26022300771,2026-02-24T04:26:58Z,2026-02-24T13:43:50Z,10,2026-02-24T04:02:06Z,2026-02-24T20:30:00Z,1,1,Determined upon crew arrival,In Progres,OUTAGE,Single Customer,CAN,NORMAL,42.38314,-83.07696
NE26022300783,2026-02-24T05:42:18Z,2026-02-24T17:55:25Z,13,2026-02-24T00:56:43Z,2026-02-24T21:10:00Z,1,1,Determined upon crew arrival,In Progres,OUTAGE,Single Customer,MTC,NORMAL,42.46031,-83.00865
SE26022300781,2026-02-24T05:42:18Z,2026-02-24T10:32:05Z,6,2026-02-23T21:56:58Z,2026-02-24T21:05:00Z,1,1,Determined upon crew arrival,In Progres,OUTAGE,Single Customer,CAN,NORMAL,42.38646,-82.91991
NW26022400006,2026-02-24T07:38:37Z,2026-02-24T10:32:05Z,4,2026-02-24T06:33:32Z,2026-02-24T11:10:00Z,32,32,Equipment problem,In Progres,OUTAGE,Device (I),SBY,NORMAL,42.81326,-83.01217
SE26022400012,2026-02-24T08:28:40Z,2026-02-24T08:28:40Z,1,2026-02-24T07:48:56Z,2026-02-24T12:35:00Z,2,2,Determined upon crew arrival,New,OUTAGE,Service Secondary,CAN,NORMAL,42.4357,-82.98561
SE26022400017,2026-02-24T08:28:40Z,2026-02-24T10:32:05Z,3,2026-02-24T07:48:57Z,2026-02-24T12:35:00Z,590,590,Determined upon crew arrival,In Progres,OUTAGE,Device (II),CAN,NORMAL,42.43831,-82.99364
SE26022400019,2026-02-24T08:28:40Z,2026-02-24T08:28:40Z,1,2026-02-24T07:48:57Z,2026-02-24T12:35:00Z,2,2,Determined upon crew arrival,New,OUTAGE,Service Secondary,CAN,NORMAL,42.43869,-82.98567
SE26022400023,2026-02-24T08:28:40Z,2026-02-24T08:28:40Z,1,2026-02-24T07:49:02Z,2026-02-24T12:40:00Z,15,15,Determined upon crew arrival,New,OUTAGE,Service Transformer,CAN,NORMAL,42.43782,-82.98687
SE26022400024,2026-02-24T08:28:40Z,2026-02-24T08:28:40Z,1,2026-02-24T07:48:59Z,2026-02-24T12:40:00Z,2,2,Determined upon crew arrival,New,OUTAGE,Service Secondary,CAN,NORMAL,42.43568,-82.98679
NA26022400231,2026-02-24T09:30:30Z,2026-02-24T09:30:30Z,1,2026-02-24T09:15:12Z,,1,1,Determined upon crew arrival,New,OUTAGE,Single Customer,MTC,NORMAL,42.5386,-82.96084
NE26022400030,2026-02-24T09:30:30Z,2026-02-24T09:30:30Z,1,2026-02-24T09:03:17Z,2026-02-24T13:35:00Z,1919,1919,Determined upon crew arrival,PC3 Verifi,OUTAGE,Circuit Level,SBY,NORMAL,42.55526,-82.9696
NE26022400031,2026-02-24T09:30:30Z,2026-02-24T10:32:05Z,2,2026-02-24T09:03:16Z,2026-02-24T13:35:00Z,654,654,Determined upon crew arrival,In Progres,OUTAGE,Device (II),MTC,NORMAL,42.56408,-82.94616
NE26022400032,2026-02-24T09:30:30Z,2026-02-24T10:32:05Z,2,2026-02-24T09:02:45Z,2026-02-24T13:35:00Z,2,2,Determined upon crew arrival,PC3 Verifi,OUTAGE,Service Secondary,MTC,NORMAL,42.53107,-82.97023
NE26022400036,2026-02-24T09:30:30Z,2026-02-24T09:30:30Z,1,2026-02-24T09:03:56Z,2026-02-24T13:35:00Z,648,648,Determined upon crew arrival,New,OUTAGE,Device (II),MTC,NORMAL,42.53557,-82.95155
NE26022400044,2026-02-24T09:30:30Z,2026-02-24T12:02:51Z,4,2026-02-24T09:02:25Z,2026-02-24T13:35:00Z,1725,1725,Public Interference w/DTE equip,In Progres,OUTAGE,Subtransmission,MTC,NORMAL,42.53305,-82.92719
NE26022400048,2026-02-24T09:30:30Z,2026-02-24T09:30:30Z,1,2026-02-24T09:04:23Z,2026-02-24T13:35:00Z,7,7,Determined upon crew arrival,New,OUTAGE,Service Transformer,MTC,NORMAL,42.53821,-82.9621
NE26022400053,2026-02-24T09:30:30Z,2026-02-24T09:30:30Z,1,2026-02-24T09:04:41Z,2026-02-24T13:35:00Z,39,39,Determined upon crew arrival,New,OUTAGE,Device (I),MTC,NORMAL,42.53876,-82.93192
NE26022400057,2026-02-24T09:30:30Z,2026-02-24T10:32:05Z,2,2026-02-24T09:02:26Z,2026-02-24T13:35:00Z,857,857,Determined upon crew arrival,In Progres,OUTAGE,Circuit Level,MTC,NORMAL,42.53889,-82.93065
NE26022400088,2026-02-24T09:30:30Z,2026-02-24T10:32:05Z,2,2026-02-24T09:05:35Z,2026-02-24T13:35:00Z,1,1,Determined upon crew arrival,PC3 Verifi,OUTAGE,Single Customer,MTC,NORMAL,42.558,-82.94925
NE26022400125,2026-02-24T09:30:30Z,2026-02-24T09:30:30Z,1,2026-02-24T09:06:25Z,2026-02-24T13:35:00Z,2,2,Determined upon crew arrival,New,OUTAGE,Service Secondary,MTC,NORMAL,42.54602,-82.9463
NE26022400135,2026-02-24T09:30:30Z,2026-02-24T10:32:05Z,2,2026-02-24T09:06:49Z,2026-02-24T13:35:00Z,1,1,Determined upon crew arrival,PC3 Verifi,OUTAGE,Single Customer,MTC,NORMAL,42.5501,-82.9367
NE26022400142,2026-02-24T09:30:30Z,2026-02-24T09:30:30Z,1,2026-02-24T09:06:58Z,2026-02-24T13:35:00Z,19,19,Determined upon crew arrival,New,OUTAGE,Service Transformer,MTC,NORMAL,42.54694,-82.9457
NE26022400164,2026-02-24T09:30:30Z,2026-02-24T09:30:30Z,1,2026-02-24T09:07:32Z,2026-02-24T13:40:00Z,20,20,Determined upon crew arrival,New,OUTAGE,Service Transformer,MTC,NORMAL,42.53905,-82.92938
NE26022400175,2026-02-24T09:30:30Z,2026-02-24T09:30:30Z,1,2026-02-24T09:07:47Z,2026-02-24T13:40:00Z,1,1,Determined upon crew arrival,New,OUTAGE,Single Customer,MTC,NORMAL,42.53848,-82.96476
NE26022400189,2026-02-24T09:30:30Z,2026-02-24T09:30:30Z,1,2026-02-24T09:08:31Z,2026-02-24T13:40:00Z,15,15,Determined upon crew arrival,New,OUTAGE,Device (I),MTC,NORMAL,42.5376,-82.96661
NE26022400194,2026-02-24T09:30:30Z,2026-02-24T09:30:30Z,1,2026-02-24T09:08:48Z,2026-02-24T13:40:00Z,1,1,Determined upon crew arrival,New,OUTAGE,Single Customer,MTC,NORMAL,42.54703,-82.92843
NE26022400197,2026-02-24T09:30:30Z,2026-02-24T09:30:30Z,1,2026-02-24T09:08:46Z,2026-02-24T13:40:00Z,1,1,Determined upon crew arrival,New,OUTAGE,Single Customer,MTC,NORMAL,42.5385,-82.96433
NE26022400209,2026-02-24T09:30:30Z,2026-02-24T10:32:05Z,2,2026-02-24T09:09:55Z,2026-02-24T13:40:00Z,1,1,Determined upon crew arrival,PC3 Verifi,OUTAGE,Single Customer,MTC,NORMAL,42.53369,-82.93843
NE26022400219,2026-02-24T09:30:30Z,2026-02-24T09:30:30Z,1,2026-02-24T09:11:20Z,2026-02-24T13:40:00Z,2,2,Determined upon crew arrival,New,OUTAGE,Service Secondary,MTC,NORMAL,42.53812,-82.96347
NE26022400220,2026-02-24T09:30:30Z,2026-02-24T15:39:17Z,7,2026-02-24T09:11:47Z,2026-02-24T17:40:00Z,1,1,Determined upon crew arrival,In Progres,PRIORITY,,MTC,NORMAL,42.55116,-82.93472
NE26022400222,2026-02-24T09:30:30Z,2026-02-24T09:30:30Z,1,2026-02-24T09:11:53Z,2026-02-24T13:40:00Z,1,1,Determined upon crew arrival,New,OUTAGE,Single Customer,MTC,NORMAL,42.53876,-82.95399
NE26022400223,2026-02-24T09:30:30Z,2026-02-24T09:30:30Z,1,2026-02-24T09:11:54Z,2026-02-24T13:40:00Z,1,1,Determined upon crew arrival,New,OUTAGE,Single Customer,MTC,NORMAL,42.54678,-82.92636
NE26022400226,2026-02-24T09:30:30Z,2026-02-24T09:30:30Z,1,2026-02-24T09:12:28Z,,1,1,Determined upon crew arrival,New,OUTAGE,Single Customer,MTC,NORMAL,42.54783,-82.94512
NE26022400227,2026-02-24T09:30:30Z,2026-02-24T10:32:05Z,2,2026-02-24T09:13:31Z,2026-02-24T13:45:00Z,2,2,Determined upon crew arrival,PC3 Verifi,OUTAGE,Service Secondary,MTC,NORMAL,42.5326,-83.00337
NE26022400228,2026-02-24T09:30:30Z,2026-02-24T15:39:17Z,7,2026-02-24T09:14:22Z,2026-02-24T17:45:00Z,1,1,Determined upon crew arrival,In Progres,PRIORITY,,MTC,NORMAL,42.54931,-82.94289
NE26022400229,2026-02-24T09:30:30Z,2026-02-24T10:32:05Z,2,2026-02-24T09:14:25Z,2026-02-24T13:45:00Z,1,1,Determined upon crew arrival,PC3 Verifi,OUTAGE,Single Customer,MTC,NORMAL,42.54262,-82.95834
NE26022400230,2026-02-24T09:30:30Z,2026-02-24T09:30:30Z,1,2026-02-24T09:14:27Z,,1,1,Determined upon crew arrival,New,OUTAGE,Single Customer,MTC,NORMAL,42.54947,-82.94167
NW26022400029,2026-02-24T09:30:30Z,2026-02-24T14:40:17Z,6,2026-02-24T09:03:00Z,2026-02-24T17:35:00Z,1981,1470,Public Interference w/DTE equip,In Progres,OUTAGE,Circuit Level,SBY,NORMAL,42.53614,-82.98971
NW26022400034,2026-02-24T09:30:30Z,2026-02-24T10:32:05Z,2,2026-02-24T09:02:15Z,2026-02-24T13:35:00Z,2636,2636,Determined upon crew arrival,In Progres,OUTAGE,Circuit Level,SBY,NORMAL,42.54457,-82.97814
NE26022400244,2026-02-24T10:32:05Z,2026-02-24T10:32:05Z,1,2026-02-24T09:02:27Z,2026-02-24T13:50:00Z,54,54,Determined upon crew arrival,New,OUTAGE,Circuit Level,MTC,NORMAL,42.54069,-82.93562
NE26022400272,2026-02-24T10:32:05Z,2026-02-24T10:32:05Z,1,2026-02-24T09:22:34Z,2026-02-24T13:55:00Z,1,1,Determined upon crew arrival,PC3 Verifi,OUTAGE,Single Customer,MTC,NORMAL,42.53524,-82.93828
NE26022400275,2026-02-24T10:32:05Z,2026-02-24T13:43:50Z,4,2026-02-24T09:07:10Z,2026-02-24T13:55:00Z,1,1,Determined upon crew arrival,In Progres,OUTAGE,Single Customer,MTC,NORMAL,42.60009,-82.95189
NE26022400276,2026-02-24T10:32:05Z,2026-02-24T10:32:05Z,1,2026-02-24T09:28:11Z,2026-02-24T14:00:00Z,1,1,Determined upon crew arrival,PC3 Verifi,OUTAGE,Single Customer,MTC,NORMAL,42.53229,-82.93274
NE26022400278,2026-02-24T10:32:05Z,2026-02-24T10:32:05Z,1,2026-02-24T09:29:45Z,2026-02-24T14:00:00Z,1,1,Determined upon crew arrival,PC3 Verifi,OUTAGE,Single Customer,MTC,NORMAL,42.53294,-82.98754
NE26022400279,2026-02-24T10:32:05Z,2026-02-24T10:32:05Z,1,2026-02-24T09:29:48Z,2026-02-24T14:00:00Z,1,1,Determined upon crew arrival,PC3 Verifi,OUTAGE,Single Customer,MTC,NORMAL,42.54002,-82.93959
NE26022400280,2026-02-24T10:32:05Z,2026-02-24T15:39:17Z,6,2026-02-24T09:31:37Z,2026-02-24T18:00:00Z,1,1,Determined upon crew arrival,In Progres,PRIORITY,,MTC,NORMAL,42.55085,-82.96371
NE26022400283,2026-02-24T10:32:05Z,2026-02-24T10:32:05Z,1,2026-02-24T09:42:34Z,,1,1,Determined upon crew arrival,New,OUTAGE,Single Customer,MTC,NORMAL,42.54801,-82.93073
NE26022400284,2026-02-24T10:32:05Z,2026-02-24T14:40:17Z,5,2026-02-24T09:43:19Z,2026-02-24T18:15:00Z,1,1,Determined upon crew arrival,In Progres,PRIORITY,,MTC,NORMAL,42.54096,-82.93054
NW26022400030,2026-02-24T10:32:05Z,2026-02-24T10:32:05Z,1,2026-02-24T09:02:21Z,2026-02-24T13:35:00Z,1919,1919,Determined upon crew arrival,In Progres,OUTAGE,Circuit Level,SBY,NORMAL,42.55526,-82.9696
NW26022400231,2026-02-24T10:32:05Z,2026-02-24T10:32:05Z,1,2026-02-24T09:02:29Z,2026-02-24T13:45:00Z,155,155,Determined upon crew arrival,In Progres,OUTAGE,Circuit Level,SBY,NORMAL,42.54469,-82.94979
NE26022400287,2026-02-24T11:27:12Z,2026-02-24T15:39:17Z,5,2026-02-24T10:14:30Z,2026-02-24T18:45:00Z,1,1,Determined upon crew arrival,In Progres,PRIORITY,,MTC,NORMAL,42.5656,-82.9679
NE26022400289,2026-02-24T11:27:12Z,2026-02-24T16:46:22Z,6,2026-02-24T10:20:54Z,2026-02-25T02:50:00Z,1,1,Equipment problem,In Progres,OUTAGE,Single Customer,NAE,NORMAL,43.61029,-83.43654
NE26022400296,2026-02-24T11:27:12Z,2026-02-24T15:39:17Z,5,2026-02-24T10:52:59Z,2026-02-24T19:25:00Z,1,1,Determined upon crew arrival,In Progres,PRIORITY,,MTC,NORMAL,42.54431,-82.93315
NE26022400356,2026-02-24T11:27:12Z,2026-02-24T15:39:17Z,5,2026-02-24T10:57:47Z,2026-02-24T15:30:00Z,1,1,Determined upon crew arrival,In Progres,PRIORITY,,MTC,NORMAL,42.55061,-82.9323
NE26022400377,2026-02-24T11:27:12Z,2026-02-24T15:39:17Z,5,2026-02-24T10:58:19Z,2026-02-24T15:30:00Z,1,1,Determined upon crew arrival,In Progres,PRIORITY,,MTC,NORMAL,42.55268,-82.93274
NE26022400468,2026-02-24T11:27:12Z,2026-02-24T11:27:12Z,1,2026-02-24T11:09:36Z,2026-02-24T15:40:00Z,1,1,Determined upon crew arrival,PC3 Verifi,OUTAGE,Single Customer,MTC,NORMAL,42.52697,-82.98203
NE26022400472,2026-02-24T11:27:12Z,2026-02-24T11:27:12Z,1,2026-02-24T10:55:18Z,2026-02-24T15:40:00Z,1,1,Determined upon crew arrival,New,OUTAGE,Single Customer,MTC,NORMAL,42.55463,-82.94751
NE26022400473,2026-02-24T11:27:12Z,2026-02-24T11:27:12Z,1,2026-02-24T10:55:13Z,2026-02-24T15:40:00Z,1,1,Determined upon crew arrival,New,OUTAGE,Single Customer,MTC,NORMAL,42.5572,-82.9492
NE26022400474,2026-02-24T11:27:12Z,2026-02-24T11:27:12Z,1,2026-02-24T10:55:19Z,2026-02-24T15:40:00Z,1,1,Determined upon crew arrival,New,OUTAGE,Single Customer,MTC,NORMAL,42.54205,-82.96383
NE26022400477,2026-02-24T11:27:12Z,2026-02-24T11:27:12Z,1,2026-02-24T10:55:19Z,2026-02-24T15:40:00Z,1,1,Determined upon crew arrival,New,OUTAGE,Single Customer,MTC,NORMAL,42.55111,-82.92968
NE26022400478,2026-02-24T11:27:12Z,2026-02-24T11:27:12Z,1,2026-02-24T10:55:17Z,2026-02-24T15:40:00Z,14,14,Determined upon crew arrival,New,OUTAGE,Device (I),MTC,NORMAL,42.54521,-82.95422
NE26022400480,2026-02-24T11:27:12Z,2026-02-24T11:27:12Z,1,2026-02-24T10:55:19Z,2026-02-24T15:40:00Z,1,1,Determined upon crew arrival,New,OUTAGE,Single Customer,MTC,NORMAL,42.5521,-82.94929
NE26022400482,2026-02-24T11:27:12Z,2026-02-24T11:27:12Z,1,2026-02-24T10:55:17Z,2026-02-24T15:40:00Z,2,2,Determined upon crew arrival,New,OUTAGE,Service Secondary,MTC,NORMAL,42.54405,-82.95789
NE26022400484,2026-02-24T11:27:12Z,2026-02-24T11:27:12Z,1,2026-02-24T10:55:19Z,2026-02-24T15:40:00Z,2,2,Determined upon crew arrival,New,OUTAGE,Service Secondary,MTC,NORMAL,42.54361,-82.95941
NE26022400485,2026-02-24T11:27:12Z,2026-02-24T11:27:12Z,1,2026-02-24T10:55:17Z,2026-02-24T15:40:00Z,2,2,Determined upon crew arrival,New,OUTAGE,Service Secondary,MTC,NORMAL,42.54618,-82.95537
NE26022400486,2026-02-24T11:27:12Z,2026-02-24T11:27:12Z,1,2026-02-24T10:55:19Z,2026-02-24T15:40:00Z,1,1,Determined upon crew arrival,New,OUTAGE,Single Customer,MTC,NORMAL,42.55341,-82.9438
NE26022400487,2026-02-24T11:27:12Z,2026-02-24T11:27:12Z,1,2026-02-24T10:55:18Z,2026-02-24T15:40:00Z,1,1,Determined upon crew arrival,New,OUTAGE,Single Customer,MTC,NORMAL,42.558,-82.94925
NE26022400488,2026-02-24T11:27:12Z,2026-02-24T11:27:12Z,1,2026-02-24T10:55:17Z,2026-02-24T15:40:00Z,2,2,Determined upon crew arrival,New,OUTAGE,Service Secondary,MTC,NORMAL,42.5544,-82.93622
NE26022400489,2026-02-24T11:27:12Z,2026-02-24T11:27:12Z,1,2026-02-24T10:55:17Z,2026-02-24T15:40:00Z,1,1,Determined upon crew arrival,New,OUTAGE,Single Customer,MTC,NORMAL,42.55541,-82.93761
NE26022400490,2026-02-24T11:27:12Z,2026-02-24T12:02:51Z,2,2026-02-24T10:55:17Z,2026-02-24T15:40:00Z,190,190,Determined upon crew arrival,In Progres,OUTAGE,Device (II),MTC,NORMAL,42.54445,-82.95158
NE26022400491,2026-02-24T11:27:12Z,2026-02-24T12:02:51Z,2,2026-02-24T10:55:19Z,2026-02-24T15:40:00Z,28,28,Determined upon crew arrival,In Progres,OUTAGE,Device (II),MTC,NORMAL,42.54237,-82.95862
NE26022400492,2026-02-24T11:27:12Z,2026-02-24T11:27:12Z,1,2026-02-24T10:55:19Z,2026-02-24T15:40:00Z,1,1,Determined upon crew arrival,New,OUTAGE,Single Customer,MTC,NORMAL,42.54308,-82.96097
NE26022400493,2026-02-24T11:27:12Z,2026-02-24T11:27:12Z,1,2026-02-24T10:55:17Z,2026-02-24T15:40:00Z,1,1,Determined upon crew arrival,New,OUTAGE,Single Customer,MTC,NORMAL,42.53124,-82.98018
NE26022400494,2026-02-24T11:27:12Z,2026-02-24T11:27:12Z,1,2026-02-24T10:55:17Z,2026-02-24T15:40:00Z,19,19,Determined upon crew arrival,New,OUTAGE,Service Transformer,MTC,NORMAL,42.54675,-82.95619
NE26022400495,2026-02-24T11:27:12Z,2026-02-24T11:27:12Z,1,2026-02-24T10:55:17Z,2026-02-24T15:40:00Z,14,14,Determined upon crew arrival,New,OUTAGE,Service Transformer,MTC,NORMAL,42.5461,-82.95793
NE26022400496,2026-02-24T11:27:12Z,2026-02-24T11:27:12Z,1,2026-02-24T10:55:17Z,2026-02-24T15:40:00Z,1,1,Determined upon crew arrival,New,OUTAGE,Single Customer,MTC,NORMAL,42.5514,-82.92944
NE26022400497,2026-02-24T11:27:12Z,2026-02-24T12:02:51Z,2,2026-02-24T10:55:17Z,2026-02-24T15:40:00Z,42,42,Determined upon crew arrival,In Progres,OUTAGE,Device (I),MTC,NORMAL,42.54501,-82.95906
NE26022400499,2026-02-24T11:27:12Z,2026-02-24T12:02:51Z,2,2026-02-24T10:55:19Z,2026-02-24T15:40:00Z,161,161,Determined upon crew arrival,In Progres,OUTAGE,Device (II),MTC,NORMAL,42.52583,-82.97658
NE26022400500,2026-02-24T11:27:12Z,2026-02-24T12:02:51Z,2,2026-02-24T10:55:17Z,2026-02-24T15:40:00Z,104,104,Determined upon crew arrival,In Progres,OUTAGE,Device (II),MTC,NORMAL,42.54331,-82.9551
NE26022400501,2026-02-24T11:27:12Z,2026-02-24T11:27:12Z,1,2026-02-24T10:55:16Z,2026-02-24T15:15:00Z,396,396,Determined upon crew arrival,New,OUTAGE,Device (II),MTC,NORMAL,42.55757,-82.93495
NE26022400502,2026-02-24T11:27:12Z,2026-02-24T11:27:12Z,1,2026-02-24T10:55:22Z,2026-02-24T15:40:00Z,1,1,Determined upon crew arrival,New,OUTAGE,Single Customer,MTC,NORMAL,42.54944,-82.95219
NE26022400503,2026-02-24T11:27:12Z,2026-02-24T11:27:12Z,1,2026-02-24T10:55:22Z,2026-02-24T15:40:00Z,4,4,Determined upon crew arrival,New,OUTAGE,Service Transformer,MTC,NORMAL,42.54661,-82.95434
NE26022400504,2026-02-24T11:27:12Z,2026-02-24T11:27:12Z,1,2026-02-24T10:55:20Z,2026-02-24T15:40:00Z,2,2,Determined upon crew arrival,New,OUTAGE,Service Secondary,MTC,NORMAL,42.54748,-82.95137
NE26022400505,2026-02-24T11:27:12Z,2026-02-24T11:27:12Z,1,2026-02-24T10:55:24Z,2026-02-24T15:40:00Z,1,1,Determined upon crew arrival,New,OUTAGE,Single Customer,MTC,NORMAL,42.54105,-82.96289
NE26022400506,2026-02-24T11:27:12Z,2026-02-24T11:27:12Z,1,2026-02-24T10:55:22Z,2026-02-24T15:40:00Z,1,1,Determined upon crew arrival,New,OUTAGE,Single Customer,MTC,NORMAL,42.54397,-82.96175
NE26022400507,2026-02-24T11:27:12Z,2026-02-24T11:27:12Z,1,2026-02-24T10:55:20Z,2026-02-24T15:40:00Z,1,1,Determined upon crew arrival,New,OUTAGE,Single Customer,MTC,NORMAL,42.54681,-82.9536
NE26022400508,2026-02-24T11:27:12Z,2026-02-24T11:27:12Z,1,2026-02-24T10:55:22Z,2026-02-24T15:40:00Z,1,1,Determined upon crew arrival,New,OUTAGE,Single Customer,MTC,NORMAL,42.54909,-82.93279
NE26022400509,2026-02-24T11:27:12Z,2026-02-24T11:27:12Z,1,2026-02-24T10:55:23Z,2026-02-24T15:40:00Z,1,1,Determined upon crew arrival,New,OUTAGE,Single Customer,MTC,NORMAL,42.55426,-82.95149
NE26022400510,2026-02-24T11:27:12Z,2026-02-24T11:27:12Z,1,2026-02-24T10:55:20Z,2026-02-24T15:40:00Z,2,2,Determined upon crew arrival,New,OUTAGE,Service Secondary,MTC,NORMAL,42.53767,-82.97844
NE26022400511,2026-02-24T11:27:12Z,2026-02-24T11:27:12Z,1,2026-02-24T10:55:20Z,2026-02-24T15:40:00Z,1,1,Determined upon crew arrival,New,OUTAGE,Single Customer,MTC,NORMAL,42.53107,-82.97023
NE26022400512,2026-02-24T11:27:12Z,2026-02-24T11:27:12Z,1,2026-02-24T10:55:20Z,2026-02-24T15:40:00Z,1,1,Determined upon crew arrival,New,OUTAGE,Single Customer,MTC,NORMAL,42.52581,-82.9716
NE26022400513,2026-02-24T11:27:12Z,2026-02-24T11:27:12Z,1,2026-02-24T10:55:12Z,2026-02-24T15:40:00Z,1,1,Determined upon crew arrival,New,OUTAGE,Single Customer,MTC,NORMAL,42.52529,-82.98225
NE26022400515,2026-02-24T11:27:12Z,2026-02-24T11:27:12Z,1,2026-02-24T10:55:20Z,2026-02-24T15:40:00Z,1,1,Determined upon crew arrival,New,OUTAGE,Single Customer,MTC,NORMAL,42.55268,-82.93274
NE26022400516,2026-02-24T11:27:12Z,2026-02-24T11:27:12Z,1,2026-02-24T10:55:24Z,2026-02-24T15:40:00Z,1,1,Determined upon crew arrival,New,OUTAGE,Single Customer,MTC,NORMAL,42.54003,-82.96253
NE26022400517,2026-02-24T11:27:12Z,2026-02-24T11:27:12Z,1,2026-02-24T10:55:20Z,2026-02-24T15:40:00Z,10,10,Determined upon crew arrival,New,OUTAGE,Service Transformer,MTC,NORMAL,42.54444,-82.95663
NE26022400519,2026-02-24T11:27:12Z,2026-02-24T11:27:12Z,1,2026-02-24T10:55:21Z,2026-02-24T15:40:00Z,1,1,Determined upon crew arrival,New,OUTAGE,Single Customer,MTC,NORMAL,42.54966,-82.93028
NE26022400520,2026-02-24T11:27:12Z,2026-02-24T11:27:12Z,1,2026-02-24T10:55:22Z,2026-02-24T15:40:00Z,1,1,Determined upon crew arrival,New,OUTAGE,Single Customer,MTC,NORMAL,42.55328,-82.93126
NE26022400521,2026-02-24T11:27:12Z,2026-02-24T11:27:12Z,1,2026-02-24T10:55:18Z,2026-02-24T15:40:00Z,1,1,Determined upon crew arrival,New,OUTAGE,Single Customer,MTC,NORMAL,42.54271,-82.95576
NE26022400522,2026-02-24T11:27:12Z,2026-02-24T11:27:12Z,1,2026-02-24T10:55:27Z,2026-02-24T15:40:00Z,1,1,Determined upon crew arrival,New,OUTAGE,Single Customer,MTC,NORMAL,42.55848,-82.95764
NE26022400523,2026-02-24T11:27:12Z,2026-02-24T11:27:12Z,1,2026-02-24T10:55:26Z,2026-02-24T15:40:00Z,2,2,Determined upon crew arrival,New,OUTAGE,Service Secondary,MTC,NORMAL,42.54718,-82.9538
NE26022400524,2026-02-24T11:27:12Z,2026-02-24T11:27:12Z,1,2026-02-24T10:55:30Z,2026-02-24T15:40:00Z,1,1,Determined upon crew arrival,New,OUTAGE,Single Customer,MTC,NORMAL,42.55389,-82.93158
NE26022400526,2026-02-24T11:27:12Z,2026-02-24T11:27:12Z,1,2026-02-24T10:55:28Z,2026-02-24T15:40:00Z,1,1,Determined upon crew arrival,New,OUTAGE,Single Customer,MTC,NORMAL,42.55822,-82.93687
NE26022400527,2026-02-24T11:27:12Z,2026-02-24T11:27:12Z,1,2026-02-24T10:55:30Z,2026-02-24T15:40:00Z,1,1,Determined upon crew arrival,New,OUTAGE,Single Customer,MTC,NORMAL,42.55945,-82.95501
NE26022400529,2026-02-24T11:27:12Z,2026-02-24T11:27:12Z,1,2026-02-24T10:55:25Z,2026-02-24T15:40:00Z,2,2,Determined upon crew arrival,New,OUTAGE,Service Secondary,MTC,NORMAL,42.53769,-82.9775
NE26022400530,2026-02-24T11:27:12Z,2026-02-24T12:02:51Z,2,2026-02-24T10:55:16Z,2026-02-24T15:15:00Z,72,72,Determined upon crew arrival,In Progres,OUTAGE,Device (I),MTC,NORMAL,42.55692,-82.93265
NE26022400531,2026-02-24T11:27:12Z,2026-02-24T11:27:12Z,1,2026-02-24T10:55:32Z,2026-02-24T15:40:00Z,1,1,Determined upon crew arrival,New,OUTAGE,Single Customer,MTC,NORMAL,42.53107,-82.982
NE26022400532,2026-02-24T11:27:12Z,2026-02-24T11:27:12Z,1,2026-02-24T11:12:27Z,,1,1,Determined upon crew arrival,New,OUTAGE,Single Customer,MTC,NORMAL,42.53381,-83.00541
NE26022400533,2026-02-24T11:27:12Z,2026-02-24T11:27:12Z,1,2026-02-24T11:13:16Z,,1,1,Determined upon crew arrival,New,OUTAGE,Single Customer,MTC,NORMAL,42.55217,-82.94363
NW26022400285,2026-02-24T11:27:12Z,2026-02-24T15:39:17Z,5,2026-02-24T09:52:04Z,2026-02-24T18:20:00Z,1,1,Determined upon crew arrival,In Progres,PRIORITY,,SBY,NORMAL,42.54384,-82.98413
NW26022400288,2026-02-24T11:27:12Z,2026-02-24T14:40:17Z,4,2026-02-24T10:17:51Z,2026-02-24T14:50:00Z,4,4,Equipment problem,In Progres,OUTAGE,Service Transformer,SBY,NORMAL,42.81298,-83.01217
NW26022400465,2026-02-24T11:27:12Z,2026-02-24T12:02:51Z,2,2026-02-24T11:08:02Z,2026-02-24T15:40:00Z,1,1,Determined upon crew arrival,PC3 Verifi,OUTAGE,Single Customer,SBY,NORMAL,42.54828,-82.98322
NW26022400466,2026-02-24T11:27:12Z,2026-02-24T12:02:51Z,2,2026-02-24T11:08:02Z,2026-02-24T15:40:00Z,1,1,Determined upon crew arrival,PC3 Verifi,OUTAGE,Single Customer,SBY,NORMAL,42.55097,-82.98357
SW26022400292,2026-02-24T11:27:12Z,2026-02-24T15:39:17Z,5,2026-02-24T10:31:41Z,2026-02-25T03:00:00Z,1,1,Determined upon crew arrival,In Progres,OUTAGE,Single Customer,ANN,NORMAL,42.18723,-83.78326
NE26022400543,2026-02-24T12:02:51Z,2026-02-24T13:43:50Z,2,2026-02-24T10:46:40Z,2026-02-24T15:55:00Z,1,1,Determined upon crew arrival,In Progres,OUTAGE,Single Customer,MTC,NORMAL,42.59828,-82.8866
NE26022400546,2026-02-24T12:02:51Z,2026-02-24T12:02:51Z,1,2026-02-24T11:27:48Z,2026-02-24T16:00:00Z,1,1,Determined upon crew arrival,New,OUTAGE,Single Customer,MTC,NORMAL,42.5501,-82.95988
NE26022400556,2026-02-24T12:02:51Z,2026-02-24T12:02:51Z,1,2026-02-24T11:37:25Z,2026-02-24T16:10:00Z,1,1,Determined upon crew arrival,New,OUTAGE,Single Customer,MTC,NORMAL,42.5326,-83.00337
SW26022400554,2026-02-24T12:02:51Z,2026-02-24T12:02:51Z,1,2026-02-24T11:35:58Z,2026-02-24T16:05:00Z,1096,1096,Determined upon crew arrival,New,OUTAGE,Device (II),NPT,NORMAL,42.11401,-83.21037
SW26022400555,2026-02-24T12:02:51Z,2026-02-24T12:02:51Z,1,2026-02-24T11:37:04Z,2026-02-24T16:05:00Z,908,908,Determined upon crew arrival,New,OUTAGE,Subtransmission,NPT,NORMAL,42.15156,-83.24071
NE26022400564,2026-02-24T13:43:50Z,2026-02-24T15:39:17Z,3,2026-02-24T11:50:05Z,2026-02-24T16:20:00Z,1,1,Determined upon crew arrival,In Progres,OUTAGE,Single Customer,MTC,NORMAL,42.5361,-82.91282
NE26022400581,2026-02-24T13:43:50Z,2026-02-24T15:39:17Z,3,2026-02-24T11:53:18Z,2026-02-24T16:25:00Z,1,1,Determined upon crew arrival,In Progres,PRIORITY,,MTC,NORMAL,42.54193,-82.95343
NE26022400584,2026-02-24T13:43:50Z,2026-02-24T14:40:17Z,2,2026-02-24T11:58:51Z,2026-02-24T16:30:00Z,1,1,Determined upon crew arrival,In Progres,PRIORITY,,MTC,NORMAL,42.53498,-82.91745
NE26022400608,2026-02-24T13:43:50Z,2026-02-24T15:39:17Z,3,2026-02-24T13:05:30Z,2026-02-24T17:35:00Z,1,1,Determined upon crew arrival,In Progres,OUTAGE,Single Customer,MTC,NORMAL,42.45908,-82.99312
NE26022400611,2026-02-24T13:43:50Z,2026-02-24T16:46:22Z,4,2026-02-24T13:08:06Z,2026-02-24T17:40:00Z,1,1,Equipment problem,In Progres,OUTAGE,Single Customer,MTC,NORMAL,42.45769,-82.99307
NE26022400617,2026-02-24T13:43:50Z,2026-02-24T15:39:17Z,3,2026-02-24T13:08:51Z,2026-02-24T17:45:00Z,1,1,Determined upon crew arrival,In Progres,OUTAGE,Single Customer,MTC,NORMAL,42.45874,-82.99278
NE26022400628,2026-02-24T13:43:50Z,2026-02-24T13:43:50Z,1,2026-02-24T13:28:33Z,,1,1,Determined upon crew arrival,New,OUTAGE,Single Customer,MTC,NORMAL,42.54676,-82.92883
NW26022400594,2026-02-24T13:43:50Z,2026-02-24T14:40:17Z,2,2026-02-24T12:33:10Z,2026-02-24T17:05:00Z,1,1,Determined upon crew arrival,PC3 Verifi,PRIORITY,,SBY,NORMAL,42.53891,-82.98674
NW26022400610,2026-02-24T13:43:50Z,2026-02-24T19:04:35Z,6,2026-02-23T22:41:19Z,2026-02-25T05:35:00Z,1,1,Equipment problem,In Progres,OUTAGE,Single Customer,PON,NORMAL,42.73405,-83.39526
NW26022400615,2026-02-24T13:43:50Z,2026-02-24T13:43:50Z,1,2026-02-24T09:09:16Z,2026-02-24T17:40:00Z,1,1,Determined upon crew arrival,New,OUTAGE,Single Customer,SBY,NORMAL,42.54899,-82.9793
NW26022400621,2026-02-24T13:43:50Z,2026-02-24T14:40:17Z,2,2026-02-24T13:21:13Z,2026-02-24T17:50:00Z,1,1,Determined upon crew arrival,In Progres,OUTAGE,Single Customer,SBY,NORMAL,42.81296,-83.01323
NW26022400623,2026-02-24T13:43:50Z,2026-02-24T19:52:39Z,7,2026-02-24T12:55:16Z,2026-02-25T05:55:00Z,1,1,Equipment problem,In Progres,OUTAGE,Single Customer,SBY,NORMAL,42.62187,-83.03628
NW26022400626,2026-02-24T13:43:50Z,2026-02-24T14:40:17Z,2,2026-02-23T23:24:18Z,2026-02-24T17:55:00Z,1,1,Determined upon crew arrival,In Progres,OUTAGE,Single Customer,PON,NORMAL,42.58864,-83.30611
SE26022400593,2026-02-24T13:43:50Z,2026-02-24T21:18:31Z,9,2026-02-23T23:46:55Z,2026-02-25T05:00:00Z,1,1,Equipment problem,In Progres,OUTAGE,Single Customer,CAN,NORMAL,42.39531,-83.12484
SE26022400601,2026-02-24T13:43:50Z,2026-02-24T16:46:22Z,4,2026-02-24T12:57:58Z,2026-02-24T17:30:00Z,1,1,Equipment problem,In Progres,OUTAGE,Single Customer,RFD,NORMAL,42.34046,-83.22351
NE26022400638,2026-02-24T14:40:17Z,2026-02-24T14:40:17Z,1,2026-02-24T13:42:16Z,2026-02-24T18:10:00Z,2,2,Determined upon crew arrival,PC3 Verifi,OUTAGE,Service Secondary,MTC,NORMAL,42.53029,-82.93097
NE26022400660,2026-02-24T14:40:17Z,2026-02-24T20:37:10Z,7,2026-02-24T14:02:01Z,2026-02-25T06:30:00Z,1,1,Equipment problem,In Progres,OUTAGE,Single Customer,MTC,NORMAL,42.5325,-82.92842
NE26022400663,2026-02-24T14:40:17Z,2026-02-24T14:40:17Z,1,2026-02-24T14:02:49Z,2026-02-24T18:35:00Z,1,1,Determined upon crew arrival,New,OUTAGE,Single Customer,MTC,NORMAL,42.55721,-82.94806
NE26022400665,2026-02-24T14:40:17Z,2026-02-24T14:40:17Z,1,2026-02-24T14:03:50Z,2026-02-24T18:35:00Z,1,1,Determined upon crew arrival,In Progres,OUTAGE,Single Customer,NAE,NORMAL,43.77403,-83.21173
NE26022400680,2026-02-24T14:40:17Z,2026-02-24T17:55:25Z,4,2026-02-24T14:17:03Z,2026-02-24T18:45:00Z,1,1,Determined upon crew arrival,PC3 Verifi,OUTAGE,Single Customer,MTC,NORMAL,42.5326,-83.00337
SE26022400682,2026-02-24T14:40:17Z,2026-02-24T15:39:17Z,2,2026-02-24T14:19:35Z,2026-02-24T18:50:00Z,1,1,Determined upon crew arrival,In Progres,OUTAGE,Single Customer,RFD,NORMAL,42.42873,-83.1711
SW26022400634,2026-02-24T14:40:17Z,2026-02-24T16:46:22Z,3,2026-02-24T13:38:09Z,2026-02-24T18:10:00Z,1,1,Determined upon crew arrival,In Progres,OUTAGE,Single Customer,WWS,NORMAL,42.51564,-83.3712
SW26022400683,2026-02-24T14:40:17Z,2026-02-24T17:55:25Z,4,2026-02-24T14:21:34Z,2026-02-24T18:50:00Z,16,16,Determined upon crew arrival,In Progres,OUTAGE,Service Transformer,NPT,NORMAL,42.10758,-83.28767
SW26022400688,2026-02-24T14:40:17Z,2026-02-24T14:40:17Z,1,2026-02-24T14:29:12Z,,1,1,Determined upon crew arrival,PC3 Verifi,PRIORITY,,WWS,NORMAL,42.3896,-83.37684
NE26022400700,2026-02-24T15:39:17Z,2026-02-24T16:46:22Z,2,2026-02-24T09:02:31Z,2026-02-24T19:15:00Z,1,1,Determined upon crew arrival,PC3 Verifi,OUTAGE,Single Customer,MTC,NORMAL,42.53343,-82.99183
NE26022400702,2026-02-24T15:39:17Z,2026-02-24T17:55:25Z,3,2026-02-24T14:43:38Z,2026-02-24T19:15:00Z,1,1,Determined upon crew arrival,In Progres,OUTAGE,Single Customer,MAR,NORMAL,42.98004,-82.48561
NE26022400707,2026-02-24T15:39:17Z,2026-02-24T17:55:25Z,3,2026-02-24T09:02:31Z,2026-02-24T19:20:00Z,25,25,Determined upon crew arrival,In Progres,OUTAGE,Service Transformer,MTC,NORMAL,42.53592,-82.99244
NE26022400730,2026-02-24T15:39:17Z,2026-02-24T19:52:39Z,5,2026-02-24T15:09:00Z,2026-02-25T07:40:00Z,1,1,Determined upon crew arrival,In Progres,OUTAGE,Single Customer,MTC,NORMAL,42.53668,-83.0003
NE26022400736,2026-02-24T15:39:17Z,2026-02-24T15:39:17Z,1,2026-02-24T15:12:30Z,2026-02-24T19:45:00Z,1,1,Determined upon crew arrival,In Progres,OUTAGE,Service Secondary,MAR,NORMAL,43.00999,-82.45622
NE26022400746,2026-02-24T15:39:17Z,2026-02-24T19:04:35Z,4,2026-02-24T15:18:40Z,2026-02-24T19:50:00Z,1,1,Determined upon crew arrival,In Progres,OUTAGE,Single Customer,MTC,NORMAL,42.54606,-82.92781
NE26022400747,2026-02-24T15:39:17Z,2026-02-24T15:39:17Z,1,2026-02-24T15:21:05Z,2026-02-24T19:50:00Z,1,1,Determined upon crew arrival,In Progres,OUTAGE,Single Customer,LAP,NORMAL,43.29654,-83.58216
NE26022400754,2026-02-24T15:39:17Z,2026-02-24T15:39:17Z,1,2026-02-24T15:27:19Z,,1,1,Determined upon crew arrival,New,OUTAGE,Single Customer,NAE,NORMAL,43.91156,-83.33875
NW26022400694,2026-02-24T15:39:17Z,2026-02-24T15:39:17Z,1,2026-02-24T14:36:28Z,2026-02-24T19:05:00Z,1,1,Determined upon crew arrival,New,PRIORITY,,HWL,NORMAL,42.61773,-83.94815
NW26022400728,2026-02-24T15:39:17Z,2026-02-24T19:04:35Z,4,2026-02-24T10:53:34Z,2026-02-24T19:35:00Z,6,6,Public Interference w/DTE equip,In Progres,OUTAGE,Single Customer,SBY,NORMAL,42.5432,-82.99169
SE26022400748,2026-02-24T15:39:17Z,2026-02-24T16:46:22Z,2,2026-02-24T15:17:15Z,2026-02-24T19:55:00Z,2,2,Determined upon crew arrival,In Progres,OUTAGE,Service Secondary,RFD,NORMAL,42.50331,-83.12745
SE26022400749,2026-02-24T15:39:17Z,2026-02-24T15:39:17Z,1,2026-02-24T15:23:27Z,2026-02-24T19:55:00Z,1,1,Determined upon crew arrival,In Progres,OUTAGE,Single Customer,RFD,NORMAL,42.4275,-83.2208
SW26022400696,2026-02-24T15:39:17Z,2026-02-24T16:46:22Z,2,2026-02-24T14:05:48Z,2026-02-24T19:10:00Z,1,1,Determined upon crew arrival,In Progres,OUTAGE,Single Customer,WWS,NORMAL,42.25152,-83.28995
SW26022400715,2026-02-24T15:39:17Z,2026-02-24T16:46:22Z,2,2026-02-24T14:58:04Z,2026-02-24T19:30:00Z,15,15,Determined upon crew arrival,In Progres,OUTAGE,Service Transformer,WWS,NORMAL,42.34447,-83.35698
SW26022400723,2026-02-24T15:39:17Z,2026-02-24T17:55:25Z,3,2026-02-24T15:01:35Z,2026-02-24T19:35:00Z,1,1,Determined upon crew arrival,In Progres,OUTAGE,Single Customer,WWS,NORMAL,42.27469,-83.34526
SW26022400726,2026-02-24T15:39:17Z,2026-02-24T17:55:25Z,3,2026-02-24T15:05:40Z,2026-02-24T19:35:00Z,4,4,Determined upon crew arrival,In Progres,OUTAGE,Service Transformer,WWS,NORMAL,42.33261,-83.37051
SW26022400733,2026-02-24T15:39:17Z,2026-02-24T23:55:44Z,11,2026-02-24T15:09:31Z,2026-02-25T07:40:00Z,1,1,Equipment problem,In Progres,OUTAGE,Single Customer,ANN,NORMAL,42.2916,-83.67121
SW26022400739,2026-02-24T15:39:17Z,2026-02-24T16:46:22Z,2,2026-02-24T15:12:33Z,2026-02-24T19:45:00Z,1,1,Determined upon crew arrival,In Progres,OUTAGE,Single Customer,WWS,NORMAL,42.34937,-83.36889
SW26022400742,2026-02-24T15:39:17Z,2026-02-24T15:39:17Z,1,2026-02-24T15:17:29Z,2026-02-24T19:50:00Z,1,1,Determined upon crew arrival,In Progres,OUTAGE,Service Secondary,ANN,NORMAL,42.28018,-83.64593
SW26022400751,2026-02-24T15:39:17Z,2026-02-24T15:39:17Z,1,2026-02-24T15:24:36Z,2026-02-24T19:55:00Z,1,1,Determined upon crew arrival,In Progres,OUTAGE,Single Customer,WWS,NORMAL,42.40631,-83.40066
SW26022400752,2026-02-24T15:39:17Z,2026-02-24T17:55:25Z,3,2026-02-24T15:24:34Z,2026-02-24T19:55:00Z,1,1,Determined upon crew arrival,In Progres,OUTAGE,Single Customer,WWS,NORMAL,42.3042,-83.40119
SW26022400756,2026-02-24T15:39:17Z,2026-02-24T16:46:22Z,2,2026-02-24T15:12:53Z,2026-02-24T20:00:00Z,16,16,Determined upon crew arrival,In Progres,OUTAGE,Service Transformer,ANN,NORMAL,42.24493,-83.60201
NE26022400758,2026-02-24T16:46:22Z,2026-02-24T17:55:25Z,2,2026-02-24T15:31:06Z,2026-02-24T20:00:00Z,1,1,Equipment problem,In Progres,OUTAGE,Single Customer,MAR,NORMAL,42.96064,-82.45383
NE26022400766,2026-02-24T16:46:22Z,2026-02-24T19:52:39Z,4,2026-02-24T15:36:33Z,2026-02-24T20:05:00Z,1,1,Determined upon crew arrival,In Progres,OUTAGE,Single Customer,MTC,NORMAL,42.53761,-82.99011
NE26022400776,2026-02-24T16:46:22Z,2026-02-24T19:04:35Z,3,2026-02-24T15:51:45Z,2026-02-24T20:20:00Z,1,1,Determined upon crew arrival,In Progres,OUTAGE,Single Customer,MTC,NORMAL,42.5322,-82.98756
NE26022400794,2026-02-24T16:46:22Z,2026-02-24T19:52:39Z,4,2026-02-24T16:04:48Z,2026-02-24T20:35:00Z,1,1,Determined upon crew arrival,New,OUTAGE,Single Customer,MTC,NORMAL,42.52026,-83.01725
NE26022400798,2026-02-24T16:46:22Z,2026-02-24T16:46:22Z,1,2026-02-24T16:06:16Z,2026-02-24T20:35:00Z,1,1,Determined upon crew arrival,In Progres,OUTAGE,Service Transformer,NAE,NORMAL,43.73011,-83.2061
NE26022400800,2026-02-24T16:46:22Z,2026-02-24T17:55:25Z,2,2026-02-24T16:07:15Z,2026-02-24T20:35:00Z,1,1,Determined upon crew arrival,PC3 Verifi,OUTAGE,Single Customer,MTC,NORMAL,42.52012,-83.00384
NE26022400811,2026-02-24T16:46:22Z,2026-02-24T19:04:35Z,3,2026-02-24T16:15:21Z,2026-02-24T20:45:00Z,1,1,Determined upon crew arrival,In Progres,OUTAGE,Single Customer,MAR,NORMAL,43.00177,-82.46111
NE26022400812,2026-02-24T16:46:22Z,2026-02-24T16:46:22Z,1,2026-02-24T16:17:23Z,2026-02-24T20:45:00Z,1,1,Determined upon crew arrival,In Progres,OUTAGE,Single Customer,MAR,NORMAL,42.99534,-82.4586
NE26022400825,2026-02-24T16:46:22Z,2026-02-24T23:55:44Z,10,2026-02-24T13:23:59Z,2026-02-25T08:55:00Z,1,1,Equipment problem,In Progres,OUTAGE,Single Customer,MTC,NORMAL,42.45689,-83.06296
NE26022400829,2026-02-24T16:46:22Z,2026-02-24T16:46:22Z,1,2026-02-24T16:28:48Z,,1,1,Determined upon crew arrival,New,OUTAGE,Single Customer,MTC,NORMAL,42.5345,-82.99237
NW26022400802,2026-02-24T16:46:22Z,2026-02-25T02:26:55Z,11,2026-02-24T16:09:22Z,2026-02-25T08:40:00Z,1,1,Equipment problem,In Progres,OUTAGE,Single Customer,PON,NORMAL,42.4984,-83.51812
NW26022400803,2026-02-24T16:46:22Z,2026-02-24T22:43:46Z,8,2026-02-24T16:10:30Z,2026-02-25T08:40:00Z,1,1,Determined upon crew arrival,In Progres,OUTAGE,Single Customer,SBY,NORMAL,42.53902,-82.99059
NW26022400814,2026-02-24T16:46:22Z,2026-02-24T16:46:22Z,1,2026-02-24T16:20:13Z,2026-02-24T20:50:00Z,1,1,Determined upon crew arrival,In Progres,OUTAGE,Single Customer,HWL,NORMAL,42.55005,-83.78523
SE26022400785,2026-02-24T16:46:22Z,2026-02-24T23:55:44Z,10,2026-02-24T15:59:31Z,2026-02-25T08:30:00Z,1,1,Equipment problem,In Progres,OUTAGE,Single Customer,RFD,NORMAL,42.39577,-83.20989
SE26022400795,2026-02-24T16:46:22Z,2026-02-24T17:55:25Z,2,2026-02-24T00:25:27Z,2026-02-24T20:35:00Z,1,1,Determined upon crew arrival,In Progres,OUTAGE,Single Customer,RFD,NORMAL,42.41801,-83.16851
SE26022400806,2026-02-24T16:46:22Z,2026-02-24T16:46:22Z,1,2026-02-24T16:13:47Z,2026-02-24T20:45:00Z,1,1,Determined upon crew arrival,In Progres,OUTAGE,Single Customer,CAN,NORMAL,42.37112,-83.13717
SE26022400816,2026-02-24T16:46:22Z,2026-02-24T16:46:22Z,1,2026-02-24T07:49:00Z,2026-02-24T20:50:00Z,139,139,Determined upon crew arrival,In Progres,OUTAGE,Device (I),CAN,NORMAL,42.43823,-82.98313
SE26022400827,2026-02-24T16:46:22Z,2026-02-24T16:46:22Z,1,2026-02-24T16:26:22Z,2026-02-24T20:55:00Z,9,9,Determined upon crew arrival,New,OUTAGE,Service Transformer,RFD,NORMAL,42.50214,-83.20906
SE26022400830,2026-02-24T16:46:22Z,2026-02-24T17:55:25Z,2,2026-02-24T16:23:34Z,2026-02-24T21:00:00Z,7,7,Equipment problem,In Progres,OUTAGE,Service Transformer,RFD,NORMAL,42.5023,-83.20948
SW26022400767,2026-02-24T16:46:22Z,2026-02-24T16:46:22Z,1,2026-02-24T15:37:00Z,2026-02-24T20:05:00Z,4,4,Determined upon crew arrival,In Progres,OUTAGE,Service Transformer,WWS,NORMAL,42.40995,-83.50179
SW26022400799,2026-02-24T16:46:22Z,2026-02-24T23:55:44Z,10,2026-02-24T16:06:47Z,2026-02-25T08:35:00Z,1,1,Determined upon crew arrival,In Progres,OUTAGE,Single Customer,NPT,NORMAL,42.15525,-83.19233
SW26022400809,2026-02-24T16:46:22Z,2026-02-24T17:55:25Z,2,2026-02-24T16:16:09Z,2026-02-24T20:45:00Z,1,1,Determined upon crew arrival,In Progres,OUTAGE,Single Customer,WWS,NORMAL,42.34099,-83.37034
NE26022400834,2026-02-24T17:55:25Z,2026-02-24T20:37:10Z,4,2026-02-24T16:33:05Z,2026-02-24T21:05:00Z,1,1,Determined upon crew arrival,In Progres,OUTAGE,Service Secondary,MAR,NORMAL,42.99986,-82.46115
NE26022400847,2026-02-24T17:55:25Z,2026-02-24T21:18:31Z,5,2026-02-24T16:52:03Z,2026-02-24T21:20:00Z,1,1,Equipment problem,In Progres,OUTAGE,Single Customer,MTC,NORMAL,42.53316,-82.9504
NE26022400860,2026-02-24T17:55:25Z,2026-02-24T17:55:25Z,1,2026-02-24T17:02:06Z,2026-02-24T21:30:00Z,1,1,Determined upon crew arrival,In Progres,OUTAGE,Single Customer,MAR,NORMAL,43.00065,-82.46001
NE26022400885,2026-02-24T17:55:25Z,2026-02-24T19:52:39Z,3,2026-02-24T17:14:48Z,2026-02-24T21:50:00Z,1,1,Determined upon crew arrival,In Progres,OUTAGE,Single Customer,MAR,NORMAL,42.91488,-82.50493
NE26022400890,2026-02-24T17:55:25Z,2026-02-24T19:04:35Z,2,2026-02-24T09:02:34Z,2026-02-24T21:55:00Z,1,1,Determined upon crew arrival,In Progres,OUTAGE,Single Customer,MTC,NORMAL,42.53231,-82.98556
NE26022400891,2026-02-24T17:55:25Z,2026-02-24T17:55:25Z,1,2026-02-24T17:27:03Z,2026-02-24T21:55:00Z,11,11,Determined upon crew arrival,In Progres,OUTAGE,Service Transformer,NAE,NORMAL,43.49288,-83.39903
NE26022400896,2026-02-24T17:55:25Z,2026-02-24T19:04:35Z,2,2026-02-24T17:32:43Z,2026-02-24T22:05:00Z,1,1,Determined upon crew arrival,New,OUTAGE,Single Customer,MTC,NORMAL,42.53573,-83.00244
NE26022400900,2026-02-24T17:55:25Z,2026-02-24T17:55:25Z,1,2026-02-24T17:38:03Z,2026-02-24T22:10:00Z,1,1,Determined upon crew arrival,In Progres,OUTAGE,Single Customer,NAE,NORMAL,43.73116,-83.20157
NW26022400831,2026-02-24T17:55:25Z,2026-02-24T17:55:25Z,1,2026-02-24T16:30:17Z,2026-02-24T21:00:00Z,6,6,Determined upon crew arrival,In Progres,OUTAGE,Service Transformer,HWL,NORMAL,42.56194,-83.79758
NW26022400897,2026-02-24T17:55:25Z,2026-02-24T19:04:35Z,2,2026-02-24T17:35:48Z,2026-02-24T22:05:00Z,4,4,Equipment problem,In Progres,OUTAGE,Service Transformer,SBY,NORMAL,42.53856,-82.99165
NW26022400898,2026-02-24T17:55:25Z,2026-02-24T19:04:35Z,2,2026-02-24T17:36:36Z,2026-02-24T22:05:00Z,1,1,Determined upon crew arrival,In Progres,OUTAGE,Single Customer,PON,NORMAL,42.604,-83.31894
NW26022400899,2026-02-24T17:55:25Z,2026-02-24T21:59:09Z,6,2026-02-24T17:37:22Z,2026-02-24T22:05:00Z,1,1,Determined upon crew arrival,In Progres,OUTAGE,Single Customer,PON,NORMAL,42.55691,-83.33491
SE26022400836,2026-02-24T17:55:25Z,2026-02-24T23:55:44Z,9,2026-02-24T16:33:31Z,2026-02-25T09:10:00Z,1,1,Equipment problem,In Progres,OUTAGE,Single Customer,RFD,NORMAL,42.31446,-83.28211
SE26022400861,2026-02-24T17:55:25Z,2026-02-24T21:18:31Z,5,2026-02-24T16:57:47Z,2026-02-24T21:35:00Z,1,1,Equipment problem,In Progres,OUTAGE,Single Customer,RFD,NORMAL,42.2768,-83.12793
SE26022400871,2026-02-24T17:55:25Z,2026-02-24T21:59:09Z,6,2026-02-24T17:00:43Z,2026-02-25T09:40:00Z,1,1,Determined upon crew arrival,In Progres,OUTAGE,Single Customer,CAN,NORMAL,42.37645,-83.06273
SE26022400874,2026-02-24T17:55:25Z,2026-02-24T22:43:46Z,7,2026-02-24T17:07:12Z,2026-02-25T09:40:00Z,1,1,Equipment problem,In Progres,OUTAGE,Single Customer,RFD,NORMAL,42.38989,-83.16226
SE26022400889,2026-02-24T17:55:25Z,2026-02-24T19:52:39Z,3,2026-02-24T17:20:46Z,2026-02-24T21:50:00Z,1,1,Determined upon crew arrival,New,OUTAGE,Single Customer,CAN,NORMAL,42.43995,-82.98092
SE26022400902,2026-02-24T17:55:25Z,2026-02-24T17:55:25Z,1,2026-02-24T17:44:41Z,,1,1,Determined upon crew arrival,New,OUTAGE,Single Customer,RFD,NORMAL,42.41727,-83.23225
SW26022400875,2026-02-24T17:55:25Z,2026-02-24T17:55:25Z,1,2026-02-24T17:10:05Z,2026-02-24T21:40:00Z,1,1,Determined upon crew arrival,In Progres,OUTAGE,Service Secondary,ANN,NORMAL,42.19395,-83.78074
SW26022400894,2026-02-24T17:55:25Z,2026-02-24T17:55:25Z,1,2026-02-24T17:29:42Z,2026-02-24T22:00:00Z,1,1,Determined upon crew arrival,New,OUTAGE,Single Customer,ANN,NORMAL,42.19395,-83.78074
NE26022400910,2026-02-24T19:04:35Z,2026-02-24T23:55:44Z,8,2026-02-24T17:52:08Z,2026-02-25T10:20:00Z,1,1,Determined upon crew arrival,Pending,OUTAGE,Single Customer,MTC,NORMAL,42.53502,-82.99123
NE26022400923,2026-02-24T19:04:35Z,2026-02-24T19:04:35Z,1,2026-02-24T18:04:49Z,2026-02-24T22:35:00Z,1,1,Determined upon crew arrival,In Progres,OUTAGE,Single Customer,NAE,NORMAL,43.72892,-83.20001
NE26022400937,2026-02-24T19:04:35Z,2026-02-24T19:04:35Z,1,2026-02-24T18:20:45Z,2026-02-24T22:55:00Z,44,44,Determined upon crew arrival,In Progres,OUTAGE,Device (II),MAR,NORMAL,43.04869,-82.73648
NE26022400958,2026-02-24T19:04:35Z,2026-02-24T19:04:35Z,1,2026-02-24T18:42:50Z,,1,1,Determined upon crew arrival,In Progres,OUTAGE,Single Customer,MAR,NORMAL,43.00486,-82.45966
NE26022400959,2026-02-24T19:04:35Z,2026-02-24T19:04:35Z,1,2026-02-24T18:43:21Z,,1,1,Determined upon crew arrival,New,OUTAGE,Single Customer,MAR,NORMAL,42.99281,-82.48869
NW26022400916,2026-02-24T19:04:35Z,2026-02-24T19:52:39Z,2,2026-02-24T17:55:07Z,2026-02-24T22:25:00Z,1,1,Determined upon crew arrival,In Progres,OUTAGE,Single Customer,SBY,NORMAL,42.579,-83.05015
NW26022400926,2026-02-24T19:04:35Z,2026-02-24T19:04:35Z,1,2026-02-24T17:55:29Z,2026-02-24T22:40:00Z,9,9,Determined upon crew arrival,In Progres,OUTAGE,Service Transformer,SBY,NORMAL,42.54318,-82.97582
NW26022400928,2026-02-24T19:04:35Z,2026-02-24T19:04:35Z,1,2026-02-24T09:02:32Z,2026-02-24T22:45:00Z,129,129,Determined upon crew arrival,In Progres,OUTAGE,Device (II),SBY,NORMAL,42.54816,-82.99198
NW26022400957,2026-02-24T19:04:35Z,2026-02-24T21:18:31Z,4,2026-02-24T18:41:04Z,2026-02-24T23:10:00Z,1,1,Determined upon crew arrival,In Progres,OUTAGE,Single Customer,HWL,NORMAL,42.5498,-83.78107
SE26022400913,2026-02-24T19:04:35Z,2026-02-24T21:18:31Z,4,2026-02-24T16:27:48Z,2026-02-24T22:25:00Z,1,1,Problem with the customer equip,In Progres,SERVICE DOWN NO,,RFD,NORMAL,42.35987,-83.15008
SE26022400919,2026-02-24T19:04:35Z,2026-02-24T19:04:35Z,1,2026-02-24T17:52:42Z,2026-02-24T22:25:00Z,1,1,Determined upon crew arrival,In Progres,OUTAGE,Single Customer,RFD,NORMAL,42.43949,-83.29426
SE26022400924,2026-02-24T19:04:35Z,2026-02-25T13:08:04Z,18,2026-02-24T18:09:16Z,2026-02-25T22:40:00Z,1,1,Equipment problem,In Progres,OUTAGE,Single Customer,RFD,NORMAL,42.33217,-83.23782
SE26022400931,2026-02-24T19:04:35Z,2026-02-24T19:04:35Z,1,2026-02-24T18:16:25Z,2026-02-24T22:50:00Z,47,47,Determined upon crew arrival,In Progres,OUTAGE,Device (I),RFD,NORMAL,42.45105,-83.23578
SE26022400936,2026-02-24T19:04:35Z,2026-02-24T19:04:35Z,1,2026-02-24T18:24:57Z,2026-02-24T22:55:00Z,1,1,Determined upon crew arrival,In Progres,OUTAGE,Single Customer,CAN,NORMAL,42.43649,-82.97584
SE26022400953,2026-02-24T19:04:35Z,2026-02-24T22:43:46Z,6,2026-02-24T18:19:50Z,2026-02-24T23:05:00Z,1,1,Determined upon crew arrival,In Progres,OUTAGE,Single Customer,RFD,NORMAL,42.4028,-83.25992
SE26022400955,2026-02-24T19:04:35Z,2026-02-24T21:18:31Z,4,2026-02-24T18:38:02Z,2026-02-24T23:10:00Z,1,1,Determined upon crew arrival,In Progres,OUTAGE,Single Customer,RFD,NORMAL,42.26419,-83.19275
SW26022400909,2026-02-24T19:04:35Z,2026-02-24T19:04:35Z,1,2026-02-24T17:51:47Z,2026-02-24T22:20:00Z,1,1,Determined upon crew arrival,In Progres,OUTAGE,Service Secondary,NPT,NORMAL,42.1052,-83.30046
SW26022400921,2026-02-24T19:04:35Z,2026-02-24T20:37:10Z,3,2026-02-24T18:02:57Z,2026-02-24T22:35:00Z,1,1,Determined upon crew arrival,In Progres,PRIORITY,,ANN,NORMAL,42.2604,-83.79897
SW26022400945,2026-02-24T19:04:35Z,2026-02-24T19:52:39Z,2,2026-02-24T18:27:26Z,2026-02-24T22:55:00Z,1,1,Determined upon crew arrival,In Progres,OUTAGE,Single Customer,WWS,NORMAL,42.3041,-83.34847
NE26022400974,2026-02-24T19:52:39Z,2026-02-24T19:52:39Z,1,2026-02-24T19:03:11Z,2026-02-24T23:35:00Z,1,1,Determined upon crew arrival,In Progres,OUTAGE,Single Customer,LAP,NORMAL,42.93427,-83.16402
NE26022400987,2026-02-24T19:52:39Z,2026-02-24T20:37:10Z,2,2026-02-24T19:15:18Z,2026-02-24T23:45:00Z,1,1,Determined upon crew arrival,In Progres,OUTAGE,Single Customer,MAR,NORMAL,42.99986,-82.46115
NE26022400998,2026-02-24T19:52:39Z,2026-02-24T19:52:39Z,1,2026-02-24T19:20:49Z,2026-02-24T23:50:00Z,1,1,Determined upon crew arrival,New,OUTAGE,Single Customer,MTC,NORMAL,42.5345,-82.99237
NE26022401006,2026-02-24T19:52:39Z,2026-02-24T21:18:31Z,3,2026-02-24T19:32:35Z,2026-02-25T00:05:00Z,1,1,Equipment problem,In Progres,OUTAGE,Single Customer,MAR,NORMAL,42.94488,-82.76174
NW26022400961,2026-02-24T19:52:39Z,2026-02-24T19:52:39Z,1,2026-02-24T18:49:17Z,2026-02-24T23:20:00Z,1,1,Determined upon crew arrival,In Progres,OUTAGE,Single Customer,HWL,NORMAL,42.58732,-83.59281
NW26022400971,2026-02-24T19:52:39Z,2026-02-24T19:52:39Z,1,2026-02-24T13:16:01Z,2026-02-24T23:30:00Z,1,1,Determined upon crew arrival,In Progres,OUTAGE,Single Customer,SBY,NORMAL,42.54828,-82.99311
NW26022400995,2026-02-24T19:52:39Z,2026-02-24T19:52:39Z,1,2026-02-24T19:09:28Z,2026-02-24T23:50:00Z,76,76,Determined upon crew arrival,In Progres,OUTAGE,Device (II),SBY,NORMAL,42.58506,-83.02751
SE26022400964,2026-02-24T19:52:39Z,2026-02-26T14:15:30Z,41,2026-02-24T18:52:37Z,2026-02-26T23:25:00Z,1,1,Equipment problem,In Progres,OUTAGE,Single Customer,CAN,NORMAL,42.36572,-83.09356
SE26022401010,2026-02-24T19:52:39Z,2026-02-24T23:16:09Z,6,2026-02-24T04:02:06Z,2026-02-25T00:05:00Z,1,1,Problem with the customer equip,In Progres,OUTAGE,Single Customer,CAN,NORMAL,42.38314,-83.07696
SE26022401014,2026-02-24T19:52:39Z,2026-02-25T07:03:36Z,11,2026-02-24T18:39:02Z,2026-02-25T12:10:00Z,1,1,Equipment problem,Pending,OUTAGE,Single Customer,CAN,NORMAL,42.43609,-83.13176
NW26022401052,2026-02-24T20:37:10Z,2026-02-25T21:49:00Z,25,2026-02-24T20:21:40Z,2026-02-26T00:50:00Z,1,1,Determined upon crew arrival,In Progres,PRIORITY,,HWL,NORMAL,42.61773,-83.94815
NW26022401054,2026-02-24T20:37:10Z,2026-02-24T23:16:09Z,5,2026-02-24T13:16:01Z,2026-02-25T00:55:00Z,1,1,Problem with the customer equip,In Progres,OUTAGE,Single Customer,SBY,NORMAL,42.54852,-82.99193
NW26022401055,2026-02-24T20:37:10Z,2026-02-24T21:59:09Z,3,2026-02-24T13:16:01Z,2026-02-25T00:55:00Z,1,1,Determined upon crew arrival,In Progres,OUTAGE,Single Customer,SBY,NORMAL,42.54829,-82.99311
SE26022401032,2026-02-24T20:37:10Z,2026-02-25T14:14:47Z,17,2026-02-24T19:41:22Z,2026-02-26T00:30:00Z,1,1,Equipment problem,In Progres,OUTAGE,Single Customer,RFD,NORMAL,42.49883,-83.10733
SE26022401043,2026-02-24T20:37:10Z,2026-02-24T23:55:44Z,6,2026-02-24T20:12:07Z,2026-02-25T00:40:00Z,1,1,Determined upon crew arrival,In Progres,OUTAGE,Single Customer,CAN,NORMAL,42.42818,-82.90622
SE26022401045,2026-02-24T20:37:10Z,2026-02-25T23:46:43Z,28,2026-02-24T20:14:26Z,2026-02-26T00:45:00Z,1,1,Public Interference w/DTE equip,In Progres,OUTAGE,Single Customer,RFD,NORMAL,42.50339,-83.21798
SE26022401057,2026-02-24T20:37:10Z,2026-02-25T15:12:41Z,18,2026-02-24T20:28:14Z,2026-02-26T01:00:00Z,1,1,Determined upon crew arrival,In Progres,OUTAGE,Single Customer,RFD,NORMAL,42.44475,-83.22304
SW26022401022,2026-02-24T20:37:10Z,2026-02-24T21:18:31Z,2,2026-02-24T19:44:50Z,2026-02-25T00:20:00Z,2,2,Equipment problem,In Progres,OUTAGE,Service Secondary,ANN,NORMAL,42.27042,-83.77269
SW26022401023,2026-02-24T20:37:10Z,2026-02-24T21:18:31Z,2,2026-02-24T19:41:57Z,2026-02-25T00:20:00Z,1,1,Determined upon crew arrival,In Progres,OUTAGE,Single Customer,ANN,NORMAL,42.25737,-83.58196
SW26022401042,2026-02-24T20:37:10Z,2026-02-24T21:18:31Z,2,2026-02-24T20:10:19Z,2026-02-25T00:40:00Z,1,1,Determined upon crew arrival,In Progres,OUTAGE,Single Customer,WWS,NORMAL,42.33148,-83.36813
SW26022401051,2026-02-24T20:37:10Z,2026-02-24T21:18:31Z,2,2026-02-24T20:21:16Z,2026-02-25T00:50:00Z,1,1,Determined upon crew arrival,In Progres,OUTAGE,Single Customer,WWS,NORMAL,42.34,-83.36957
NE26022401058,2026-02-24T21:18:31Z,2026-02-24T23:55:44Z,5,2026-02-24T09:02:41Z,2026-02-25T01:05:00Z,1,1,Equipment problem,In Progres,OUTAGE,Single Customer,MTC,NORMAL,42.5251,-82.98757
NW26022401063,2026-02-24T21:18:31Z,2026-02-24T23:55:44Z,5,2026-02-24T09:40:16Z,2026-02-25T01:10:00Z,1,1,Determined upon crew arrival,In Progres,OUTAGE,Single Customer,SBY,NORMAL,42.53802,-82.9932
SE26022401066,2026-02-24T21:18:31Z,2026-02-24T22:43:46Z,3,2026-02-24T20:43:07Z,2026-02-25T01:15:00Z,1,1,Determined upon crew arrival,New,OUTAGE,Single Customer,CAN,NORMAL,42.39931,-83.06857
SE26022401069,2026-02-24T21:18:31Z,2026-02-24T23:55:44Z,5,2026-02-24T20:47:40Z,2026-02-25T01:20:00Z,1,1,Determined upon crew arrival,In Progres,OUTAGE,Single Customer,CAN,NORMAL,42.41099,-82.95464
NE26022401095,2026-02-24T21:59:09Z,2026-02-25T20:18:59Z,21,2026-02-24T21:30:52Z,2026-02-26T02:00:00Z,1,1,Equipment problem,In Progres,OUTAGE,Single Customer,MTC,NORMAL,42.57864,-82.90242
SE26022401101,2026-02-24T21:59:09Z,2026-02-24T23:55:44Z,4,2026-02-24T21:35:43Z,2026-02-25T02:05:00Z,1,1,Problem with the customer equip,In Progres,OUTAGE,Single Customer,RFD,NORMAL,42.23777,-83.18579
SW26022401099,2026-02-24T21:59:09Z,2026-02-24T23:55:44Z,4,2026-02-24T21:35:01Z,2026-02-25T02:05:00Z,1,1,Determined upon crew arrival,In Progres,OUTAGE,Single Customer,WWS,NORMAL,42.28603,-83.32514
SW26022401100,2026-02-24T21:59:09Z,2026-02-24T21:59:09Z,1,2026-02-24T21:16:44Z,2026-02-25T02:05:00Z,1,1,Determined upon crew arrival,In Progres,OUTAGE,Single Customer,WWS,NORMAL,42.3886,-83.31834
NE26022401122,2026-02-24T22:43:46Z,2026-02-24T23:16:09Z,2,2026-02-24T22:20:13Z,2026-02-25T02:50:00Z,1,1,Determined upon crew arrival,New,OUTAGE,Single Customer,MTC,NORMAL,42.53125,-82.88206
NW26022401125,2026-02-24T22:43:46Z,2026-02-24T22:43:46Z,1,2026-02-24T17:51:03Z,,1,1,Determined upon crew arrival,New,OUTAGE,Single Customer,SBY,NORMAL,42.54762,-82.99418
SE26022401109,2026-02-24T22:43:46Z,2026-02-24T23:55:44Z,3,2026-02-24T13:24:38Z,2026-02-25T02:20:00Z,1,1,Equipment problem,In Progres,OUTAGE,Single Customer,RFD,NORMAL,42.41649,-83.25323
SE26022401112,2026-02-24T22:43:46Z,2026-02-24T23:55:44Z,3,2026-02-24T21:56:17Z,2026-02-25T02:25:00Z,1,1,Determined upon crew arrival,In Progres,OUTAGE,Single Customer,CAN,NORMAL,42.39239,-82.95385
SE26022401117,2026-02-24T22:43:46Z,2026-02-25T16:34:54Z,16,2026-02-24T22:02:16Z,2026-02-26T02:30:00Z,1,1,Equipment problem,In Progres,OUTAGE,Single Customer,RFD,NORMAL,42.43219,-83.25169
SE26022401124,2026-02-24T22:43:46Z,2026-02-24T23:55:44Z,3,2026-02-24T00:25:27Z,2026-02-25T03:00:00Z,1,1,Determined upon crew arrival,In Progres,OUTAGE,Single Customer,RFD,NORMAL,42.41801,-83.16851
SW26022401116,2026-02-24T22:43:46Z,2026-02-24T23:55:44Z,3,2026-02-24T21:47:24Z,2026-02-25T02:30:00Z,1,1,Determined upon crew arrival,In Progres,OUTAGE,Single Customer,ANN,NORMAL,42.15442,-83.62531
NE26022401149,2026-02-24T23:16:09Z,2026-02-24T23:16:09Z,1,2026-02-24T22:41:45Z,2026-02-25T03:25:00Z,1,1,Determined upon crew arrival,New,OUTAGE,Single Customer,LAP,NORMAL,43.15865,-83.38159
NW26022401140,2026-02-24T23:16:09Z,2026-02-25T04:31:32Z,4,2026-02-24T22:47:37Z,2026-02-25T15:20:00Z,1,1,Equipment problem,In Progres,OUTAGE,Single Customer,PON,NORMAL,42.62621,-83.62981
NW26022401150,2026-02-24T23:16:09Z,2026-02-24T23:55:44Z,2,2026-02-24T22:55:17Z,2026-02-25T03:25:00Z,1,1,Determined upon crew arrival,In Progres,OUTAGE,Single Customer,PON,NORMAL,42.77374,-83.28427
NE26022401161,2026-02-24T23:55:44Z,2026-02-25T15:12:41Z,13,2026-02-24T23:15:20Z,2026-02-25T15:45:00Z,1,1,Equipment problem,In Progres,OUTAGE,Single Customer,MTC,NORMAL,42.51446,-82.93409
NW26022401158,2026-02-24T23:55:44Z,2026-02-24T23:55:44Z,1,2026-02-24T22:55:08Z,2026-02-25T03:40:00Z,1,1,Determined upon crew arrival,In Progres,OUTAGE,Single Customer,PON,NORMAL,42.77233,-83.28405
SE26022401156,2026-02-24T23:55:44Z,2026-02-25T02:26:55Z,2,2026-02-24T22:17:34Z,2026-02-25T03:35:00Z,1,1,Determined upon crew arrival,In Progres,OUTAGE,Single Customer,CAN,NORMAL,42.44705,-82.99822
SE26022401172,2026-02-24T23:55:44Z,2026-02-25T02:26:55Z,2,2026-02-24T23:43:34Z,2026-02-25T04:15:00Z,1,1,Determined upon crew arrival,In Progres,OUTAGE,Single Customer,RFD,NORMAL,42.43082,-83.21548
SW26022401164,2026-02-24T23:55:44Z,2026-02-25T02:26:55Z,2,2026-02-24T23:24:16Z,2026-02-25T03:55:00Z,1,1,Determined upon crew arrival,In Progres,OUTAGE,Single Customer,WWS,NORMAL,42.3659,-83.40238
NE26022401180,2026-02-25T02:26:55Z,2026-02-25T02:26:55Z,1,2026-02-24T22:20:13Z,2026-02-25T04:25:00Z,1,1,Determined upon crew arrival,In Progres,OUTAGE,Single Customer,MTC,NORMAL,42.53125,-82.88206
NE26022401183,2026-02-25T02:26:55Z,2026-02-25T17:43:03Z,14,2026-02-24T23:55:15Z,2026-02-26T04:25:00Z,1,1,Equipment problem,In Progres,OUTAGE,Single Customer,LAP,NORMAL,42.88356,-83.29191
NE26022401184,2026-02-25T02:26:55Z,2026-02-25T14:14:47Z,11,2026-02-24T23:55:13Z,2026-02-25T16:25:00Z,1,1,Animal/bird damaged DTE equip,In Progres,OUTAGE,Single Customer,MTC,NORMAL,42.69385,-82.85997
NW26022401208,2026-02-25T02:26:55Z,2026-02-25T02:26:55Z,1,2026-02-24T09:54:23Z,2026-02-25T05:20:00Z,1,1,Determined upon crew arrival,In Progres,OUTAGE,Single Customer,SBY,NORMAL,42.54908,-82.99119
SE26022401177,2026-02-25T02:26:55Z,2026-02-25T02:26:55Z,1,2026-02-24T23:43:50Z,2026-02-25T04:20:00Z,1,1,Determined upon crew arrival,In Progres,OUTAGE,Single Customer,CAN,NORMAL,42.38871,-83.08677
SE26022401200,2026-02-25T02:26:55Z,2026-02-25T02:26:55Z,1,2026-02-25T00:07:01Z,2026-02-25T04:50:00Z,1,1,Determined upon crew arrival,In Progres,OUTAGE,Single Customer,CAN,NORMAL,42.37956,-83.13839
SE26022401206,2026-02-25T02:26:55Z,2026-02-25T02:26:55Z,1,2026-02-25T00:49:34Z,2026-02-25T05:20:00Z,1,1,Determined upon crew arrival,In Progres,OUTAGE,Single Customer,RFD,NORMAL,42.32243,-83.18093
SW26022401221,2026-02-25T02:26:55Z,2026-02-25T02:26:55Z,1,2026-02-25T01:24:02Z,2026-02-25T06:05:00Z,1,1,Determined upon crew arrival,PC3 Verifi,OUTAGE,Single Customer,NPT,NORMAL,42.1743,-83.25373
NW26022401254,2026-02-25T04:31:32Z,2026-02-25T08:00:38Z,4,2026-02-25T03:04:56Z,2026-02-25T11:40:00Z,16,16,Determined upon crew arrival,In Progres,OUTAGE,Service Transformer,SBY,NORMAL,42.64332,-83.10023
NW26022401332,2026-02-25T04:31:32Z,2026-02-25T11:09:58Z,7,2026-02-25T03:58:05Z,2026-02-25T20:30:00Z,1,1,Problem with the customer equip,In Progres,OUTAGE,Single Customer,PON,NORMAL,42.63359,-83.26102
SE26022401317,2026-02-25T04:31:32Z,2026-02-25T09:07:48Z,5,2026-02-25T03:30:13Z,2026-02-25T20:00:00Z,1,1,Determined upon crew arrival,In Progres,OUTAGE,Single Customer,RFD,NORMAL,42.41131,-83.1421
NE26022401343,2026-02-25T05:47:44Z,2026-02-25T07:03:36Z,2,2026-02-24T22:43:27Z,2026-02-25T08:55:00Z,395,395,Determined upon crew arrival,In Progres,OUTAGE,Circuit Level,LAP,NORMAL,43.03854,-83.43964
NW26022401368,2026-02-25T05:47:44Z,2026-02-25T18:42:39Z,13,2026-02-25T04:30:10Z,2026-02-25T21:25:00Z,2,2,Equipment problem,In Progres,OUTAGE,Service Transformer,PON,NORMAL,42.62621,-83.62981
NW26022500001,2026-02-25T05:47:44Z,2026-02-25T10:11:36Z,5,2026-02-25T04:52:21Z,2026-02-25T13:35:00Z,2,2,Determined upon crew arrival,In Progres,OUTAGE,Service Transformer,PON,NORMAL,42.56306,-83.1129
SE26022401365,2026-02-25T05:47:44Z,2026-02-25T10:11:36Z,5,2026-02-25T04:21:47Z,2026-02-25T21:15:00Z,1,1,Equipment problem,In Progres,OUTAGE,Single Customer,RFD,NORMAL,42.40551,-83.19564
SW26022500013,2026-02-25T07:03:36Z,2026-02-25T08:00:38Z,2,2026-02-25T06:28:23Z,2026-02-25T11:05:00Z,4,4,Determined upon crew arrival,In Progres,OUTAGE,Service Transformer,WWS,NORMAL,42.47466,-83.4544
SW26022500014,2026-02-25T07:03:36Z,2026-02-25T07:03:36Z,1,2026-02-25T06:28:19Z,,8,8,Determined upon crew arrival,New,OUTAGE,Device (I),WWS,NORMAL,42.47352,-83.45459
NE26022500038,2026-02-25T08:00:38Z,2026-02-25T08:00:38Z,1,2026-02-25T03:53:08Z,2026-02-25T12:10:00Z,153,153,Determined upon crew arrival,New,OUTAGE,Device (II),LAP,NORMAL,43.02094,-83.4286
SE26022500022,2026-02-25T08:00:38Z,2026-02-25T08:00:38Z,1,2026-02-25T02:15:02Z,2026-02-25T11:20:00Z,16,16,Determined upon crew arrival,New,OUTAGE,Service Transformer,RFD,NORMAL,42.41049,-83.14636
SE26022500065,2026-02-25T09:07:48Z,2026-02-25T09:07:48Z,1,2026-02-25T08:14:30Z,2026-02-25T13:00:00Z,1,1,Determined upon crew arrival,PC3 Verifi,OUTAGE,Single Customer,RFD,NORMAL,42.44089,-83.17587
SW26022500066,2026-02-25T09:07:48Z,2026-02-25T23:46:43Z,17,2026-02-25T08:42:00Z,2026-02-26T01:10:00Z,1,1,Equipment problem,In Progres,OUTAGE,Single Customer,ANN,NORMAL,42.15215,-83.614
SW26022500078,2026-02-25T11:09:58Z,2026-02-25T11:09:58Z,1,2026-02-25T10:07:56Z,2026-02-25T15:15:00Z,1,1,Determined upon crew arrival,New,OUTAGE,Single Customer,WWS,NORMAL,42.33129,-83.38869
SE26022500084,2026-02-25T11:53:21Z,2026-02-26T11:56:03Z,24,2026-02-25T11:31:40Z,2026-02-26T12:00:00Z,1,1,Equipment problem,In Progres,PRIORITY,,RFD,NORMAL,42.34014,-83.19194
SW26022500082,2026-02-25T11:53:21Z,2026-02-25T16:34:54Z,5,2026-02-25T10:07:56Z,2026-02-26T03:55:00Z,1,1,Determined upon crew arrival,In Progres,OUTAGE,Single Customer,WWS,NORMAL,42.33244,-83.3907
NW26022500094,2026-02-25T13:08:04Z,2026-02-25T14:14:47Z,2,2026-02-25T12:18:18Z,2026-02-25T16:50:00Z,1,1,Equipment problem,In Progres,OUTAGE,Single Customer,PON,NORMAL,42.81409,-83.42046
NW26022500097,2026-02-25T13:08:04Z,2026-02-25T14:14:47Z,2,2026-02-25T12:19:43Z,2026-02-25T16:50:00Z,1,1,Determined upon crew arrival,In Progres,OUTAGE,Single Customer,PON,NORMAL,42.81158,-83.46732
NW26022500112,2026-02-25T13:08:04Z,2026-02-25T13:08:04Z,1,2026-02-25T12:27:30Z,2026-02-25T17:00:00Z,1,1,Determined upon crew arrival,In Progres,OUTAGE,Single Customer,PON,NORMAL,42.84674,-83.53183
NW26022500123,2026-02-25T13:08:04Z,2026-02-25T15:12:41Z,3,2026-02-25T12:50:54Z,2026-02-25T17:20:00Z,1,1,Equipment problem,In Progres,OUTAGE,Single Customer,PON,NORMAL,42.80238,-83.47442
NW26022500133,2026-02-25T13:08:04Z,2026-02-25T23:46:43Z,13,2026-02-25T12:59:12Z,2026-02-26T05:30:00Z,1,1,Equipment problem,In Progres,OUTAGE,Single Customer,PON,NORMAL,42.66101,-83.65594
SE26022500090,2026-02-25T13:08:04Z,2026-02-25T16:34:54Z,4,2026-02-25T12:15:24Z,2026-02-25T16:45:00Z,8,1,Equipment problem,In Progres,OUTAGE,Service Transformer,RFD,NORMAL,42.23058,-83.16502
SE26022500118,2026-02-25T13:08:04Z,2026-02-25T21:49:00Z,10,2026-02-25T12:39:50Z,2026-02-26T05:10:00Z,1,1,Equipment problem,In Progres,OUTAGE,Single Customer,RFD,NORMAL,42.34157,-83.19128
SW26022500121,2026-02-25T13:08:04Z,2026-02-25T14:14:47Z,2,2026-02-25T12:48:08Z,2026-02-25T17:20:00Z,1,1,Determined upon crew arrival,In Progres,OUTAGE,Single Customer,WWS,NORMAL,42.21052,-83.31861
SW26022500125,2026-02-25T13:08:04Z,2026-02-25T14:14:47Z,2,2026-02-25T12:39:25Z,2026-02-25T17:25:00Z,27,27,Equipment problem,In Progres,OUTAGE,Device (I),WWS,NORMAL,42.40899,-83.54425
SW26022500128,2026-02-25T13:08:04Z,2026-02-25T13:08:04Z,1,2026-02-25T12:39:26Z,2026-02-25T17:25:00Z,4,4,Determined upon crew arrival,New,OUTAGE,Service Transformer,WWS,NORMAL,42.40662,-83.54221
SW26022500131,2026-02-25T13:08:04Z,2026-02-25T13:08:04Z,1,2026-02-25T12:39:26Z,2026-02-25T17:25:00Z,27,27,Determined upon crew arrival,New,OUTAGE,Device (I),WWS,NORMAL,42.40986,-83.54277
NE26022500140,2026-02-25T14:14:47Z,2026-02-25T23:46:43Z,12,2026-02-25T13:12:06Z,2026-02-26T05:40:00Z,1,1,Determined upon crew arrival,In Progres,OUTAGE,Single Customer,MTC,NORMAL,42.50188,-82.92568
NE26022500166,2026-02-25T14:14:47Z,2026-02-25T20:18:59Z,7,2026-02-25T13:37:23Z,2026-02-26T06:20:00Z,1,1,Wind damage,In Progres,OUTAGE,Single Customer,LAP,NORMAL,43.05861,-83.38208
NE26022500167,2026-02-25T14:14:47Z,2026-02-25T15:12:41Z,2,2026-02-25T13:49:40Z,2026-02-25T18:20:00Z,1,1,Determined upon crew arrival,In Progres,OUTAGE,Single Customer,NAE,NORMAL,43.72474,-83.1996
NW26022500151,2026-02-25T14:14:47Z,2026-02-25T16:34:54Z,3,2026-02-24T17:55:07Z,2026-02-25T18:05:00Z,1,1,Equipment problem,In Progres,OUTAGE,Single Customer,SBY,NORMAL,42.579,-83.05015
NW26022500161,2026-02-25T14:14:47Z,2026-02-25T14:14:47Z,1,2026-02-25T13:36:59Z,2026-02-25T18:15:00Z,5,5,Determined upon crew arrival,In Progres,OUTAGE,Service Transformer,SBY,NORMAL,42.68352,-83.01931
SE26022500136,2026-02-25T14:14:47Z,2026-02-25T15:12:41Z,2,2026-02-25T12:09:10Z,2026-02-25T17:35:00Z,1,1,Determined upon crew arrival,In Progres,OUTAGE,Single Customer,RFD,NORMAL,42.2988,-83.28949
SE26022500173,2026-02-25T14:14:47Z,2026-02-25T15:12:41Z,2,2026-02-25T13:56:42Z,2026-02-25T18:25:00Z,1,1,Determined upon crew arrival,In Progres,OUTAGE,Single Customer,RFD,NORMAL,42.46091,-83.14461
SE26022500174,2026-02-25T14:14:47Z,2026-02-25T15:12:41Z,2,2026-02-24T20:43:07Z,2026-02-25T18:25:00Z,1,1,Determined upon crew arrival,In Progres,OUTAGE,Single Customer,CAN,NORMAL,42.39931,-83.06857
SW26022500135,2026-02-25T14:14:47Z,2026-02-25T14:14:47Z,1,2026-02-25T12:57:59Z,2026-02-25T17:30:00Z,2,2,Determined upon crew arrival,In Progres,OUTAGE,Service Secondary,WWS,NORMAL,42.34063,-83.54045
SW26022500145,2026-02-25T14:14:47Z,2026-02-25T14:14:47Z,1,2026-02-25T13:28:56Z,2026-02-25T18:00:00Z,1,1,Determined upon crew arrival,In Progres,OUTAGE,Single Customer,WWS,NORMAL,42.3672,-83.37156
SW26022500162,2026-02-25T14:14:47Z,2026-02-25T14:14:47Z,1,2026-02-25T13:44:02Z,2026-02-25T18:15:00Z,1,1,Determined upon crew arrival,In Progres,OUTAGE,Single Customer,WWS,NORMAL,42.36705,-83.37273
NE26022500188,2026-02-25T15:12:41Z,2026-02-25T17:43:03Z,3,2026-02-25T14:16:24Z,2026-02-25T18:45:00Z,1,1,Determined upon crew arrival,In Progres,OUTAGE,Single Customer,MAR,NORMAL,43.00787,-82.4558
NE26022500204,2026-02-25T15:12:41Z,2026-02-25T15:12:41Z,1,2026-02-25T14:39:42Z,2026-02-25T19:10:00Z,1,1,Determined upon crew arrival,In Progres,OUTAGE,Single Customer,MTC,NORMAL,42.70703,-82.71922
NW26022500189,2026-02-25T15:12:41Z,2026-02-25T17:43:03Z,3,2026-02-25T14:16:56Z,2026-02-25T18:45:00Z,1,1,Equipment problem,In Progres,OUTAGE,Single Customer,PON,NORMAL,42.65384,-83.3383
NW26022500206,2026-02-25T15:12:41Z,2026-02-25T15:12:41Z,1,2026-02-25T14:45:20Z,2026-02-25T19:15:00Z,2,2,Determined upon crew arrival,New,OUTAGE,Service Secondary,SBY,NORMAL,42.5514,-82.98279
SE26022500176,2026-02-25T15:12:41Z,2026-02-25T21:02:22Z,7,2026-02-25T14:02:18Z,2026-02-26T06:30:00Z,1,1,Equipment problem,In Progres,SERVICE DOWN NO,,RFD,NORMAL,42.35717,-83.21815
SE26022500177,2026-02-25T15:12:41Z,2026-02-25T15:12:41Z,1,2026-02-25T14:04:08Z,2026-02-25T18:35:00Z,1,1,Determined upon crew arrival,PC3 Verifi,OUTAGE,Single Customer,RFD,NORMAL,42.43531,-83.18709
SE26022500182,2026-02-25T15:12:41Z,2026-02-25T17:43:03Z,3,2026-02-25T14:11:20Z,2026-02-25T18:40:00Z,1,1,Determined upon crew arrival,In Progres,OUTAGE,Single Customer,RFD,NORMAL,42.41325,-83.15031
SE26022500187,2026-02-25T15:12:41Z,2026-02-25T15:12:41Z,1,2026-02-25T14:14:18Z,2026-02-25T18:45:00Z,2,2,Determined upon crew arrival,In Progres,OUTAGE,Service Secondary,RFD,NORMAL,42.25302,-83.20442
SE26022500193,2026-02-25T15:12:41Z,2026-02-25T15:12:41Z,1,2026-02-25T14:28:47Z,2026-02-25T19:00:00Z,1,1,Determined upon crew arrival,PC3 Verifi,OUTAGE,Single Customer,CAN,NORMAL,42.34065,-83.05217
SE26022500194,2026-02-25T15:12:41Z,2026-02-25T15:12:41Z,1,2026-02-24T21:20:37Z,2026-02-25T19:00:00Z,1,1,Determined upon crew arrival,New,OUTAGE,Single Customer,CAN,NORMAL,42.43238,-83.0822
SE26022500197,2026-02-25T15:12:41Z,2026-02-26T02:09:48Z,12,2026-02-25T14:33:50Z,2026-02-26T07:05:00Z,1,1,Determined upon crew arrival,In Progres,OUTAGE,Single Customer,CAN,NORMAL,42.37029,-83.13198
SE26022500200,2026-02-25T15:12:41Z,2026-02-25T16:34:54Z,2,2026-02-25T14:37:07Z,2026-02-25T19:05:00Z,1,1,Determined upon crew arrival,In Progres,OUTAGE,Single Customer,RFD,NORMAL,42.39842,-83.17312
SW26022500192,2026-02-25T15:12:41Z,2026-02-25T17:43:03Z,3,2026-02-25T14:28:27Z,2026-02-25T19:00:00Z,1,1,Determined upon crew arrival,In Progres,OUTAGE,Service Transformer,ANN,NORMAL,42.299,-83.79113
SW26022500209,2026-02-25T15:12:41Z,2026-02-25T15:12:41Z,1,2026-02-25T14:50:37Z,2026-02-25T19:20:00Z,1,1,Determined upon crew arrival,In Progres,OUTAGE,Service Secondary,WWS,NORMAL,42.28498,-83.4029
NE26022500226,2026-02-25T16:34:54Z,2026-02-25T20:18:59Z,5,2026-02-25T15:00:25Z,2026-02-26T07:40:00Z,1,1,Determined upon crew arrival,In Progres,OUTAGE,Single Customer,MTC,NORMAL,42.59305,-82.8635
NE26022500258,2026-02-25T16:34:54Z,2026-02-25T16:34:54Z,1,2026-02-25T15:34:07Z,2026-02-25T20:05:00Z,1,1,Determined upon crew arrival,In Progres,OUTAGE,Single Customer,MAR,NORMAL,43.01216,-82.46444
NE26022500261,2026-02-25T16:34:54Z,2026-02-25T17:43:03Z,2,2026-02-25T15:35:52Z,2026-02-25T20:05:00Z,1,1,Determined upon crew arrival,In Progres,OUTAGE,Service Transformer,MAR,NORMAL,43.22533,-82.78464
NE26022500337,2026-02-25T16:34:54Z,2026-02-25T16:34:54Z,1,2026-02-25T16:07:40Z,2026-02-25T20:55:00Z,2,2,Determined upon crew arrival,In Progres,OUTAGE,Service Transformer,MTC,NORMAL,42.70551,-82.72066
NE26022500341,2026-02-25T16:34:54Z,2026-02-25T16:34:54Z,1,2026-02-25T16:24:40Z,2026-02-25T20:55:00Z,1,1,Determined upon crew arrival,In Progres,OUTAGE,Single Customer,MTC,NORMAL,42.47954,-82.93594
NW26022500292,2026-02-25T16:34:54Z,2026-02-25T18:42:39Z,3,2026-02-25T15:50:37Z,2026-02-25T20:20:00Z,1,1,Determined upon crew arrival,In Progres,OUTAGE,Single Customer,PON,NORMAL,42.71992,-83.4222
NW26022500300,2026-02-25T16:34:54Z,2026-02-25T17:43:03Z,2,2026-02-25T15:49:30Z,2026-02-25T20:25:00Z,1,1,Determined upon crew arrival,In Progres,OUTAGE,Single Customer,PON,NORMAL,42.71038,-83.35233
NW26022500306,2026-02-25T16:34:54Z,2026-02-25T16:34:54Z,1,2026-02-25T15:50:40Z,2026-02-25T20:25:00Z,9,9,Equipment problem,In Progres,OUTAGE,Service Transformer,PON,NORMAL,42.68349,-83.41673
NW26022500331,2026-02-25T16:34:54Z,2026-02-25T18:42:39Z,3,2026-02-25T16:16:12Z,2026-02-25T20:45:00Z,1,1,Equipment problem,In Progres,OUTAGE,Single Customer,PON,NORMAL,42.68356,-83.41419
NW26022500335,2026-02-25T16:34:54Z,2026-02-25T18:42:39Z,3,2026-02-25T16:21:33Z,2026-02-25T20:50:00Z,1,1,Determined upon crew arrival,In Progres,OUTAGE,Single Customer,HWL,NORMAL,42.51176,-83.6295
NW26022500342,2026-02-25T16:34:54Z,2026-02-25T16:34:54Z,1,2026-02-25T16:25:12Z,2026-02-25T20:55:00Z,1,1,Determined upon crew arrival,In Progres,OUTAGE,Single Customer,PON,NORMAL,42.79673,-83.2209
SE26022500246,2026-02-25T16:34:54Z,2026-02-25T16:34:54Z,1,2026-02-25T15:07:36Z,2026-02-25T19:55:00Z,22,22,Determined upon crew arrival,In Progres,OUTAGE,Service Transformer,CAN,NORMAL,42.42674,-82.94451
SE26022500270,2026-02-25T16:34:54Z,2026-02-25T16:34:54Z,1,2026-02-25T15:46:19Z,2026-02-25T20:15:00Z,1,1,Determined upon crew arrival,In Progres,OUTAGE,Single Customer,RFD,NORMAL,42.43604,-83.30241
SE26022500299,2026-02-25T16:34:54Z,2026-02-25T16:34:54Z,1,2026-02-25T15:53:01Z,2026-02-25T20:25:00Z,1,1,Determined upon crew arrival,In Progres,OUTAGE,Single Customer,RFD,NORMAL,42.438,-83.29422
SE26022500308,2026-02-25T16:34:54Z,2026-02-25T20:18:59Z,5,2026-02-25T00:11:50Z,2026-02-25T20:30:00Z,1,1,Equipment problem,In Progres,OUTAGE,Single Customer,RFD,NORMAL,42.38651,-83.24845
SE26022500309,2026-02-25T16:34:54Z,2026-02-25T17:43:03Z,2,2026-02-25T15:58:24Z,2026-02-25T20:30:00Z,1,1,Determined upon crew arrival,In Progres,OUTAGE,Single Customer,CAN,NORMAL,42.38357,-83.12551
SE26022500314,2026-02-25T16:34:54Z,2026-02-25T18:42:39Z,3,2026-02-25T16:01:02Z,2026-02-25T20:30:00Z,16,16,Determined upon crew arrival,In Progres,OUTAGE,Service Transformer,RFD,NORMAL,42.25526,-83.20031
SE26022500318,2026-02-25T16:34:54Z,2026-02-25T16:34:54Z,1,2026-02-25T16:04:47Z,2026-02-25T20:35:00Z,2,2,Determined upon crew arrival,In Progres,OUTAGE,Service Secondary,CAN,NORMAL,42.37112,-83.13717
SE26022500343,2026-02-25T16:34:54Z,2026-02-25T19:40:34Z,4,2026-02-25T16:25:31Z,2026-02-25T20:55:00Z,1,1,Determined upon crew arrival,In Progres,SERVICE DOWN NO,,CAN,NORMAL,42.4153,-82.95803
SW26022500225,2026-02-25T16:34:54Z,2026-02-25T17:43:03Z,2,2026-02-25T15:09:22Z,2026-02-25T19:40:00Z,1,1,Determined upon crew arrival,In Progres,OUTAGE,Service Secondary,ANN,NORMAL,42.29122,-83.62948
SW26022500244,2026-02-25T16:34:54Z,2026-02-25T17:43:03Z,2,2026-02-25T15:17:31Z,2026-02-25T19:50:00Z,1,1,Determined upon crew arrival,In Progres,OUTAGE,Single Customer,WWS,NORMAL,42.34121,-83.36915
SW26022500249,2026-02-25T16:34:54Z,2026-02-25T16:34:54Z,1,2026-02-25T15:25:17Z,2026-02-25T19:55:00Z,1,1,Determined upon crew arrival,In Progres,OUTAGE,Single Customer,WWS,NORMAL,42.42245,-83.46244
SW26022500254,2026-02-25T16:34:54Z,2026-02-25T16:34:54Z,1,2026-02-25T15:22:24Z,2026-02-25T20:00:00Z,38,38,Determined upon crew arrival,In Progres,OUTAGE,Device (I),NPT,NORMAL,42.12132,-83.26184
SW26022500264,2026-02-25T16:34:54Z,2026-02-25T16:34:54Z,1,2026-02-25T15:37:07Z,2026-02-25T20:05:00Z,1,1,Determined upon crew arrival,In Progres,OUTAGE,Service Secondary,NPT,NORMAL,42.09554,-83.29356
SW26022500265,2026-02-25T16:34:54Z,2026-02-25T16:34:54Z,1,2026-02-25T15:38:15Z,2026-02-25T20:10:00Z,1,1,Determined upon crew arrival,In Progres,OUTAGE,Single Customer,ANN,NORMAL,42.30887,-83.71423
SW26022500323,2026-02-25T16:34:54Z,2026-02-25T19:40:34Z,4,2026-02-25T16:10:08Z,2026-02-25T20:40:00Z,1,1,Equipment problem,In Progres,OUTAGE,Single Customer,WWS,NORMAL,42.44143,-83.36097
SW26022500336,2026-02-25T16:34:54Z,2026-02-25T19:40:34Z,4,2026-02-25T16:22:04Z,2026-02-25T20:50:00Z,1,1,Determined upon crew arrival,In Progres,OUTAGE,Single Customer,WWS,NORMAL,42.22881,-83.49406
SW26022500338,2026-02-25T16:34:54Z,2026-02-25T17:43:03Z,2,2026-02-25T16:20:55Z,2026-02-25T20:55:00Z,45,45,Equipment problem,In Progres,OUTAGE,Device (I),WWS,NORMAL,42.19204,-83.47727
SW26022500345,2026-02-25T16:34:54Z,2026-02-25T21:02:22Z,6,2026-02-25T16:29:01Z,2026-02-25T21:00:00Z,1,1,Determined upon crew arrival,In Progres,OUTAGE,Single Customer,WWS,NORMAL,42.34089,-83.36613
NE26022500362,2026-02-25T17:43:03Z,2026-02-25T17:43:03Z,1,2026-02-25T16:43:52Z,2026-02-25T21:15:00Z,1,1,Determined upon crew arrival,In Progres,OUTAGE,Single Customer,MAR,NORMAL,43.15491,-82.56064
NE26022500391,2026-02-25T17:43:03Z,2026-02-25T17:43:03Z,1,2026-02-25T17:05:14Z,2026-02-25T21:40:00Z,7,7,Determined upon crew arrival,In Progres,OUTAGE,Service Transformer,NAE,NORMAL,43.40784,-83.67504
NE26022500393,2026-02-25T17:43:03Z,2026-02-25T18:42:39Z,2,2026-02-25T17:12:02Z,2026-02-25T21:45:00Z,1,1,Determined upon crew arrival,In Progres,OUTAGE,Single Customer,NAE,NORMAL,43.41795,-82.86911
NE26022500395,2026-02-25T17:43:03Z,2026-02-25T18:42:39Z,2,2026-02-25T17:16:47Z,2026-02-25T21:45:00Z,1,1,Determined upon crew arrival,In Progres,OUTAGE,Single Customer,MAR,NORMAL,42.99877,-82.46061
NE26022500403,2026-02-25T17:43:03Z,2026-02-25T17:43:03Z,1,2026-02-25T17:14:54Z,,1,1,Determined upon crew arrival,New,OUTAGE,Single Customer,LAP,NORMAL,42.82029,-83.24963
NW26022500354,2026-02-25T17:43:03Z,2026-02-25T17:43:03Z,1,2026-02-25T16:30:58Z,2026-02-25T21:05:00Z,1,1,Determined upon crew arrival,PC3 Verifi,OUTAGE,Single Customer,PON,NORMAL,42.72453,-83.29386
NW26022500367,2026-02-25T17:43:03Z,2026-02-25T18:42:39Z,2,2026-02-25T16:51:24Z,2026-02-25T21:20:00Z,3,3,Determined upon crew arrival,In Progres,OUTAGE,Service Transformer,HWL,NORMAL,42.43974,-83.90645
NW26022500381,2026-02-25T17:43:03Z,2026-02-25T18:42:39Z,2,2026-02-25T16:46:17Z,2026-02-25T21:30:00Z,10,10,Determined upon crew arrival,In Progres,OUTAGE,Service Transformer,PON,NORMAL,42.67936,-83.23174
SE26022500346,2026-02-25T17:43:03Z,2026-02-25T17:43:03Z,1,2026-02-25T16:30:28Z,2026-02-25T21:00:00Z,1,1,Determined upon crew arrival,In Progres,OUTAGE,Single Customer,RFD,NORMAL,42.42703,-83.30493
SE26022500372,2026-02-25T17:43:03Z,2026-02-25T21:49:00Z,6,2026-02-25T16:54:25Z,2026-02-26T09:25:00Z,1,1,Determined upon crew arrival,In Progres,OUTAGE,Single Customer,CAN,NORMAL,42.40599,-82.97331
SE26022500373,2026-02-25T17:43:03Z,2026-02-25T18:42:39Z,2,2026-02-25T16:54:45Z,2026-02-25T21:25:00Z,1,1,Determined upon crew arrival,In Progres,OUTAGE,Single Customer,RFD,NORMAL,42.42873,-83.1711
SE26022500388,2026-02-25T17:43:03Z,2026-02-25T19:40:34Z,3,2026-02-25T17:07:54Z,2026-02-25T21:40:00Z,1,1,Determined upon crew arrival,In Progres,OUTAGE,Single Customer,RFD,NORMAL,42.44041,-83.30501
SW26022500355,2026-02-25T17:43:03Z,2026-02-25T18:42:39Z,2,2026-02-25T16:36:26Z,2026-02-25T21:05:00Z,1,1,Determined upon crew arrival,In Progres,OUTAGE,Single Customer,WWS,NORMAL,42.30529,-83.40079
SW26022500369,2026-02-25T17:43:03Z,2026-02-25T17:43:03Z,1,2026-02-25T16:51:52Z,2026-02-25T21:20:00Z,1,1,Determined upon crew arrival,In Progres,OUTAGE,Single Customer,NPT,NORMAL,42.06848,-83.26635
SW26022500370,2026-02-25T17:43:03Z,2026-02-25T19:40:34Z,3,2026-02-25T16:51:59Z,2026-02-25T21:20:00Z,2,2,Determined upon crew arrival,In Progres,OUTAGE,Service Secondary,NPT,NORMAL,42.09188,-83.28622
SW26022500376,2026-02-25T17:43:03Z,2026-02-25T17:43:03Z,1,2026-02-25T16:55:57Z,2026-02-25T21:25:00Z,1,1,Determined upon crew arrival,In Progres,OUTAGE,Service Secondary,ANN,NORMAL,42.28374,-83.64878
SW26022500383,2026-02-25T17:43:03Z,2026-02-25T18:42:39Z,2,2026-02-25T17:00:13Z,2026-02-25T21:35:00Z,1,1,Determined upon crew arrival,In Progres,OUTAGE,Single Customer,WWS,NORMAL,42.46294,-83.44343
SW26022500389,2026-02-25T17:43:03Z,2026-02-25T19:40:34Z,3,2026-02-25T16:53:24Z,2026-02-25T21:40:00Z,13,13,Determined upon crew arrival,In Progres,OUTAGE,Service Transformer,NPT,NORMAL,42.09188,-83.28622
NE26022500408,2026-02-25T18:42:39Z,2026-02-25T18:42:39Z,1,2026-02-25T17:35:57Z,2026-02-25T22:05:00Z,1,1,Determined upon crew arrival,In Progres,OUTAGE,Single Customer,MTC,NORMAL,42.47305,-82.93981
NE26022500410,2026-02-25T18:42:39Z,2026-02-25T18:42:39Z,1,2026-02-25T17:37:47Z,2026-02-25T22:10:00Z,1,1,Determined upon crew arrival,In Progres,OUTAGE,Single Customer,LAP,NORMAL,42.82029,-83.24963
NE26022500416,2026-02-25T18:42:39Z,2026-02-25T18:42:39Z,1,2026-02-25T17:46:37Z,2026-02-25T22:15:00Z,1,1,Determined upon crew arrival,In Progres,OUTAGE,Single Customer,LAP,NORMAL,43.13069,-83.32245
NE26022500418,2026-02-25T18:42:39Z,2026-02-25T18:42:39Z,1,2026-02-25T17:49:25Z,2026-02-25T22:20:00Z,1,1,Determined upon crew arrival,In Progres,OUTAGE,Single Customer,MTC,NORMAL,42.46081,-83.01632
NE26022500420,2026-02-25T18:42:39Z,2026-02-25T19:40:34Z,2,2026-02-25T17:50:26Z,2026-02-25T22:20:00Z,4,4,Determined upon crew arrival,In Progres,OUTAGE,Service Transformer,MAR,NORMAL,42.99945,-82.46152
NW26022500442,2026-02-25T18:42:39Z,2026-02-25T21:02:22Z,4,2026-02-25T18:22:31Z,2026-02-25T22:55:00Z,1,1,Equipment problem,In Progres,OUTAGE,Single Customer,SBY,NORMAL,42.55703,-83.07538
SE26022500409,2026-02-25T18:42:39Z,2026-02-25T19:40:34Z,2,2026-02-25T17:37:23Z,2026-02-25T22:05:00Z,1,1,Determined upon crew arrival,In Progres,OUTAGE,Single Customer,RFD,NORMAL,42.41706,-83.16911
SE26022500415,2026-02-25T18:42:39Z,2026-02-25T18:42:39Z,1,2026-02-25T17:46:24Z,2026-02-25T22:15:00Z,2,2,Determined upon crew arrival,In Progres,OUTAGE,Service Secondary,RFD,NORMAL,42.43603,-83.29295
SE26022500421,2026-02-25T18:42:39Z,2026-02-26T02:09:48Z,9,2026-02-25T15:23:16Z,2026-02-26T10:20:00Z,1,1,Determined upon crew arrival,In Progres,OUTAGE,Single Customer,CAN,NORMAL,42.34836,-83.10062
SE26022500422,2026-02-25T18:42:39Z,2026-02-25T18:42:39Z,1,2026-02-25T17:50:46Z,2026-02-25T22:20:00Z,2,2,Determined upon crew arrival,In Progres,OUTAGE,Service Secondary,RFD,NORMAL,42.43935,-83.30255
SE26022500438,2026-02-25T18:42:39Z,2026-02-25T21:49:00Z,5,2026-02-25T18:07:32Z,2026-02-25T22:40:00Z,1,1,Determined upon crew arrival,In Progres,OUTAGE,Single Customer,RFD,NORMAL,42.39499,-83.18906
SE26022500447,2026-02-25T18:42:39Z,2026-02-25T18:42:39Z,1,2026-02-25T18:29:47Z,,1,1,Determined upon crew arrival,New,OUTAGE,Single Customer,RFD,NORMAL,42.49895,-83.13099
SW26022500414,2026-02-25T18:42:39Z,2026-02-25T18:42:39Z,1,2026-02-25T17:44:49Z,2026-02-25T22:15:00Z,7,7,Determined upon crew arrival,In Progres,OUTAGE,Service Transformer,ANN,NORMAL,42.24903,-83.72875
SW26022500432,2026-02-25T18:42:39Z,2026-02-25T18:42:39Z,1,2026-02-25T18:07:29Z,2026-02-25T22:40:00Z,6,6,Determined upon crew arrival,In Progres,OUTAGE,Service Transformer,ANN,NORMAL,42.31191,-83.71827
NE26022500478,2026-02-25T19:40:34Z,2026-02-25T21:02:22Z,3,2026-02-25T19:12:21Z,2026-02-25T23:40:00Z,1,1,Determined upon crew arrival,In Progres,OUTAGE,Single Customer,MAR,NORMAL,42.99903,-82.4599
NW26022500475,2026-02-25T19:40:34Z,2026-02-25T19:40:34Z,1,2026-02-25T19:06:46Z,2026-02-25T23:35:00Z,1,1,Determined upon crew arrival,In Progres,OUTAGE,Single Customer,PON,NORMAL,42.71992,-83.4222
SE26022500448,2026-02-25T19:40:34Z,2026-02-25T21:02:22Z,3,2026-02-25T18:27:36Z,2026-02-25T23:00:00Z,1,1,Equipment problem,In Progres,OUTAGE,Single Customer,CAN,NORMAL,42.39976,-82.9606
SE26022500464,2026-02-25T19:40:34Z,2026-02-25T20:18:59Z,2,2026-02-25T18:50:19Z,2026-02-25T23:20:00Z,1,1,Determined upon crew arrival,In Progres,OUTAGE,Single Customer,RFD,NORMAL,42.25524,-83.20604
SE26022500493,2026-02-25T19:40:34Z,2026-02-25T21:49:00Z,4,2026-02-25T19:25:38Z,2026-02-25T23:55:00Z,29,29,Determined upon crew arrival,In Progres,OUTAGE,Device (II),RFD,NORMAL,42.37582,-83.17002
SW26022500457,2026-02-25T19:40:34Z,2026-02-25T19:40:34Z,1,2026-02-25T18:42:30Z,2026-02-25T23:15:00Z,1,1,Determined upon crew arrival,In Progres,OUTAGE,Service Transformer,ANN,NORMAL,42.28951,-83.64999
SW26022500459,2026-02-25T19:40:34Z,2026-02-25T21:02:22Z,3,2026-02-25T18:44:38Z,2026-02-25T23:15:00Z,1,1,Equipment problem,In Progres,OUTAGE,Single Customer,WWS,NORMAL,42.48785,-83.35833
SW26022500463,2026-02-25T19:40:34Z,2026-02-25T21:02:22Z,3,2026-02-25T18:48:36Z,2026-02-25T23:20:00Z,16,16,Determined upon crew arrival,In Progres,OUTAGE,Service Transformer,WWS,NORMAL,42.39893,-83.40354
SW26022500481,2026-02-25T19:40:34Z,2026-02-25T20:18:59Z,2,2026-02-25T19:09:58Z,2026-02-25T23:45:00Z,19,19,Animal/bird damaged DTE equip,In Progres,OUTAGE,Service Transformer,ANN,NORMAL,42.08632,-83.68834
SW26022500484,2026-02-25T19:40:34Z,2026-02-25T20:18:59Z,2,2026-02-25T18:57:40Z,2026-02-25T23:50:00Z,2,2,Determined upon crew arrival,In Progres,OUTAGE,Service Secondary,ANN,NORMAL,42.27638,-83.78522
SW26022500487,2026-02-25T19:40:34Z,2026-02-25T23:14:59Z,6,2026-02-25T18:19:54Z,2026-02-25T23:50:00Z,1,1,Determined upon crew arrival,In Progres,OUTAGE,Single Customer,WWS,NORMAL,42.25367,-83.5425
NE26022500506,2026-02-25T20:18:59Z,2026-02-25T20:18:59Z,1,2026-02-25T19:47:16Z,2026-02-26T00:15:00Z,1,1,Determined upon crew arrival,In Progres,OUTAGE,Single Customer,MAR,NORMAL,43.00342,-82.46005
SW26022500507,2026-02-25T20:18:59Z,2026-02-25T20:18:59Z,1,2026-02-25T19:48:56Z,2026-02-26T00:20:00Z,1,1,Determined upon crew arrival,In Progres,OUTAGE,Single Customer,WWS,NORMAL,42.38593,-83.38782
NW26022500525,2026-02-25T21:02:22Z,2026-02-25T21:49:00Z,2,2026-02-25T20:09:54Z,2026-02-26T00:45:00Z,27,27,Equipment problem,In Progres,OUTAGE,Device (I),PON,NORMAL,42.54288,-83.10126
NW26022500528,2026-02-25T21:02:22Z,2026-02-25T21:49:00Z,2,2026-02-25T20:21:46Z,2026-02-26T00:50:00Z,33,33,Equipment problem,In Progres,OUTAGE,Service Transformer,PON,NORMAL,42.54247,-83.10091
NW26022500571,2026-02-25T21:02:22Z,2026-02-25T22:35:03Z,3,2026-02-25T19:53:50Z,2026-02-26T01:10:00Z,1,1,Equipment problem,In Progres,OUTAGE,Single Customer,PON,NORMAL,42.71885,-83.42202
SE26022500516,2026-02-25T21:02:22Z,2026-02-26T02:09:48Z,6,2026-02-25T20:03:01Z,2026-02-26T12:35:00Z,1,1,Equipment problem,In Progres,OUTAGE,Single Customer,CAN,NORMAL,42.42539,-83.06944
SE26022500534,2026-02-25T21:02:22Z,2026-02-25T22:35:03Z,3,2026-02-25T20:23:16Z,2026-02-26T01:00:00Z,36,36,Determined upon crew arrival,In Progres,OUTAGE,Device (I),RFD,NORMAL,42.39851,-83.2586
SE26022500549,2026-02-25T21:02:22Z,2026-02-26T10:24:42Z,13,2026-02-25T12:09:10Z,2026-02-26T13:00:00Z,1,1,Equipment problem,In Progres,OUTAGE,Single Customer,RFD,NORMAL,42.2988,-83.28949
SE26022500575,2026-02-25T21:02:22Z,2026-02-25T21:02:22Z,1,2026-02-25T20:40:32Z,2026-02-26T01:10:00Z,1,1,Determined upon crew arrival,New,OUTAGE,Single Customer,RFD,NORMAL,42.39874,-83.26095
SW26022500530,2026-02-25T21:02:22Z,2026-02-26T02:09:48Z,6,2026-02-25T20:27:44Z,2026-02-26T13:00:00Z,1,1,Determined upon crew arrival,In Progres,OUTAGE,Single Customer,NPT,NORMAL,41.93955,-83.26779
SW26022500532,2026-02-25T21:02:22Z,2026-02-25T21:02:22Z,1,2026-02-25T20:27:52Z,2026-02-26T01:00:00Z,4796,4796,Determined upon crew arrival,In Progres,OUTAGE,Substation,ANN,NORMAL,42.23005,-83.6643
SW26022500542,2026-02-25T21:02:22Z,2026-02-25T21:02:22Z,1,2026-02-25T20:27:47Z,2026-02-26T01:00:00Z,710,710,Determined upon crew arrival,In Progres,OUTAGE,Circuit Level,ANN,NORMAL,42.22137,-83.64583
SW26022500551,2026-02-25T21:02:22Z,2026-02-25T21:02:22Z,1,2026-02-25T20:27:41Z,2026-02-26T01:00:00Z,20,20,Determined upon crew arrival,New,OUTAGE,Device (II),ANN,NORMAL,42.17357,-83.68536
SW26022500578,2026-02-25T21:02:22Z,2026-02-25T21:02:22Z,1,2026-02-25T20:27:51Z,,1,1,Determined upon crew arrival,New,OUTAGE,Single Customer,ANN,NORMAL,42.21662,-83.67329
NW26022500599,2026-02-25T21:49:00Z,2026-02-26T17:18:04Z,19,2026-02-25T19:52:37Z,2026-02-27T01:35:00Z,1,1,Equipment problem,In Progres,OUTAGE,Single Customer,PON,NORMAL,42.78392,-83.24186
SE26022500609,2026-02-25T21:49:00Z,2026-02-25T22:35:03Z,2,2026-02-25T21:03:02Z,2026-02-26T01:45:00Z,1,1,Equipment problem,In Progres,OUTAGE,Single Customer,RFD,NORMAL,42.26177,-83.13838
SW26022500583,2026-02-25T21:49:00Z,2026-02-26T02:09:48Z,5,2026-02-25T20:27:47Z,2026-02-26T05:20:00Z,710,650,Equipment problem,In Progres,OUTAGE,Circuit Level,ANN,NORMAL,42.22137,-83.64583
SW26022500592,2026-02-25T21:49:00Z,2026-02-25T22:35:03Z,2,2026-02-25T20:56:33Z,2026-02-26T01:25:00Z,1,1,Determined upon crew arrival,PC3 Verifi,OUTAGE,Single Customer,ANN,NORMAL,42.22527,-83.62661
SW26022500594,2026-02-25T21:49:00Z,2026-02-25T21:49:00Z,1,2026-02-25T20:57:33Z,2026-02-26T01:30:00Z,1,1,Determined upon crew arrival,PC3 Verifi,PRIORITY,,ANN,NORMAL,42.23039,-83.65923
SW26022500606,2026-02-25T21:49:00Z,2026-02-25T21:49:00Z,1,2026-02-25T20:39:59Z,2026-02-26T01:45:00Z,1,1,Determined upon crew arrival,PC3 Verifi,PRIORITY,,ANN,NORMAL,42.22417,-83.62466
SW26022500608,2026-02-25T21:49:00Z,2026-02-25T21:49:00Z,1,2026-02-25T21:15:32Z,2026-02-26T01:45:00Z,1,1,Determined upon crew arrival,New,OUTAGE,Single Customer,ANN,NORMAL,42.2232,-83.66146
SE26022500624,2026-02-25T22:35:03Z,2026-02-26T04:24:35Z,5,2026-02-25T21:44:31Z,2026-02-26T14:15:00Z,1,1,Equipment problem,In Progres,SERVICE DOWN NO,,CAN,NORMAL,42.38155,-82.98878
SE26022500633,2026-02-25T22:35:03Z,2026-02-25T23:46:43Z,3,2026-02-25T21:58:38Z,2026-02-26T02:30:00Z,1,1,Determined upon crew arrival,In Progres,OUTAGE,Single Customer,CAN,NORMAL,42.42749,-82.92753
SE26022500642,2026-02-25T22:35:03Z,2026-02-25T23:46:43Z,3,2026-02-25T22:13:27Z,2026-02-26T02:45:00Z,1,1,Equipment problem,In Progres,OUTAGE,Single Customer,RFD,NORMAL,42.43092,-83.14297
SE26022500643,2026-02-25T22:35:03Z,2026-02-25T23:14:59Z,2,2026-02-25T22:16:39Z,2026-02-26T02:50:00Z,51,51,Determined upon crew arrival,In Progres,OUTAGE,Device (I),RFD,NORMAL,42.40279,-83.21325
SE26022500646,2026-02-25T22:35:03Z,2026-02-26T13:13:37Z,14,2026-02-25T22:25:07Z,2026-02-26T15:00:00Z,1,1,Equipment problem,In Progres,OUTAGE,Single Customer,RFD,NORMAL,42.35718,-83.16808
SW26022500619,2026-02-25T22:35:03Z,2026-02-25T23:46:43Z,3,2026-02-25T21:35:57Z,2026-02-26T02:05:00Z,1,1,Determined upon crew arrival,In Progres,OUTAGE,Single Customer,ANN,NORMAL,42.22192,-83.65823
SW26022500628,2026-02-25T22:35:03Z,2026-02-25T23:14:59Z,2,2026-02-25T19:22:21Z,2026-02-26T02:20:00Z,1,1,Determined upon crew arrival,In Progres,OUTAGE,Single Customer,WWS,NORMAL,42.26794,-83.54158
SW26022500629,2026-02-25T22:35:03Z,2026-02-25T23:46:43Z,3,2026-02-25T21:50:55Z,2026-02-26T02:20:00Z,1,1,Determined upon crew arrival,PC3 Verifi,OUTAGE,Single Customer,ANN,NORMAL,42.21988,-83.64672
SW26022500638,2026-02-25T22:35:03Z,2026-02-25T23:46:43Z,3,2026-02-25T22:06:16Z,2026-02-26T02:35:00Z,1,1,Determined upon crew arrival,PC3 Verifi,OUTAGE,Single Customer,ANN,NORMAL,42.22187,-83.6529
SW26022500641,2026-02-25T22:35:03Z,2026-02-25T23:46:43Z,3,2026-02-25T22:12:37Z,2026-02-26T02:45:00Z,1,1,Determined upon crew arrival,New,OUTAGE,Single Customer,ANN,NORMAL,42.21279,-83.6629
NE26022500648,2026-02-25T23:14:59Z,2026-02-26T02:09:48Z,3,2026-02-25T19:26:45Z,2026-02-26T03:20:00Z,1,1,Determined upon crew arrival,In Progres,OUTAGE,Single Customer,MTC,NORMAL,42.5871,-82.86909
NW26022500649,2026-02-25T23:14:59Z,2026-02-25T23:46:43Z,2,2026-02-25T22:49:55Z,2026-02-26T03:20:00Z,1,1,Determined upon crew arrival,In Progres,OUTAGE,Single Customer,PON,NORMAL,42.72732,-83.41655
NE26022500659,2026-02-25T23:46:43Z,2026-02-26T02:09:48Z,2,2026-02-25T23:21:16Z,2026-02-26T03:50:00Z,1,1,Determined upon crew arrival,In Progres,OUTAGE,Single Customer,NAE,NORMAL,43.94042,-83.00059
NW26022500657,2026-02-25T23:46:43Z,2026-02-25T23:46:43Z,1,2026-02-25T23:12:03Z,2026-02-26T03:45:00Z,5,5,Determined upon crew arrival,In Progres,OUTAGE,Service Transformer,SBY,NORMAL,42.79722,-83.20287
SE26022500654,2026-02-25T23:46:43Z,2026-02-26T16:09:29Z,15,2026-02-25T23:11:34Z,2026-02-27T03:40:00Z,1,1,Equipment problem,In Progres,OUTAGE,Single Customer,RFD,NORMAL,42.50964,-83.1846
SE26022500658,2026-02-25T23:46:43Z,2026-02-25T23:46:43Z,1,2026-02-25T23:17:34Z,2026-02-26T03:50:00Z,1,1,Determined upon crew arrival,New,OUTAGE,Single Customer,CAN,NORMAL,42.38091,-83.10125
NE26022500684,2026-02-26T02:09:48Z,2026-02-26T08:27:18Z,6,2026-02-26T00:32:30Z,2026-02-26T09:05:00Z,4,4,Equipment problem,In Progres,OUTAGE,Service Transformer,MAR,NORMAL,42.99393,-82.51646
NW26022500677,2026-02-26T02:09:48Z,2026-02-26T02:09:48Z,1,2026-02-26T00:16:54Z,2026-02-26T04:45:00Z,1,1,Equipment problem,In Progres,OUTAGE,Single Customer,SBY,NORMAL,42.80911,-83.05123
SE26022500685,2026-02-26T02:09:48Z,2026-02-27T09:07:11Z,31,2026-02-25T15:10:46Z,2026-02-27T17:05:00Z,1,1,Equipment problem,Pending,OUTAGE,Single Customer,RFD,NORMAL,42.41412,-83.18872
SE26022500700,2026-02-26T02:09:48Z,2026-02-26T02:09:48Z,1,2026-02-26T01:36:29Z,2026-02-26T06:05:00Z,1,1,Equipment problem,In Progres,OUTAGE,Single Customer,CAN,NORMAL,42.42749,-82.92753
SW26022500664,2026-02-26T02:09:48Z,2026-02-26T02:09:48Z,1,2026-02-25T23:46:41Z,2026-02-26T04:20:00Z,8,8,Determined upon crew arrival,In Progres,OUTAGE,Device (I),ANN,NORMAL,42.341,-83.71728
SW26022500665,2026-02-26T02:09:48Z,2026-02-26T02:09:48Z,1,2026-02-25T23:50:43Z,2026-02-26T04:20:00Z,1,1,Determined upon crew arrival,New,OUTAGE,Single Customer,ANN,NORMAL,42.33676,-83.72355
SW26022500669,2026-02-26T02:09:48Z,2026-02-26T02:09:48Z,1,2026-02-25T23:51:29Z,2026-02-26T04:25:00Z,1,1,Determined upon crew arrival,New,OUTAGE,Single Customer,ANN,NORMAL,42.33408,-83.72795
SW26022500670,2026-02-26T02:09:48Z,2026-02-26T02:09:48Z,1,2026-02-25T23:55:57Z,2026-02-26T04:25:00Z,1,1,Determined upon crew arrival,New,OUTAGE,Single Customer,ANN,NORMAL,42.33947,-83.72212
SW26022500673,2026-02-26T02:09:48Z,2026-02-26T02:09:48Z,1,2026-02-26T00:06:47Z,2026-02-26T04:35:00Z,1,1,Determined upon crew arrival,New,OUTAGE,Single Customer,ANN,NORMAL,42.33945,-83.71594
SW26022500678,2026-02-26T02:09:48Z,2026-02-26T02:09:48Z,1,2026-02-26T00:17:17Z,2026-02-26T04:45:00Z,1,1,Determined upon crew arrival,New,OUTAGE,Single Customer,ANN,NORMAL,42.34001,-83.71476
SW26022500683,2026-02-26T02:09:48Z,2026-02-26T02:09:48Z,1,2026-02-26T00:30:52Z,2026-02-26T05:00:00Z,1,1,Determined upon crew arrival,New,OUTAGE,Single Customer,ANN,NORMAL,42.33969,-83.71909
SW26022500689,2026-02-26T02:09:48Z,2026-02-26T02:09:48Z,1,2026-02-26T00:49:04Z,2026-02-26T05:20:00Z,1,1,Determined upon crew arrival,New,OUTAGE,Single Customer,ANN,NORMAL,42.34042,-83.71392
SW26022500691,2026-02-26T02:09:48Z,2026-02-26T02:09:48Z,1,2026-02-26T00:47:57Z,2026-02-26T05:20:00Z,31,31,Determined upon crew arrival,In Progres,OUTAGE,Device (I),NPT,NORMAL,41.93565,-83.41432
SW26022500694,2026-02-26T02:09:48Z,2026-02-26T02:09:48Z,1,2026-02-25T22:57:25Z,2026-02-26T05:25:00Z,1,1,Determined upon crew arrival,In Progres,OUTAGE,Single Customer,WWS,NORMAL,42.27125,-83.40029
SW26022500696,2026-02-26T02:09:48Z,2026-02-26T04:24:35Z,2,2026-02-26T00:58:48Z,2026-02-26T05:30:00Z,2,2,Equipment problem,In Progres,OUTAGE,Service Secondary,WWS,NORMAL,42.51263,-83.36758
SW26022500698,2026-02-26T02:09:48Z,2026-02-26T02:09:48Z,1,2026-02-26T01:14:38Z,2026-02-26T05:45:00Z,1,1,Determined upon crew arrival,New,OUTAGE,Single Customer,ANN,NORMAL,42.34031,-83.71673
SW26022500704,2026-02-26T02:09:48Z,2026-02-26T02:09:48Z,1,2026-02-26T01:47:39Z,,1,1,Determined upon crew arrival,New,OUTAGE,Single Customer,ANN,NORMAL,42.33487,-83.72606
NW26022500725,2026-02-26T04:24:35Z,2026-02-26T04:24:35Z,1,2026-02-26T03:57:36Z,,1,1,Determined upon crew arrival,New,OUTAGE,Single Customer,PON,NORMAL,42.6918,-83.56789
SE26022500721,2026-02-26T04:24:35Z,2026-02-26T05:39:18Z,2,2026-02-25T23:52:01Z,2026-02-26T08:05:00Z,1,1,Determined upon crew arrival,In Progres,OUTAGE,Single Customer,RFD,NORMAL,42.35565,-83.1691
SW26022500724,2026-02-26T04:24:35Z,2026-02-26T15:12:44Z,12,2026-02-26T03:56:48Z,2026-02-26T20:25:00Z,1,1,Equipment problem,In Progres,OUTAGE,Single Customer,ANN,NORMAL,42.27643,-83.76215
NE26022500735,2026-02-26T05:39:18Z,2026-02-26T08:27:18Z,4,2026-02-26T04:44:21Z,2026-02-26T09:25:00Z,3,3,Determined upon crew arrival,In Progres,OUTAGE,Service Transformer,NAE,NORMAL,43.48493,-83.68191
SW26022500733,2026-02-26T05:39:18Z,2026-02-26T11:56:03Z,8,2026-02-26T03:07:49Z,2026-02-26T21:15:00Z,1,1,Equipment problem,In Progres,OUTAGE,Single Customer,WWS,NORMAL,42.3016,-83.33499
SW26022600003,2026-02-26T05:39:18Z,2026-02-26T07:38:55Z,3,2026-02-26T05:10:54Z,2026-02-26T09:40:00Z,1,1,Equipment problem,In Progres,OUTAGE,Single Customer,WWS,NORMAL,42.471,-83.4641
SW26022600006,2026-02-26T05:39:18Z,2026-02-26T15:12:44Z,11,2026-02-26T05:28:36Z,2026-02-26T22:00:00Z,1,1,Equipment problem,In Progres,OUTAGE,Single Customer,WWS,NORMAL,42.41526,-83.3402
SE26022600009,2026-02-26T06:39:27Z,2026-02-26T11:56:03Z,7,2026-02-26T05:47:49Z,2026-02-26T22:20:00Z,1,1,Determined upon crew arrival,In Progres,OUTAGE,Single Customer,RFD,NORMAL,42.45218,-83.09195
NE26022600012,2026-02-26T07:38:55Z,2026-02-26T17:18:04Z,11,2026-02-26T07:09:05Z,2026-02-26T23:40:00Z,1,1,Equipment problem,Pending,OUTAGE,Single Customer,MTC,NORMAL,42.54282,-82.86943
SW26022600015,2026-02-26T08:27:18Z,2026-02-26T14:15:30Z,7,2026-02-26T07:16:25Z,2026-02-27T00:10:00Z,1,1,Equipment problem,In Progres,OUTAGE,Single Customer,ANN,NORMAL,42.27643,-83.76215
SE26022600020,2026-02-26T09:26:39Z,2026-02-26T15:12:44Z,7,2026-02-26T08:40:39Z,2026-02-27T01:10:00Z,1,1,Determined upon crew arrival,In Progres,OUTAGE,Single Customer,CAN,NORMAL,42.41499,-82.99197
SW26022600022,2026-02-26T09:26:39Z,2026-02-26T11:56:03Z,4,2026-02-26T08:59:27Z,2026-02-26T13:30:00Z,1,1,Equipment problem,In Progres,OUTAGE,Single Customer,WWS,NORMAL,42.22507,-83.27462
NW26022600025,2026-02-26T10:24:42Z,2026-02-26T16:09:29Z,7,2026-02-26T10:13:22Z,2026-02-27T02:45:00Z,1,1,Equipment problem,In Progres,OUTAGE,Single Customer,SBY,NORMAL,42.68464,-83.05907
NE26022600028,2026-02-26T11:12:07Z,2026-02-26T14:15:30Z,4,2026-02-26T10:23:27Z,2026-02-26T14:55:00Z,2,2,Equipment problem,In Progres,OUTAGE,Service Secondary,MTC,NORMAL,42.48505,-83.07844
SE26022600037,2026-02-26T11:56:03Z,2026-02-26T15:12:44Z,4,2026-02-24T23:45:29Z,2026-02-26T15:55:00Z,1,1,Equipment problem,In Progres,OUTAGE,Single Customer,RFD,NORMAL,42.4332,-83.20779
NE26022600046,2026-02-26T13:13:37Z,2026-02-26T16:09:29Z,4,2026-02-26T12:14:14Z,2026-02-26T16:45:00Z,1,1,Determined upon crew arrival,In Progres,PRIORITY,,MTC,NORMAL,42.46553,-83.00623
NW26022600053,2026-02-26T13:13:37Z,2026-02-26T14:15:30Z,2,2026-02-26T12:31:42Z,2026-02-26T17:05:00Z,1,1,Determined upon crew arrival,In Progres,OUTAGE,Single Customer,HWL,NORMAL,42.6507,-83.79431
SE26022600041,2026-02-26T13:13:37Z,2026-02-26T13:13:37Z,1,2026-02-26T05:47:49Z,2026-02-26T16:20:00Z,1,1,Determined upon crew arrival,In Progres,SERVICE DOWN NO,,RFD,NORMAL,42.45218,-83.09195
SE26022600052,2026-02-26T13:13:37Z,2026-02-26T16:09:29Z,4,2026-02-26T12:32:40Z,2026-02-26T17:05:00Z,1,1,Equipment problem,In Progres,OUTAGE,Single Customer,CAN,NORMAL,42.42626,-83.14056
SW26022600042,2026-02-26T13:13:37Z,2026-02-26T13:13:37Z,1,2026-02-26T11:38:25Z,2026-02-26T16:20:00Z,12,12,Equipment problem,In Progres,OUTAGE,Device (I),ANN,NORMAL,42.42394,-83.87452
SW26022600044,2026-02-26T13:13:37Z,2026-02-26T14:15:30Z,2,2026-02-26T03:07:49Z,2026-02-26T16:40:00Z,1,1,Determined upon crew arrival,In Progres,OUTAGE,Single Customer,WWS,NORMAL,42.3016,-83.33499
NE26022600081,2026-02-26T14:15:30Z,2026-02-26T14:15:30Z,1,2026-02-26T13:49:16Z,2026-02-26T18:20:00Z,1,1,Determined upon crew arrival,In Progres,OUTAGE,Service Transformer,NAE,NORMAL,43.72209,-83.19912
NE26022600083,2026-02-26T14:15:30Z,2026-02-26T14:15:30Z,1,2026-02-26T13:52:25Z,2026-02-26T18:20:00Z,1,1,Determined upon crew arrival,In Progres,OUTAGE,Single Customer,NAE,NORMAL,43.72313,-83.25672
NE26022600090,2026-02-26T14:15:30Z,2026-02-26T14:15:30Z,1,2026-02-26T13:57:36Z,,1,1,Determined upon crew arrival,In Progres,OUTAGE,Service Transformer,NAE,NORMAL,43.72631,-83.15889
NW26022600088,2026-02-26T14:15:30Z,2026-02-26T16:09:29Z,3,2026-02-26T13:56:44Z,2026-02-26T18:25:00Z,1,1,Equipment problem,In Progres,OUTAGE,Single Customer,PON,NORMAL,42.79045,-83.22257
SE26022600070,2026-02-26T14:15:30Z,2026-02-26T16:09:29Z,3,2026-02-26T13:30:46Z,2026-02-26T18:00:00Z,1,1,Equipment problem,In Progres,OUTAGE,Single Customer,CAN,NORMAL,42.41291,-82.92432
SW26022600062,2026-02-26T14:15:30Z,2026-02-26T14:15:30Z,1,2026-02-26T13:07:30Z,2026-02-26T17:45:00Z,1,1,Determined upon crew arrival,In Progres,OUTAGE,Single Customer,WWS,NORMAL,42.29524,-83.33562
SW26022600071,2026-02-26T14:15:30Z,2026-02-26T14:15:30Z,1,2026-02-26T13:30:18Z,2026-02-26T18:05:00Z,11,11,Determined upon crew arrival,In Progres,OUTAGE,Service Transformer,WWS,NORMAL,42.31205,-83.35559
NE26022600094,2026-02-26T15:12:44Z,2026-02-26T19:54:39Z,6,2026-02-26T14:04:21Z,2026-02-26T22:35:00Z,1,1,Equipment problem,In Progres,PRIORITY,,MTC,NORMAL,42.70687,-82.71001
NE26022600096,2026-02-26T15:12:44Z,2026-02-26T16:09:29Z,2,2026-02-26T14:18:32Z,2026-02-26T18:50:00Z,1,1,Animal/bird damaged DTE equip,In Progres,OUTAGE,Single Customer,MTC,NORMAL,42.49332,-82.99214
NE26022600102,2026-02-26T15:12:44Z,2026-02-26T17:18:04Z,3,2026-02-26T14:22:31Z,2026-02-26T18:55:00Z,1,1,Determined upon crew arrival,In Progres,OUTAGE,Single Customer,MAR,NORMAL,42.96064,-82.45383
NE26022600106,2026-02-26T15:12:44Z,2026-02-26T15:12:44Z,1,2026-02-26T14:27:50Z,2026-02-26T19:00:00Z,3,3,Determined upon crew arrival,In Progres,OUTAGE,Service Transformer,MAR,NORMAL,43.00785,-82.45682
NE26022600112,2026-02-26T15:12:44Z,2026-02-26T16:09:29Z,2,2026-02-26T14:32:50Z,2026-02-26T19:05:00Z,4,4,Determined upon crew arrival,In Progres,OUTAGE,Service Transformer,NAE,NORMAL,43.47075,-83.38708
NW26022600099,2026-02-26T15:12:44Z,2026-02-26T16:09:29Z,2,2026-02-26T14:12:22Z,2026-02-26T18:50:00Z,1,1,Determined upon crew arrival,In Progres,OUTAGE,Single Customer,PON,NORMAL,42.55813,-83.30303
NW26022600142,2026-02-26T15:12:44Z,2026-02-26T15:12:44Z,1,2026-02-26T14:59:51Z,,1,1,Determined upon crew arrival,New,OUTAGE,Single Customer,PON,NORMAL,42.65615,-83.2713
SE26022600113,2026-02-26T15:12:44Z,2026-02-26T17:18:04Z,3,2026-02-26T14:35:12Z,2026-02-26T19:05:00Z,1,1,Equipment problem,In Progres,OUTAGE,Single Customer,RFD,NORMAL,42.35527,-83.13848
SE26022600121,2026-02-26T15:12:44Z,2026-02-26T15:12:44Z,1,2026-02-26T14:40:41Z,2026-02-26T19:10:00Z,1,1,Determined upon crew arrival,New,OUTAGE,Single Customer,RFD,NORMAL,42.46284,-83.14701
SE26022600125,2026-02-26T15:12:44Z,2026-02-26T22:35:01Z,10,2026-02-26T14:41:29Z,2026-02-27T07:10:00Z,1,1,Determined upon crew arrival,In Progres,OUTAGE,Single Customer,CAN,NORMAL,42.44796,-82.95216
SE26022600132,2026-02-26T15:12:44Z,2026-02-26T15:12:44Z,1,2026-02-26T14:52:40Z,2026-02-26T19:25:00Z,1,1,Determined upon crew arrival,New,OUTAGE,Single Customer,RFD,NORMAL,42.23277,-83.18156
SE26022600140,2026-02-26T15:12:44Z,2026-02-26T16:09:29Z,2,2026-02-26T14:59:03Z,2026-02-26T19:30:00Z,1,1,Determined upon crew arrival,In Progres,OUTAGE,Single Customer,RFD,NORMAL,42.44038,-83.29308
SW26022600108,2026-02-26T15:12:44Z,2026-02-26T16:09:29Z,2,2026-02-26T14:17:25Z,2026-02-26T19:00:00Z,2,2,Determined upon crew arrival,In Progres,OUTAGE,Service Transformer,NPT,NORMAL,42.01131,-83.71785
SW26022600114,2026-02-26T15:12:44Z,2026-02-26T15:12:44Z,1,2026-02-26T14:36:47Z,2026-02-26T19:05:00Z,1,1,Determined upon crew arrival,In Progres,OUTAGE,Service Secondary,WWS,NORMAL,42.39893,-83.40354
SW26022600116,2026-02-26T15:12:44Z,2026-02-26T17:18:04Z,3,2026-02-26T14:38:04Z,2026-02-26T19:10:00Z,40,40,Determined upon crew arrival,In Progres,OUTAGE,Device (I),WWS,NORMAL,42.29908,-83.40084
SW26022600130,2026-02-26T15:12:44Z,2026-02-26T16:09:29Z,2,2026-02-26T14:47:37Z,2026-02-26T19:20:00Z,1,1,Determined upon crew arrival,In Progres,OUTAGE,Service Transformer,ANN,NORMAL,42.28949,-83.65117
NE26022600147,2026-02-26T16:09:29Z,2026-02-26T16:09:29Z,1,2026-02-26T15:03:13Z,2026-02-26T19:35:00Z,1,1,Determined upon crew arrival,In Progres,OUTAGE,Service Transformer,MAR,NORMAL,43.13705,-82.73998
NE26022600167,2026-02-26T16:09:29Z,2026-02-26T16:09:29Z,1,2026-02-26T15:15:56Z,2026-02-26T19:50:00Z,3,3,Determined upon crew arrival,In Progres,OUTAGE,Service Transformer,NAE,NORMAL,43.32923,-83.07373
NW26022600165,2026-02-26T16:09:29Z,2026-02-26T18:08:47Z,3,2026-02-26T15:20:14Z,2026-02-26T19:50:00Z,1,1,Equipment problem,In Progres,OUTAGE,Single Customer,PON,NORMAL,42.72453,-83.29386
NW26022600195,2026-02-26T16:09:29Z,2026-02-26T16:09:29Z,1,2026-02-26T15:53:14Z,2026-02-26T20:25:00Z,859,859,Determined upon crew arrival,New,OUTAGE,Device (II),SBY,NORMAL,42.57563,-83.02341
NW26022600197,2026-02-26T16:09:29Z,2026-02-26T16:09:29Z,1,2026-02-26T15:53:31Z,2026-02-26T20:25:00Z,150,150,Determined upon crew arrival,New,OUTAGE,Device (II),SBY,NORMAL,42.57633,-83.02451
NW26022600208,2026-02-26T16:09:29Z,2026-02-26T16:09:29Z,1,2026-02-26T15:43:47Z,,1,1,Determined upon crew arrival,New,OUTAGE,Single Customer,HWL,NORMAL,42.65556,-83.99547
SE26022600155,2026-02-26T16:09:29Z,2026-02-26T21:19:07Z,7,2026-02-26T15:14:40Z,2026-02-26T21:30:00Z,1,1,Determined upon crew arrival,In Progres,OUTAGE,Single Customer,RFD,NORMAL,42.25813,-83.20651
SE26022600176,2026-02-26T16:09:29Z,2026-02-26T21:19:07Z,7,2026-02-26T15:22:15Z,2026-02-27T08:00:00Z,1,1,Determined upon crew arrival,In Progres,OUTAGE,Single Customer,RFD,NORMAL,42.2464,-83.19593
SE26022600188,2026-02-26T16:09:29Z,2026-02-26T19:10:35Z,4,2026-02-26T15:42:58Z,2026-02-26T20:15:00Z,1,1,Equipment problem,In Progres,OUTAGE,Single Customer,RFD,NORMAL,42.51457,-83.10673
SE26022600204,2026-02-26T16:09:29Z,2026-02-26T16:09:29Z,1,2026-02-26T15:56:32Z,2026-02-26T20:25:00Z,1,1,Determined upon crew arrival,New,OUTAGE,Single Customer,RFD,NORMAL,42.3955,-83.17389
SE26022600205,2026-02-26T16:09:29Z,2026-02-27T02:08:52Z,12,2026-02-26T15:55:47Z,2026-02-27T08:30:00Z,1,1,Determined upon crew arrival,In Progres,OUTAGE,Single Customer,CAN,NORMAL,42.3599,-83.10609
SW26022600161,2026-02-26T16:09:29Z,2026-02-26T19:10:35Z,4,2026-02-26T15:19:15Z,2026-02-26T19:50:00Z,1,1,Determined upon crew arrival,In Progres,OUTAGE,Service Secondary,ANN,NORMAL,42.30283,-83.61817
SW26022600163,2026-02-26T16:09:29Z,2026-02-26T22:35:01Z,9,2026-02-26T15:19:44Z,2026-02-27T07:50:00Z,1,1,Equipment problem,In Progres,OUTAGE,Single Customer,NPT,NORMAL,41.90964,-83.39921
SW26022600181,2026-02-26T16:09:29Z,2026-02-26T16:09:29Z,1,2026-02-26T15:30:40Z,2026-02-26T20:00:00Z,1,1,Determined upon crew arrival,In Progres,OUTAGE,Service Transformer,ANN,NORMAL,42.28335,-83.64738
SW26022600190,2026-02-26T16:09:29Z,2026-02-26T17:18:04Z,2,2026-02-26T15:43:02Z,2026-02-26T20:15:00Z,1,1,Public Interference w/DTE equip,In Progres,OUTAGE,Single Customer,WWS,NORMAL,42.38374,-83.38389
NE26022600251,2026-02-26T17:18:04Z,2026-02-26T17:18:04Z,1,2026-02-26T16:26:17Z,2026-02-26T20:55:00Z,9,9,Determined upon crew arrival,In Progres,OUTAGE,Service Transformer,MAR,NORMAL,42.997,-82.46028
NE26022600254,2026-02-26T17:18:04Z,2026-02-26T18:08:47Z,2,2026-02-26T16:21:38Z,2026-02-26T21:00:00Z,2,2,Determined upon crew arrival,In Progres,OUTAGE,Service Transformer,NAE,NORMAL,43.40749,-82.82297
NE26022600257,2026-02-26T17:18:04Z,2026-02-26T17:18:04Z,1,2026-02-26T16:32:26Z,2026-02-26T21:05:00Z,3,3,Determined upon crew arrival,In Progres,OUTAGE,Service Transformer,LAP,NORMAL,43.22031,-83.2917
NE26022600263,2026-02-26T17:18:04Z,2026-02-26T18:08:47Z,2,2026-02-26T16:38:20Z,2026-02-26T21:10:00Z,1,1,Determined upon crew arrival,In Progres,OUTAGE,Single Customer,MTC,NORMAL,42.45249,-83.01186
NE26022600282,2026-02-26T17:18:04Z,2026-02-26T18:08:47Z,2,2026-02-26T16:56:09Z,2026-02-26T21:25:00Z,1,1,Determined upon crew arrival,In Progres,OUTAGE,Single Customer,MTC,NORMAL,42.82702,-82.74641
NW26022600222,2026-02-26T17:18:04Z,2026-02-26T17:18:04Z,1,2026-02-26T16:02:31Z,2026-02-26T20:35:00Z,1,1,Determined upon crew arrival,In Progres,OUTAGE,Single Customer,SBY,NORMAL,42.58029,-83.03047
NW26022600247,2026-02-26T17:18:04Z,2026-02-26T19:10:35Z,3,2026-02-26T16:20:25Z,2026-02-26T20:55:00Z,1,1,Equipment problem,In Progres,OUTAGE,Single Customer,PON,NORMAL,42.63625,-83.34004
NW26022600264,2026-02-26T17:18:04Z,2026-02-26T17:18:04Z,1,2026-02-26T16:40:15Z,2026-02-26T21:10:00Z,1,1,Determined upon crew arrival,New,OUTAGE,Single Customer,SBY,NORMAL,42.57856,-83.02128
SE26022600213,2026-02-26T17:18:04Z,2026-02-26T18:08:47Z,2,2026-02-26T15:58:49Z,2026-02-26T20:30:00Z,6,6,Equipment problem,In Progres,OUTAGE,Device (I),RFD,NORMAL,42.51982,-83.26041
SE26022600250,2026-02-26T17:18:04Z,2026-02-26T18:08:47Z,2,2026-02-26T16:26:05Z,2026-02-26T20:55:00Z,1,1,Determined upon crew arrival,In Progres,OUTAGE,Single Customer,RFD,NORMAL,42.46177,-83.14702
SE26022600259,2026-02-26T17:18:04Z,2026-02-26T18:08:47Z,2,2026-02-26T16:33:37Z,2026-02-26T21:05:00Z,1,1,Determined upon crew arrival,In Progres,OUTAGE,Single Customer,RFD,NORMAL,42.43764,-83.30247
SE26022600260,2026-02-26T17:18:04Z,2026-02-26T18:08:47Z,2,2026-02-26T16:33:43Z,2026-02-26T21:05:00Z,2,2,Determined upon crew arrival,In Progres,OUTAGE,Service Secondary,RFD,NORMAL,42.39197,-83.2031
SE26022600274,2026-02-26T17:18:04Z,2026-02-26T19:10:35Z,3,2026-02-26T16:48:01Z,2026-02-26T21:20:00Z,1,1,Equipment problem,In Progres,SERVICE DOWN NO,,CAN,NORMAL,42.39183,-83.09769
SE26022600279,2026-02-26T17:18:04Z,2026-02-26T19:10:35Z,3,2026-02-26T16:54:27Z,2026-02-26T21:25:00Z,2,2,Determined upon crew arrival,In Progres,OUTAGE,Service Transformer,RFD,NORMAL,42.3985,-83.1706
SW26022600230,2026-02-26T17:18:04Z,2026-02-26T17:18:04Z,1,2026-02-26T15:17:05Z,2026-02-26T20:40:00Z,1,1,Determined upon crew arrival,In Progres,OUTAGE,Single Customer,WWS,NORMAL,42.39996,-83.37942
SW26022600241,2026-02-26T17:18:04Z,2026-02-26T18:08:47Z,2,2026-02-26T16:18:21Z,2026-02-26T20:50:00Z,126,126,Equipment problem,In Progres,OUTAGE,Device (II),ANN,NORMAL,42.20447,-83.60501
SW26022600258,2026-02-26T17:18:04Z,2026-02-26T19:54:39Z,4,2026-02-26T16:33:41Z,2026-02-26T21:05:00Z,1,1,Equipment problem,In Progres,OUTAGE,Single Customer,NPT,NORMAL,42.17017,-83.20226
SW26022600273,2026-02-26T17:18:04Z,2026-02-26T18:08:47Z,2,2026-02-26T16:47:13Z,2026-02-26T21:15:00Z,1,1,Determined upon crew arrival,In Progres,OUTAGE,Service Secondary,ANN,NORMAL,42.24457,-83.68988
SW26022600276,2026-02-26T17:18:04Z,2026-02-26T19:10:35Z,3,2026-02-26T16:49:35Z,2026-02-26T21:20:00Z,22,22,Determined upon crew arrival,In Progres,OUTAGE,Service Transformer,WWS,NORMAL,42.31283,-83.36101
SW26022600280,2026-02-26T17:18:04Z,2026-02-26T17:18:04Z,1,2026-02-26T16:55:11Z,2026-02-26T21:25:00Z,1,1,Determined upon crew arrival,New,OUTAGE,Single Customer,WWS,NORMAL,42.24989,-83.37513
NE26022600310,2026-02-26T18:08:47Z,2026-02-26T18:08:47Z,1,2026-02-26T16:59:58Z,2026-02-26T21:45:00Z,2,2,Determined upon crew arrival,In Progres,OUTAGE,Service Transformer,LAP,NORMAL,42.97221,-83.0957
NE26022600320,2026-02-26T18:08:47Z,2026-02-26T19:10:35Z,2,2026-02-26T17:20:09Z,2026-02-26T21:50:00Z,11,11,Determined upon crew arrival,In Progres,OUTAGE,Service Transformer,MAR,NORMAL,43.27208,-82.53027
NE26022600360,2026-02-26T18:08:47Z,2026-02-26T18:08:47Z,1,2026-02-26T18:00:01Z,,1,1,Determined upon crew arrival,New,OUTAGE,Single Customer,MTC,NORMAL,42.48913,-83.08487
NW26022600300,2026-02-26T18:08:47Z,2026-02-26T18:08:47Z,1,2026-02-26T17:05:45Z,2026-02-26T21:40:00Z,37,37,Equipment problem,In Progres,OUTAGE,Device (II),HWL,NORMAL,42.53882,-83.74529
NW26022600307,2026-02-26T18:08:47Z,2026-02-26T18:08:47Z,1,2026-02-26T17:13:54Z,2026-02-26T21:45:00Z,1,1,Determined upon crew arrival,In Progres,PRIORITY,,HWL,NORMAL,42.53835,-83.73919
NW26022600327,2026-02-26T18:08:47Z,2026-02-26T18:08:47Z,1,2026-02-26T17:18:57Z,2026-02-26T21:55:00Z,1,1,Determined upon crew arrival,In Progres,OUTAGE,Single Customer,SBY,NORMAL,42.63737,-83.15702
NW26022600349,2026-02-26T18:08:47Z,2026-02-26T18:08:47Z,1,2026-02-26T17:44:20Z,2026-02-26T22:15:00Z,76,76,Determined upon crew arrival,In Progres,OUTAGE,Device (II),PON,NORMAL,42.67923,-83.25742
NW26022600359,2026-02-26T18:08:47Z,2026-02-26T19:54:39Z,3,2026-02-26T17:55:52Z,2026-02-26T22:25:00Z,2,2,Determined upon crew arrival,In Progres,OUTAGE,Service Secondary,PON,NORMAL,42.68005,-83.30403
SE26022600313,2026-02-26T18:08:47Z,2026-02-26T18:08:47Z,1,2026-02-26T17:15:40Z,2026-02-26T21:45:00Z,1,1,Determined upon crew arrival,In Progres,OUTAGE,Single Customer,RFD,NORMAL,42.43588,-83.30358
SE26022600322,2026-02-26T18:08:47Z,2026-02-27T09:59:26Z,17,2026-02-26T17:08:30Z,2026-02-27T09:50:00Z,1,1,Meter Issue,Pending,OUTAGE,Single Customer,RFD,NORMAL,42.40712,-83.15813
SE26022600332,2026-02-26T18:08:47Z,2026-02-26T19:10:35Z,2,2026-02-26T17:30:33Z,2026-02-26T22:00:00Z,1,1,Determined upon crew arrival,In Progres,OUTAGE,Single Customer,CAN,NORMAL,42.37917,-83.01676
SE26022600335,2026-02-26T18:08:47Z,2026-02-26T21:19:07Z,5,2026-02-25T16:57:32Z,2026-02-26T22:05:00Z,1,1,Determined upon crew arrival,In Progres,OUTAGE,Single Customer,RFD,NORMAL,42.27452,-83.21854
SE26022600344,2026-02-26T18:08:47Z,2026-02-26T18:08:47Z,1,2026-02-26T17:43:27Z,2026-02-26T22:15:00Z,1,1,Determined upon crew arrival,In Progres,OUTAGE,Single Customer,CAN,NORMAL,42.44319,-82.91926
SE26022600345,2026-02-26T18:08:47Z,2026-02-26T18:08:47Z,1,2026-02-26T17:43:32Z,2026-02-26T22:15:00Z,1,1,Determined upon crew arrival,New,OUTAGE,Single Customer,CAN,NORMAL,42.39705,-82.95114
SE26022600357,2026-02-26T18:08:47Z,2026-02-26T21:54:35Z,6,2026-02-26T17:52:08Z,2026-02-26T22:20:00Z,1,1,Determined upon crew arrival,In Progres,OUTAGE,Single Customer,RFD,NORMAL,42.37664,-83.18045
SW26022600302,2026-02-26T18:08:47Z,2026-02-26T19:54:39Z,3,2026-02-26T17:04:08Z,2026-02-26T21:40:00Z,1,1,Determined upon crew arrival,In Progres,OUTAGE,Service Transformer,NPT,NORMAL,42.09144,-83.33136
SW26022600325,2026-02-26T18:08:47Z,2026-02-26T19:54:39Z,3,2026-02-26T17:23:12Z,2026-02-26T21:55:00Z,1,1,Determined upon crew arrival,In Progres,OUTAGE,Single Customer,ANN,NORMAL,42.22572,-83.59304
SW26022600326,2026-02-26T18:08:47Z,2026-02-26T18:08:47Z,1,2026-02-26T16:02:48Z,2026-02-26T21:55:00Z,1,1,Equipment problem,In Progres,OUTAGE,Single Customer,NPT,NORMAL,42.10933,-83.27223
NE26022600363,2026-02-26T19:10:35Z,2026-02-26T19:54:39Z,2,2026-02-26T18:07:13Z,2026-02-26T22:35:00Z,1,1,Equipment problem,In Progres,OUTAGE,Single Customer,MAR,NORMAL,43.13072,-82.77904
NE26022600365,2026-02-26T19:10:35Z,2026-02-26T19:10:35Z,1,2026-02-26T18:11:37Z,2026-02-26T22:40:00Z,19,19,Determined upon crew arrival,In Progres,OUTAGE,Service Transformer,MTC,NORMAL,42.46081,-83.01632
NE26022600372,2026-02-26T19:10:35Z,2026-02-26T19:54:39Z,2,2026-02-26T18:22:48Z,2026-02-26T22:55:00Z,2,2,Determined upon crew arrival,In Progres,OUTAGE,Service Transformer,NAE,NORMAL,43.47235,-83.38695
NE26022600379,2026-02-26T19:10:35Z,2026-02-26T22:35:01Z,6,2026-02-26T18:28:43Z,2026-02-26T23:00:00Z,1,1,Equipment problem,In Progres,OUTAGE,Single Customer,MTC,NORMAL,42.5753,-82.79415
NE26022600390,2026-02-26T19:10:35Z,2026-02-26T19:10:35Z,1,2026-02-26T18:38:33Z,2026-02-26T23:10:00Z,1,1,Determined upon crew arrival,In Progres,OUTAGE,Single Customer,NAE,NORMAL,43.731,-83.19543
NE26022600401,2026-02-26T19:10:35Z,2026-02-26T21:19:07Z,4,2026-02-26T18:00:01Z,2026-02-26T23:25:00Z,1,1,Determined upon crew arrival,In Progres,OUTAGE,Single Customer,MTC,NORMAL,42.48913,-83.08487
NE26022600402,2026-02-26T19:10:35Z,2026-02-26T19:54:39Z,2,2026-02-26T18:56:02Z,2026-02-26T23:25:00Z,1,1,Determined upon crew arrival,In Progres,OUTAGE,Single Customer,MAR,NORMAL,42.99828,-82.46125
NW26022600383,2026-02-26T19:10:35Z,2026-02-26T19:10:35Z,1,2026-02-26T18:32:17Z,2026-02-26T23:00:00Z,7,7,Determined upon crew arrival,In Progres,OUTAGE,Service Transformer,PON,NORMAL,42.64716,-83.37019
SE26022600380,2026-02-26T19:10:35Z,2026-02-26T19:54:39Z,2,2026-02-24T18:52:37Z,2026-02-26T23:00:00Z,1,1,Equipment problem,In Progres,OUTAGE,Single Customer,CAN,NORMAL,42.36572,-83.09356
SE26022600382,2026-02-26T19:10:35Z,2026-02-26T19:10:35Z,1,2026-02-26T18:32:16Z,2026-02-26T23:00:00Z,1,1,Determined upon crew arrival,In Progres,OUTAGE,Single Customer,CAN,NORMAL,42.37014,-83.13681
SW26022600378,2026-02-26T19:10:35Z,2026-02-26T19:10:35Z,1,2026-02-26T18:28:20Z,2026-02-26T23:00:00Z,1,1,Determined upon crew arrival,In Progres,OUTAGE,Single Customer,WWS,NORMAL,42.38598,-83.38896
SW26022600389,2026-02-26T19:10:35Z,2026-02-26T20:39:09Z,3,2026-02-26T18:38:00Z,2026-02-26T23:10:00Z,1,1,Determined upon crew arrival,In Progres,OUTAGE,Service Secondary,ANN,NORMAL,42.39644,-83.6609
SW26022600398,2026-02-26T19:10:35Z,2026-02-26T19:54:39Z,2,2026-02-26T18:48:13Z,2026-02-26T23:20:00Z,2,2,Determined upon crew arrival,In Progres,OUTAGE,Service Transformer,WWS,NORMAL,42.44531,-83.32541
NE26022600406,2026-02-26T19:54:39Z,2026-02-26T21:19:07Z,3,2026-02-26T19:01:58Z,2026-02-26T23:30:00Z,2,2,Determined upon crew arrival,In Progres,OUTAGE,Service Secondary,MAR,NORMAL,43.01091,-82.46505
NE26022600411,2026-02-26T19:54:39Z,2026-02-26T19:54:39Z,1,2026-02-26T19:09:54Z,2026-02-26T23:40:00Z,1,1,Determined upon crew arrival,In Progres,OUTAGE,Single Customer,MTC,NORMAL,42.71695,-82.82658
NE26022600416,2026-02-26T19:54:39Z,2026-02-26T23:45:50Z,7,2026-02-26T14:21:43Z,2026-02-26T23:40:00Z,1,1,Determined upon crew arrival,In Progres,OUTAGE,Single Customer,MTC,NORMAL,42.6994,-82.82537
NE26022600423,2026-02-26T19:54:39Z,2026-02-26T19:54:39Z,1,2026-02-26T19:08:27Z,2026-02-26T23:55:00Z,6,6,Determined upon crew arrival,In Progres,OUTAGE,Service Transformer,NAE,NORMAL,43.52489,-82.73883
NE26022600424,2026-02-26T19:54:39Z,2026-02-26T20:39:09Z,2,2026-02-26T17:42:29Z,2026-02-26T23:55:00Z,1,1,Determined upon crew arrival,In Progres,OUTAGE,Single Customer,LAP,NORMAL,42.80271,-83.25398
NE26022600437,2026-02-26T19:54:39Z,2026-02-27T08:23:21Z,13,2026-02-26T19:16:05Z,2026-02-27T12:10:00Z,1,1,Equipment problem,In Progres,OUTAGE,Single Customer,MTC,NORMAL,42.82365,-82.76096
NW26022600415,2026-02-26T19:54:39Z,2026-02-26T19:54:39Z,1,2026-02-26T19:10:39Z,2026-02-26T23:40:00Z,17,17,Determined upon crew arrival,In Progres,OUTAGE,Service Transformer,PON,NORMAL,42.55345,-83.41437
NW26022600429,2026-02-26T19:54:39Z,2026-02-26T19:54:39Z,1,2026-02-26T19:12:30Z,2026-02-27T00:00:00Z,7,7,Equipment problem,In Progres,OUTAGE,Service Transformer,SBY,NORMAL,42.6309,-83.07679
SE26022600433,2026-02-26T19:54:39Z,2026-02-26T20:39:09Z,2,2026-02-26T19:30:36Z,2026-02-27T00:00:00Z,1,1,Determined upon crew arrival,In Progres,OUTAGE,Single Customer,CAN,NORMAL,42.43895,-82.97126
SW26022600405,2026-02-26T19:54:39Z,2026-02-26T19:54:39Z,1,2026-02-26T18:52:34Z,2026-02-26T23:30:00Z,1,1,Determined upon crew arrival,In Progres,OUTAGE,Single Customer,WWS,NORMAL,42.44451,-83.32563
SW26022600417,2026-02-26T19:54:39Z,2026-02-26T19:54:39Z,1,2026-02-26T19:15:07Z,2026-02-26T23:45:00Z,8,8,Determined upon crew arrival,In Progres,OUTAGE,Service Transformer,WWS,NORMAL,42.38634,-83.38695
SW26022600435,2026-02-26T19:54:39Z,2026-02-26T22:35:01Z,5,2026-02-26T19:05:56Z,2026-02-27T00:05:00Z,1,1,Determined upon crew arrival,In Progres,OUTAGE,Single Customer,ANN,NORMAL,42.21116,-83.79078
SW26022600439,2026-02-26T19:54:39Z,2026-02-26T19:54:39Z,1,2026-02-26T19:44:29Z,,1,1,Determined upon crew arrival,New,OUTAGE,Single Customer,WWS,NORMAL,42.44708,-83.34815
NE26022600445,2026-02-26T20:39:09Z,2026-02-26T20:39:09Z,1,2026-02-26T19:48:04Z,2026-02-27T00:20:00Z,1,1,Determined upon crew arrival,In Progres,OUTAGE,Service Transformer,MTC,NORMAL,42.71619,-82.82482
NE26022600460,2026-02-26T20:39:09Z,2026-02-26T23:45:50Z,6,2026-02-26T19:59:08Z,2026-02-27T00:30:00Z,1,1,Equipment problem,In Progres,OUTAGE,Single Customer,NAE,NORMAL,43.96612,-82.84105
NW26022600443,2026-02-26T20:39:09Z,2026-02-26T20:39:09Z,1,2026-02-26T19:46:00Z,2026-02-27T00:15:00Z,2,2,Equipment problem,In Progres,OUTAGE,Device (II),PON,NORMAL,42.8142,-83.39637
NW26022600478,2026-02-26T20:39:09Z,2026-02-26T21:19:07Z,2,2026-02-26T20:07:53Z,2026-02-27T00:50:00Z,3,3,Determined upon crew arrival,In Progres,OUTAGE,Service Transformer,HWL,NORMAL,42.61701,-83.9646
SE26022600462,2026-02-26T20:39:09Z,2026-02-27T14:25:38Z,19,2026-02-26T19:56:06Z,2026-02-28T00:35:00Z,1,1,Equipment problem,In Progres,OUTAGE,Single Customer,RFD,NORMAL,42.45005,-83.18056
SE26022600474,2026-02-26T20:39:09Z,2026-02-26T21:54:35Z,3,2026-02-26T20:05:12Z,2026-02-27T00:50:00Z,3,3,Determined upon crew arrival,In Progres,OUTAGE,Service Transformer,CAN,NORMAL,42.37804,-83.01601
SW26022600457,2026-02-26T20:39:09Z,2026-02-26T23:45:50Z,6,2026-02-26T19:51:42Z,2026-02-27T00:30:00Z,1,1,Equipment problem,In Progres,OUTAGE,Single Customer,WWS,NORMAL,42.4773,-83.31962
SW26022600466,2026-02-26T20:39:09Z,2026-02-26T21:19:07Z,2,2026-02-26T20:07:21Z,2026-02-27T00:35:00Z,1,1,Determined upon crew arrival,In Progres,OUTAGE,Single Customer,WWS,NORMAL,42.34205,-83.37488
NE26022600483,2026-02-26T21:19:07Z,2026-02-26T21:19:07Z,1,2026-02-26T20:36:22Z,2026-02-27T01:05:00Z,1,1,Determined upon crew arrival,In Progres,OUTAGE,Single Customer,MAR,NORMAL,42.99965,-82.463
NW26022600488,2026-02-26T21:19:07Z,2026-02-26T21:54:35Z,2,2026-02-26T20:51:48Z,2026-02-27T01:20:00Z,1,1,Determined upon crew arrival,In Progres,OUTAGE,Single Customer,HWL,NORMAL,42.56803,-83.65707
SE26022600481,2026-02-26T21:19:07Z,2026-02-27T02:08:52Z,6,2026-02-26T20:19:57Z,2026-02-27T13:05:00Z,1,1,Determined upon crew arrival,In Progres,OUTAGE,Single Customer,CAN,NORMAL,42.41908,-82.94478
SW26022600485,2026-02-26T21:19:07Z,2026-02-26T23:45:50Z,5,2026-02-26T20:44:38Z,2026-02-27T01:15:00Z,1,1,Equipment problem,In Progres,OUTAGE,Single Customer,ANN,NORMAL,42.07983,-83.95925
NW26022600494,2026-02-26T21:54:35Z,2026-02-26T21:54:35Z,1,2026-02-26T20:55:37Z,2026-02-27T01:40:00Z,5,5,Determined upon crew arrival,In Progres,OUTAGE,Service Transformer,HWL,NORMAL,42.45033,-83.70569
SW26022600502,2026-02-26T21:54:35Z,2026-02-26T23:45:50Z,4,2026-02-26T21:10:12Z,2026-02-27T01:55:00Z,1,1,Determined upon crew arrival,Pending,OUTAGE,Single Customer,WWS,NORMAL,42.13362,-83.33325
SW26022600510,2026-02-26T21:54:35Z,2026-02-26T23:45:50Z,4,2026-02-26T21:33:58Z,2026-02-27T02:05:00Z,1,1,Determined upon crew arrival,In Progres,OUTAGE,Single Customer,WWS,NORMAL,42.19617,-83.48358
NE26022600526,2026-02-26T22:35:01Z,2026-02-26T22:35:01Z,1,2026-02-26T22:02:14Z,2026-02-27T02:30:00Z,15,15,Determined upon crew arrival,In Progres,OUTAGE,Service Transformer,MTC,NORMAL,42.46726,-82.92587
NW26022600532,2026-02-26T22:35:01Z,2026-02-26T23:45:50Z,3,2026-02-26T19:42:27Z,2026-02-27T02:45:00Z,1,1,Determined upon crew arrival,In Progres,OUTAGE,Single Customer,HWL,NORMAL,42.54893,-83.59794
SE26022600519,2026-02-26T22:35:01Z,2026-02-26T23:45:50Z,3,2026-02-26T21:47:16Z,2026-02-27T02:15:00Z,1,1,Determined upon crew arrival,In Progres,OUTAGE,Single Customer,RFD,NORMAL,42.5123,-83.19798
SE26022600536,2026-02-26T22:35:01Z,2026-02-26T22:35:01Z,1,2026-02-26T22:13:31Z,2026-02-27T02:55:00Z,2,2,Determined upon crew arrival,In Progres,OUTAGE,Service Secondary,RFD,NORMAL,42.24986,-83.16643
NE26022600542,2026-02-26T23:05:05Z,2026-02-27T05:35:36Z,5,2026-02-26T22:39:17Z,2026-02-27T07:10:00Z,19,19,Equipment problem,In Progres,OUTAGE,Service Transformer,MTC,NORMAL,42.62068,-82.9445
SW26022600553,2026-02-26T23:45:50Z,2026-02-27T04:21:15Z,3,2026-02-26T23:16:22Z,2026-02-27T15:50:00Z,1,1,Equipment problem,In Progres,OUTAGE,Single Customer,NPT,NORMAL,41.95013,-83.62063
NE26022600559,2026-02-27T02:08:52Z,2026-02-27T04:21:15Z,2,2026-02-26T23:46:43Z,2026-02-27T04:15:00Z,1,1,Equipment problem,In Progres,OUTAGE,Single Customer,MTC,NORMAL,42.76395,-82.80719
NE26022600563,2026-02-27T02:08:52Z,2026-02-27T18:00:53Z,18,2026-02-26T13:56:22Z,2026-02-28T04:30:00Z,1,1,Equipment problem,In Progres,OUTAGE,Single Customer,MTC,NORMAL,42.54282,-82.86943
NE26022600572,2026-02-27T02:08:52Z,2026-02-27T04:21:15Z,2,2026-02-27T01:00:17Z,2026-02-27T05:30:00Z,189,189,Equipment problem,In Progres,OUTAGE,Service Transformer,MTC,NORMAL,42.53585,-82.89736
NE26022600580,2026-02-27T02:08:52Z,2026-02-27T04:21:15Z,2,2026-02-27T00:59:32Z,2026-02-27T06:00:00Z,1,1,Equipment problem,In Progres,OUTAGE,Service Transformer,MTC,NORMAL,42.53624,-82.89775
SE26022600566,2026-02-27T02:08:52Z,2026-02-27T02:08:52Z,1,2026-02-27T00:13:56Z,2026-02-27T04:45:00Z,1,1,Determined upon crew arrival,In Progres,OUTAGE,Single Customer,RFD,NORMAL,42.43592,-83.21788
SE26022600581,2026-02-27T02:08:52Z,2026-02-27T09:07:11Z,7,2026-02-27T01:38:11Z,2026-02-27T18:10:00Z,1,1,Determined upon crew arrival,Pending,OUTAGE,Single Customer,CAN,NORMAL,42.37977,-83.10045
SW26022600583,2026-02-27T02:08:52Z,2026-02-27T06:33:20Z,4,2026-02-27T01:40:57Z,2026-02-27T18:10:00Z,1,1,Determined upon crew arrival,In Progres,OUTAGE,Single Customer,NPT,NORMAL,42.03723,-83.32559
NE26022600592,2026-02-27T04:21:15Z,2026-02-27T09:07:11Z,6,2026-02-27T02:42:13Z,2026-02-27T19:10:00Z,1,1,Equipment problem,In Progres,OUTAGE,Single Customer,LAP,NORMAL,43.15886,-83.07343
SE26022600588,2026-02-27T04:21:15Z,2026-02-27T07:34:39Z,4,2026-02-27T02:05:39Z,2026-02-27T18:35:00Z,1,1,Equipment problem,In Progres,OUTAGE,Single Customer,CAN,NORMAL,42.42749,-82.92753
SW26022600602,2026-02-27T04:21:15Z,2026-02-27T06:33:20Z,3,2026-02-27T04:08:27Z,2026-02-27T08:40:00Z,1,1,Determined upon crew arrival,In Progres,OUTAGE,Single Customer,ANN,NORMAL,42.09694,-83.55364
NW26022600605,2026-02-27T05:35:36Z,2026-02-27T05:35:36Z,1,2026-02-27T04:24:49Z,2026-02-27T08:55:00Z,1,1,Equipment problem,In Progres,OUTAGE,Single Customer,SBY,NORMAL,42.75326,-83.10558
NW26022600606,2026-02-27T05:35:36Z,2026-02-27T13:32:13Z,10,2026-02-27T04:18:45Z,2026-02-27T20:55:00Z,1,1,Equipment problem,In Progres,OUTAGE,Single Customer,HWL,NORMAL,42.7729,-84.06754
SE26022600612,2026-02-27T05:35:36Z,2026-02-27T06:33:20Z,2,2026-02-26T23:59:07Z,2026-02-27T09:20:00Z,1,1,Determined upon crew arrival,In Progres,OUTAGE,Single Customer,CAN,NORMAL,42.42645,-83.10778
SE26022700006,2026-02-27T05:35:36Z,2026-02-27T11:33:09Z,8,2026-02-27T05:01:41Z,2026-02-27T21:50:00Z,1,1,Determined upon crew arrival,In Progres,OUTAGE,Single Customer,RFD,NORMAL,42.34455,-83.30847
SW26022600614,2026-02-27T05:35:36Z,2026-02-27T06:33:20Z,2,2026-02-27T04:46:54Z,2026-02-27T09:25:00Z,1,1,Equipment problem,In Progres,OUTAGE,Single Customer,WWS,NORMAL,42.26447,-83.32119
NE26022700014,2026-02-27T06:33:20Z,2026-02-27T15:06:50Z,11,2026-02-27T05:44:31Z,2026-02-27T22:20:00Z,1,1,Determined upon crew arrival,In Progres,OUTAGE,Single Customer,LAP,NORMAL,43.06756,-83.37959
NE26022700015,2026-02-27T06:33:20Z,2026-02-27T07:34:39Z,2,2026-02-27T05:53:26Z,2026-02-27T10:25:00Z,1,1,Determined upon crew arrival,In Progres,OUTAGE,Single Customer,MTC,NORMAL,42.53714,-82.89663
SE26022700013,2026-02-27T06:33:20Z,2026-02-27T12:00:53Z,8,2026-02-27T05:46:53Z,2026-02-27T22:15:00Z,1,1,Equipment problem,In Progres,OUTAGE,Single Customer,RFD,NORMAL,42.43628,-83.15132
SW26022700040,2026-02-27T07:34:39Z,2026-02-27T08:23:21Z,2,2026-02-27T06:33:24Z,2026-02-27T11:20:00Z,406,406,Equipment problem,In Progres,OUTAGE,Device (II),ANN,NORMAL,42.18659,-83.78622
SE26022700053,2026-02-27T08:23:21Z,2026-02-27T12:00:53Z,6,2026-02-27T07:28:16Z,2026-02-27T12:40:00Z,1,1,Determined upon crew arrival,In Progres,OUTAGE,Single Customer,RFD,NORMAL,42.41353,-83.14218
SW26022700044,2026-02-27T08:23:21Z,2026-02-27T08:23:21Z,1,2026-02-27T07:40:46Z,2026-02-27T12:10:00Z,1,1,Determined upon crew arrival,In Progres,OUTAGE,Single Customer,WWS,NORMAL,42.36586,-83.33101
NE26022700056,2026-02-27T09:07:11Z,2026-02-27T09:07:11Z,1,2026-02-27T08:41:51Z,2026-02-27T13:25:00Z,3,3,Determined upon crew arrival,New,OUTAGE,Service Transformer,LAP,NORMAL,43.28134,-83.34452
NE26022700061,2026-02-27T09:59:26Z,2026-02-27T18:00:53Z,11,2026-02-27T09:26:40Z,2026-02-28T01:55:00Z,1,1,Equipment problem,In Progres,OUTAGE,Single Customer,MAR,NORMAL,43.01544,-82.53375
NE26022700065,2026-02-27T09:59:26Z,2026-02-27T14:25:38Z,6,2026-02-27T08:41:51Z,2026-02-27T18:05:00Z,11,11,Determined upon crew arrival,In Progres,OUTAGE,Device (II),LAP,NORMAL,43.28258,-83.34375
SW26022700062,2026-02-27T09:59:26Z,2026-02-27T12:00:53Z,4,2026-02-27T07:40:46Z,2026-02-27T14:00:00Z,1,1,Equipment problem,In Progres,OUTAGE,Single Customer,WWS,NORMAL,42.36586,-83.33101
SE26022700072,2026-02-27T11:33:09Z,2026-02-27T11:33:09Z,1,2026-02-27T02:53:34Z,,1,1,Determined upon crew arrival,New,OUTAGE,Single Customer,CAN,NORMAL,42.43132,-83.06135
SW26022700071,2026-02-27T11:33:09Z,2026-02-27T12:00:53Z,2,2026-02-27T11:08:22Z,2026-02-27T15:40:00Z,1,1,Determined upon crew arrival,In Progres,OUTAGE,Single Customer,WWS,NORMAL,42.36587,-83.33001
NW26022700074,2026-02-27T12:00:53Z,2026-02-27T15:52:16Z,5,2026-02-27T11:32:19Z,2026-02-27T16:05:00Z,1,1,Equipment problem,In Progres,OUTAGE,Single Customer,PON,NORMAL,42.84953,-83.37438
NE26022700077,2026-02-27T13:32:13Z,2026-02-27T13:32:13Z,1,2026-02-27T12:03:47Z,2026-02-27T16:35:00Z,1,1,Determined upon crew arrival,PC3 Verifi,OUTAGE,Single Customer,LAP,NORMAL,42.98482,-83.30707
NE26022700082,2026-02-27T13:32:13Z,2026-02-27T15:06:50Z,3,2026-02-27T12:13:24Z,2026-02-27T16:50:00Z,50,50,Equipment problem,In Progres,OUTAGE,Device (I),MTC,NORMAL,42.4513,-82.92226
SE26022700079,2026-02-27T13:32:13Z,2026-02-27T15:06:50Z,3,2026-02-27T12:12:34Z,2026-02-27T16:45:00Z,1,1,Equipment problem,In Progres,OUTAGE,Single Customer,RFD,NORMAL,42.35868,-83.28412
SE26022700155,2026-02-27T13:32:13Z,2026-02-27T13:32:13Z,1,2026-02-27T13:10:36Z,2026-02-27T17:40:00Z,1,1,Determined upon crew arrival,New,OUTAGE,Single Customer,RFD,NORMAL,42.34428,-83.19682
SE26022700157,2026-02-27T13:32:13Z,2026-02-27T13:32:13Z,1,2026-02-27T05:06:04Z,,1,1,Determined upon crew arrival,New,OUTAGE,Single Customer,CAN,NORMAL,42.37414,-83.07768
SW26022700145,2026-02-27T13:32:13Z,2026-02-27T13:32:13Z,1,2026-02-27T12:17:45Z,2026-02-27T17:05:00Z,12,12,Determined upon crew arrival,In Progres,OUTAGE,Service Transformer,WWS,NORMAL,42.34613,-83.38404
SW26022700153,2026-02-27T13:32:13Z,2026-02-27T13:32:13Z,1,2026-02-27T13:04:34Z,2026-02-27T17:35:00Z,34,34,Determined upon crew arrival,In Progres,OUTAGE,Service Transformer,WWS,NORMAL,42.36616,-83.33207
NE26022700169,2026-02-27T14:25:38Z,2026-02-27T16:42:00Z,4,2026-02-27T13:22:33Z,2026-02-27T17:55:00Z,1,1,Determined upon crew arrival,In Progres,OUTAGE,Single Customer,MTC,NORMAL,42.49332,-82.99214
NE26022700179,2026-02-27T14:25:38Z,2026-02-27T14:25:38Z,1,2026-02-27T13:37:11Z,2026-02-27T18:05:00Z,8,8,Determined upon crew arrival,In Progres,OUTAGE,Service Transformer,MAR,NORMAL,42.99659,-82.46217
NE26022700181,2026-02-27T14:25:38Z,2026-02-27T14:25:38Z,1,2026-02-27T13:40:29Z,2026-02-27T18:10:00Z,8,8,Determined upon crew arrival,In Progres,OUTAGE,Service Transformer,MAR,NORMAL,42.99959,-82.46576
NE26022700191,2026-02-27T14:25:38Z,2026-02-27T14:25:38Z,1,2026-02-27T03:56:44Z,2026-02-27T18:15:00Z,1,1,Determined upon crew arrival,In Progres,OUTAGE,Single Customer,MTC,NORMAL,42.48132,-82.98802
NE26022700194,2026-02-27T14:25:38Z,2026-02-27T14:25:38Z,1,2026-02-27T13:53:30Z,2026-02-27T18:25:00Z,5,5,Determined upon crew arrival,In Progres,OUTAGE,Service Transformer,MAR,NORMAL,43.00689,-82.46072
NE26022700210,2026-02-27T14:25:38Z,2026-02-27T15:06:50Z,2,2026-02-27T14:11:01Z,2026-02-27T18:40:00Z,1,1,Determined upon crew arrival,In Progres,OUTAGE,Single Customer,NAE,NORMAL,43.71683,-83.18522
NE26022700211,2026-02-27T14:25:38Z,2026-02-27T14:25:38Z,1,2026-02-27T13:56:43Z,2026-02-27T18:40:00Z,2,2,Determined upon crew arrival,New,OUTAGE,Service Secondary,MTC,NORMAL,42.67049,-82.77888
NE26022700212,2026-02-27T14:25:38Z,2026-02-27T14:25:38Z,1,2026-02-27T13:56:44Z,2026-02-27T18:40:00Z,1,1,Determined upon crew arrival,New,OUTAGE,Single Customer,MTC,NORMAL,42.6713,-82.78028
NE26022700213,2026-02-27T14:25:38Z,2026-02-27T14:25:38Z,1,2026-02-27T13:56:46Z,2026-02-27T18:40:00Z,3,3,Determined upon crew arrival,New,OUTAGE,Service Transformer,MTC,NORMAL,42.66976,-82.77665
NE26022700214,2026-02-27T14:25:38Z,2026-02-27T14:25:38Z,1,2026-02-27T13:56:44Z,2026-02-27T18:40:00Z,2,2,Determined upon crew arrival,New,OUTAGE,Service Secondary,MTC,NORMAL,42.66906,-82.78158
NE26022700215,2026-02-27T14:25:38Z,2026-02-27T14:25:38Z,1,2026-02-27T13:56:46Z,2026-02-27T18:40:00Z,1,1,Determined upon crew arrival,New,OUTAGE,Single Customer,MTC,NORMAL,42.66442,-82.77535
NE26022700216,2026-02-27T14:25:38Z,2026-02-27T14:25:38Z,1,2026-02-27T13:56:53Z,2026-02-27T18:40:00Z,1,1,Determined upon crew arrival,New,OUTAGE,Single Customer,MTC,NORMAL,42.67035,-82.77247
SE26022700161,2026-02-27T14:25:38Z,2026-02-27T15:06:50Z,2,2026-02-27T13:20:39Z,2026-02-27T17:50:00Z,1,1,Determined upon crew arrival,In Progres,OUTAGE,Single Customer,RFD,NORMAL,42.49981,-83.31036
SE26022700170,2026-02-27T14:25:38Z,2026-02-27T14:25:38Z,1,2026-02-27T13:27:12Z,2026-02-27T17:55:00Z,1,1,Determined upon crew arrival,In Progres,OUTAGE,Single Customer,CAN,NORMAL,42.43762,-82.96775
SE26022700173,2026-02-27T14:25:38Z,2026-02-27T16:42:00Z,4,2026-02-27T01:53:31Z,2026-02-27T18:00:00Z,1,1,Determined upon crew arrival,In Progres,OUTAGE,Single Customer,RFD,NORMAL,42.18779,-83.18116
SE26022700186,2026-02-27T14:25:38Z,2026-02-27T18:00:53Z,6,2026-02-27T13:44:49Z,2026-02-27T18:15:00Z,1,1,Equipment problem,In Progres,SERVICE DOWN NO,,RFD,NORMAL,42.34167,-83.18697
SE26022700189,2026-02-27T14:25:38Z,2026-02-27T15:06:50Z,2,2026-02-27T13:46:16Z,2026-02-27T18:15:00Z,1,1,Determined upon crew arrival,In Progres,OUTAGE,Single Customer,RFD,NORMAL,42.49982,-83.31127
SE26022700206,2026-02-27T14:25:38Z,2026-02-27T15:52:16Z,3,2026-02-27T14:09:03Z,2026-02-27T18:40:00Z,1,1,Determined upon crew arrival,In Progres,OUTAGE,Single Customer,RFD,NORMAL,42.42602,-83.30836
SE26022700208,2026-02-27T14:25:38Z,2026-02-27T14:25:38Z,1,2026-02-27T14:04:24Z,2026-02-27T18:40:00Z,1,1,Determined upon crew arrival,In Progres,OUTAGE,Single Customer,RFD,NORMAL,42.30772,-83.12684
SW26022700182,2026-02-27T14:25:38Z,2026-02-27T14:25:38Z,1,2026-02-27T13:40:54Z,2026-02-27T18:10:00Z,1,1,Equipment problem,In Progres,OUTAGE,Single Customer,ANN,NORMAL,42.36362,-83.92677
SW26022700197,2026-02-27T14:25:38Z,2026-02-27T18:00:53Z,6,2026-02-27T13:57:47Z,2026-02-27T18:30:00Z,14,14,Determined upon crew arrival,In Progres,OUTAGE,Service Transformer,ANN,NORMAL,42.28071,-83.75655
SW26022700198,2026-02-27T14:25:38Z,2026-02-27T15:52:16Z,3,2026-02-27T14:00:20Z,2026-02-27T18:30:00Z,10,10,Determined upon crew arrival,In Progres,OUTAGE,Service Transformer,ANN,NORMAL,42.25276,-83.69043
SW26022700200,2026-02-27T14:25:38Z,2026-02-27T15:06:50Z,2,2026-02-27T14:01:50Z,2026-02-27T18:30:00Z,6,6,Determined upon crew arrival,In Progres,OUTAGE,Service Transformer,NPT,NORMAL,42.10199,-83.2873
NE26022700258,2026-02-27T15:06:50Z,2026-02-27T16:42:00Z,3,2026-02-27T14:45:50Z,2026-02-27T19:15:00Z,1,1,Determined upon crew arrival,In Progres,OUTAGE,Service Secondary,NAE,NORMAL,43.41948,-82.84352
NE26022700269,2026-02-27T15:06:50Z,2026-02-27T15:06:50Z,1,2026-02-27T14:52:26Z,2026-02-27T19:25:00Z,1,1,Determined upon crew arrival,In Progres,OUTAGE,Single Customer,MTC,NORMAL,42.73608,-82.82191
NE26022700270,2026-02-27T15:06:50Z,2026-02-27T22:33:26Z,12,2026-02-27T14:41:16Z,2026-02-28T07:25:00Z,1,1,Equipment problem,In Progres,OUTAGE,Single Customer,MAR,NORMAL,42.89482,-82.91165
NE26022700272,2026-02-27T15:06:50Z,2026-02-27T20:29:30Z,8,2026-02-27T14:56:41Z,2026-02-28T07:25:00Z,1,1,Determined upon crew arrival,In Progres,OUTAGE,Single Customer,LAP,NORMAL,43.21628,-83.29389
NW26022700239,2026-02-27T15:06:50Z,2026-02-27T18:00:53Z,5,2026-02-27T14:35:05Z,2026-02-27T19:05:00Z,1,1,Determined upon crew arrival,In Progres,OUTAGE,Single Customer,PON,NORMAL,42.6488,-83.27385
NW26022700261,2026-02-27T15:06:50Z,2026-02-27T16:42:00Z,3,2026-02-27T14:46:30Z,2026-02-27T19:15:00Z,1,1,Equipment problem,In Progres,OUTAGE,Single Customer,PON,NORMAL,42.74543,-83.4665
NW26022700267,2026-02-27T15:06:50Z,2026-02-27T15:52:16Z,2,2026-02-27T14:50:15Z,2026-02-27T19:20:00Z,1,1,Determined upon crew arrival,In Progres,OUTAGE,Single Customer,HWL,NORMAL,42.58654,-83.59173
SE26022700229,2026-02-27T15:06:50Z,2026-02-27T17:20:30Z,4,2026-02-27T14:17:01Z,2026-02-27T18:55:00Z,1,1,Equipment problem,In Progres,OUTAGE,Single Customer,CAN,NORMAL,42.36061,-83.04229
SE26022700233,2026-02-27T15:06:50Z,2026-02-27T15:06:50Z,1,2026-02-27T14:30:17Z,2026-02-27T19:00:00Z,1,1,Determined upon crew arrival,In Progres,OUTAGE,Single Customer,RFD,NORMAL,42.44355,-83.3124
SE26022700238,2026-02-27T15:06:50Z,2026-02-27T19:02:59Z,6,2026-02-27T14:34:25Z,2026-02-27T19:05:00Z,1,1,Equipment problem,In Progres,OUTAGE,Single Customer,CAN,NORMAL,42.34499,-83.07812
SE26022700252,2026-02-27T15:06:50Z,2026-02-27T18:00:53Z,5,2026-02-27T04:35:10Z,2026-02-27T19:10:00Z,1,1,Determined upon crew arrival,In Progres,OUTAGE,Single Customer,CAN,NORMAL,42.4191,-83.11642
SW26022700225,2026-02-27T15:06:50Z,2026-02-27T15:06:50Z,1,2026-02-27T14:21:53Z,2026-02-27T18:50:00Z,1,1,Animal/bird damaged DTE equip,In Progres,OUTAGE,Single Customer,ANN,NORMAL,42.18835,-83.65466
SW26022700240,2026-02-27T15:06:50Z,2026-02-27T16:42:00Z,3,2026-02-27T14:30:28Z,2026-02-27T19:05:00Z,1,1,Determined upon crew arrival,In Progres,OUTAGE,Single Customer,WWS,NORMAL,42.25114,-83.26547
SW26022700249,2026-02-27T15:06:50Z,2026-02-27T15:52:16Z,2,2026-02-27T14:31:55Z,2026-02-27T19:10:00Z,32,32,Determined upon crew arrival,In Progres,OUTAGE,Device (I),WWS,NORMAL,42.30497,-83.40033
SW26022700273,2026-02-27T15:06:50Z,2026-02-27T15:52:16Z,2,2026-02-27T14:57:56Z,2026-02-27T19:30:00Z,59,59,Determined upon crew arrival,In Progres,OUTAGE,Device (I),WWS,NORMAL,42.31206,-83.36366
SW26022700274,2026-02-27T15:06:50Z,2026-02-27T16:42:00Z,3,2026-02-27T14:58:42Z,2026-02-27T19:30:00Z,2,2,Determined upon crew arrival,In Progres,OUTAGE,Service Transformer,ANN,NORMAL,42.25438,-83.83768
NE26022700288,2026-02-27T15:52:16Z,2026-02-27T18:00:53Z,4,2026-02-27T15:09:35Z,2026-02-27T19:40:00Z,1,1,Determined upon crew arrival,In Progres,OUTAGE,Service Secondary,NAE,NORMAL,43.49288,-83.39903
NE26022700301,2026-02-27T15:52:16Z,2026-02-27T16:42:00Z,2,2026-02-27T15:24:35Z,2026-02-27T19:55:00Z,2,2,Determined upon crew arrival,In Progres,OUTAGE,Service Transformer,LAP,NORMAL,43.26212,-83.39207
NE26022700306,2026-02-27T15:52:16Z,2026-02-27T16:42:00Z,2,2026-02-27T15:29:23Z,2026-02-27T20:00:00Z,1,1,Determined upon crew arrival,In Progres,OUTAGE,Single Customer,NAE,NORMAL,43.71679,-83.18652
NE26022700316,2026-02-27T15:52:16Z,2026-02-27T16:42:00Z,2,2026-02-27T14:21:42Z,2026-02-27T20:10:00Z,1,1,Determined upon crew arrival,In Progres,OUTAGE,Single Customer,MAR,NORMAL,43.00689,-82.46072
NE26022700318,2026-02-27T15:52:16Z,2026-02-27T16:42:00Z,2,2026-02-27T15:44:51Z,2026-02-27T20:15:00Z,1,1,Determined upon crew arrival,In Progres,OUTAGE,Single Customer,MTC,NORMAL,42.73719,-82.82187
NW26022700298,2026-02-27T15:52:16Z,2026-02-27T15:52:16Z,1,2026-02-27T15:20:57Z,2026-02-27T19:50:00Z,6,6,Determined upon crew arrival,In Progres,OUTAGE,Service Transformer,PON,NORMAL,42.63741,-83.41545
SE26022700309,2026-02-27T15:52:16Z,2026-02-27T19:02:59Z,5,2026-02-27T15:26:58Z,2026-02-27T20:00:00Z,1,1,Determined upon crew arrival,In Progres,OUTAGE,Single Customer,CAN,NORMAL,42.4042,-82.94522
SE26022700315,2026-02-27T15:52:16Z,2026-02-27T23:56:40Z,14,2026-02-27T12:59:43Z,2026-02-28T08:10:00Z,1,1,Determined upon crew arrival,In Progres,OUTAGE,Single Customer,RFD,NORMAL,42.34867,-83.23126
SE26022700319,2026-02-27T15:52:16Z,2026-02-27T18:00:53Z,4,2026-02-27T15:42:39Z,2026-02-27T20:15:00Z,43,43,Determined upon crew arrival,In Progres,OUTAGE,Device (I),RFD,NORMAL,42.48408,-83.10785
SE26022700321,2026-02-27T15:52:16Z,2026-02-27T15:52:16Z,1,2026-02-27T15:45:07Z,,1,1,Determined upon crew arrival,New,OUTAGE,Single Customer,RFD,NORMAL,42.48466,-83.10671
SW26022700275,2026-02-27T15:52:16Z,2026-02-27T15:52:16Z,1,2026-02-27T15:01:00Z,2026-02-27T19:30:00Z,1,1,Determined upon crew arrival,PC3 Verifi,OUTAGE,Single Customer,WWS,NORMAL,42.30106,-83.39533
SW26022700282,2026-02-27T15:52:16Z,2026-02-27T18:00:53Z,4,2026-02-27T15:02:52Z,2026-02-27T19:35:00Z,1,1,Determined upon crew arrival,In Progres,OUTAGE,Single Customer,WWS,NORMAL,42.3042,-83.40119
SW26022700284,2026-02-27T15:52:16Z,2026-02-27T15:52:16Z,1,2026-02-27T15:05:09Z,2026-02-27T19:35:00Z,2,2,Determined upon crew arrival,In Progres,OUTAGE,Service Secondary,WWS,NORMAL,42.35002,-83.36783
SW26022700293,2026-02-27T15:52:16Z,2026-02-27T16:42:00Z,2,2026-02-27T15:17:01Z,2026-02-27T19:45:00Z,13,13,Determined upon crew arrival,In Progres,OUTAGE,Service Transformer,NPT,NORMAL,42.08705,-83.27565
SW26022700297,2026-02-27T15:52:16Z,2026-02-27T16:42:00Z,2,2026-02-27T15:19:43Z,2026-02-27T19:50:00Z,6,6,Determined upon crew arrival,In Progres,OUTAGE,Service Transformer,ANN,NORMAL,42.25816,-83.72436
SW26022700310,2026-02-27T15:52:16Z,2026-02-27T16:42:00Z,2,2026-02-27T15:32:26Z,2026-02-27T20:05:00Z,1,1,Determined upon crew arrival,In Progres,OUTAGE,Single Customer,WWS,NORMAL,42.38371,-83.38992
SW26022700314,2026-02-27T15:52:16Z,2026-02-27T17:20:30Z,3,2026-02-27T15:35:33Z,2026-02-27T20:05:00Z,4,4,Determined upon crew arrival,In Progres,OUTAGE,Service Transformer,ANN,NORMAL,42.15687,-83.67767
SW26022700317,2026-02-27T15:52:16Z,2026-02-27T18:00:53Z,4,2026-02-27T15:42:37Z,2026-02-27T20:15:00Z,1,1,Determined upon crew arrival,In Progres,OUTAGE,Service Secondary,ANN,NORMAL,42.3049,-83.61435
NE26022700327,2026-02-27T16:42:00Z,2026-02-27T23:56:40Z,13,2026-02-27T15:49:03Z,2026-02-28T08:20:00Z,1,1,Equipment problem,In Progres,SERVICE DOWN NO,,MAR,NORMAL,42.82916,-82.62061
NE26022700345,2026-02-27T16:42:00Z,2026-02-27T18:00:53Z,3,2026-02-27T16:00:20Z,2026-02-27T20:30:00Z,10,10,Determined upon crew arrival,In Progres,OUTAGE,Service Transformer,MAR,NORMAL,43.00152,-82.46434
NE26022700362,2026-02-27T16:42:00Z,2026-02-27T17:20:30Z,2,2026-02-27T16:11:23Z,2026-02-27T20:40:00Z,5,5,Determined upon crew arrival,In Progres,OUTAGE,Service Transformer,MAR,NORMAL,42.99986,-82.46115
NE26022700401,2026-02-27T16:42:00Z,2026-02-27T19:47:19Z,5,2026-02-27T16:09:34Z,2026-02-27T20:50:00Z,1,1,Determined upon crew arrival,In Progres,OUTAGE,Single Customer,MTC,NORMAL,42.72841,-82.79864
NE26022700408,2026-02-27T16:42:00Z,2026-02-27T18:00:53Z,3,2026-02-27T16:24:07Z,2026-02-27T20:55:00Z,1,1,Determined upon crew arrival,In Progres,OUTAGE,Single Customer,NAE,NORMAL,43.41652,-82.86907
NW26022700325,2026-02-27T16:42:00Z,2026-02-27T16:42:00Z,1,2026-02-27T15:43:44Z,2026-02-27T20:15:00Z,2,2,Equipment problem,In Progres,OUTAGE,Service Transformer,HWL,NORMAL,42.59981,-84.14797
NW26022700326,2026-02-27T16:42:00Z,2026-02-27T19:02:59Z,4,2026-02-27T15:48:27Z,2026-02-27T20:20:00Z,1,1,Determined upon crew arrival,In Progres,OUTAGE,Single Customer,SBY,NORMAL,42.54318,-82.97582
NW26022700336,2026-02-27T16:42:00Z,2026-02-27T18:00:53Z,3,2026-02-27T15:55:18Z,2026-02-27T20:25:00Z,1,1,Equipment problem,In Progres,OUTAGE,Single Customer,PON,NORMAL,42.55617,-83.47462
NW26022700341,2026-02-27T16:42:00Z,2026-02-27T16:42:00Z,1,2026-02-27T15:43:43Z,2026-02-27T20:30:00Z,2,2,Determined upon crew arrival,In Progres,OUTAGE,Service Transformer,HWL,NORMAL,42.60244,-84.1452
NW26022700342,2026-02-27T16:42:00Z,2026-02-27T17:20:30Z,2,2026-02-27T15:43:43Z,2026-02-27T20:30:00Z,14,14,Determined upon crew arrival,In Progres,OUTAGE,Device (II),HWL,NORMAL,42.59987,-84.15033
NW26022700364,2026-02-27T16:42:00Z,2026-02-27T16:42:00Z,1,2026-02-27T16:14:14Z,2026-02-27T20:45:00Z,1,1,Determined upon crew arrival,In Progres,OUTAGE,Single Customer,HWL,NORMAL,42.5998,-84.14678
NW26022700365,2026-02-27T16:42:00Z,2026-02-27T18:00:53Z,3,2026-02-27T15:54:45Z,2026-02-27T20:45:00Z,11,11,Determined upon crew arrival,In Progres,OUTAGE,Service Transformer,PON,NORMAL,42.68162,-83.3129
SE26022700323,2026-02-27T16:42:00Z,2026-02-27T19:02:59Z,4,2026-02-27T15:44:44Z,2026-02-27T20:15:00Z,1,1,Determined upon crew arrival,In Progres,OUTAGE,Single Customer,CAN,NORMAL,42.41372,-82.94395
SE26022700353,2026-02-27T16:42:00Z,2026-02-27T19:02:59Z,4,2026-02-27T16:02:40Z,2026-02-27T20:35:00Z,1,1,Determined upon crew arrival,In Progres,OUTAGE,Single Customer,RFD,NORMAL,42.49895,-83.13099
SE26022700357,2026-02-27T16:42:00Z,2026-02-27T17:20:30Z,2,2026-02-27T16:07:04Z,2026-02-27T20:35:00Z,2,2,Determined upon crew arrival,In Progres,OUTAGE,Service Secondary,RFD,NORMAL,42.42423,-83.30947
SE26022700361,2026-02-27T16:42:00Z,2026-02-27T19:02:59Z,4,2026-02-27T16:07:14Z,2026-02-27T20:40:00Z,1,1,Equipment problem,In Progres,OUTAGE,Single Customer,RFD,NORMAL,42.32757,-83.27785
SW26022700328,2026-02-27T16:42:00Z,2026-02-27T17:20:30Z,2,2026-02-27T15:50:14Z,2026-02-27T20:20:00Z,1,1,Determined upon crew arrival,In Progres,OUTAGE,Service Secondary,ANN,NORMAL,42.24717,-83.7486
SW26022700329,2026-02-27T16:42:00Z,2026-02-27T19:02:59Z,4,2026-02-27T14:57:56Z,2026-02-27T20:20:00Z,59,59,Determined upon crew arrival,In Progres,OUTAGE,Device (I),WWS,NORMAL,42.31225,-83.36244
SW26022700350,2026-02-27T16:42:00Z,2026-02-27T19:02:59Z,4,2026-02-27T16:01:52Z,2026-02-27T20:30:00Z,1,1,Determined upon crew arrival,In Progres,OUTAGE,Single Customer,WWS,NORMAL,42.29892,-83.40033
SW26022700354,2026-02-27T16:42:00Z,2026-02-27T16:42:00Z,1,2026-02-27T16:05:02Z,2026-02-27T20:35:00Z,2,2,Determined upon crew arrival,In Progres,OUTAGE,Service Transformer,ANN,NORMAL,42.28515,-83.64887
SW26022700355,2026-02-27T16:42:00Z,2026-02-27T18:00:53Z,3,2026-02-27T16:06:20Z,2026-02-27T20:35:00Z,1,1,Determined upon crew arrival,In Progres,OUTAGE,Service Secondary,WWS,NORMAL,42.32764,-83.38255
SW26022700406,2026-02-27T16:42:00Z,2026-02-27T19:47:19Z,5,2026-02-27T16:21:35Z,2026-02-27T20:50:00Z,1,1,Determined upon crew arrival,In Progres,OUTAGE,Single Customer,NPT,NORMAL,42.11434,-83.29117
SW26022700409,2026-02-27T16:42:00Z,2026-02-27T17:20:30Z,2,2026-02-27T16:27:18Z,2026-02-27T20:55:00Z,1,1,Determined upon crew arrival,In Progres,OUTAGE,Service Secondary,WWS,NORMAL,42.2861,-83.40297
SW26022700411,2026-02-27T16:42:00Z,2026-02-27T16:42:00Z,1,2026-02-27T16:30:00Z,,714,714,Determined upon crew arrival,New,OUTAGE,Circuit Level,ANN,NORMAL,42.31313,-83.88037
NE26022700418,2026-02-27T17:20:30Z,2026-02-27T18:00:53Z,2,2026-02-27T16:36:00Z,2026-02-27T21:10:00Z,2,2,Determined upon crew arrival,In Progres,OUTAGE,Service Transformer,LAP,NORMAL,43.23641,-83.3134
NE26022700431,2026-02-27T17:20:30Z,2026-02-28T02:22:03Z,13,2026-02-27T16:51:41Z,2026-02-28T05:25:00Z,188,82,Equipment problem,In Progres,OUTAGE,Device (II),MTC,NORMAL,42.51238,-83.01928
NE26022700442,2026-02-27T17:20:30Z,2026-02-27T18:00:53Z,2,2026-02-27T17:04:37Z,2026-02-27T21:35:00Z,1,1,Determined upon crew arrival,In Progres,OUTAGE,Single Customer,MAR,NORMAL,43.09159,-82.47747
NE26022700444,2026-02-27T17:20:30Z,2026-02-27T17:20:30Z,1,2026-02-27T16:51:42Z,2026-02-27T21:35:00Z,17,17,Determined upon crew arrival,In Progres,OUTAGE,Service Transformer,MTC,NORMAL,42.51245,-83.0172
NW26022700412,2026-02-27T17:20:30Z,2026-02-27T17:20:30Z,1,2026-02-27T16:31:03Z,2026-02-27T21:00:00Z,4,4,Determined upon crew arrival,In Progres,OUTAGE,Service Transformer,HWL,NORMAL,42.54291,-83.74535
NW26022700416,2026-02-27T17:20:30Z,2026-02-27T19:47:19Z,4,2026-02-27T16:36:12Z,2026-02-27T21:05:00Z,1,1,Equipment problem,Pending,OUTAGE,Single Customer,PON,NORMAL,42.56383,-83.3982
NW26022700439,2026-02-27T17:20:30Z,2026-02-27T23:33:22Z,11,2026-02-27T16:36:01Z,2026-02-28T09:30:00Z,1,1,Equipment problem,In Progres,OUTAGE,Single Customer,PON,NORMAL,42.56643,-83.26662
SE26022700414,2026-02-27T17:20:30Z,2026-02-27T17:20:30Z,1,2026-02-27T16:34:41Z,2026-02-27T21:05:00Z,1,1,Determined upon crew arrival,In Progres,OUTAGE,Single Customer,RFD,NORMAL,42.4384,-83.30136
SE26022700423,2026-02-27T17:20:30Z,2026-02-27T18:00:53Z,2,2026-02-27T16:42:15Z,2026-02-27T21:10:00Z,1,1,Determined upon crew arrival,In Progres,OUTAGE,Single Customer,RFD,NORMAL,42.43614,-83.20355
SE26022700440,2026-02-27T17:20:30Z,2026-02-27T18:00:53Z,2,2026-02-27T17:03:42Z,2026-02-27T21:35:00Z,1,1,Determined upon crew arrival,In Progres,OUTAGE,Single Customer,CAN,NORMAL,42.37112,-83.13717
SE26022700441,2026-02-27T17:20:30Z,2026-02-27T18:00:53Z,2,2026-02-27T17:04:11Z,2026-02-27T21:35:00Z,1,1,Determined upon crew arrival,In Progres,OUTAGE,Single Customer,CAN,NORMAL,42.43905,-82.96646
SE26022700450,2026-02-27T17:20:30Z,2026-02-27T20:56:03Z,6,2026-02-27T17:13:35Z,2026-02-27T21:45:00Z,1,1,Public Interference w/DTE equip,In Progres,OUTAGE,Single Customer,RFD,NORMAL,42.32154,-83.29753
SW26022700413,2026-02-27T17:20:30Z,2026-02-27T17:20:30Z,1,2026-02-27T16:31:33Z,2026-02-27T21:00:00Z,1,1,Determined upon crew arrival,In Progres,OUTAGE,Single Customer,WWS,NORMAL,42.34205,-83.37488
SW26022700417,2026-02-27T17:20:30Z,2026-02-27T17:20:30Z,1,2026-02-27T16:36:50Z,2026-02-27T21:05:00Z,50,50,Determined upon crew arrival,In Progres,OUTAGE,Service Transformer,WWS,NORMAL,42.32764,-83.38255
SW26022700427,2026-02-27T17:20:30Z,2026-02-27T19:47:19Z,4,2026-02-27T16:48:40Z,2026-02-27T21:20:00Z,1,1,Determined upon crew arrival,In Progres,OUTAGE,Single Customer,WWS,NORMAL,42.26446,-83.32269
NW26022700462,2026-02-27T18:00:53Z,2026-02-27T18:00:53Z,1,2026-02-27T17:32:33Z,2026-02-27T22:05:00Z,1,1,Determined upon crew arrival,In Progres,OUTAGE,Service Secondary,PON,NORMAL,42.63554,-83.41535
SW26022700456,2026-02-27T18:00:53Z,2026-02-27T18:00:53Z,1,2026-02-27T17:21:08Z,2026-02-27T21:50:00Z,1,1,Determined upon crew arrival,In Progres,OUTAGE,Single Customer,WWS,NORMAL,42.30473,-83.39711
SW26022700461,2026-02-27T18:00:53Z,2026-02-27T21:58:25Z,7,2026-02-27T17:27:38Z,2026-02-27T22:00:00Z,1,1,Equipment problem,In Progres,OUTAGE,Single Customer,ANN,NORMAL,42.19317,-83.6102
NW26022700500,2026-02-27T19:02:59Z,2026-02-27T19:02:59Z,1,2026-02-27T17:48:13Z,2026-02-27T23:05:00Z,1,1,Determined upon crew arrival,In Progres,OUTAGE,Single Customer,PON,NORMAL,42.73448,-83.37977
SE26022700478,2026-02-27T19:02:59Z,2026-02-27T19:02:59Z,1,2026-02-27T17:53:25Z,2026-02-27T22:25:00Z,1,1,Determined upon crew arrival,In Progres,OUTAGE,Single Customer,RFD,NORMAL,42.25267,-83.20325
SW26022700479,2026-02-27T19:02:59Z,2026-02-27T19:02:59Z,1,2026-02-27T17:50:06Z,2026-02-27T22:25:00Z,38,38,Determined upon crew arrival,In Progres,OUTAGE,Service Transformer,NPT,NORMAL,42.07852,-83.24672
SW26022700482,2026-02-27T19:02:59Z,2026-02-27T19:02:59Z,1,2026-02-27T17:56:10Z,2026-02-27T22:25:00Z,5,5,Determined upon crew arrival,In Progres,OUTAGE,Service Transformer,ANN,NORMAL,42.24575,-83.68912
SW26022700496,2026-02-27T19:02:59Z,2026-02-27T19:02:59Z,1,2026-02-27T18:27:16Z,2026-02-27T22:55:00Z,1,1,Determined upon crew arrival,In Progres,OUTAGE,Single Customer,ANN,NORMAL,42.24618,-83.68848
SW26022700499,2026-02-27T19:02:59Z,2026-02-27T20:56:03Z,4,2026-02-27T18:33:41Z,2026-02-27T23:05:00Z,1,1,Equipment problem,In Progres,OUTAGE,Single Customer,ANN,NORMAL,42.32847,-83.7303
SW26022700501,2026-02-27T19:02:59Z,2026-02-27T19:02:59Z,1,2026-02-27T18:30:08Z,2026-02-27T23:05:00Z,2,2,Determined upon crew arrival,In Progres,OUTAGE,Service Secondary,ANN,NORMAL,42.25844,-83.72113
NE26022700513,2026-02-27T19:47:19Z,2026-02-27T21:58:25Z,5,2026-02-27T18:41:16Z,2026-02-27T23:25:00Z,2,2,Determined upon crew arrival,In Progres,OUTAGE,Service Transformer,MTC,NORMAL,42.6552,-82.89732
NE26022700514,2026-02-27T19:47:19Z,2026-02-27T19:47:19Z,1,2026-02-27T18:56:35Z,2026-02-27T23:25:00Z,1,1,Determined upon crew arrival,In Progres,OUTAGE,Service Secondary,MAR,NORMAL,43.01091,-82.46505
NE26022700527,2026-02-27T19:47:19Z,2026-02-27T21:58:25Z,5,2026-02-27T18:58:49Z,2026-02-27T23:30:00Z,1,1,Equipment problem,In Progres,OUTAGE,Single Customer,MAR,NORMAL,43.28228,-82.53148
NW26022700585,2026-02-27T19:47:19Z,2026-02-28T15:45:31Z,32,2026-02-27T19:21:53Z,2026-02-28T23:50:00Z,1,1,Equipment problem,In Progres,OUTAGE,Single Customer,PON,NORMAL,42.62776,-83.22098
SE26022700506,2026-02-27T19:47:19Z,2026-02-27T23:33:22Z,8,2026-02-27T18:49:58Z,2026-02-27T23:20:00Z,1,1,Determined upon crew arrival,In Progres,OUTAGE,Single Customer,CAN,NORMAL,42.43016,-82.91127
SE26022700579,2026-02-27T19:47:19Z,2026-02-27T23:56:40Z,9,2026-02-27T19:16:17Z,2026-02-27T23:45:00Z,1,1,Determined upon crew arrival,In Progres,OUTAGE,Single Customer,RFD,NORMAL,42.32992,-83.14447
SE26022700581,2026-02-27T19:47:19Z,2026-02-27T20:56:03Z,3,2026-02-27T19:10:33Z,2026-02-27T23:50:00Z,1,1,Determined upon crew arrival,In Progres,OUTAGE,Single Customer,RFD,NORMAL,42.43804,-83.3063
SE26022700593,2026-02-27T19:47:19Z,2026-02-27T19:47:19Z,1,2026-02-27T19:29:51Z,,1,1,Determined upon crew arrival,New,OUTAGE,Single Customer,RFD,NORMAL,42.29416,-83.25668
SW26022700529,2026-02-27T19:47:19Z,2026-02-27T19:47:19Z,1,2026-02-27T19:03:12Z,2026-02-27T23:35:00Z,1,1,Determined upon crew arrival,In Progres,OUTAGE,Single Customer,WWS,NORMAL,42.38337,-83.3838
NE26022700660,2026-02-27T20:29:30Z,2026-02-27T20:29:30Z,1,2026-02-27T20:14:26Z,,1,1,Determined upon crew arrival,In Progres,OUTAGE,Single Customer,MTC,NORMAL,42.7288,-82.79808
NW26022700618,2026-02-27T20:29:30Z,2026-02-27T20:29:30Z,1,2026-02-27T20:02:14Z,2026-02-28T00:30:00Z,1,1,Determined upon crew arrival,New,OUTAGE,Single Customer,PON,NORMAL,42.62116,-83.29616
NW26022700622,2026-02-27T20:29:30Z,2026-02-27T20:29:30Z,1,2026-02-27T20:07:31Z,2026-02-28T00:40:00Z,1,1,Determined upon crew arrival,In Progres,OUTAGE,Single Customer,HWL,NORMAL,42.58857,-83.58681
NW26022700623,2026-02-27T20:29:30Z,2026-02-27T20:29:30Z,1,2026-02-27T20:08:04Z,2026-02-28T00:40:00Z,1,1,Determined upon crew arrival,In Progres,OUTAGE,Single Customer,SBY,NORMAL,42.62853,-82.97571
NW26022700624,2026-02-27T20:29:30Z,2026-02-27T20:56:03Z,2,2026-02-27T20:00:52Z,2026-02-28T00:40:00Z,1,1,Determined upon crew arrival,In Progres,OUTAGE,Single Customer,HWL,NORMAL,42.55175,-83.86573
NW26022700629,2026-02-27T20:29:30Z,2026-02-27T23:56:40Z,8,2026-02-27T20:10:44Z,2026-02-28T00:40:00Z,1,1,Equipment problem,In Progres,OUTAGE,Single Customer,PON,NORMAL,42.6103,-83.30017
NW26022700631,2026-02-27T20:29:30Z,2026-02-27T20:29:30Z,1,2026-02-27T19:57:04Z,2026-02-28T00:40:00Z,2,2,Determined upon crew arrival,New,OUTAGE,Service Secondary,PON,NORMAL,42.60157,-83.28057
NW26022700632,2026-02-27T20:29:30Z,2026-02-27T20:29:30Z,1,2026-02-27T19:57:04Z,,1,1,Determined upon crew arrival,New,OUTAGE,Single Customer,PON,NORMAL,42.60894,-83.29435
NW26022700633,2026-02-27T20:29:30Z,2026-02-27T20:29:30Z,1,2026-02-27T19:57:05Z,,9,9,Determined upon crew arrival,New,OUTAGE,Service Transformer,PON,NORMAL,42.60371,-83.28776
NW26022700634,2026-02-27T20:29:30Z,2026-02-27T20:29:30Z,1,2026-02-27T19:57:05Z,2026-02-28T00:40:00Z,115,115,Determined upon crew arrival,New,OUTAGE,Device (II),PON,NORMAL,42.61414,-83.29091
NW26022700635,2026-02-27T20:29:30Z,2026-02-27T20:29:30Z,1,2026-02-27T19:57:05Z,,4,4,Determined upon crew arrival,New,OUTAGE,Service Transformer,PON,NORMAL,42.60847,-83.28729
NW26022700636,2026-02-27T20:29:30Z,2026-02-27T20:29:30Z,1,2026-02-27T19:57:04Z,,3,3,Determined upon crew arrival,New,OUTAGE,Service Transformer,PON,NORMAL,42.60955,-83.29248
NW26022700638,2026-02-27T20:29:30Z,2026-02-27T20:29:30Z,1,2026-02-27T19:57:04Z,2026-02-28T00:40:00Z,4,4,Determined upon crew arrival,New,OUTAGE,Service Transformer,PON,NORMAL,42.60815,-83.28871
NW26022700639,2026-02-27T20:29:30Z,2026-02-27T20:29:30Z,1,2026-02-27T19:57:09Z,,258,258,Determined upon crew arrival,New,OUTAGE,Device (II),PON,NORMAL,42.59262,-83.27775
NW26022700641,2026-02-27T20:29:30Z,2026-02-27T20:29:30Z,1,2026-02-27T19:57:04Z,,1,1,Determined upon crew arrival,New,OUTAGE,Single Customer,PON,NORMAL,42.60918,-83.29494
NW26022700642,2026-02-27T20:29:30Z,2026-02-27T20:29:30Z,1,2026-02-27T19:57:04Z,,1,1,Determined upon crew arrival,New,OUTAGE,Single Customer,PON,NORMAL,42.60952,-83.29468
NW26022700643,2026-02-27T20:29:30Z,2026-02-27T20:29:30Z,1,2026-02-27T19:57:03Z,,1,1,Determined upon crew arrival,New,OUTAGE,Single Customer,PON,NORMAL,42.58975,-83.29038
NW26022700644,2026-02-27T20:29:30Z,2026-02-27T20:29:30Z,1,2026-02-27T19:57:04Z,,1,1,Determined upon crew arrival,New,OUTAGE,Single Customer,PON,NORMAL,42.60356,-83.27721
NW26022700645,2026-02-27T20:29:30Z,2026-02-27T20:29:30Z,1,2026-02-27T19:57:05Z,,1,1,Determined upon crew arrival,New,OUTAGE,Single Customer,PON,NORMAL,42.59803,-83.30162
NW26022700646,2026-02-27T20:29:30Z,2026-02-27T20:29:30Z,1,2026-02-27T19:57:10Z,,1,1,Determined upon crew arrival,New,OUTAGE,Single Customer,PON,NORMAL,42.60337,-83.28549
NW26022700647,2026-02-27T20:29:30Z,2026-02-27T20:29:30Z,1,2026-02-27T19:57:05Z,,1,1,Determined upon crew arrival,New,OUTAGE,Single Customer,PON,NORMAL,42.60263,-83.28463
NW26022700648,2026-02-27T20:29:30Z,2026-02-27T20:29:30Z,1,2026-02-27T19:57:10Z,,1,1,Determined upon crew arrival,New,OUTAGE,Single Customer,PON,NORMAL,42.59854,-83.28979
NW26022700649,2026-02-27T20:29:30Z,2026-02-27T20:29:30Z,1,2026-02-27T19:57:08Z,,1,1,Determined upon crew arrival,New,OUTAGE,Single Customer,PON,NORMAL,42.60522,-83.28651
NW26022700650,2026-02-27T20:29:30Z,2026-02-27T20:29:30Z,1,2026-02-27T19:57:09Z,,1,1,Determined upon crew arrival,New,OUTAGE,Single Customer,PON,NORMAL,42.60172,-83.28387
NW26022700651,2026-02-27T20:29:30Z,2026-02-27T20:29:30Z,1,2026-02-27T19:57:10Z,,1,1,Determined upon crew arrival,New,OUTAGE,Single Customer,PON,NORMAL,42.6002,-83.27225
NW26022700652,2026-02-27T20:29:30Z,2026-02-27T20:29:30Z,1,2026-02-27T19:57:05Z,,8,8,Determined upon crew arrival,New,OUTAGE,Service Transformer,PON,NORMAL,42.60962,-83.29006
NW26022700653,2026-02-27T20:29:30Z,2026-02-27T20:29:30Z,1,2026-02-27T19:57:06Z,,1,1,Determined upon crew arrival,New,OUTAGE,Single Customer,PON,NORMAL,42.60306,-83.28016
NW26022700654,2026-02-27T20:29:30Z,2026-02-27T20:29:30Z,1,2026-02-27T19:57:06Z,,1,1,Determined upon crew arrival,New,OUTAGE,Single Customer,PON,NORMAL,42.60299,-83.28314
NW26022700655,2026-02-27T20:29:30Z,2026-02-27T20:29:30Z,1,2026-02-27T19:57:07Z,,2,2,Determined upon crew arrival,New,OUTAGE,Service Secondary,PON,NORMAL,42.61108,-83.28833
NW26022700656,2026-02-27T20:29:30Z,2026-02-27T20:29:30Z,1,2026-02-27T19:57:09Z,,4,4,Determined upon crew arrival,New,OUTAGE,Service Transformer,PON,NORMAL,42.60217,-83.28631
NW26022700657,2026-02-27T20:29:30Z,2026-02-27T20:29:30Z,1,2026-02-27T19:57:10Z,,1,1,Determined upon crew arrival,New,OUTAGE,Single Customer,PON,NORMAL,42.60492,-83.2883
NW26022700658,2026-02-27T20:29:30Z,2026-02-27T20:29:30Z,1,2026-02-27T19:57:10Z,,2,2,Determined upon crew arrival,New,OUTAGE,Service Secondary,PON,NORMAL,42.61063,-83.28913
NW26022700659,2026-02-27T20:29:30Z,2026-02-27T20:29:30Z,1,2026-02-27T19:57:11Z,,1,1,Determined upon crew arrival,New,OUTAGE,Single Customer,PON,NORMAL,42.60449,-83.28856
SE26022700600,2026-02-27T20:29:30Z,2026-02-27T20:56:03Z,2,2026-02-27T19:34:50Z,2026-02-28T00:10:00Z,28,28,Determined upon crew arrival,In Progres,OUTAGE,Device (I),RFD,NORMAL,42.44764,-83.31511
SE26022700661,2026-02-27T20:56:03Z,2026-02-27T20:56:03Z,1,2026-02-27T20:19:38Z,2026-02-28T00:50:00Z,2,2,Determined upon crew arrival,New,OUTAGE,Service Secondary,RFD,NORMAL,42.44499,-83.31499
SE26022700663,2026-02-27T20:56:03Z,2026-02-28T21:22:00Z,41,2026-02-27T20:21:57Z,2026-03-01T00:50:00Z,1,1,Determined upon crew arrival,In Progres,OUTAGE,Single Customer,RFD,NORMAL,42.24975,-83.18654
SE26022700671,2026-02-27T20:56:03Z,2026-02-27T20:56:03Z,1,2026-02-27T20:25:52Z,2026-02-28T01:10:00Z,1,1,Determined upon crew arrival,New,OUTAGE,Single Customer,RFD,NORMAL,42.39258,-83.25217
NW26022700695,2026-02-27T22:33:26Z,2026-02-27T23:56:40Z,4,2026-02-27T21:40:09Z,2026-02-28T02:15:00Z,1,1,Equipment problem,In Progres,OUTAGE,Single Customer,PON,NORMAL,42.60898,-83.54529
NW26022700699,2026-02-27T22:33:26Z,2026-02-27T23:33:22Z,3,2026-02-27T21:40:10Z,2026-02-28T02:20:00Z,2,2,Equipment problem,In Progres,OUTAGE,Service Transformer,PON,NORMAL,42.60791,-83.54376
SW26022700700,2026-02-27T22:33:26Z,2026-02-27T23:33:22Z,3,2026-02-27T21:52:42Z,2026-02-28T02:25:00Z,7,7,Determined upon crew arrival,In Progres,OUTAGE,Device (I),WWS,NORMAL,42.4116,-83.45403
SE26022700711,2026-02-27T22:58:28Z,2026-02-28T02:22:03Z,4,2026-02-27T22:30:33Z,2026-02-28T03:00:00Z,1,1,Equipment problem,In Progres,OUTAGE,Single Customer,RFD,NORMAL,42.31616,-83.12777
SW26022700730,2026-02-27T23:33:22Z,2026-02-27T23:33:22Z,1,2026-02-27T22:56:57Z,2026-02-28T03:35:00Z,1,1,Determined upon crew arrival,In Progres,OUTAGE,Single Customer,WWS,NORMAL,42.19347,-83.33895
NE26022700749,2026-02-28T02:22:03Z,2026-02-28T02:22:03Z,1,2026-02-28T00:17:19Z,2026-02-28T04:50:00Z,1,1,Determined upon crew arrival,In Progres,OUTAGE,Single Customer,MAR,NORMAL,42.8368,-82.48011
NW26022700782,2026-02-28T02:22:03Z,2026-02-28T04:05:56Z,2,2026-02-28T00:41:21Z,2026-02-28T05:20:00Z,5,5,Equipment problem,In Progres,OUTAGE,Service Transformer,HWL,NORMAL,42.51259,-83.78627
NW26022700790,2026-02-28T02:22:03Z,2026-02-28T05:04:12Z,3,2026-02-28T01:35:05Z,2026-02-28T06:05:00Z,1,1,Equipment problem,In Progres,OUTAGE,Single Customer,PON,NORMAL,42.66933,-83.27501
SE26022700751,2026-02-28T02:22:03Z,2026-02-28T02:22:03Z,1,2026-02-28T00:23:19Z,2026-02-28T04:55:00Z,98,98,Public Interference w/DTE equip,In Progres,OUTAGE,Device (II),CAN,NORMAL,42.44939,-82.92508
SE26022700762,2026-02-28T02:22:03Z,2026-02-28T05:04:12Z,3,2026-02-28T00:33:10Z,2026-02-28T05:05:00Z,1,1,Public Interference w/DTE equip,In Progres,PRIORITY,,CAN,NORMAL,42.44931,-82.92615
SW26022700787,2026-02-28T02:22:03Z,2026-02-28T02:22:03Z,1,2026-02-28T01:12:47Z,2026-02-28T05:45:00Z,7,7,Determined upon crew arrival,In Progres,OUTAGE,Service Transformer,ANN,NORMAL,42.23991,-83.72896
SW26022700788,2026-02-28T02:22:03Z,2026-02-28T02:22:03Z,1,2026-02-28T01:15:38Z,2026-02-28T05:45:00Z,1,1,Determined upon crew arrival,In Progres,OUTAGE,Single Customer,NPT,NORMAL,41.85017,-83.76228
NE26022700797,2026-02-28T04:05:56Z,2026-02-28T07:05:46Z,5,2026-02-28T01:12:44Z,2026-02-28T07:10:00Z,1,1,Equipment problem,In Progres,OUTAGE,Single Customer,MTC,NORMAL,42.61614,-82.53907
NW26022700801,2026-02-28T04:05:56Z,2026-02-28T05:49:08Z,3,2026-02-27T22:03:41Z,2026-02-28T07:45:00Z,1,1,Equipment problem,In Progres,OUTAGE,Single Customer,PON,NORMAL,42.7507,-83.44032
NE26022700809,2026-02-28T05:04:12Z,2026-02-28T05:04:12Z,1,2026-02-28T04:17:24Z,2026-02-28T08:45:00Z,1,1,Determined upon crew arrival,New,OUTAGE,Single Customer,MTC,NORMAL,42.5071,-82.92649
SE26022800006,2026-02-28T05:49:08Z,2026-02-28T15:45:31Z,20,2026-02-28T05:12:48Z,2026-02-28T16:00:00Z,1,1,Equipment problem,In Progres,SERVICE DOWN NO,,CAN,NORMAL,42.43823,-82.91389
NE26022800011,2026-02-28T07:05:46Z,2026-02-28T08:32:55Z,3,2026-02-28T06:34:07Z,2026-02-28T11:20:00Z,90,90,Determined upon crew arrival,In Progres,OUTAGE,Device (II),MTC,NORMAL,42.46656,-82.98503
NW26022800022,2026-02-28T09:35:31Z,2026-02-28T16:50:55Z,16,2026-02-28T09:21:27Z,2026-03-01T01:50:00Z,1,1,Equipment problem,In Progres,OUTAGE,Single Customer,SBY,NORMAL,42.6044,-82.97713
NW26022800028,2026-02-28T11:20:14Z,2026-02-28T15:25:40Z,9,2026-02-28T10:59:16Z,2026-02-28T15:30:00Z,1,1,Equipment problem,In Progres,OUTAGE,Single Customer,PON,NORMAL,42.66553,-83.62141
NW26022800038,2026-02-28T13:37:14Z,2026-02-28T14:31:23Z,3,2026-02-28T12:34:13Z,2026-02-28T17:05:00Z,17,17,Equipment problem,In Progres,OUTAGE,Service Transformer,HWL,NORMAL,42.69518,-84.28052
NW26022800039,2026-02-28T13:37:14Z,2026-02-28T14:31:23Z,3,2026-02-28T12:34:13Z,2026-02-28T17:05:00Z,22,22,Problem with the customer equip,In Progres,OUTAGE,Service Transformer,HWL,NORMAL,42.69523,-84.27931
NW26022800041,2026-02-28T13:37:14Z,2026-02-28T14:31:23Z,3,2026-02-28T12:34:14Z,2026-02-28T17:10:00Z,12,12,Equipment problem,In Progres,OUTAGE,Service Transformer,HWL,NORMAL,42.69484,-84.28177
NW26022800047,2026-02-28T13:37:14Z,2026-02-28T13:58:16Z,2,2026-02-28T12:40:20Z,2026-02-28T17:15:00Z,2,2,Animal/bird damaged DTE equip,In Progres,OUTAGE,Device (I),HWL,NORMAL,42.5595,-83.85155
NW26022800053,2026-02-28T13:37:14Z,2026-02-28T14:31:23Z,3,2026-02-28T13:11:00Z,2026-02-28T17:45:00Z,35,35,Determined upon crew arrival,In Progres,OUTAGE,Device (I),SBY,NORMAL,42.6564,-83.19401
SE26022800036,2026-02-28T13:37:14Z,2026-02-28T15:25:40Z,5,2026-02-28T12:31:47Z,2026-02-28T17:00:00Z,1,1,Determined upon crew arrival,Pending,OUTAGE,Single Customer,CAN,NORMAL,42.43078,-83.05263
SE26022800045,2026-02-28T13:37:14Z,2026-02-28T15:45:31Z,6,2026-02-28T12:44:54Z,2026-02-28T17:15:00Z,1,1,Equipment problem,In Progres,OUTAGE,Single Customer,RFD,NORMAL,42.39805,-83.19921
SE26022800061,2026-02-28T13:37:14Z,2026-02-28T17:21:13Z,9,2026-02-28T07:26:54Z,2026-02-28T17:50:00Z,1,1,Public Interference w/DTE equip,In Progres,OUTAGE,Single Customer,CAN,NORMAL,42.40182,-83.12654
SW26022800048,2026-02-28T13:37:14Z,2026-02-28T15:45:31Z,6,2026-02-28T12:52:57Z,2026-02-28T17:25:00Z,1,1,Determined upon crew arrival,In Progres,OUTAGE,Single Customer,WWS,NORMAL,42.28021,-83.32642
SW26022800057,2026-02-28T13:37:14Z,2026-02-28T14:55:42Z,4,2026-02-28T13:18:24Z,2026-02-28T17:50:00Z,1,1,Equipment problem,In Progres,OUTAGE,Single Customer,WWS,NORMAL,42.17386,-83.35705
NE26022800069,2026-02-28T14:31:23Z,2026-02-28T14:31:23Z,1,2026-02-28T13:38:51Z,2026-02-28T18:25:00Z,1,1,Determined upon crew arrival,In Progres,OUTAGE,Single Customer,MTC,NORMAL,42.81043,-82.75598
SW26022800066,2026-02-28T14:31:23Z,2026-02-28T15:45:31Z,4,2026-02-28T13:48:58Z,2026-02-28T18:20:00Z,1,1,Determined upon crew arrival,In Progres,OUTAGE,Single Customer,WWS,NORMAL,42.22994,-83.49508
SW26022800070,2026-02-28T14:31:23Z,2026-02-28T15:45:31Z,4,2026-02-28T13:54:56Z,2026-02-28T18:25:00Z,1,1,Determined upon crew arrival,In Progres,OUTAGE,Single Customer,WWS,NORMAL,42.22772,-83.49384
NE26022800086,2026-02-28T14:55:42Z,2026-02-28T15:45:31Z,3,2026-02-28T14:28:14Z,2026-02-28T19:00:00Z,6,6,Determined upon crew arrival,In Progres,OUTAGE,Service Transformer,MTC,NORMAL,42.6439,-82.8732
NE26022800094,2026-02-28T14:55:42Z,2026-02-28T15:45:31Z,3,2026-02-28T14:43:31Z,2026-02-28T19:15:00Z,1308,1308,Animal/bird damaged DTE equip,In Progres,OUTAGE,Device (II),MTC,NORMAL,42.49773,-83.07552
NW26022800077,2026-02-28T14:55:42Z,2026-02-28T15:25:40Z,2,2026-02-28T14:07:13Z,2026-02-28T18:40:00Z,128,128,Animal/bird damaged DTE equip,In Progres,OUTAGE,Device (I),SBY,NORMAL,42.60385,-83.02819
NW26022800088,2026-02-28T14:55:42Z,2026-02-28T17:57:17Z,8,2026-02-28T14:27:36Z,2026-02-28T19:05:00Z,1,1,Equipment problem,In Progres,OUTAGE,Single Customer,SBY,NORMAL,42.64948,-83.02428
SW26022800089,2026-02-28T14:55:42Z,2026-02-28T16:28:05Z,4,2026-02-28T14:33:43Z,2026-02-28T19:05:00Z,77,77,Equipment problem,In Progres,OUTAGE,Device (II),WWS,NORMAL,42.51697,-83.45961
NE26022800107,2026-02-28T15:25:40Z,2026-02-28T17:57:17Z,7,2026-02-28T15:08:30Z,2026-02-28T19:40:00Z,1,1,Animal/bird damaged DTE equip,In Progres,PRIORITY,,MTC,NORMAL,42.49707,-83.07259
NE26022800111,2026-02-28T15:25:40Z,2026-02-28T17:57:17Z,7,2026-02-28T15:12:03Z,2026-02-28T19:40:00Z,1,1,Animal/bird damaged DTE equip,In Progres,PRIORITY,,MTC,NORMAL,42.50468,-83.07919
NE26022800113,2026-02-28T15:25:40Z,2026-02-28T15:45:31Z,2,2026-02-28T15:15:03Z,2026-02-28T19:45:00Z,1,1,Determined upon crew arrival,New,OUTAGE,Single Customer,MTC,NORMAL,42.48943,-83.07912
NW26022800106,2026-02-28T15:25:40Z,2026-02-28T15:45:31Z,2,2026-02-28T15:02:58Z,2026-02-28T19:35:00Z,5,5,Determined upon crew arrival,In Progres,OUTAGE,Service Transformer,SBY,NORMAL,42.66314,-83.12961
SW26022800095,2026-02-28T15:25:40Z,2026-02-28T16:28:05Z,3,2026-02-28T14:46:29Z,2026-02-28T19:15:00Z,1,1,Determined upon crew arrival,In Progres,OUTAGE,Single Customer,WWS,NORMAL,42.20546,-83.48042
SW26022800110,2026-02-28T15:25:40Z,2026-02-28T16:28:05Z,3,2026-02-28T15:11:19Z,2026-02-28T19:40:00Z,1,1,Determined upon crew arrival,In Progres,OUTAGE,Single Customer,WWS,NORMAL,42.51517,-83.45951
SE26022800117,2026-02-28T15:45:31Z,2026-02-28T15:45:31Z,1,2026-02-28T15:27:28Z,,1,1,Determined upon crew arrival,New,OUTAGE,Single Customer,CAN,NORMAL,42.41291,-82.92432
SW26022800118,2026-02-28T15:45:31Z,2026-02-28T16:28:05Z,2,2026-02-28T15:25:31Z,2026-02-28T20:00:00Z,31,31,Determined upon crew arrival,In Progres,OUTAGE,Device (I),WWS,NORMAL,42.46567,-83.32281
NE26022800123,2026-02-28T16:28:05Z,2026-02-28T17:21:13Z,3,2026-02-28T15:18:48Z,2026-02-28T20:05:00Z,2,2,Determined upon crew arrival,In Progres,OUTAGE,Service Transformer,MAR,NORMAL,42.87645,-82.55723
NE26022800131,2026-02-28T16:28:05Z,2026-02-28T17:57:17Z,5,2026-02-28T15:52:55Z,2026-02-28T20:25:00Z,1,1,Determined upon crew arrival,In Progres,OUTAGE,Single Customer,MTC,NORMAL,42.49943,-83.06734
SE26022800135,2026-02-28T16:28:05Z,2026-02-28T16:50:55Z,2,2026-02-28T15:56:39Z,2026-02-28T20:30:00Z,16,16,Equipment problem,In Progres,OUTAGE,Service Transformer,RFD,NORMAL,42.48908,-83.09676
SW26022800120,2026-02-28T16:28:05Z,2026-02-28T16:50:55Z,2,2026-02-28T00:28:39Z,2026-02-28T20:00:00Z,1,1,Determined upon crew arrival,In Progres,OUTAGE,Single Customer,NPT,NORMAL,42.13991,-83.21519
SW26022800132,2026-02-28T16:28:05Z,2026-02-28T17:57:17Z,5,2026-02-28T14:20:21Z,2026-02-28T20:25:00Z,1,1,Equipment problem,In Progres,OUTAGE,Single Customer,NPT,NORMAL,42.06575,-83.31892
SW26022800139,2026-02-28T16:28:05Z,2026-02-28T17:44:57Z,4,2026-02-28T16:04:33Z,2026-02-28T20:40:00Z,2,2,Determined upon crew arrival,In Progres,OUTAGE,Service Secondary,NPT,NORMAL,42.06854,-83.22372
SW26022800140,2026-02-28T16:28:05Z,2026-02-28T16:28:05Z,1,2026-02-28T16:13:31Z,,1,1,Determined upon crew arrival,New,OUTAGE,Single Customer,NPT,NORMAL,42.0704,-83.22386
NW26022800153,2026-02-28T17:21:13Z,2026-02-28T20:27:24Z,8,2026-02-28T16:47:16Z,2026-02-28T21:15:00Z,1,1,Equipment problem,In Progres,OUTAGE,Single Customer,PON,NORMAL,42.62339,-83.32411
SW26022800154,2026-02-28T17:21:13Z,2026-02-28T17:57:17Z,3,2026-02-28T16:45:54Z,2026-02-28T21:20:00Z,40,40,Public Interference w/DTE equip,In Progres,OUTAGE,Device (I),WWS,NORMAL,42.1305,-83.31549
NE26022800177,2026-02-28T17:57:17Z,2026-02-28T21:43:14Z,8,2026-02-28T17:17:55Z,2026-02-28T22:05:00Z,1,1,Determined upon crew arrival,In Progres,OUTAGE,Single Customer,MTC,NORMAL,42.48319,-83.01905
NE26022800181,2026-02-28T17:57:17Z,2026-03-01T04:54:45Z,16,2026-02-28T17:40:32Z,2026-03-01T06:10:00Z,1,1,Determined upon crew arrival,In Progres,PRIORITY,,MTC,NORMAL,42.46553,-83.00623
SE26022800184,2026-02-28T18:41:48Z,2026-02-28T23:57:10Z,13,2026-02-28T15:01:47Z,2026-03-01T10:15:00Z,1,1,Equipment problem,In Progres,OUTAGE,Single Customer,RFD,NORMAL,42.47045,-83.11671
SE26022800190,2026-02-28T18:41:48Z,2026-02-28T19:31:49Z,3,2026-02-28T17:38:25Z,2026-02-28T22:35:00Z,1,1,Determined upon crew arrival,In Progres,OUTAGE,Single Customer,RFD,NORMAL,42.36069,-83.2804
SE26022800191,2026-02-28T18:41:48Z,2026-02-28T19:01:32Z,2,2026-02-28T17:40:44Z,2026-02-28T22:35:00Z,1,1,Determined upon crew arrival,New,OUTAGE,Single Customer,CAN,NORMAL,42.38898,-83.125
SW26022800187,2026-02-28T18:41:48Z,2026-02-28T19:31:49Z,3,2026-02-28T17:50:11Z,2026-02-28T22:25:00Z,27,27,Determined upon crew arrival,In Progres,OUTAGE,Device (II),WWS,NORMAL,42.42978,-83.35195
SW26022800195,2026-02-28T18:41:48Z,2026-02-28T18:41:48Z,1,2026-02-28T18:07:21Z,2026-02-28T22:50:00Z,13,13,Determined upon crew arrival,New,OUTAGE,Service Transformer,ANN,NORMAL,42.30332,-83.70129
SE26022800197,2026-02-28T19:01:32Z,2026-02-28T19:52:17Z,3,2026-02-28T18:32:40Z,2026-02-28T23:05:00Z,15,15,Equipment problem,In Progres,OUTAGE,Service Transformer,RFD,NORMAL,42.31647,-83.30285
SE26022800198,2026-02-28T19:01:32Z,2026-02-28T19:01:32Z,1,2026-02-28T18:26:31Z,2026-02-28T23:10:00Z,1,1,Determined upon crew arrival,New,OUTAGE,Single Customer,CAN,NORMAL,42.41271,-83.00111
NW26022800201,2026-02-28T19:31:49Z,2026-02-28T19:31:49Z,1,2026-02-28T18:44:30Z,,21,21,Determined upon crew arrival,New,OUTAGE,Service Transformer,PON,NORMAL,42.6396,-83.27306
SE26022800202,2026-02-28T19:31:49Z,2026-02-28T19:31:49Z,1,2026-02-28T18:44:29Z,,1,1,Determined upon crew arrival,New,OUTAGE,Single Customer,CAN,NORMAL,42.40453,-82.93217
NE26022800205,2026-02-28T19:52:17Z,2026-02-28T22:47:52Z,7,2026-02-28T19:09:43Z,2026-02-28T23:40:00Z,1,1,Equipment problem,In Progres,OUTAGE,Single Customer,MAR,NORMAL,43.25245,-82.58937
SE26022800209,2026-02-28T19:52:17Z,2026-02-28T22:47:52Z,7,2026-02-28T19:11:50Z,2026-02-28T23:40:00Z,1,1,Determined upon crew arrival,In Progres,SERVICE DOWN NO,,CAN,NORMAL,42.4243,-82.93844
NE26022800228,2026-02-28T20:27:24Z,2026-02-28T20:27:24Z,1,2026-02-28T20:13:51Z,,1,1,Determined upon crew arrival,New,OUTAGE,Single Customer,MTC,NORMAL,42.59644,-82.88783
SE26022800219,2026-02-28T20:27:24Z,2026-02-28T20:27:24Z,1,2026-02-28T19:45:35Z,2026-03-01T00:15:00Z,2,2,Determined upon crew arrival,In Progres,OUTAGE,Service Secondary,RFD,NORMAL,42.46075,-83.1498
NE26022800239,2026-02-28T21:22:00Z,2026-02-28T23:44:42Z,7,2026-02-28T20:54:52Z,2026-03-01T01:25:00Z,1,1,Determined upon crew arrival,In Progres,OUTAGE,Single Customer,MTC,NORMAL,42.49456,-83.07051
NW26022800233,2026-02-28T21:22:00Z,2026-02-28T23:57:10Z,8,2026-02-28T20:33:46Z,2026-03-01T01:05:00Z,1,1,Equipment problem,In Progres,OUTAGE,Single Customer,SBY,NORMAL,42.6275,-83.07814
NE26022800244,2026-02-28T21:43:14Z,2026-02-28T21:43:14Z,1,2026-02-28T21:24:09Z,2026-03-01T01:55:00Z,5,5,Determined upon crew arrival,New,OUTAGE,Service Transformer,NAE,NORMAL,43.45636,-82.97086
NW26022800243,2026-02-28T21:43:14Z,2026-02-28T22:47:52Z,4,2026-02-28T20:52:56Z,2026-03-01T01:55:00Z,1,1,Determined upon crew arrival,In Progres,OUTAGE,Single Customer,SBY,NORMAL,42.63801,-83.12288
SW26022800249,2026-02-28T22:24:25Z,2026-02-28T23:23:13Z,3,2026-02-28T21:56:04Z,2026-03-01T02:25:00Z,1,1,Equipment problem,In Progres,OUTAGE,Single Customer,ANN,NORMAL,42.11327,-83.7173
NE26022800267,2026-02-28T23:23:13Z,2026-02-28T23:57:10Z,3,2026-02-28T23:04:12Z,2026-03-01T03:35:00Z,1,1,Determined upon crew arrival,In Progres,OUTAGE,Single Customer,LAP,NORMAL,42.92172,-83.03738
SE26022800257,2026-02-28T23:23:13Z,2026-02-28T23:57:10Z,3,2026-02-28T22:32:57Z,2026-03-01T03:05:00Z,1,1,Determined upon crew arrival,In Progres,OUTAGE,Single Customer,CAN,NORMAL,42.40432,-82.94174
SE26022800259,2026-02-28T23:23:13Z,2026-02-28T23:57:10Z,3,2026-02-28T22:42:48Z,2026-03-01T03:15:00Z,1,1,Determined upon crew arrival,In Progres,OUTAGE,Single Customer,RFD,NORMAL,42.36234,-83.21713
SW26022800261,2026-02-28T23:23:13Z,2026-03-01T02:52:54Z,4,2026-02-28T22:48:14Z,2026-03-01T03:20:00Z,1,1,Equipment problem,In Progres,OUTAGE,Single Customer,WWS,NORMAL,42.38128,-83.53339
NW26022800273,2026-02-28T23:44:42Z,2026-03-01T02:52:54Z,3,2026-02-28T23:01:34Z,2026-03-01T04:00:00Z,1,1,Equipment problem,In Progres,OUTAGE,Single Customer,PON,NORMAL,42.71358,-83.62997
SW26022800271,2026-02-28T23:44:42Z,2026-02-28T23:57:10Z,2,2026-02-28T23:04:39Z,2026-03-01T03:50:00Z,2,2,Determined upon crew arrival,In Progres,OUTAGE,Service Transformer,ANN,NORMAL,42.18334,-83.54325
