job_id,first_seen,last_seen,snapshots,off_time,est_restore,customers_max,customers_last,cause,event_status,incident_type,device_type,service_center,storm_mode,lat,lon
NE25123100806,2026-01-01T01:58:48Z,2026-01-01T09:33:17Z,12,2025-12-31T23:42:56Z,2026-01-01T16:15:00Z,1,1,Equipment problem,In Progres,OUTAGE,Single Customer,MAR,NORMAL,42.95932,-82.6944
NE25123100810,2026-01-01T01:58:48Z,2026-01-01T09:53:28Z,13,2025-12-31T19:01:54Z,2026-01-01T16:20:00Z,1,1,Determined upon crew arrival,In Progres,SERVICE DOWN NO,,MAR,NORMAL,42.97838,-82.66428
NE25123100841,2026-01-01T01:58:48Z,2026-01-01T01:58:48Z,1,2026-01-01T01:04:27Z,2026-01-01T05:35:00Z,1,1,Determined upon crew arrival,New,SERVICE DOWN NO,,MTC,NORMAL,42.46748,-82.96184
NW25123100815,2026-01-01T01:58:48Z,2026-01-01T12:45:40Z,19,2026-01-01T00:04:06Z,2026-01-01T16:35:00Z,1,1,Equipment problem,In Progres,OUTAGE,Single Customer,PON,NORMAL,42.62348,-83.29144
NW25123100833,2026-01-01T01:58:48Z,2026-01-01T01:58:48Z,1,2026-01-01T00:35:37Z,2026-01-01T05:05:00Z,1,1,Determined upon crew arrival,In Progres,OUTAGE,Single Customer,PON,NORMAL,42.63348,-83.31856
SE25123100821,2026-01-01T01:58:48Z,2026-01-01T01:58:48Z,1,2026-01-01T00:19:19Z,2026-01-01T04:50:00Z,1,1,Public Interference w/DTE equip,In Progres,OUTAGE,Single Customer,RFD,NORMAL,42.36206,-83.23527
SE25123100831,2026-01-01T01:58:48Z,2026-01-01T03:55:25Z,2,2026-01-01T00:34:29Z,2026-01-01T05:05:00Z,11,11,Determined upon crew arrival,In Progres,OUTAGE,Service Transformer,CAN,NORMAL,42.44046,-82.97311
SE25123100834,2026-01-01T01:58:48Z,2026-01-01T17:20:38Z,30,2026-01-01T00:29:57Z,2026-01-02T05:05:00Z,1,1,Determined upon crew arrival,In Progres,OUTAGE,Single Customer,CAN,NORMAL,42.38535,-83.10962
SE25123100835,2026-01-01T01:58:48Z,2026-01-01T03:55:25Z,2,2026-01-01T00:34:25Z,2026-01-01T05:10:00Z,10,10,Determined upon crew arrival,In Progres,OUTAGE,Service Transformer,CAN,NORMAL,42.44129,-82.97261
SE25123100838,2026-01-01T01:58:48Z,2026-01-01T21:20:04Z,39,2026-01-01T00:52:33Z,2026-01-02T05:25:00Z,1,1,Equipment problem,In Progres,OUTAGE,Single Customer,CAN,NORMAL,42.41551,-82.94753
SE25123100840,2026-01-01T01:58:48Z,2026-01-02T19:38:47Z,82,2026-01-01T01:04:26Z,2026-01-02T21:35:00Z,1,1,Determined upon crew arrival,In Progres,PRIORITY,,RFD,NORMAL,42.28459,-83.12851
SW25123100802,2026-01-01T01:58:48Z,2026-01-01T16:28:11Z,28,2025-12-31T19:11:11Z,2026-01-02T04:10:00Z,1,1,Equipment problem,In Progres,OUTAGE,Single Customer,ANN,NORMAL,42.10208,-83.72779
NE25123100851,2026-01-01T03:55:25Z,2026-01-01T14:54:56Z,23,2026-01-01T01:38:06Z,2026-01-01T18:20:00Z,1,1,Equipment problem,In Progres,OUTAGE,Single Customer,MAR,NORMAL,42.99909,-82.44036
SE25123101007,2026-01-01T03:55:25Z,2026-01-01T20:45:34Z,37,2026-01-01T02:32:41Z,2026-01-02T07:10:00Z,1,1,Determined upon crew arrival,In Progres,OUTAGE,Single Customer,RFD,NORMAL,42.35195,-83.2399
SE25123101022,2026-01-01T03:55:25Z,2026-01-01T03:55:25Z,1,2026-01-01T03:25:42Z,2026-01-01T07:55:00Z,1,1,Determined upon crew arrival,New,OUTAGE,Single Customer,RFD,NORMAL,42.42452,-83.28061
SW25123100875,2026-01-01T03:55:25Z,2026-01-01T07:51:55Z,8,2026-01-01T02:01:09Z,2026-01-01T18:55:00Z,1,1,Determined upon crew arrival,In Progres,OUTAGE,Single Customer,WWS,NORMAL,42.29133,-83.37823
SW25123100952,2026-01-01T03:55:25Z,2026-01-01T03:55:25Z,1,2026-01-01T02:31:22Z,2026-01-01T07:00:00Z,1,1,Determined upon crew arrival,New,OUTAGE,Single Customer,NPT,NORMAL,42.00002,-83.26796
SW25123100982,2026-01-01T03:55:25Z,2026-01-01T03:55:25Z,1,2026-01-01T02:33:42Z,2026-01-01T07:05:00Z,1,1,Determined upon crew arrival,New,OUTAGE,Single Customer,NPT,NORMAL,42.00387,-83.27231
SE25123101027,2026-01-01T04:49:42Z,2026-01-01T10:24:02Z,12,2026-01-01T03:03:32Z,2026-01-01T20:25:00Z,1,1,Determined upon crew arrival,In Progres,OUTAGE,Single Customer,RFD,NORMAL,42.39721,-83.17393
SE25123101031,2026-01-01T04:49:42Z,2026-01-01T11:51:09Z,16,2026-01-01T03:21:24Z,2026-01-01T20:35:00Z,1,1,Determined upon crew arrival,In Progres,OUTAGE,Single Customer,RFD,NORMAL,42.22126,-83.19879
SE25123101036,2026-01-01T04:49:42Z,2026-01-01T15:54:47Z,25,2026-01-01T04:28:25Z,2026-01-01T21:00:00Z,1,1,Determined upon crew arrival,In Progres,OUTAGE,Single Customer,CAN,NORMAL,42.35968,-83.13218
SE26010100002,2026-01-01T05:28:37Z,2026-01-01T08:30:54Z,7,2026-01-01T05:03:21Z,2026-01-01T09:35:00Z,1036,1036,Equipment problem,In Progres,OUTAGE,Device (II),RFD,NORMAL,42.41929,-83.21058
SE26010100006,2026-01-01T05:28:37Z,2026-01-01T09:53:28Z,10,2026-01-01T05:09:45Z,2026-01-01T13:40:00Z,1929,1929,Equipment problem,In Progres,OUTAGE,Device (I),RFD,NORMAL,42.39655,-83.19568
SE26010100007,2026-01-01T05:28:37Z,2026-01-01T05:28:37Z,1,2026-01-01T05:12:19Z,,1333,1333,Determined upon crew arrival,New,OUTAGE,Device (I),RFD,NORMAL,42.39654,-83.1888
SE26010100008,2026-01-01T05:28:37Z,2026-01-01T05:28:37Z,1,2026-01-01T05:12:25Z,,1,1,Determined upon crew arrival,New,OUTAGE,Single Customer,RFD,NORMAL,42.41981,-83.22425
SE26010100030,2026-01-01T05:28:37Z,2026-01-01T05:28:37Z,1,2026-01-01T05:13:27Z,,1,1,Determined upon crew arrival,New,OUTAGE,Single Customer,RFD,NORMAL,42.39444,-83.18563
SE26010100043,2026-01-01T05:28:37Z,2026-01-01T05:28:37Z,1,2026-01-01T05:14:56Z,,1,1,Determined upon crew arrival,New,OUTAGE,Single Customer,RFD,NORMAL,42.41974,-83.22865
SE26010100049,2026-01-01T05:51:24Z,2026-01-01T05:51:24Z,1,2026-01-01T05:16:21Z,2026-01-01T09:45:00Z,1,1,Determined upon crew arrival,New,OUTAGE,Single Customer,RFD,NORMAL,42.38122,-83.16783
SE26010100051,2026-01-01T05:51:24Z,2026-01-01T21:52:09Z,37,2026-01-01T05:11:39Z,2026-01-01T21:45:00Z,1,1,Equipment problem,In Progres,OUTAGE,Single Customer,RFD,NORMAL,42.34598,-83.21893
SE26010100053,2026-01-01T05:51:24Z,2026-01-01T17:42:54Z,27,2026-01-01T05:18:01Z,2026-01-01T17:50:00Z,1,1,Determined upon crew arrival,In Progres,PRIORITY,,RFD,NORMAL,42.41043,-83.18983
SE26010100056,2026-01-01T05:51:24Z,2026-01-01T19:23:54Z,30,2026-01-01T05:22:07Z,2026-01-01T21:50:00Z,1,1,Equipment problem,In Progres,OUTAGE,Single Customer,RFD,NORMAL,42.3433,-83.26161
SE26010100057,2026-01-01T05:51:24Z,2026-01-01T05:51:24Z,1,2026-01-01T05:06:32Z,2026-01-01T09:50:00Z,247,247,Determined upon crew arrival,New,OUTAGE,Device (I),RFD,NORMAL,42.40775,-83.225
SE26010100061,2026-01-01T05:51:24Z,2026-01-01T05:51:24Z,1,2026-01-01T05:09:00Z,2026-01-01T09:55:00Z,2,2,Determined upon crew arrival,New,OUTAGE,Service Secondary,RFD,NORMAL,42.41686,-83.21932
SE26010100063,2026-01-01T05:51:24Z,2026-01-01T05:51:24Z,1,2026-01-01T05:09:01Z,2026-01-01T09:55:00Z,19,19,Determined upon crew arrival,New,OUTAGE,Service Transformer,RFD,NORMAL,42.41618,-83.21928
SE26010100066,2026-01-01T05:51:24Z,2026-01-01T05:51:24Z,1,2026-01-01T05:09:02Z,2026-01-01T09:55:00Z,7,7,Determined upon crew arrival,New,OUTAGE,Device (I),RFD,NORMAL,42.41549,-83.20503
SE26010100071,2026-01-01T05:51:24Z,2026-01-01T05:51:24Z,1,2026-01-01T05:11:13Z,2026-01-01T09:55:00Z,1,1,Determined upon crew arrival,New,OUTAGE,Single Customer,RFD,NORMAL,42.39259,-83.18784
SE26010100075,2026-01-01T05:51:24Z,2026-01-01T05:51:24Z,1,2026-01-01T05:11:13Z,2026-01-01T09:55:00Z,2,2,Determined upon crew arrival,New,OUTAGE,Service Secondary,RFD,NORMAL,42.39441,-83.18363
SE26010100079,2026-01-01T05:51:24Z,2026-01-01T07:01:12Z,3,2026-01-01T05:28:36Z,2026-01-01T10:00:00Z,1,1,Determined upon crew arrival,PC3 Verifi,OUTAGE,Single Customer,RFD,NORMAL,42.42384,-83.20302
NE26010100092,2026-01-01T06:35:23Z,2026-01-01T15:54:47Z,22,2026-01-01T06:00:28Z,2026-01-01T22:30:00Z,1,1,Determined upon crew arrival,In Progres,OUTAGE,Single Customer,MTC,NORMAL,42.46371,-82.93562
SE26010100086,2026-01-01T06:35:23Z,2026-01-01T15:22:45Z,20,2026-01-01T05:44:44Z,2026-01-01T22:15:00Z,1,1,Energy theft,In Progres,OUTAGE,Single Customer,CAN,NORMAL,42.39753,-83.01008
SE26010100087,2026-01-01T06:35:23Z,2026-01-01T23:52:40Z,42,2026-01-01T05:49:02Z,2026-01-02T10:20:00Z,1,1,Public Interference w/DTE equip,In Progres,OUTAGE,Single Customer,CAN,NORMAL,42.40609,-82.95011
SE26010100090,2026-01-01T06:35:23Z,2026-01-01T20:25:33Z,32,2026-01-01T05:58:40Z,2026-01-01T22:30:00Z,1,1,Equipment problem,In Progres,OUTAGE,Single Customer,RFD,NORMAL,42.36637,-83.2697
SE26010100091,2026-01-01T06:35:23Z,2026-01-01T07:01:12Z,2,2026-01-01T05:59:26Z,2026-01-01T10:30:00Z,1,1,Determined upon crew arrival,PC3 Verifi,OUTAGE,Single Customer,RFD,NORMAL,42.41974,-83.22865
SE26010100094,2026-01-01T06:35:23Z,2026-01-01T07:01:12Z,2,2026-01-01T06:14:13Z,2026-01-01T10:45:00Z,1,1,Determined upon crew arrival,New,OUTAGE,Single Customer,RFD,NORMAL,42.41949,-83.23099
SE26010100095,2026-01-01T06:35:23Z,2026-01-01T07:01:12Z,2,2026-01-01T06:16:48Z,2026-01-01T10:45:00Z,1,1,Determined upon crew arrival,New,OUTAGE,Single Customer,RFD,NORMAL,42.41981,-83.22425
SE26010100096,2026-01-01T06:35:23Z,2026-01-01T07:01:12Z,2,2026-01-01T01:53:25Z,2026-01-01T10:50:00Z,1,1,Determined upon crew arrival,New,OUTAGE,Single Customer,CAN,NORMAL,42.38695,-83.1108
SE26010100099,2026-01-01T07:01:12Z,2026-01-01T21:20:04Z,33,2026-01-01T06:31:30Z,2026-01-01T23:00:00Z,1,1,Determined upon crew arrival,In Progres,SERVICE DOWN NO,,RFD,NORMAL,42.43625,-83.28682
SE26010100100,2026-01-01T07:01:12Z,2026-01-01T11:19:20Z,10,2026-01-01T06:40:09Z,2026-01-01T11:10:00Z,1,1,Problem with the customer equip,In Progres,PRIORITY,,CAN,NORMAL,42.34535,-83.11004
NW26010100105,2026-01-01T07:34:38Z,2026-01-01T11:19:20Z,9,2026-01-01T07:12:01Z,2026-01-01T11:45:00Z,1,1,Equipment problem,In Progres,OUTAGE,Single Customer,HWL,NORMAL,42.56677,-84.00883
SE26010100106,2026-01-01T07:51:55Z,2026-01-01T14:54:56Z,16,2025-12-31T16:33:56Z,2026-01-02T00:05:00Z,1,1,Determined upon crew arrival,New,OUTAGE,Single Customer,RFD,NORMAL,42.35634,-83.1523
SE26010100108,2026-01-01T07:51:55Z,2026-01-01T07:51:55Z,1,2026-01-01T07:35:45Z,2026-01-01T12:05:00Z,1,1,Determined upon crew arrival,New,OUTAGE,Single Customer,RFD,NORMAL,42.41618,-83.21928
SW26010100110,2026-01-01T07:51:55Z,2026-01-01T07:51:55Z,1,2026-01-01T07:27:05Z,2026-01-01T12:10:00Z,1,1,Determined upon crew arrival,New,OUTAGE,Single Customer,NPT,NORMAL,42.05989,-83.39824
SE26010100120,2026-01-01T08:58:44Z,2026-01-01T23:42:03Z,36,2026-01-01T08:44:23Z,2026-01-02T01:15:00Z,1,1,Determined upon crew arrival,In Progres,OUTAGE,Single Customer,RFD,NORMAL,42.42861,-83.17229
SE26010100129,2026-01-01T09:53:28Z,2026-01-01T09:53:28Z,1,2026-01-01T09:27:27Z,,1,1,Determined upon crew arrival,New,OUTAGE,Single Customer,RFD,NORMAL,42.39775,-83.17823
SE26010100130,2026-01-01T09:53:28Z,2026-01-01T09:53:28Z,1,2026-01-01T09:27:27Z,,1,1,Determined upon crew arrival,New,OUTAGE,Single Customer,RFD,NORMAL,42.39259,-83.18784
SE26010100131,2026-01-01T09:53:28Z,2026-01-01T09:53:28Z,1,2026-01-01T09:27:28Z,,1,1,Determined upon crew arrival,New,OUTAGE,Single Customer,RFD,NORMAL,42.39505,-83.19864
SE26010100132,2026-01-01T09:53:28Z,2026-01-01T09:53:28Z,1,2026-01-01T09:27:38Z,,1,1,Determined upon crew arrival,New,OUTAGE,Single Customer,RFD,NORMAL,42.40075,-83.19933
SE26010100138,2026-01-01T10:47:15Z,2026-01-01T17:20:38Z,16,2026-01-01T10:15:44Z,2026-01-02T02:45:00Z,1,1,Equipment problem,In Progres,OUTAGE,Single Customer,CAN,NORMAL,42.41637,-83.12094
SE26010100143,2026-01-01T11:19:20Z,2026-01-01T11:51:09Z,3,2026-01-01T05:11:13Z,2026-01-01T15:00:00Z,1,1,Determined upon crew arrival,New,OUTAGE,Single Customer,RFD,NORMAL,42.39188,-83.18992
SW26010100145,2026-01-01T11:19:20Z,2026-01-01T11:19:20Z,1,2026-01-01T10:43:21Z,2026-01-01T15:15:00Z,1,1,Determined upon crew arrival,New,OUTAGE,Single Customer,WWS,NORMAL,42.37575,-83.46059
SE26010100152,2026-01-01T11:51:09Z,2026-01-01T15:22:45Z,8,2025-12-31T21:17:41Z,2026-01-01T16:05:00Z,1,1,Determined upon crew arrival,New,OUTAGE,Single Customer,RFD,NORMAL,42.35457,-83.29018
SE26010100153,2026-01-01T12:45:40Z,2026-01-01T16:28:11Z,10,2026-01-01T01:22:19Z,2026-01-01T16:30:00Z,2,2,Equipment problem,In Progres,OUTAGE,Service Secondary,RFD,NORMAL,42.29472,-83.11632
SW26010100157,2026-01-01T13:33:59Z,2026-01-01T16:53:03Z,10,2026-01-01T12:51:35Z,2026-01-01T17:20:00Z,1,1,Equipment problem,In Progres,OUTAGE,Single Customer,WWS,NORMAL,42.29185,-83.36084
SE26010100172,2026-01-01T14:21:09Z,2026-01-01T15:43:19Z,5,2026-01-01T13:53:49Z,2026-01-01T18:25:00Z,1,1,Determined upon crew arrival,New,OUTAGE,Single Customer,RFD,NORMAL,42.40125,-83.18817
SE26010100176,2026-01-01T14:21:09Z,2026-01-01T18:31:57Z,11,2026-01-01T05:09:01Z,2026-01-01T18:40:00Z,1,1,Determined upon crew arrival,In Progres,OUTAGE,Single Customer,RFD,NORMAL,42.42245,-83.20534
SE26010100187,2026-01-01T14:54:56Z,2026-01-01T14:54:56Z,1,2026-01-01T14:43:01Z,,1,1,Determined upon crew arrival,New,OUTAGE,Single Customer,RFD,NORMAL,42.3966,-83.18565
SW26010100184,2026-01-01T14:54:56Z,2026-01-01T16:53:03Z,6,2026-01-01T14:35:29Z,2026-01-01T19:05:00Z,37,37,Equipment problem,In Progres,OUTAGE,Device (II),WWS,NORMAL,42.22229,-83.27053
SW26010100185,2026-01-01T14:54:56Z,2026-01-01T14:54:56Z,1,2026-01-01T14:38:37Z,2026-01-01T19:10:00Z,1,1,Determined upon crew arrival,New,OUTAGE,Single Customer,WWS,NORMAL,42.22379,-83.27104
SW26010100186,2026-01-01T14:54:56Z,2026-01-01T14:54:56Z,1,2026-01-01T14:41:35Z,2026-01-01T19:10:00Z,1,1,Determined upon crew arrival,New,OUTAGE,Single Customer,WWS,NORMAL,42.22272,-83.272
NE26010100207,2026-01-01T15:22:45Z,2026-01-01T16:28:11Z,4,2026-01-01T15:11:26Z,2026-01-01T19:45:00Z,17,17,Determined upon crew arrival,In Progres,OUTAGE,Device (I),LAP,NORMAL,42.9264,-83.34982
NE26010100208,2026-01-01T15:22:45Z,2026-01-01T15:22:45Z,1,2026-01-01T15:14:04Z,,1,1,Determined upon crew arrival,New,OUTAGE,Single Customer,LAP,NORMAL,42.9253,-83.35065
NE26010100209,2026-01-01T15:22:45Z,2026-01-01T16:28:11Z,4,2026-01-01T15:11:42Z,2026-01-01T19:45:00Z,1,1,Determined upon crew arrival,In Progres,OUTAGE,Single Customer,LAP,NORMAL,42.92371,-83.36148
NE26010100211,2026-01-01T15:22:45Z,2026-01-01T16:28:11Z,4,2026-01-01T15:11:45Z,2026-01-01T19:45:00Z,1,1,Determined upon crew arrival,PC3 Verifi,OUTAGE,Single Customer,LAP,NORMAL,42.92305,-83.36654
NW26010100206,2026-01-01T15:22:45Z,2026-01-01T22:21:13Z,18,2025-12-31T00:15:45Z,2026-01-02T07:40:00Z,1,1,Equipment problem,In Progres,OUTAGE,Single Customer,PON,NORMAL,42.57212,-83.4019
SE26010100197,2026-01-01T15:22:45Z,2026-01-01T21:52:09Z,17,2026-01-01T14:53:49Z,2026-01-01T23:25:00Z,2,2,Equipment problem,In Progres,OUTAGE,Service Secondary,CAN,NORMAL,42.42978,-82.98909
SE26010100198,2026-01-01T15:22:45Z,2026-01-01T19:50:57Z,12,2026-01-01T14:08:36Z,2026-01-02T07:25:00Z,1,1,Determined upon crew arrival,New,OUTAGE,Single Customer,RFD,NORMAL,42.31261,-83.12517
SW26010100194,2026-01-01T15:22:45Z,2026-01-01T15:22:45Z,1,2026-01-01T14:49:22Z,2026-01-01T19:25:00Z,23,23,Determined upon crew arrival,In Progres,OUTAGE,Device (I),ANN,NORMAL,42.37605,-83.92704
NE26010100214,2026-01-01T15:43:19Z,2026-01-01T16:28:11Z,3,2026-01-01T15:11:45Z,2026-01-01T19:45:00Z,3,3,Determined upon crew arrival,New,OUTAGE,Service Transformer,LAP,NORMAL,42.92712,-83.3669
NE26010100215,2026-01-01T15:43:19Z,2026-01-01T16:28:11Z,3,2026-01-01T15:11:45Z,2026-01-01T19:45:00Z,1,1,Determined upon crew arrival,PC3 Verifi,OUTAGE,Single Customer,LAP,NORMAL,42.92399,-83.35716
NE26010100217,2026-01-01T15:43:19Z,2026-01-01T16:28:11Z,3,2026-01-01T15:11:45Z,2026-01-01T19:50:00Z,1,1,Determined upon crew arrival,PC3 Verifi,OUTAGE,Single Customer,LAP,NORMAL,42.92444,-83.35969
NE26010100218,2026-01-01T15:43:19Z,2026-01-01T16:28:11Z,3,2026-01-01T15:11:45Z,2026-01-01T19:50:00Z,1,1,Determined upon crew arrival,PC3 Verifi,OUTAGE,Single Customer,LAP,NORMAL,42.92364,-83.35781
NE26010100219,2026-01-01T15:43:19Z,2026-01-01T15:43:19Z,1,2026-01-01T15:11:45Z,2026-01-01T19:50:00Z,1,1,Determined upon crew arrival,New,OUTAGE,Single Customer,LAP,NORMAL,42.9279,-83.36896
NE26010100224,2026-01-01T15:43:19Z,2026-01-01T16:28:11Z,3,2026-01-01T15:25:36Z,2026-01-01T19:55:00Z,1,1,Determined upon crew arrival,PC3 Verifi,OUTAGE,Single Customer,LAP,NORMAL,42.92073,-83.35769
NE26010100225,2026-01-01T15:43:19Z,2026-01-01T15:43:19Z,1,2026-01-01T15:11:45Z,2026-01-01T19:55:00Z,1,1,Determined upon crew arrival,New,OUTAGE,Single Customer,LAP,NORMAL,42.92282,-83.36495
SE26010100216,2026-01-01T15:43:19Z,2026-01-01T15:43:19Z,1,2026-01-01T15:18:05Z,2026-01-01T19:50:00Z,1,1,Determined upon crew arrival,New,OUTAGE,Single Customer,RFD,NORMAL,42.42211,-83.20428
SW26010100221,2026-01-01T15:43:19Z,2026-01-01T18:31:57Z,7,2026-01-01T15:21:20Z,2026-01-01T19:50:00Z,1,1,Equipment problem,In Progres,OUTAGE,Single Customer,NPT,NORMAL,42.1622,-83.19295
NE26010100231,2026-01-01T15:54:47Z,2026-01-01T16:28:11Z,2,2026-01-01T15:42:22Z,2026-01-01T20:10:00Z,1,1,Determined upon crew arrival,PC3 Verifi,OUTAGE,Single Customer,LAP,NORMAL,42.92311,-83.36202
NE26010100237,2026-01-01T16:28:11Z,2026-01-01T16:28:11Z,1,2026-01-01T15:53:29Z,2026-01-01T20:25:00Z,1,1,Determined upon crew arrival,PC3 Verifi,OUTAGE,Single Customer,LAP,NORMAL,42.92348,-83.36562
NE26010100241,2026-01-01T16:28:11Z,2026-01-01T16:28:11Z,1,2026-01-01T16:02:24Z,2026-01-01T20:35:00Z,1,1,Determined upon crew arrival,PC3 Verifi,OUTAGE,Single Customer,LAP,NORMAL,42.92422,-83.36486
NE26010100242,2026-01-01T16:28:11Z,2026-01-01T16:28:11Z,1,2026-01-01T16:03:32Z,2026-01-01T20:35:00Z,1,1,Determined upon crew arrival,PC3 Verifi,OUTAGE,Single Customer,LAP,NORMAL,42.93462,-83.35873
SE26010100240,2026-01-01T16:28:11Z,2026-01-01T20:45:34Z,11,2025-12-31T21:17:41Z,2026-01-01T20:30:00Z,2,2,Equipment problem,In Progres,OUTAGE,Service Secondary,RFD,NORMAL,42.35457,-83.29018
SE26010100243,2026-01-01T16:28:11Z,2026-01-01T23:22:16Z,18,2026-01-01T16:05:32Z,2026-01-02T00:35:00Z,7,7,Equipment problem,In Progres,OUTAGE,Service Transformer,CAN,NORMAL,42.39837,-83.10247
NE26010100250,2026-01-01T16:53:03Z,2026-01-01T22:55:35Z,16,2026-01-01T16:33:55Z,2026-01-02T09:05:00Z,1,1,Determined upon crew arrival,In Progres,OUTAGE,Single Customer,LAP,NORMAL,42.86101,-83.2099
SE26010100257,2026-01-01T16:53:03Z,2026-01-01T23:52:40Z,19,2026-01-01T13:30:47Z,2026-01-02T09:15:00Z,1,1,Determined upon crew arrival,In Progres,OUTAGE,Single Customer,RFD,NORMAL,42.51426,-83.11995
NE26010100266,2026-01-01T17:20:38Z,2026-01-01T17:20:38Z,1,2026-01-01T16:56:41Z,2026-01-01T21:25:00Z,1,1,Determined upon crew arrival,New,OUTAGE,Single Customer,MAR,NORMAL,42.95901,-82.43104
NW26010100269,2026-01-01T17:20:38Z,2026-01-01T20:25:33Z,8,2026-01-01T17:00:54Z,2026-01-01T21:30:00Z,1,1,Determined upon crew arrival,In Progres,OUTAGE,Single Customer,HWL,NORMAL,42.52516,-83.78205
SE26010100268,2026-01-01T17:20:38Z,2026-01-01T23:52:40Z,18,2026-01-01T16:59:39Z,2026-01-02T09:30:00Z,1,1,Determined upon crew arrival,In Progres,OUTAGE,Single Customer,CAN,NORMAL,42.43223,-83.08581
SE26010100270,2026-01-01T17:20:38Z,2026-01-01T22:44:39Z,14,2026-01-01T17:02:17Z,2026-01-02T09:30:00Z,1,1,Determined upon crew arrival,In Progres,OUTAGE,Single Customer,RFD,NORMAL,42.34977,-83.23618
SW26010100263,2026-01-01T17:20:38Z,2026-01-01T17:20:38Z,1,2026-01-01T16:47:32Z,2026-01-01T21:25:00Z,7,7,Determined upon crew arrival,In Progres,OUTAGE,Service Transformer,WWS,NORMAL,42.21158,-83.48477
NE26010100275,2026-01-01T17:42:54Z,2026-01-01T20:45:34Z,8,2026-01-01T17:20:23Z,2026-01-01T21:50:00Z,1,1,Equipment problem,In Progres,OUTAGE,Single Customer,MTC,NORMAL,42.46337,-82.9297
SW26010100276,2026-01-01T17:42:54Z,2026-01-01T17:42:54Z,1,2026-01-01T17:23:56Z,2026-01-01T21:55:00Z,1,1,Determined upon crew arrival,New,OUTAGE,Single Customer,ANN,NORMAL,42.37945,-83.92514
NW26010100283,2026-01-01T18:31:57Z,2026-01-01T22:21:13Z,11,2026-01-01T17:50:18Z,2026-01-01T22:20:00Z,1,1,Equipment problem,In Progres,OUTAGE,Single Customer,PON,NORMAL,42.766,-83.23322
SE26010100284,2026-01-01T18:31:57Z,2026-01-01T23:52:40Z,16,2026-01-01T17:51:11Z,2026-01-02T10:20:00Z,1,1,Determined upon crew arrival,In Progres,OUTAGE,Single Customer,CAN,NORMAL,42.40968,-82.96171
SE26010100288,2026-01-01T18:31:57Z,2026-01-01T18:31:57Z,1,2026-01-01T17:41:58Z,,1,1,Determined upon crew arrival,New,OUTAGE,Single Customer,RFD,NORMAL,42.35904,-83.27069
NE26010100291,2026-01-01T18:58:05Z,2026-01-01T21:20:04Z,7,2026-01-01T18:10:49Z,2026-01-01T22:40:00Z,1,1,Public Interference w/DTE equip,In Progres,SERVICE DOWN NO,,MTC,NORMAL,42.63371,-82.94204
NW26010100300,2026-01-01T18:58:05Z,2026-01-01T18:58:05Z,1,2026-01-01T18:28:24Z,2026-01-01T23:00:00Z,1,1,Determined upon crew arrival,New,OUTAGE,Single Customer,HWL,NORMAL,42.54958,-84.22148
SE26010100297,2026-01-01T18:58:05Z,2026-01-01T23:52:40Z,15,2026-01-01T17:35:10Z,2026-01-02T10:50:00Z,1,1,Determined upon crew arrival,In Progres,SERVICE DOWN NO,,RFD,NORMAL,42.39194,-83.18783
SW26010100293,2026-01-01T18:58:05Z,2026-01-01T19:50:57Z,4,2026-01-01T17:56:32Z,2026-01-01T22:45:00Z,1,1,Determined upon crew arrival,In Progres,OUTAGE,Single Customer,ANN,NORMAL,42.21511,-83.55526
SW26010100304,2026-01-01T18:58:05Z,2026-01-01T20:45:34Z,6,2025-12-31T23:30:01Z,2026-01-01T23:10:00Z,1,1,Problem with the customer equip,In Progres,OUTAGE,Single Customer,WWS,NORMAL,42.39056,-83.39181
SW26010100306,2026-01-01T18:58:05Z,2026-01-01T22:21:13Z,10,2026-01-01T18:43:07Z,2026-01-01T23:15:00Z,1,1,Equipment problem,In Progres,OUTAGE,Single Customer,WWS,NORMAL,42.41193,-83.40059
SE26010100309,2026-01-01T19:23:54Z,2026-01-01T23:52:40Z,14,2026-01-01T04:38:24Z,2026-01-02T11:15:00Z,1,1,Equipment problem,In Progres,OUTAGE,Single Customer,RFD,NORMAL,42.19985,-83.20262
SE26010100319,2026-01-01T19:23:54Z,2026-01-01T19:23:54Z,1,2026-01-01T19:14:37Z,,1,1,Determined upon crew arrival,New,OUTAGE,Single Customer,CAN,NORMAL,42.41,-82.9834
SW26010100317,2026-01-01T19:23:54Z,2026-01-01T19:23:54Z,1,2026-01-01T19:13:10Z,,1,1,Determined upon crew arrival,New,OUTAGE,Single Customer,WWS,NORMAL,42.3505,-83.38832
SW26010100320,2026-01-01T19:38:36Z,2026-01-02T10:46:01Z,29,2026-01-01T19:18:55Z,2026-01-02T11:50:00Z,1,1,Problem with the customer equip,In Progres,PRIORITY,,WWS,NORMAL,42.32539,-83.4535
SW26010100325,2026-01-01T19:38:36Z,2026-01-01T21:20:04Z,5,2026-01-01T19:25:17Z,2026-01-02T00:00:00Z,1,1,Determined upon crew arrival,In Progres,OUTAGE,Single Customer,WWS,NORMAL,42.3505,-83.38832
SW26010100327,2026-01-01T19:50:57Z,2026-01-01T23:22:16Z,10,2026-01-01T19:39:40Z,2026-01-02T00:10:00Z,1,1,Equipment problem,In Progres,OUTAGE,Single Customer,WWS,NORMAL,42.41087,-83.46593
SE26010100337,2026-01-01T20:45:34Z,2026-01-02T06:36:30Z,17,2026-01-01T20:15:30Z,2026-01-02T12:45:00Z,1,1,Equipment problem,In Progres,OUTAGE,Single Customer,CAN,NORMAL,42.3958,-82.93853
SE26010100344,2026-01-01T20:45:34Z,2026-01-02T07:51:57Z,20,2026-01-01T14:24:58Z,2026-01-02T13:00:00Z,1,1,Equipment problem,In Progres,OUTAGE,Single Customer,RFD,NORMAL,42.32739,-83.13541
SW26010100339,2026-01-01T20:45:34Z,2026-01-01T23:52:40Z,10,2026-01-01T20:20:28Z,2026-01-02T00:50:00Z,1,1,Equipment problem,In Progres,OUTAGE,Single Customer,WWS,NORMAL,42.36326,-83.46666
SW26010100341,2026-01-01T20:45:34Z,2026-01-01T22:55:35Z,7,2026-01-01T20:22:55Z,2026-01-02T00:55:00Z,1,1,Equipment problem,In Progres,OUTAGE,Single Customer,WWS,NORMAL,42.29133,-83.37823
SW26010100342,2026-01-01T20:45:34Z,2026-01-01T21:52:09Z,4,2026-01-01T20:23:08Z,2026-01-02T00:55:00Z,1,1,Determined upon crew arrival,In Progres,OUTAGE,Single Customer,ANN,NORMAL,42.33826,-83.54851
NW26010100356,2026-01-01T21:20:04Z,2026-01-01T21:52:09Z,3,2026-01-01T20:56:56Z,2026-01-02T01:40:00Z,1,1,Determined upon crew arrival,In Progres,OUTAGE,Single Customer,PON,NORMAL,42.65096,-83.49922
SE26010100346,2026-01-01T21:20:04Z,2026-01-02T01:49:50Z,10,2026-01-01T20:25:36Z,2026-01-02T13:05:00Z,1,1,Equipment problem,In Progres,OUTAGE,Single Customer,RFD,NORMAL,42.47352,-83.15984
SE26010100347,2026-01-01T21:20:04Z,2026-01-01T23:52:40Z,9,2026-01-01T20:40:17Z,2026-01-02T01:10:00Z,1,1,Determined upon crew arrival,In Progres,OUTAGE,Single Customer,RFD,NORMAL,42.51061,-83.11437
SE26010100349,2026-01-01T21:20:04Z,2026-01-01T23:52:40Z,9,2026-01-01T20:47:13Z,2026-01-02T01:15:00Z,1,1,Determined upon crew arrival,In Progres,OUTAGE,Single Customer,RFD,NORMAL,42.40303,-83.23431
SE26010100350,2026-01-01T21:20:04Z,2026-01-01T21:20:04Z,1,2026-01-01T20:49:45Z,2026-01-02T01:20:00Z,1,1,Determined upon crew arrival,In Progres,OUTAGE,Single Customer,CAN,NORMAL,42.38871,-83.08677
NE26010100361,2026-01-01T21:41:00Z,2026-01-01T22:21:13Z,3,2026-01-01T20:06:41Z,2026-01-02T02:00:00Z,7,7,Determined upon crew arrival,In Progres,OUTAGE,Service Transformer,NAE,NORMAL,43.32916,-83.08577
SE26010100364,2026-01-01T21:52:09Z,2026-01-02T10:46:01Z,23,2026-01-01T21:41:43Z,2026-01-02T14:10:00Z,1,1,Equipment problem,In Progres,OUTAGE,Single Customer,RFD,NORMAL,42.39968,-83.19928
NW26010100365,2026-01-01T22:21:13Z,2026-01-02T01:49:50Z,7,2026-01-01T21:47:25Z,2026-01-02T02:15:00Z,1,1,Equipment problem,In Progres,OUTAGE,Single Customer,SBY,NORMAL,42.59368,-83.06687
NW26010100368,2026-01-01T22:21:13Z,2026-01-01T23:52:40Z,6,2026-01-01T21:44:24Z,2026-01-02T02:20:00Z,133,133,Equipment problem,In Progres,OUTAGE,Device (I),SBY,NORMAL,42.61685,-82.98938
SE26010100371,2026-01-01T22:21:13Z,2026-01-02T01:49:50Z,7,2026-01-01T18:51:52Z,2026-01-02T02:20:00Z,2,2,Equipment problem,In Progres,OUTAGE,Service Secondary,CAN,NORMAL,42.3682,-83.11511
SW26010100374,2026-01-01T22:21:13Z,2026-01-01T23:22:16Z,4,2026-01-01T21:52:41Z,2026-01-02T02:25:00Z,1,1,Determined upon crew arrival,In Progres,OUTAGE,Single Customer,WWS,NORMAL,42.18811,-83.30057
NE26010100385,2026-01-01T22:44:39Z,2026-01-02T01:49:50Z,6,2026-01-01T15:40:49Z,2026-01-02T02:55:00Z,1,1,Determined upon crew arrival,In Progres,OUTAGE,Single Customer,MTC,NORMAL,42.60589,-82.88431
NE26010100388,2026-01-01T22:44:39Z,2026-01-01T22:55:35Z,2,2026-01-01T22:27:51Z,2026-01-02T03:00:00Z,67,67,Determined upon crew arrival,In Progres,OUTAGE,Device (II),LAP,NORMAL,43.22462,-83.29631
NE26010100389,2026-01-01T22:44:39Z,2026-01-01T22:44:39Z,1,2026-01-01T22:27:55Z,,2,2,Determined upon crew arrival,New,OUTAGE,Service Transformer,LAP,NORMAL,43.22776,-83.27875
NE26010100391,2026-01-01T22:44:39Z,2026-01-01T22:44:39Z,1,2026-01-01T22:28:11Z,,1,1,Determined upon crew arrival,New,OUTAGE,Single Customer,LAP,NORMAL,43.21959,-83.28721
NE26010100392,2026-01-01T22:44:39Z,2026-01-01T22:44:39Z,1,2026-01-01T22:28:18Z,,1,1,Determined upon crew arrival,New,OUTAGE,Single Customer,LAP,NORMAL,43.22026,-83.27731
NE26010100393,2026-01-01T22:44:39Z,2026-01-01T22:44:39Z,1,2026-01-01T22:29:05Z,,1,1,Determined upon crew arrival,New,OUTAGE,Single Customer,LAP,NORMAL,43.22018,-83.27459
NE26010100394,2026-01-01T22:44:39Z,2026-01-01T22:44:39Z,1,2026-01-01T22:29:06Z,,1,1,Determined upon crew arrival,New,OUTAGE,Single Customer,LAP,NORMAL,43.22782,-83.29337
NE26010100395,2026-01-01T22:44:39Z,2026-01-01T22:44:39Z,1,2026-01-01T22:29:07Z,,1,1,Determined upon crew arrival,New,OUTAGE,Single Customer,LAP,NORMAL,43.21961,-83.28557
NE26010100396,2026-01-01T22:44:39Z,2026-01-01T22:44:39Z,1,2026-01-01T22:29:11Z,,1,1,Determined upon crew arrival,New,OUTAGE,Single Customer,LAP,NORMAL,43.22951,-83.285
NE26010100397,2026-01-01T22:44:39Z,2026-01-01T22:44:39Z,1,2026-01-01T22:29:26Z,,1,1,Determined upon crew arrival,New,OUTAGE,Single Customer,LAP,NORMAL,43.22732,-83.29032
NE26010100399,2026-01-01T22:44:39Z,2026-01-01T22:44:39Z,1,2026-01-01T22:30:10Z,,1,1,Determined upon crew arrival,New,OUTAGE,Single Customer,LAP,NORMAL,43.21483,-83.27455
SE26010100381,2026-01-01T22:44:39Z,2026-01-01T22:44:39Z,1,2026-01-01T22:21:27Z,2026-01-02T02:50:00Z,1,1,Determined upon crew arrival,New,OUTAGE,Single Customer,RFD,NORMAL,42.40066,-83.27328
SE26010100421,2026-01-01T22:55:35Z,2026-01-02T01:49:50Z,5,2025-12-31T01:11:09Z,2026-01-02T03:10:00Z,1,1,Equipment problem,In Progres,OUTAGE,Single Customer,RFD,NORMAL,42.2875,-83.24944
SE26010100422,2026-01-01T22:55:35Z,2026-01-01T22:55:35Z,1,2026-01-01T22:26:08Z,,2,2,Determined upon crew arrival,New,OUTAGE,Service Secondary,RFD,NORMAL,42.41872,-83.20003
NW26010100425,2026-01-01T23:22:16Z,2026-01-02T01:49:50Z,4,2026-01-01T21:24:46Z,2026-01-02T03:20:00Z,1,1,Equipment problem,In Progres,OUTAGE,Single Customer,PON,NORMAL,42.60703,-83.19773
SE26010100433,2026-01-01T23:22:16Z,2026-01-02T07:51:57Z,13,2026-01-01T23:13:34Z,2026-01-02T15:45:00Z,1,1,Equipment problem,In Progres,OUTAGE,Single Customer,RFD,NORMAL,42.35457,-83.29018
NE26010100453,2026-01-02T01:49:50Z,2026-01-02T11:19:33Z,17,2026-01-02T01:25:45Z,2026-01-02T18:00:00Z,1,1,Equipment problem,In Progres,OUTAGE,Single Customer,LAP,NORMAL,42.87906,-83.20189
SE26010100438,2026-01-02T01:49:50Z,2026-01-02T10:46:01Z,16,2025-12-31T16:33:56Z,2026-01-02T16:40:00Z,1,1,Equipment problem,In Progres,OUTAGE,Single Customer,RFD,NORMAL,42.35634,-83.1523
SE26010100441,2026-01-02T01:49:50Z,2026-01-02T03:41:15Z,2,2026-01-02T00:28:19Z,2026-01-02T05:00:00Z,1,1,Determined upon crew arrival,In Progres,OUTAGE,Single Customer,CAN,NORMAL,42.34376,-83.0688
SW26010100448,2026-01-02T01:49:50Z,2026-01-02T01:49:50Z,1,2026-01-01T23:53:26Z,2026-01-02T05:25:00Z,1,1,Determined upon crew arrival,In Progres,OUTAGE,Single Customer,NPT,NORMAL,41.92188,-83.41947
NE26010100455,2026-01-02T03:41:15Z,2026-01-02T11:19:33Z,16,2026-01-02T01:43:48Z,2026-01-02T18:25:00Z,1,1,Equipment problem,In Progres,OUTAGE,Single Customer,LAP,NORMAL,42.88079,-83.20208
SE26010100458,2026-01-02T03:41:15Z,2026-01-02T11:51:20Z,18,2026-01-02T02:18:21Z,2026-01-02T14:50:00Z,2,2,Determined upon crew arrival,In Progres,OUTAGE,Service Secondary,CAN,NORMAL,42.35488,-83.12394
SE26010100459,2026-01-02T03:41:15Z,2026-01-02T11:51:20Z,18,2026-01-02T02:18:25Z,2026-01-02T18:50:00Z,1,1,Determined upon crew arrival,In Progres,OUTAGE,Single Customer,CAN,NORMAL,42.35548,-83.12238
SE26010100463,2026-01-02T03:41:15Z,2026-01-02T11:51:20Z,18,2026-01-02T02:30:29Z,2026-01-02T19:00:00Z,1,1,Determined upon crew arrival,In Progres,OUTAGE,Single Customer,CAN,NORMAL,42.3563,-83.12295
SW26010100462,2026-01-02T03:41:15Z,2026-01-02T10:46:01Z,15,2026-01-02T02:28:12Z,2026-01-02T19:00:00Z,1,1,Problem with the customer equip,In Progres,OUTAGE,Single Customer,NPT,NORMAL,42.00952,-83.27731
SE26010100477,2026-01-02T04:28:35Z,2026-01-02T10:46:01Z,14,2026-01-02T04:02:56Z,2026-01-02T20:35:00Z,1,1,Determined upon crew arrival,In Progres,OUTAGE,Single Customer,CAN,NORMAL,42.39695,-83.05058
NW26010200002,2026-01-02T05:35:18Z,2026-01-02T05:35:18Z,1,2026-01-02T05:26:36Z,2026-01-02T09:55:00Z,1,1,Determined upon crew arrival,New,OUTAGE,Single Customer,PON,NORMAL,42.71507,-83.47336
NW26010200003,2026-01-02T05:35:18Z,2026-01-02T05:35:18Z,1,2026-01-02T05:26:49Z,2026-01-02T09:55:00Z,1,1,Determined upon crew arrival,New,OUTAGE,Single Customer,PON,NORMAL,42.70827,-83.4633
NW26010200004,2026-01-02T05:35:18Z,2026-01-02T05:35:18Z,1,2026-01-02T05:26:59Z,,1,1,Determined upon crew arrival,New,OUTAGE,Single Customer,PON,NORMAL,42.71394,-83.47616
NW26010200005,2026-01-02T05:35:18Z,2026-01-02T05:35:18Z,1,2026-01-02T05:29:21Z,,1,1,Determined upon crew arrival,New,OUTAGE,Single Customer,PON,NORMAL,42.70996,-83.4715
NW26010200006,2026-01-02T05:35:18Z,2026-01-02T05:35:18Z,1,2026-01-02T05:29:57Z,,1,1,Determined upon crew arrival,New,OUTAGE,Single Customer,PON,NORMAL,42.71558,-83.47124
NW26010200008,2026-01-02T05:55:29Z,2026-01-02T07:01:51Z,3,2026-01-02T05:23:52Z,2026-01-02T10:00:00Z,52,52,Determined upon crew arrival,In Progres,OUTAGE,Device (II),PON,NORMAL,42.71297,-83.47063
SE26010200019,2026-01-02T07:35:32Z,2026-01-02T10:46:01Z,8,2026-01-02T06:52:50Z,2026-01-02T11:25:00Z,1,1,Equipment problem,In Progres,OUTAGE,Single Customer,RFD,NORMAL,42.39851,-83.20057
NA26010200024,2026-01-02T07:51:57Z,2026-01-02T07:51:57Z,1,2026-01-02T07:30:10Z,,1,1,Determined upon crew arrival,New,OUTAGE,Single Customer,PON,NORMAL,42.54288,-83.38716
NW26010200023,2026-01-02T07:51:57Z,2026-01-02T07:51:57Z,1,2026-01-02T07:29:34Z,,1,1,Determined upon crew arrival,New,OUTAGE,Single Customer,PON,NORMAL,42.53815,-83.50153
SW26010200022,2026-01-02T07:51:57Z,2026-01-02T07:51:57Z,1,2026-01-02T07:25:24Z,2026-01-02T12:10:00Z,1,1,Determined upon crew arrival,New,OUTAGE,Single Customer,ANN,NORMAL,42.29162,-83.8182
SE26010200026,2026-01-02T08:31:12Z,2026-01-02T08:31:12Z,1,2026-01-02T08:02:20Z,2026-01-02T12:30:00Z,1,1,Determined upon crew arrival,New,OUTAGE,Single Customer,RFD,NORMAL,42.46714,-83.08589
NW26010200031,2026-01-02T09:54:20Z,2026-01-02T16:30:57Z,14,2026-01-02T09:33:31Z,2026-01-02T18:05:00Z,60,1,Equipment problem,In Progres,OUTAGE,Device (I),PON,NORMAL,42.60428,-83.09688
NW26010200033,2026-01-02T10:23:29Z,2026-01-02T10:23:29Z,1,2026-01-02T09:55:01Z,2026-01-02T14:25:00Z,1,1,Determined upon crew arrival,New,OUTAGE,Single Customer,PON,NORMAL,42.60137,-83.09691
SE26010200039,2026-01-02T11:39:23Z,2026-01-02T15:56:26Z,9,2025-12-31T19:28:35Z,2026-01-03T03:35:00Z,1,1,Equipment problem,In Progres,OUTAGE,Single Customer,RFD,NORMAL,42.31261,-83.12517
NE26010200064,2026-01-02T13:23:13Z,2026-01-02T14:21:50Z,3,2026-01-02T13:10:32Z,2026-01-02T17:45:00Z,37,37,Determined upon crew arrival,In Progres,OUTAGE,Device (I),MTC,NORMAL,42.51919,-83.01329
NW26010200054,2026-01-02T13:23:13Z,2026-01-02T19:18:31Z,14,2026-01-02T12:43:07Z,2026-01-03T05:15:00Z,1,1,Equipment problem,In Progres,OUTAGE,Single Customer,PON,NORMAL,42.57556,-83.12614
NW26010200062,2026-01-02T13:23:13Z,2026-01-02T15:23:11Z,4,2026-01-02T13:11:10Z,2026-01-02T17:40:00Z,1,1,Equipment problem,In Progres,OUTAGE,Single Customer,PON,NORMAL,42.60417,-83.09639
SE26010200061,2026-01-02T13:23:13Z,2026-01-02T22:45:22Z,24,2026-01-02T13:08:29Z,2026-01-03T01:40:00Z,1,1,Problem with the customer equip,In Progres,PRIORITY,,RFD,NORMAL,42.49477,-83.30451
SE26010200065,2026-01-02T13:23:13Z,2026-01-02T14:21:50Z,3,2026-01-02T13:12:51Z,2026-01-02T17:45:00Z,1,1,Determined upon crew arrival,In Progres,OUTAGE,Single Customer,CAN,NORMAL,42.43656,-83.11662
NE26010200080,2026-01-02T13:50:06Z,2026-01-02T15:23:11Z,3,2026-01-02T13:38:04Z,2026-01-02T18:10:00Z,1,1,Determined upon crew arrival,In Progres,OUTAGE,Single Customer,LAP,NORMAL,43.03315,-83.1629
NW26010200078,2026-01-02T13:50:06Z,2026-01-02T17:52:55Z,10,2025-12-31T00:15:45Z,2026-01-02T18:05:00Z,1,1,Determined upon crew arrival,In Progres,PRIORITY,,PON,NORMAL,42.57212,-83.4019
NE26010200086,2026-01-02T14:21:50Z,2026-01-02T14:21:50Z,1,2026-01-02T13:49:36Z,2026-01-02T18:20:00Z,152,152,Equipment problem,In Progres,OUTAGE,Device (I),MTC,NORMAL,42.5306,-82.89064
NE26010200087,2026-01-02T14:21:50Z,2026-01-02T14:21:50Z,1,2026-01-02T13:49:32Z,2026-01-02T18:20:00Z,65,65,Determined upon crew arrival,In Progres,OUTAGE,Device (I),MTC,NORMAL,42.53166,-82.8909
NE26010200093,2026-01-02T14:21:50Z,2026-01-02T14:21:50Z,1,2026-01-02T13:53:58Z,2026-01-02T18:25:00Z,1,1,Determined upon crew arrival,In Progres,OUTAGE,Single Customer,MTC,NORMAL,42.60589,-82.88431
NW26010200091,2026-01-02T14:21:50Z,2026-01-02T15:56:26Z,4,2026-01-02T13:34:45Z,2026-01-02T18:25:00Z,1,1,Equipment problem,In Progres,OUTAGE,Single Customer,PON,NORMAL,42.55321,-83.27768
SE26010200107,2026-01-02T14:21:50Z,2026-01-02T14:21:50Z,1,2026-01-02T14:13:58Z,,1,1,Determined upon crew arrival,New,OUTAGE,Single Customer,RFD,NORMAL,42.35005,-83.17185
NE26010200118,2026-01-02T15:23:11Z,2026-01-02T22:45:22Z,21,2026-01-02T14:23:57Z,2026-01-02T22:55:00Z,3,3,Equipment problem,In Progres,OUTAGE,Service Transformer,MAR,NORMAL,42.97317,-82.42689
NE26010200124,2026-01-02T15:23:11Z,2026-01-02T17:52:55Z,8,2026-01-01T18:10:49Z,2026-01-02T19:05:00Z,1,1,Determined upon crew arrival,In Progres,OUTAGE,Single Customer,MTC,NORMAL,42.63371,-82.94204
NW26010200122,2026-01-02T15:23:11Z,2026-01-02T20:44:34Z,15,2026-01-02T14:34:25Z,2026-01-03T07:05:00Z,1,1,Equipment problem,In Progres,OUTAGE,Single Customer,PON,NORMAL,42.59517,-83.144
SE26010200109,2026-01-02T15:23:11Z,2026-01-02T16:57:06Z,5,2026-01-02T14:19:35Z,2026-01-02T18:50:00Z,1,1,Determined upon crew arrival,In Progres,OUTAGE,Single Customer,CAN,NORMAL,42.35974,-82.98835
SE26010200110,2026-01-02T15:23:11Z,2026-01-03T10:44:51Z,42,2026-01-02T14:20:24Z,2026-01-03T10:50:00Z,1,1,Equipment problem,In Progres,PRIORITY,,CAN,NORMAL,42.33461,-83.04657
SE26010200116,2026-01-02T15:23:11Z,2026-01-02T15:44:15Z,2,2026-01-02T14:25:51Z,2026-01-02T18:55:00Z,1,1,Determined upon crew arrival,New,OUTAGE,Single Customer,RFD,NORMAL,42.34083,-83.2188
SE26010200137,2026-01-02T15:23:11Z,2026-01-02T15:56:26Z,3,2026-01-02T14:47:17Z,2026-01-02T19:25:00Z,1,1,Determined upon crew arrival,In Progres,OUTAGE,Single Customer,RFD,NORMAL,42.50136,-83.23845
SE26010200143,2026-01-02T15:23:11Z,2026-01-02T17:52:55Z,8,2026-01-02T15:02:33Z,2026-01-02T19:35:00Z,1,1,Determined upon crew arrival,In Progres,OUTAGE,Single Customer,RFD,NORMAL,42.33722,-83.13301
SE26010200151,2026-01-02T15:23:11Z,2026-01-02T21:18:38Z,17,2026-01-02T14:56:57Z,2026-01-03T07:40:00Z,1,1,Equipment problem,In Progres,OUTAGE,Single Customer,CAN,NORMAL,42.4248,-83.00842
SE26010200153,2026-01-02T15:23:11Z,2026-01-02T18:57:36Z,10,2026-01-02T15:11:17Z,2026-01-02T19:40:00Z,1,1,Equipment problem,In Progres,OUTAGE,Single Customer,CAN,NORMAL,42.40471,-83.09559
SW26010200140,2026-01-02T15:23:11Z,2026-01-02T15:56:26Z,3,2026-01-02T14:53:24Z,2026-01-02T19:30:00Z,8,8,Determined upon crew arrival,In Progres,OUTAGE,Service Transformer,WWS,NORMAL,42.45161,-83.40037
NW26010200163,2026-01-02T15:44:15Z,2026-01-02T20:24:14Z,13,2026-01-02T15:26:46Z,2026-01-03T07:55:00Z,1,1,Equipment problem,In Progres,OUTAGE,Single Customer,PON,NORMAL,42.72495,-83.52039
NW26010200165,2026-01-02T15:44:15Z,2026-01-02T16:57:06Z,4,2026-01-02T15:24:47Z,2026-01-02T20:00:00Z,1,1,Determined upon crew arrival,In Progres,OUTAGE,Single Customer,PON,NORMAL,42.70608,-83.38237
SE26010200166,2026-01-02T15:44:15Z,2026-01-02T21:18:38Z,16,2026-01-02T15:28:33Z,2026-01-03T08:00:00Z,1,1,Equipment problem,In Progres,OUTAGE,Single Customer,CAN,NORMAL,42.4251,-83.06848
SE26010200175,2026-01-02T15:56:26Z,2026-01-02T18:57:36Z,8,2026-01-02T15:43:13Z,2026-01-02T20:15:00Z,1,1,Problem with the customer equip,In Progres,OUTAGE,Single Customer,RFD,NORMAL,42.34528,-83.19567
SW26010200174,2026-01-02T15:56:26Z,2026-01-02T15:56:26Z,1,2026-01-02T15:26:59Z,,1,1,Determined upon crew arrival,New,OUTAGE,Single Customer,WWS,NORMAL,42.28044,-83.38345
NE26010200188,2026-01-02T16:30:57Z,2026-01-02T16:57:06Z,2,2026-01-02T15:54:32Z,2026-01-02T20:40:00Z,3,3,Determined upon crew arrival,In Progres,OUTAGE,Service Transformer,MAR,NORMAL,43.28524,-82.81757
SE26010200186,2026-01-02T16:30:57Z,2026-01-02T22:45:22Z,18,2026-01-02T15:49:09Z,2026-01-03T00:35:00Z,90,90,Problem with the customer equip,In Progres,OUTAGE,Device (I),RFD,NORMAL,42.49479,-83.30415
SE26010200194,2026-01-02T16:30:57Z,2026-01-02T18:31:44Z,6,2026-01-02T14:51:39Z,2026-01-02T20:45:00Z,1,1,Determined upon crew arrival,In Progres,OUTAGE,Single Customer,RFD,NORMAL,42.40315,-83.27973
NE26010200213,2026-01-02T16:57:06Z,2026-01-02T19:18:31Z,7,2026-01-02T16:30:12Z,2026-01-02T21:05:00Z,1,1,Determined upon crew arrival,In Progres,OUTAGE,Single Customer,MTC,NORMAL,42.69494,-82.72854
NE26010200218,2026-01-02T16:57:06Z,2026-01-02T16:57:06Z,1,2026-01-02T16:38:45Z,2026-01-02T21:10:00Z,1,1,Determined upon crew arrival,New,OUTAGE,Single Customer,MAR,NORMAL,42.90596,-82.55594
NW26010200225,2026-01-02T17:23:16Z,2026-01-02T18:57:36Z,5,2026-01-02T16:46:59Z,2026-01-02T21:15:00Z,2,2,Determined upon crew arrival,Pending,OUTAGE,Service Secondary,SBY,NORMAL,42.61035,-82.9817
NW26010200238,2026-01-02T17:23:16Z,2026-01-02T18:57:36Z,5,2026-01-02T17:02:47Z,2026-01-02T21:35:00Z,1,1,Equipment problem,In Progres,SERVICE DOWN NO,,PON,NORMAL,42.68022,-83.2335
SE26010200229,2026-01-02T17:23:16Z,2026-01-02T19:18:31Z,6,2026-01-02T16:52:47Z,2026-01-02T21:25:00Z,1,1,Equipment problem,In Progres,OUTAGE,Single Customer,RFD,NORMAL,42.44826,-83.10365
SE26010200235,2026-01-02T17:23:16Z,2026-01-02T22:45:22Z,16,2026-01-02T16:57:57Z,2026-01-03T09:30:00Z,1,1,Problem with the customer equip,In Progres,OUTAGE,Single Customer,RFD,NORMAL,42.49604,-83.30481
SW26010200223,2026-01-02T17:23:16Z,2026-01-02T18:31:44Z,4,2026-01-02T16:34:28Z,2026-01-02T21:15:00Z,1,1,Determined upon crew arrival,In Progres,OUTAGE,Single Customer,NPT,NORMAL,41.9901,-83.33689
SW26010200233,2026-01-02T17:23:16Z,2026-01-02T17:42:05Z,2,2026-01-02T16:54:33Z,2026-01-02T21:25:00Z,2,2,Determined upon crew arrival,In Progres,OUTAGE,Service Transformer,ANN,NORMAL,42.21939,-83.78928
NE26010200253,2026-01-02T17:42:05Z,2026-01-02T17:42:05Z,1,2026-01-02T17:15:01Z,,1,1,Determined upon crew arrival,New,OUTAGE,Single Customer,MAR,NORMAL,42.92135,-82.48159
SE26010200251,2026-01-02T17:42:05Z,2026-01-02T21:51:08Z,13,2026-01-02T17:29:39Z,2026-01-02T22:00:00Z,1,1,Equipment problem,In Progres,OUTAGE,Single Customer,RFD,NORMAL,42.33682,-83.2758
NW26010200254,2026-01-02T17:52:55Z,2026-01-02T18:57:36Z,3,2026-01-02T17:24:40Z,2026-01-02T22:05:00Z,2,2,Determined upon crew arrival,Pending,OUTAGE,Service Secondary,PON,NORMAL,42.59095,-83.13015
NW26010200259,2026-01-02T17:52:55Z,2026-01-02T20:24:14Z,7,2026-01-02T17:36:21Z,2026-01-02T22:05:00Z,1,1,Equipment problem,In Progres,OUTAGE,Single Customer,SBY,NORMAL,42.57376,-83.05864
SE26010200257,2026-01-02T17:52:55Z,2026-01-02T18:57:36Z,3,2026-01-02T17:35:29Z,2026-01-02T22:05:00Z,1,1,Determined upon crew arrival,In Progres,OUTAGE,Service Secondary,RFD,NORMAL,42.3822,-83.20194
SE26010200262,2026-01-02T17:52:55Z,2026-01-02T19:18:31Z,4,2026-01-02T17:40:02Z,2026-01-02T22:10:00Z,1,1,Determined upon crew arrival,New,OUTAGE,Single Customer,RFD,NORMAL,42.43628,-83.15132
SW26010200258,2026-01-02T17:52:55Z,2026-01-02T23:20:26Z,15,2026-01-02T17:36:01Z,2026-01-03T10:05:00Z,1,1,Determined upon crew arrival,In Progres,OUTAGE,Single Customer,NPT,NORMAL,41.93569,-83.47851
SW26010200264,2026-01-02T17:52:55Z,2026-01-02T19:50:53Z,6,2026-01-02T17:41:05Z,2026-01-02T22:10:00Z,1,1,Determined upon crew arrival,In Progres,OUTAGE,Single Customer,NPT,NORMAL,42.08798,-83.30009
SW26010200266,2026-01-02T17:52:55Z,2026-01-02T17:52:55Z,1,2026-01-02T16:22:38Z,,1,1,Determined upon crew arrival,New,OUTAGE,Single Customer,ANN,NORMAL,42.1964,-83.56708
NE26010200270,2026-01-02T18:31:44Z,2026-01-02T18:31:44Z,1,2026-01-02T17:52:19Z,2026-01-02T22:20:00Z,1,1,Determined upon crew arrival,New,OUTAGE,Single Customer,MAR,NORMAL,42.95901,-82.43104
NW26010200268,2026-01-02T18:31:44Z,2026-01-03T16:48:25Z,48,2026-01-02T17:47:08Z,2026-01-03T22:15:00Z,1,1,Equipment problem,In Progres,OUTAGE,Single Customer,PON,NORMAL,42.67119,-83.53282
SW26010200272,2026-01-02T18:31:44Z,2026-01-02T19:50:53Z,5,2026-01-02T16:22:38Z,2026-01-02T22:25:00Z,1,1,Determined upon crew arrival,In Progres,OUTAGE,Single Customer,ANN,NORMAL,42.1964,-83.56708
NW26010200292,2026-01-02T18:57:36Z,2026-01-02T19:38:47Z,3,2026-01-02T18:23:46Z,2026-01-02T22:55:00Z,1,1,Equipment problem,In Progres,OUTAGE,Single Customer,HWL,NORMAL,42.65717,-83.83785
SE26010200294,2026-01-02T18:57:36Z,2026-01-02T20:44:34Z,6,2026-01-02T14:29:29Z,2026-01-02T22:55:00Z,1,1,Equipment problem,In Progres,OUTAGE,Single Customer,RFD,NORMAL,42.50252,-83.22829
NE26010200296,2026-01-02T19:18:31Z,2026-01-02T23:40:27Z,13,2026-01-02T18:30:10Z,2026-01-03T11:00:00Z,1,1,Equipment problem,In Progres,OUTAGE,Single Customer,MTC,NORMAL,42.46123,-83.02871
NE26010200322,2026-01-02T19:18:31Z,2026-01-02T20:24:14Z,4,2026-01-02T18:45:59Z,2026-01-02T23:20:00Z,42,42,Determined upon crew arrival,In Progres,OUTAGE,Device (II),MTC,NORMAL,42.53348,-83.01306
NE26010200324,2026-01-02T19:18:31Z,2026-01-02T20:24:14Z,4,2026-01-02T18:50:37Z,2026-01-02T23:20:00Z,1,1,Determined upon crew arrival,In Progres,OUTAGE,Single Customer,MTC,NORMAL,42.53262,-83.01181
NW26010200298,2026-01-02T19:18:31Z,2026-01-02T21:18:38Z,7,2026-01-02T18:22:42Z,2026-01-02T23:00:00Z,1,1,Determined upon crew arrival,In Progres,OUTAGE,Single Customer,HWL,NORMAL,42.4484,-83.66287
NW26010200311,2026-01-02T19:18:31Z,2026-01-02T19:50:53Z,3,2026-01-02T17:30:04Z,2026-01-02T23:10:00Z,1,1,Equipment problem,In Progres,OUTAGE,Single Customer,PON,NORMAL,42.56563,-83.13185
NW26010200314,2026-01-02T19:18:31Z,2026-01-02T23:40:27Z,13,2026-01-02T18:36:37Z,2026-01-03T11:15:00Z,1,1,Equipment problem,In Progres,OUTAGE,Single Customer,PON,NORMAL,42.70861,-83.38102
SE26010200313,2026-01-02T19:18:31Z,2026-01-02T21:39:17Z,8,2025-12-30T18:40:53Z,2026-01-02T23:10:00Z,1,1,Equipment problem,In Progres,OUTAGE,Single Customer,RFD,NORMAL,42.40586,-83.1995
SE26010200317,2026-01-02T19:18:31Z,2026-01-02T21:51:08Z,9,2026-01-02T14:25:18Z,2026-01-02T23:15:00Z,1,1,Equipment problem,In Progres,OUTAGE,Single Customer,RFD,NORMAL,42.51419,-83.12258
NW26010200334,2026-01-02T19:38:47Z,2026-01-02T21:18:38Z,6,2026-01-02T18:58:48Z,2026-01-02T23:35:00Z,122,122,Equipment problem,In Progres,OUTAGE,Device (II),PON,NORMAL,42.59732,-83.23662
NW26010200339,2026-01-02T19:38:47Z,2026-01-02T23:51:17Z,13,2026-01-02T19:00:51Z,2026-01-03T11:35:00Z,1,1,Equipment problem,In Progres,OUTAGE,Single Customer,PON,NORMAL,42.53571,-83.35872
NW26010200340,2026-01-02T19:38:47Z,2026-01-02T23:40:27Z,12,2026-01-02T07:39:39Z,2026-01-02T23:35:00Z,1,1,Equipment problem,Pending,OUTAGE,Single Customer,PON,NORMAL,42.55056,-83.42559
SE26010200360,2026-01-02T19:38:47Z,2026-01-02T23:51:17Z,13,2026-01-02T19:29:14Z,2026-01-03T00:00:00Z,1,1,Determined upon crew arrival,In Progres,SERVICE DOWN NO,,RFD,NORMAL,42.41017,-83.2664
SW26010200355,2026-01-02T19:38:47Z,2026-01-02T22:21:22Z,9,2026-01-02T19:18:06Z,2026-01-02T23:50:00Z,3,3,Equipment problem,In Progres,OUTAGE,Service Transformer,ANN,NORMAL,42.37471,-83.86963
NE26010200372,2026-01-02T19:50:53Z,2026-01-02T19:50:53Z,1,2026-01-02T19:29:30Z,,1,1,Determined upon crew arrival,New,OUTAGE,Single Customer,NAE,NORMAL,43.65982,-83.1463
SE26010200367,2026-01-02T19:50:53Z,2026-01-02T19:50:53Z,1,2026-01-02T19:14:40Z,2026-01-03T00:05:00Z,1,1,Determined upon crew arrival,New,OUTAGE,Single Customer,RFD,NORMAL,42.23684,-83.19176
SE26010200371,2026-01-02T19:50:53Z,2026-01-02T22:21:22Z,8,2026-01-02T19:40:04Z,2026-01-03T00:10:00Z,1,1,Determined upon crew arrival,PC3 Verifi,OUTAGE,Single Customer,RFD,NORMAL,42.3855,-83.14571
SW26010200368,2026-01-02T19:50:53Z,2026-01-02T22:21:22Z,8,2026-01-02T19:34:47Z,2026-01-03T00:05:00Z,1,1,Equipment problem,In Progres,OUTAGE,Single Customer,WWS,NORMAL,42.30471,-83.36674
NW26010200373,2026-01-02T20:24:14Z,2026-01-03T01:44:06Z,12,2026-01-02T19:47:52Z,2026-01-03T04:20:00Z,3,3,Equipment problem,In Progres,OUTAGE,Service Transformer,PON,NORMAL,42.54381,-83.11399
NW26010200374,2026-01-02T20:24:14Z,2026-01-02T22:21:22Z,7,2026-01-02T19:50:03Z,2026-01-03T00:20:00Z,1,1,Determined upon crew arrival,In Progres,OUTAGE,Single Customer,SBY,NORMAL,42.71765,-83.1518
SW26010200381,2026-01-02T20:44:34Z,2026-01-02T21:18:38Z,3,2026-01-02T20:00:18Z,2026-01-03T00:30:00Z,1,1,Determined upon crew arrival,In Progres,OUTAGE,Single Customer,ANN,NORMAL,42.21654,-83.54415
NE26010200411,2026-01-02T20:56:09Z,2026-01-02T22:45:22Z,6,2026-01-02T20:43:24Z,2026-01-03T01:15:00Z,1,1,Equipment problem,In Progres,OUTAGE,Single Customer,MAR,NORMAL,42.99786,-82.44697
SE26010200413,2026-01-02T20:56:09Z,2026-01-02T23:20:26Z,7,2026-01-02T20:39:37Z,2026-01-03T01:15:00Z,1,1,Determined upon crew arrival,In Progres,OUTAGE,Single Customer,RFD,NORMAL,42.39004,-83.31368
SW26010200423,2026-01-02T21:18:38Z,2026-01-02T21:51:08Z,3,2026-01-02T20:55:17Z,2026-01-03T01:25:00Z,1,1,Determined upon crew arrival,In Progres,OUTAGE,Single Customer,WWS,NORMAL,42.38576,-83.39359
NE26010200430,2026-01-02T21:39:17Z,2026-01-02T21:39:17Z,1,2026-01-02T16:38:45Z,2026-01-03T01:35:00Z,1,1,Determined upon crew arrival,New,OUTAGE,Single Customer,MAR,NORMAL,42.90596,-82.55594
NE26010200476,2026-01-02T21:39:17Z,2026-01-03T01:44:06Z,8,2026-01-02T17:52:19Z,2026-01-03T01:55:00Z,1,1,Determined upon crew arrival,In Progres,OUTAGE,Single Customer,MAR,NORMAL,42.95901,-82.43104
SE26010200428,2026-01-02T21:39:17Z,2026-01-02T23:51:17Z,7,2026-01-02T21:02:24Z,2026-01-03T01:35:00Z,1,1,Determined upon crew arrival,In Progres,OUTAGE,Single Customer,RFD,NORMAL,42.40677,-83.25001
SE26010200483,2026-01-02T21:39:17Z,2026-01-02T21:39:17Z,1,2026-01-02T21:25:56Z,2026-01-03T01:55:00Z,1,1,Determined upon crew arrival,New,OUTAGE,Single Customer,RFD,NORMAL,42.34848,-83.20755
SW26010200440,2026-01-02T21:39:17Z,2026-01-03T05:45:43Z,13,2026-01-02T21:16:27Z,2026-01-03T09:00:00Z,193,71,Public Interference w/DTE equip,In Progres,OUTAGE,Device (II),ANN,NORMAL,42.38758,-83.66048
NW26010200498,2026-01-02T22:21:22Z,2026-01-02T22:45:22Z,2,2026-01-02T21:36:58Z,2026-01-03T02:15:00Z,1,1,Determined upon crew arrival,In Progres,OUTAGE,Single Customer,HWL,NORMAL,42.69751,-83.72929
SE26010200499,2026-01-02T22:21:22Z,2026-01-03T05:45:43Z,11,2026-01-02T21:50:24Z,2026-01-03T14:20:00Z,1,1,Determined upon crew arrival,In Progres,OUTAGE,Single Customer,RFD,NORMAL,42.4843,-83.11686
NW26010200512,2026-01-02T22:45:22Z,2026-01-03T03:13:10Z,6,2026-01-02T22:20:48Z,2026-01-03T14:50:00Z,1,1,Equipment problem,In Progres,OUTAGE,Single Customer,PON,NORMAL,42.58112,-83.31936
NW26010200515,2026-01-02T22:45:22Z,2026-01-03T10:44:51Z,22,2026-01-02T22:24:52Z,2026-01-03T14:55:00Z,1,1,Equipment problem,In Progres,SERVICE DOWN NO,,PON,NORMAL,42.55618,-83.11168
SE26010200517,2026-01-02T22:45:22Z,2026-01-02T22:45:22Z,1,2026-01-02T22:29:59Z,,1,1,Determined upon crew arrival,New,OUTAGE,Single Customer,RFD,NORMAL,42.3735,-83.17981
NE26010200528,2026-01-02T23:20:26Z,2026-01-03T04:03:19Z,6,2026-01-02T22:58:45Z,2026-01-03T15:30:00Z,1,1,Equipment problem,In Progres,OUTAGE,Single Customer,MTC,NORMAL,42.60305,-82.874
SE26010200520,2026-01-02T23:20:26Z,2026-01-02T23:51:17Z,3,2026-01-02T22:48:58Z,2026-01-03T03:20:00Z,1,1,Determined upon crew arrival,In Progres,OUTAGE,Single Customer,CAN,NORMAL,42.40987,-82.90297
SE26010200530,2026-01-02T23:20:26Z,2026-01-02T23:51:17Z,3,2026-01-02T23:07:29Z,2026-01-03T03:40:00Z,1,1,Determined upon crew arrival,New,OUTAGE,Single Customer,RFD,NORMAL,42.45829,-83.09124
SE26010200531,2026-01-02T23:20:26Z,2026-01-03T10:44:51Z,21,2026-01-02T23:07:54Z,2026-01-03T15:40:00Z,1,1,Equipment problem,In Progres,OUTAGE,Single Customer,RFD,NORMAL,42.3356,-83.28694
SW26010200534,2026-01-02T23:20:26Z,2026-01-02T23:20:26Z,1,2026-01-02T23:14:12Z,,1,1,Determined upon crew arrival,New,OUTAGE,Single Customer,WWS,NORMAL,42.47824,-83.40627
NW26010200537,2026-01-02T23:51:17Z,2026-01-03T17:41:22Z,35,2026-01-02T23:31:03Z,2026-01-04T04:00:00Z,1,1,Equipment problem,In Progres,OUTAGE,Single Customer,PON,NORMAL,42.72519,-83.40435
NW26010200541,2026-01-03T01:44:06Z,2026-01-03T04:03:19Z,3,2026-01-02T23:47:55Z,2026-01-03T04:20:00Z,1,1,Equipment problem,In Progres,OUTAGE,Single Customer,SBY,NORMAL,42.59368,-83.06687
NW26010200555,2026-01-03T01:44:06Z,2026-01-03T08:51:46Z,13,2026-01-03T00:15:19Z,2026-01-03T16:45:00Z,1,1,Determined upon crew arrival,In Progres,OUTAGE,Single Customer,PON,NORMAL,42.56245,-83.12532
NW26010200562,2026-01-03T01:44:06Z,2026-01-03T19:51:09Z,39,2026-01-02T16:46:59Z,2026-01-04T05:25:00Z,1,1,Equipment problem,In Progres,OUTAGE,Single Customer,SBY,NORMAL,42.61035,-82.9817
SE26010200563,2026-01-03T01:44:06Z,2026-01-03T03:13:10Z,2,2026-01-02T14:05:48Z,2026-01-03T05:25:00Z,1,1,Determined upon crew arrival,In Progres,OUTAGE,Single Customer,RFD,NORMAL,42.47663,-83.22029
SW26010200560,2026-01-03T01:44:06Z,2026-01-03T05:22:36Z,5,2026-01-03T00:44:46Z,2026-01-03T05:15:00Z,1,1,Equipment problem,In Progres,OUTAGE,Single Customer,WWS,NORMAL,42.51882,-83.49362
NE26010200599,2026-01-03T03:13:10Z,2026-01-03T03:13:10Z,1,2026-01-03T02:35:01Z,2026-01-03T07:05:00Z,1,1,Determined upon crew arrival,New,OUTAGE,Single Customer,MTC,NORMAL,42.48591,-83.05474
NW26010200614,2026-01-03T03:13:10Z,2026-01-03T18:30:11Z,34,2026-01-03T02:57:08Z,2026-01-03T19:25:00Z,1,1,Equipment problem,In Progres,OUTAGE,Single Customer,HWL,NORMAL,42.65717,-83.83785
SE26010200576,2026-01-03T03:13:10Z,2026-01-03T03:13:10Z,1,2026-01-02T23:07:29Z,2026-01-03T06:25:00Z,1,1,Determined upon crew arrival,In Progres,OUTAGE,Single Customer,RFD,NORMAL,42.45829,-83.09124
SW26010200571,2026-01-03T03:13:10Z,2026-01-03T15:52:40Z,29,2026-01-03T01:28:53Z,2026-01-03T18:05:00Z,1,1,Determined upon crew arrival,In Progres,OUTAGE,Single Customer,WWS,NORMAL,42.23969,-83.23325
SW26010200581,2026-01-03T03:13:10Z,2026-01-03T03:13:10Z,1,2026-01-03T02:30:01Z,2026-01-03T07:00:00Z,236,236,Determined upon crew arrival,In Progres,OUTAGE,Device (II),WWS,NORMAL,42.12915,-83.48249
NW26010200654,2026-01-03T04:03:19Z,2026-01-03T08:51:46Z,11,2026-01-02T22:20:48Z,2026-01-03T20:10:00Z,1,1,Determined upon crew arrival,In Progres,OUTAGE,Single Customer,PON,NORMAL,42.58073,-83.31811
SE26010200637,2026-01-03T04:03:19Z,2026-01-03T07:26:24Z,7,2026-01-02T23:07:29Z,2026-01-03T08:00:00Z,1,1,Equipment problem,Pending,OUTAGE,Single Customer,RFD,NORMAL,42.45829,-83.09124
SW26010200639,2026-01-03T04:03:19Z,2026-01-03T04:03:19Z,1,2026-01-02T21:20:15Z,2026-01-03T08:05:00Z,1,1,Determined upon crew arrival,New,OUTAGE,Single Customer,ANN,NORMAL,42.38266,-83.64228
SW26010200640,2026-01-03T04:03:19Z,2026-01-03T04:03:19Z,1,2026-01-02T21:44:36Z,2026-01-03T08:05:00Z,1,1,Determined upon crew arrival,New,OUTAGE,Single Customer,ANN,NORMAL,42.3888,-83.62361
SW26010200641,2026-01-03T04:03:19Z,2026-01-03T04:03:19Z,1,2026-01-02T21:20:22Z,2026-01-03T08:05:00Z,1,1,Determined upon crew arrival,New,OUTAGE,Single Customer,ANN,NORMAL,42.39128,-83.64633
SW26010200643,2026-01-03T04:03:19Z,2026-01-03T04:03:19Z,1,2026-01-02T21:20:53Z,2026-01-03T08:05:00Z,1,1,Determined upon crew arrival,New,OUTAGE,Single Customer,ANN,NORMAL,42.38497,-83.64428
SW26010200644,2026-01-03T04:03:19Z,2026-01-03T04:03:19Z,1,2026-01-02T21:21:13Z,2026-01-03T08:05:00Z,1,1,Determined upon crew arrival,New,OUTAGE,Single Customer,ANN,NORMAL,42.39037,-83.64716
SW26010200645,2026-01-03T04:03:19Z,2026-01-03T04:03:19Z,1,2026-01-02T21:16:27Z,2026-01-03T08:05:00Z,1,1,Determined upon crew arrival,New,OUTAGE,Single Customer,ANN,NORMAL,42.38709,-83.64679
SW26010200648,2026-01-03T04:03:19Z,2026-01-03T04:03:19Z,1,2026-01-02T21:18:43Z,2026-01-03T08:05:00Z,1,1,Determined upon crew arrival,New,OUTAGE,Single Customer,ANN,NORMAL,42.3889,-83.64494
SW26010200649,2026-01-03T04:03:19Z,2026-01-03T04:03:19Z,1,2026-01-02T21:18:23Z,2026-01-03T08:05:00Z,1,1,Determined upon crew arrival,New,OUTAGE,Single Customer,ANN,NORMAL,42.39514,-83.6449
SW26010200653,2026-01-03T04:03:19Z,2026-01-03T04:03:19Z,1,2026-01-02T21:22:00Z,2026-01-03T08:05:00Z,1,1,Determined upon crew arrival,New,OUTAGE,Single Customer,ANN,NORMAL,42.38398,-83.64371
SW26010200656,2026-01-03T04:03:19Z,2026-01-03T04:03:19Z,1,2026-01-03T03:44:35Z,,1,1,Determined upon crew arrival,New,OUTAGE,Single Customer,WWS,NORMAL,42.13054,-83.4846
SE26010200658,2026-01-03T04:45:27Z,2026-01-03T14:53:13Z,24,2026-01-03T04:17:19Z,2026-01-03T20:45:00Z,1,1,Equipment problem,In Progres,OUTAGE,Single Customer,RFD,NORMAL,42.38547,-83.21059
SE26010200659,2026-01-03T05:22:36Z,2026-01-03T06:33:16Z,3,2026-01-03T04:35:07Z,2026-01-03T09:05:00Z,108,108,Equipment problem,In Progres,OUTAGE,Service Transformer,RFD,NORMAL,42.46096,-83.20483
SE26010200660,2026-01-03T05:22:36Z,2026-01-03T08:51:46Z,9,2026-01-03T04:35:07Z,2026-01-03T09:10:00Z,178,178,Animal/bird damaged DTE equip,In Progres,OUTAGE,Service Transformer,RFD,NORMAL,42.46107,-83.2048
NE26010300006,2026-01-03T06:58:01Z,2026-01-03T17:18:33Z,26,2026-01-02T16:38:45Z,2026-01-03T19:00:00Z,3,2,Public Interference w/DTE equip,In Progres,OUTAGE,Service Secondary,MAR,NORMAL,42.90596,-82.55594
NW26010300010,2026-01-03T07:51:56Z,2026-01-03T07:51:56Z,1,2026-01-03T07:29:49Z,,1,1,Determined upon crew arrival,New,OUTAGE,Single Customer,PON,NORMAL,42.62492,-83.23526
NW26010300020,2026-01-03T09:21:34Z,2026-01-03T09:42:05Z,2,2026-01-02T22:20:48Z,2026-01-03T13:35:00Z,1,1,Determined upon crew arrival,In Progres,OUTAGE,Single Customer,PON,NORMAL,42.58112,-83.31936
NE26010300021,2026-01-03T10:22:02Z,2026-01-03T15:41:21Z,13,2026-01-03T08:33:49Z,2026-01-04T02:15:00Z,1,1,Problem with the customer equip,In Progres,OUTAGE,Single Customer,LAP,NORMAL,42.82374,-83.26319
SE26010300029,2026-01-03T12:42:00Z,2026-01-03T19:51:09Z,17,2026-01-03T12:10:16Z,2026-01-04T04:40:00Z,1,1,Equipment problem,In Progres,OUTAGE,Single Customer,RFD,NORMAL,42.51565,-83.28977
SW26010300051,2026-01-03T14:19:51Z,2026-01-03T15:41:21Z,4,2026-01-03T13:35:35Z,2026-01-03T18:35:00Z,1,1,Determined upon crew arrival,In Progres,OUTAGE,Single Customer,ANN,NORMAL,42.17405,-83.77674
NE26010300055,2026-01-03T14:53:13Z,2026-01-03T17:18:33Z,7,2026-01-03T14:25:27Z,2026-01-03T18:55:00Z,1,1,Determined upon crew arrival,In Progres,OUTAGE,Single Customer,LAP,NORMAL,42.90153,-83.32077
NW26010300063,2026-01-03T14:53:13Z,2026-01-03T19:51:09Z,13,2026-01-03T14:42:03Z,2026-01-04T07:10:00Z,1,1,Equipment problem,In Progres,OUTAGE,Single Customer,SBY,NORMAL,42.61035,-82.9817
SE26010300061,2026-01-03T14:53:13Z,2026-01-03T19:16:19Z,11,2026-01-02T21:09:11Z,2026-01-03T19:10:00Z,1,1,Equipment problem,In Progres,OUTAGE,Single Customer,RFD,NORMAL,42.51845,-83.12325
NW26010300065,2026-01-03T15:20:22Z,2026-01-03T18:30:11Z,8,2026-01-03T14:45:51Z,2026-01-03T19:15:00Z,1,1,Equipment problem,In Progres,OUTAGE,Single Customer,PON,NORMAL,42.55353,-83.4758
NE26010300078,2026-01-03T15:52:40Z,2026-01-03T15:52:40Z,1,2026-01-03T15:41:24Z,2026-01-03T20:10:00Z,1,1,Determined upon crew arrival,New,OUTAGE,Single Customer,MTC,NORMAL,42.67152,-82.76073
SE26010300083,2026-01-03T16:26:23Z,2026-01-04T01:59:09Z,22,2026-01-03T15:17:14Z,2026-01-04T08:20:00Z,1,1,Equipment problem,Pending,OUTAGE,Single Customer,RFD,NORMAL,42.44192,-83.26915
NE26010300092,2026-01-03T16:48:25Z,2026-01-03T17:18:33Z,2,2026-01-03T16:23:27Z,2026-01-03T20:55:00Z,1,1,Determined upon crew arrival,In Progres,OUTAGE,Single Customer,MTC,NORMAL,42.67439,-82.89737
NW26010300094,2026-01-03T17:18:33Z,2026-01-03T17:18:33Z,1,2026-01-03T16:31:38Z,2026-01-03T21:05:00Z,86,86,Determined upon crew arrival,In Progres,OUTAGE,Device (I),PON,NORMAL,42.72764,-83.29415
SE26010300097,2026-01-03T17:18:33Z,2026-01-03T23:51:47Z,19,2026-01-03T16:35:55Z,2026-01-04T09:05:00Z,1,1,Equipment problem,In Progres,OUTAGE,Single Customer,RFD,NORMAL,42.50649,-83.15603
SW26010300099,2026-01-03T17:18:33Z,2026-01-03T17:41:22Z,2,2026-01-03T16:30:03Z,2026-01-03T21:15:00Z,56,56,Determined upon crew arrival,In Progres,OUTAGE,Device (I),WWS,NORMAL,42.51215,-83.45903
SE26010300111,2026-01-03T17:41:22Z,2026-01-03T17:41:22Z,1,2026-01-03T17:23:50Z,2026-01-03T21:55:00Z,1,1,Determined upon crew arrival,New,OUTAGE,Single Customer,CAN,NORMAL,42.41323,-82.92916
SE26010300114,2026-01-03T17:41:22Z,2026-01-04T01:59:09Z,19,2026-01-03T17:27:48Z,2026-01-04T10:00:00Z,1,1,Equipment problem,In Progres,OUTAGE,Single Customer,RFD,NORMAL,42.39182,-83.24063
SE26010300122,2026-01-03T18:30:11Z,2026-01-04T09:41:01Z,21,2026-01-03T17:53:26Z,2026-01-04T10:25:00Z,1,1,Determined upon crew arrival,Pending,OUTAGE,Single Customer,RFD,NORMAL,42.2993,-83.26112
NE26010300134,2026-01-03T18:52:53Z,2026-01-03T21:51:18Z,10,2026-01-03T17:42:45Z,2026-01-03T23:05:00Z,1,1,Determined upon crew arrival,In Progres,OUTAGE,Single Customer,LAP,NORMAL,43.18046,-83.1287
SE26010300138,2026-01-03T18:52:53Z,2026-01-03T19:16:19Z,2,2026-01-03T18:40:40Z,2026-01-03T23:10:00Z,1,1,Determined upon crew arrival,Pending,OUTAGE,Single Customer,RFD,NORMAL,42.40228,-83.1449
SE26010300140,2026-01-03T18:52:53Z,2026-01-04T15:51:16Z,32,2026-01-03T18:45:00Z,2026-01-04T23:15:00Z,1,1,Equipment problem,In Progres,OUTAGE,Single Customer,RFD,NORMAL,42.36547,-83.2318
NW26010300157,2026-01-03T19:37:47Z,2026-01-03T19:51:09Z,2,2026-01-03T19:18:13Z,2026-01-03T23:50:00Z,1,1,Determined upon crew arrival,New,OUTAGE,Single Customer,HWL,NORMAL,42.66746,-83.83666
NW26010300160,2026-01-03T19:37:47Z,2026-01-03T19:51:09Z,2,2026-01-03T19:21:26Z,2026-01-03T23:50:00Z,1,1,Determined upon crew arrival,New,OUTAGE,Single Customer,HWL,NORMAL,42.66037,-83.84222
NW26010300170,2026-01-03T19:37:47Z,2026-01-03T19:51:09Z,2,2026-01-03T19:25:16Z,2026-01-03T23:55:00Z,1,1,Determined upon crew arrival,New,OUTAGE,Single Customer,HWL,NORMAL,42.65923,-83.84713
NW26010300171,2026-01-03T19:37:47Z,2026-01-03T19:37:47Z,1,2026-01-03T19:24:09Z,2026-01-03T23:55:00Z,1,1,Determined upon crew arrival,New,OUTAGE,Single Customer,HWL,NORMAL,42.65339,-83.84565
SW26010300163,2026-01-03T19:37:47Z,2026-01-03T23:51:47Z,14,2026-01-03T19:23:30Z,2026-01-03T23:55:00Z,1,1,Determined upon crew arrival,In Progres,OUTAGE,Single Customer,WWS,NORMAL,42.32186,-83.36129
NW26010300174,2026-01-03T19:51:09Z,2026-01-03T20:23:53Z,2,2026-01-03T19:28:29Z,2026-01-04T00:00:00Z,39,39,Equipment problem,In Progres,OUTAGE,Device (I),HWL,NORMAL,42.61752,-83.93604
SE26010300181,2026-01-03T19:51:09Z,2026-01-03T21:51:18Z,7,2026-01-03T19:40:00Z,2026-01-04T00:10:00Z,1,1,Determined upon crew arrival,In Progres,OUTAGE,Single Customer,RFD,NORMAL,42.39257,-83.24065
SE26010300187,2026-01-03T20:23:53Z,2026-01-03T22:43:42Z,8,2026-01-02T23:12:42Z,2026-01-04T00:30:00Z,1,1,Determined upon crew arrival,In Progres,OUTAGE,Single Customer,RFD,NORMAL,42.36935,-83.30015
SW26010300191,2026-01-03T20:43:59Z,2026-01-03T22:20:21Z,6,2026-01-03T20:15:03Z,2026-01-04T00:55:00Z,6,6,Equipment problem,In Progres,OUTAGE,Service Transformer,ANN,NORMAL,42.2067,-84.00259
NE26010300195,2026-01-03T20:54:48Z,2026-01-03T22:54:38Z,7,2026-01-03T20:30:22Z,2026-01-04T01:00:00Z,1,1,Determined upon crew arrival,In Progres,OUTAGE,Single Customer,MTC,NORMAL,42.49599,-83.01946
NW26010300198,2026-01-03T20:54:48Z,2026-01-03T21:39:57Z,3,2026-01-03T20:42:55Z,2026-01-04T01:15:00Z,1,1,Determined upon crew arrival,In Progres,OUTAGE,Single Customer,SBY,NORMAL,42.62319,-83.12487
NE26010300206,2026-01-03T21:39:57Z,2026-01-03T23:51:47Z,8,2026-01-03T21:17:34Z,2026-01-04T01:50:00Z,1,1,Determined upon crew arrival,In Progres,OUTAGE,Single Customer,MTC,NORMAL,42.49719,-83.06117
SE26010300208,2026-01-03T21:39:57Z,2026-01-04T01:59:09Z,9,2026-01-03T21:14:22Z,2026-01-04T01:50:00Z,1,1,Determined upon crew arrival,In Progres,OUTAGE,Single Customer,RFD,NORMAL,42.49411,-83.13348
SE26010300209,2026-01-03T21:39:57Z,2026-01-03T21:39:57Z,1,2026-01-03T21:22:00Z,2026-01-04T01:50:00Z,1,1,Determined upon crew arrival,New,OUTAGE,Single Customer,RFD,NORMAL,42.50449,-83.22359
SW26010300203,2026-01-03T21:39:57Z,2026-01-03T21:51:18Z,2,2026-01-03T21:11:14Z,2026-01-04T01:40:00Z,25,25,Determined upon crew arrival,In Progres,OUTAGE,Device (I),WWS,NORMAL,42.29595,-83.47545
NW26010300219,2026-01-03T22:20:21Z,2026-01-03T23:40:50Z,5,2026-01-03T22:01:26Z,2026-01-04T02:30:00Z,1,1,Equipment problem,In Progres,OUTAGE,Single Customer,SBY,NORMAL,42.57376,-83.05864
SW26010300218,2026-01-03T22:20:21Z,2026-01-03T23:20:05Z,4,2026-01-03T21:50:19Z,2026-01-04T02:25:00Z,1,1,Equipment problem,In Progres,OUTAGE,Single Customer,ANN,NORMAL,42.25884,-83.77173
NW26010300234,2026-01-03T23:20:05Z,2026-01-03T23:20:05Z,1,2026-01-03T23:14:57Z,,1,1,Determined upon crew arrival,New,OUTAGE,Single Customer,PON,NORMAL,42.58999,-83.3979
SE26010300231,2026-01-03T23:20:05Z,2026-01-04T09:41:01Z,7,2026-01-03T22:45:28Z,2026-01-04T15:15:00Z,1,1,Equipment problem,In Progres,OUTAGE,Single Customer,RFD,NORMAL,42.37039,-83.17226
NE26010300247,2026-01-04T01:59:09Z,2026-01-04T09:41:01Z,4,2026-01-03T22:02:34Z,2026-01-04T05:30:00Z,1,1,Determined upon crew arrival,In Progres,OUTAGE,Single Customer,LAP,NORMAL,43.04298,-83.30336
NW26010300244,2026-01-04T01:59:09Z,2026-01-04T09:41:01Z,4,2026-01-04T00:35:10Z,2026-01-04T05:05:00Z,1,1,Determined upon crew arrival,In Progres,OUTAGE,Single Customer,SBY,NORMAL,42.74678,-83.03355
NW26010300264,2026-01-04T03:56:02Z,2026-01-04T09:41:01Z,3,2026-01-04T02:35:18Z,2026-01-04T07:05:00Z,1,1,Determined upon crew arrival,New,SERVICE DOWN NO,,PON,NORMAL,42.56031,-83.26545
SW26010300261,2026-01-04T03:56:02Z,2026-01-04T09:41:01Z,3,2026-01-04T02:18:47Z,2026-01-04T06:55:00Z,9,9,Determined upon crew arrival,New,OUTAGE,Service Transformer,WWS,NORMAL,42.20493,-83.40517
NE26010400012,2026-01-04T11:17:54Z,2026-01-04T14:52:32Z,9,2026-01-04T07:40:48Z,2026-01-04T16:40:00Z,49,5,Equipment problem,In Progres,OUTAGE,Device (I),MTC,NORMAL,42.65466,-82.93558
NW26010400006,2026-01-04T11:17:54Z,2026-01-04T11:51:15Z,3,2026-01-04T06:50:15Z,2026-01-04T23:20:00Z,1,1,Equipment problem,Pending,OUTAGE,Single Customer,PON,NORMAL,42.55353,-83.4758
NE26010400022,2026-01-04T12:42:20Z,2026-01-04T15:51:16Z,9,2026-01-04T11:55:38Z,2026-01-04T16:25:00Z,1,1,Equipment problem,In Progres,OUTAGE,Single Customer,MTC,NORMAL,42.798,-82.73676
SE26010400021,2026-01-04T12:42:20Z,2026-01-04T15:51:16Z,9,2026-01-02T15:41:12Z,2026-01-04T16:20:00Z,1,1,Equipment problem,In Progres,OUTAGE,Single Customer,RFD,NORMAL,42.38167,-83.14195
NE26010400030,2026-01-04T13:46:14Z,2026-01-04T15:51:16Z,7,2026-01-04T13:29:43Z,2026-01-04T18:00:00Z,1291,1291,Determined upon crew arrival,In Progres,OUTAGE,Circuit Level,MAR,NORMAL,42.8149,-82.52585
NE26010400031,2026-01-04T13:46:14Z,2026-01-04T13:46:14Z,1,2026-01-04T13:30:00Z,2026-01-04T18:00:00Z,2,2,Determined upon crew arrival,New,OUTAGE,Service Transformer,MAR,NORMAL,42.78166,-82.5268
NE26010400032,2026-01-04T13:46:14Z,2026-01-04T13:46:14Z,1,2026-01-04T13:30:03Z,2026-01-04T18:00:00Z,2,2,Determined upon crew arrival,New,OUTAGE,Service Secondary,MAR,NORMAL,42.82436,-82.50319
NE26010400033,2026-01-04T13:46:14Z,2026-01-04T13:46:14Z,1,2026-01-04T13:30:14Z,,1,1,Determined upon crew arrival,New,OUTAGE,Single Customer,MAR,NORMAL,42.80188,-82.53047
NE26010400034,2026-01-04T13:46:14Z,2026-01-04T13:46:14Z,1,2026-01-04T13:30:18Z,,1,1,Determined upon crew arrival,New,OUTAGE,Single Customer,MAR,NORMAL,42.82301,-82.50262
NE26010400035,2026-01-04T13:46:14Z,2026-01-04T13:46:14Z,1,2026-01-04T13:30:18Z,,1,1,Determined upon crew arrival,New,OUTAGE,Single Customer,MAR,NORMAL,42.78393,-82.51356
NE26010400036,2026-01-04T13:46:14Z,2026-01-04T13:46:14Z,1,2026-01-04T13:30:17Z,,1,1,Determined upon crew arrival,New,OUTAGE,Single Customer,MAR,NORMAL,42.8213,-82.50869
NE26010400037,2026-01-04T13:46:14Z,2026-01-04T13:46:14Z,1,2026-01-04T13:30:23Z,,1,1,Determined upon crew arrival,New,OUTAGE,Single Customer,MAR,NORMAL,42.82618,-82.50555
NE26010400038,2026-01-04T13:46:14Z,2026-01-04T13:46:14Z,1,2026-01-04T13:30:32Z,,1,1,Determined upon crew arrival,New,OUTAGE,Single Customer,MAR,NORMAL,42.81659,-82.5241
NE26010400039,2026-01-04T13:46:14Z,2026-01-04T13:46:14Z,1,2026-01-04T13:30:28Z,,1,1,Determined upon crew arrival,New,OUTAGE,Single Customer,MAR,NORMAL,42.82331,-82.51927
NE26010400040,2026-01-04T13:46:14Z,2026-01-04T13:46:14Z,1,2026-01-04T13:30:36Z,,1,1,Determined upon crew arrival,New,OUTAGE,Single Customer,MAR,NORMAL,42.82963,-82.50682
NE26010400041,2026-01-04T13:46:14Z,2026-01-04T13:46:14Z,1,2026-01-04T13:30:38Z,,1,1,Determined upon crew arrival,New,OUTAGE,Single Customer,MAR,NORMAL,42.82418,-82.5016
NE26010400042,2026-01-04T13:46:14Z,2026-01-04T13:46:14Z,1,2026-01-04T13:30:48Z,,1,1,Determined upon crew arrival,New,OUTAGE,Single Customer,MAR,NORMAL,42.82954,-82.50757
NE26010400043,2026-01-04T13:46:14Z,2026-01-04T13:46:14Z,1,2026-01-04T13:30:47Z,,1,1,Determined upon crew arrival,New,OUTAGE,Single Customer,MAR,NORMAL,42.82501,-82.50795
NE26010400044,2026-01-04T13:46:14Z,2026-01-04T13:46:14Z,1,2026-01-04T13:30:56Z,,1,1,Determined upon crew arrival,New,OUTAGE,Single Customer,MAR,NORMAL,42.81287,-82.514
NE26010400045,2026-01-04T13:46:14Z,2026-01-04T13:46:14Z,1,2026-01-04T13:30:54Z,,1,1,Determined upon crew arrival,New,OUTAGE,Single Customer,MAR,NORMAL,42.82188,-82.50813
NE26010400046,2026-01-04T13:46:14Z,2026-01-04T13:46:14Z,1,2026-01-04T13:31:02Z,,1,1,Determined upon crew arrival,New,OUTAGE,Single Customer,MAR,NORMAL,42.82643,-82.50921
NE26010400047,2026-01-04T13:46:14Z,2026-01-04T13:46:14Z,1,2026-01-04T13:31:00Z,,1,1,Determined upon crew arrival,New,OUTAGE,Single Customer,MAR,NORMAL,42.77991,-82.52894
NE26010400048,2026-01-04T13:46:14Z,2026-01-04T13:46:14Z,1,2026-01-04T13:31:00Z,,1,1,Determined upon crew arrival,New,OUTAGE,Single Customer,MAR,NORMAL,42.82336,-82.50373
SW26010400029,2026-01-04T13:46:14Z,2026-01-04T14:42:03Z,3,2026-01-04T13:16:40Z,2026-01-04T17:45:00Z,7,7,Determined upon crew arrival,In Progres,OUTAGE,Service Transformer,WWS,NORMAL,42.40275,-83.3478
NW26010400133,2026-01-04T14:42:03Z,2026-01-04T15:51:16Z,5,2026-01-04T14:20:05Z,2026-01-04T18:50:00Z,1,1,Equipment problem,In Progres,OUTAGE,Single Customer,PON,NORMAL,42.57459,-83.12639
NE26010400158,2026-01-04T15:20:21Z,2026-01-04T15:51:16Z,3,2026-01-04T15:10:01Z,2026-01-04T19:40:00Z,1,1,Determined upon crew arrival,In Progres,PRIORITY,,MAR,NORMAL,42.79022,-82.5332
SW26010400143,2026-01-04T15:20:21Z,2026-01-04T15:51:16Z,3,2026-01-04T14:58:53Z,2026-01-04T19:30:00Z,10,10,Determined upon crew arrival,In Progres,OUTAGE,Circuit Level,ANN,NORMAL,42.39594,-83.78777
SW26010400155,2026-01-04T15:20:21Z,2026-01-04T15:51:16Z,3,2026-01-04T15:06:49Z,2026-01-04T19:40:00Z,38,38,Animal/bird damaged DTE equip,In Progres,OUTAGE,Device (I),WWS,NORMAL,42.1905,-83.47845
SW26010400165,2026-01-04T15:20:21Z,2026-01-04T15:20:21Z,1,2026-01-04T15:13:21Z,,1,1,Determined upon crew arrival,New,OUTAGE,Single Customer,WWS,NORMAL,42.1904,-83.47704
SW26010400167,2026-01-04T15:20:21Z,2026-01-04T15:20:21Z,1,2026-01-04T15:14:39Z,,1,1,Determined upon crew arrival,New,OUTAGE,Single Customer,ANN,NORMAL,42.38034,-83.80541
SW26010400168,2026-01-04T15:20:21Z,2026-01-04T15:20:21Z,1,2026-01-04T14:59:53Z,,1,1,Determined upon crew arrival,New,OUTAGE,Single Customer,ANN,NORMAL,42.39396,-83.77185
SW26010400169,2026-01-04T15:20:21Z,2026-01-04T15:20:21Z,1,2026-01-04T15:00:07Z,,1,1,Determined upon crew arrival,New,OUTAGE,Single Customer,ANN,NORMAL,42.37997,-83.75015
SW26010400170,2026-01-04T15:20:21Z,2026-01-04T15:20:21Z,1,2026-01-04T15:00:03Z,,1,1,Determined upon crew arrival,New,OUTAGE,Single Customer,ANN,NORMAL,42.39082,-83.70317
SE26010400180,2026-01-04T15:40:42Z,2026-01-04T15:51:16Z,2,2026-01-03T17:53:26Z,2026-01-04T19:55:00Z,1,1,Determined upon crew arrival,In Progres,OUTAGE,Single Customer,RFD,NORMAL,42.2993,-83.26112
SW26010400176,2026-01-04T15:40:42Z,2026-01-04T15:40:42Z,1,2026-01-04T15:18:34Z,2026-01-04T19:50:00Z,1,1,Determined upon crew arrival,New,OUTAGE,Single Customer,ANN,NORMAL,42.40015,-83.75313
SW26010400182,2026-01-04T15:40:42Z,2026-01-04T15:51:16Z,2,2026-01-04T15:19:09Z,2026-01-04T20:00:00Z,1,1,Determined upon crew arrival,New,OUTAGE,Single Customer,NPT,NORMAL,42.08138,-83.24719
NW26010400185,2026-01-04T15:51:16Z,2026-01-04T15:51:16Z,1,2026-01-04T15:34:57Z,2026-01-04T20:05:00Z,1,1,Determined upon crew arrival,In Progres,OUTAGE,Single Customer,SBY,NORMAL,42.58674,-83.02436
SE26010400184,2026-01-04T15:51:16Z,2026-01-04T15:51:16Z,1,2026-01-04T15:32:44Z,2026-01-04T20:05:00Z,1,1,Determined upon crew arrival,New,OUTAGE,Single Customer,RFD,NORMAL,42.40168,-83.16768
SE26010400187,2026-01-04T15:51:16Z,2026-01-04T15:51:16Z,1,2026-01-04T15:39:08Z,2026-01-04T20:10:00Z,1,1,Determined upon crew arrival,New,OUTAGE,Single Customer,RFD,NORMAL,42.36648,-83.23183
NE26010400455,2026-01-05T11:20:38Z,2026-01-05T23:52:52Z,27,2026-01-05T02:25:58Z,2026-01-06T06:55:00Z,1,1,Equipment problem,Pending,OUTAGE,Single Customer,MTC,NORMAL,42.5433,-82.85915
NE26010400469,2026-01-05T11:20:38Z,2026-01-05T19:01:08Z,15,2026-01-05T02:34:23Z,2026-01-05T19:05:00Z,1,1,Equipment problem,In Progres,OUTAGE,Single Customer,MAR,NORMAL,43.26505,-82.52815
NE26010500018,2026-01-05T11:20:38Z,2026-01-05T16:34:05Z,10,2026-01-05T11:02:15Z,2026-01-06T03:35:00Z,1,1,Determined upon crew arrival,In Progres,OUTAGE,Single Customer,MTC,NORMAL,42.46371,-82.97472
SW26010400482,2026-01-05T11:20:38Z,2026-01-05T15:56:56Z,9,2026-01-05T03:02:56Z,2026-01-05T19:35:00Z,1,1,Equipment problem,In Progres,OUTAGE,Single Customer,NPT,NORMAL,42.11279,-83.17078
NW26010500021,2026-01-05T12:50:23Z,2026-01-05T16:34:05Z,8,2026-01-04T22:43:25Z,2026-01-06T04:10:00Z,1,1,Determined upon crew arrival,In Progres,OUTAGE,Single Customer,SBY,NORMAL,42.72414,-83.02876
NW26010500024,2026-01-05T12:50:23Z,2026-01-05T16:59:26Z,9,2026-01-05T11:52:41Z,2026-01-06T04:25:00Z,1,1,Equipment problem,In Progres,OUTAGE,Single Customer,HWL,NORMAL,42.58176,-83.84239
SE26010500020,2026-01-05T12:50:23Z,2026-01-05T20:27:11Z,16,2026-01-05T11:38:27Z,2026-01-06T04:10:00Z,1,1,Determined upon crew arrival,In Progres,OUTAGE,Single Customer,TBY_S,NORMAL,42.51581,-83.22435
NE26010500043,2026-01-05T13:41:20Z,2026-01-06T09:01:21Z,36,2026-01-05T13:11:13Z,2026-01-06T17:40:00Z,1,1,Equipment problem,In Progres,OUTAGE,Single Customer,MTC,NORMAL,42.49124,-83.02685
NE26010500049,2026-01-05T13:41:20Z,2026-01-05T16:34:05Z,7,2026-01-05T13:17:43Z,2026-01-05T17:50:00Z,1,1,Determined upon crew arrival,In Progres,OUTAGE,Single Customer,MAR,NORMAL,42.81061,-82.70012
NE26010500057,2026-01-05T13:41:20Z,2026-01-05T14:59:04Z,4,2026-01-05T13:26:21Z,2026-01-05T17:55:00Z,4,4,Equipment problem,Pending,OUTAGE,Service Transformer,MTC,NORMAL,42.54108,-82.93422
NW26010500059,2026-01-05T13:41:20Z,2026-01-05T15:33:26Z,5,2026-01-05T13:29:54Z,2026-01-05T18:00:00Z,1,1,Equipment problem,In Progres,OUTAGE,Single Customer,PON,NORMAL,42.55056,-83.42559
SE26010500058,2026-01-05T13:41:20Z,2026-01-06T04:58:34Z,28,2026-01-05T13:20:32Z,2026-01-06T06:00:00Z,1,1,Problem with the customer equip,In Progres,OUTAGE,Single Customer,CAN,NORMAL,42.42381,-83.03272
SW26010500037,2026-01-05T13:41:20Z,2026-01-05T14:01:11Z,2,2026-01-05T12:55:29Z,2026-01-05T17:30:00Z,7,7,Determined upon crew arrival,In Progres,OUTAGE,Service Transformer,WWS,NORMAL,42.44565,-83.41934
SW26010500038,2026-01-05T13:41:20Z,2026-01-05T14:43:37Z,3,2026-01-05T12:55:29Z,2026-01-05T17:30:00Z,6,6,Animal/bird damaged DTE equip,In Progres,OUTAGE,Service Transformer,WWS,NORMAL,42.44607,-83.42034
NW26010500065,2026-01-05T14:01:11Z,2026-01-05T14:59:04Z,3,2026-01-05T13:36:19Z,2026-01-05T18:05:00Z,17,17,Equipment problem,In Progres,OUTAGE,Device (I),HWL,NORMAL,42.63035,-83.77026
NE26010500074,2026-01-05T14:43:37Z,2026-01-05T17:54:30Z,8,2026-01-05T13:15:44Z,2026-01-05T18:20:00Z,1,1,Determined upon crew arrival,In Progres,OUTAGE,Single Customer,LAP,NORMAL,42.82374,-83.26319
NE26010500108,2026-01-05T14:43:37Z,2026-01-05T14:43:37Z,1,2026-01-05T14:08:34Z,2026-01-05T18:55:00Z,2,2,Determined upon crew arrival,New,OUTAGE,Service Transformer,MAR,NORMAL,43.14417,-82.50244
NW26010500072,2026-01-05T14:43:37Z,2026-01-05T15:33:26Z,3,2026-01-05T13:31:17Z,2026-01-05T18:20:00Z,1,1,Equipment problem,In Progres,OUTAGE,Single Customer,SBY,NORMAL,42.54293,-83.02802
SE26010500085,2026-01-05T14:43:37Z,2026-01-05T14:59:04Z,2,2026-01-05T13:53:19Z,2026-01-05T18:30:00Z,11,11,Equipment problem,In Progres,OUTAGE,Device (I),RFD,NORMAL,42.46109,-83.13358
SE26010500091,2026-01-05T14:43:37Z,2026-01-05T17:54:30Z,8,2026-01-04T23:38:00Z,2026-01-05T18:35:00Z,1,1,Equipment problem,In Progres,OUTAGE,Single Customer,RFD,NORMAL,42.46917,-83.10506
SE26010500096,2026-01-05T14:43:37Z,2026-01-05T15:33:26Z,3,2026-01-05T14:09:33Z,2026-01-05T18:40:00Z,1,1,Equipment problem,In Progres,OUTAGE,Single Customer,RFD,NORMAL,42.41664,-83.30073
SE26010500106,2026-01-05T14:43:37Z,2026-01-05T14:59:04Z,2,2026-01-05T14:22:36Z,2026-01-05T18:55:00Z,1,1,Determined upon crew arrival,New,OUTAGE,Single Customer,RFD,NORMAL,42.42578,-83.27583
SE26010500113,2026-01-05T14:43:37Z,2026-01-05T15:56:56Z,4,2026-01-05T14:21:04Z,2026-01-05T18:55:00Z,2,2,Determined upon crew arrival,In Progres,OUTAGE,Service Secondary,RFD,NORMAL,42.38271,-83.19074
SW26010500086,2026-01-05T14:43:37Z,2026-01-05T14:43:37Z,1,2026-01-05T13:58:26Z,2026-01-05T18:30:00Z,1,1,Determined upon crew arrival,In Progres,OUTAGE,Single Customer,WWS,NORMAL,42.40172,-83.32415
SE26010500117,2026-01-05T14:59:04Z,2026-01-05T15:56:56Z,3,2026-01-05T14:30:53Z,2026-01-05T19:00:00Z,1,1,Equipment problem,In Progres,OUTAGE,Single Customer,CAN,NORMAL,42.44078,-82.92461
SE26010500123,2026-01-05T14:59:04Z,2026-01-05T16:34:05Z,4,2026-01-05T14:35:22Z,2026-01-05T19:05:00Z,2,2,Determined upon crew arrival,In Progres,OUTAGE,Service Secondary,RFD,NORMAL,42.38638,-83.18429
SE26010500128,2026-01-05T14:59:04Z,2026-01-05T16:59:26Z,5,2026-01-05T14:41:22Z,2026-01-05T19:10:00Z,1,1,Equipment problem,In Progres,OUTAGE,Single Customer,CAN,NORMAL,42.39496,-83.05112
SE26010500131,2026-01-05T14:59:04Z,2026-01-05T15:33:26Z,2,2026-01-05T14:42:45Z,2026-01-05T19:15:00Z,17,17,Determined upon crew arrival,In Progres,OUTAGE,Service Transformer,CAN,NORMAL,42.43659,-83.00829
NE26010500136,2026-01-05T15:33:26Z,2026-01-05T16:34:05Z,3,2026-01-05T14:50:10Z,2026-01-05T19:20:00Z,1,1,Determined upon crew arrival,In Progres,OUTAGE,Single Customer,MAR,NORMAL,42.98035,-82.48754
NE26010500141,2026-01-05T15:33:26Z,2026-01-05T23:52:52Z,20,2026-01-05T14:54:20Z,2026-01-06T07:25:00Z,1,1,Determined upon crew arrival,In Progres,OUTAGE,Single Customer,MTC,NORMAL,42.54369,-82.86513
NE26010500150,2026-01-05T15:33:26Z,2026-01-05T18:35:15Z,7,2026-01-05T14:59:27Z,2026-01-05T19:30:00Z,1,1,Equipment problem,In Progres,OUTAGE,Single Customer,NAE,NORMAL,43.3269,-83.09149
NW26010500144,2026-01-05T15:33:26Z,2026-01-05T21:43:35Z,14,2026-01-05T14:25:37Z,2026-01-06T07:25:00Z,1,1,Equipment problem,In Progres,OUTAGE,Single Customer,PON,NORMAL,42.70745,-83.42236
SE26010500143,2026-01-05T15:33:26Z,2026-01-05T18:35:15Z,7,2026-01-05T14:55:45Z,2026-01-05T19:25:00Z,1,1,Determined upon crew arrival,In Progres,OUTAGE,Single Customer,RFD,NORMAL,42.50229,-83.14755
SE26010500153,2026-01-05T15:33:26Z,2026-01-05T16:34:05Z,3,2026-01-05T15:02:34Z,2026-01-05T19:35:00Z,1,1,Determined upon crew arrival,In Progres,OUTAGE,Single Customer,CAN,NORMAL,42.43665,-82.98683
SE26010500154,2026-01-05T15:33:26Z,2026-01-05T16:34:05Z,3,2026-01-05T15:06:08Z,2026-01-05T19:35:00Z,2,2,Determined upon crew arrival,In Progres,OUTAGE,Service Secondary,RFD,NORMAL,42.38539,-83.18423
NE26010500164,2026-01-05T15:56:56Z,2026-01-05T19:01:08Z,7,2026-01-05T15:17:38Z,2026-01-05T19:50:00Z,1,1,Determined upon crew arrival,PC3 Verifi,OUTAGE,Single Customer,MTC,NORMAL,42.61402,-82.93719
NE26010500177,2026-01-05T15:56:56Z,2026-01-05T16:34:05Z,2,2026-01-05T15:28:04Z,2026-01-05T20:00:00Z,1,1,Determined upon crew arrival,In Progres,OUTAGE,Single Customer,LAP,NORMAL,43.21573,-83.44823
NE26010500183,2026-01-05T15:56:56Z,2026-01-05T17:54:30Z,5,2026-01-05T15:28:22Z,2026-01-05T20:00:00Z,10,10,Determined upon crew arrival,In Progres,OUTAGE,Service Transformer,MTC,NORMAL,42.49072,-82.98529
NE26010500191,2026-01-05T15:56:56Z,2026-01-05T20:27:11Z,10,2026-01-05T14:08:34Z,2026-01-05T20:10:00Z,2,2,Equipment problem,In Progres,OUTAGE,Service Transformer,MAR,NORMAL,43.14417,-82.50244
NE26010500200,2026-01-05T15:56:56Z,2026-01-05T15:56:56Z,1,2026-01-05T15:28:22Z,2026-01-05T20:10:00Z,1,1,Determined upon crew arrival,New,OUTAGE,Single Customer,MTC,NORMAL,42.49003,-82.98612
NW26010500163,2026-01-05T15:56:56Z,2026-01-05T15:56:56Z,1,2026-01-05T15:01:38Z,2026-01-05T19:45:00Z,4,4,Determined upon crew arrival,In Progres,OUTAGE,Service Transformer,HWL,NORMAL,42.67984,-83.9155
NW26010500168,2026-01-05T15:56:56Z,2026-01-05T16:34:05Z,2,2026-01-05T15:20:50Z,2026-01-05T19:50:00Z,3,3,Determined upon crew arrival,In Progres,OUTAGE,Service Transformer,HWL,NORMAL,42.55903,-83.74421
NW26010500196,2026-01-05T15:56:56Z,2026-01-05T16:59:26Z,3,2026-01-05T15:35:00Z,2026-01-05T20:10:00Z,19,19,Equipment problem,In Progres,OUTAGE,Device (I),SBY,NORMAL,42.65682,-83.17072
NW26010500198,2026-01-05T15:56:56Z,2026-01-05T15:56:56Z,1,2026-01-05T15:26:08Z,2026-01-05T20:10:00Z,1,1,Determined upon crew arrival,New,OUTAGE,Single Customer,PON,NORMAL,42.80041,-83.50848
SE26010500161,2026-01-05T15:56:56Z,2026-01-05T16:34:05Z,2,2026-01-05T15:15:51Z,2026-01-05T19:45:00Z,2,2,Determined upon crew arrival,In Progres,OUTAGE,Service Secondary,RFD,NORMAL,42.38555,-83.20823
SE26010500166,2026-01-05T15:56:56Z,2026-01-05T15:56:56Z,1,2026-01-05T15:19:00Z,2026-01-05T19:50:00Z,1,1,Determined upon crew arrival,In Progres,OUTAGE,Single Customer,RFD,NORMAL,42.25704,-83.20323
SE26010500173,2026-01-05T15:56:56Z,2026-01-05T17:31:55Z,4,2026-01-05T15:23:06Z,2026-01-05T19:55:00Z,1,1,Determined upon crew arrival,In Progres,OUTAGE,Service Secondary,RFD,NORMAL,42.37961,-83.14296
SE26010500178,2026-01-05T15:56:56Z,2026-01-05T20:48:10Z,11,2026-01-05T15:23:53Z,2026-01-06T08:00:00Z,1,1,Problem with the customer equip,In Progres,OUTAGE,Single Customer,RFD,NORMAL,42.34243,-83.1893
SE26010500181,2026-01-05T15:56:56Z,2026-01-05T17:31:55Z,4,2026-01-05T15:25:53Z,2026-01-05T20:00:00Z,1,1,Equipment problem,In Progres,OUTAGE,Single Customer,RFD,NORMAL,42.38135,-83.14303
SE26010500188,2026-01-05T15:56:56Z,2026-01-05T15:56:56Z,1,2026-01-05T15:35:02Z,2026-01-05T20:05:00Z,1,1,Determined upon crew arrival,In Progres,OUTAGE,Single Customer,RFD,NORMAL,42.46687,-83.15235
SE26010500190,2026-01-05T15:56:56Z,2026-01-05T16:34:05Z,2,2026-01-05T15:36:40Z,2026-01-05T20:05:00Z,19,19,Determined upon crew arrival,In Progres,OUTAGE,Service Transformer,RFD,NORMAL,42.38362,-83.20089
SE26010500199,2026-01-05T15:56:56Z,2026-01-05T16:34:05Z,2,2026-01-05T15:41:12Z,2026-01-05T20:10:00Z,1,1,Determined upon crew arrival,In Progres,OUTAGE,Service Secondary,RFD,NORMAL,42.37536,-83.16393
SW26010500160,2026-01-05T15:56:56Z,2026-01-05T17:54:30Z,5,2026-01-05T15:15:14Z,2026-01-05T19:45:00Z,1,1,Determined upon crew arrival,In Progres,OUTAGE,Service Secondary,WWS,NORMAL,42.39979,-83.32403
SW26010500165,2026-01-05T15:56:56Z,2026-01-05T17:31:55Z,4,2026-01-05T15:18:05Z,2026-01-05T19:50:00Z,18,18,Determined upon crew arrival,In Progres,OUTAGE,Device (I),WWS,NORMAL,42.44457,-83.3749
SW26010500182,2026-01-05T15:56:56Z,2026-01-05T16:34:05Z,2,2026-01-05T15:31:41Z,2026-01-05T20:00:00Z,1,1,Determined upon crew arrival,In Progres,OUTAGE,Single Customer,WWS,NORMAL,42.41271,-83.32517
SW26010500197,2026-01-05T15:56:56Z,2026-01-05T17:31:55Z,4,2026-01-05T15:40:35Z,2026-01-05T20:10:00Z,2,2,Determined upon crew arrival,In Progres,OUTAGE,Service Secondary,NPT,NORMAL,41.91003,-83.40217
NE26010500216,2026-01-05T16:34:05Z,2026-01-05T16:59:26Z,2,2026-01-05T15:52:28Z,2026-01-05T20:25:00Z,1,1,Determined upon crew arrival,In Progres,OUTAGE,Single Customer,LAP,NORMAL,42.94163,-83.2641
NW26010500212,2026-01-05T16:34:05Z,2026-01-05T16:59:26Z,2,2026-01-05T15:52:22Z,2026-01-05T20:20:00Z,1,1,Determined upon crew arrival,In Progres,OUTAGE,Single Customer,SBY,NORMAL,42.75495,-83.14583
SE26010500207,2026-01-05T16:34:05Z,2026-01-05T17:31:55Z,3,2026-01-05T15:47:33Z,2026-01-05T20:20:00Z,1,1,Determined upon crew arrival,In Progres,OUTAGE,Single Customer,RFD,NORMAL,42.41697,-83.25725
SE26010500223,2026-01-05T16:34:05Z,2026-01-05T17:31:55Z,3,2026-01-05T16:02:00Z,2026-01-05T20:30:00Z,1,1,Determined upon crew arrival,In Progres,OUTAGE,Service Secondary,RFD,NORMAL,42.37346,-83.18189
SE26010500232,2026-01-05T16:34:05Z,2026-01-05T16:59:26Z,2,2026-01-05T16:05:57Z,2026-01-05T20:35:00Z,2,2,Determined upon crew arrival,In Progres,OUTAGE,Service Secondary,CAN,NORMAL,42.37288,-83.11794
SE26010500239,2026-01-05T16:34:05Z,2026-01-05T20:48:10Z,10,2026-01-05T16:07:01Z,2026-01-05T20:35:00Z,1,1,Determined upon crew arrival,In Progres,SERVICE DOWN NO,,RFD,NORMAL,42.36547,-83.2318
SE26010500244,2026-01-05T16:34:05Z,2026-01-05T19:51:19Z,8,2026-01-05T16:08:43Z,2026-01-05T20:40:00Z,1,1,Determined upon crew arrival,In Progres,OUTAGE,Single Customer,CAN,NORMAL,42.42864,-82.95407
SE26010500254,2026-01-05T16:34:05Z,2026-01-05T16:34:05Z,1,2026-01-05T15:58:08Z,,1,1,Determined upon crew arrival,New,OUTAGE,Single Customer,CAN,NORMAL,42.41476,-83.12004
SE26010500255,2026-01-05T16:34:05Z,2026-01-05T16:34:05Z,1,2026-01-05T15:59:45Z,,12,12,Determined upon crew arrival,New,OUTAGE,Service Transformer,RFD,NORMAL,42.4182,-83.2581
SW26010500230,2026-01-05T16:34:05Z,2026-01-05T16:34:05Z,1,2026-01-05T16:04:54Z,2026-01-05T20:35:00Z,1,1,Determined upon crew arrival,New,OUTAGE,Single Customer,WWS,NORMAL,42.20299,-83.45147
SW26010500243,2026-01-05T16:34:05Z,2026-01-05T17:31:55Z,3,2026-01-05T15:53:00Z,2026-01-05T20:40:00Z,3,3,Determined upon crew arrival,In Progres,OUTAGE,Service Transformer,ANN,NORMAL,42.20618,-83.57281
SW26010500250,2026-01-05T16:34:05Z,2026-01-05T16:59:26Z,2,2026-01-05T16:11:51Z,2026-01-05T20:40:00Z,1,1,Determined upon crew arrival,In Progres,OUTAGE,Single Customer,WWS,NORMAL,42.19093,-83.45211
SW26010500252,2026-01-05T16:34:05Z,2026-01-05T17:54:30Z,4,2026-01-05T16:12:03Z,2026-01-05T20:40:00Z,9,9,Public Interference w/DTE equip,In Progres,OUTAGE,Service Transformer,NPT,NORMAL,41.9475,-83.40335
SW26010500256,2026-01-05T16:34:05Z,2026-01-05T16:59:26Z,2,2026-01-05T16:14:47Z,2026-01-05T20:45:00Z,1,1,Determined upon crew arrival,In Progres,OUTAGE,Single Customer,WWS,NORMAL,42.19737,-83.44749
NE26010500257,2026-01-05T16:59:26Z,2026-01-06T01:50:10Z,18,2026-01-05T01:04:40Z,2026-01-06T08:45:00Z,1,1,Equipment problem,In Progres,OUTAGE,Single Customer,MTC,NORMAL,42.8014,-82.75632
NE26010500266,2026-01-05T16:59:26Z,2026-01-05T17:31:55Z,2,2026-01-05T16:23:39Z,2026-01-05T20:55:00Z,2,2,Determined upon crew arrival,PC3 Verifi,OUTAGE,Service Secondary,MTC,NORMAL,42.49003,-82.98612
NE26010500273,2026-01-05T16:59:26Z,2026-01-05T17:31:55Z,2,2026-01-05T16:25:27Z,2026-01-05T20:55:00Z,9,9,Determined upon crew arrival,In Progres,OUTAGE,Service Transformer,MTC,NORMAL,42.45751,-83.03175
NE26010500301,2026-01-05T16:59:26Z,2026-01-05T17:54:30Z,3,2026-01-05T16:45:07Z,2026-01-05T21:15:00Z,1,1,Determined upon crew arrival,In Progres,OUTAGE,Single Customer,MAR,NORMAL,43.1256,-82.51105
NW26010500270,2026-01-05T16:59:26Z,2026-01-05T17:31:55Z,2,2026-01-05T16:26:00Z,2026-01-05T20:55:00Z,2,2,Determined upon crew arrival,In Progres,OUTAGE,Service Secondary,SBY,NORMAL,42.54503,-83.05623
NW26010500289,2026-01-05T16:59:26Z,2026-01-05T18:35:15Z,4,2026-01-05T16:35:25Z,2026-01-05T21:05:00Z,1,1,Equipment problem,In Progres,OUTAGE,Single Customer,PON,NORMAL,42.56216,-83.3874
NW26010500291,2026-01-05T16:59:26Z,2026-01-05T23:52:52Z,17,2026-01-05T16:36:37Z,2026-01-06T01:05:00Z,1,1,Equipment problem,In Progres,PRIORITY,,SBY,NORMAL,42.6938,-83.13254
NW26010500298,2026-01-05T16:59:26Z,2026-01-05T17:54:30Z,3,2026-01-05T16:41:03Z,2026-01-05T21:10:00Z,9,9,Determined upon crew arrival,In Progres,OUTAGE,Service Transformer,SBY,NORMAL,42.67999,-83.16059
SE26010500269,2026-01-05T16:59:26Z,2026-01-05T17:31:55Z,2,2026-01-05T16:25:37Z,2026-01-05T20:55:00Z,2,2,Determined upon crew arrival,In Progres,OUTAGE,Service Secondary,CAN,NORMAL,42.43357,-83.01348
SE26010500295,2026-01-05T16:59:26Z,2026-01-05T17:54:30Z,3,2026-01-05T16:37:19Z,2026-01-05T21:10:00Z,1,1,Determined upon crew arrival,In Progres,OUTAGE,Single Customer,RFD,NORMAL,42.37731,-83.17377
SW26010500294,2026-01-05T16:59:26Z,2026-01-05T16:59:26Z,1,2026-01-05T16:38:42Z,2026-01-05T21:10:00Z,11,11,Determined upon crew arrival,In Progres,OUTAGE,Service Transformer,ANN,NORMAL,42.24649,-83.63534
NE26010500316,2026-01-05T17:31:55Z,2026-01-05T17:31:55Z,1,2026-01-05T16:54:21Z,2026-01-05T21:25:00Z,6,6,Determined upon crew arrival,In Progres,OUTAGE,Service Transformer,MAR,NORMAL,43.0112,-82.46639
NE26010500319,2026-01-05T17:31:55Z,2026-01-05T19:01:08Z,4,2026-01-05T16:55:11Z,2026-01-05T21:25:00Z,1,1,Determined upon crew arrival,In Progres,OUTAGE,Single Customer,NAE,NORMAL,43.71669,-82.72732
NE26010500323,2026-01-05T17:31:55Z,2026-01-07T01:49:49Z,61,2026-01-05T16:57:27Z,2026-01-07T05:25:00Z,1,1,Determined upon crew arrival,In Progres,PRIORITY,,MTC,NORMAL,42.50749,-82.89509
NW26010500333,2026-01-05T17:31:55Z,2026-01-05T17:31:55Z,1,2026-01-05T16:58:45Z,,1,1,Determined upon crew arrival,New,OUTAGE,Single Customer,HWL,NORMAL,42.74498,-84.27674
SE26010500302,2026-01-05T17:31:55Z,2026-01-05T17:54:30Z,2,2026-01-05T16:46:28Z,2026-01-05T21:15:00Z,1,1,Determined upon crew arrival,In Progres,OUTAGE,Single Customer,RFD,NORMAL,42.38567,-83.18674
SE26010500313,2026-01-05T17:31:55Z,2026-01-05T20:48:10Z,8,2026-01-05T16:50:59Z,2026-01-05T21:25:00Z,1,1,Determined upon crew arrival,In Progres,OUTAGE,Single Customer,RFD,NORMAL,42.39039,-83.20187
SE26010500317,2026-01-05T17:31:55Z,2026-01-06T09:55:59Z,30,2026-01-05T16:38:39Z,2026-01-06T21:25:00Z,1,1,Equipment problem,In Progres,OUTAGE,Single Customer,RFD,NORMAL,42.5033,-83.2304
SE26010500325,2026-01-05T17:31:55Z,2026-01-05T19:31:28Z,5,2026-01-05T16:59:48Z,2026-01-05T21:30:00Z,1,1,Equipment problem,In Progres,OUTAGE,Single Customer,CAN,NORMAL,42.40343,-83.10227
SE26010500326,2026-01-05T17:31:55Z,2026-01-05T17:54:30Z,2,2026-01-05T17:00:16Z,2026-01-05T21:30:00Z,1,1,Determined upon crew arrival,In Progres,OUTAGE,Service Secondary,RFD,NORMAL,42.38257,-83.19285
SE26010500328,2026-01-05T17:31:55Z,2026-01-05T18:35:15Z,3,2026-01-05T17:06:13Z,2026-01-05T21:35:00Z,2,2,Determined upon crew arrival,In Progres,OUTAGE,Service Secondary,CAN,NORMAL,42.39989,-83.08894
SE26010500329,2026-01-05T17:31:55Z,2026-01-05T20:27:11Z,7,2026-01-05T17:06:20Z,2026-01-05T21:35:00Z,1,1,Equipment problem,In Progres,OUTAGE,Single Customer,CAN,NORMAL,42.35974,-82.98835
SE26010500334,2026-01-05T17:31:55Z,2026-01-05T17:31:55Z,1,2026-01-05T17:14:54Z,,1,1,Determined upon crew arrival,New,OUTAGE,Single Customer,CAN,NORMAL,42.43057,-82.93947
NE26010500372,2026-01-05T17:54:30Z,2026-01-05T17:54:30Z,1,2026-01-05T17:36:19Z,2026-01-05T22:05:00Z,1,1,Determined upon crew arrival,In Progres,OUTAGE,Single Customer,LAP,NORMAL,43.21558,-83.44918
NW26010500370,2026-01-05T17:54:30Z,2026-01-05T19:01:08Z,3,2026-01-05T17:35:12Z,2026-01-05T22:05:00Z,1,1,Equipment problem,In Progres,OUTAGE,Single Customer,HWL,NORMAL,42.74567,-84.27643
NW26010500375,2026-01-05T17:54:30Z,2026-01-05T23:21:18Z,13,2026-01-05T17:39:24Z,2026-01-06T10:10:00Z,1,1,Public Interference w/DTE equip,Pending,SERVICE DOWN NO,,HWL,NORMAL,42.45033,-83.70569
SE26010500358,2026-01-05T17:54:30Z,2026-01-05T19:01:08Z,3,2026-01-05T17:28:58Z,2026-01-05T22:00:00Z,22,22,Equipment problem,In Progres,OUTAGE,Service Transformer,RFD,NORMAL,42.4235,-83.23116
SE26010500367,2026-01-05T17:54:30Z,2026-01-05T17:54:30Z,1,2026-01-05T17:32:32Z,2026-01-05T22:05:00Z,1,1,Determined upon crew arrival,New,OUTAGE,Single Customer,RFD,NORMAL,42.32441,-83.26917
SE26010500379,2026-01-05T17:54:30Z,2026-01-05T20:48:10Z,7,2026-01-05T17:39:58Z,2026-01-05T22:10:00Z,4,4,Determined upon crew arrival,In Progres,OUTAGE,Device (I),TBY_S,NORMAL,42.51507,-83.2245
SE26010500380,2026-01-05T17:54:30Z,2026-01-05T19:01:08Z,3,2026-01-05T17:42:00Z,2026-01-05T22:10:00Z,1,1,Determined upon crew arrival,In Progres,OUTAGE,Service Secondary,RFD,NORMAL,42.37776,-83.17622
SE26010500383,2026-01-05T17:54:30Z,2026-01-05T17:54:30Z,1,2026-01-05T17:29:26Z,,1,1,Determined upon crew arrival,New,OUTAGE,Single Customer,CAN,NORMAL,42.41611,-83.07455
SW26010500351,2026-01-05T17:54:30Z,2026-01-05T21:54:07Z,10,2026-01-05T17:24:45Z,2026-01-05T21:55:00Z,1,1,Problem with the customer equip,In Progres,OUTAGE,Single Customer,NPT,NORMAL,41.92848,-83.34607
SW26010500353,2026-01-05T17:54:30Z,2026-01-05T17:54:30Z,1,2026-01-05T17:10:21Z,2026-01-05T21:55:00Z,2,2,Determined upon crew arrival,In Progres,OUTAGE,Service Transformer,ANN,NORMAL,42.17965,-83.82727
SW26010500360,2026-01-05T17:54:30Z,2026-01-05T21:54:07Z,10,2026-01-05T17:29:08Z,2026-01-05T22:00:00Z,1,1,Determined upon crew arrival,In Progres,OUTAGE,Single Customer,NPT,NORMAL,41.92891,-83.33372
SW26010500361,2026-01-05T17:54:30Z,2026-01-05T20:27:11Z,6,2026-01-05T17:29:43Z,2026-01-05T22:00:00Z,1,1,Determined upon crew arrival,In Progres,OUTAGE,Single Customer,WWS,NORMAL,42.27736,-83.35627
SW26010500364,2026-01-05T17:54:30Z,2026-01-05T20:48:10Z,7,2026-01-05T17:30:58Z,2026-01-05T22:00:00Z,1,1,Determined upon crew arrival,In Progres,OUTAGE,Single Customer,WWS,NORMAL,42.46402,-83.45559
SW26010500373,2026-01-05T17:54:30Z,2026-01-05T19:51:19Z,5,2026-01-05T17:36:32Z,2026-01-05T22:05:00Z,1,1,Determined upon crew arrival,In Progres,OUTAGE,Single Customer,NPT,NORMAL,41.93004,-83.34549
SW26010500378,2026-01-05T17:54:30Z,2026-01-05T19:01:08Z,3,2026-01-05T17:40:41Z,2026-01-05T22:10:00Z,1,1,Determined upon crew arrival,In Progres,OUTAGE,Single Customer,NPT,NORMAL,41.92734,-83.34669
NE26010500385,2026-01-05T18:35:15Z,2026-01-05T20:27:11Z,5,2026-01-05T17:46:44Z,2026-01-05T22:15:00Z,1,1,Determined upon crew arrival,In Progres,OUTAGE,Single Customer,MTC,NORMAL,42.76025,-82.97399
NE26010500399,2026-01-05T18:35:15Z,2026-01-05T21:43:35Z,8,2026-01-05T16:06:42Z,2026-01-05T22:35:00Z,1,1,Determined upon crew arrival,In Progres,OUTAGE,Single Customer,LAP,NORMAL,43.03315,-83.1629
NE26010500404,2026-01-05T18:35:15Z,2026-01-05T18:35:15Z,1,2026-01-05T18:03:13Z,2026-01-05T22:45:00Z,5,5,Determined upon crew arrival,In Progres,OUTAGE,Service Transformer,MTC,NORMAL,42.69925,-82.93262
NE26010500405,2026-01-05T18:35:15Z,2026-01-05T18:35:15Z,1,2026-01-05T18:03:13Z,2026-01-05T22:45:00Z,6,6,Determined upon crew arrival,In Progres,OUTAGE,Service Transformer,MTC,NORMAL,42.69903,-82.93187
NW26010500413,2026-01-05T18:35:15Z,2026-01-05T18:35:15Z,1,2026-01-05T18:12:00Z,2026-01-05T22:45:00Z,68,68,Equipment problem,In Progres,OUTAGE,Device (I),HWL,NORMAL,42.76985,-84.34593
NW26010500425,2026-01-05T18:35:15Z,2026-01-05T18:35:15Z,1,2026-01-05T18:14:52Z,2026-01-05T22:50:00Z,21,21,Determined upon crew arrival,In Progres,OUTAGE,Service Transformer,PON,NORMAL,42.63884,-83.28059
SE26010500384,2026-01-05T18:35:15Z,2026-01-05T20:48:10Z,6,2026-01-05T17:46:44Z,2026-01-05T22:15:00Z,1,1,Equipment problem,In Progres,OUTAGE,Single Customer,RFD,NORMAL,42.39301,-83.22308
SE26010500389,2026-01-05T18:35:15Z,2026-01-05T22:46:12Z,11,2026-01-05T17:49:11Z,2026-01-06T10:20:00Z,1,1,Equipment problem,In Progres,OUTAGE,Single Customer,CAN,NORMAL,42.41638,-82.94971
SE26010500391,2026-01-05T18:35:15Z,2026-01-05T22:21:56Z,10,2026-01-05T17:24:08Z,2026-01-05T22:20:00Z,1,1,Determined upon crew arrival,In Progres,OUTAGE,Single Customer,CAN,NORMAL,42.42279,-83.00584
SE26010500408,2026-01-05T18:35:15Z,2026-01-05T19:31:28Z,3,2026-01-05T18:04:03Z,2026-01-05T22:45:00Z,2,2,Determined upon crew arrival,PC3 Verifi,OUTAGE,Service Secondary,RFD,NORMAL,42.37776,-83.17622
SE26010500422,2026-01-05T18:35:15Z,2026-01-05T19:01:08Z,2,2026-01-05T18:16:57Z,2026-01-05T22:45:00Z,1,1,Determined upon crew arrival,In Progres,OUTAGE,Single Customer,RFD,NORMAL,42.42313,-83.22994
SE26010500427,2026-01-05T18:35:15Z,2026-01-05T23:52:52Z,14,2026-01-05T17:47:12Z,2026-01-06T10:55:00Z,1,1,Determined upon crew arrival,In Progres,OUTAGE,Single Customer,CAN,NORMAL,42.43971,-83.04659
SW26010500400,2026-01-05T18:35:15Z,2026-01-05T19:01:08Z,2,2026-01-05T18:01:49Z,2026-01-05T22:35:00Z,1,1,Determined upon crew arrival,In Progres,OUTAGE,Single Customer,WWS,NORMAL,42.40241,-83.32418
SW26010500407,2026-01-05T18:35:15Z,2026-01-05T19:31:28Z,3,2026-01-05T18:04:57Z,2026-01-05T22:45:00Z,1,1,Determined upon crew arrival,In Progres,OUTAGE,Single Customer,WWS,NORMAL,42.43652,-83.48693
SE26010500438,2026-01-05T19:01:08Z,2026-01-05T19:51:19Z,3,2026-01-05T18:36:44Z,2026-01-05T23:05:00Z,2,2,Determined upon crew arrival,In Progres,OUTAGE,Service Secondary,CAN,NORMAL,42.44129,-82.97261
NA26010500473,2026-01-05T19:31:28Z,2026-01-05T19:31:28Z,1,2026-01-05T19:06:15Z,,1,1,Determined upon crew arrival,New,OUTAGE,Single Customer,,NORMAL,42.56488,-82.9953
NW26010500470,2026-01-05T19:31:28Z,2026-01-05T23:52:52Z,12,2026-01-05T19:13:04Z,2026-01-05T23:45:00Z,1,1,Equipment problem,In Progres,OUTAGE,Single Customer,PON,NORMAL,42.59593,-83.11111
SE26010500466,2026-01-05T19:31:28Z,2026-01-06T03:39:54Z,14,2026-01-05T19:06:17Z,2026-01-06T11:35:00Z,1,1,Equipment problem,In Progres,OUTAGE,Single Customer,RFD,NORMAL,42.46996,-83.21384
SE26010500468,2026-01-05T19:31:28Z,2026-01-05T23:52:52Z,12,2026-01-05T19:11:20Z,2026-01-06T11:40:00Z,1,1,Determined upon crew arrival,In Progres,OUTAGE,Single Customer,RFD,NORMAL,42.43462,-83.27602
SE26010500471,2026-01-05T19:31:28Z,2026-01-05T21:43:35Z,6,2026-01-05T19:14:04Z,2026-01-05T23:45:00Z,1,1,Equipment problem,In Progres,OUTAGE,Single Customer,CAN,NORMAL,42.3798,-83.08875
NE26010500485,2026-01-05T19:51:19Z,2026-01-05T22:46:12Z,8,2026-01-05T19:11:14Z,2026-01-06T00:10:00Z,1,1,Determined upon crew arrival,In Progres,OUTAGE,Single Customer,MTC,NORMAL,42.4848,-83.02656
NW26010500498,2026-01-05T19:51:19Z,2026-01-05T19:51:19Z,1,2026-01-05T19:44:50Z,,1,1,Determined upon crew arrival,New,OUTAGE,Single Customer,HWL,NORMAL,42.59031,-83.57432
SE26010500487,2026-01-05T19:51:19Z,2026-01-05T22:46:12Z,8,2026-01-05T19:41:24Z,2026-01-06T00:10:00Z,1,1,Determined upon crew arrival,In Progres,OUTAGE,Single Customer,CAN,NORMAL,42.3135,-83.08335
SE26010500490,2026-01-05T19:51:19Z,2026-01-05T19:51:19Z,1,2026-01-05T19:15:11Z,2026-01-06T00:10:00Z,1,1,Determined upon crew arrival,New,OUTAGE,Single Customer,CAN,NORMAL,42.37027,-82.98625
SW26010500494,2026-01-05T19:51:19Z,2026-01-05T20:27:11Z,2,2026-01-05T19:40:45Z,2026-01-06T00:15:00Z,35,35,Determined upon crew arrival,In Progres,OUTAGE,Device (II),ANN,NORMAL,42.3757,-83.98809
SW26010500495,2026-01-05T19:51:19Z,2026-01-05T21:43:35Z,5,2026-01-05T19:34:18Z,2026-01-06T00:15:00Z,45,45,Determined upon crew arrival,In Progres,OUTAGE,Device (II),ANN,NORMAL,42.37805,-83.98648
SW26010500496,2026-01-05T19:51:19Z,2026-01-05T20:27:11Z,2,2026-01-05T19:40:45Z,2026-01-06T00:15:00Z,1,1,Determined upon crew arrival,New,OUTAGE,Single Customer,ANN,NORMAL,42.37462,-83.98457
NW26010500506,2026-01-05T20:27:11Z,2026-01-05T22:21:56Z,6,2026-01-05T19:40:18Z,2026-01-06T00:15:00Z,16,16,Determined upon crew arrival,In Progres,OUTAGE,Device (II),HWL,NORMAL,42.59017,-83.57481
SE26010500529,2026-01-05T20:27:11Z,2026-01-05T22:46:12Z,7,2026-01-05T19:15:11Z,2026-01-06T00:30:00Z,1,1,Determined upon crew arrival,In Progres,OUTAGE,Single Customer,CAN,NORMAL,42.37027,-82.98625
SW26010500509,2026-01-05T20:27:11Z,2026-01-05T21:54:07Z,5,2026-01-05T19:40:54Z,2026-01-06T00:20:00Z,1,1,Determined upon crew arrival,In Progres,OUTAGE,Single Customer,ANN,NORMAL,42.38078,-83.99153
SW26010500525,2026-01-05T20:27:11Z,2026-01-05T20:27:11Z,1,2026-01-05T19:40:45Z,2026-01-06T00:25:00Z,1,1,Determined upon crew arrival,New,OUTAGE,Single Customer,ANN,NORMAL,42.36809,-83.98353
SW26010500526,2026-01-05T20:27:11Z,2026-01-05T20:27:11Z,1,2026-01-05T19:40:45Z,2026-01-06T00:25:00Z,1,1,Determined upon crew arrival,New,OUTAGE,Single Customer,ANN,NORMAL,42.36819,-83.97362
SW26010500527,2026-01-05T20:27:11Z,2026-01-05T20:27:11Z,1,2026-01-05T19:40:54Z,2026-01-06T00:25:00Z,1,1,Determined upon crew arrival,New,OUTAGE,Single Customer,ANN,NORMAL,42.37078,-83.98433
NE26010500534,2026-01-05T20:48:10Z,2026-01-06T14:57:09Z,32,2026-01-05T20:01:36Z,2026-01-07T00:30:00Z,1,1,Determined upon crew arrival,In Progres,OUTAGE,Single Customer,MTC,NORMAL,42.4538,-83.02679
NE26010500554,2026-01-05T20:48:10Z,2026-01-05T22:46:12Z,6,2026-01-05T20:20:21Z,2026-01-06T00:50:00Z,2,2,Determined upon crew arrival,In Progres,OUTAGE,Service Transformer,LAP,NORMAL,42.93284,-83.19424
NE26010500560,2026-01-05T20:48:10Z,2026-01-05T20:48:10Z,1,2026-01-05T20:29:58Z,,1,1,Determined upon crew arrival,New,OUTAGE,Single Customer,MAR,NORMAL,42.89575,-82.80118
SE26010500533,2026-01-05T20:48:10Z,2026-01-05T20:48:10Z,1,2026-01-05T14:22:36Z,2026-01-06T00:30:00Z,1,1,Determined upon crew arrival,New,OUTAGE,Single Customer,RFD,NORMAL,42.42578,-83.27583
SW26010500535,2026-01-05T20:48:10Z,2026-01-05T21:22:25Z,2,2026-01-05T20:01:48Z,2026-01-06T00:30:00Z,1,1,Determined upon crew arrival,In Progres,OUTAGE,Single Customer,ANN,NORMAL,42.3703,-83.97274
SW26010500537,2026-01-05T20:48:10Z,2026-01-05T22:21:56Z,5,2026-01-05T19:46:07Z,2026-01-06T00:40:00Z,1,1,Determined upon crew arrival,In Progres,OUTAGE,Single Customer,ANN,NORMAL,42.38637,-84.0071
NE26010500577,2026-01-05T21:22:25Z,2026-01-05T22:46:12Z,5,2026-01-05T20:55:28Z,2026-01-06T01:25:00Z,1,1,Animal/bird damaged DTE equip,In Progres,OUTAGE,Single Customer,MAR,NORMAL,43.2021,-82.64479
NW26010500563,2026-01-05T21:22:25Z,2026-01-05T22:46:12Z,5,2026-01-05T20:32:41Z,2026-01-06T01:05:00Z,1,1,Equipment problem,In Progres,OUTAGE,Single Customer,PON,NORMAL,42.63751,-83.61491
NW26010500567,2026-01-05T21:22:25Z,2026-01-05T22:46:12Z,5,2026-01-05T20:42:28Z,2026-01-06T01:10:00Z,1,1,Equipment problem,In Progres,OUTAGE,Single Customer,SBY,NORMAL,42.54698,-82.98568
SE26010500561,2026-01-05T21:22:25Z,2026-01-06T14:32:11Z,30,2026-01-05T19:27:54Z,2026-01-07T01:00:00Z,1,1,Determined upon crew arrival,In Progres,OUTAGE,Single Customer,RFD,NORMAL,42.3048,-83.1352
SE26010500574,2026-01-05T21:22:25Z,2026-01-05T23:52:52Z,8,2026-01-05T20:39:32Z,2026-01-06T01:20:00Z,1,1,Determined upon crew arrival,In Progres,OUTAGE,Single Customer,CAN,NORMAL,42.36441,-83.01405
SE26010500591,2026-01-05T21:22:25Z,2026-01-05T21:22:25Z,1,2026-01-05T21:05:06Z,,1,1,Determined upon crew arrival,New,OUTAGE,Single Customer,RFD,NORMAL,42.46737,-83.2405
SE26010500592,2026-01-05T21:22:25Z,2026-01-05T21:22:25Z,1,2026-01-05T21:14:34Z,,1,1,Determined upon crew arrival,New,OUTAGE,Single Customer,CAN,NORMAL,42.37869,-83.12207
SW26010500575,2026-01-05T21:22:25Z,2026-01-05T23:21:18Z,6,2026-01-05T20:51:34Z,2026-01-06T01:20:00Z,1,1,Wind damage,In Progres,SERVICE DOWN NO,,WWS,NORMAL,42.27463,-83.37162
SW26010500608,2026-01-05T21:54:07Z,2026-01-05T21:54:07Z,1,2026-01-05T20:01:48Z,,1,1,Determined upon crew arrival,New,OUTAGE,Single Customer,ANN,NORMAL,42.3703,-83.97274
SW26010500609,2026-01-05T21:54:07Z,2026-01-05T21:54:07Z,1,2026-01-05T20:04:33Z,,3,3,Determined upon crew arrival,New,OUTAGE,Service Transformer,ANN,NORMAL,42.3757,-83.98809
SW26010500611,2026-01-05T21:54:07Z,2026-01-05T21:54:07Z,1,2026-01-05T21:42:55Z,,1,1,Determined upon crew arrival,New,OUTAGE,Single Customer,ANN,NORMAL,42.37599,-83.99486
SW26010500612,2026-01-05T21:54:07Z,2026-01-05T21:54:07Z,1,2026-01-05T21:43:30Z,,1,1,Determined upon crew arrival,New,OUTAGE,Single Customer,ANN,NORMAL,42.37827,-83.99422
SW26010500613,2026-01-05T21:54:07Z,2026-01-05T21:54:07Z,1,2026-01-05T21:43:44Z,,1,1,Determined upon crew arrival,New,OUTAGE,Single Customer,ANN,NORMAL,42.37565,-83.97698
NE26010500627,2026-01-05T22:21:56Z,2026-01-05T22:21:56Z,1,2026-01-05T21:41:06Z,2026-01-06T02:25:00Z,1,1,Determined upon crew arrival,New,OUTAGE,Single Customer,MTC,NORMAL,42.7283,-82.95509
NW26010500624,2026-01-05T22:21:56Z,2026-01-05T23:52:52Z,5,2026-01-05T21:54:13Z,2026-01-06T02:25:00Z,1,1,Determined upon crew arrival,In Progres,OUTAGE,Single Customer,HWL,NORMAL,42.74655,-84.27735
SE26010500629,2026-01-05T22:21:56Z,2026-01-06T01:50:10Z,6,2026-01-05T14:22:36Z,2026-01-06T02:30:00Z,1,1,Equipment problem,In Progres,OUTAGE,Single Customer,RFD,NORMAL,42.42578,-83.27583
SW26010500614,2026-01-05T22:21:56Z,2026-01-05T22:21:56Z,1,2026-01-05T19:34:18Z,2026-01-06T02:15:00Z,60,60,Determined upon crew arrival,In Progres,OUTAGE,Device (II),ANN,NORMAL,42.37686,-83.98501
SW26010500618,2026-01-05T22:21:56Z,2026-01-05T22:21:56Z,1,2026-01-05T21:33:22Z,2026-01-06T02:20:00Z,4,4,Determined upon crew arrival,In Progres,OUTAGE,Service Transformer,WWS,NORMAL,42.18587,-83.43943
SW26010500630,2026-01-05T22:21:56Z,2026-01-05T22:21:56Z,1,2026-01-05T21:40:45Z,,1,1,Determined upon crew arrival,New,OUTAGE,Single Customer,ANN,NORMAL,42.36819,-83.97362
NE26010500633,2026-01-05T22:46:12Z,2026-01-05T23:52:52Z,4,2026-01-05T21:59:23Z,2026-01-06T02:35:00Z,13,13,Equipment problem,In Progres,OUTAGE,Service Transformer,MTC,NORMAL,42.54618,-82.8641
NW26010500637,2026-01-05T22:46:12Z,2026-01-06T01:50:10Z,5,2026-01-05T14:02:35Z,2026-01-06T02:35:00Z,1,1,Equipment problem,In Progres,OUTAGE,Single Customer,PON,NORMAL,42.77755,-83.23018
NE26010500657,2026-01-05T23:21:18Z,2026-01-06T01:50:10Z,4,2026-01-05T22:50:45Z,2026-01-06T03:25:00Z,60,60,Equipment problem,In Progres,OUTAGE,Device (II),MAR,NORMAL,42.95911,-82.68331
NE26010500670,2026-01-05T23:21:18Z,2026-01-06T04:58:34Z,7,2026-01-05T14:31:05Z,2026-01-06T15:30:00Z,1,1,Equipment problem,In Progres,OUTAGE,Single Customer,MTC,NORMAL,42.48597,-82.91897
SE26010500653,2026-01-05T23:21:18Z,2026-01-06T14:57:09Z,26,2026-01-05T22:45:49Z,2026-01-06T15:15:00Z,1,1,Equipment problem,In Progres,OUTAGE,Single Customer,RFD,NORMAL,42.51084,-83.20497
SE26010500659,2026-01-05T23:21:18Z,2026-01-06T03:39:54Z,5,2026-01-05T22:42:52Z,2026-01-06T15:25:00Z,1,1,Determined upon crew arrival,In Progres,OUTAGE,Single Customer,CAN,NORMAL,42.40237,-83.13645
SW26010500674,2026-01-05T23:21:18Z,2026-01-06T01:50:10Z,4,2026-01-05T23:12:55Z,2026-01-06T03:45:00Z,1,1,Equipment problem,In Progres,OUTAGE,Single Customer,WWS,NORMAL,42.22141,-83.49712
NW26010500685,2026-01-05T23:52:52Z,2026-01-06T01:50:10Z,2,2026-01-05T23:42:22Z,2026-01-06T04:10:00Z,1,1,Equipment problem,In Progres,OUTAGE,Single Customer,SBY,NORMAL,42.59586,-83.01635
NW26010500690,2026-01-06T01:50:10Z,2026-01-06T01:50:10Z,1,2026-01-05T15:44:42Z,2026-01-06T04:25:00Z,1,1,Equipment problem,In Progres,OUTAGE,Single Customer,SBY,NORMAL,42.69185,-83.12956
NW26010500712,2026-01-06T01:50:10Z,2026-01-06T04:27:03Z,3,2026-01-05T19:13:04Z,2026-01-06T06:05:00Z,2,2,Determined upon crew arrival,In Progres,OUTAGE,Service Secondary,PON,NORMAL,42.59593,-83.11111
SW26010500711,2026-01-06T01:50:10Z,2026-01-06T01:50:10Z,1,2026-01-06T01:28:10Z,2026-01-06T06:00:00Z,1,1,Determined upon crew arrival,New,OUTAGE,Single Customer,WWS,NORMAL,42.40465,-83.45041
NE26010500717,2026-01-06T03:39:54Z,2026-01-06T05:55:28Z,5,2026-01-06T01:47:01Z,2026-01-06T06:25:00Z,1,1,Determined upon crew arrival,In Progres,OUTAGE,Single Customer,MTC,NORMAL,42.58611,-82.81045
NE26010500722,2026-01-06T03:39:54Z,2026-01-06T07:03:26Z,7,2026-01-06T02:15:22Z,2026-01-06T06:45:00Z,1,1,Determined upon crew arrival,In Progres,OUTAGE,Single Customer,MAR,NORMAL,42.90052,-82.56153
NE26010500727,2026-01-06T03:39:54Z,2026-01-06T07:03:26Z,7,2026-01-06T02:44:56Z,2026-01-06T07:15:00Z,1,1,Determined upon crew arrival,In Progres,OUTAGE,Single Customer,MAR,NORMAL,42.90118,-82.55972
NW26010500740,2026-01-06T04:58:34Z,2026-01-06T05:33:52Z,2,2026-01-06T04:22:04Z,2026-01-06T08:55:00Z,22,22,Determined upon crew arrival,In Progres,OUTAGE,Service Transformer,PON,NORMAL,42.65937,-83.26096
SE26010500739,2026-01-06T04:58:34Z,2026-01-06T05:55:28Z,3,2026-01-05T13:21:01Z,2026-01-06T08:50:00Z,1,1,Energy theft,In Progres,OUTAGE,Single Customer,RFD,NORMAL,42.42271,-83.14971
SE26010600005,2026-01-06T07:53:46Z,2026-01-06T07:53:46Z,1,2026-01-06T07:35:20Z,2026-01-06T12:05:00Z,1,1,Determined upon crew arrival,New,OUTAGE,Single Customer,RFD,NORMAL,42.52507,-83.165
NW26010600009,2026-01-06T09:01:21Z,2026-01-06T16:31:12Z,15,2026-01-06T08:25:05Z,2026-01-06T16:55:00Z,24,24,Equipment problem,In Progres,OUTAGE,Service Transformer,PON,NORMAL,42.53307,-83.20163
SE26010600012,2026-01-06T10:51:15Z,2026-01-06T17:38:59Z,13,2026-01-06T00:18:50Z,2026-01-06T18:50:00Z,1,1,Determined upon crew arrival,In Progres,OUTAGE,Single Customer,CAN,NORMAL,42.44425,-82.92375
NW26010600017,2026-01-06T11:19:53Z,2026-01-06T11:19:53Z,1,2026-01-06T11:02:19Z,2026-01-06T19:30:00Z,1,1,Determined upon crew arrival,New,OUTAGE,Single Customer,PON,NORMAL,42.53322,-83.20294
SE26010600020,2026-01-06T11:41:16Z,2026-01-06T11:41:16Z,1,2026-01-06T11:13:12Z,,1,1,Determined upon crew arrival,New,OUTAGE,Single Customer,RFD,NORMAL,42.43256,-83.1991
NW26010600031,2026-01-06T12:47:49Z,2026-01-06T17:55:01Z,10,2026-01-06T12:14:26Z,2026-01-06T20:45:00Z,1,1,Equipment problem,In Progres,OUTAGE,Single Customer,PON,NORMAL,42.74518,-83.56948
NW26010600045,2026-01-06T13:38:24Z,2026-01-06T13:38:24Z,1,2026-01-06T13:12:36Z,2026-01-06T21:45:00Z,9,9,Determined upon crew arrival,PC3 Verifi,OUTAGE,Service Transformer,PON,NORMAL,42.67464,-83.35966
NW26010600046,2026-01-06T13:38:24Z,2026-01-06T13:38:24Z,1,2026-01-06T13:12:36Z,2026-01-06T21:45:00Z,9,9,Determined upon crew arrival,PC3 Verifi,OUTAGE,Service Transformer,PON,NORMAL,42.67496,-83.36152
NW26010600047,2026-01-06T13:38:24Z,2026-01-06T13:38:24Z,1,2026-01-06T13:12:36Z,2026-01-06T21:45:00Z,14,14,Determined upon crew arrival,New,OUTAGE,Service Transformer,PON,NORMAL,42.67384,-83.36141
NW26010600049,2026-01-06T13:38:24Z,2026-01-06T14:57:09Z,3,2026-01-06T13:12:36Z,2026-01-06T21:45:00Z,56,56,Equipment problem,In Progres,OUTAGE,Device (II),PON,NORMAL,42.67359,-83.35904
NW26010600050,2026-01-06T13:38:24Z,2026-01-06T13:38:24Z,1,2026-01-06T13:12:36Z,2026-01-06T21:45:00Z,9,9,Determined upon crew arrival,PC3 Verifi,OUTAGE,Service Transformer,PON,NORMAL,42.67422,-83.35789
NW26010600057,2026-01-06T13:38:24Z,2026-01-06T14:57:09Z,3,2026-01-06T13:11:17Z,2026-01-06T21:50:00Z,2,2,Determined upon crew arrival,In Progres,OUTAGE,Service Transformer,PON,NORMAL,42.65711,-83.6706
SE26010600048,2026-01-06T13:38:24Z,2026-01-06T14:57:09Z,3,2026-01-06T13:11:03Z,2026-01-06T21:45:00Z,17,17,Determined upon crew arrival,In Progres,OUTAGE,Service Transformer,RFD,NORMAL,42.53278,-83.14168
SE26010600051,2026-01-06T13:38:24Z,2026-01-06T22:46:27Z,21,2026-01-06T04:16:53Z,2026-01-07T05:45:00Z,1,1,Determined upon crew arrival,In Progres,OUTAGE,Single Customer,RFD,NORMAL,42.3972,-83.21962
SE26010600058,2026-01-06T13:38:24Z,2026-01-06T15:49:13Z,5,2026-01-06T13:22:46Z,2026-01-06T21:55:00Z,1,1,Equipment problem,In Progres,SERVICE DOWN NO,,RFD,NORMAL,42.24692,-83.17764
SW26010600034,2026-01-06T13:38:24Z,2026-01-06T13:38:24Z,1,2026-01-06T12:26:40Z,2026-01-06T21:00:00Z,3,3,Determined upon crew arrival,In Progres,OUTAGE,Service Transformer,NPT,NORMAL,42.06534,-83.38023
SW26010600035,2026-01-06T13:38:24Z,2026-01-06T19:40:02Z,13,2026-01-06T11:52:28Z,2026-01-06T21:05:00Z,1,1,Equipment problem,In Progres,OUTAGE,Single Customer,WWS,NORMAL,42.37907,-83.34671
SW26010600038,2026-01-06T13:38:24Z,2026-01-06T17:01:36Z,7,2026-01-06T12:43:52Z,2026-01-06T21:15:00Z,404,43,Equipment problem,In Progres,OUTAGE,Device (II),WWS,NORMAL,42.29619,-83.34462
SW26010600041,2026-01-06T13:38:24Z,2026-01-06T17:01:36Z,7,2026-01-06T12:47:14Z,2026-01-06T21:15:00Z,1,1,Determined upon crew arrival,In Progres,PRIORITY,,WWS,NORMAL,42.30095,-83.34558
SW26010600042,2026-01-06T13:38:24Z,2026-01-06T14:57:09Z,3,2026-01-06T12:53:45Z,2026-01-06T21:30:00Z,1,1,Determined upon crew arrival,In Progres,OUTAGE,Single Customer,WWS,NORMAL,42.22716,-83.2611
SW26010600044,2026-01-06T13:38:24Z,2026-01-06T13:38:24Z,1,2026-01-06T12:53:36Z,2026-01-06T21:35:00Z,2,2,Determined upon crew arrival,In Progres,OUTAGE,Service Secondary,WWS,NORMAL,42.2276,-83.26203
SW26010600059,2026-01-06T13:38:24Z,2026-01-06T13:38:24Z,1,2026-01-06T12:43:55Z,2026-01-06T21:55:00Z,1,1,Determined upon crew arrival,In Progres,OUTAGE,Single Customer,WWS,NORMAL,42.30253,-83.34295
NE26010600097,2026-01-06T14:32:11Z,2026-01-06T20:46:10Z,15,2026-01-06T13:56:08Z,2026-01-06T22:30:00Z,1,1,Equipment problem,In Progres,OUTAGE,Single Customer,MTC,NORMAL,42.51103,-82.92486
NW26010600067,2026-01-06T14:32:11Z,2026-01-06T14:32:11Z,1,2026-01-06T13:42:55Z,2026-01-06T22:15:00Z,1,1,Determined upon crew arrival,In Progres,OUTAGE,Single Customer,PON,NORMAL,42.86899,-83.48694
NW26010600070,2026-01-06T14:32:11Z,2026-01-06T14:32:11Z,1,2026-01-06T13:44:21Z,2026-01-06T22:15:00Z,1,1,Determined upon crew arrival,In Progres,OUTAGE,Single Customer,PON,NORMAL,42.86639,-83.49743
NW26010600071,2026-01-06T14:32:11Z,2026-01-06T14:32:11Z,1,2026-01-06T13:40:31Z,2026-01-06T22:15:00Z,2,2,Determined upon crew arrival,In Progres,OUTAGE,Service Transformer,PON,NORMAL,42.86868,-83.49508
NW26010600074,2026-01-06T14:32:11Z,2026-01-06T14:32:11Z,1,2026-01-06T13:45:44Z,2026-01-06T22:15:00Z,1,1,Determined upon crew arrival,In Progres,OUTAGE,Single Customer,PON,NORMAL,42.8693,-83.49629
NW26010600077,2026-01-06T14:32:11Z,2026-01-06T14:32:11Z,1,2026-01-06T13:40:40Z,2026-01-06T22:15:00Z,1,1,Determined upon crew arrival,In Progres,OUTAGE,Single Customer,PON,NORMAL,42.86783,-83.48898
NW26010600078,2026-01-06T14:32:11Z,2026-01-06T14:32:11Z,1,2026-01-06T13:40:45Z,2026-01-06T22:20:00Z,1,1,Determined upon crew arrival,In Progres,OUTAGE,Single Customer,PON,NORMAL,42.87053,-83.48326
NW26010600079,2026-01-06T14:32:11Z,2026-01-06T14:32:11Z,1,2026-01-06T13:40:33Z,2026-01-06T22:20:00Z,2,2,Determined upon crew arrival,In Progres,OUTAGE,Service Transformer,PON,NORMAL,42.86966,-83.4952
NW26010600083,2026-01-06T14:32:11Z,2026-01-06T14:32:11Z,1,2026-01-06T13:51:56Z,2026-01-06T22:20:00Z,1,1,Determined upon crew arrival,In Progres,OUTAGE,Single Customer,PON,NORMAL,42.8667,-83.48753
NW26010600087,2026-01-06T14:32:11Z,2026-01-06T14:32:11Z,1,2026-01-06T13:40:32Z,2026-01-06T22:25:00Z,2,2,Determined upon crew arrival,In Progres,OUTAGE,Service Transformer,PON,NORMAL,42.86912,-83.48798
NW26010600101,2026-01-06T14:32:11Z,2026-01-06T14:57:09Z,2,2026-01-06T14:02:05Z,2026-01-06T22:35:00Z,2,2,Equipment problem,In Progres,OUTAGE,Service Secondary,SBY,NORMAL,42.73537,-83.03366
NW26010600102,2026-01-06T14:32:11Z,2026-01-06T15:49:13Z,4,2026-01-06T14:01:55Z,2026-01-06T22:35:00Z,38,38,Equipment problem,In Progres,OUTAGE,Device (II),SBY,NORMAL,42.73481,-83.03127
NW26010600109,2026-01-06T14:32:11Z,2026-01-06T15:49:13Z,4,2026-01-06T14:08:55Z,2026-01-06T22:40:00Z,486,486,Determined upon crew arrival,In Progres,OUTAGE,Device (II),HWL,NORMAL,42.46318,-83.8589
NW26010600133,2026-01-06T14:32:11Z,2026-01-06T14:57:09Z,2,2026-01-06T14:01:57Z,2026-01-06T22:40:00Z,2,2,Equipment problem,In Progres,OUTAGE,Service Secondary,SBY,NORMAL,42.73441,-83.03037
NW26010600136,2026-01-06T14:32:11Z,2026-01-06T14:32:11Z,1,2026-01-06T14:12:47Z,,1,1,Determined upon crew arrival,New,OUTAGE,Single Customer,PON,NORMAL,42.86854,-83.49764
SE26010600061,2026-01-06T14:32:11Z,2026-01-06T15:49:13Z,4,2026-01-06T13:34:17Z,2026-01-06T22:05:00Z,97,97,Equipment problem,In Progres,OUTAGE,Service Transformer,RFD,NORMAL,42.51883,-83.19915
NE26010600187,2026-01-06T14:57:09Z,2026-01-06T14:57:09Z,1,2026-01-06T14:39:29Z,2026-01-06T23:10:00Z,1,1,Determined upon crew arrival,New,OUTAGE,Single Customer,MTC,NORMAL,42.54723,-82.92351
NW26010600165,2026-01-06T14:57:09Z,2026-01-06T14:57:09Z,1,2026-01-06T14:33:43Z,2026-01-06T23:05:00Z,1,1,Determined upon crew arrival,New,OUTAGE,Single Customer,PON,NORMAL,42.53387,-83.33575
NW26010600167,2026-01-06T14:57:09Z,2026-01-06T18:58:14Z,9,2026-01-06T14:34:20Z,2026-01-06T23:05:00Z,79,79,Determined upon crew arrival,In Progres,OUTAGE,Device (II),HWL,NORMAL,42.64503,-83.79024
NW26010600179,2026-01-06T14:57:09Z,2026-01-06T17:01:36Z,5,2026-01-06T14:36:45Z,2026-01-06T23:05:00Z,65,65,Determined upon crew arrival,In Progres,OUTAGE,Device (I),PON,NORMAL,42.70963,-83.41313
NW26010600184,2026-01-06T14:57:09Z,2026-01-06T14:57:09Z,1,2026-01-06T13:57:17Z,2026-01-06T23:10:00Z,1,1,Determined upon crew arrival,New,OUTAGE,Single Customer,PON,NORMAL,42.56823,-83.10474
SE26010600137,2026-01-06T14:57:09Z,2026-01-06T17:55:01Z,7,2026-01-06T14:09:59Z,2026-01-06T22:45:00Z,1,1,Determined upon crew arrival,In Progres,OUTAGE,Single Customer,RFD,NORMAL,42.38758,-83.27314
SE26010600148,2026-01-06T14:57:09Z,2026-01-06T15:29:58Z,2,2026-01-06T14:22:51Z,2026-01-06T22:55:00Z,2,2,Determined upon crew arrival,In Progres,OUTAGE,Service Secondary,RFD,NORMAL,42.38618,-83.20825
SE26010600164,2026-01-06T14:57:09Z,2026-01-06T15:49:13Z,3,2026-01-06T14:29:31Z,2026-01-06T23:05:00Z,26,26,Equipment problem,In Progres,OUTAGE,Device (I),RFD,NORMAL,42.50378,-83.0935
SW26010600159,2026-01-06T14:57:09Z,2026-01-06T14:57:09Z,1,2026-01-06T14:32:03Z,2026-01-06T23:00:00Z,1,1,Determined upon crew arrival,New,OUTAGE,Single Customer,NPT,NORMAL,42.18102,-83.29505
SW26010600163,2026-01-06T14:57:09Z,2026-01-06T16:31:12Z,4,2026-01-06T14:33:20Z,2026-01-06T23:05:00Z,1,1,Determined upon crew arrival,In Progres,OUTAGE,Single Customer,WWS,NORMAL,42.12187,-83.32656
NE26010600238,2026-01-06T15:29:58Z,2026-01-06T19:52:07Z,11,2026-01-06T14:57:50Z,2026-01-06T23:45:00Z,1,1,Equipment problem,In Progres,OUTAGE,Single Customer,MAR,NORMAL,42.94575,-82.47142
NW26010600198,2026-01-06T15:29:58Z,2026-01-06T15:49:13Z,2,2026-01-06T14:45:07Z,2026-01-06T23:15:00Z,1,1,Equipment problem,In Progres,OUTAGE,Single Customer,HWL,NORMAL,42.45595,-83.84978
NW26010600213,2026-01-06T15:29:58Z,2026-01-06T17:55:01Z,6,2026-01-06T15:02:02Z,2026-01-06T23:30:00Z,1,1,Determined upon crew arrival,In Progres,OUTAGE,Single Customer,HWL,NORMAL,42.46253,-83.84482
NW26010600226,2026-01-06T15:29:58Z,2026-01-06T15:29:58Z,1,2026-01-06T15:10:30Z,2026-01-06T23:40:00Z,5,5,Determined upon crew arrival,New,OUTAGE,Service Transformer,PON,NORMAL,42.55729,-83.21861
NW26010600227,2026-01-06T15:29:58Z,2026-01-06T18:58:14Z,8,2026-01-06T15:03:48Z,2026-01-06T23:40:00Z,1,1,Determined upon crew arrival,In Progres,OUTAGE,Single Customer,HWL,NORMAL,42.57416,-84.0337
NW26010600228,2026-01-06T15:29:58Z,2026-01-06T20:46:10Z,13,2026-01-06T15:09:20Z,2026-01-06T23:40:00Z,1,1,Equipment problem,In Progres,OUTAGE,Single Customer,PON,NORMAL,42.71695,-83.46244
NW26010600231,2026-01-06T15:29:58Z,2026-01-06T15:29:58Z,1,2026-01-06T13:37:18Z,,1,1,Determined upon crew arrival,New,OUTAGE,Single Customer,HWL,NORMAL,42.66495,-84.07224
NW26010600232,2026-01-06T15:29:58Z,2026-01-06T15:29:58Z,1,2026-01-06T15:12:11Z,,1,1,Determined upon crew arrival,New,OUTAGE,Single Customer,HWL,NORMAL,42.73346,-84.30582
NW26010600233,2026-01-06T15:29:58Z,2026-01-06T15:49:13Z,2,2026-01-06T15:10:45Z,2026-01-06T23:45:00Z,1,1,Determined upon crew arrival,New,OUTAGE,Single Customer,HWL,NORMAL,42.72858,-84.29187
NW26010600235,2026-01-06T15:29:58Z,2026-01-06T21:43:03Z,15,2026-01-06T15:09:45Z,2026-01-06T23:45:00Z,33,33,Equipment problem,In Progres,OUTAGE,Device (II),HWL,NORMAL,42.7307,-84.30905
NW26010600241,2026-01-06T15:29:58Z,2026-01-06T15:29:58Z,1,2026-01-06T15:14:46Z,,1,1,Determined upon crew arrival,New,OUTAGE,Single Customer,HWL,NORMAL,42.72884,-84.29573
SE26010600209,2026-01-06T15:29:58Z,2026-01-06T16:31:12Z,3,2026-01-06T14:49:25Z,2026-01-06T23:25:00Z,22,22,Determined upon crew arrival,In Progres,OUTAGE,Service Transformer,RFD,NORMAL,42.42497,-83.23694
SE26010600219,2026-01-06T15:29:58Z,2026-01-06T17:55:01Z,6,2026-01-06T14:57:25Z,2026-01-06T23:35:00Z,1,1,Determined upon crew arrival,In Progres,OUTAGE,Single Customer,CAN,NORMAL,42.41437,-83.04386
SW26010600236,2026-01-06T15:29:58Z,2026-01-06T15:29:58Z,1,2026-01-06T15:13:41Z,,1,1,Determined upon crew arrival,New,OUTAGE,Single Customer,WWS,NORMAL,42.11793,-83.3244
NW26010600245,2026-01-06T15:49:13Z,2026-01-06T17:01:36Z,3,2026-01-06T15:07:10Z,2026-01-06T23:45:00Z,127,127,Equipment problem,In Progres,OUTAGE,Device (II),PON,NORMAL,42.55552,-83.2166
NW26010600246,2026-01-06T15:49:13Z,2026-01-06T15:49:13Z,1,2026-01-06T15:10:45Z,2026-01-06T23:45:00Z,1,1,Determined upon crew arrival,New,OUTAGE,Single Customer,HWL,NORMAL,42.72759,-84.28842
NW26010600251,2026-01-06T15:49:13Z,2026-01-06T15:49:13Z,1,2026-01-06T15:21:29Z,2026-01-06T23:50:00Z,7247,7247,Determined upon crew arrival,New,OUTAGE,Subtransmission,PON,NORMAL,42.66202,-83.34074
NW26010600258,2026-01-06T15:49:13Z,2026-01-06T17:38:59Z,4,2026-01-06T15:17:46Z,2026-01-06T23:55:00Z,3,3,Equipment problem,In Progres,OUTAGE,Device (I),PON,NORMAL,42.7147,-83.51563
NE26010600346,2026-01-06T16:31:12Z,2026-01-06T16:31:12Z,1,2026-01-06T15:58:15Z,,1,1,Determined upon crew arrival,In Progres,OUTAGE,Single Customer,MTC,NORMAL,42.66255,-82.7739
NW26010600297,2026-01-06T16:31:12Z,2026-01-06T18:33:45Z,5,2026-01-06T13:37:18Z,2026-01-07T00:35:00Z,1,1,Determined upon crew arrival,PC3 Verifi,OUTAGE,Single Customer,HWL,NORMAL,42.66495,-84.07224
SE26010600293,2026-01-06T16:31:12Z,2026-01-06T18:33:45Z,5,2026-01-06T16:00:52Z,2026-01-07T00:30:00Z,4,4,Equipment problem,In Progres,OUTAGE,Service Secondary,RFD,NORMAL,42.51883,-83.19915
SE26010600306,2026-01-06T16:31:12Z,2026-01-06T19:52:07Z,9,2026-01-06T16:06:15Z,2026-01-07T00:35:00Z,1,1,Equipment problem,In Progres,OUTAGE,Single Customer,CAN,NORMAL,42.36277,-82.94411
SE26010600307,2026-01-06T16:31:12Z,2026-01-06T21:22:20Z,12,2026-01-06T15:59:30Z,2026-01-07T00:35:00Z,1,1,Determined upon crew arrival,In Progres,OUTAGE,Single Customer,CAN,NORMAL,42.43027,-82.92985
SE26010600309,2026-01-06T16:31:12Z,2026-01-06T19:52:07Z,9,2026-01-06T16:05:28Z,2026-01-06T20:40:00Z,1,1,Determined upon crew arrival,In Progres,OUTAGE,Single Customer,TBY_S,NORMAL,42.38957,-83.19705
SE26010600329,2026-01-06T16:31:12Z,2026-01-06T17:01:36Z,2,2026-01-06T16:11:43Z,2026-01-07T00:40:00Z,1,1,Determined upon crew arrival,New,OUTAGE,Single Customer,CAN,NORMAL,42.4447,-82.98599
SE26010600333,2026-01-06T16:31:12Z,2026-01-07T01:49:49Z,20,2026-01-06T16:12:10Z,2026-01-07T08:40:00Z,1,1,Determined upon crew arrival,In Progres,OUTAGE,Single Customer,RFD,NORMAL,42.52945,-83.14015
SE26010600342,2026-01-06T16:31:12Z,2026-01-06T20:46:10Z,11,2026-01-06T15:50:08Z,2026-01-07T00:45:00Z,422,96,Equipment problem,In Progres,OUTAGE,Device (II),CAN,NORMAL,42.44557,-82.98602
SE26010600355,2026-01-06T16:31:12Z,2026-01-06T16:31:12Z,1,2026-01-06T16:14:58Z,,1,1,Determined upon crew arrival,New,OUTAGE,Single Customer,RFD,NORMAL,42.47266,-83.3065
SW26010600288,2026-01-06T16:31:12Z,2026-01-06T18:33:45Z,5,2026-01-06T15:56:18Z,2026-01-07T00:25:00Z,49,49,Equipment problem,In Progres,OUTAGE,Device (II),WWS,NORMAL,42.46361,-83.5208
SW26010600315,2026-01-06T16:31:12Z,2026-01-06T16:31:12Z,1,2026-01-06T16:10:15Z,2026-01-07T00:40:00Z,2,2,Determined upon crew arrival,New,OUTAGE,Service Secondary,WWS,NORMAL,42.46793,-83.33633
SW26010600319,2026-01-06T16:31:12Z,2026-01-06T20:46:10Z,11,2026-01-06T16:09:44Z,2026-01-07T00:40:00Z,1,1,Determined upon crew arrival,In Progres,OUTAGE,Single Customer,WWS,NORMAL,42.45695,-83.33435
SW26010600322,2026-01-06T16:31:12Z,2026-01-06T17:01:36Z,2,2026-01-06T16:10:55Z,2026-01-07T00:40:00Z,1,1,Determined upon crew arrival,In Progres,OUTAGE,Single Customer,WWS,NORMAL,42.465,-83.32094
SW26010600334,2026-01-06T16:31:12Z,2026-01-06T17:01:36Z,2,2026-01-06T16:12:22Z,2026-01-07T00:40:00Z,1,1,Determined upon crew arrival,In Progres,OUTAGE,Single Customer,WWS,NORMAL,42.46979,-83.32365
NW26010600375,2026-01-06T17:01:36Z,2026-01-06T17:55:01Z,3,2026-01-06T16:18:14Z,2026-01-07T00:50:00Z,179,179,Equipment problem,In Progres,OUTAGE,Device (II),PON,NORMAL,42.64677,-83.33863
NW26010600425,2026-01-06T17:01:36Z,2026-01-06T18:58:14Z,5,2026-01-06T16:27:13Z,2026-01-07T00:55:00Z,1,1,Determined upon crew arrival,In Progres,PRIORITY,,PON,NORMAL,42.6573,-83.34569
NW26010600427,2026-01-06T17:01:36Z,2026-01-06T17:01:36Z,1,2026-01-06T16:27:41Z,2026-01-07T01:00:00Z,1,1,Determined upon crew arrival,New,PRIORITY,,PON,NORMAL,42.64969,-83.33273
NW26010600428,2026-01-06T17:01:36Z,2026-01-06T17:01:36Z,1,2026-01-06T16:28:04Z,2026-01-07T01:00:00Z,1,1,Determined upon crew arrival,New,PRIORITY,,PON,NORMAL,42.65603,-83.34049
NW26010600429,2026-01-06T17:01:36Z,2026-01-06T23:52:24Z,18,2026-01-06T13:57:17Z,2026-01-07T01:00:00Z,1,1,Equipment problem,In Progres,OUTAGE,Single Customer,PON,NORMAL,42.56823,-83.10474
NW26010600437,2026-01-06T17:01:36Z,2026-01-06T18:33:45Z,4,2026-01-06T16:30:59Z,2026-01-07T01:00:00Z,1,1,Determined upon crew arrival,In Progres,PRIORITY,,PON,NORMAL,42.64807,-83.33482
NW26010600440,2026-01-06T17:01:36Z,2026-01-06T18:33:45Z,4,2026-01-06T16:32:26Z,2026-01-07T01:00:00Z,1,1,Determined upon crew arrival,In Progres,PRIORITY,,PON,NORMAL,42.64924,-83.32652
NW26010600442,2026-01-06T17:01:36Z,2026-01-06T19:24:18Z,6,2026-01-06T13:43:39Z,2026-01-07T01:05:00Z,1,1,Determined upon crew arrival,In Progres,OUTAGE,Single Customer,SBY,NORMAL,42.66911,-83.13278
NW26010600446,2026-01-06T17:01:36Z,2026-01-06T18:33:45Z,4,2026-01-06T16:31:50Z,2026-01-07T01:05:00Z,678,678,Determined upon crew arrival,In Progres,OUTAGE,Device (II),PON,NORMAL,42.62399,-83.23287
NW26010600471,2026-01-06T17:01:36Z,2026-01-06T17:01:36Z,1,2026-01-06T16:38:15Z,2026-01-07T01:10:00Z,1,1,Determined upon crew arrival,New,PRIORITY,,PON,NORMAL,42.64871,-83.32995
NW26010600475,2026-01-06T17:01:36Z,2026-01-06T17:01:36Z,1,2026-01-06T16:32:01Z,2026-01-07T01:10:00Z,1,1,Determined upon crew arrival,New,OUTAGE,Single Customer,PON,NORMAL,42.66091,-83.34513
SE26010600441,2026-01-06T17:01:36Z,2026-01-06T19:24:18Z,6,2026-01-06T16:32:23Z,2026-01-07T01:05:00Z,1,1,Equipment problem,In Progres,OUTAGE,Single Customer,RFD,NORMAL,42.32404,-83.30686
SW26010600374,2026-01-06T17:01:36Z,2026-01-06T17:01:36Z,1,2026-01-06T16:19:35Z,2026-01-07T00:50:00Z,1,1,Determined upon crew arrival,In Progres,OUTAGE,Single Customer,WWS,NORMAL,42.46629,-83.31833
SW26010600415,2026-01-06T17:01:36Z,2026-01-06T22:46:27Z,15,2026-01-06T16:24:18Z,2026-01-07T00:55:00Z,1,1,Determined upon crew arrival,In Progres,OUTAGE,Single Customer,WWS,NORMAL,42.4569,-83.33751
SW26010600480,2026-01-06T17:01:36Z,2026-01-06T21:54:14Z,13,2026-01-06T16:43:37Z,2026-01-07T01:15:00Z,1,1,Determined upon crew arrival,In Progres,OUTAGE,Single Customer,WWS,NORMAL,42.45966,-83.33884
SW26010600484,2026-01-06T17:01:36Z,2026-01-06T17:38:59Z,2,2026-01-06T16:44:29Z,2026-01-07T01:15:00Z,1,1,Determined upon crew arrival,In Progres,OUTAGE,Single Customer,WWS,NORMAL,42.27549,-83.44371
NE26010600520,2026-01-06T17:38:59Z,2026-01-06T19:24:18Z,5,2026-01-06T17:01:38Z,2026-01-07T01:30:00Z,1,1,Determined upon crew arrival,In Progres,OUTAGE,Single Customer,LAP,NORMAL,42.9488,-83.34435
NW26010600485,2026-01-06T17:38:59Z,2026-01-06T18:58:14Z,4,2026-01-06T16:45:33Z,2026-01-07T01:15:00Z,1,1,Determined upon crew arrival,In Progres,OUTAGE,Single Customer,SBY,NORMAL,42.63309,-83.2021
NW26010600491,2026-01-06T17:38:59Z,2026-01-06T17:55:01Z,2,2026-01-06T16:32:15Z,2026-01-07T01:15:00Z,17,17,Determined upon crew arrival,In Progres,OUTAGE,Device (I),PON,NORMAL,42.62334,-83.21715
NW26010600492,2026-01-06T17:38:59Z,2026-01-06T17:55:01Z,2,2026-01-06T16:32:19Z,2026-01-07T01:15:00Z,4,4,Determined upon crew arrival,In Progres,OUTAGE,Service Transformer,PON,NORMAL,42.62321,-83.21608
NW26010600493,2026-01-06T17:38:59Z,2026-01-06T20:46:10Z,9,2026-01-06T16:47:00Z,2026-01-07T01:20:00Z,28,28,Equipment problem,In Progres,OUTAGE,Device (I),HWL,NORMAL,42.61345,-83.92226
NW26010600527,2026-01-06T17:38:59Z,2026-01-06T18:33:45Z,3,2026-01-05T21:42:52Z,2026-01-07T01:40:00Z,1,1,Determined upon crew arrival,In Progres,OUTAGE,Single Customer,PON,NORMAL,42.66258,-83.62367
NW26010600543,2026-01-06T17:38:59Z,2026-01-06T18:58:14Z,4,2026-01-06T17:21:50Z,2026-01-07T01:55:00Z,124,124,Determined upon crew arrival,In Progres,OUTAGE,Device (II),PON,NORMAL,42.77335,-83.35387
NW26010600544,2026-01-06T17:38:59Z,2026-01-06T17:38:59Z,1,2026-01-06T17:23:19Z,2026-01-07T01:55:00Z,3,3,Determined upon crew arrival,New,OUTAGE,Service Transformer,PON,NORMAL,42.77408,-83.35212
NW26010600545,2026-01-06T17:38:59Z,2026-01-06T17:38:59Z,1,2026-01-06T17:23:29Z,2026-01-07T01:55:00Z,32,32,Determined upon crew arrival,In Progres,OUTAGE,Device (II),PON,NORMAL,42.77328,-83.34831
NW26010600550,2026-01-06T17:38:59Z,2026-01-06T17:38:59Z,1,2026-01-06T17:24:20Z,2026-01-07T01:55:00Z,2,2,Determined upon crew arrival,New,OUTAGE,Service Secondary,PON,NORMAL,42.77326,-83.35025
NW26010600551,2026-01-06T17:38:59Z,2026-01-06T17:38:59Z,1,2026-01-06T17:24:38Z,2026-01-07T01:55:00Z,1,1,Determined upon crew arrival,New,OUTAGE,Single Customer,PON,NORMAL,42.77256,-83.35065
NW26010600552,2026-01-06T17:38:59Z,2026-01-06T17:38:59Z,1,2026-01-06T17:24:38Z,2026-01-07T01:55:00Z,1,1,Determined upon crew arrival,New,OUTAGE,Single Customer,PON,NORMAL,42.77211,-83.35235
NW26010600553,2026-01-06T17:38:59Z,2026-01-06T17:38:59Z,1,2026-01-06T17:24:57Z,2026-01-07T01:55:00Z,1,1,Determined upon crew arrival,New,OUTAGE,Single Customer,PON,NORMAL,42.77342,-83.35168
NW26010600554,2026-01-06T17:38:59Z,2026-01-06T17:38:59Z,1,2026-01-06T17:25:52Z,2026-01-07T01:55:00Z,1,1,Determined upon crew arrival,New,OUTAGE,Single Customer,PON,NORMAL,42.77182,-83.35031
NW26010600560,2026-01-06T17:38:59Z,2026-01-06T17:38:59Z,1,2026-01-06T17:28:47Z,,1,1,Determined upon crew arrival,New,OUTAGE,Single Customer,PON,NORMAL,42.64553,-83.34095
SE26010600526,2026-01-06T17:38:59Z,2026-01-06T20:46:10Z,9,2026-01-06T17:09:09Z,2026-01-07T01:40:00Z,1,1,Determined upon crew arrival,In Progres,SERVICE DOWN NO,,CAN,NORMAL,42.41669,-83.12966
SE26010600528,2026-01-06T17:38:59Z,2026-01-06T17:38:59Z,1,2026-01-06T17:09:54Z,2026-01-07T01:40:00Z,1,1,Determined upon crew arrival,PC3 Verifi,OUTAGE,Single Customer,CAN,NORMAL,42.44668,-82.98724
SE26010600530,2026-01-06T17:38:59Z,2026-01-06T17:38:59Z,1,2026-01-06T17:10:29Z,2026-01-07T01:40:00Z,1,1,Determined upon crew arrival,New,OUTAGE,Single Customer,CAN,NORMAL,42.44785,-82.98611
SE26010600532,2026-01-06T17:38:59Z,2026-01-06T17:38:59Z,1,2026-01-06T17:11:34Z,2026-01-07T01:40:00Z,2,2,Determined upon crew arrival,New,OUTAGE,Service Secondary,CAN,NORMAL,42.44379,-82.98595
SE26010600534,2026-01-06T17:38:59Z,2026-01-06T17:38:59Z,1,2026-01-06T17:13:47Z,2026-01-07T01:45:00Z,1,1,Determined upon crew arrival,New,OUTAGE,Single Customer,CAN,NORMAL,42.44292,-82.98592
SE26010600539,2026-01-06T17:38:59Z,2026-01-06T17:38:59Z,1,2026-01-06T17:20:41Z,2026-01-07T01:50:00Z,1,1,Determined upon crew arrival,New,OUTAGE,Single Customer,CAN,NORMAL,42.44898,-82.98597
SE26010600540,2026-01-06T17:38:59Z,2026-01-06T17:38:59Z,1,2026-01-06T17:21:50Z,2026-01-07T01:50:00Z,1,1,Determined upon crew arrival,New,OUTAGE,Single Customer,RFD,NORMAL,42.51883,-83.19915
SE26010600559,2026-01-06T17:38:59Z,2026-01-06T17:38:59Z,1,2026-01-06T15:50:35Z,,1,1,Determined upon crew arrival,New,OUTAGE,Single Customer,CAN,NORMAL,42.44684,-82.98605
SW26010600516,2026-01-06T17:38:59Z,2026-01-06T17:38:59Z,1,2026-01-06T16:59:37Z,2026-01-07T01:30:00Z,1,1,Determined upon crew arrival,In Progres,OUTAGE,Single Customer,WWS,NORMAL,42.46224,-83.3411
NE26010600567,2026-01-06T17:55:01Z,2026-01-06T18:58:14Z,3,2026-01-06T17:19:45Z,2026-01-07T02:05:00Z,8,8,Determined upon crew arrival,In Progres,OUTAGE,Device (I),LAP,NORMAL,42.96144,-83.25407
SE26010600571,2026-01-06T17:55:01Z,2026-01-06T17:55:01Z,1,2026-01-06T17:36:39Z,2026-01-07T02:05:00Z,1,1,Determined upon crew arrival,New,OUTAGE,Single Customer,CAN,NORMAL,42.38155,-82.98878
NE26010600586,2026-01-06T18:33:45Z,2026-01-06T19:24:18Z,3,2026-01-06T17:49:42Z,2026-01-07T02:20:00Z,47,47,Equipment problem,In Progres,OUTAGE,Service Transformer,MTC,NORMAL,42.55404,-82.86078
NW26010600585,2026-01-06T18:33:45Z,2026-01-06T20:46:10Z,7,2026-01-06T17:46:26Z,2026-01-07T02:20:00Z,12,12,Equipment problem,In Progres,OUTAGE,Device (I),HWL,NORMAL,42.55285,-83.66486
NW26010600607,2026-01-06T18:33:45Z,2026-01-06T18:33:45Z,1,2026-01-06T18:14:45Z,,1,1,Determined upon crew arrival,New,OUTAGE,Single Customer,PON,NORMAL,42.63758,-83.3375
SE26010600581,2026-01-06T18:33:45Z,2026-01-06T22:46:27Z,12,2026-01-06T17:45:59Z,2026-01-07T02:15:00Z,1,1,Equipment problem,In Progres,OUTAGE,Single Customer,RFD,NORMAL,42.44826,-83.10365
SE26010600597,2026-01-06T18:33:45Z,2026-01-06T21:22:20Z,8,2026-01-06T18:02:22Z,2026-01-07T02:30:00Z,1,1,Equipment problem,In Progres,OUTAGE,Single Customer,RFD,NORMAL,42.347,-83.16872
SE26010600606,2026-01-06T18:33:45Z,2026-01-06T21:22:20Z,8,2026-01-06T18:14:30Z,2026-01-07T02:45:00Z,1,1,Equipment problem,In Progres,OUTAGE,Single Customer,RFD,NORMAL,42.46035,-83.10126
SW26010600591,2026-01-06T18:33:45Z,2026-01-06T18:58:14Z,2,2026-01-06T17:58:16Z,2026-01-07T02:30:00Z,165,165,Determined upon crew arrival,In Progres,OUTAGE,Device (II),WWS,NORMAL,42.4801,-83.31989
SE26010600612,2026-01-06T18:58:14Z,2026-01-06T20:25:49Z,5,2026-01-06T16:58:02Z,2026-01-07T02:50:00Z,1,1,Determined upon crew arrival,In Progres,OUTAGE,Single Customer,CAN,NORMAL,42.41,-82.9834
SE26010600615,2026-01-06T18:58:14Z,2026-01-06T22:22:31Z,10,2026-01-06T18:21:38Z,2026-01-07T02:50:00Z,2,2,Determined upon crew arrival,In Progres,OUTAGE,Service Secondary,RFD,NORMAL,42.49536,-83.12265
SE26010600618,2026-01-06T18:58:14Z,2026-01-06T23:52:24Z,14,2026-01-06T18:22:01Z,2026-01-07T02:55:00Z,1,1,Equipment problem,In Progres,OUTAGE,Single Customer,RFD,NORMAL,42.35117,-83.22391
SE26010600638,2026-01-06T18:58:14Z,2026-01-06T21:54:14Z,9,2026-01-06T18:44:02Z,2026-01-07T03:15:00Z,1,1,Equipment problem,In Progres,SERVICE DOWN NO,,RFD,NORMAL,42.34431,-83.13657
SW26010600609,2026-01-06T18:58:14Z,2026-01-06T21:54:14Z,9,2026-01-06T17:59:37Z,2026-01-07T02:50:00Z,1,1,Determined upon crew arrival,In Progres,OUTAGE,Single Customer,WWS,NORMAL,42.38162,-83.38031
NE26010600640,2026-01-06T19:24:18Z,2026-01-06T20:46:10Z,5,2026-01-06T18:34:35Z,2026-01-07T03:15:00Z,1430,1430,Equipment problem,In Progres,OUTAGE,Device (II),NAE,NORMAL,43.42612,-82.56848
NE26010600648,2026-01-06T19:24:18Z,2026-01-06T20:46:10Z,5,2026-01-06T18:33:42Z,2026-01-07T03:15:00Z,103,103,Equipment problem,In Progres,OUTAGE,Device (II),NAE,NORMAL,43.56811,-82.63976
NE26010600658,2026-01-06T19:24:18Z,2026-01-06T19:52:07Z,3,2026-01-06T18:33:38Z,2026-01-07T03:15:00Z,503,503,Determined upon crew arrival,In Progres,OUTAGE,Device (II),NAE,NORMAL,43.51021,-82.58454
NE26010600743,2026-01-06T19:24:18Z,2026-01-06T20:46:10Z,5,2026-01-06T18:33:38Z,2026-01-07T03:25:00Z,555,555,Equipment problem,In Progres,OUTAGE,Device (II),NAE,NORMAL,43.53028,-82.61413
NE26010600775,2026-01-06T19:24:18Z,2026-01-06T19:40:02Z,2,2026-01-06T18:33:45Z,2026-01-07T03:25:00Z,3,3,Determined upon crew arrival,New,OUTAGE,Service Transformer,NAE,NORMAL,43.52383,-82.59563
NE26010600776,2026-01-06T19:24:18Z,2026-01-06T19:24:18Z,1,2026-01-06T18:46:27Z,2026-01-07T03:25:00Z,1,1,Determined upon crew arrival,New,OUTAGE,Single Customer,NAE,NORMAL,43.54329,-82.58607
NE26010600777,2026-01-06T19:24:18Z,2026-01-06T19:40:02Z,2,2026-01-06T18:45:38Z,2026-01-07T03:25:00Z,1,1,Determined upon crew arrival,New,OUTAGE,Single Customer,NAE,NORMAL,43.53101,-82.60541
NE26010600778,2026-01-06T19:24:18Z,2026-01-06T19:24:18Z,1,2026-01-06T18:43:02Z,2026-01-07T03:25:00Z,1,1,Determined upon crew arrival,New,OUTAGE,Single Customer,NAE,NORMAL,43.53489,-82.58408
NE26010600779,2026-01-06T19:24:18Z,2026-01-06T19:40:02Z,2,2026-01-06T18:33:45Z,2026-01-07T03:25:00Z,2,2,Determined upon crew arrival,New,OUTAGE,Service Transformer,NAE,NORMAL,43.53196,-82.6029
NE26010600780,2026-01-06T19:24:18Z,2026-01-06T19:40:02Z,2,2026-01-06T19:07:58Z,2026-01-07T03:25:00Z,1,1,Determined upon crew arrival,New,OUTAGE,Single Customer,NAE,NORMAL,43.53025,-82.60788
NE26010600781,2026-01-06T19:24:18Z,2026-01-06T19:40:02Z,2,2026-01-06T19:09:51Z,2026-01-07T03:25:00Z,1,1,Determined upon crew arrival,New,OUTAGE,Single Customer,NAE,NORMAL,43.53496,-82.59689
NE26010600782,2026-01-06T19:24:18Z,2026-01-06T19:40:02Z,2,2026-01-06T18:39:47Z,2026-01-07T03:25:00Z,1,1,Determined upon crew arrival,New,OUTAGE,Single Customer,NAE,NORMAL,43.532,-82.58874
NE26010600783,2026-01-06T19:24:18Z,2026-01-06T19:24:18Z,1,2026-01-06T18:59:10Z,2026-01-07T03:25:00Z,1,1,Determined upon crew arrival,New,OUTAGE,Single Customer,NAE,NORMAL,43.54502,-82.59716
NE26010600784,2026-01-06T19:24:18Z,2026-01-06T19:40:02Z,2,2026-01-06T18:33:45Z,2026-01-07T03:25:00Z,2,2,Determined upon crew arrival,New,OUTAGE,Service Transformer,NAE,NORMAL,43.53082,-82.59131
NE26010600785,2026-01-06T19:24:18Z,2026-01-06T19:24:18Z,1,2026-01-06T18:39:46Z,2026-01-07T03:25:00Z,1,1,Determined upon crew arrival,New,OUTAGE,Single Customer,NAE,NORMAL,43.56104,-82.58922
NE26010600786,2026-01-06T19:24:18Z,2026-01-06T19:40:02Z,2,2026-01-06T18:39:46Z,2026-01-07T03:25:00Z,142,142,Determined upon crew arrival,New,OUTAGE,Device (II),NAE,NORMAL,43.53754,-82.58585
NE26010600787,2026-01-06T19:24:18Z,2026-01-06T19:24:18Z,1,2026-01-06T18:40:59Z,2026-01-07T03:25:00Z,1,1,Determined upon crew arrival,New,OUTAGE,Single Customer,NAE,NORMAL,43.54449,-82.58681
NE26010600788,2026-01-06T19:24:18Z,2026-01-06T19:40:02Z,2,2026-01-06T19:05:43Z,2026-01-07T03:25:00Z,1,1,Determined upon crew arrival,New,OUTAGE,Single Customer,NAE,NORMAL,43.5309,-82.59797
NE26010600789,2026-01-06T19:24:18Z,2026-01-06T19:24:18Z,1,2026-01-06T18:50:39Z,2026-01-07T03:25:00Z,1,1,Determined upon crew arrival,New,OUTAGE,Single Customer,NAE,NORMAL,43.55159,-82.58633
NE26010600790,2026-01-06T19:24:18Z,2026-01-06T19:24:18Z,1,2026-01-06T18:45:10Z,2026-01-07T03:25:00Z,1,1,Determined upon crew arrival,New,OUTAGE,Single Customer,NAE,NORMAL,43.54794,-82.58716
NE26010600791,2026-01-06T19:24:18Z,2026-01-06T19:24:18Z,1,2026-01-06T18:52:26Z,2026-01-07T03:25:00Z,1,1,Determined upon crew arrival,New,OUTAGE,Single Customer,NAE,NORMAL,43.55485,-82.58835
NE26010600792,2026-01-06T19:24:18Z,2026-01-06T19:24:18Z,1,2026-01-06T19:01:30Z,2026-01-07T03:25:00Z,1,1,Determined upon crew arrival,New,OUTAGE,Single Customer,NAE,NORMAL,43.54966,-82.58846
NE26010600793,2026-01-06T19:24:18Z,2026-01-06T19:40:02Z,2,2026-01-06T18:43:10Z,2026-01-07T03:25:00Z,1,1,Determined upon crew arrival,New,OUTAGE,Single Customer,NAE,NORMAL,43.53119,-82.58875
NE26010600799,2026-01-06T19:24:18Z,2026-01-07T01:49:49Z,14,2026-01-06T19:14:24Z,2026-01-07T03:45:00Z,1,1,Determined upon crew arrival,In Progres,OUTAGE,Single Customer,MTC,NORMAL,42.60066,-82.79395
NE26010600801,2026-01-06T19:24:18Z,2026-01-06T19:24:18Z,1,2026-01-06T19:14:56Z,,1,1,Determined upon crew arrival,New,OUTAGE,Single Customer,NAE,NORMAL,43.5531,-82.58761
NW26010600771,2026-01-06T19:24:18Z,2026-01-06T23:52:24Z,13,2026-01-06T19:06:31Z,2026-01-07T03:35:00Z,1,1,Equipment problem,Pending,OUTAGE,Single Customer,PON,NORMAL,42.86859,-83.50403
SE26010600765,2026-01-06T19:24:18Z,2026-01-06T19:24:18Z,1,2026-01-06T19:03:18Z,2026-01-07T03:35:00Z,50,50,Determined upon crew arrival,In Progres,OUTAGE,Device (II),CAN,NORMAL,42.41642,-83.12976
SE26010600768,2026-01-06T19:24:18Z,2026-01-06T21:54:14Z,8,2026-01-06T19:05:01Z,2026-01-07T03:35:00Z,1,1,Equipment problem,In Progres,SERVICE DOWN NO,,RFD,NORMAL,42.34431,-83.13657
SE26010600802,2026-01-06T19:24:18Z,2026-01-06T23:52:24Z,13,2026-01-06T19:15:08Z,2026-01-07T03:45:00Z,1,1,Equipment problem,In Progres,OUTAGE,Single Customer,RFD,NORMAL,42.42926,-83.17232
SW26010600758,2026-01-06T19:24:18Z,2026-01-06T21:43:03Z,7,2026-01-06T18:52:45Z,2026-01-07T03:25:00Z,1,1,Determined upon crew arrival,In Progres,OUTAGE,Single Customer,NPT,NORMAL,42.00506,-83.32784
NE26010600817,2026-01-06T19:40:02Z,2026-01-06T19:40:02Z,1,2026-01-06T19:25:50Z,2026-01-07T03:55:00Z,1,1,Determined upon crew arrival,New,OUTAGE,Single Customer,NAE,NORMAL,43.52953,-82.60346
NE26010600826,2026-01-06T19:40:02Z,2026-01-06T19:40:02Z,1,2026-01-06T19:27:44Z,,1,1,Determined upon crew arrival,New,OUTAGE,Single Customer,NAE,NORMAL,43.53058,-82.58724
NE26010600827,2026-01-06T19:40:02Z,2026-01-06T19:40:02Z,1,2026-01-06T19:28:10Z,,1,1,Determined upon crew arrival,New,OUTAGE,Single Customer,NAE,NORMAL,43.53119,-82.61351
SE26010600811,2026-01-06T19:40:02Z,2026-01-06T21:22:20Z,5,2026-01-06T19:22:07Z,2026-01-07T03:50:00Z,1,1,Equipment problem,In Progres,OUTAGE,Single Customer,RFD,NORMAL,42.46737,-83.2405
SE26010600824,2026-01-06T19:40:02Z,2026-01-06T23:52:24Z,12,2026-01-06T19:26:29Z,2026-01-07T03:55:00Z,1,1,Equipment problem,In Progres,OUTAGE,Single Customer,RFD,NORMAL,42.26978,-83.17762
SW26010600823,2026-01-06T19:40:02Z,2026-01-06T22:46:27Z,9,2026-01-06T19:19:17Z,2026-01-07T03:55:00Z,1,1,Determined upon crew arrival,In Progres,OUTAGE,Single Customer,ANN,NORMAL,42.25254,-83.7205
NE26010600840,2026-01-06T19:52:07Z,2026-01-06T20:46:10Z,3,2026-01-06T19:34:30Z,2026-01-07T04:10:00Z,1,1,Determined upon crew arrival,PC3 Verifi,OUTAGE,Single Customer,MTC,NORMAL,42.54723,-82.92351
NE26010600842,2026-01-06T19:52:07Z,2026-01-06T19:52:07Z,1,2026-01-06T19:28:47Z,2026-01-07T04:10:00Z,1,1,Determined upon crew arrival,New,OUTAGE,Single Customer,LAP,NORMAL,42.80769,-83.25073
NE26010600854,2026-01-06T20:25:49Z,2026-01-07T01:49:49Z,11,2026-01-06T19:28:47Z,2026-01-07T04:30:00Z,1,1,Equipment problem,Pending,OUTAGE,Single Customer,LAP,NORMAL,42.80769,-83.25073
NE26010600856,2026-01-06T20:25:49Z,2026-01-06T21:22:20Z,3,2026-01-06T20:01:52Z,2026-01-07T04:30:00Z,1,1,Determined upon crew arrival,PC3 Verifi,PRIORITY,,NAE,NORMAL,43.49728,-82.57133
SW26010600858,2026-01-06T20:25:49Z,2026-01-06T21:54:14Z,5,2026-01-06T20:01:59Z,2026-01-07T04:35:00Z,8,8,Determined upon crew arrival,In Progres,OUTAGE,Service Transformer,WWS,NORMAL,42.26541,-83.29605
NW26010600864,2026-01-06T20:46:10Z,2026-01-06T23:52:24Z,9,2026-01-06T20:13:45Z,2026-01-07T04:45:00Z,1,1,Equipment problem,In Progres,OUTAGE,Single Customer,PON,NORMAL,42.68762,-83.67931
NW26010600867,2026-01-06T20:46:10Z,2026-01-06T22:46:27Z,6,2026-01-06T20:14:19Z,2026-01-07T04:45:00Z,20,20,Determined upon crew arrival,In Progres,OUTAGE,Device (II),PON,NORMAL,42.84191,-83.51867
NW26010600878,2026-01-06T20:46:10Z,2026-01-06T20:46:10Z,1,2026-01-06T20:11:03Z,2026-01-07T04:55:00Z,1,1,Determined upon crew arrival,New,OUTAGE,Single Customer,PON,NORMAL,42.70492,-83.34932
NW26010600880,2026-01-06T20:46:10Z,2026-01-06T21:54:14Z,4,2026-01-06T20:27:20Z,2026-01-07T05:00:00Z,62,62,Equipment problem,In Progres,OUTAGE,Device (II),SBY,NORMAL,42.73429,-83.0351
NW26010600881,2026-01-06T20:46:10Z,2026-01-06T20:46:10Z,1,2026-01-06T20:14:07Z,,1,1,Determined upon crew arrival,New,OUTAGE,Single Customer,SBY,NORMAL,42.73908,-83.01536
NW26010600882,2026-01-06T20:46:10Z,2026-01-06T20:46:10Z,1,2026-01-06T20:29:25Z,,2,2,Determined upon crew arrival,New,OUTAGE,Service Secondary,SBY,NORMAL,42.73424,-83.03484
NW26010600883,2026-01-06T20:46:10Z,2026-01-06T20:46:10Z,1,2026-01-06T20:29:29Z,,1,1,Determined upon crew arrival,New,OUTAGE,Single Customer,SBY,NORMAL,42.73495,-83.03344
SE26010600865,2026-01-06T20:46:10Z,2026-01-07T05:35:30Z,14,2026-01-05T23:38:27Z,2026-01-07T12:45:00Z,1,1,Equipment problem,In Progres,OUTAGE,Single Customer,RFD,NORMAL,42.42371,-83.2267
NE26010600907,2026-01-06T21:22:20Z,2026-01-06T23:52:24Z,8,2026-01-06T20:44:22Z,2026-01-07T05:15:00Z,1,1,Determined upon crew arrival,In Progres,OUTAGE,Single Customer,MTC,NORMAL,42.79915,-82.76139
NE26010600918,2026-01-06T21:22:20Z,2026-01-06T21:22:20Z,1,2026-01-06T20:56:04Z,2026-01-07T05:25:00Z,1,1,Determined upon crew arrival,New,OUTAGE,Single Customer,NAE,NORMAL,43.5408,-82.58486
NW26010600902,2026-01-06T21:22:20Z,2026-01-07T01:49:49Z,9,2026-01-06T20:27:19Z,2026-01-07T05:00:00Z,56,13,Equipment problem,In Progres,OUTAGE,Device (I),SBY,NORMAL,42.73429,-83.03081
NW26010600922,2026-01-06T21:22:20Z,2026-01-06T21:54:14Z,3,2026-01-06T21:00:12Z,2026-01-07T05:35:00Z,21,21,Equipment problem,In Progres,OUTAGE,Device (I),PON,NORMAL,42.619,-83.20272
NW26010600924,2026-01-06T21:22:20Z,2026-01-06T21:54:14Z,3,2026-01-06T21:01:11Z,2026-01-07T01:35:00Z,4,4,Equipment problem,In Progres,OUTAGE,Device (I),HWL,NORMAL,42.43242,-83.72575
SW26010600914,2026-01-06T21:22:20Z,2026-01-06T21:54:14Z,3,2026-01-06T20:51:06Z,2026-01-07T05:20:00Z,1,1,Determined upon crew arrival,In Progres,PRIORITY,,WWS,NORMAL,42.4351,-83.42522
NW26010600937,2026-01-06T21:43:03Z,2026-01-06T22:46:27Z,4,2026-01-06T21:19:46Z,2026-01-07T05:50:00Z,1,1,Determined upon crew arrival,In Progres,OUTAGE,Single Customer,PON,NORMAL,42.7538,-83.57556
NW26010600940,2026-01-06T21:43:03Z,2026-01-06T21:43:03Z,1,2026-01-06T14:43:10Z,2026-01-07T05:55:00Z,1,1,Determined upon crew arrival,New,OUTAGE,Single Customer,HWL,NORMAL,42.64342,-83.79672
NW26010600941,2026-01-06T21:43:03Z,2026-01-06T23:41:30Z,6,2026-01-06T21:26:22Z,2026-01-07T05:55:00Z,1,1,Equipment problem,In Progres,OUTAGE,Single Customer,PON,NORMAL,42.828,-83.38249
SE26010600950,2026-01-06T21:54:14Z,2026-01-07T01:49:49Z,7,2026-01-06T21:29:29Z,2026-01-07T06:10:00Z,1,1,Equipment problem,In Progres,OUTAGE,Single Customer,RFD,NORMAL,42.44699,-83.15011
SE26010600951,2026-01-06T21:54:14Z,2026-01-07T01:49:49Z,7,2026-01-06T21:44:07Z,2026-01-07T06:15:00Z,1,1,Equipment problem,In Progres,OUTAGE,Single Customer,RFD,NORMAL,42.48452,-83.16863
NE26010600955,2026-01-06T22:22:31Z,2026-01-07T01:49:49Z,6,2026-01-06T21:53:16Z,2026-01-07T06:25:00Z,1,1,Determined upon crew arrival,In Progres,OUTAGE,Single Customer,LAP,NORMAL,42.80098,-83.31722
NE26010600968,2026-01-06T22:22:31Z,2026-01-06T23:52:24Z,5,2026-01-06T22:05:49Z,2026-01-07T02:35:00Z,1,1,Determined upon crew arrival,In Progres,OUTAGE,Single Customer,NAE,NORMAL,43.42944,-82.59105
NW26010600963,2026-01-06T22:22:31Z,2026-01-06T23:52:24Z,5,2026-01-06T18:37:52Z,2026-01-07T02:30:00Z,1,1,Determined upon crew arrival,In Progres,OUTAGE,Single Customer,SBY,NORMAL,42.7986,-83.03293
NW26010600971,2026-01-06T22:22:31Z,2026-01-06T22:46:27Z,2,2026-01-06T22:09:40Z,2026-01-07T02:40:00Z,1,1,Determined upon crew arrival,In Progres,OUTAGE,Single Customer,PON,NORMAL,42.75349,-83.57657
NW26010600975,2026-01-06T22:22:31Z,2026-01-06T22:22:31Z,1,2026-01-06T22:15:08Z,,1,1,Determined upon crew arrival,New,OUTAGE,Single Customer,HWL,NORMAL,42.53491,-83.96609
SE26010600972,2026-01-06T22:22:31Z,2026-01-07T05:00:10Z,9,2026-01-06T22:10:56Z,2026-01-07T14:40:00Z,1,1,Determined upon crew arrival,In Progres,OUTAGE,Single Customer,CAN,NORMAL,42.36069,-83.0386
SW26010600967,2026-01-06T22:22:31Z,2026-01-06T23:52:24Z,5,2026-01-06T22:04:55Z,2026-01-07T02:35:00Z,1,1,Determined upon crew arrival,In Progres,SERVICE DOWN NO,,ANN,NORMAL,42.24453,-83.63177
NW26010600981,2026-01-06T22:46:27Z,2026-01-06T22:46:27Z,1,2026-01-06T22:14:20Z,2026-01-07T02:45:00Z,173,173,Determined upon crew arrival,In Progres,OUTAGE,Device (II),HWL,NORMAL,42.53854,-83.95276
NW26010600991,2026-01-06T22:46:27Z,2026-01-06T23:52:24Z,4,2026-01-06T22:14:22Z,2026-01-07T02:50:00Z,1,1,Equipment problem,In Progres,OUTAGE,Single Customer,HWL,NORMAL,42.53316,-83.9536
NW26010600993,2026-01-06T22:46:27Z,2026-01-06T22:46:27Z,1,2026-01-06T22:23:26Z,2026-01-07T02:55:00Z,1,1,Determined upon crew arrival,In Progres,OUTAGE,Single Customer,HWL,NORMAL,42.64752,-83.68354
NE26010601005,2026-01-06T23:21:58Z,2026-01-06T23:52:24Z,3,2026-01-06T22:46:28Z,2026-01-07T03:15:00Z,1,1,Determined upon crew arrival,In Progres,OUTAGE,Single Customer,NAE,NORMAL,43.42818,-82.60946
NE26010601039,2026-01-06T23:21:58Z,2026-01-06T23:52:24Z,3,2026-01-06T23:02:34Z,2026-01-07T03:35:00Z,1,1,Determined upon crew arrival,In Progres,SERVICE DOWN NO,,MTC,NORMAL,42.53485,-82.92674
NE26010601047,2026-01-06T23:21:58Z,2026-01-06T23:21:58Z,1,2026-01-06T23:11:58Z,2026-01-07T03:40:00Z,1,1,Determined upon crew arrival,New,OUTAGE,Single Customer,MTC,NORMAL,42.65743,-82.96732
NE26010601058,2026-01-06T23:21:58Z,2026-01-06T23:21:58Z,1,2026-01-06T23:13:40Z,,1,1,Determined upon crew arrival,New,OUTAGE,Single Customer,MTC,NORMAL,42.65344,-82.96879
NW26010601006,2026-01-06T23:21:58Z,2026-01-06T23:52:24Z,3,2026-01-06T22:47:25Z,2026-01-07T03:15:00Z,1,1,Determined upon crew arrival,In Progres,OUTAGE,Single Customer,PON,NORMAL,42.72275,-83.40943
NW26010601038,2026-01-06T23:21:58Z,2026-01-07T01:49:49Z,4,2026-01-06T23:00:38Z,2026-01-07T03:30:00Z,1,1,Determined upon crew arrival,In Progres,PRIORITY,,PON,NORMAL,42.74951,-83.54959
NW26010601051,2026-01-06T23:21:58Z,2026-01-06T23:21:58Z,1,2026-01-06T23:12:13Z,,1,1,Determined upon crew arrival,New,OUTAGE,Single Customer,SBY,NORMAL,42.65874,-82.98076
NW26010601052,2026-01-06T23:21:58Z,2026-01-06T23:21:58Z,1,2026-01-06T23:12:24Z,,1,1,Determined upon crew arrival,New,OUTAGE,Single Customer,SBY,NORMAL,42.65979,-82.97609
NW26010601054,2026-01-06T23:21:58Z,2026-01-06T23:41:30Z,2,2026-01-06T23:12:44Z,2026-01-07T03:45:00Z,1,1,Determined upon crew arrival,In Progres,OUTAGE,Single Customer,SBY,NORMAL,42.66363,-82.98308
NW26010601057,2026-01-06T23:21:58Z,2026-01-06T23:41:30Z,2,2026-01-06T23:13:28Z,2026-01-07T03:45:00Z,1,1,Determined upon crew arrival,In Progres,OUTAGE,Single Customer,SBY,NORMAL,42.66109,-82.98404
NW26010601060,2026-01-06T23:21:58Z,2026-01-06T23:52:24Z,3,2026-01-06T23:10:55Z,2026-01-07T03:45:00Z,12,12,Determined upon crew arrival,In Progres,OUTAGE,Service Transformer,SBY,NORMAL,42.65657,-82.98708
SE26010600999,2026-01-06T23:21:58Z,2026-01-07T01:49:49Z,4,2026-01-06T22:32:36Z,2026-01-07T03:05:00Z,1,1,Equipment problem,In Progres,OUTAGE,Single Customer,RFD,NORMAL,42.21813,-83.19866
SE26010601002,2026-01-06T23:21:58Z,2026-01-07T09:42:13Z,16,2026-01-06T22:29:26Z,2026-01-07T15:05:00Z,1,1,Determined upon crew arrival,In Progres,OUTAGE,Single Customer,RFD,NORMAL,42.4422,-83.15274
SE26010601040,2026-01-06T23:21:58Z,2026-01-07T09:57:04Z,17,2026-01-06T22:56:22Z,2026-01-07T15:35:00Z,1,1,Determined upon crew arrival,In Progres,OUTAGE,Single Customer,RFD,NORMAL,42.36612,-83.23416
SE26010601044,2026-01-06T23:21:58Z,2026-01-07T01:49:49Z,4,2026-01-06T19:03:02Z,2026-01-07T03:35:00Z,1,1,Equipment problem,In Progres,OUTAGE,Single Customer,RFD,NORMAL,42.27672,-83.27171
NE26010601080,2026-01-06T23:41:30Z,2026-01-06T23:41:30Z,1,2026-01-06T23:13:40Z,,1,1,Determined upon crew arrival,New,OUTAGE,Single Customer,MTC,NORMAL,42.65671,-82.96814
NW26010601073,2026-01-06T23:41:30Z,2026-01-06T23:52:24Z,2,2026-01-06T23:11:02Z,2026-01-07T03:55:00Z,1365,1365,Equipment problem,In Progres,OUTAGE,Device (II),SBY,NORMAL,42.65733,-82.97492
NW26010601077,2026-01-06T23:41:30Z,2026-01-06T23:41:30Z,1,2026-01-06T23:11:06Z,2026-01-07T03:55:00Z,1,1,Determined upon crew arrival,New,OUTAGE,Single Customer,SBY,NORMAL,42.6559,-82.99607
SE26010601064,2026-01-06T23:41:30Z,2026-01-07T01:49:49Z,3,2026-01-06T23:17:11Z,2026-01-07T03:45:00Z,1,1,Problem with the customer equip,In Progres,OUTAGE,Single Customer,CAN,NORMAL,42.31577,-83.09793
SW26010601066,2026-01-06T23:41:30Z,2026-01-06T23:52:24Z,2,2026-01-06T23:21:41Z,2026-01-07T03:50:00Z,1,1,Determined upon crew arrival,New,SERVICE DOWN NO,,ANN,NORMAL,42.24453,-83.63177
NE26010601091,2026-01-06T23:52:24Z,2026-01-06T23:52:24Z,1,2026-01-06T23:43:52Z,,1,1,Determined upon crew arrival,New,OUTAGE,Single Customer,NAE,NORMAL,43.42968,-82.59746
SW26010601086,2026-01-06T23:52:24Z,2026-01-06T23:52:24Z,1,2026-01-06T23:34:33Z,2026-01-07T04:05:00Z,53,53,Determined upon crew arrival,In Progres,OUTAGE,Device (I),NPT,NORMAL,41.96619,-83.35567
SW26010601090,2026-01-06T23:52:24Z,2026-01-06T23:52:24Z,1,2026-01-06T23:39:36Z,2026-01-07T04:10:00Z,2,2,Determined upon crew arrival,New,OUTAGE,Service Secondary,NPT,NORMAL,41.96617,-83.35411
NE26010601153,2026-01-07T01:49:49Z,2026-01-07T18:41:05Z,31,2026-01-07T00:32:46Z,2026-01-08T05:05:00Z,1,1,Ice on lines and equipment,Pending,OUTAGE,Single Customer,MAR,NORMAL,43.33266,-82.54544
NE26010601167,2026-01-07T01:49:49Z,2026-01-07T01:49:49Z,1,2026-01-07T00:34:38Z,2026-01-07T05:05:00Z,39,39,Determined upon crew arrival,In Progres,OUTAGE,Device (I),MTC,NORMAL,42.66569,-82.79267
NE26010601168,2026-01-07T01:49:49Z,2026-01-07T07:02:22Z,8,2026-01-07T00:36:43Z,2026-01-07T09:05:00Z,11,11,Equipment problem,In Progres,OUTAGE,Service Transformer,MAR,NORMAL,43.26593,-82.53411
NE26010601171,2026-01-07T01:49:49Z,2026-01-07T01:49:49Z,1,2026-01-07T00:37:24Z,2026-01-07T05:05:00Z,1,1,Determined upon crew arrival,New,OUTAGE,Single Customer,MAR,NORMAL,43.33233,-82.53589
NE26010601175,2026-01-07T01:49:49Z,2026-01-07T01:49:49Z,1,2026-01-07T00:38:28Z,2026-01-07T05:10:00Z,1,1,Equipment problem,In Progres,OUTAGE,Single Customer,MAR,NORMAL,43.26877,-82.52775
NW26010601098,2026-01-07T01:49:49Z,2026-01-07T01:49:49Z,1,2026-01-06T19:07:01Z,2026-01-07T04:20:00Z,1,1,Equipment problem,In Progres,OUTAGE,Single Customer,PON,NORMAL,42.58146,-83.39057
NW26010601104,2026-01-07T01:49:49Z,2026-01-07T01:49:49Z,1,2026-01-06T23:59:24Z,2026-01-07T04:30:00Z,67,67,Equipment problem,In Progres,OUTAGE,Device (II),HWL,NORMAL,42.64744,-83.70195
NW26010601128,2026-01-07T01:49:49Z,2026-01-07T05:35:30Z,5,2026-01-07T00:11:11Z,2026-01-07T16:40:00Z,1,1,Equipment problem,In Progres,OUTAGE,Single Customer,SBY,NORMAL,42.61277,-82.97972
NW26010601133,2026-01-07T01:49:49Z,2026-01-07T05:00:10Z,4,2026-01-07T00:22:36Z,2026-01-07T04:55:00Z,1,1,Equipment problem,Pending,OUTAGE,Single Customer,SBY,NORMAL,42.80364,-83.03175
NW26010601170,2026-01-07T01:49:49Z,2026-01-07T04:28:05Z,3,2026-01-07T00:37:20Z,2026-01-07T05:05:00Z,1,1,Equipment problem,In Progres,OUTAGE,Single Customer,SBY,NORMAL,42.64059,-83.00225
NW26010601197,2026-01-07T01:49:49Z,2026-01-07T05:00:10Z,4,2026-01-07T00:49:11Z,2026-01-07T05:20:00Z,1,1,Equipment problem,In Progres,OUTAGE,Single Customer,PON,NORMAL,42.58664,-83.27141
SE26010601102,2026-01-07T01:49:49Z,2026-01-07T05:55:05Z,6,2026-01-06T21:35:19Z,2026-01-07T16:30:00Z,1,1,Equipment problem,In Progres,OUTAGE,Single Customer,RFD,NORMAL,42.22875,-83.19849
SE26010601127,2026-01-07T01:49:49Z,2026-01-07T09:57:04Z,14,2026-01-07T00:05:59Z,2026-01-07T16:35:00Z,1,1,Determined upon crew arrival,In Progres,OUTAGE,Single Customer,RFD,NORMAL,42.3664,-83.23293
SE26010601184,2026-01-07T01:49:49Z,2026-01-07T14:00:14Z,22,2026-01-07T00:44:42Z,2026-01-07T17:15:00Z,1,1,Equipment problem,In Progres,OUTAGE,Single Customer,RFD,NORMAL,42.42948,-83.21431
SE26010601218,2026-01-07T01:49:49Z,2026-01-07T14:00:14Z,22,2026-01-06T21:19:04Z,2026-01-07T18:05:00Z,1,1,Determined upon crew arrival,In Progres,OUTAGE,Single Customer,RFD,NORMAL,42.36249,-83.16829
SW26010601095,2026-01-07T01:49:49Z,2026-01-07T01:49:49Z,1,2026-01-06T23:49:04Z,2026-01-07T04:20:00Z,73,73,Equipment problem,In Progres,OUTAGE,Device (I),WWS,NORMAL,42.48023,-83.39538
SE26010601222,2026-01-07T03:39:47Z,2026-01-07T09:02:07Z,11,2026-01-07T01:50:47Z,2026-01-07T18:20:00Z,1,1,Equipment problem,In Progres,OUTAGE,Single Customer,CAN,NORMAL,42.44194,-83.09766
SE26010601241,2026-01-07T03:39:47Z,2026-01-07T09:42:13Z,12,2026-01-07T03:23:03Z,2026-01-07T19:55:00Z,1,1,Equipment problem,In Progres,OUTAGE,Single Customer,CAN,NORMAL,42.41916,-83.0644
NW26010601245,2026-01-07T04:28:05Z,2026-01-07T14:00:14Z,20,2026-01-06T19:06:31Z,2026-01-07T20:30:00Z,1,1,Equipment problem,In Progres,OUTAGE,Single Customer,PON,NORMAL,42.86859,-83.50403
SE26010601243,2026-01-07T04:28:05Z,2026-01-07T09:42:13Z,11,2026-01-07T03:38:55Z,2026-01-07T20:10:00Z,1,1,Equipment problem,In Progres,OUTAGE,Single Customer,CAN,NORMAL,42.4185,-83.06397
SW26010601246,2026-01-07T04:28:05Z,2026-01-07T04:28:05Z,1,2026-01-07T03:59:36Z,2026-01-07T08:30:00Z,85,85,Determined upon crew arrival,In Progres,OUTAGE,Device (I),WWS,NORMAL,42.16909,-83.43383
SE26010601252,2026-01-07T05:00:10Z,2026-01-07T10:31:14Z,12,2026-01-07T04:27:16Z,2026-01-07T20:55:00Z,1,1,Determined upon crew arrival,In Progres,OUTAGE,Single Customer,CAN,NORMAL,42.38833,-83.12887
SE26010601253,2026-01-07T05:00:10Z,2026-01-07T05:00:10Z,1,2026-01-07T04:42:07Z,,1,1,Determined upon crew arrival,New,OUTAGE,Single Customer,RFD,NORMAL,42.40304,-83.29528
NE26010700001,2026-01-07T05:35:30Z,2026-01-07T14:58:12Z,20,2026-01-06T23:45:56Z,2026-01-07T21:40:00Z,1,1,Determined upon crew arrival,In Progres,OUTAGE,Single Customer,MTC,NORMAL,42.54723,-82.92351
NW26010700005,2026-01-07T06:36:02Z,2026-01-07T14:58:12Z,18,2026-01-07T06:03:03Z,2026-01-07T22:35:00Z,1,1,Equipment problem,In Progres,OUTAGE,Single Customer,HWL,NORMAL,42.52421,-83.82296
SE26010700008,2026-01-07T07:53:39Z,2026-01-07T07:53:39Z,1,2026-01-07T07:42:16Z,,1,1,Determined upon crew arrival,New,OUTAGE,Single Customer,CAN,NORMAL,42.40563,-82.92259
SE26010700009,2026-01-07T08:32:58Z,2026-01-07T09:02:07Z,2,2026-01-07T07:50:58Z,2026-01-07T12:20:00Z,1,1,Determined upon crew arrival,Pending,OUTAGE,Single Customer,RFD,NORMAL,42.36807,-83.21854
NE26010700012,2026-01-07T09:02:07Z,2026-01-07T23:42:15Z,32,2026-01-07T08:25:51Z,2026-01-08T00:55:00Z,1,1,Equipment problem,In Progres,PRIORITY,,LAP,NORMAL,43.02107,-83.07129
NW26010700014,2026-01-07T09:42:13Z,2026-01-07T16:40:39Z,15,2026-01-07T08:54:29Z,2026-01-08T01:25:00Z,1,1,Equipment problem,In Progres,OUTAGE,Single Customer,SBY,NORMAL,42.74678,-83.03355
SE26010700016,2026-01-07T09:42:13Z,2026-01-07T11:24:09Z,5,2026-01-07T09:23:05Z,2026-01-07T13:55:00Z,1,1,Determined upon crew arrival,Pending,OUTAGE,Single Customer,RFD,NORMAL,42.28692,-83.18932
NW26010700021,2026-01-07T11:24:09Z,2026-01-07T17:02:59Z,12,2026-01-07T02:06:08Z,2026-01-08T03:45:00Z,1,1,Determined upon crew arrival,In Progres,OUTAGE,Single Customer,SBY,NORMAL,42.80364,-83.03175
NE26010700023,2026-01-07T11:52:57Z,2026-01-07T15:58:02Z,8,2026-01-06T19:44:06Z,2026-01-07T16:05:00Z,1,1,Equipment problem,In Progres,OUTAGE,Single Customer,MAR,NORMAL,43.02551,-82.46226
NE26010700030,2026-01-07T12:49:33Z,2026-01-08T13:41:00Z,46,2026-01-07T12:37:04Z,2026-01-08T17:05:00Z,1,1,Equipment problem,In Progres,PRIORITY,,MTC,NORMAL,42.61573,-82.95888
NE26010700078,2026-01-07T13:40:17Z,2026-01-07T13:40:17Z,1,2026-01-07T13:07:14Z,2026-01-07T17:50:00Z,2,2,Determined upon crew arrival,New,OUTAGE,Service Transformer,MAR,NORMAL,43.33191,-82.87094
NW26010700032,2026-01-07T13:40:17Z,2026-01-07T17:57:04Z,10,2026-01-07T12:47:35Z,2026-01-07T21:25:00Z,2,2,Equipment problem,In Progres,OUTAGE,Device (II),SBY,NORMAL,42.70295,-83.15464
SE26010700048,2026-01-07T13:40:17Z,2026-01-07T17:42:55Z,9,2026-01-06T21:29:29Z,2026-01-07T17:50:00Z,1,1,Equipment problem,In Progres,OUTAGE,Single Customer,RFD,NORMAL,42.44699,-83.15011
SW26010700037,2026-01-07T13:40:17Z,2026-01-07T14:00:14Z,2,2026-01-07T13:09:10Z,2026-01-07T17:40:00Z,1,1,Determined upon crew arrival,In Progres,OUTAGE,Single Customer,WWS,NORMAL,42.49846,-83.3666
SW26010700040,2026-01-07T13:40:17Z,2026-01-07T14:35:13Z,3,2026-01-07T13:06:50Z,2026-01-07T17:40:00Z,39,39,Equipment problem,In Progres,OUTAGE,Device (II),WWS,NORMAL,42.50322,-83.37385
SE26010700085,2026-01-07T14:00:14Z,2026-01-07T17:57:04Z,9,2026-01-07T13:27:40Z,2026-01-07T18:05:00Z,1,1,Equipment problem,In Progres,OUTAGE,Single Customer,RFD,NORMAL,42.39724,-83.22435
SE26010700089,2026-01-07T14:00:14Z,2026-01-07T16:40:39Z,6,2026-01-07T13:41:58Z,2026-01-07T18:10:00Z,1,1,Determined upon crew arrival,In Progres,OUTAGE,Single Customer,RFD,NORMAL,42.38175,-83.17268
SW26010700087,2026-01-07T14:00:14Z,2026-01-07T14:58:12Z,3,2026-01-07T13:33:56Z,2026-01-07T18:05:00Z,1,1,Determined upon crew arrival,In Progres,OUTAGE,Single Customer,WWS,NORMAL,42.50054,-83.38517
SW26010700090,2026-01-07T14:00:14Z,2026-01-07T15:34:46Z,4,2026-01-07T13:42:05Z,2026-01-07T18:10:00Z,1,1,Equipment problem,In Progres,PRIORITY,,WWS,NORMAL,42.49953,-83.37246
NE26010700119,2026-01-07T14:35:13Z,2026-01-07T14:35:13Z,1,2026-01-07T13:45:54Z,,6,6,Determined upon crew arrival,New,OUTAGE,Service Transformer,MTC,NORMAL,42.63845,-82.96224
NE26010700120,2026-01-07T14:35:13Z,2026-01-07T17:02:59Z,6,2026-01-07T14:06:10Z,2026-01-07T19:00:00Z,1,1,Determined upon crew arrival,In Progres,OUTAGE,Single Customer,LAP,NORMAL,43.12942,-83.39307
NE26010700133,2026-01-07T14:35:13Z,2026-01-07T14:58:12Z,2,2026-01-07T14:09:00Z,2026-01-07T19:00:00Z,1,1,Determined upon crew arrival,In Progres,OUTAGE,Single Customer,MTC,NORMAL,42.77225,-82.77236
NE26010700135,2026-01-07T14:35:13Z,2026-01-07T17:02:59Z,6,2026-01-07T14:15:28Z,2026-01-07T19:00:00Z,11,11,Determined upon crew arrival,In Progres,OUTAGE,Service Transformer,LAP,NORMAL,42.80596,-83.25359
NE26010700142,2026-01-07T14:35:13Z,2026-01-07T17:02:59Z,6,2026-01-07T14:17:40Z,2026-01-07T19:00:00Z,1,1,Determined upon crew arrival,In Progres,OUTAGE,Service Transformer,NAE,NORMAL,43.67367,-83.4733
NW26010700129,2026-01-07T14:35:13Z,2026-01-07T14:35:13Z,1,2026-01-07T14:02:38Z,,7242,7242,Determined upon crew arrival,New,OUTAGE,Subtransmission,PON,NORMAL,42.66202,-83.34074
SE26010700101,2026-01-07T14:35:13Z,2026-01-07T21:42:21Z,16,2026-01-07T13:53:39Z,2026-01-07T22:30:00Z,11,11,Determined upon crew arrival,In Progres,OUTAGE,Service Transformer,RFD,NORMAL,42.45701,-83.23867
SE26010700110,2026-01-07T14:35:13Z,2026-01-07T19:31:35Z,11,2026-01-07T14:11:25Z,2026-01-07T22:40:00Z,1,1,Determined upon crew arrival,In Progres,PRIORITY,,RFD,NORMAL,42.27548,-83.13654
SE26010700113,2026-01-07T14:35:13Z,2026-01-07T20:49:31Z,14,2026-01-07T14:19:59Z,2026-01-07T22:50:00Z,1,1,Determined upon crew arrival,In Progres,PRIORITY,,RFD,NORMAL,42.27727,-83.13803
SE26010700125,2026-01-07T14:35:13Z,2026-01-07T15:58:02Z,4,2026-01-07T14:03:52Z,2026-01-07T19:00:00Z,229,229,Equipment problem,In Progres,OUTAGE,Circuit Level,RFD,NORMAL,42.27875,-83.13729
SE26010700137,2026-01-07T14:35:13Z,2026-01-07T19:31:35Z,11,2026-01-07T14:14:46Z,2026-01-07T23:00:00Z,3,3,Equipment problem,In Progres,OUTAGE,Service Transformer,RFD,NORMAL,42.39678,-83.17221
SE26010700138,2026-01-07T14:35:13Z,2026-01-07T14:35:13Z,1,2026-01-07T14:14:46Z,,1,1,Determined upon crew arrival,New,OUTAGE,Single Customer,CAN,NORMAL,42.41323,-82.92916
SE26010700146,2026-01-07T14:35:13Z,2026-01-07T14:58:12Z,2,2026-01-07T14:17:54Z,2026-01-07T19:00:00Z,17,17,Determined upon crew arrival,In Progres,OUTAGE,Service Transformer,RFD,NORMAL,42.38555,-83.20823
SE26010700147,2026-01-07T14:35:13Z,2026-01-07T14:35:13Z,1,2026-01-07T14:25:56Z,,1,1,Determined upon crew arrival,New,OUTAGE,Single Customer,RFD,NORMAL,42.27367,-83.13325
SE26010700148,2026-01-07T14:35:13Z,2026-01-07T14:58:12Z,2,2026-01-07T14:27:09Z,2026-01-07T19:00:00Z,2,2,Determined upon crew arrival,In Progres,OUTAGE,Service Secondary,RFD,NORMAL,42.39025,-83.20301
NE26010700153,2026-01-07T14:58:12Z,2026-01-07T14:58:12Z,1,2026-01-07T00:30:31Z,2026-01-07T19:05:00Z,1,1,Determined upon crew arrival,New,PRIORITY,,MAR,NORMAL,43.26716,-82.53018
NE26010700157,2026-01-07T14:58:12Z,2026-01-07T14:58:12Z,1,2026-01-07T14:35:54Z,2026-01-07T19:05:00Z,1,1,Determined upon crew arrival,PC3 Verifi,OUTAGE,Single Customer,MTC,NORMAL,42.54828,-82.92277
NE26010700161,2026-01-07T14:58:12Z,2026-01-07T14:58:12Z,1,2026-01-07T14:38:46Z,2026-01-07T19:10:00Z,34,34,Determined upon crew arrival,In Progres,OUTAGE,Service Transformer,MTC,NORMAL,42.51391,-82.93722
SE26010700155,2026-01-07T14:58:12Z,2026-01-07T15:58:02Z,3,2026-01-07T14:35:19Z,2026-01-07T19:05:00Z,1041,1041,Determined upon crew arrival,In Progres,OUTAGE,Device (II),RFD,NORMAL,42.38442,-83.19969
SE26010700164,2026-01-07T14:58:12Z,2026-01-07T20:49:31Z,13,2026-01-07T14:43:02Z,2026-01-07T23:15:00Z,1,1,Determined upon crew arrival,In Progres,PRIORITY,,RFD,NORMAL,42.28168,-83.14235
SW26010700163,2026-01-07T14:58:12Z,2026-01-07T15:58:02Z,3,2026-01-07T14:42:44Z,2026-01-07T19:15:00Z,20,20,Determined upon crew arrival,In Progres,OUTAGE,Service Transformer,WWS,NORMAL,42.40046,-83.31733
NE26010700196,2026-01-07T15:34:46Z,2026-01-07T19:31:35Z,9,2026-01-07T00:30:31Z,2026-01-07T19:35:00Z,1,1,Equipment problem,In Progres,OUTAGE,Single Customer,MAR,NORMAL,43.26716,-82.53018
NE26010700206,2026-01-07T15:34:46Z,2026-01-07T17:02:59Z,4,2026-01-07T15:09:33Z,2026-01-07T19:40:00Z,1,1,Determined upon crew arrival,In Progres,OUTAGE,Service Secondary,LAP,NORMAL,43.20867,-83.43444
NE26010700212,2026-01-07T15:34:46Z,2026-01-07T15:58:02Z,2,2026-01-07T15:18:35Z,2026-01-07T19:50:00Z,1,1,Determined upon crew arrival,In Progres,OUTAGE,Single Customer,LAP,NORMAL,43.00471,-83.15721
NW26010700200,2026-01-07T15:34:46Z,2026-01-07T23:53:00Z,20,2026-01-07T15:03:32Z,2026-01-08T07:35:00Z,1,1,Equipment problem,In Progres,OUTAGE,Single Customer,PON,NORMAL,42.73812,-83.52345
NW26010700208,2026-01-07T15:34:46Z,2026-01-07T22:45:53Z,17,2026-01-07T15:11:50Z,2026-01-08T07:40:00Z,1,1,Equipment problem,In Progres,OUTAGE,Single Customer,PON,NORMAL,42.72519,-83.40435
NW26010700218,2026-01-07T15:34:46Z,2026-01-07T17:57:04Z,6,2026-01-07T15:22:15Z,2026-01-07T19:50:00Z,1,1,Determined upon crew arrival,In Progres,OUTAGE,Single Customer,HWL,NORMAL,42.5578,-83.75346
NW26010700221,2026-01-07T15:34:46Z,2026-01-07T15:34:46Z,1,2026-01-07T15:08:21Z,2026-01-07T19:55:00Z,3,3,Determined upon crew arrival,New,OUTAGE,Service Transformer,PON,NORMAL,42.8742,-83.45606
NW26010700231,2026-01-07T15:34:46Z,2026-01-07T15:34:46Z,1,2026-01-07T15:11:45Z,2026-01-07T19:55:00Z,1,1,Determined upon crew arrival,New,OUTAGE,Single Customer,PON,NORMAL,42.86779,-83.45279
SE26010700175,2026-01-07T15:34:46Z,2026-01-07T20:49:31Z,12,2026-01-07T14:51:41Z,2026-01-08T07:20:00Z,1,1,Determined upon crew arrival,In Progres,OUTAGE,Service Secondary,RFD,NORMAL,42.47244,-83.13488
SE26010700178,2026-01-07T15:34:46Z,2026-01-07T15:34:46Z,1,2026-01-07T14:52:47Z,2026-01-07T19:25:00Z,39,39,Determined upon crew arrival,In Progres,OUTAGE,Device (I),RFD,NORMAL,42.28112,-83.23574
SE26010700185,2026-01-07T15:34:46Z,2026-01-07T15:58:02Z,2,2026-01-07T14:56:13Z,2026-01-07T19:25:00Z,1,1,Determined upon crew arrival,In Progres,OUTAGE,Service Secondary,RFD,NORMAL,42.38362,-83.20089
SE26010700188,2026-01-07T15:34:46Z,2026-01-07T18:41:05Z,7,2026-01-07T15:00:03Z,2026-01-07T19:30:00Z,1,1,Equipment problem,In Progres,OUTAGE,Single Customer,CAN,NORMAL,42.43064,-82.93739
SE26010700190,2026-01-07T15:34:46Z,2026-01-07T17:57:04Z,6,2026-01-07T15:02:50Z,2026-01-07T19:35:00Z,1,1,Equipment problem,In Progres,OUTAGE,Single Customer,RFD,NORMAL,42.32753,-83.15133
SE26010700194,2026-01-07T15:34:46Z,2026-01-07T15:58:02Z,2,2026-01-07T15:03:35Z,2026-01-07T19:35:00Z,1,1,Determined upon crew arrival,In Progres,OUTAGE,Single Customer,RFD,NORMAL,42.51023,-83.17239
SE26010700197,2026-01-07T15:34:46Z,2026-01-07T15:58:02Z,2,2026-01-07T15:04:25Z,2026-01-07T19:35:00Z,1,1,Determined upon crew arrival,In Progres,OUTAGE,Service Secondary,CAN,NORMAL,42.44143,-82.96598
SE26010700203,2026-01-07T15:34:46Z,2026-01-07T16:40:39Z,3,2026-01-07T15:06:57Z,2026-01-07T19:35:00Z,1,1,Determined upon crew arrival,In Progres,OUTAGE,Service Secondary,RFD,NORMAL,42.37865,-83.16617
SE26010700205,2026-01-07T15:34:46Z,2026-01-08T15:59:23Z,46,2026-01-06T22:08:07Z,2026-01-08T19:40:00Z,1,1,Determined upon crew arrival,In Progres,OUTAGE,Single Customer,CAN,NORMAL,42.43614,-83.12011
SE26010700210,2026-01-07T15:34:46Z,2026-01-07T17:02:59Z,4,2026-01-07T15:12:36Z,2026-01-07T19:45:00Z,2,2,Determined upon crew arrival,In Progres,OUTAGE,Service Secondary,CAN,NORMAL,42.38356,-83.02225
SE26010700217,2026-01-07T15:34:46Z,2026-01-07T17:42:55Z,5,2026-01-07T15:21:49Z,2026-01-07T19:50:00Z,1,1,Determined upon crew arrival,In Progres,OUTAGE,Single Customer,RFD,NORMAL,42.2666,-83.19602
SE26010700232,2026-01-07T15:34:46Z,2026-01-07T15:58:02Z,2,2026-01-07T15:26:51Z,2026-01-07T19:55:00Z,1,1,Determined upon crew arrival,In Progres,OUTAGE,Service Secondary,CAN,NORMAL,42.43618,-82.99539
SE26010700236,2026-01-07T15:34:46Z,2026-01-07T15:34:46Z,1,2026-01-07T15:28:04Z,,1,1,Determined upon crew arrival,New,SERVICE DOWN NO,,CAN,NORMAL,42.43184,-82.94253
SE26010700238,2026-01-07T15:34:46Z,2026-01-07T17:02:59Z,4,2026-01-07T15:14:51Z,2026-01-07T20:00:00Z,3,3,Determined upon crew arrival,In Progres,OUTAGE,Service Transformer,CAN,NORMAL,42.38412,-83.02262
SW26010700198,2026-01-07T15:34:46Z,2026-01-07T15:58:02Z,2,2026-01-07T15:04:47Z,2026-01-07T19:35:00Z,1,1,Determined upon crew arrival,In Progres,OUTAGE,Single Customer,WWS,NORMAL,42.37819,-83.50818
SW26010700226,2026-01-07T15:34:46Z,2026-01-07T16:40:39Z,3,2026-01-07T15:25:00Z,2026-01-07T19:55:00Z,105,105,Determined upon crew arrival,In Progres,OUTAGE,Device (II),ANN,NORMAL,42.39215,-83.80452
SW26010700229,2026-01-07T15:34:46Z,2026-01-07T15:34:46Z,1,2026-01-07T15:26:34Z,2026-01-07T19:55:00Z,1,1,Determined upon crew arrival,New,OUTAGE,Single Customer,ANN,NORMAL,42.39762,-83.81067
NE26010700264,2026-01-07T15:58:02Z,2026-01-07T17:02:59Z,3,2026-01-07T15:43:47Z,2026-01-07T20:15:00Z,1,1,Determined upon crew arrival,In Progres,OUTAGE,Service Secondary,MAR,NORMAL,43.15232,-82.56325
NW26010700247,2026-01-07T15:58:02Z,2026-01-07T17:02:59Z,3,2026-01-07T15:33:36Z,2026-01-07T20:05:00Z,1,1,Determined upon crew arrival,In Progres,OUTAGE,Single Customer,PON,NORMAL,42.60653,-83.48395
NW26010700269,2026-01-07T15:58:02Z,2026-01-07T17:02:59Z,3,2026-01-07T15:45:04Z,2026-01-07T20:15:00Z,1,1,Determined upon crew arrival,In Progres,OUTAGE,Single Customer,PON,NORMAL,42.86779,-83.45279
SE26010700240,2026-01-07T15:58:02Z,2026-01-07T16:40:39Z,2,2026-01-07T15:30:12Z,2026-01-07T20:00:00Z,1,1,Determined upon crew arrival,In Progres,OUTAGE,Service Secondary,RFD,NORMAL,42.38473,-83.1908
SE26010700245,2026-01-07T15:58:02Z,2026-01-07T20:49:31Z,11,2026-01-07T15:33:53Z,2026-01-08T08:05:00Z,1,1,Equipment problem,In Progres,OUTAGE,Single Customer,CAN,NORMAL,42.42824,-82.99142
SE26010700246,2026-01-07T15:58:02Z,2026-01-07T19:51:41Z,9,2026-01-07T15:34:59Z,2026-01-07T20:05:00Z,1,1,Determined upon crew arrival,In Progres,OUTAGE,Service Secondary,RFD,NORMAL,42.38778,-83.18759
SE26010700256,2026-01-07T15:58:02Z,2026-01-07T17:02:59Z,3,2026-01-07T15:39:13Z,2026-01-07T20:10:00Z,1,1,Determined upon crew arrival,In Progres,OUTAGE,Single Customer,RFD,NORMAL,42.37894,-83.16542
SE26010700260,2026-01-07T15:58:02Z,2026-01-07T15:58:02Z,1,2026-01-07T15:41:09Z,2026-01-07T20:10:00Z,1,1,Determined upon crew arrival,In Progres,OUTAGE,Single Customer,RFD,NORMAL,42.38599,-83.18324
SE26010700267,2026-01-07T15:58:02Z,2026-01-07T17:02:59Z,3,2026-01-07T15:44:14Z,2026-01-07T20:15:00Z,1,1,Determined upon crew arrival,In Progres,OUTAGE,Single Customer,CAN,NORMAL,42.43618,-82.99539
SW26010700248,2026-01-07T15:58:02Z,2026-01-07T20:49:31Z,11,2026-01-07T15:36:12Z,2026-01-08T00:05:00Z,72,72,Determined upon crew arrival,In Progres,OUTAGE,Service Transformer,ANN,NORMAL,42.24489,-83.61832
NA26010700320,2026-01-07T16:40:39Z,2026-01-07T16:40:39Z,1,2026-01-07T16:29:18Z,,1,1,Determined upon crew arrival,New,OUTAGE,Single Customer,TNA_S,NORMAL,43.05186,-82.09184
NE26010700287,2026-01-07T16:40:39Z,2026-01-07T19:01:51Z,6,2026-01-07T16:09:27Z,2026-01-07T20:40:00Z,1,1,Determined upon crew arrival,In Progres,OUTAGE,Single Customer,MTC,NORMAL,42.83748,-82.80558
NE26010700299,2026-01-07T16:40:39Z,2026-01-07T19:01:51Z,6,2026-01-07T16:17:28Z,2026-01-07T20:50:00Z,17,17,Determined upon crew arrival,In Progres,OUTAGE,Service Transformer,MTC,NORMAL,42.47654,-82.9445
NE26010700311,2026-01-07T16:40:39Z,2026-01-07T16:40:39Z,1,2026-01-07T16:23:22Z,2026-01-07T20:55:00Z,686,686,Determined upon crew arrival,In Progres,OUTAGE,Device (II),MAR,NORMAL,43.06645,-82.46452
NE26010700317,2026-01-07T16:40:39Z,2026-01-07T17:57:04Z,4,2026-01-07T16:26:23Z,2026-01-07T20:55:00Z,2,2,Determined upon crew arrival,In Progres,OUTAGE,Service Transformer,NAE,NORMAL,43.30431,-83.05994
NW26010700271,2026-01-07T16:40:39Z,2026-01-07T17:02:59Z,2,2026-01-07T15:47:00Z,2026-01-07T20:20:00Z,1,1,Animal/bird damaged DTE equip,In Progres,OUTAGE,Single Customer,HWL,NORMAL,42.59103,-83.8012
NW26010700272,2026-01-07T16:40:39Z,2026-01-07T17:02:59Z,2,2026-01-07T15:51:16Z,2026-01-07T20:20:00Z,1,1,Determined upon crew arrival,In Progres,OUTAGE,Single Customer,PON,NORMAL,42.60597,-83.48496
NW26010700283,2026-01-07T16:40:39Z,2026-01-07T17:57:04Z,4,2026-01-07T15:48:20Z,2026-01-07T20:35:00Z,18,18,Determined upon crew arrival,In Progres,OUTAGE,Service Transformer,SBY,NORMAL,42.54828,-82.98322
NW26010700285,2026-01-07T16:40:39Z,2026-01-07T17:42:55Z,3,2026-01-07T16:07:36Z,2026-01-07T20:40:00Z,1,1,Determined upon crew arrival,In Progres,OUTAGE,Single Customer,PON,NORMAL,42.64939,-83.42969
SE26010700294,2026-01-07T16:40:39Z,2026-01-07T17:57:04Z,4,2026-01-07T16:13:49Z,2026-01-07T20:45:00Z,1,1,Determined upon crew arrival,In Progres,OUTAGE,Single Customer,RFD,NORMAL,42.25704,-83.20323
SE26010700304,2026-01-07T16:40:39Z,2026-01-07T17:02:59Z,2,2026-01-07T16:19:06Z,2026-01-07T20:50:00Z,1,1,Determined upon crew arrival,In Progres,OUTAGE,Single Customer,RFD,NORMAL,42.3791,-83.16583
SE26010700310,2026-01-07T16:40:39Z,2026-01-07T17:57:04Z,4,2026-01-07T16:22:07Z,2026-01-07T20:50:00Z,16,16,Determined upon crew arrival,In Progres,OUTAGE,Service Transformer,RFD,NORMAL,42.38289,-83.18873
SE26010700312,2026-01-07T16:40:39Z,2026-01-07T17:42:55Z,3,2026-01-07T16:24:23Z,2026-01-07T20:55:00Z,1,1,Determined upon crew arrival,In Progres,OUTAGE,Single Customer,CAN,NORMAL,42.36517,-83.03337
SE26010700315,2026-01-07T16:40:39Z,2026-01-08T01:50:05Z,19,2026-01-07T16:26:25Z,2026-01-08T04:55:00Z,36,36,Equipment problem,In Progres,OUTAGE,Device (I),RFD,NORMAL,42.44961,-83.21396
SE26010700322,2026-01-07T16:40:39Z,2026-01-07T18:41:05Z,5,2026-01-07T16:29:57Z,2026-01-07T21:00:00Z,1,1,Determined upon crew arrival,In Progres,OUTAGE,Single Customer,CAN,NORMAL,42.43974,-82.96907
SW26010700298,2026-01-07T16:40:39Z,2026-01-07T17:02:59Z,2,2026-01-07T16:15:35Z,2026-01-07T20:45:00Z,12,12,Determined upon crew arrival,In Progres,OUTAGE,Service Transformer,ANN,NORMAL,42.24918,-83.63126
SW26010700307,2026-01-07T16:40:39Z,2026-01-07T17:02:59Z,2,2026-01-07T16:21:07Z,2026-01-07T20:50:00Z,1,1,Determined upon crew arrival,In Progres,OUTAGE,Service Transformer,ANN,NORMAL,42.14201,-83.654
SW26010700318,2026-01-07T16:40:39Z,2026-01-07T17:57:04Z,4,2026-01-07T16:27:47Z,2026-01-07T21:00:00Z,22,22,Determined upon crew arrival,In Progres,OUTAGE,Service Transformer,WWS,NORMAL,42.316,-83.319
SW26010700321,2026-01-07T16:40:39Z,2026-01-07T17:02:59Z,2,2026-01-07T16:29:30Z,2026-01-07T21:00:00Z,1,1,Determined upon crew arrival,In Progres,OUTAGE,Single Customer,WWS,NORMAL,42.32258,-83.41394
NE26010700341,2026-01-07T17:02:59Z,2026-01-07T17:02:59Z,1,2026-01-07T16:44:48Z,,1,1,Determined upon crew arrival,New,OUTAGE,Single Customer,MTC,NORMAL,42.71161,-82.80013
NW26010700328,2026-01-07T17:02:59Z,2026-01-07T17:57:04Z,3,2026-01-07T16:34:07Z,2026-01-07T21:05:00Z,1,1,Determined upon crew arrival,In Progres,OUTAGE,Single Customer,HWL,NORMAL,42.56024,-83.73268
SE26010700330,2026-01-07T17:02:59Z,2026-01-07T19:01:51Z,5,2026-01-07T16:37:50Z,2026-01-07T21:10:00Z,1,1,Determined upon crew arrival,In Progres,OUTAGE,Single Customer,RFD,NORMAL,42.50108,-83.1579
SE26010700338,2026-01-07T17:02:59Z,2026-01-07T17:02:59Z,1,2026-01-07T16:26:30Z,2026-01-07T21:10:00Z,1,1,Determined upon crew arrival,New,OUTAGE,Single Customer,CAN,NORMAL,42.38922,-83.12134
NE26010700358,2026-01-07T17:42:55Z,2026-01-07T20:27:11Z,7,2026-01-07T17:03:28Z,2026-01-07T21:35:00Z,1,1,Equipment problem,In Progres,OUTAGE,Single Customer,NAE,NORMAL,43.67291,-82.74123
NE26010700361,2026-01-07T17:42:55Z,2026-01-07T17:57:04Z,2,2026-01-07T17:04:18Z,2026-01-07T21:35:00Z,1,1,Determined upon crew arrival,In Progres,OUTAGE,Service Secondary,MAR,NORMAL,43.05918,-82.55597
NE26010700367,2026-01-07T17:42:55Z,2026-01-07T20:27:11Z,7,2026-01-07T17:07:02Z,2026-01-07T21:35:00Z,1,1,Equipment problem,In Progres,OUTAGE,Single Customer,MTC,NORMAL,42.52132,-82.98473
NW26010700363,2026-01-07T17:42:55Z,2026-01-07T19:31:35Z,5,2026-01-07T17:04:43Z,2026-01-07T21:35:00Z,70,70,Determined upon crew arrival,In Progres,OUTAGE,Device (I),PON,NORMAL,42.55998,-83.10071
NW26010700380,2026-01-07T17:42:55Z,2026-01-07T17:42:55Z,1,2026-01-07T17:22:54Z,2026-01-07T21:55:00Z,10,10,Determined upon crew arrival,New,OUTAGE,Service Transformer,PON,NORMAL,42.55906,-83.10252
SE26010700349,2026-01-07T17:42:55Z,2026-01-07T19:51:41Z,6,2026-01-07T16:55:13Z,2026-01-07T21:25:00Z,1,1,Determined upon crew arrival,In Progres,OUTAGE,Single Customer,RFD,NORMAL,42.39025,-83.20301
SE26010700351,2026-01-07T17:42:55Z,2026-01-07T17:57:04Z,2,2026-01-07T16:59:32Z,2026-01-07T21:30:00Z,1,1,Determined upon crew arrival,In Progres,OUTAGE,Single Customer,RFD,NORMAL,42.38689,-83.18541
SE26010700362,2026-01-07T17:42:55Z,2026-01-07T17:57:04Z,2,2026-01-07T17:03:44Z,2026-01-07T21:35:00Z,14,14,Determined upon crew arrival,In Progres,OUTAGE,Service Transformer,RFD,NORMAL,42.47961,-83.1552
SE26010700365,2026-01-07T17:42:55Z,2026-01-07T19:51:41Z,6,2026-01-06T15:26:41Z,2026-01-07T21:35:00Z,1,1,Determined upon crew arrival,In Progres,OUTAGE,Single Customer,CAN,NORMAL,42.44336,-83.07027
SE26010700376,2026-01-07T17:42:55Z,2026-01-07T19:31:35Z,5,2026-01-07T17:18:22Z,2026-01-07T21:50:00Z,1,1,Determined upon crew arrival,In Progres,OUTAGE,Single Customer,RFD,NORMAL,42.38485,-83.18977
SE26010700379,2026-01-07T17:42:55Z,2026-01-07T17:57:04Z,2,2026-01-07T17:22:49Z,2026-01-07T21:55:00Z,1,1,Determined upon crew arrival,In Progres,OUTAGE,Single Customer,RFD,NORMAL,42.50645,-83.29365
SE26010700383,2026-01-07T17:42:55Z,2026-01-07T17:57:04Z,2,2026-01-07T17:23:51Z,2026-01-07T21:55:00Z,1,1,Determined upon crew arrival,In Progres,OUTAGE,Single Customer,RFD,NORMAL,42.3827,-83.20448
SW26010700354,2026-01-07T17:42:55Z,2026-01-07T17:57:04Z,2,2026-01-07T17:01:36Z,2026-01-07T21:30:00Z,11,11,Determined upon crew arrival,In Progres,OUTAGE,Service Transformer,WWS,NORMAL,42.35517,-83.42656
SW26010700359,2026-01-07T17:42:55Z,2026-01-07T19:01:51Z,4,2026-01-07T17:04:09Z,2026-01-07T21:35:00Z,8,8,Determined upon crew arrival,In Progres,OUTAGE,Service Transformer,WWS,NORMAL,42.39736,-83.40675
SW26010700371,2026-01-07T17:42:55Z,2026-01-07T19:51:41Z,6,2026-01-07T17:14:22Z,2026-01-07T21:45:00Z,1,1,Determined upon crew arrival,In Progres,OUTAGE,Single Customer,WWS,NORMAL,42.20279,-83.47026
SW26010700385,2026-01-07T17:42:55Z,2026-01-07T19:51:41Z,6,2026-01-07T17:10:23Z,2026-01-07T21:55:00Z,18,18,Determined upon crew arrival,In Progres,OUTAGE,Device (I),WWS,NORMAL,42.31009,-83.35741
NE26010700391,2026-01-07T17:57:04Z,2026-01-07T17:57:04Z,1,2026-01-07T17:17:33Z,2026-01-07T22:00:00Z,17,17,Determined upon crew arrival,In Progres,OUTAGE,Device (I),NAE,NORMAL,44.01696,-82.79495
SE26010700392,2026-01-07T17:57:04Z,2026-01-08T01:50:05Z,16,2026-01-07T17:24:00Z,2026-01-08T10:05:00Z,1,1,Determined upon crew arrival,In Progres,OUTAGE,Single Customer,CAN,NORMAL,42.36898,-83.0887
SW26010700399,2026-01-07T17:57:04Z,2026-01-07T18:41:05Z,2,2026-01-07T17:34:32Z,2026-01-07T22:05:00Z,1,1,Determined upon crew arrival,In Progres,OUTAGE,Service Transformer,WWS,NORMAL,42.28739,-83.39526
NE26010700432,2026-01-07T18:41:05Z,2026-01-07T19:01:51Z,2,2026-01-07T18:23:20Z,2026-01-07T22:55:00Z,1,1,Determined upon crew arrival,In Progres,OUTAGE,Service Transformer,MAR,NORMAL,43.15091,-82.60556
NW26010700409,2026-01-07T18:41:05Z,2026-01-07T19:31:35Z,3,2026-01-07T17:49:23Z,2026-01-07T22:20:00Z,1,1,Determined upon crew arrival,In Progres,SERVICE DOWN NO,,SBY,NORMAL,42.70158,-83.10613
NW26010700419,2026-01-07T18:41:05Z,2026-01-07T19:31:35Z,3,2026-01-07T18:04:22Z,2026-01-07T22:35:00Z,1,1,Determined upon crew arrival,In Progres,OUTAGE,Single Customer,PON,NORMAL,42.87004,-83.45185
SE26010700415,2026-01-07T18:41:05Z,2026-01-07T21:21:23Z,7,2026-01-07T18:01:05Z,2026-01-07T22:30:00Z,1,1,Equipment problem,In Progres,OUTAGE,Single Customer,CAN,NORMAL,42.37157,-83.12468
SE26010700430,2026-01-07T18:41:05Z,2026-01-07T19:01:51Z,2,2026-01-07T18:03:25Z,2026-01-07T22:55:00Z,13,13,Determined upon crew arrival,In Progres,OUTAGE,Service Transformer,RFD,NORMAL,42.26072,-83.20683
SW26010700405,2026-01-07T18:41:05Z,2026-01-07T19:31:35Z,3,2026-01-07T17:46:01Z,2026-01-07T22:15:00Z,1,1,Determined upon crew arrival,In Progres,OUTAGE,Single Customer,WWS,NORMAL,42.31647,-83.36052
SW26010700407,2026-01-07T18:41:05Z,2026-01-07T18:41:05Z,1,2026-01-07T17:37:58Z,2026-01-07T22:20:00Z,15,15,Determined upon crew arrival,In Progres,OUTAGE,Service Transformer,WWS,NORMAL,42.25942,-83.28995
SW26010700414,2026-01-07T18:41:05Z,2026-01-07T19:51:41Z,4,2026-01-07T17:55:48Z,2026-01-07T22:30:00Z,1,1,Determined upon crew arrival,In Progres,OUTAGE,Single Customer,WWS,NORMAL,42.31652,-83.35806
SW26010700421,2026-01-07T18:41:05Z,2026-01-07T19:01:51Z,2,2026-01-07T18:02:59Z,2026-01-07T22:35:00Z,2,2,Animal/bird damaged DTE equip,In Progres,OUTAGE,Service Secondary,NPT,NORMAL,42.00717,-83.32499
SW26010700423,2026-01-07T18:41:05Z,2026-01-07T18:41:05Z,1,2026-01-07T18:13:01Z,2026-01-07T22:45:00Z,44,44,Determined upon crew arrival,In Progres,OUTAGE,Device (I),ANN,NORMAL,42.42349,-83.8865
SW26010700426,2026-01-07T18:41:05Z,2026-01-07T19:31:35Z,3,2026-01-07T18:20:57Z,2026-01-07T22:50:00Z,11,11,Determined upon crew arrival,In Progres,OUTAGE,Service Transformer,ANN,NORMAL,42.24245,-83.63604
NE26010700441,2026-01-07T19:01:51Z,2026-01-07T19:51:41Z,3,2026-01-07T18:34:53Z,2026-01-07T23:10:00Z,2,2,Determined upon crew arrival,In Progres,OUTAGE,Service Secondary,MTC,NORMAL,42.57666,-82.9013
NW26010700436,2026-01-07T19:01:51Z,2026-01-07T23:53:00Z,13,2026-01-07T18:33:13Z,2026-01-08T11:05:00Z,1,1,Determined upon crew arrival,In Progres,SERVICE DOWN NO,,PON,NORMAL,42.68022,-83.2335
NW26010700445,2026-01-07T19:01:51Z,2026-01-07T19:01:51Z,1,2026-01-07T18:28:54Z,,1,1,Determined upon crew arrival,New,OUTAGE,Single Customer,HWL,NORMAL,42.52872,-83.62257
SW26010700446,2026-01-07T19:01:51Z,2026-01-07T20:27:11Z,4,2026-01-07T18:41:40Z,2026-01-07T23:15:00Z,8,8,Animal/bird damaged DTE equip,In Progres,OUTAGE,Service Transformer,NPT,NORMAL,42.1506,-83.20802
NE26010700449,2026-01-07T19:31:35Z,2026-01-07T19:51:41Z,2,2026-01-07T18:34:51Z,2026-01-07T23:15:00Z,11,11,Determined upon crew arrival,In Progres,OUTAGE,Service Transformer,MTC,NORMAL,42.57606,-82.89974
NE26010700457,2026-01-07T19:31:35Z,2026-01-07T23:53:00Z,12,2026-01-07T18:52:03Z,2026-01-08T11:25:00Z,1,1,Equipment problem,In Progres,OUTAGE,Single Customer,MAR,NORMAL,42.88809,-82.4801
NE26010700475,2026-01-07T19:31:35Z,2026-01-07T19:31:35Z,1,2026-01-07T18:58:27Z,,1,1,Determined upon crew arrival,New,OUTAGE,Single Customer,MTC,NORMAL,42.69734,-82.93195
NW26010700458,2026-01-07T19:31:35Z,2026-01-07T20:49:31Z,4,2026-01-07T18:54:09Z,2026-01-07T23:25:00Z,1,1,Determined upon crew arrival,Pending,OUTAGE,Single Customer,HWL,NORMAL,42.56506,-83.73257
NW26010700463,2026-01-07T19:31:35Z,2026-01-07T20:49:31Z,4,2026-01-07T19:02:45Z,2026-01-07T23:35:00Z,1,1,Determined upon crew arrival,In Progres,OUTAGE,Single Customer,PON,NORMAL,42.58628,-83.1289
NW26010700469,2026-01-07T19:31:35Z,2026-01-07T23:53:00Z,12,2026-01-07T19:08:03Z,2026-01-08T11:40:00Z,1,1,Equipment problem,In Progres,OUTAGE,Single Customer,PON,NORMAL,42.53691,-83.3318
SE26010700450,2026-01-07T19:31:35Z,2026-01-07T20:27:11Z,3,2026-01-07T15:18:59Z,2026-01-07T23:15:00Z,1,1,Determined upon crew arrival,In Progres,OUTAGE,Single Customer,RFD,NORMAL,42.49646,-83.19492
SE26010700451,2026-01-07T19:31:35Z,2026-01-07T20:27:11Z,3,2026-01-07T14:50:39Z,2026-01-07T23:20:00Z,1,1,Determined upon crew arrival,In Progres,OUTAGE,Single Customer,RFD,NORMAL,42.2765,-83.28371
SW26010700464,2026-01-07T19:31:35Z,2026-01-07T21:53:23Z,7,2026-01-07T19:04:44Z,2026-01-07T23:35:00Z,1,1,Determined upon crew arrival,In Progres,OUTAGE,Single Customer,WWS,NORMAL,42.47934,-83.47185
NW26010700491,2026-01-07T19:51:41Z,2026-01-08T03:40:05Z,13,2026-01-07T17:49:23Z,2026-01-08T11:55:00Z,1,1,Equipment problem,In Progres,OUTAGE,Single Customer,SBY,NORMAL,42.70158,-83.10613
SE26010700482,2026-01-07T19:51:41Z,2026-01-07T19:51:41Z,1,2026-01-07T19:22:32Z,2026-01-07T23:55:00Z,1,1,Determined upon crew arrival,New,OUTAGE,Single Customer,RFD,NORMAL,42.50102,-83.08607
SE26010700487,2026-01-07T19:51:41Z,2026-01-07T22:45:53Z,8,2026-01-07T19:25:52Z,2026-01-07T23:55:00Z,1,1,Equipment problem,In Progres,OUTAGE,Single Customer,RFD,NORMAL,42.25704,-83.20323
SE26010700488,2026-01-07T19:51:41Z,2026-01-07T19:51:41Z,1,2026-01-07T19:26:34Z,2026-01-07T23:55:00Z,4,4,Determined upon crew arrival,New,OUTAGE,Service Transformer,RFD,NORMAL,42.28958,-83.16335
SE26010700489,2026-01-07T19:51:41Z,2026-01-08T03:40:05Z,13,2026-01-07T19:27:12Z,2026-01-08T11:55:00Z,1,1,Determined upon crew arrival,In Progres,OUTAGE,Single Customer,RFD,NORMAL,42.34093,-83.21514
NE26010700520,2026-01-07T20:27:11Z,2026-01-08T04:57:57Z,14,2026-01-07T19:49:08Z,2026-01-08T12:20:00Z,1,1,Equipment problem,Pending,OUTAGE,Single Customer,MTC,NORMAL,42.63484,-82.81709
NE26010700532,2026-01-07T20:27:11Z,2026-01-07T23:53:00Z,10,2026-01-07T15:07:45Z,2026-01-08T00:35:00Z,1,1,Determined upon crew arrival,In Progres,OUTAGE,Single Customer,LAP,NORMAL,43.15509,-83.16733
NW26010700509,2026-01-07T20:27:11Z,2026-01-07T21:21:23Z,3,2026-01-07T19:33:38Z,2026-01-08T00:10:00Z,13,13,Determined upon crew arrival,In Progres,OUTAGE,Service Transformer,PON,NORMAL,42.63022,-83.28634
NW26010700523,2026-01-07T20:27:11Z,2026-01-07T23:21:51Z,8,2026-01-07T19:46:13Z,2026-01-08T00:20:00Z,1,1,Equipment problem,In Progres,OUTAGE,Single Customer,SBY,NORMAL,42.57171,-83.06182
SE26010700499,2026-01-07T20:27:11Z,2026-01-08T15:59:23Z,36,2026-01-07T19:20:58Z,2026-01-08T16:05:00Z,59,1,Public Interference w/DTE equip,In Progres,OUTAGE,Circuit Level,TBY_S,NORMAL,42.28983,-83.15827
SE26010700528,2026-01-07T20:27:11Z,2026-01-07T23:53:00Z,10,2026-01-07T19:33:02Z,2026-01-08T00:30:00Z,1,1,Determined upon crew arrival,In Progres,OUTAGE,Single Customer,CAN,NORMAL,42.3907,-83.13245
NE26010700544,2026-01-07T20:49:31Z,2026-01-07T23:53:00Z,9,2026-01-07T13:07:14Z,2026-01-08T00:50:00Z,2,2,Equipment problem,In Progres,OUTAGE,Service Transformer,MAR,NORMAL,43.33191,-82.87094
NE26010700548,2026-01-07T20:49:31Z,2026-01-08T01:50:05Z,10,2026-01-07T20:13:48Z,2026-01-08T12:55:00Z,1,1,Equipment problem,In Progres,OUTAGE,Single Customer,MTC,NORMAL,42.60706,-82.87329
NW26010700547,2026-01-07T20:49:31Z,2026-01-07T22:21:58Z,5,2026-01-07T20:22:20Z,2026-01-08T00:50:00Z,2,2,Animal/bird damaged DTE equip,In Progres,OUTAGE,Service Secondary,PON,NORMAL,42.6308,-83.28492
SE26010700553,2026-01-07T20:49:31Z,2026-01-08T15:59:23Z,35,2026-01-07T20:30:08Z,2026-01-08T17:00:00Z,1,1,Public Interference w/DTE equip,In Progres,PRIORITY,,RFD,NORMAL,42.29406,-83.15481
NE26010700563,2026-01-07T21:21:23Z,2026-01-07T22:21:58Z,4,2026-01-07T20:45:14Z,2026-01-08T01:15:00Z,7,7,Equipment problem,In Progres,OUTAGE,Service Transformer,MTC,NORMAL,42.59185,-82.78957
NW26010700566,2026-01-07T21:21:23Z,2026-01-07T22:45:53Z,5,2026-01-07T20:45:25Z,2026-01-08T01:20:00Z,4,4,Equipment problem,In Progres,OUTAGE,Service Transformer,PON,NORMAL,42.56815,-83.20741
SE26010700559,2026-01-07T21:21:23Z,2026-01-07T23:53:00Z,8,2026-01-07T20:42:06Z,2026-01-08T01:10:00Z,1,1,Equipment problem,In Progres,OUTAGE,Single Customer,RFD,NORMAL,42.2655,-83.19953
SE26010700567,2026-01-07T21:21:23Z,2026-01-07T23:42:15Z,7,2026-01-07T20:51:39Z,2026-01-08T01:20:00Z,1,1,Determined upon crew arrival,In Progres,OUTAGE,Single Customer,CAN,NORMAL,42.36992,-82.92295
SW26010700578,2026-01-07T21:21:23Z,2026-01-07T21:42:21Z,2,2026-01-07T21:02:38Z,2026-01-08T01:40:00Z,2,2,Determined upon crew arrival,In Progres,OUTAGE,Service Transformer,NPT,NORMAL,41.93554,-83.65338
SE26010700584,2026-01-07T21:53:23Z,2026-01-08T03:40:05Z,8,2026-01-07T21:29:32Z,2026-01-08T14:05:00Z,1,1,Determined upon crew arrival,In Progres,OUTAGE,Single Customer,CAN,NORMAL,42.41061,-83.1136
SE26010700589,2026-01-07T21:53:23Z,2026-01-07T23:53:00Z,6,2026-01-07T21:39:23Z,2026-01-08T02:10:00Z,1,1,Equipment problem,In Progres,OUTAGE,Single Customer,RFD,NORMAL,42.39242,-83.18127
SW26010700587,2026-01-07T21:53:23Z,2026-01-07T22:45:53Z,3,2026-01-07T21:31:21Z,2026-01-08T02:05:00Z,6,6,Determined upon crew arrival,In Progres,OUTAGE,Service Transformer,WWS,NORMAL,42.35784,-83.43384
SW26010700593,2026-01-07T22:21:58Z,2026-01-07T22:21:58Z,1,2026-01-07T21:50:45Z,2026-01-08T02:20:00Z,52,52,Determined upon crew arrival,In Progres,OUTAGE,Device (I),ANN,NORMAL,42.23652,-83.68842
SW26010700595,2026-01-07T22:21:58Z,2026-01-07T23:53:00Z,5,2026-01-07T21:50:41Z,2026-01-08T02:20:00Z,1013,1013,Equipment problem,In Progres,OUTAGE,Device (II),ANN,NORMAL,42.24053,-83.67686
SW26010700600,2026-01-07T22:21:58Z,2026-01-07T22:21:58Z,1,2026-01-07T21:50:44Z,2026-01-08T02:25:00Z,19,19,Determined upon crew arrival,In Progres,OUTAGE,Service Transformer,ANN,NORMAL,42.24469,-83.67685
SW26010700601,2026-01-07T22:21:58Z,2026-01-07T22:21:58Z,1,2026-01-07T21:50:45Z,2026-01-08T02:25:00Z,48,48,Determined upon crew arrival,In Progres,OUTAGE,Device (I),ANN,NORMAL,42.23633,-83.68825
SW26010700606,2026-01-07T22:21:58Z,2026-01-07T22:21:58Z,1,2026-01-07T21:55:06Z,2026-01-08T02:25:00Z,2,2,Determined upon crew arrival,New,OUTAGE,Service Secondary,ANN,NORMAL,42.23574,-83.68137
SW26010700608,2026-01-07T22:21:58Z,2026-01-07T22:21:58Z,1,2026-01-07T21:55:12Z,2026-01-08T02:25:00Z,1,1,Determined upon crew arrival,New,OUTAGE,Single Customer,ANN,NORMAL,42.23421,-83.67931
SW26010700609,2026-01-07T22:21:58Z,2026-01-07T22:21:58Z,1,2026-01-07T21:55:09Z,2026-01-08T02:25:00Z,1,1,Determined upon crew arrival,New,OUTAGE,Single Customer,ANN,NORMAL,42.24123,-83.67769
SW26010700613,2026-01-07T22:21:58Z,2026-01-07T22:21:58Z,1,2026-01-07T21:50:42Z,2026-01-08T02:25:00Z,6,6,Determined upon crew arrival,New,OUTAGE,Service Transformer,ANN,NORMAL,42.24491,-83.67771
SW26010700614,2026-01-07T22:21:58Z,2026-01-07T22:21:58Z,1,2026-01-07T21:57:20Z,2026-01-08T02:25:00Z,1,1,Determined upon crew arrival,New,OUTAGE,Single Customer,ANN,NORMAL,42.23718,-83.68174
SW26010700615,2026-01-07T22:21:58Z,2026-01-07T22:21:58Z,1,2026-01-07T21:50:43Z,2026-01-08T02:30:00Z,32,32,Determined upon crew arrival,New,OUTAGE,Device (I),ANN,NORMAL,42.24482,-83.67633
SW26010700620,2026-01-07T22:21:58Z,2026-01-07T22:21:58Z,1,2026-01-07T21:50:45Z,2026-01-08T02:30:00Z,9,9,Determined upon crew arrival,New,OUTAGE,Service Transformer,ANN,NORMAL,42.23995,-83.68132
SW26010700622,2026-01-07T22:21:58Z,2026-01-07T22:45:53Z,2,2026-01-07T21:50:49Z,2026-01-08T02:30:00Z,145,145,Determined upon crew arrival,In Progres,OUTAGE,Service Transformer,ANN,NORMAL,42.23949,-83.68108
SW26010700624,2026-01-07T22:21:58Z,2026-01-07T22:21:58Z,1,2026-01-07T22:01:45Z,2026-01-08T02:30:00Z,1,1,Determined upon crew arrival,New,OUTAGE,Single Customer,ANN,NORMAL,42.24493,-83.67691
SW26010700627,2026-01-07T22:21:58Z,2026-01-07T22:21:58Z,1,2026-01-07T21:50:42Z,2026-01-08T02:35:00Z,3,3,Determined upon crew arrival,New,OUTAGE,Service Transformer,ANN,NORMAL,42.24487,-83.67864
SW26010700628,2026-01-07T22:21:58Z,2026-01-07T23:53:00Z,5,2026-01-07T22:05:32Z,2026-01-08T02:35:00Z,1,1,Determined upon crew arrival,In Progres,PRIORITY,,ANN,NORMAL,42.23949,-83.68108
SW26010700629,2026-01-07T22:21:58Z,2026-01-07T23:53:00Z,5,2026-01-07T22:04:14Z,2026-01-08T02:35:00Z,1,1,Determined upon crew arrival,In Progres,OUTAGE,Single Customer,WWS,NORMAL,42.43894,-83.32926
SW26010700632,2026-01-07T22:21:58Z,2026-01-07T22:21:58Z,1,2026-01-07T22:05:53Z,2026-01-08T02:35:00Z,1,1,Determined upon crew arrival,New,OUTAGE,Single Customer,ANN,NORMAL,42.23063,-83.68043
SW26010700635,2026-01-07T22:21:58Z,2026-01-07T22:21:58Z,1,2026-01-07T22:09:25Z,2026-01-08T02:40:00Z,1,1,Determined upon crew arrival,New,OUTAGE,Single Customer,ANN,NORMAL,42.22977,-83.69197
SW26010700636,2026-01-07T22:21:58Z,2026-01-07T22:45:53Z,2,2026-01-07T22:10:59Z,2026-01-08T02:40:00Z,1,1,Determined upon crew arrival,New,OUTAGE,Single Customer,ANN,NORMAL,42.23796,-83.69084
SW26010700637,2026-01-07T22:21:58Z,2026-01-07T22:21:58Z,1,2026-01-07T22:11:17Z,2026-01-08T02:40:00Z,1,1,Determined upon crew arrival,New,OUTAGE,Single Customer,ANN,NORMAL,42.23245,-83.68691
SW26010700639,2026-01-07T22:21:58Z,2026-01-07T23:53:00Z,5,2026-01-07T22:13:04Z,2026-01-08T02:45:00Z,1,1,Determined upon crew arrival,In Progres,PRIORITY,,ANN,NORMAL,42.24033,-83.68321
NW26010700649,2026-01-07T22:45:53Z,2026-01-07T22:45:53Z,1,2026-01-07T22:27:42Z,,1,1,Determined upon crew arrival,New,OUTAGE,Single Customer,PON,NORMAL,42.56096,-83.3199
SW26010700647,2026-01-07T22:45:53Z,2026-01-07T22:45:53Z,1,2026-01-07T22:25:28Z,2026-01-08T02:55:00Z,2,2,Determined upon crew arrival,New,OUTAGE,Service Secondary,NPT,NORMAL,42.06839,-83.22972
NE26010700673,2026-01-07T23:21:51Z,2026-01-07T23:21:51Z,1,2026-01-07T22:53:14Z,2026-01-08T03:40:00Z,3,3,Determined upon crew arrival,In Progres,OUTAGE,Service Transformer,LAP,NORMAL,43.09702,-83.44167
SE26010700672,2026-01-07T23:21:51Z,2026-01-08T04:26:24Z,6,2026-01-07T22:54:00Z,2026-01-08T15:35:00Z,1,1,Determined upon crew arrival,In Progres,OUTAGE,Single Customer,CAN,NORMAL,42.43004,-83.08571
SW26010700656,2026-01-07T23:21:51Z,2026-01-07T23:53:00Z,3,2026-01-07T22:37:16Z,2026-01-08T03:05:00Z,1,1,Determined upon crew arrival,In Progres,PRIORITY,,ANN,NORMAL,42.23839,-83.6814
SW26010700659,2026-01-07T23:21:51Z,2026-01-07T23:53:00Z,3,2026-01-07T22:40:04Z,2026-01-08T03:10:00Z,1,1,Determined upon crew arrival,In Progres,PRIORITY,,ANN,NORMAL,42.24298,-83.68233
SW26010700675,2026-01-07T23:21:51Z,2026-01-07T23:21:51Z,1,2026-01-07T23:09:34Z,2026-01-08T03:40:00Z,1,1,Determined upon crew arrival,PC3 Verifi,OUTAGE,Single Customer,ANN,NORMAL,42.2394,-83.68011
SE26010700685,2026-01-07T23:42:15Z,2026-01-08T01:50:05Z,3,2026-01-07T21:02:04Z,2026-01-08T04:00:00Z,1,1,Determined upon crew arrival,In Progres,OUTAGE,Single Customer,CAN,NORMAL,42.39295,-83.13127
SW26010700686,2026-01-07T23:42:15Z,2026-01-07T23:53:00Z,2,2026-01-07T23:27:20Z,2026-01-08T04:00:00Z,8,8,Determined upon crew arrival,New,OUTAGE,Service Transformer,ANN,NORMAL,42.24034,-83.67072
SW26010700687,2026-01-07T23:42:15Z,2026-01-07T23:53:00Z,2,2026-01-07T23:27:22Z,2026-01-08T04:00:00Z,28,28,Determined upon crew arrival,New,OUTAGE,Service Transformer,ANN,NORMAL,42.24035,-83.67941
SW26010700688,2026-01-07T23:42:15Z,2026-01-07T23:53:00Z,2,2026-01-07T23:27:20Z,2026-01-08T04:00:00Z,37,37,Determined upon crew arrival,New,OUTAGE,Service Transformer,ANN,NORMAL,42.24122,-83.67796
SW26010700689,2026-01-07T23:42:15Z,2026-01-07T23:53:00Z,2,2026-01-07T23:27:22Z,2026-01-08T04:00:00Z,71,71,Determined upon crew arrival,New,OUTAGE,Service Transformer,ANN,NORMAL,42.23895,-83.6782
SW26010700690,2026-01-07T23:42:15Z,2026-01-07T23:53:00Z,2,2026-01-07T23:27:21Z,2026-01-08T04:00:00Z,6,6,Determined upon crew arrival,New,OUTAGE,Service Transformer,ANN,NORMAL,42.23822,-83.6659
SW26010700691,2026-01-07T23:42:15Z,2026-01-07T23:53:00Z,2,2026-01-07T23:27:21Z,2026-01-08T04:00:00Z,31,31,Determined upon crew arrival,New,OUTAGE,Service Transformer,ANN,NORMAL,42.24152,-83.67939
SW26010700692,2026-01-07T23:42:15Z,2026-01-07T23:53:00Z,2,2026-01-07T23:27:21Z,2026-01-08T04:00:00Z,26,26,Determined upon crew arrival,New,OUTAGE,Service Transformer,ANN,NORMAL,42.24122,-83.67769
SW26010700693,2026-01-07T23:42:15Z,2026-01-07T23:53:00Z,2,2026-01-07T23:27:21Z,2026-01-08T04:00:00Z,136,136,Determined upon crew arrival,Pending,OUTAGE,Service Transformer,ANN,NORMAL,42.23949,-83.68108
SW26010700695,2026-01-07T23:42:15Z,2026-01-07T23:53:00Z,2,2026-01-07T23:27:20Z,2026-01-08T04:00:00Z,3,3,Determined upon crew arrival,New,OUTAGE,Service Transformer,ANN,NORMAL,42.24025,-83.67111
SW26010700696,2026-01-07T23:42:15Z,2026-01-07T23:53:00Z,2,2026-01-07T23:27:20Z,2026-01-08T04:00:00Z,6,6,Determined upon crew arrival,PC3 Verifi,OUTAGE,Service Transformer,ANN,NORMAL,42.23845,-83.67651
SW26010700697,2026-01-07T23:42:15Z,2026-01-07T23:53:00Z,2,2026-01-07T23:27:20Z,2026-01-08T04:00:00Z,5,5,Determined upon crew arrival,New,OUTAGE,Service Transformer,ANN,NORMAL,42.23981,-83.67449
SW26010700698,2026-01-07T23:42:15Z,2026-01-07T23:53:00Z,2,2026-01-07T23:27:22Z,2026-01-08T04:00:00Z,38,38,Determined upon crew arrival,New,OUTAGE,Service Transformer,ANN,NORMAL,42.24026,-83.67818
SW26010700699,2026-01-07T23:42:15Z,2026-01-07T23:53:00Z,2,2026-01-07T23:27:20Z,2026-01-08T04:00:00Z,8,8,Determined upon crew arrival,New,OUTAGE,Service Transformer,ANN,NORMAL,42.23881,-83.67187
SW26010700700,2026-01-07T23:42:15Z,2026-01-07T23:53:00Z,2,2026-01-07T23:27:24Z,2026-01-08T04:00:00Z,7,7,Determined upon crew arrival,PC3 Verifi,OUTAGE,Service Transformer,ANN,NORMAL,42.23637,-83.66845
SW26010700701,2026-01-07T23:42:15Z,2026-01-07T23:53:00Z,2,2026-01-07T23:27:25Z,2026-01-08T04:00:00Z,5,5,Determined upon crew arrival,PC3 Verifi,OUTAGE,Service Transformer,ANN,NORMAL,42.23247,-83.6683
SW26010700702,2026-01-07T23:42:15Z,2026-01-07T23:53:00Z,2,2026-01-07T23:27:21Z,2026-01-08T04:00:00Z,27,27,Determined upon crew arrival,New,OUTAGE,Service Transformer,ANN,NORMAL,42.24008,-83.67954
SW26010700703,2026-01-07T23:42:15Z,2026-01-07T23:53:00Z,2,2026-01-07T23:27:24Z,2026-01-08T04:00:00Z,6,6,Determined upon crew arrival,PC3 Verifi,OUTAGE,Service Transformer,ANN,NORMAL,42.23523,-83.66842
NE26010700727,2026-01-07T23:53:00Z,2026-01-07T23:53:00Z,1,2026-01-07T23:26:43Z,2026-01-08T04:10:00Z,1,1,Determined upon crew arrival,New,OUTAGE,Single Customer,MTC,NORMAL,42.52527,-83.03665
SW26010700704,2026-01-07T23:53:00Z,2026-01-07T23:53:00Z,1,2026-01-07T23:27:22Z,2026-01-08T04:00:00Z,5,5,Determined upon crew arrival,New,OUTAGE,Service Transformer,ANN,NORMAL,42.24094,-83.67239
SW26010700706,2026-01-07T23:53:00Z,2026-01-07T23:53:00Z,1,2026-01-07T23:30:34Z,2026-01-08T04:00:00Z,1,1,Determined upon crew arrival,PC3 Verifi,OUTAGE,Single Customer,ANN,NORMAL,42.22996,-83.68796
SW26010700707,2026-01-07T23:53:00Z,2026-01-07T23:53:00Z,1,2026-01-07T23:27:20Z,2026-01-08T04:00:00Z,6,6,Determined upon crew arrival,New,OUTAGE,Service Transformer,ANN,NORMAL,42.23862,-83.67424
SW26010700708,2026-01-07T23:53:00Z,2026-01-07T23:53:00Z,1,2026-01-07T23:27:20Z,2026-01-08T04:00:00Z,5,5,Determined upon crew arrival,New,OUTAGE,Service Transformer,ANN,NORMAL,42.24005,-83.67231
SW26010700709,2026-01-07T23:53:00Z,2026-01-07T23:53:00Z,1,2026-01-07T23:27:24Z,2026-01-08T04:00:00Z,5,5,Determined upon crew arrival,PC3 Verifi,OUTAGE,Service Transformer,ANN,NORMAL,42.23878,-83.67481
SW26010700710,2026-01-07T23:53:00Z,2026-01-07T23:53:00Z,1,2026-01-07T23:27:20Z,2026-01-08T04:05:00Z,5,5,Determined upon crew arrival,New,OUTAGE,Service Transformer,ANN,NORMAL,42.23967,-83.67222
SW26010700711,2026-01-07T23:53:00Z,2026-01-07T23:53:00Z,1,2026-01-07T23:27:23Z,2026-01-08T04:05:00Z,4,4,Determined upon crew arrival,New,OUTAGE,Service Transformer,ANN,NORMAL,42.24037,-83.67344
SW26010700712,2026-01-07T23:53:00Z,2026-01-07T23:53:00Z,1,2026-01-07T23:33:56Z,2026-01-08T04:05:00Z,1,1,Determined upon crew arrival,PC3 Verifi,OUTAGE,Single Customer,ANN,NORMAL,42.23895,-83.67226
SW26010700713,2026-01-07T23:53:00Z,2026-01-07T23:53:00Z,1,2026-01-07T23:27:26Z,2026-01-08T04:05:00Z,4,4,Determined upon crew arrival,New,OUTAGE,Service Transformer,ANN,NORMAL,42.23214,-83.66887
SW26010700714,2026-01-07T23:53:00Z,2026-01-07T23:53:00Z,1,2026-01-07T23:27:20Z,2026-01-08T04:05:00Z,8,8,Determined upon crew arrival,New,OUTAGE,Service Transformer,ANN,NORMAL,42.23738,-83.66843
SW26010700715,2026-01-07T23:53:00Z,2026-01-07T23:53:00Z,1,2026-01-07T23:27:23Z,2026-01-08T04:05:00Z,3,3,Determined upon crew arrival,New,OUTAGE,Service Transformer,ANN,NORMAL,42.23958,-83.67429
SW26010700716,2026-01-07T23:53:00Z,2026-01-07T23:53:00Z,1,2026-01-07T23:27:25Z,2026-01-08T04:05:00Z,5,5,Determined upon crew arrival,PC3 Verifi,OUTAGE,Service Transformer,ANN,NORMAL,42.23411,-83.66831
SW26010700718,2026-01-07T23:53:00Z,2026-01-07T23:53:00Z,1,2026-01-07T23:27:25Z,2026-01-08T04:05:00Z,3,3,Determined upon crew arrival,New,OUTAGE,Service Transformer,ANN,NORMAL,42.23425,-83.66872
SW26010700719,2026-01-07T23:53:00Z,2026-01-07T23:53:00Z,1,2026-01-07T23:36:36Z,2026-01-08T04:05:00Z,1,1,Determined upon crew arrival,New,OUTAGE,Single Customer,ANN,NORMAL,42.24139,-83.66426
SW26010700720,2026-01-07T23:53:00Z,2026-01-07T23:53:00Z,1,2026-01-07T23:27:23Z,2026-01-08T04:05:00Z,4,4,Determined upon crew arrival,PC3 Verifi,OUTAGE,Service Transformer,ANN,NORMAL,42.2392,-83.67305
SW26010700721,2026-01-07T23:53:00Z,2026-01-07T23:53:00Z,1,2026-01-07T23:27:24Z,2026-01-08T04:05:00Z,3,3,Determined upon crew arrival,New,OUTAGE,Service Transformer,ANN,NORMAL,42.23848,-83.67304
SW26010700722,2026-01-07T23:53:00Z,2026-01-07T23:53:00Z,1,2026-01-07T23:27:22Z,2026-01-08T04:10:00Z,3,3,Determined upon crew arrival,New,OUTAGE,Service Transformer,ANN,NORMAL,42.23935,-83.67531
SW26010700723,2026-01-07T23:53:00Z,2026-01-07T23:53:00Z,1,2026-01-07T23:27:20Z,2026-01-08T04:10:00Z,5,5,Determined upon crew arrival,PC3 Verifi,OUTAGE,Service Transformer,ANN,NORMAL,42.24004,-83.67345
SW26010700724,2026-01-07T23:53:00Z,2026-01-07T23:53:00Z,1,2026-01-07T23:27:20Z,2026-01-08T04:10:00Z,4,4,Determined upon crew arrival,PC3 Verifi,OUTAGE,Service Transformer,ANN,NORMAL,42.23946,-83.67105
SW26010700726,2026-01-07T23:53:00Z,2026-01-07T23:53:00Z,1,2026-01-07T23:27:24Z,2026-01-08T04:10:00Z,4,4,Determined upon crew arrival,New,OUTAGE,Service Transformer,ANN,NORMAL,42.23332,-83.66827
SW26010700728,2026-01-07T23:53:00Z,2026-01-07T23:53:00Z,1,2026-01-07T23:27:21Z,,8,8,Determined upon crew arrival,New,OUTAGE,Service Transformer,ANN,NORMAL,42.2394,-83.68011
SW26010700729,2026-01-07T23:53:00Z,2026-01-07T23:53:00Z,1,2026-01-07T23:27:20Z,,3,3,Determined upon crew arrival,New,OUTAGE,Service Transformer,ANN,NORMAL,42.23949,-83.67145
SW26010700730,2026-01-07T23:53:00Z,2026-01-07T23:53:00Z,1,2026-01-07T23:27:22Z,,6,6,Determined upon crew arrival,PC3 Verifi,OUTAGE,Service Transformer,ANN,NORMAL,42.23924,-83.67361
SW26010700731,2026-01-07T23:53:00Z,2026-01-07T23:53:00Z,1,2026-01-07T23:27:20Z,,4,4,Determined upon crew arrival,New,OUTAGE,Service Transformer,ANN,NORMAL,42.24042,-83.67192
SW26010700732,2026-01-07T23:53:00Z,2026-01-07T23:53:00Z,1,2026-01-07T23:27:21Z,,1,1,Determined upon crew arrival,PC3 Verifi,OUTAGE,Single Customer,ANN,NORMAL,42.24009,-83.66512
SW26010700733,2026-01-07T23:53:00Z,2026-01-07T23:53:00Z,1,2026-01-07T23:27:24Z,,1,1,Determined upon crew arrival,New,OUTAGE,Single Customer,ANN,NORMAL,42.23779,-83.69746
SW26010700734,2026-01-07T23:53:00Z,2026-01-07T23:53:00Z,1,2026-01-07T23:43:43Z,,1,1,Determined upon crew arrival,PC3 Verifi,OUTAGE,Single Customer,ANN,NORMAL,42.23814,-83.66528
NW26010700753,2026-01-08T01:50:05Z,2026-01-08T01:50:05Z,1,2026-01-07T19:43:59Z,2026-01-08T05:40:00Z,1,1,Determined upon crew arrival,In Progres,OUTAGE,Single Customer,HWL,NORMAL,42.48831,-83.80254
NW26010700779,2026-01-08T03:40:05Z,2026-01-08T05:33:34Z,4,2026-01-08T03:15:49Z,2026-01-08T07:45:00Z,1,1,Equipment problem,Pending,OUTAGE,Single Customer,SBY,NORMAL,42.71023,-83.15998
SW26010700771,2026-01-08T03:40:05Z,2026-01-08T15:59:23Z,25,2026-01-08T02:08:33Z,2026-01-08T18:40:00Z,1,1,Determined upon crew arrival,In Progres,OUTAGE,Single Customer,WWS,NORMAL,42.2342,-83.37704
SW26010700776,2026-01-08T03:40:05Z,2026-01-08T07:02:16Z,7,2026-01-08T00:18:21Z,2026-01-08T07:05:00Z,1,1,Determined upon crew arrival,In Progres,OUTAGE,Single Customer,NPT,NORMAL,42.09346,-83.41226
NW26010700788,2026-01-08T04:57:57Z,2026-01-08T05:55:22Z,3,2026-01-08T04:27:45Z,2026-01-08T09:00:00Z,83,83,Equipment problem,In Progres,OUTAGE,Device (I),SBY,NORMAL,42.66284,-83.12699
NW26010800001,2026-01-08T05:55:22Z,2026-01-08T09:01:44Z,7,2026-01-08T05:17:05Z,2026-01-08T09:45:00Z,1,1,Determined upon crew arrival,In Progres,OUTAGE,Single Customer,PON,NORMAL,42.61188,-83.2871
NE26010800010,2026-01-08T06:37:01Z,2026-01-08T08:32:45Z,5,2026-01-08T06:22:31Z,2026-01-08T10:55:00Z,2,2,Determined upon crew arrival,In Progres,OUTAGE,Service Secondary,MTC,NORMAL,42.5009,-83.0159
SE26010800013,2026-01-08T07:52:58Z,2026-01-08T07:52:58Z,1,2026-01-08T07:27:16Z,,1,1,Determined upon crew arrival,Pending,OUTAGE,Single Customer,RFD,NORMAL,42.30772,-83.12684
SE26010800016,2026-01-08T10:34:43Z,2026-01-08T15:59:23Z,12,2026-01-08T09:48:52Z,2026-01-09T02:20:00Z,1,1,Determined upon crew arrival,In Progres,OUTAGE,Single Customer,CAN,NORMAL,42.32301,-83.08725
SE26010800021,2026-01-08T11:25:59Z,2026-01-08T14:01:18Z,6,2026-01-08T11:11:59Z,2026-01-08T15:45:00Z,78,78,Determined upon crew arrival,In Progres,OUTAGE,Device (I),RFD,NORMAL,42.38979,-83.29898
SE26010800022,2026-01-08T11:25:59Z,2026-01-08T11:25:59Z,1,2026-01-08T11:13:42Z,,1,1,Determined upon crew arrival,New,OUTAGE,Single Customer,RFD,NORMAL,42.38988,-83.30184
SE26010800023,2026-01-08T11:25:59Z,2026-01-08T11:25:59Z,1,2026-01-08T11:13:51Z,,1,1,Determined upon crew arrival,New,OUTAGE,Single Customer,RFD,NORMAL,42.39225,-83.3063
NE26010800049,2026-01-08T13:41:00Z,2026-01-08T14:01:18Z,2,2026-01-08T13:14:25Z,2026-01-08T17:45:00Z,14,14,Determined upon crew arrival,In Progres,OUTAGE,Device (II),LAP,NORMAL,42.94059,-83.21747
NE26010800050,2026-01-08T13:41:00Z,2026-01-08T13:41:00Z,1,2026-01-08T13:14:25Z,2026-01-08T17:45:00Z,1,1,Determined upon crew arrival,In Progres,OUTAGE,Single Customer,LAP,NORMAL,42.9422,-83.21827
NE26010800057,2026-01-08T13:41:00Z,2026-01-08T13:41:00Z,1,2026-01-08T13:14:45Z,2026-01-08T17:55:00Z,1,1,Determined upon crew arrival,In Progres,OUTAGE,Single Customer,LAP,NORMAL,42.93498,-83.21548
NE26010800059,2026-01-08T13:41:00Z,2026-01-08T14:01:18Z,2,2026-01-08T06:52:09Z,2026-01-08T17:55:00Z,8,8,Determined upon crew arrival,In Progres,OUTAGE,Service Transformer,MTC,NORMAL,42.5009,-83.0159
NE26010800064,2026-01-08T13:41:00Z,2026-01-08T13:41:00Z,1,2026-01-08T13:14:26Z,,1,1,Determined upon crew arrival,New,OUTAGE,Single Customer,LAP,NORMAL,42.94064,-83.21424
NE26010800065,2026-01-08T13:41:00Z,2026-01-08T13:41:00Z,1,2026-01-08T13:14:45Z,,2,2,Determined upon crew arrival,New,OUTAGE,Service Transformer,LAP,NORMAL,42.93313,-83.21641
NW26010800034,2026-01-08T13:41:00Z,2026-01-08T15:01:13Z,4,2026-01-08T12:38:40Z,2026-01-08T17:25:00Z,5,5,Determined upon crew arrival,In Progres,OUTAGE,Device (I),HWL,NORMAL,42.55159,-83.63715
NW26010800044,2026-01-08T13:41:00Z,2026-01-08T15:01:13Z,4,2026-01-08T13:11:32Z,2026-01-08T17:45:00Z,93,93,Equipment problem,In Progres,OUTAGE,Service Transformer,SBY,NORMAL,42.74006,-83.02991
NW26010800051,2026-01-08T13:41:00Z,2026-01-08T15:59:23Z,6,2026-01-08T13:17:36Z,2026-01-08T17:50:00Z,1,1,Equipment problem,In Progres,OUTAGE,Single Customer,HWL,NORMAL,42.49445,-83.85748
NW26010800060,2026-01-08T13:41:00Z,2026-01-08T15:01:13Z,4,2026-01-08T13:22:13Z,2026-01-08T17:55:00Z,1,1,Determined upon crew arrival,Pending,OUTAGE,Single Customer,SBY,NORMAL,42.74084,-83.03012
SE26010800038,2026-01-08T13:41:00Z,2026-01-08T15:01:13Z,4,2026-01-08T13:05:03Z,2026-01-08T17:35:00Z,1,1,Determined upon crew arrival,In Progres,OUTAGE,Service Secondary,RFD,NORMAL,42.38666,-83.18677
SE26010800052,2026-01-08T13:41:00Z,2026-01-08T15:59:23Z,6,2026-01-08T00:25:06Z,2026-01-08T17:50:00Z,1,1,Determined upon crew arrival,In Progres,OUTAGE,Single Customer,CAN,NORMAL,42.38934,-83.09604
SE26010800070,2026-01-08T14:01:18Z,2026-01-08T15:59:23Z,5,2026-01-08T13:34:26Z,2026-01-08T18:05:00Z,1,1,Equipment problem,In Progres,OUTAGE,Single Customer,CAN,NORMAL,42.36886,-83.01684
SE26010800081,2026-01-08T14:01:18Z,2026-01-08T15:59:23Z,5,2026-01-08T13:44:57Z,2026-01-08T18:15:00Z,1,1,Determined upon crew arrival,New,OUTAGE,Single Customer,CAN,NORMAL,42.42174,-83.08533
SE26010800095,2026-01-08T14:44:53Z,2026-01-08T15:59:23Z,4,2026-01-08T13:52:31Z,2026-01-08T18:25:00Z,1,1,Determined upon crew arrival,In Progres,OUTAGE,Single Customer,CAN,NORMAL,42.39743,-82.92872
SE26010800119,2026-01-08T14:44:53Z,2026-01-08T14:44:53Z,1,2026-01-08T14:02:41Z,2026-01-08T18:35:00Z,1,1,Determined upon crew arrival,In Progres,OUTAGE,Service Secondary,RFD,NORMAL,42.38641,-83.19977
SE26010800120,2026-01-08T14:44:53Z,2026-01-08T15:59:23Z,4,2026-01-08T14:04:07Z,2026-01-08T18:35:00Z,1,1,Determined upon crew arrival,In Progres,OUTAGE,Single Customer,RFD,NORMAL,42.43607,-83.14428
SE26010800122,2026-01-08T14:44:53Z,2026-01-08T15:59:23Z,4,2026-01-08T13:52:16Z,2026-01-08T18:35:00Z,22,22,Equipment problem,In Progres,OUTAGE,Service Transformer,RFD,NORMAL,42.33073,-83.13635
SE26010800123,2026-01-08T14:44:53Z,2026-01-08T15:59:23Z,4,2026-01-08T13:52:13Z,2026-01-08T18:35:00Z,27,27,Equipment problem,In Progres,OUTAGE,Service Transformer,RFD,NORMAL,42.32819,-83.13953
SE26010800130,2026-01-08T14:44:53Z,2026-01-08T15:59:23Z,4,2026-01-08T14:10:00Z,2026-01-08T18:40:00Z,1,1,Determined upon crew arrival,In Progres,OUTAGE,Single Customer,RFD,NORMAL,42.52943,-83.10116
SE26010800134,2026-01-08T14:44:53Z,2026-01-08T15:01:13Z,2,2026-01-08T14:14:28Z,2026-01-08T18:45:00Z,1041,20,Determined upon crew arrival,In Progres,OUTAGE,Service Transformer,RFD,NORMAL,42.38347,-83.20712
SE26010800144,2026-01-08T14:44:53Z,2026-01-08T15:59:23Z,4,2026-01-08T14:24:27Z,2026-01-08T18:55:00Z,1,1,Determined upon crew arrival,In Progres,OUTAGE,Single Customer,RFD,NORMAL,42.32897,-83.13284
SE26010800151,2026-01-08T14:44:53Z,2026-01-08T14:44:53Z,1,2026-01-08T14:28:50Z,,1,1,Determined upon crew arrival,New,OUTAGE,Single Customer,CAN,NORMAL,42.3567,-83.09964
SW26010800147,2026-01-08T14:44:53Z,2026-01-08T15:59:23Z,4,2026-01-08T14:27:17Z,2026-01-08T19:00:00Z,59,59,Determined upon crew arrival,In Progres,OUTAGE,Device (I),WWS,NORMAL,42.31206,-83.36366
SW26010800152,2026-01-08T14:44:53Z,2026-01-08T14:44:53Z,1,2026-01-08T14:29:05Z,,15,15,Determined upon crew arrival,New,OUTAGE,Service Transformer,WWS,NORMAL,42.46199,-83.43642
NW26010800163,2026-01-08T15:01:13Z,2026-01-08T15:01:13Z,1,2026-01-08T14:21:09Z,2026-01-08T19:05:00Z,2,2,Determined upon crew arrival,In Progres,OUTAGE,Service Transformer,PON,NORMAL,42.69229,-83.42521
SE26010800155,2026-01-08T15:01:13Z,2026-01-08T15:59:23Z,3,2026-01-08T14:31:45Z,2026-01-08T19:00:00Z,1,1,Determined upon crew arrival,In Progres,OUTAGE,Single Customer,RFD,NORMAL,42.38017,-83.14189
SE26010800157,2026-01-08T15:01:13Z,2026-01-08T15:59:23Z,3,2026-01-08T14:32:28Z,2026-01-08T19:00:00Z,1,1,Determined upon crew arrival,In Progres,OUTAGE,Single Customer,RFD,NORMAL,42.39297,-83.20314
SE26010800160,2026-01-08T15:01:13Z,2026-01-08T15:42:19Z,2,2026-01-08T14:02:41Z,2026-01-08T18:45:00Z,27,27,Determined upon crew arrival,In Progres,OUTAGE,Service Transformer,RFD,NORMAL,42.38641,-83.19977
SE26010800161,2026-01-08T15:01:13Z,2026-01-08T15:59:23Z,3,2026-01-08T14:32:59Z,2026-01-08T19:05:00Z,9,9,Determined upon crew arrival,In Progres,OUTAGE,Service Transformer,RFD,NORMAL,42.38599,-83.18324
SE26010800162,2026-01-08T15:01:13Z,2026-01-08T15:42:19Z,2,2026-01-08T14:29:32Z,2026-01-08T18:45:00Z,1014,1014,Determined upon crew arrival,In Progres,OUTAGE,Device (II),RFD,NORMAL,42.3816,-83.20924
SE26010800165,2026-01-08T15:01:13Z,2026-01-08T15:01:13Z,1,2026-01-08T14:36:24Z,2026-01-08T19:05:00Z,1,1,Determined upon crew arrival,In Progres,OUTAGE,Single Customer,RFD,NORMAL,42.37759,-83.14179
SW26010800167,2026-01-08T15:01:13Z,2026-01-08T15:01:13Z,1,2026-01-08T14:37:26Z,2026-01-08T19:05:00Z,30,30,Determined upon crew arrival,In Progres,OUTAGE,Service Transformer,WWS,NORMAL,42.27222,-83.3734
SW26010800168,2026-01-08T15:01:13Z,2026-01-08T15:59:23Z,3,2026-01-08T14:34:59Z,2026-01-08T19:10:00Z,1,1,Determined upon crew arrival,In Progres,OUTAGE,Single Customer,WWS,NORMAL,42.32496,-83.39582
SW26010800173,2026-01-08T15:01:13Z,2026-01-08T15:01:13Z,1,2026-01-08T14:40:01Z,2026-01-08T19:10:00Z,38,38,Determined upon crew arrival,In Progres,OUTAGE,Device (II),ANN,NORMAL,42.342,-83.78054
SW26010800181,2026-01-08T15:01:13Z,2026-01-08T15:01:13Z,1,2026-01-08T14:27:48Z,,1,1,Determined upon crew arrival,New,OUTAGE,Single Customer,WWS,NORMAL,42.41206,-83.37492
NA26010800262,2026-01-08T15:42:19Z,2026-01-08T15:42:19Z,1,2026-01-08T15:01:08Z,,1,1,Determined upon crew arrival,New,OUTAGE,Single Customer,RFD,NORMAL,42.49264,-83.11557
NE26010800182,2026-01-08T15:42:19Z,2026-01-08T15:59:23Z,2,2026-01-08T14:45:15Z,2026-01-08T19:15:00Z,1,1,Determined upon crew arrival,In Progres,OUTAGE,Single Customer,MTC,NORMAL,42.56471,-82.95474
NE26010800196,2026-01-08T15:42:19Z,2026-01-08T15:59:23Z,2,2026-01-08T14:57:30Z,2026-01-08T19:30:00Z,1,1,Determined upon crew arrival,In Progres,PRIORITY,,MTC,NORMAL,42.5227,-82.95566
NE26010800204,2026-01-08T15:42:19Z,2026-01-08T15:59:23Z,2,2026-01-08T14:59:45Z,2026-01-08T19:30:00Z,1,1,Determined upon crew arrival,New,OUTAGE,Single Customer,MTC,NORMAL,42.46653,-83.07598
NE26010800206,2026-01-08T15:42:19Z,2026-01-08T15:59:23Z,2,2026-01-08T15:00:28Z,2026-01-08T19:30:00Z,1,1,Determined upon crew arrival,In Progres,OUTAGE,Single Customer,MAR,NORMAL,43.01138,-82.4629
NE26010800209,2026-01-08T15:42:19Z,2026-01-08T15:59:23Z,2,2026-01-08T14:46:40Z,2026-01-08T19:30:00Z,2,2,Determined upon crew arrival,In Progres,OUTAGE,Service Transformer,MAR,NORMAL,42.83983,-82.72909
NE26010800248,2026-01-08T15:42:19Z,2026-01-08T15:59:23Z,2,2026-01-08T15:19:11Z,2026-01-08T19:50:00Z,8,8,Determined upon crew arrival,In Progres,OUTAGE,Service Transformer,MAR,NORMAL,43.02366,-82.44861
NE26010800250,2026-01-08T15:42:19Z,2026-01-08T15:59:23Z,2,2026-01-08T15:15:41Z,2026-01-08T19:50:00Z,1,1,Determined upon crew arrival,In Progres,OUTAGE,Single Customer,NAE,NORMAL,43.41681,-82.83612
NW26010800202,2026-01-08T15:42:19Z,2026-01-08T15:59:23Z,2,2026-01-08T14:59:07Z,2026-01-08T19:30:00Z,1,1,Determined upon crew arrival,In Progres,OUTAGE,Single Customer,HWL,NORMAL,42.564,-83.74195
NW26010800207,2026-01-08T15:42:19Z,2026-01-08T15:59:23Z,2,2026-01-08T15:00:42Z,2026-01-08T19:30:00Z,1,1,Determined upon crew arrival,In Progres,OUTAGE,Single Customer,PON,NORMAL,42.86858,-83.44915
NW26010800214,2026-01-08T15:42:19Z,2026-01-08T15:59:23Z,2,2026-01-08T15:04:22Z,2026-01-08T19:35:00Z,7,7,Equipment problem,In Progres,OUTAGE,Device (II),PON,NORMAL,42.64367,-83.61071
NW26010800215,2026-01-08T15:42:19Z,2026-01-08T15:59:23Z,2,2026-01-08T15:01:53Z,2026-01-08T19:35:00Z,1,1,Determined upon crew arrival,In Progres,OUTAGE,Single Customer,PON,NORMAL,42.87004,-83.45185
NW26010800224,2026-01-08T15:42:19Z,2026-01-08T15:59:23Z,2,2026-01-08T14:56:01Z,2026-01-08T19:40:00Z,3,3,Determined upon crew arrival,In Progres,OUTAGE,Service Transformer,PON,NORMAL,42.87009,-83.44947
SE26010800193,2026-01-08T15:42:19Z,2026-01-08T15:59:23Z,2,2026-01-08T14:55:49Z,2026-01-08T19:25:00Z,1,1,Determined upon crew arrival,In Progres,OUTAGE,Service Secondary,RFD,NORMAL,42.38044,-83.20682
SE26010800194,2026-01-08T15:42:19Z,2026-01-08T15:59:23Z,2,2026-01-08T14:56:40Z,2026-01-08T19:25:00Z,1,1,Determined upon crew arrival,In Progres,OUTAGE,Single Customer,RFD,NORMAL,42.38399,-83.1853
SE26010800195,2026-01-08T15:42:19Z,2026-01-08T15:59:23Z,2,2026-01-08T14:57:10Z,2026-01-08T19:25:00Z,1,1,Determined upon crew arrival,In Progres,OUTAGE,Single Customer,RFD,NORMAL,42.38332,-83.18322
SE26010800199,2026-01-08T15:42:19Z,2026-01-08T15:59:23Z,2,2026-01-08T14:56:34Z,2026-01-08T19:30:00Z,66,66,Determined upon crew arrival,In Progres,OUTAGE,Device (I),RFD,NORMAL,42.23546,-83.18756
SE26010800211,2026-01-08T15:42:19Z,2026-01-08T15:59:23Z,2,2026-01-08T15:01:50Z,2026-01-08T19:35:00Z,2,2,Determined upon crew arrival,In Progres,OUTAGE,Service Secondary,RFD,NORMAL,42.38485,-83.18977
SE26010800219,2026-01-08T15:42:19Z,2026-01-08T15:59:23Z,2,2026-01-08T15:08:04Z,2026-01-08T19:40:00Z,1,1,Determined upon crew arrival,New,OUTAGE,Single Customer,RFD,NORMAL,42.49029,-83.09795
SE26010800226,2026-01-08T15:42:19Z,2026-01-08T15:59:23Z,2,2026-01-08T15:10:23Z,2026-01-08T19:40:00Z,28,28,Determined upon crew arrival,In Progres,OUTAGE,Service Transformer,RFD,NORMAL,42.52087,-83.12674
SE26010800247,2026-01-08T15:42:19Z,2026-01-08T15:59:23Z,2,2026-01-08T15:15:21Z,2026-01-08T19:50:00Z,491,491,Determined upon crew arrival,In Progres,OUTAGE,Device (II),CAN,NORMAL,42.44069,-83.00845
SE26010800253,2026-01-08T15:42:19Z,2026-01-08T15:59:23Z,2,2026-01-08T15:22:55Z,2026-01-08T19:55:00Z,1,1,Determined upon crew arrival,In Progres,OUTAGE,Single Customer,RFD,NORMAL,42.38883,-83.19055
SE26010800255,2026-01-08T15:42:19Z,2026-01-08T15:59:23Z,2,2026-01-08T15:24:39Z,2026-01-08T19:55:00Z,1,1,Determined upon crew arrival,Pending,OUTAGE,Service Secondary,CAN,NORMAL,42.43484,-82.97136
SE26010800256,2026-01-08T15:42:19Z,2026-01-08T15:59:23Z,2,2026-01-08T15:25:36Z,2026-01-08T19:55:00Z,1,1,Determined upon crew arrival,New,OUTAGE,Single Customer,RFD,NORMAL,42.49413,-83.1156
SE26010800257,2026-01-08T15:42:19Z,2026-01-08T15:59:23Z,2,2026-01-08T15:25:46Z,2026-01-08T19:55:00Z,1,1,Determined upon crew arrival,In Progres,OUTAGE,Single Customer,RFD,NORMAL,42.25659,-83.19997
SE26010800259,2026-01-08T15:42:19Z,2026-01-08T15:59:23Z,2,2026-01-08T15:27:57Z,2026-01-08T20:00:00Z,1,1,Determined upon crew arrival,In Progres,OUTAGE,Single Customer,RFD,NORMAL,42.26243,-83.21052
SW26010800184,2026-01-08T15:42:19Z,2026-01-08T15:59:23Z,2,2026-01-08T14:45:26Z,2026-01-08T19:15:00Z,8,8,Determined upon crew arrival,In Progres,OUTAGE,Service Transformer,NPT,NORMAL,42.1067,-83.29194
SW26010800252,2026-01-08T15:42:19Z,2026-01-08T15:59:23Z,2,2026-01-08T15:22:17Z,2026-01-08T19:50:00Z,1,1,Determined upon crew arrival,In Progres,OUTAGE,Service Secondary,WWS,NORMAL,42.35895,-83.43001
SW26010800258,2026-01-08T15:42:19Z,2026-01-08T15:42:19Z,1,2026-01-08T15:12:57Z,,1,1,Determined upon crew arrival,New,OUTAGE,Single Customer,ANN,NORMAL,42.11591,-83.82325
SE26010800274,2026-01-08T15:59:23Z,2026-01-08T15:59:23Z,1,2026-01-08T15:36:46Z,2026-01-08T20:05:00Z,1,1,Determined upon crew arrival,New,PRIORITY,,RFD,NORMAL,42.48978,-83.27814
SW26010800264,2026-01-08T15:59:23Z,2026-01-08T15:59:23Z,1,2026-01-08T15:31:04Z,2026-01-08T20:00:00Z,1,1,Determined upon crew arrival,In Progres,OUTAGE,Service Transformer,ANN,NORMAL,42.1966,-83.67068
NE26010800667,2026-01-09T11:24:28Z,2026-01-09T17:38:42Z,13,2026-01-08T20:33:58Z,2026-01-10T02:00:00Z,1,1,Equipment problem,In Progres,OUTAGE,Single Customer,MTC,NORMAL,42.63484,-82.81709
NE26010800705,2026-01-09T11:24:28Z,2026-01-09T11:52:58Z,3,2026-01-08T19:49:27Z,2026-01-09T14:45:00Z,1,1,Equipment problem,Pending,OUTAGE,Single Customer,MTC,NORMAL,42.49257,-82.97467
NE26010900076,2026-01-09T11:24:28Z,2026-01-09T16:31:09Z,11,2026-01-09T06:21:19Z,2026-01-09T22:50:00Z,3,3,Wind damage,In Progres,OUTAGE,Single Customer,LAP,NORMAL,43.04343,-83.41396
NE26010900087,2026-01-09T11:24:28Z,2026-01-09T15:30:37Z,9,2026-01-09T06:44:31Z,2026-01-09T23:15:00Z,30,30,Equipment problem,In Progres,OUTAGE,Device (I),MTC,NORMAL,42.46436,-83.06683
NE26010900095,2026-01-09T11:24:28Z,2026-01-09T17:38:42Z,13,2026-01-09T06:50:16Z,2026-01-10T03:25:00Z,1,1,Wind damage,PC3 Verifi,OUTAGE,Single Customer,LAP,NORMAL,42.79854,-83.31565
NE26010900815,2026-01-09T11:24:28Z,2026-01-09T13:58:57Z,6,2026-01-09T09:22:14Z,2026-01-09T17:50:00Z,17,17,Wind damage,In Progres,OUTAGE,Device (II),MTC,NORMAL,42.52465,-82.95473
NE26010900836,2026-01-09T11:24:28Z,2026-01-09T12:48:31Z,4,2026-01-09T10:36:35Z,2026-01-09T19:05:00Z,535,535,Wind damage,In Progres,OUTAGE,Device (II),MTC,NORMAL,42.68192,-82.77399
NE26010900841,2026-01-09T11:24:28Z,2026-01-09T11:52:58Z,3,2026-01-09T10:38:11Z,2026-01-09T19:10:00Z,60,60,Wind damage,In Progres,OUTAGE,Device (I),MTC,NORMAL,42.68184,-82.77421
NE26010900844,2026-01-09T11:24:28Z,2026-01-09T15:55:35Z,10,2026-01-09T10:39:44Z,2026-01-09T19:10:00Z,15,15,Wind damage,In Progres,OUTAGE,Device (II),LAP,NORMAL,42.95416,-83.19418
NE26010900845,2026-01-09T11:24:28Z,2026-01-09T11:41:55Z,2,2026-01-09T10:40:50Z,2026-01-09T19:10:00Z,1,1,Wind damage,PC3 Verifi,OUTAGE,Single Customer,LAP,NORMAL,42.95284,-83.19373
NE26010900848,2026-01-09T11:24:28Z,2026-01-09T11:41:55Z,2,2026-01-09T10:42:20Z,2026-01-09T19:10:00Z,2,2,Wind damage,New,OUTAGE,Service Transformer,LAP,NORMAL,42.95012,-83.19378
NE26010900854,2026-01-09T11:24:28Z,2026-01-09T11:52:58Z,3,2026-01-09T10:48:47Z,2026-01-09T19:20:00Z,5,5,Wind damage,In Progres,OUTAGE,Device (I),MTC,NORMAL,42.67702,-82.77572
NE26010900855,2026-01-09T11:24:28Z,2026-01-09T11:24:28Z,1,2026-01-09T10:49:07Z,2026-01-09T19:20:00Z,1,1,Wind damage,New,OUTAGE,Single Customer,MTC,NORMAL,42.5253,-82.95265
NE26010900857,2026-01-09T11:24:28Z,2026-01-09T11:41:55Z,2,2026-01-09T10:51:06Z,2026-01-09T19:20:00Z,1,1,Wind damage,PC3 Verifi,OUTAGE,Single Customer,LAP,NORMAL,42.97321,-83.21171
NE26010900863,2026-01-09T11:24:28Z,2026-01-09T11:52:58Z,3,2026-01-09T10:59:08Z,2026-01-09T19:30:00Z,1,1,Wind damage,In Progres,OUTAGE,Single Customer,MTC,NORMAL,42.68023,-82.77713
NE26010900864,2026-01-09T11:24:28Z,2026-01-09T11:52:58Z,3,2026-01-09T11:01:47Z,2026-01-09T19:30:00Z,1,1,Wind damage,In Progres,OUTAGE,Single Customer,MTC,NORMAL,42.67949,-82.77723
NE26010900865,2026-01-09T11:24:28Z,2026-01-09T17:38:42Z,13,2026-01-09T06:34:45Z,2026-01-09T19:30:00Z,1,1,Wind damage,In Progres,OUTAGE,Single Customer,LAP,NORMAL,43.31257,-83.13911
NE26010900866,2026-01-09T11:24:28Z,2026-01-09T14:34:04Z,7,2026-01-09T11:05:25Z,2026-01-09T19:35:00Z,1,1,Wind damage,In Progres,OUTAGE,Single Customer,MTC,NORMAL,42.73341,-82.78658
NE26010900868,2026-01-09T11:24:28Z,2026-01-09T11:52:58Z,3,2026-01-09T11:07:45Z,2026-01-09T19:40:00Z,2,2,Wind damage,New,OUTAGE,Service Secondary,MTC,NORMAL,42.46434,-83.06907
NE26010900873,2026-01-09T11:24:28Z,2026-01-09T11:52:58Z,3,2026-01-09T11:08:48Z,2026-01-09T19:40:00Z,1,1,Wind damage,New,OUTAGE,Single Customer,MTC,NORMAL,42.4643,-83.07086
NE26010900887,2026-01-09T11:24:28Z,2026-01-09T11:41:55Z,2,2026-01-09T11:11:56Z,2026-01-09T19:40:00Z,1,1,Wind damage,New,OUTAGE,Single Customer,LAP,NORMAL,42.95426,-83.19618
NW26010900748,2026-01-09T11:24:28Z,2026-01-09T15:30:37Z,9,2026-01-09T08:33:36Z,2026-01-09T17:05:00Z,1,1,Wind damage,In Progres,OUTAGE,Single Customer,PON,NORMAL,42.60259,-83.17876
NW26010900814,2026-01-09T11:24:28Z,2026-01-09T15:30:37Z,9,2026-01-09T09:21:58Z,2026-01-09T17:50:00Z,1,1,Wind damage,In Progres,OUTAGE,Single Customer,PON,NORMAL,42.60622,-83.16522
NW26010900819,2026-01-09T11:24:28Z,2026-01-09T13:38:47Z,5,2026-01-09T07:45:06Z,2026-01-09T17:00:00Z,583,426,Wind damage,In Progres,OUTAGE,Device (II),PON,NORMAL,42.57679,-83.18555
NW26010900822,2026-01-09T11:24:28Z,2026-01-09T15:30:37Z,9,2026-01-09T08:35:30Z,2026-01-09T18:15:00Z,1,1,Wind damage,In Progres,OUTAGE,Single Customer,SBY,NORMAL,42.62512,-83.1645
NW26010900867,2026-01-09T11:24:28Z,2026-01-09T11:41:55Z,2,2026-01-09T11:07:28Z,2026-01-09T19:40:00Z,1,1,Wind damage,In Progres,OUTAGE,Single Customer,PON,NORMAL,42.57547,-83.19871
NW26010900869,2026-01-09T11:24:28Z,2026-01-09T13:58:57Z,6,2026-01-09T11:06:24Z,2026-01-09T19:40:00Z,706,706,Wind damage,In Progres,OUTAGE,Device (II),HWL,NORMAL,42.57835,-83.71913
NW26010900870,2026-01-09T11:24:28Z,2026-01-09T11:41:55Z,2,2026-01-09T11:08:10Z,2026-01-09T19:40:00Z,1,1,Wind damage,New,OUTAGE,Single Customer,PON,NORMAL,42.62021,-83.43986
NW26010900872,2026-01-09T11:24:28Z,2026-01-09T11:24:28Z,1,2026-01-09T11:08:50Z,2026-01-09T19:40:00Z,1,1,Wind damage,New,OUTAGE,Single Customer,HWL,NORMAL,42.57394,-83.72681
NW26010900875,2026-01-09T11:24:28Z,2026-01-09T11:24:28Z,1,2026-01-09T11:09:04Z,2026-01-09T19:40:00Z,1,1,Wind damage,New,OUTAGE,Single Customer,HWL,NORMAL,42.5835,-83.71875
NW26010900876,2026-01-09T11:24:28Z,2026-01-09T11:24:28Z,1,2026-01-09T11:09:18Z,2026-01-09T19:40:00Z,1,1,Wind damage,New,OUTAGE,Single Customer,HWL,NORMAL,42.56025,-83.70154
NW26010900877,2026-01-09T11:24:28Z,2026-01-09T11:24:28Z,1,2026-01-09T11:09:25Z,2026-01-09T19:40:00Z,6,6,Wind damage,New,OUTAGE,Service Transformer,HWL,NORMAL,42.56197,-83.69982
NW26010900878,2026-01-09T11:24:28Z,2026-01-09T11:24:28Z,1,2026-01-09T11:09:26Z,2026-01-09T19:40:00Z,1,1,Wind damage,New,OUTAGE,Single Customer,HWL,NORMAL,42.57719,-83.72272
NW26010900879,2026-01-09T11:24:28Z,2026-01-09T11:24:28Z,1,2026-01-09T11:09:33Z,2026-01-09T19:40:00Z,4,4,Wind damage,New,OUTAGE,Service Transformer,HWL,NORMAL,42.57443,-83.72619
NW26010900882,2026-01-09T11:24:28Z,2026-01-09T11:24:28Z,1,2026-01-09T11:11:22Z,2026-01-09T19:40:00Z,2,2,Determined upon crew arrival,New,OUTAGE,Service Secondary,HWL,NORMAL,42.55662,-83.70106
NW26010900883,2026-01-09T11:24:28Z,2026-01-09T11:24:28Z,1,2026-01-09T11:11:21Z,2026-01-09T19:40:00Z,1,1,Determined upon crew arrival,New,OUTAGE,Single Customer,HWL,NORMAL,42.57129,-83.72944
NW26010900884,2026-01-09T11:24:28Z,2026-01-09T11:41:55Z,2,2026-01-09T11:11:25Z,2026-01-09T19:40:00Z,1,1,Wind damage,New,OUTAGE,Single Customer,HWL,NORMAL,42.52709,-83.79088
NW26010900888,2026-01-09T11:24:28Z,2026-01-09T11:24:28Z,1,2026-01-09T11:12:06Z,,1,1,Determined upon crew arrival,New,OUTAGE,Single Customer,HWL,NORMAL,42.57433,-83.72821
NW26010900890,2026-01-09T11:24:28Z,2026-01-09T11:24:28Z,1,2026-01-09T11:12:46Z,,1,1,Determined upon crew arrival,New,OUTAGE,Single Customer,HWL,NORMAL,42.58227,-83.73871
NW26010900891,2026-01-09T11:24:28Z,2026-01-09T11:24:28Z,1,2026-01-09T11:12:57Z,,1,1,Determined upon crew arrival,New,OUTAGE,Single Customer,HWL,NORMAL,42.58366,-83.72764
NW26010900892,2026-01-09T11:24:28Z,2026-01-09T11:24:28Z,1,2026-01-09T11:13:15Z,,1,1,Determined upon crew arrival,New,OUTAGE,Single Customer,HWL,NORMAL,42.58001,-83.7199
NW26010900893,2026-01-09T11:24:28Z,2026-01-09T11:24:28Z,1,2026-01-09T11:13:26Z,,1,1,Determined upon crew arrival,New,OUTAGE,Single Customer,HWL,NORMAL,42.55566,-83.70211
NW26010900894,2026-01-09T11:24:28Z,2026-01-09T11:24:28Z,1,2026-01-09T11:14:35Z,,1,1,Determined upon crew arrival,New,OUTAGE,Single Customer,HWL,NORMAL,42.57265,-83.72868
SE26010800600,2026-01-09T11:24:28Z,2026-01-09T17:38:42Z,13,2026-01-08T20:11:10Z,2026-01-10T00:40:00Z,1,1,Public Interference w/DTE equip,In Progres,OUTAGE,Single Customer,RFD,NORMAL,42.41727,-83.23225
SE26010800732,2026-01-09T11:24:28Z,2026-01-09T14:57:13Z,8,2026-01-08T23:01:36Z,2026-01-09T15:30:00Z,1,1,Determined upon crew arrival,In Progres,OUTAGE,Single Customer,CAN,NORMAL,42.43116,-83.12726
SE26010900075,2026-01-09T11:24:28Z,2026-01-09T12:48:31Z,4,2026-01-09T06:20:17Z,2026-01-09T14:50:00Z,1,1,Wind damage,In Progres,OUTAGE,Single Customer,RFD,NORMAL,42.43275,-83.22841
SE26010900091,2026-01-09T11:24:28Z,2026-01-09T14:57:13Z,8,2026-01-09T06:49:06Z,2026-01-09T15:20:00Z,1,1,Wind damage,In Progres,OUTAGE,Single Customer,RFD,NORMAL,42.43906,-83.22639
SE26010900098,2026-01-09T11:24:28Z,2026-01-09T12:48:31Z,4,2026-01-09T07:26:04Z,2026-01-09T16:00:00Z,2,2,Wind damage,In Progres,OUTAGE,Service Secondary,CAN,NORMAL,42.38619,-83.08233
SE26010900113,2026-01-09T11:24:28Z,2026-01-09T17:38:42Z,13,2026-01-09T07:52:13Z,2026-01-10T04:20:00Z,1,1,Wind damage,In Progres,OUTAGE,Single Customer,CAN,NORMAL,42.40215,-83.10039
SE26010900118,2026-01-09T11:24:28Z,2026-01-09T14:57:13Z,8,2026-01-09T08:01:00Z,2026-01-09T16:30:00Z,1,1,Wind damage,Pending,OUTAGE,Single Customer,CAN,NORMAL,42.43475,-83.08585
SE26010900729,2026-01-09T11:24:28Z,2026-01-09T17:38:42Z,13,2026-01-09T08:31:24Z,2026-01-09T17:00:00Z,1,1,Determined upon crew arrival,In Progres,PRIORITY,,RFD,NORMAL,42.51325,-83.19097
SE26010900801,2026-01-09T11:24:28Z,2026-01-09T12:48:31Z,4,2026-01-09T09:02:03Z,2026-01-09T17:30:00Z,23,23,Wind damage,In Progres,OUTAGE,Service Transformer,RFD,NORMAL,42.3815,-83.29825
SE26010900810,2026-01-09T11:24:28Z,2026-01-09T17:38:42Z,13,2026-01-09T09:12:29Z,2026-01-09T17:40:00Z,1,1,Determined upon crew arrival,In Progres,PRIORITY,,RFD,NORMAL,42.52755,-83.1836
SE26010900831,2026-01-09T11:24:28Z,2026-01-09T17:38:42Z,13,2026-01-09T10:19:02Z,2026-01-09T18:50:00Z,1,1,Wind damage,In Progres,SERVICE DOWN NO,,CAN,NORMAL,42.41837,-82.90927
SW26010800798,2026-01-09T11:24:28Z,2026-01-09T14:57:13Z,8,2026-01-09T02:45:51Z,2026-01-09T19:20:00Z,1,1,Determined upon crew arrival,In Progres,OUTAGE,Single Customer,WWS,NORMAL,42.23236,-83.3795
SW26010800828,2026-01-09T11:24:28Z,2026-01-09T13:58:57Z,6,2026-01-09T04:47:53Z,2026-01-09T21:25:00Z,2,2,Determined upon crew arrival,In Progres,OUTAGE,Service Secondary,NPT,NORMAL,42.13781,-83.14753
SW26010900056,2026-01-09T11:24:28Z,2026-01-09T11:24:28Z,1,2026-01-09T05:45:59Z,2026-01-09T14:25:00Z,2,2,Wind damage,In Progres,OUTAGE,Service Transformer,NPT,NORMAL,41.98276,-83.61724
SW26010900065,2026-01-09T11:24:28Z,2026-01-09T15:55:35Z,10,2026-01-09T05:56:48Z,2026-01-10T02:35:00Z,1,1,Animal/bird damaged DTE equip,In Progres,OUTAGE,Single Customer,WWS,NORMAL,42.18139,-83.49207
SW26010900809,2026-01-09T11:24:28Z,2026-01-09T17:38:42Z,13,2026-01-09T09:12:17Z,2026-01-09T17:40:00Z,1,1,Wind damage,PC3 Verifi,OUTAGE,Single Customer,NPT,NORMAL,41.9363,-83.46417
SW26010900886,2026-01-09T11:24:28Z,2026-01-09T17:38:42Z,13,2026-01-09T11:08:55Z,2026-01-09T19:40:00Z,1,1,Wind damage,In Progres,SERVICE DOWN NO,,ANN,NORMAL,42.22428,-83.58942
NE26010900908,2026-01-09T11:41:55Z,2026-01-09T11:52:58Z,2,2026-01-09T11:26:26Z,2026-01-09T19:55:00Z,1,1,Wind damage,In Progres,OUTAGE,Single Customer,MTC,NORMAL,42.6769,-82.77924
NW26010900902,2026-01-09T11:41:55Z,2026-01-09T14:57:13Z,7,2026-01-09T11:20:32Z,2026-01-09T19:50:00Z,1,1,Wind damage,In Progres,OUTAGE,Single Customer,PON,NORMAL,42.57764,-83.19726
SE26010900910,2026-01-09T11:52:58Z,2026-01-09T12:48:31Z,2,2026-01-09T11:30:59Z,2026-01-09T20:00:00Z,2,2,Wind damage,In Progres,OUTAGE,Service Secondary,RFD,NORMAL,42.38235,-83.29827
NE26010900918,2026-01-09T12:48:31Z,2026-01-09T17:38:42Z,10,2026-01-09T11:53:30Z,2026-01-09T20:25:00Z,1,1,Equipment problem,In Progres,OUTAGE,Single Customer,MTC,NORMAL,42.5485,-82.86657
NE26010900932,2026-01-09T12:48:31Z,2026-01-09T17:38:42Z,10,2026-01-09T12:00:09Z,2026-01-09T20:30:00Z,1,1,Wind damage,New,OUTAGE,Single Customer,LAP,NORMAL,43.2092,-83.45876
NE26010900934,2026-01-09T12:48:31Z,2026-01-09T14:57:13Z,5,2026-01-09T12:01:06Z,2026-01-09T20:30:00Z,1,1,Wind damage,In Progres,OUTAGE,Single Customer,MTC,NORMAL,42.7257,-82.78493
NE26010900937,2026-01-09T12:48:31Z,2026-01-15T11:54:27Z,185,2026-01-08T19:49:27Z,2026-01-15T12:30:00Z,1,1,Determined upon crew arrival,In Progres,PRIORITY,,MTC,NORMAL,42.49257,-82.97467
NE26010900939,2026-01-09T12:48:31Z,2026-01-09T14:57:13Z,5,2026-01-09T03:01:38Z,2026-01-09T20:40:00Z,1,1,Wind damage,In Progres,OUTAGE,Single Customer,MTC,NORMAL,42.7257,-82.78493
NW26010900931,2026-01-09T12:48:31Z,2026-01-09T15:30:37Z,6,2026-01-09T11:58:33Z,2026-01-09T20:30:00Z,2,2,Determined upon crew arrival,In Progres,OUTAGE,Service Secondary,PON,NORMAL,42.57243,-83.19042
NW26010900940,2026-01-09T12:48:31Z,2026-01-09T13:58:57Z,3,2026-01-09T12:11:31Z,2026-01-09T20:45:00Z,115,115,Wind damage,In Progres,OUTAGE,Device (II),PON,NORMAL,42.69181,-83.36679
NW26010900956,2026-01-09T12:48:31Z,2026-01-09T15:30:37Z,6,2026-01-09T12:01:22Z,2026-01-09T20:55:00Z,1,1,Animal/bird damaged DTE equip,In Progres,OUTAGE,Single Customer,PON,NORMAL,42.69429,-83.2683
SW26010900951,2026-01-09T12:48:31Z,2026-01-09T14:57:13Z,5,2026-01-09T12:20:58Z,2026-01-09T20:55:00Z,363,363,Wind damage,In Progres,OUTAGE,Device (II),WWS,NORMAL,42.36895,-83.31767
SW26010900952,2026-01-09T12:48:31Z,2026-01-09T12:48:31Z,1,2026-01-09T12:23:43Z,2026-01-09T20:55:00Z,23,23,Wind damage,New,OUTAGE,Service Transformer,WWS,NORMAL,42.36524,-83.31749
SW26010900954,2026-01-09T12:48:31Z,2026-01-09T12:48:31Z,1,2026-01-09T12:25:11Z,2026-01-09T20:55:00Z,188,188,Wind damage,New,OUTAGE,Device (II),WWS,NORMAL,42.3642,-83.31607
SW26010900958,2026-01-09T12:48:31Z,2026-01-09T12:48:31Z,1,2026-01-09T12:27:27Z,,1,1,Determined upon crew arrival,New,OUTAGE,Single Customer,WWS,NORMAL,42.36344,-83.3174
SW26010900960,2026-01-09T12:48:31Z,2026-01-09T12:48:31Z,1,2026-01-09T12:28:35Z,,2,2,Determined upon crew arrival,New,OUTAGE,Service Secondary,WWS,NORMAL,42.36765,-83.31761
NE26010900963,2026-01-09T13:38:47Z,2026-01-09T13:38:47Z,1,2026-01-09T12:31:49Z,2026-01-09T21:00:00Z,38,38,Wind damage,In Progres,OUTAGE,Device (II),MTC,NORMAL,42.66264,-82.8594
NE26010900977,2026-01-09T13:38:47Z,2026-01-09T13:38:47Z,1,2026-01-09T12:28:22Z,2026-01-09T21:15:00Z,20,20,Wind damage,In Progres,OUTAGE,Device (I),MTC,NORMAL,42.66377,-82.86124
NE26010901014,2026-01-09T13:38:47Z,2026-01-09T17:38:42Z,9,2026-01-09T05:41:45Z,2026-01-09T21:50:00Z,1,1,Wind damage,In Progres,OUTAGE,Single Customer,NAE,NORMAL,43.80375,-82.90691
NE26010901016,2026-01-09T13:38:47Z,2026-01-09T17:38:42Z,9,2026-01-08T22:26:11Z,2026-01-09T21:55:00Z,858,858,Wind damage,In Progres,OUTAGE,Device (II),MTC,NORMAL,42.47765,-82.922
NE26010901017,2026-01-09T13:38:47Z,2026-01-09T14:34:04Z,3,2026-01-09T13:24:34Z,2026-01-09T21:55:00Z,3,3,Wind damage,In Progres,OUTAGE,Service Transformer,MTC,NORMAL,42.68119,-82.77712
NE26010901018,2026-01-09T13:38:47Z,2026-01-09T17:38:42Z,9,2026-01-09T13:22:02Z,2026-01-09T21:55:00Z,1,1,Wind damage,New,OUTAGE,Single Customer,LAP,NORMAL,43.00529,-83.09935
NW26010900989,2026-01-09T13:38:47Z,2026-01-09T14:57:13Z,4,2026-01-09T13:01:14Z,2026-01-09T21:30:00Z,1,1,Wind damage,In Progres,OUTAGE,Single Customer,PON,NORMAL,42.57679,-83.19072
NW26010901010,2026-01-09T13:38:47Z,2026-01-09T14:57:13Z,4,2026-01-09T07:45:17Z,2026-01-09T17:00:00Z,157,59,Wind damage,In Progres,OUTAGE,Device (II),PON,NORMAL,42.57275,-83.18828
SE26010900972,2026-01-09T13:38:47Z,2026-01-09T15:30:37Z,5,2026-01-09T12:28:46Z,2026-01-09T21:05:00Z,585,351,Wind damage,Pending,OUTAGE,Device (II),RFD,NORMAL,42.30874,-83.26608
SE26010900994,2026-01-09T13:38:47Z,2026-01-09T14:34:04Z,3,2026-01-08T19:12:25Z,2026-01-09T21:35:00Z,1,1,Wind damage,In Progres,OUTAGE,Single Customer,RFD,NORMAL,42.39318,-83.23447
SE26010901001,2026-01-09T13:38:47Z,2026-01-09T15:30:37Z,5,2026-01-09T13:12:51Z,2026-01-09T21:45:00Z,1,1,Wind damage,In Progres,OUTAGE,Single Customer,RFD,NORMAL,42.3308,-83.13762
SE26010901019,2026-01-09T13:38:47Z,2026-01-09T14:34:04Z,3,2026-01-09T13:27:49Z,2026-01-09T22:00:00Z,1,1,Determined upon crew arrival,In Progres,OUTAGE,Single Customer,RFD,NORMAL,42.3822,-83.20194
SE26010901021,2026-01-09T13:38:47Z,2026-01-09T17:38:42Z,9,2026-01-09T13:02:02Z,2026-01-09T22:00:00Z,1,1,Wind damage,In Progres,OUTAGE,Single Customer,CAN,NORMAL,42.42972,-83.00983
SW26010900980,2026-01-09T13:38:47Z,2026-01-09T16:31:09Z,7,2026-01-09T12:48:54Z,2026-01-09T21:20:00Z,1,1,Wind damage,In Progres,OUTAGE,Single Customer,ANN,NORMAL,42.23483,-83.62498
NW26010901028,2026-01-09T13:58:57Z,2026-01-09T15:30:37Z,4,2026-01-09T13:34:10Z,2026-01-09T22:05:00Z,10,10,Wind damage,In Progres,OUTAGE,Service Transformer,PON,NORMAL,42.74187,-83.24121
NE26010901045,2026-01-09T14:34:04Z,2026-01-09T15:55:35Z,4,2026-01-09T13:51:56Z,2026-01-09T22:20:00Z,1,1,Wind damage,In Progres,OUTAGE,Single Customer,MTC,NORMAL,42.47248,-82.90333
NE26010901069,2026-01-09T14:34:04Z,2026-01-09T16:31:09Z,5,2026-01-09T06:08:22Z,2026-01-09T22:40:00Z,4,4,Wind damage,In Progres,OUTAGE,Service Transformer,LAP,NORMAL,43.04483,-83.4132
NW26010901042,2026-01-09T14:34:04Z,2026-01-09T15:55:35Z,4,2026-01-09T13:46:28Z,2026-01-09T22:20:00Z,1,1,Wind damage,PC3 Verifi,OUTAGE,Single Customer,PON,NORMAL,42.54292,-83.2415
NW26010901081,2026-01-09T14:34:04Z,2026-01-09T15:30:37Z,3,2026-01-09T14:09:19Z,2026-01-09T22:45:00Z,1,1,Wind damage,In Progres,OUTAGE,Single Customer,SBY,NORMAL,42.60521,-83.03744
SE26010901036,2026-01-09T14:34:04Z,2026-01-09T17:38:42Z,7,2026-01-09T13:45:56Z,2026-01-09T22:15:00Z,1,1,Wind damage,In Progres,OUTAGE,Single Customer,CAN,NORMAL,42.39188,-83.05361
SE26010901068,2026-01-09T14:34:04Z,2026-01-09T17:00:59Z,6,2026-01-09T13:33:08Z,2026-01-09T22:40:00Z,1,1,Wind damage,In Progres,OUTAGE,Single Customer,RFD,NORMAL,42.44802,-83.11237
SE26010901074,2026-01-09T14:34:04Z,2026-01-09T17:38:42Z,7,2026-01-09T05:16:45Z,2026-01-09T22:40:00Z,23,23,Equipment problem,In Progres,OUTAGE,Service Transformer,RFD,NORMAL,42.3755,-83.19155
SW26010901049,2026-01-09T14:34:04Z,2026-01-09T14:34:04Z,1,2026-01-09T13:52:55Z,2026-01-09T22:25:00Z,1,1,Wind damage,PC3 Verifi,OUTAGE,Single Customer,NPT,NORMAL,41.96081,-83.6831
SW26010901065,2026-01-09T14:34:04Z,2026-01-09T15:30:37Z,3,2026-01-09T14:04:19Z,2026-01-09T22:35:00Z,1,1,Wind damage,In Progres,OUTAGE,Single Customer,WWS,NORMAL,42.33373,-83.39229
SW26010901070,2026-01-09T14:34:04Z,2026-01-09T17:38:42Z,7,2026-01-09T13:52:55Z,2026-01-09T22:40:00Z,7,7,Wind damage,In Progres,OUTAGE,Device (I),NPT,NORMAL,41.96096,-83.67805
SW26010901075,2026-01-09T14:34:04Z,2026-01-09T14:34:04Z,1,2026-01-09T13:56:53Z,,1,1,Determined upon crew arrival,New,OUTAGE,Single Customer,NPT,NORMAL,42.16944,-83.226
SW26010901077,2026-01-09T14:34:04Z,2026-01-09T14:34:04Z,1,2026-01-09T13:57:45Z,,1,1,Determined upon crew arrival,New,OUTAGE,Single Customer,NPT,NORMAL,42.16951,-83.2272
NE26010901108,2026-01-09T14:57:13Z,2026-01-09T15:55:35Z,3,2026-01-09T14:30:23Z,2026-01-09T23:00:00Z,4,4,Determined upon crew arrival,In Progres,OUTAGE,Service Transformer,MAR,NORMAL,43.00688,-82.45734
NE26010901129,2026-01-09T14:57:13Z,2026-01-09T16:31:09Z,4,2026-01-09T14:41:16Z,2026-01-09T23:10:00Z,2,2,Determined upon crew arrival,In Progres,OUTAGE,Service Transformer,MAR,NORMAL,42.90493,-82.50225
NE26010901130,2026-01-09T14:57:13Z,2026-01-09T14:57:13Z,1,2026-01-09T14:26:02Z,2026-01-09T23:10:00Z,1,1,Determined upon crew arrival,New,OUTAGE,Single Customer,LAP,NORMAL,43.16552,-83.43544
NW26010901085,2026-01-09T14:57:13Z,2026-01-09T15:30:37Z,2,2026-01-09T14:18:52Z,2026-01-09T22:50:00Z,1,1,Wind damage,In Progres,OUTAGE,Single Customer,PON,NORMAL,42.57516,-83.18247
NW26010901112,2026-01-09T14:57:13Z,2026-01-09T14:57:13Z,1,2026-01-09T14:33:13Z,2026-01-09T23:05:00Z,1,1,Wind damage,New,OUTAGE,Single Customer,PON,NORMAL,42.77188,-83.25022
NW26010901113,2026-01-09T14:57:13Z,2026-01-09T16:31:09Z,4,2026-01-09T14:29:54Z,2026-01-09T23:05:00Z,19,19,Wind damage,In Progres,OUTAGE,Device (I),HWL,NORMAL,42.6134,-83.93278
NW26010901127,2026-01-09T14:57:13Z,2026-01-09T15:55:35Z,3,2026-01-09T14:38:53Z,2026-01-09T23:10:00Z,6,6,Determined upon crew arrival,In Progres,OUTAGE,Service Transformer,HWL,NORMAL,42.56284,-83.74271
NW26010901132,2026-01-09T14:57:13Z,2026-01-09T16:31:09Z,4,2026-01-09T14:40:37Z,2026-01-09T23:15:00Z,15,15,Wind damage,In Progres,OUTAGE,Device (I),HWL,NORMAL,42.56839,-83.97895
NW26010901133,2026-01-09T14:57:13Z,2026-01-09T14:57:13Z,1,2026-01-09T14:43:43Z,,1,1,Determined upon crew arrival,New,OUTAGE,Single Customer,HWL,NORMAL,42.5706,-83.97901
SE26010901092,2026-01-09T14:57:13Z,2026-01-09T17:38:42Z,6,2026-01-09T14:08:58Z,2026-01-09T22:50:00Z,1,1,Equipment problem,Pending,OUTAGE,Single Customer,RFD,NORMAL,42.28725,-83.28927
SW26010901110,2026-01-09T14:57:13Z,2026-01-09T14:57:13Z,1,2026-01-09T14:31:21Z,2026-01-09T23:00:00Z,1,1,Wind damage,New,OUTAGE,Single Customer,ANN,NORMAL,42.22717,-83.58293
SW26010901115,2026-01-09T14:57:13Z,2026-01-09T14:57:13Z,1,2026-01-09T14:33:33Z,2026-01-09T23:05:00Z,19,19,Determined upon crew arrival,In Progres,OUTAGE,Service Transformer,WWS,NORMAL,42.40099,-83.4112
SW26010901116,2026-01-09T14:57:13Z,2026-01-09T15:55:35Z,3,2026-01-09T14:26:30Z,2026-01-09T23:05:00Z,18,18,Animal/bird damaged DTE equip,In Progres,OUTAGE,Service Transformer,WWS,NORMAL,42.29173,-83.39641
SW26010901128,2026-01-09T14:57:13Z,2026-01-09T15:30:37Z,2,2026-01-09T14:40:36Z,2026-01-09T23:10:00Z,25,25,Determined upon crew arrival,In Progres,OUTAGE,Service Transformer,WWS,NORMAL,42.37126,-83.46572
SW26010901131,2026-01-09T14:57:13Z,2026-01-09T14:57:13Z,1,2026-01-09T14:26:24Z,2026-01-09T23:10:00Z,1,1,Determined upon crew arrival,New,OUTAGE,Single Customer,WWS,NORMAL,42.16164,-83.4311
NE26010901212,2026-01-09T15:30:37Z,2026-01-09T15:30:37Z,1,2026-01-09T14:40:37Z,2026-01-09T23:25:00Z,2,2,Wind damage,In Progres,OUTAGE,Service Transformer,MAR,NORMAL,43.02298,-82.59505
NE26010901306,2026-01-09T15:30:37Z,2026-01-09T15:55:35Z,2,2026-01-09T06:08:22Z,2026-01-09T23:30:00Z,1,1,Wind damage,In Progres,OUTAGE,Service Transformer,LAP,NORMAL,43.04245,-83.41416
NE26010901340,2026-01-09T15:30:37Z,2026-01-09T17:00:59Z,4,2026-01-09T14:59:33Z,2026-01-09T23:30:00Z,4,4,Determined upon crew arrival,In Progres,OUTAGE,Service Transformer,LAP,NORMAL,43.21696,-83.44233
NE26010901544,2026-01-09T15:30:37Z,2026-01-09T15:30:37Z,1,2026-01-09T14:56:08Z,2026-01-09T23:40:00Z,1,1,Wind damage,New,OUTAGE,Single Customer,MTC,NORMAL,42.80359,-82.73849
NW26010901145,2026-01-09T15:30:37Z,2026-01-09T16:31:09Z,3,2026-01-09T14:48:08Z,2026-01-09T23:20:00Z,1,1,Wind damage,New,OUTAGE,Single Customer,HWL,NORMAL,42.4539,-83.78717
NW26010901147,2026-01-09T15:30:37Z,2026-01-09T16:31:09Z,3,2026-01-09T14:48:12Z,2026-01-09T23:20:00Z,1,1,Wind damage,In Progres,OUTAGE,Single Customer,HWL,NORMAL,42.45595,-83.85065
NW26010901152,2026-01-09T15:30:37Z,2026-01-09T17:38:42Z,5,2026-01-09T14:48:22Z,2026-01-09T23:20:00Z,1,1,Wind damage,New,OUTAGE,Single Customer,HWL,NORMAL,42.49099,-83.82151
NW26010901158,2026-01-09T15:30:37Z,2026-01-09T16:31:09Z,3,2026-01-09T14:48:40Z,2026-01-09T23:20:00Z,1,1,Wind damage,New,OUTAGE,Single Customer,HWL,NORMAL,42.45359,-83.78394
NW26010901165,2026-01-09T15:30:37Z,2026-01-09T15:55:35Z,2,2026-01-09T14:49:06Z,2026-01-09T23:20:00Z,1,1,Wind damage,New,OUTAGE,Single Customer,HWL,NORMAL,42.45507,-83.78556
NW26010901186,2026-01-09T15:30:37Z,2026-01-09T15:30:37Z,1,2026-01-09T14:50:47Z,2026-01-09T23:20:00Z,1,1,Determined upon crew arrival,In Progres,OUTAGE,Single Customer,SBY,NORMAL,42.54503,-83.05623
NW26010901189,2026-01-09T15:30:37Z,2026-01-09T17:38:42Z,5,2026-01-09T14:50:44Z,2026-01-09T23:20:00Z,1,1,Wind damage,New,OUTAGE,Single Customer,HWL,NORMAL,42.55204,-84.06926
NW26010901206,2026-01-09T15:30:37Z,2026-01-09T17:38:42Z,5,2026-01-09T14:45:26Z,2026-01-09T23:25:00Z,45,45,Wind damage,In Progres,OUTAGE,Device (II),HWL,NORMAL,42.67435,-84.01501
NW26010901209,2026-01-09T15:30:37Z,2026-01-09T15:55:35Z,2,2026-01-09T14:55:00Z,2026-01-09T23:25:00Z,1,1,Wind damage,New,OUTAGE,Single Customer,HWL,NORMAL,42.45465,-83.79255
NW26010901229,2026-01-09T15:30:37Z,2026-01-09T17:38:42Z,5,2026-01-09T14:48:21Z,2026-01-09T23:25:00Z,1,1,Wind damage,New,SERVICE DOWN NO,,HWL,NORMAL,42.68092,-84.01228
NW26010901251,2026-01-09T15:30:37Z,2026-01-09T17:00:59Z,4,2026-01-09T14:57:55Z,2026-01-09T23:30:00Z,1,1,Wind damage,New,OUTAGE,Single Customer,HWL,NORMAL,42.45687,-83.79334
NW26010901288,2026-01-09T15:30:37Z,2026-01-09T16:31:09Z,3,2026-01-09T14:59:29Z,2026-01-09T23:30:00Z,1,1,Wind damage,New,OUTAGE,Single Customer,HWL,NORMAL,42.45397,-83.7925
NW26010901303,2026-01-09T15:30:37Z,2026-01-09T17:38:42Z,5,2026-01-09T14:57:04Z,2026-01-09T23:30:00Z,245,245,Wind damage,In Progres,OUTAGE,Device (II),HWL,NORMAL,42.65774,-83.89965
NW26010901456,2026-01-09T15:30:37Z,2026-01-09T17:38:42Z,5,2026-01-09T14:51:56Z,2026-01-09T23:35:00Z,19,19,Wind damage,In Progres,OUTAGE,Service Transformer,SBY,NORMAL,42.61035,-82.9817
NW26010901458,2026-01-09T15:30:37Z,2026-01-09T15:30:37Z,1,2026-01-09T11:21:52Z,2026-01-09T23:35:00Z,1,1,Wind damage,New,OUTAGE,Single Customer,HWL,NORMAL,42.58922,-83.72876
NW26010901464,2026-01-09T15:30:37Z,2026-01-09T17:38:42Z,5,2026-01-09T15:07:09Z,2026-01-09T23:35:00Z,1,1,Wind damage,New,OUTAGE,Single Customer,HWL,NORMAL,42.55316,-84.07311
NW26010901467,2026-01-09T15:30:37Z,2026-01-09T15:30:37Z,1,2026-01-09T15:07:13Z,2026-01-09T23:35:00Z,215,215,Wind damage,New,OUTAGE,Device (II),HWL,NORMAL,42.54917,-83.65546
NW26010901469,2026-01-09T15:30:37Z,2026-01-09T15:30:37Z,1,2026-01-09T12:08:42Z,2026-01-09T23:35:00Z,1,1,Wind damage,New,OUTAGE,Single Customer,HWL,NORMAL,42.56171,-83.72653
NW26010901472,2026-01-09T15:30:37Z,2026-01-09T17:38:42Z,5,2026-01-09T15:07:18Z,2026-01-09T23:35:00Z,1,1,Wind damage,New,OUTAGE,Single Customer,HWL,NORMAL,42.63244,-83.83445
NW26010901510,2026-01-09T15:30:37Z,2026-01-09T17:00:59Z,4,2026-01-09T14:54:11Z,2026-01-09T23:40:00Z,1272,1272,Wind damage,In Progres,OUTAGE,Device (II),HWL,NORMAL,42.5123,-83.94189
NW26010901515,2026-01-09T15:30:37Z,2026-01-09T15:30:37Z,1,2026-01-09T15:09:21Z,2026-01-09T23:40:00Z,2,2,Wind damage,New,OUTAGE,Service Transformer,HWL,NORMAL,42.48952,-83.88206
NW26010901520,2026-01-09T15:30:37Z,2026-01-09T17:38:42Z,5,2026-01-09T15:09:31Z,2026-01-09T23:40:00Z,1,1,Wind damage,New,SERVICE DOWN NO,,HWL,NORMAL,42.68197,-84.0123
NW26010901526,2026-01-09T15:30:37Z,2026-01-09T15:30:37Z,1,2026-01-09T15:09:46Z,2026-01-09T23:40:00Z,1,1,Wind damage,New,OUTAGE,Single Customer,HWL,NORMAL,42.48705,-83.88307
NW26010901527,2026-01-09T15:30:37Z,2026-01-09T15:30:37Z,1,2026-01-09T15:09:51Z,2026-01-09T23:40:00Z,4,4,Wind damage,New,OUTAGE,Device (II),HWL,NORMAL,42.48408,-83.88193
NW26010901534,2026-01-09T15:30:37Z,2026-01-09T17:00:59Z,4,2026-01-09T15:07:31Z,2026-01-09T23:40:00Z,14,14,Wind damage,In Progres,OUTAGE,Device (II),HWL,NORMAL,42.48948,-83.88289
NW26010901536,2026-01-09T15:30:37Z,2026-01-09T15:30:37Z,1,2026-01-09T15:10:27Z,2026-01-09T23:40:00Z,1,1,Wind damage,New,OUTAGE,Single Customer,HWL,NORMAL,42.55498,-83.73141
NW26010901537,2026-01-09T15:30:37Z,2026-01-09T15:30:37Z,1,2026-01-09T15:10:44Z,2026-01-09T23:40:00Z,1,1,Wind damage,New,OUTAGE,Single Customer,HWL,NORMAL,42.48585,-83.88226
NW26010901539,2026-01-09T15:30:37Z,2026-01-09T15:30:37Z,1,2026-01-09T15:11:05Z,2026-01-09T23:40:00Z,1,1,Wind damage,New,OUTAGE,Single Customer,HWL,NORMAL,42.55169,-83.72311
NW26010901540,2026-01-09T15:30:37Z,2026-01-09T17:38:42Z,5,2026-01-09T11:11:43Z,2026-01-09T23:40:00Z,1,1,Wind damage,New,OUTAGE,Single Customer,HWL,NORMAL,42.57506,-83.73365
NW26010901547,2026-01-09T15:30:37Z,2026-01-09T17:38:42Z,5,2026-01-09T15:12:10Z,2026-01-09T23:40:00Z,1,1,Wind damage,In Progres,OUTAGE,Single Customer,HWL,NORMAL,42.55687,-83.71694
NW26010901549,2026-01-09T15:30:37Z,2026-01-09T17:38:42Z,5,2026-01-09T15:12:20Z,2026-01-09T23:40:00Z,1,1,Wind damage,In Progres,OUTAGE,Single Customer,HWL,NORMAL,42.5477,-83.68268
NW26010901550,2026-01-09T15:30:37Z,2026-01-09T15:30:37Z,1,2026-01-09T15:12:17Z,,1,1,Determined upon crew arrival,New,OUTAGE,Single Customer,HWL,NORMAL,42.53234,-83.72885
NW26010901551,2026-01-09T15:30:37Z,2026-01-09T15:30:37Z,1,2026-01-09T15:12:25Z,,8,8,Determined upon crew arrival,New,OUTAGE,Device (I),HWL,NORMAL,42.53702,-83.72897
NW26010901552,2026-01-09T15:30:37Z,2026-01-09T17:38:42Z,5,2026-01-09T15:11:19Z,2026-01-09T23:45:00Z,53,53,Wind damage,In Progres,OUTAGE,Device (II),HWL,NORMAL,42.53778,-83.73227
NW26010901553,2026-01-09T15:30:37Z,2026-01-09T17:38:42Z,5,2026-01-09T15:08:45Z,2026-01-09T23:45:00Z,1,1,Wind damage,New,OUTAGE,Single Customer,HWL,NORMAL,42.61897,-83.71664
NW26010901554,2026-01-09T15:30:37Z,2026-01-09T15:30:37Z,1,2026-01-09T15:13:16Z,,1,1,Determined upon crew arrival,New,OUTAGE,Single Customer,HWL,NORMAL,42.55691,-83.65956
NW26010901560,2026-01-09T15:30:37Z,2026-01-09T17:38:42Z,5,2026-01-09T14:56:45Z,2026-01-09T23:45:00Z,179,179,Wind damage,In Progres,OUTAGE,Device (II),HWL,NORMAL,42.64789,-83.90272
NW26010901564,2026-01-09T15:30:37Z,2026-01-09T15:30:37Z,1,2026-01-09T15:13:46Z,,1,1,Determined upon crew arrival,New,OUTAGE,Single Customer,HWL,NORMAL,42.55137,-83.73209
NW26010901567,2026-01-09T15:30:37Z,2026-01-09T15:30:37Z,1,2026-01-09T15:14:17Z,,2,2,Determined upon crew arrival,New,OUTAGE,Service Secondary,HWL,NORMAL,42.53682,-83.73135
NW26010901568,2026-01-09T15:30:37Z,2026-01-09T15:30:37Z,1,2026-01-09T15:14:23Z,,1,1,Determined upon crew arrival,New,OUTAGE,Single Customer,HWL,NORMAL,42.53289,-83.72691
NW26010901571,2026-01-09T15:30:37Z,2026-01-09T16:31:09Z,3,2026-01-09T15:14:55Z,2026-01-09T23:45:00Z,2,2,Wind damage,New,OUTAGE,Service Secondary,SBY,NORMAL,42.54536,-83.02185
NW26010901572,2026-01-09T15:30:37Z,2026-01-09T15:30:37Z,1,2026-01-09T15:15:01Z,,1,1,Determined upon crew arrival,New,OUTAGE,Single Customer,HWL,NORMAL,42.48586,-83.88038
SE26010901156,2026-01-09T15:30:37Z,2026-01-09T16:31:09Z,3,2026-01-09T14:48:26Z,2026-01-09T23:20:00Z,3,3,Determined upon crew arrival,In Progres,OUTAGE,Service Transformer,CAN,NORMAL,42.38222,-83.02252
SE26010901192,2026-01-09T15:30:37Z,2026-01-09T17:38:42Z,5,2026-01-09T14:51:12Z,2026-01-09T23:20:00Z,1,1,Determined upon crew arrival,In Progres,OUTAGE,Single Customer,CAN,NORMAL,42.43281,-82.95657
SE26010901261,2026-01-09T15:30:37Z,2026-01-09T16:31:09Z,3,2026-01-09T14:58:19Z,2026-01-09T23:30:00Z,1,1,Determined upon crew arrival,In Progres,OUTAGE,Single Customer,CAN,NORMAL,42.43203,-82.95594
SE26010901366,2026-01-09T15:30:37Z,2026-01-09T17:38:42Z,5,2026-01-09T00:27:07Z,2026-01-09T23:35:00Z,1,1,Wind damage,In Progres,OUTAGE,Single Customer,CAN,NORMAL,42.36939,-83.00458
SE26010901373,2026-01-09T15:30:37Z,2026-01-09T15:55:35Z,2,2026-01-09T15:02:41Z,2026-01-09T23:35:00Z,627,627,Wind damage,In Progres,OUTAGE,Device (II),RFD,NORMAL,42.51423,-83.30979
SE26010901413,2026-01-09T15:30:37Z,2026-01-09T16:31:09Z,3,2026-01-09T15:05:03Z,2026-01-09T23:35:00Z,1,1,Determined upon crew arrival,In Progres,OUTAGE,Single Customer,RFD,NORMAL,42.26692,-83.20705
SE26010901479,2026-01-09T15:30:37Z,2026-01-09T17:38:42Z,5,2026-01-09T13:57:33Z,2026-01-09T23:40:00Z,1,1,Wind damage,In Progres,OUTAGE,Single Customer,CAN,NORMAL,42.39661,-82.9578
SE26010901488,2026-01-09T15:30:37Z,2026-01-09T15:30:37Z,1,2026-01-09T15:08:26Z,2026-01-09T23:40:00Z,1,1,Wind damage,New,OUTAGE,Single Customer,RFD,NORMAL,42.50689,-83.29052
SE26010901502,2026-01-09T15:30:37Z,2026-01-09T15:55:35Z,2,2026-01-09T15:07:13Z,2026-01-09T23:40:00Z,1,1,Determined upon crew arrival,In Progres,OUTAGE,Single Customer,RFD,NORMAL,42.37985,-83.14439
SE26010901542,2026-01-09T15:30:37Z,2026-01-09T15:30:37Z,1,2026-01-09T15:11:19Z,2026-01-09T23:40:00Z,2,2,Wind damage,New,OUTAGE,Service Secondary,RFD,NORMAL,42.50728,-83.2838
SE26010901546,2026-01-09T15:30:37Z,2026-01-09T17:38:42Z,5,2026-01-09T15:12:01Z,2026-01-09T23:40:00Z,1,1,Wind damage,In Progres,OUTAGE,Single Customer,RFD,NORMAL,42.50102,-83.08607
SE26010901565,2026-01-09T15:30:37Z,2026-01-09T15:55:35Z,2,2026-01-09T05:16:55Z,2026-01-09T23:45:00Z,1,1,Wind damage,In Progres,OUTAGE,Single Customer,RFD,NORMAL,42.37669,-83.1927
SE26010901566,2026-01-09T15:30:37Z,2026-01-09T15:30:37Z,1,2026-01-09T15:13:57Z,,2,2,Determined upon crew arrival,New,OUTAGE,Service Secondary,RFD,NORMAL,42.50715,-83.28675
SW26010901162,2026-01-09T15:30:37Z,2026-01-09T17:38:42Z,5,2026-01-09T14:47:49Z,2026-01-09T23:20:00Z,102,102,Determined upon crew arrival,In Progres,OUTAGE,Device (II),ANN,NORMAL,42.26454,-83.72885
SW26010901274,2026-01-09T15:30:37Z,2026-01-09T17:38:42Z,5,2026-01-09T14:59:06Z,2026-01-09T23:30:00Z,1,1,Wind damage,New,SERVICE DOWN NO,,NPT,NORMAL,41.97286,-83.75059
SW26010901283,2026-01-09T15:30:37Z,2026-01-09T15:30:37Z,1,2026-01-09T14:59:28Z,2026-01-09T23:30:00Z,1,1,Wind damage,New,OUTAGE,Single Customer,ANN,NORMAL,42.41319,-83.90486
SW26010901290,2026-01-09T15:30:37Z,2026-01-09T15:30:37Z,1,2026-01-09T14:59:36Z,2026-01-09T23:30:00Z,1,1,Wind damage,New,OUTAGE,Single Customer,ANN,NORMAL,42.40244,-83.89254
SW26010901311,2026-01-09T15:30:37Z,2026-01-09T17:38:42Z,5,2026-01-09T14:54:57Z,2026-01-09T23:30:00Z,624,624,Wind damage,In Progres,OUTAGE,Circuit Level,ANN,NORMAL,42.42453,-83.90523
SW26010901333,2026-01-09T15:30:37Z,2026-01-09T15:30:37Z,1,2026-01-09T15:01:13Z,2026-01-09T23:30:00Z,1,1,Wind damage,New,OUTAGE,Single Customer,ANN,NORMAL,42.41387,-83.90489
SW26010901394,2026-01-09T15:30:37Z,2026-01-09T17:38:42Z,5,2026-01-09T15:03:57Z,2026-01-09T23:35:00Z,1,1,Wind damage,New,OUTAGE,Single Customer,NPT,NORMAL,42.16897,-83.22304
SW26010901402,2026-01-09T15:30:37Z,2026-01-09T17:38:42Z,5,2026-01-09T15:04:29Z,2026-01-09T23:35:00Z,1028,1028,Wind damage,In Progres,OUTAGE,Device (II),ANN,NORMAL,42.32454,-83.81147
SW26010901432,2026-01-09T15:30:37Z,2026-01-09T15:30:37Z,1,2026-01-09T14:55:18Z,2026-01-09T23:35:00Z,9,9,Wind damage,New,OUTAGE,Device (I),ANN,NORMAL,42.40655,-83.9004
SW26010901454,2026-01-09T15:30:37Z,2026-01-09T17:38:42Z,5,2026-01-09T15:06:47Z,2026-01-09T23:35:00Z,1,1,Wind damage,New,OUTAGE,Single Customer,WWS,NORMAL,42.35983,-83.46454
SW26010901496,2026-01-09T15:30:37Z,2026-01-09T16:31:09Z,3,2026-01-09T15:08:34Z,2026-01-09T23:40:00Z,1,1,Wind damage,New,OUTAGE,Single Customer,WWS,NORMAL,42.36901,-83.31641
SW26010901509,2026-01-09T15:30:37Z,2026-01-09T17:00:59Z,4,2026-01-09T15:01:09Z,2026-01-09T23:40:00Z,30,30,Determined upon crew arrival,In Progres,OUTAGE,Service Transformer,WWS,NORMAL,42.27222,-83.3734
SW26010901512,2026-01-09T15:30:37Z,2026-01-09T17:38:42Z,5,2026-01-09T15:05:41Z,2026-01-09T23:40:00Z,9,9,Wind damage,In Progres,OUTAGE,Service Transformer,ANN,NORMAL,42.26157,-83.7599
SW26010901529,2026-01-09T15:30:37Z,2026-01-09T15:30:37Z,1,2026-01-09T14:55:09Z,2026-01-09T23:40:00Z,72,72,Wind damage,New,OUTAGE,Device (I),ANN,NORMAL,42.40923,-83.92577
SW26010901535,2026-01-09T15:30:37Z,2026-01-09T15:55:35Z,2,2026-01-09T15:10:21Z,2026-01-09T23:40:00Z,1,1,Wind damage,New,OUTAGE,Single Customer,ANN,NORMAL,42.0884,-83.71549
SW26010901545,2026-01-09T15:30:37Z,2026-01-09T15:30:37Z,1,2026-01-09T15:11:40Z,2026-01-09T23:40:00Z,1,1,Wind damage,New,OUTAGE,Single Customer,ANN,NORMAL,42.32666,-83.83356
SW26010901548,2026-01-09T15:30:37Z,2026-01-09T17:38:42Z,5,2026-01-09T15:02:32Z,2026-01-09T23:40:00Z,1,1,Wind damage,In Progres,OUTAGE,Single Customer,ANN,NORMAL,42.39071,-83.8776
SW26010901569,2026-01-09T15:30:37Z,2026-01-09T15:30:37Z,1,2026-01-09T15:14:29Z,,1,1,Determined upon crew arrival,New,OUTAGE,Single Customer,ANN,NORMAL,42.40925,-83.90457
SW26010901573,2026-01-09T15:30:37Z,2026-01-09T17:38:42Z,5,2026-01-09T15:10:55Z,2026-01-09T23:45:00Z,50,50,Wind damage,In Progres,OUTAGE,Device (II),ANN,NORMAL,42.34244,-83.84854
NA26010902377,2026-01-09T15:55:35Z,2026-01-09T15:55:35Z,1,2026-01-09T15:44:50Z,,1,1,Determined upon crew arrival,New,OUTAGE,Single Customer,PON,NORMAL,42.57623,-83.461
NE26010901844,2026-01-09T15:55:35Z,2026-01-09T17:38:42Z,4,2026-01-09T15:25:37Z,2026-01-10T00:00:00Z,204,204,Wind damage,Pending,OUTAGE,Device (II),LAP,NORMAL,42.88715,-83.29986
NE26010901848,2026-01-09T15:55:35Z,2026-01-09T17:38:42Z,4,2026-01-09T15:25:45Z,2026-01-10T00:00:00Z,334,334,Wind damage,In Progres,OUTAGE,Device (II),LAP,NORMAL,42.88292,-83.32425
NE26010901861,2026-01-09T15:55:35Z,2026-01-09T17:38:42Z,4,2026-01-09T15:25:28Z,2026-01-10T00:00:00Z,121,121,Wind damage,In Progres,OUTAGE,Device (II),LAP,NORMAL,42.88192,-83.30275
NE26010902133,2026-01-09T15:55:35Z,2026-01-09T17:38:42Z,4,2026-01-09T15:37:06Z,2026-01-10T00:05:00Z,1,1,Determined upon crew arrival,In Progres,OUTAGE,Service Transformer,LAP,NORMAL,43.21732,-83.42999
NW26010901588,2026-01-09T15:55:35Z,2026-01-09T15:55:35Z,1,2026-01-09T14:59:20Z,2026-01-09T23:45:00Z,2552,2552,Wind damage,In Progres,OUTAGE,Circuit Level,HWL,NORMAL,42.47089,-83.89304
NW26010901625,2026-01-09T15:55:35Z,2026-01-09T17:38:42Z,4,2026-01-09T15:17:23Z,2026-01-09T23:45:00Z,1,1,Determined upon crew arrival,In Progres,OUTAGE,Single Customer,PON,NORMAL,42.86623,-83.44311
NW26010901658,2026-01-09T15:55:35Z,2026-01-09T15:55:35Z,1,2026-01-09T15:18:02Z,2026-01-09T23:50:00Z,1,1,Determined upon crew arrival,In Progres,PRIORITY,,HWL,NORMAL,42.45998,-83.93105
NW26010901694,2026-01-09T15:55:35Z,2026-01-09T17:38:42Z,4,2026-01-09T15:15:27Z,2026-01-09T23:50:00Z,2,2,Wind damage,New,OUTAGE,Service Secondary,HWL,NORMAL,42.44972,-83.6449
NW26010901724,2026-01-09T15:55:35Z,2026-01-09T15:55:35Z,1,2026-01-09T15:20:36Z,2026-01-09T23:50:00Z,1,1,Determined upon crew arrival,In Progres,PRIORITY,,HWL,NORMAL,42.46017,-83.90326
NW26010901725,2026-01-09T15:55:35Z,2026-01-09T16:31:09Z,2,2026-01-09T15:15:22Z,2026-01-09T23:50:00Z,7,7,Wind damage,In Progres,OUTAGE,Service Transformer,HWL,NORMAL,42.46704,-83.86887
NW26010901768,2026-01-09T15:55:35Z,2026-01-09T17:38:42Z,4,2026-01-09T15:15:26Z,2026-01-09T23:50:00Z,9,9,Wind damage,New,OUTAGE,Service Transformer,HWL,NORMAL,42.44897,-83.64618
NW26010901774,2026-01-09T15:55:35Z,2026-01-09T17:00:59Z,3,2026-01-09T15:08:26Z,2026-01-09T19:50:00Z,94,94,Wind damage,In Progres,OUTAGE,Device (II),HWL,NORMAL,42.5499,-83.67208
NW26010901794,2026-01-09T15:55:35Z,2026-01-09T17:38:42Z,4,2026-01-09T15:23:00Z,2026-01-09T23:55:00Z,1,1,Wind damage,New,OUTAGE,Single Customer,PON,NORMAL,42.5719,-83.18566
NW26010901804,2026-01-09T15:55:35Z,2026-01-09T16:31:09Z,2,2026-01-09T15:23:31Z,2026-01-09T23:55:00Z,1,1,Wind damage,In Progres,OUTAGE,Single Customer,HWL,NORMAL,42.55037,-83.66453
NW26010901808,2026-01-09T15:55:35Z,2026-01-09T17:38:42Z,4,2026-01-09T15:24:13Z,2026-01-09T23:55:00Z,2,2,Wind damage,New,OUTAGE,Service Transformer,HWL,NORMAL,42.59843,-83.56694
NW26010901809,2026-01-09T15:55:35Z,2026-01-09T16:31:09Z,2,2026-01-09T15:10:11Z,2026-01-09T23:55:00Z,17,17,Wind damage,In Progres,OUTAGE,Device (II),HWL,NORMAL,42.55775,-83.66735
NW26010901811,2026-01-09T15:55:35Z,2026-01-09T17:38:42Z,4,2026-01-09T15:20:14Z,2026-01-09T23:55:00Z,1,1,Wind damage,New,OUTAGE,Single Customer,PON,NORMAL,42.61159,-83.48234
NW26010901813,2026-01-09T15:55:35Z,2026-01-09T17:38:42Z,4,2026-01-09T15:24:50Z,2026-01-09T23:55:00Z,1,1,Wind damage,In Progres,OUTAGE,Single Customer,HWL,NORMAL,42.53499,-83.67632
NW26010901815,2026-01-09T15:55:35Z,2026-01-09T16:31:09Z,2,2026-01-09T15:25:20Z,2026-01-09T23:55:00Z,1,1,Wind damage,In Progres,OUTAGE,Single Customer,HWL,NORMAL,42.54792,-83.67781
NW26010901821,2026-01-09T15:55:35Z,2026-01-09T17:38:42Z,4,2026-01-09T15:26:00Z,2026-01-09T23:55:00Z,1,1,Wind damage,New,OUTAGE,Single Customer,HWL,NORMAL,42.60239,-83.56779
NW26010901822,2026-01-09T15:55:35Z,2026-01-09T15:55:35Z,1,2026-01-09T15:26:05Z,2026-01-09T23:55:00Z,1,1,Determined upon crew arrival,In Progres,PRIORITY,,HWL,NORMAL,42.48272,-83.91711
NW26010901827,2026-01-09T15:55:35Z,2026-01-09T17:38:42Z,4,2026-01-09T15:26:13Z,2026-01-09T23:55:00Z,1,1,Wind damage,In Progres,OUTAGE,Single Customer,HWL,NORMAL,42.53347,-83.67485
NW26010901831,2026-01-09T15:55:35Z,2026-01-09T16:31:09Z,2,2026-01-09T15:26:38Z,2026-01-09T23:55:00Z,2,2,Wind damage,In Progres,OUTAGE,Service Transformer,HWL,NORMAL,42.54954,-83.66444
NW26010901837,2026-01-09T15:55:35Z,2026-01-09T16:31:09Z,2,2026-01-09T15:16:42Z,2026-01-10T00:00:00Z,2,2,Wind damage,In Progres,OUTAGE,Service Transformer,HWL,NORMAL,42.54801,-83.66105
NW26010901862,2026-01-09T15:55:35Z,2026-01-09T15:55:35Z,1,2026-01-09T15:28:42Z,2026-01-10T00:00:00Z,1,1,Determined upon crew arrival,In Progres,PRIORITY,,HWL,NORMAL,42.46307,-83.88971
NW26010901875,2026-01-09T15:55:35Z,2026-01-09T17:38:42Z,4,2026-01-09T15:29:12Z,2026-01-10T00:00:00Z,1,1,Wind damage,New,SERVICE DOWN NO,,HWL,NORMAL,42.58676,-83.58063
NW26010901884,2026-01-09T15:55:35Z,2026-01-09T16:31:09Z,2,2026-01-09T15:29:26Z,2026-01-10T00:00:00Z,1,1,Wind damage,In Progres,OUTAGE,Single Customer,HWL,NORMAL,42.54933,-83.66668
NW26010901890,2026-01-09T15:55:35Z,2026-01-09T17:38:42Z,4,2026-01-09T15:28:21Z,2026-01-10T00:00:00Z,368,368,Wind damage,In Progres,OUTAGE,Device (II),PON,NORMAL,42.54423,-83.48384
NW26010901906,2026-01-09T15:55:35Z,2026-01-09T16:31:09Z,2,2026-01-09T15:16:48Z,2026-01-10T00:00:00Z,2,2,Wind damage,In Progres,OUTAGE,Service Transformer,HWL,NORMAL,42.55376,-83.67062
NW26010901911,2026-01-09T15:55:35Z,2026-01-09T16:31:09Z,2,2026-01-09T15:17:02Z,2026-01-10T00:00:00Z,3,3,Wind damage,In Progres,OUTAGE,Service Transformer,HWL,NORMAL,42.54761,-83.66926
NW26010901928,2026-01-09T15:55:35Z,2026-01-09T16:31:09Z,2,2026-01-09T15:31:07Z,2026-01-10T00:00:00Z,2,2,Wind damage,In Progres,OUTAGE,Service Transformer,HWL,NORMAL,42.55625,-83.67214
NW26010901931,2026-01-09T15:55:35Z,2026-01-09T16:31:09Z,2,2026-01-09T15:12:00Z,2026-01-10T00:00:00Z,2,2,Wind damage,In Progres,OUTAGE,Service Transformer,HWL,NORMAL,42.54732,-83.66184
NW26010901938,2026-01-09T15:55:35Z,2026-01-09T17:38:42Z,4,2026-01-09T15:29:30Z,2026-01-10T00:00:00Z,26,26,Wind damage,In Progres,OUTAGE,Device (I),PON,NORMAL,42.57286,-83.42345
NW26010901956,2026-01-09T15:55:35Z,2026-01-09T17:38:42Z,4,2026-01-09T15:32:36Z,2026-01-10T00:05:00Z,1,1,Wind damage,New,OUTAGE,Single Customer,PON,NORMAL,42.59926,-83.54664
NW26010901963,2026-01-09T15:55:35Z,2026-01-09T17:38:42Z,4,2026-01-09T15:30:19Z,2026-01-10T00:05:00Z,1,1,Wind damage,New,OUTAGE,Single Customer,PON,NORMAL,42.71947,-83.42683
NW26010901965,2026-01-09T15:55:35Z,2026-01-09T17:38:42Z,4,2026-01-09T15:30:29Z,2026-01-10T00:05:00Z,1,1,Wind damage,Pending,OUTAGE,Single Customer,PON,NORMAL,42.72793,-83.41955
NW26010901969,2026-01-09T15:55:35Z,2026-01-09T17:38:42Z,4,2026-01-09T15:32:08Z,2026-01-10T00:05:00Z,1356,659,Wind damage,In Progres,OUTAGE,Circuit Level,PON,NORMAL,42.80952,-83.39472
NW26010902009,2026-01-09T15:55:35Z,2026-01-09T17:38:42Z,4,2026-01-09T15:22:26Z,2026-01-10T00:05:00Z,2,2,Wind damage,In Progres,OUTAGE,Service Transformer,HWL,NORMAL,42.53542,-83.67899
NW26010902017,2026-01-09T15:55:35Z,2026-01-09T17:38:42Z,4,2026-01-09T15:32:37Z,2026-01-10T00:05:00Z,1374,1374,Wind damage,In Progres,OUTAGE,Device (II),PON,NORMAL,42.63174,-83.46667
NW26010902048,2026-01-09T15:55:35Z,2026-01-09T17:00:59Z,3,2026-01-09T15:35:05Z,2026-01-10T00:05:00Z,1,1,Determined upon crew arrival,In Progres,OUTAGE,Single Customer,SBY,NORMAL,42.54793,-82.98688
NW26010902049,2026-01-09T15:55:35Z,2026-01-09T17:38:42Z,4,2026-01-09T15:35:04Z,2026-01-10T00:05:00Z,1,1,Wind damage,New,OUTAGE,Single Customer,PON,NORMAL,42.73153,-83.41773
NW26010902080,2026-01-09T15:55:35Z,2026-01-09T17:38:42Z,4,2026-01-09T15:35:57Z,2026-01-10T00:05:00Z,1,1,Wind damage,New,OUTAGE,Single Customer,HWL,NORMAL,42.6042,-83.56731
NW26010902081,2026-01-09T15:55:35Z,2026-01-09T15:55:35Z,1,2026-01-09T15:35:53Z,2026-01-10T00:05:00Z,1,1,Wind damage,New,OUTAGE,Single Customer,PON,NORMAL,42.80074,-83.45116
NW26010902082,2026-01-09T15:55:35Z,2026-01-09T17:38:42Z,4,2026-01-09T15:32:26Z,2026-01-10T00:05:00Z,2,2,Wind damage,New,OUTAGE,Service Secondary,PON,NORMAL,42.60827,-83.195
NW26010902134,2026-01-09T15:55:35Z,2026-01-09T17:38:42Z,4,2026-01-09T15:37:06Z,2026-01-10T00:05:00Z,1,1,Wind damage,New,OUTAGE,Single Customer,PON,NORMAL,42.61665,-83.47039
NW26010902162,2026-01-09T15:55:35Z,2026-01-09T17:38:42Z,4,2026-01-09T15:30:15Z,2026-01-10T00:10:00Z,1,1,Wind damage,New,OUTAGE,Single Customer,PON,NORMAL,42.72401,-83.41937
NW26010902167,2026-01-09T15:55:35Z,2026-01-09T16:31:09Z,2,2026-01-09T15:37:56Z,2026-01-10T00:10:00Z,1,1,Wind damage,In Progres,OUTAGE,Single Customer,HWL,NORMAL,42.54773,-83.66512
NW26010902180,2026-01-09T15:55:35Z,2026-01-09T16:31:09Z,2,2026-01-09T15:38:15Z,2026-01-10T00:10:00Z,1,1,Wind damage,In Progres,OUTAGE,Single Customer,HWL,NORMAL,42.5542,-83.66811
NW26010902200,2026-01-09T15:55:35Z,2026-01-09T17:38:42Z,4,2026-01-09T15:32:28Z,2026-01-10T00:10:00Z,1,1,Wind damage,New,OUTAGE,Single Customer,PON,NORMAL,42.79859,-83.36092
NW26010902201,2026-01-09T15:55:35Z,2026-01-09T17:38:42Z,4,2026-01-09T15:38:48Z,2026-01-10T00:10:00Z,1,1,Wind damage,New,OUTAGE,Single Customer,PON,NORMAL,42.65615,-83.61028
NW26010902204,2026-01-09T15:55:35Z,2026-01-09T17:38:42Z,4,2026-01-09T15:35:50Z,2026-01-10T00:10:00Z,1,1,Wind damage,New,OUTAGE,Single Customer,HWL,NORMAL,42.65932,-84.203
NW26010902219,2026-01-09T15:55:35Z,2026-01-09T17:38:42Z,4,2026-01-09T15:37:40Z,2026-01-10T00:10:00Z,59,59,Wind damage,In Progres,OUTAGE,Device (I),PON,NORMAL,42.58459,-83.48432
NW26010902221,2026-01-09T15:55:35Z,2026-01-09T17:38:42Z,4,2026-01-09T15:39:36Z,2026-01-10T00:10:00Z,649,649,Wind damage,In Progres,OUTAGE,Device (II),PON,NORMAL,42.71307,-83.43108
NW26010902223,2026-01-09T15:55:35Z,2026-01-09T17:38:42Z,4,2026-01-09T15:39:46Z,2026-01-10T00:10:00Z,1,1,Wind damage,New,OUTAGE,Single Customer,HWL,NORMAL,42.52401,-83.76495
NW26010902252,2026-01-09T15:55:35Z,2026-01-09T17:38:42Z,4,2026-01-09T15:37:41Z,2026-01-10T00:10:00Z,24,24,Wind damage,New,OUTAGE,Device (I),PON,NORMAL,42.58926,-83.4858
NW26010902257,2026-01-09T15:55:35Z,2026-01-09T17:38:42Z,4,2026-01-09T15:32:12Z,2026-01-10T00:10:00Z,10,10,Wind damage,New,OUTAGE,Device (I),PON,NORMAL,42.80043,-83.45412
NW26010902264,2026-01-09T15:55:35Z,2026-01-09T15:55:35Z,1,2026-01-09T15:41:51Z,2026-01-10T00:10:00Z,1,1,Determined upon crew arrival,New,OUTAGE,Single Customer,HWL,NORMAL,42.44571,-83.87296
NW26010902272,2026-01-09T15:55:35Z,2026-01-09T17:38:42Z,4,2026-01-09T15:42:09Z,2026-01-10T00:10:00Z,1,1,Wind damage,New,OUTAGE,Single Customer,HWL,NORMAL,42.66628,-84.19836
NW26010902294,2026-01-09T15:55:35Z,2026-01-09T15:55:35Z,1,2026-01-09T15:35:00Z,,100,100,Determined upon crew arrival,New,OUTAGE,Device (II),PON,NORMAL,42.62581,-83.46023
NW26010902295,2026-01-09T15:55:35Z,2026-01-09T15:55:35Z,1,2026-01-09T15:37:41Z,,3,3,Determined upon crew arrival,New,OUTAGE,Service Transformer,PON,NORMAL,42.64351,-83.4689
NW26010902308,2026-01-09T15:55:35Z,2026-01-09T17:38:42Z,4,2026-01-09T15:42:15Z,2026-01-10T00:15:00Z,215,215,Wind damage,In Progres,OUTAGE,Device (II),PON,NORMAL,42.58015,-83.46776
NW26010902329,2026-01-09T15:55:35Z,2026-01-09T15:55:35Z,1,2026-01-09T15:24:28Z,,3,3,Determined upon crew arrival,New,OUTAGE,Service Transformer,PON,NORMAL,42.86642,-83.44764
NW26010902337,2026-01-09T15:55:35Z,2026-01-09T15:55:35Z,1,2026-01-09T15:43:40Z,,1,1,Determined upon crew arrival,New,OUTAGE,Single Customer,PON,NORMAL,42.57526,-83.46067
NW26010902346,2026-01-09T15:55:35Z,2026-01-09T15:55:35Z,1,2026-01-09T15:43:59Z,,4,4,Determined upon crew arrival,New,OUTAGE,Service Transformer,PON,NORMAL,42.57987,-83.46423
NW26010902347,2026-01-09T15:55:35Z,2026-01-09T17:38:42Z,4,2026-01-09T15:29:57Z,2026-01-10T00:15:00Z,1,1,Wind damage,New,OUTAGE,Single Customer,PON,NORMAL,42.72492,-83.42047
NW26010902355,2026-01-09T15:55:35Z,2026-01-09T15:55:35Z,1,2026-01-09T15:44:19Z,,1,1,Determined upon crew arrival,New,OUTAGE,Single Customer,PON,NORMAL,42.57539,-83.46426
NW26010902358,2026-01-09T15:55:35Z,2026-01-09T15:55:35Z,1,2026-01-09T15:44:27Z,,1,1,Determined upon crew arrival,New,OUTAGE,Single Customer,PON,NORMAL,42.58813,-83.4857
NW26010902359,2026-01-09T15:55:35Z,2026-01-09T16:31:09Z,2,2026-01-09T15:44:28Z,2026-01-10T00:15:00Z,1,1,Wind damage,In Progres,OUTAGE,Single Customer,HWL,NORMAL,42.54937,-83.67424
SE26010901754,2026-01-09T15:55:35Z,2026-01-09T16:31:09Z,2,2026-01-09T15:21:29Z,2026-01-09T23:50:00Z,1043,1043,Determined upon crew arrival,Pending,OUTAGE,Device (II),RFD,NORMAL,42.38347,-83.20712
SE26010901796,2026-01-09T15:55:35Z,2026-01-09T17:38:42Z,4,2026-01-09T15:22:40Z,2026-01-09T23:55:00Z,252,252,Determined upon crew arrival,In Progres,OUTAGE,Device (II),RFD,NORMAL,42.37505,-83.18041
SE26010901824,2026-01-09T15:55:35Z,2026-01-09T17:38:42Z,4,2026-01-09T15:26:05Z,2026-01-09T23:55:00Z,2,2,Wind damage,In Progres,OUTAGE,Service Secondary,RFD,NORMAL,42.50728,-83.2838
SE26010901885,2026-01-09T15:55:35Z,2026-01-09T17:38:42Z,4,2026-01-09T15:29:27Z,2026-01-10T00:00:00Z,2,2,Wind damage,New,OUTAGE,Service Secondary,RFD,NORMAL,42.40033,-83.21507
SE26010901896,2026-01-09T15:55:35Z,2026-01-09T17:38:42Z,4,2026-01-09T15:28:45Z,2026-01-10T00:00:00Z,182,182,Wind damage,In Progres,OUTAGE,Device (II),RFD,NORMAL,42.31554,-83.29352
SE26010901950,2026-01-09T15:55:35Z,2026-01-09T17:38:42Z,4,2026-01-09T15:32:07Z,2026-01-10T00:00:00Z,1,1,Wind damage,New,OUTAGE,Single Customer,RFD,NORMAL,42.37541,-83.19481
SE26010901954,2026-01-09T15:55:35Z,2026-01-09T17:38:42Z,4,2026-01-09T15:32:18Z,2026-01-10T00:05:00Z,431,431,Wind damage,In Progres,OUTAGE,Device (II),RFD,NORMAL,42.39106,-83.18177
SE26010902029,2026-01-09T15:55:35Z,2026-01-09T17:38:42Z,4,2026-01-09T15:29:45Z,2026-01-10T00:05:00Z,2,2,Wind damage,New,OUTAGE,Service Secondary,RFD,NORMAL,42.4036,-83.30991
SE26010902040,2026-01-09T15:55:35Z,2026-01-09T17:38:42Z,4,2026-01-09T15:35:00Z,2026-01-10T00:05:00Z,1,1,Wind damage,New,OUTAGE,Single Customer,RFD,NORMAL,42.37331,-83.19146
SE26010902097,2026-01-09T15:55:35Z,2026-01-09T17:38:42Z,4,2026-01-09T15:29:01Z,2026-01-10T00:05:00Z,1,1,Wind damage,New,OUTAGE,Single Customer,RFD,NORMAL,42.30835,-83.29027
SE26010902120,2026-01-09T15:55:35Z,2026-01-09T17:38:42Z,4,2026-01-09T15:01:05Z,2026-01-10T00:05:00Z,654,654,Wind damage,In Progres,OUTAGE,Circuit Level,RFD,NORMAL,42.50704,-83.28835
SE26010902144,2026-01-09T15:55:35Z,2026-01-09T17:38:42Z,4,2026-01-09T15:37:26Z,2026-01-10T00:05:00Z,1,1,Wind damage,New,SERVICE DOWN NO,,RFD,NORMAL,42.39252,-83.18669
SE26010902190,2026-01-09T15:55:35Z,2026-01-09T17:38:42Z,4,2026-01-09T15:38:35Z,2026-01-10T00:10:00Z,1,1,Wind damage,In Progres,OUTAGE,Single Customer,CAN,NORMAL,42.43284,-82.95536
SE26010902193,2026-01-09T15:55:35Z,2026-01-09T17:38:42Z,4,2026-01-09T15:31:45Z,2026-01-10T00:10:00Z,294,294,Wind damage,In Progres,OUTAGE,Device (II),RFD,NORMAL,42.4372,-83.18719
SE26010902220,2026-01-09T15:55:35Z,2026-01-09T17:38:42Z,4,2026-01-09T15:35:01Z,2026-01-10T00:10:00Z,53,53,Wind damage,New,OUTAGE,Device (I),RFD,NORMAL,42.43842,-83.25185
SE26010902238,2026-01-09T15:55:35Z,2026-01-09T17:38:42Z,4,2026-01-09T15:33:34Z,2026-01-10T00:10:00Z,12,12,Wind damage,In Progres,OUTAGE,Device (I),RFD,NORMAL,42.4755,-83.2655
SE26010902239,2026-01-09T15:55:35Z,2026-01-09T15:55:35Z,1,2026-01-09T15:40:41Z,2026-01-10T00:10:00Z,26,26,Wind damage,New,OUTAGE,Service Transformer,RFD,NORMAL,42.49716,-83.13025
SE26010902248,2026-01-09T15:55:35Z,2026-01-09T15:55:35Z,1,2026-01-09T15:41:15Z,2026-01-10T00:10:00Z,1,1,Determined upon crew arrival,New,OUTAGE,Single Customer,RFD,NORMAL,42.50715,-83.28675
SE26010902250,2026-01-09T15:55:35Z,2026-01-09T17:38:42Z,4,2026-01-09T15:39:09Z,2026-01-10T00:10:00Z,18,18,Wind damage,In Progres,OUTAGE,Service Transformer,RFD,NORMAL,42.53022,-83.21797
SE26010902255,2026-01-09T15:55:35Z,2026-01-09T17:38:42Z,4,2026-01-09T15:41:24Z,2026-01-10T00:10:00Z,1,1,Wind damage,New,OUTAGE,Single Customer,RFD,NORMAL,42.23853,-83.18506
SE26010902260,2026-01-09T15:55:35Z,2026-01-09T17:38:42Z,4,2026-01-09T15:34:28Z,2026-01-10T00:10:00Z,1,1,Wind damage,New,OUTAGE,Single Customer,RFD,NORMAL,42.40898,-83.16806
SE26010902268,2026-01-09T15:55:35Z,2026-01-09T15:55:35Z,1,2026-01-09T15:41:58Z,,2,2,Determined upon crew arrival,New,OUTAGE,Service Secondary,RFD,NORMAL,42.52976,-83.18981
SE26010902273,2026-01-09T15:55:35Z,2026-01-09T15:55:35Z,1,2026-01-09T15:42:13Z,,2,2,Determined upon crew arrival,New,OUTAGE,Service Secondary,RFD,NORMAL,42.53157,-83.19425
SE26010902277,2026-01-09T15:55:35Z,2026-01-09T16:31:09Z,2,2026-01-09T15:42:18Z,2026-01-10T00:10:00Z,1,1,Wind damage,New,OUTAGE,Single Customer,RFD,NORMAL,42.52824,-83.18441
SE26010902281,2026-01-09T15:55:35Z,2026-01-09T17:38:42Z,4,2026-01-09T15:42:27Z,2026-01-10T00:15:00Z,526,526,Wind damage,New,OUTAGE,Device (II),RFD,NORMAL,42.31466,-83.26034
SE26010902288,2026-01-09T15:55:35Z,2026-01-09T17:38:42Z,4,2026-01-09T15:42:37Z,2026-01-10T00:15:00Z,1,1,Wind damage,In Progres,OUTAGE,Single Customer,RFD,NORMAL,42.53,-83.18446
SE26010902289,2026-01-09T15:55:35Z,2026-01-09T16:31:09Z,2,2026-01-09T15:36:02Z,2026-01-10T00:15:00Z,1,1,Wind damage,New,OUTAGE,Single Customer,RFD,NORMAL,42.4904,-83.22101
SE26010902293,2026-01-09T15:55:35Z,2026-01-09T17:38:42Z,4,2026-01-09T15:42:44Z,2026-01-10T00:15:00Z,1,1,Wind damage,In Progres,OUTAGE,Single Customer,RFD,NORMAL,42.53174,-83.19815
SE26010902298,2026-01-09T15:55:35Z,2026-01-09T15:55:35Z,1,2026-01-09T15:42:46Z,,1,1,Determined upon crew arrival,New,OUTAGE,Single Customer,RFD,NORMAL,42.52792,-83.19476
SE26010902303,2026-01-09T15:55:35Z,2026-01-09T15:55:35Z,1,2026-01-09T15:42:53Z,,2,2,Determined upon crew arrival,New,OUTAGE,Service Secondary,RFD,NORMAL,42.52975,-83.19079
SE26010902312,2026-01-09T15:55:35Z,2026-01-09T15:55:35Z,1,2026-01-09T15:43:11Z,,2,2,Determined upon crew arrival,New,OUTAGE,Service Secondary,RFD,NORMAL,42.53009,-83.19414
SE26010902314,2026-01-09T15:55:35Z,2026-01-09T15:55:35Z,1,2026-01-09T15:43:13Z,,1,1,Determined upon crew arrival,New,OUTAGE,Single Customer,RFD,NORMAL,42.30997,-83.26612
SE26010902315,2026-01-09T15:55:35Z,2026-01-09T17:38:42Z,4,2026-01-09T15:40:52Z,2026-01-10T00:15:00Z,2,2,Wind damage,New,OUTAGE,Service Transformer,RFD,NORMAL,42.40675,-83.14903
SE26010902318,2026-01-09T15:55:35Z,2026-01-09T15:55:35Z,1,2026-01-09T15:43:18Z,,1,1,Determined upon crew arrival,New,OUTAGE,Single Customer,RFD,NORMAL,42.5316,-83.18996
SE26010902319,2026-01-09T15:55:35Z,2026-01-09T17:38:42Z,4,2026-01-09T15:40:48Z,2026-01-10T00:15:00Z,23,23,Wind damage,In Progres,OUTAGE,Service Transformer,RFD,NORMAL,42.40896,-83.1491
SE26010902321,2026-01-09T15:55:35Z,2026-01-09T17:38:42Z,4,2026-01-09T15:41:15Z,2026-01-10T00:15:00Z,122,122,Wind damage,In Progres,OUTAGE,Device (II),RFD,NORMAL,42.53092,-83.19582
SE26010902327,2026-01-09T15:55:35Z,2026-01-09T15:55:35Z,1,2026-01-09T15:43:26Z,,1,1,Determined upon crew arrival,New,OUTAGE,Single Customer,RFD,NORMAL,42.52766,-83.1945
SE26010902334,2026-01-09T15:55:35Z,2026-01-09T15:55:35Z,1,2026-01-09T15:43:37Z,,1,1,Determined upon crew arrival,New,OUTAGE,Single Customer,RFD,NORMAL,42.52943,-83.19642
SE26010902335,2026-01-09T15:55:35Z,2026-01-09T15:55:35Z,1,2026-01-09T15:43:40Z,,1,1,Determined upon crew arrival,New,OUTAGE,Single Customer,RFD,NORMAL,42.5292,-83.19561
SE26010902340,2026-01-09T15:55:35Z,2026-01-09T15:55:35Z,1,2026-01-09T15:43:46Z,,2,2,Determined upon crew arrival,New,OUTAGE,Service Secondary,RFD,NORMAL,42.25716,-83.22568
SE26010902341,2026-01-09T15:55:35Z,2026-01-09T15:55:35Z,1,2026-01-09T15:43:45Z,,1,1,Determined upon crew arrival,New,OUTAGE,Single Customer,RFD,NORMAL,42.25704,-83.22665
SE26010902342,2026-01-09T15:55:35Z,2026-01-09T17:38:42Z,4,2026-01-09T15:43:48Z,2026-01-09T20:15:00Z,2,2,Wind damage,New,OUTAGE,Service Secondary,RFD,NORMAL,42.34188,-83.27473
SE26010902350,2026-01-09T15:55:35Z,2026-01-09T17:38:42Z,4,2026-01-09T15:44:10Z,2026-01-10T00:15:00Z,1,1,Wind damage,In Progres,OUTAGE,Single Customer,RFD,NORMAL,42.42385,-83.25255
SE26010902351,2026-01-09T15:55:35Z,2026-01-09T15:55:35Z,1,2026-01-09T15:44:09Z,,1,1,Determined upon crew arrival,New,OUTAGE,Single Customer,CAN,NORMAL,42.3357,-83.11048
SE26010902354,2026-01-09T15:55:35Z,2026-01-09T15:55:35Z,1,2026-01-09T15:44:16Z,,1,1,Determined upon crew arrival,New,OUTAGE,Single Customer,RFD,NORMAL,42.53148,-83.18625
SE26010902362,2026-01-09T15:55:35Z,2026-01-09T17:38:42Z,4,2026-01-09T15:40:47Z,2026-01-10T00:15:00Z,16,16,Wind damage,In Progres,OUTAGE,Service Transformer,RFD,NORMAL,42.40704,-83.14904
SE26010902363,2026-01-09T15:55:35Z,2026-01-09T15:55:35Z,1,2026-01-09T15:28:53Z,,1,1,Determined upon crew arrival,New,OUTAGE,Single Customer,RFD,NORMAL,42.35167,-83.13655
SE26010902367,2026-01-09T15:55:35Z,2026-01-09T17:38:42Z,4,2026-01-09T15:44:41Z,2026-01-10T00:15:00Z,18,18,Wind damage,In Progres,OUTAGE,Service Transformer,RFD,NORMAL,42.53214,-83.18884
SE26010902368,2026-01-09T15:55:35Z,2026-01-09T17:38:42Z,4,2026-01-09T15:40:37Z,2026-01-10T00:15:00Z,26,26,Wind damage,New,OUTAGE,Service Transformer,RFD,NORMAL,42.42519,-83.14598
SE26010902370,2026-01-09T15:55:35Z,2026-01-09T15:55:35Z,1,2026-01-09T15:44:47Z,,1,1,Determined upon crew arrival,New,OUTAGE,Single Customer,CAN,NORMAL,42.33998,-83.11512
SE26010902372,2026-01-09T15:55:35Z,2026-01-09T17:38:42Z,4,2026-01-09T15:44:39Z,2026-01-09T20:15:00Z,2138,2138,Wind damage,In Progres,OUTAGE,Circuit Level,RFD,NORMAL,42.20538,-83.21367
SE26010902373,2026-01-09T15:55:35Z,2026-01-09T15:55:35Z,1,2026-01-09T15:44:41Z,,915,915,Determined upon crew arrival,New,OUTAGE,Device (II),RFD,NORMAL,42.45208,-83.09911
SW26010901574,2026-01-09T15:55:35Z,2026-01-09T17:38:42Z,4,2026-01-09T15:15:07Z,2026-01-09T23:45:00Z,1,1,Wind damage,New,OUTAGE,Single Customer,ANN,NORMAL,42.40508,-83.90431
SW26010901616,2026-01-09T15:55:35Z,2026-01-09T17:38:42Z,4,2026-01-09T15:08:15Z,2026-01-09T23:45:00Z,88,88,Wind damage,In Progres,OUTAGE,Device (II),ANN,NORMAL,42.09348,-83.73292
SW26010901691,2026-01-09T15:55:35Z,2026-01-09T15:55:35Z,1,2026-01-09T15:19:00Z,2026-01-09T23:50:00Z,7,7,Wind damage,New,OUTAGE,Device (I),ANN,NORMAL,42.08271,-83.71581
SW26010901729,2026-01-09T15:55:35Z,2026-01-09T17:38:42Z,4,2026-01-09T15:19:20Z,2026-01-09T23:50:00Z,111,111,Wind damage,In Progres,OUTAGE,Device (II),WWS,NORMAL,42.2158,-83.49116
SW26010901734,2026-01-09T15:55:35Z,2026-01-09T17:38:42Z,4,2026-01-09T15:19:45Z,2026-01-09T23:50:00Z,21,21,Wind damage,In Progres,OUTAGE,Device (I),ANN,NORMAL,42.16126,-83.67593
SW26010901773,2026-01-09T15:55:35Z,2026-01-09T17:38:42Z,4,2026-01-09T15:22:03Z,2026-01-09T23:50:00Z,1,1,Wind damage,New,OUTAGE,Single Customer,ANN,NORMAL,42.16206,-83.67408
SW26010901801,2026-01-09T15:55:35Z,2026-01-09T15:55:35Z,1,2026-01-09T15:23:19Z,2026-01-09T23:55:00Z,1,1,Wind damage,New,OUTAGE,Single Customer,NPT,NORMAL,42.07604,-83.72802
SW26010901807,2026-01-09T15:55:35Z,2026-01-09T15:55:35Z,1,2026-01-09T15:23:52Z,2026-01-09T23:55:00Z,1,1,Wind damage,New,OUTAGE,Single Customer,ANN,NORMAL,42.09045,-83.71626
SW26010901820,2026-01-09T15:55:35Z,2026-01-09T17:38:42Z,4,2026-01-09T15:25:45Z,2026-01-09T23:55:00Z,2,2,Wind damage,New,OUTAGE,Service Transformer,ANN,NORMAL,42.16146,-83.67522
SW26010901832,2026-01-09T15:55:35Z,2026-01-09T17:38:42Z,4,2026-01-09T15:19:09Z,2026-01-09T23:55:00Z,44,44,Wind damage,In Progres,OUTAGE,Device (II),ANN,NORMAL,42.17056,-83.55497
SW26010901833,2026-01-09T15:55:35Z,2026-01-09T15:55:35Z,1,2026-01-09T15:26:55Z,2026-01-09T23:55:00Z,1,1,Wind damage,New,OUTAGE,Single Customer,ANN,NORMAL,42.08857,-83.73568
SW26010901841,2026-01-09T15:55:35Z,2026-01-09T17:38:42Z,4,2026-01-09T15:27:39Z,2026-01-10T00:00:00Z,1,1,Wind damage,New,OUTAGE,Single Customer,ANN,NORMAL,42.26534,-83.72546
SW26010901842,2026-01-09T15:55:35Z,2026-01-09T17:38:42Z,4,2026-01-09T15:25:18Z,2026-01-10T00:00:00Z,32,32,Wind damage,In Progres,OUTAGE,Device (I),ANN,NORMAL,42.16736,-83.72088
SW26010901856,2026-01-09T15:55:35Z,2026-01-09T17:38:42Z,4,2026-01-09T15:22:45Z,2026-01-10T00:00:00Z,4,4,Wind damage,In Progres,OUTAGE,Service Transformer,NPT,NORMAL,42.07842,-83.61732
SW26010901887,2026-01-09T15:55:35Z,2026-01-09T17:38:42Z,4,2026-01-09T15:19:49Z,2026-01-10T00:00:00Z,2,2,Wind damage,New,OUTAGE,Service Transformer,ANN,NORMAL,42.15929,-83.6739
SW26010901898,2026-01-09T15:55:35Z,2026-01-09T17:38:42Z,4,2026-01-09T15:28:18Z,2026-01-10T00:00:00Z,3,3,Wind damage,In Progres,OUTAGE,Service Transformer,WWS,NORMAL,42.16459,-83.48143
SW26010901912,2026-01-09T15:55:35Z,2026-01-09T17:38:42Z,4,2026-01-09T15:30:21Z,2026-01-09T20:00:00Z,178,178,Wind damage,New,OUTAGE,Device (II),WWS,NORMAL,42.17756,-83.46136
SW26010901929,2026-01-09T15:55:35Z,2026-01-09T16:31:09Z,2,2026-01-09T15:31:06Z,2026-01-10T00:00:00Z,4,4,Wind damage,New,OUTAGE,Service Transformer,WWS,NORMAL,42.18086,-83.46278
SW26010901932,2026-01-09T15:55:35Z,2026-01-09T16:31:09Z,2,2026-01-09T15:31:26Z,2026-01-10T00:00:00Z,3,3,Wind damage,New,OUTAGE,Service Transformer,WWS,NORMAL,42.17545,-83.45754
SW26010901948,2026-01-09T15:55:35Z,2026-01-09T17:38:42Z,4,2026-01-09T15:27:47Z,2026-01-10T00:00:00Z,210,210,Wind damage,New,OUTAGE,Device (II),WWS,NORMAL,42.17268,-83.4132
SW26010901949,2026-01-09T15:55:35Z,2026-01-09T16:31:09Z,2,2026-01-09T15:32:11Z,2026-01-10T00:00:00Z,2,2,Wind damage,New,OUTAGE,Service Secondary,WWS,NORMAL,42.18013,-83.46957
SW26010901953,2026-01-09T15:55:35Z,2026-01-09T17:38:42Z,4,2026-01-09T15:32:21Z,2026-01-09T20:00:00Z,199,199,Wind damage,In Progres,OUTAGE,Device (II),WWS,NORMAL,42.19987,-83.41621
SW26010901957,2026-01-09T15:55:35Z,2026-01-09T15:55:35Z,1,2026-01-09T15:32:40Z,2026-01-10T00:05:00Z,20,20,Wind damage,In Progres,OUTAGE,Service Transformer,WWS,NORMAL,42.1997,-83.42265
SW26010901962,2026-01-09T15:55:35Z,2026-01-09T17:38:42Z,4,2026-01-09T15:30:52Z,2026-01-10T00:05:00Z,202,202,Wind damage,In Progres,OUTAGE,Device (I),WWS,NORMAL,42.25861,-83.26513
SW26010901966,2026-01-09T15:55:35Z,2026-01-09T15:55:35Z,1,2026-01-09T15:33:05Z,2026-01-10T00:05:00Z,1,1,Wind damage,New,OUTAGE,Single Customer,ANN,NORMAL,42.24118,-83.67626
SW26010901968,2026-01-09T15:55:35Z,2026-01-09T15:55:35Z,1,2026-01-09T15:33:09Z,2026-01-10T00:05:00Z,14,14,Wind damage,New,OUTAGE,Service Transformer,WWS,NORMAL,42.19975,-83.42018
SW26010901974,2026-01-09T15:55:35Z,2026-01-09T17:38:42Z,4,2026-01-09T15:33:32Z,2026-01-10T00:05:00Z,1,1,Wind damage,In Progres,SERVICE DOWN NO,,ANN,NORMAL,42.1652,-83.71898
SW26010901976,2026-01-09T15:55:35Z,2026-01-09T16:31:09Z,2,2026-01-09T15:33:14Z,2026-01-10T00:05:00Z,1,1,Wind damage,New,OUTAGE,Single Customer,WWS,NORMAL,42.18044,-83.46135
SW26010901979,2026-01-09T15:55:35Z,2026-01-09T16:31:09Z,2,2026-01-09T15:33:17Z,2026-01-10T00:05:00Z,2,2,Wind damage,New,OUTAGE,Service Transformer,WWS,NORMAL,42.17001,-83.45879
SW26010901997,2026-01-09T15:55:35Z,2026-01-09T15:55:35Z,1,2026-01-09T15:33:58Z,2026-01-10T00:05:00Z,1,1,Wind damage,New,OUTAGE,Single Customer,WWS,NORMAL,42.18767,-83.41399
SW26010902011,2026-01-09T15:55:35Z,2026-01-09T15:55:35Z,1,2026-01-09T15:34:21Z,2026-01-10T00:05:00Z,2,2,Wind damage,New,OUTAGE,Service Secondary,WWS,NORMAL,42.2016,-83.41626
SW26010902015,2026-01-09T15:55:35Z,2026-01-09T17:38:42Z,4,2026-01-09T15:33:10Z,2026-01-10T00:05:00Z,13,13,Wind damage,In Progres,OUTAGE,Service Transformer,ANN,NORMAL,42.28625,-83.78459
SW26010902022,2026-01-09T15:55:35Z,2026-01-09T16:31:09Z,2,2026-01-09T15:34:43Z,2026-01-10T00:05:00Z,1,1,Wind damage,New,OUTAGE,Single Customer,WWS,NORMAL,42.1794,-83.4626
SW26010902024,2026-01-09T15:55:35Z,2026-01-09T15:55:35Z,1,2026-01-09T15:34:45Z,2026-01-10T00:05:00Z,2,2,Wind damage,New,OUTAGE,Service Secondary,WWS,NORMAL,42.20743,-83.42318
SW26010902033,2026-01-09T15:55:35Z,2026-01-09T16:31:09Z,2,2026-01-09T15:34:52Z,2026-01-10T00:05:00Z,4,4,Wind damage,New,OUTAGE,Service Transformer,WWS,NORMAL,42.17539,-83.46326
SW26010902034,2026-01-09T15:55:35Z,2026-01-09T15:55:35Z,1,2026-01-09T15:34:52Z,2026-01-10T00:05:00Z,1,1,Wind damage,New,OUTAGE,Single Customer,ANN,NORMAL,42.23204,-83.64762
SW26010902042,2026-01-09T15:55:35Z,2026-01-09T15:55:35Z,1,2026-01-09T15:35:01Z,2026-01-10T00:05:00Z,1,1,Wind damage,New,OUTAGE,Single Customer,WWS,NORMAL,42.2077,-83.41663
SW26010902043,2026-01-09T15:55:35Z,2026-01-09T15:55:35Z,1,2026-01-09T15:35:05Z,2026-01-10T00:05:00Z,2,2,Wind damage,New,OUTAGE,Service Secondary,WWS,NORMAL,42.25863,-83.26405
SW26010902056,2026-01-09T15:55:35Z,2026-01-09T17:38:42Z,4,2026-01-09T15:33:45Z,2026-01-10T00:05:00Z,394,394,Wind damage,In Progres,OUTAGE,Device (II),WWS,NORMAL,42.20954,-83.47262
SW26010902092,2026-01-09T15:55:35Z,2026-01-09T17:38:42Z,4,2026-01-09T15:36:16Z,2026-01-10T00:05:00Z,1,1,Wind damage,New,OUTAGE,Single Customer,ANN,NORMAL,42.16056,-83.6729
SW26010902095,2026-01-09T15:55:35Z,2026-01-09T15:55:35Z,1,2026-01-09T15:36:21Z,2026-01-10T00:05:00Z,1,1,Wind damage,New,OUTAGE,Single Customer,WWS,NORMAL,42.20317,-83.41485
SW26010902096,2026-01-09T15:55:35Z,2026-01-09T17:38:42Z,4,2026-01-09T15:36:16Z,2026-01-10T00:05:00Z,5034,167,Wind damage,In Progres,OUTAGE,Subtransmission,NPT,NORMAL,42.15296,-83.32031
SW26010902106,2026-01-09T15:55:35Z,2026-01-09T15:55:35Z,1,2026-01-09T15:36:43Z,2026-01-10T00:05:00Z,1,1,Wind damage,New,OUTAGE,Single Customer,WWS,NORMAL,42.20531,-83.41283
SW26010902112,2026-01-09T15:55:35Z,2026-01-09T15:55:35Z,1,2026-01-09T15:36:49Z,2026-01-10T00:05:00Z,7,7,Wind damage,New,OUTAGE,Service Transformer,WWS,NORMAL,42.18717,-83.41448
SW26010902121,2026-01-09T15:55:35Z,2026-01-09T15:55:35Z,1,2026-01-09T15:36:58Z,2026-01-10T00:05:00Z,2,2,Wind damage,New,OUTAGE,Service Secondary,WWS,NORMAL,42.18933,-83.41441
SW26010902128,2026-01-09T15:55:35Z,2026-01-09T15:55:35Z,1,2026-01-09T15:37:02Z,2026-01-10T00:05:00Z,1,1,Wind damage,New,OUTAGE,Single Customer,ANN,NORMAL,42.24014,-83.67783
SW26010902138,2026-01-09T15:55:35Z,2026-01-09T16:31:09Z,2,2026-01-09T15:37:08Z,2026-01-10T00:05:00Z,1,1,Wind damage,New,OUTAGE,Single Customer,WWS,NORMAL,42.18003,-83.45532
SW26010902142,2026-01-09T15:55:35Z,2026-01-09T16:31:09Z,2,2026-01-09T15:37:20Z,2026-01-10T00:05:00Z,1,1,Wind damage,New,OUTAGE,Single Customer,WWS,NORMAL,42.17087,-83.46069
SW26010902143,2026-01-09T15:55:35Z,2026-01-09T16:31:09Z,2,2026-01-09T15:37:20Z,2026-01-10T00:05:00Z,10,10,Wind damage,New,OUTAGE,Service Transformer,WWS,NORMAL,42.18017,-83.4661
SW26010902151,2026-01-09T15:55:35Z,2026-01-09T15:55:35Z,1,2026-01-09T15:37:29Z,2026-01-10T00:10:00Z,1,1,Wind damage,New,OUTAGE,Single Customer,WWS,NORMAL,42.21099,-83.467
SW26010902156,2026-01-09T15:55:35Z,2026-01-09T15:55:35Z,1,2026-01-09T15:37:34Z,2026-01-10T00:10:00Z,1,1,Wind damage,New,OUTAGE,Single Customer,WWS,NORMAL,42.43095,-83.43308
SW26010902166,2026-01-09T15:55:35Z,2026-01-09T15:55:35Z,1,2026-01-09T15:37:54Z,2026-01-10T00:10:00Z,1,1,Wind damage,New,OUTAGE,Single Customer,WWS,NORMAL,42.20057,-83.41479
SW26010902169,2026-01-09T15:55:35Z,2026-01-09T17:38:42Z,4,2026-01-09T15:37:58Z,2026-01-10T00:10:00Z,1,1,Wind damage,New,OUTAGE,Single Customer,ANN,NORMAL,42.16397,-83.64913
SW26010902174,2026-01-09T15:55:35Z,2026-01-09T17:38:42Z,4,2026-01-09T15:37:59Z,2026-01-10T00:10:00Z,254,254,Wind damage,Pending,OUTAGE,Device (II),WWS,NORMAL,42.29607,-83.29416
SW26010902188,2026-01-09T15:55:35Z,2026-01-09T17:38:42Z,4,2026-01-09T15:34:06Z,2026-01-10T00:10:00Z,19,19,Wind damage,New,OUTAGE,Service Transformer,WWS,NORMAL,42.20577,-83.47869
SW26010902189,2026-01-09T15:55:35Z,2026-01-09T15:55:35Z,1,2026-01-09T15:38:33Z,2026-01-10T00:10:00Z,1,1,Wind damage,New,OUTAGE,Single Customer,WWS,NORMAL,42.19873,-83.41485
SW26010902195,2026-01-09T15:55:35Z,2026-01-09T17:38:42Z,4,2026-01-09T15:38:56Z,2026-01-09T20:10:00Z,1,1,Determined upon crew arrival,New,PRIORITY,,WWS,NORMAL,42.22562,-83.27217
SW26010902203,2026-01-09T15:55:35Z,2026-01-09T17:38:42Z,4,2026-01-09T15:38:50Z,2026-01-10T00:10:00Z,1,1,Wind damage,In Progres,OUTAGE,Single Customer,WWS,NORMAL,42.28605,-83.40397
SW26010902208,2026-01-09T15:55:35Z,2026-01-09T17:00:59Z,3,2026-01-09T15:39:16Z,2026-01-10T00:10:00Z,10,10,Wind damage,In Progres,OUTAGE,Service Transformer,WWS,NORMAL,42.28936,-83.39932
SW26010902212,2026-01-09T15:55:35Z,2026-01-09T15:55:35Z,1,2026-01-09T15:39:25Z,2026-01-10T00:10:00Z,1,1,Wind damage,New,OUTAGE,Single Customer,WWS,NORMAL,42.20092,-83.42165
SW26010902225,2026-01-09T15:55:35Z,2026-01-09T16:31:09Z,2,2026-01-09T15:39:57Z,2026-01-10T00:10:00Z,2,2,Wind damage,New,OUTAGE,Service Secondary,WWS,NORMAL,42.178,-83.45912
SW26010902228,2026-01-09T15:55:35Z,2026-01-09T15:55:35Z,1,2026-01-09T15:35:48Z,2026-01-10T00:10:00Z,1,1,Wind damage,New,OUTAGE,Single Customer,NPT,NORMAL,42.07612,-83.72306
SW26010902232,2026-01-09T15:55:35Z,2026-01-09T17:38:42Z,4,2026-01-09T15:40:12Z,2026-01-10T00:10:00Z,1,1,Wind damage,New,OUTAGE,Single Customer,WWS,NORMAL,42.24679,-83.50337
SW26010902234,2026-01-09T15:55:35Z,2026-01-09T16:31:09Z,2,2026-01-09T15:40:16Z,2026-01-10T00:10:00Z,2,2,Wind damage,New,OUTAGE,Service Secondary,WWS,NORMAL,42.1812,-83.46467
SW26010902235,2026-01-09T15:55:35Z,2026-01-09T16:31:09Z,2,2026-01-09T15:40:22Z,2026-01-10T00:10:00Z,1,1,Wind damage,New,OUTAGE,Single Customer,WWS,NORMAL,42.18116,-83.46761
SW26010902237,2026-01-09T15:55:35Z,2026-01-09T15:55:35Z,1,2026-01-09T15:40:27Z,2026-01-10T00:10:00Z,1,1,Wind damage,New,OUTAGE,Single Customer,WWS,NORMAL,42.19812,-83.41447
SW26010902240,2026-01-09T15:55:35Z,2026-01-09T17:38:42Z,4,2026-01-09T15:32:36Z,2026-01-10T00:10:00Z,46,46,Wind damage,In Progres,OUTAGE,Device (I),ANN,NORMAL,42.21703,-83.66854
SW26010902241,2026-01-09T15:55:35Z,2026-01-09T17:38:42Z,4,2026-01-09T15:36:22Z,2026-01-10T00:10:00Z,10,10,Wind damage,In Progres,OUTAGE,Service Transformer,WWS,NORMAL,42.29026,-83.39962
SW26010902245,2026-01-09T15:55:35Z,2026-01-09T17:38:42Z,4,2026-01-09T15:41:12Z,2026-01-10T00:10:00Z,1,1,Wind damage,New,SERVICE DOWN NO,,WWS,NORMAL,42.19926,-83.42352
SW26010902251,2026-01-09T15:55:35Z,2026-01-09T15:55:35Z,1,2026-01-09T15:41:18Z,2026-01-10T00:10:00Z,1,1,Determined upon crew arrival,New,OUTAGE,Single Customer,ANN,NORMAL,42.08957,-83.71477
SW26010902254,2026-01-09T15:55:35Z,2026-01-09T17:00:59Z,3,2026-01-09T15:41:26Z,2026-01-10T00:10:00Z,1,1,Wind damage,New,OUTAGE,Single Customer,WWS,NORMAL,42.23215,-83.28618
SW26010902256,2026-01-09T15:55:35Z,2026-01-09T17:38:42Z,4,2026-01-09T15:41:34Z,2026-01-10T00:10:00Z,1,1,Wind damage,In Progres,OUTAGE,Single Customer,WWS,NORMAL,42.26192,-83.26518
SW26010902265,2026-01-09T15:55:35Z,2026-01-09T17:38:42Z,4,2026-01-09T15:41:49Z,2026-01-10T00:10:00Z,1,1,Wind damage,New,OUTAGE,Single Customer,ANN,NORMAL,42.16012,-83.67403
SW26010902267,2026-01-09T15:55:35Z,2026-01-09T16:31:09Z,2,2026-01-09T15:41:54Z,2026-01-10T00:10:00Z,1,1,Wind damage,New,OUTAGE,Single Customer,WWS,NORMAL,42.17666,-83.45097
SW26010902287,2026-01-09T15:55:35Z,2026-01-09T17:38:42Z,4,2026-01-09T15:33:15Z,2026-01-10T00:15:00Z,1,1,Wind damage,New,OUTAGE,Single Customer,ANN,NORMAL,42.28698,-83.78322
SW26010902291,2026-01-09T15:55:35Z,2026-01-09T16:31:09Z,2,2026-01-09T15:42:40Z,2026-01-10T00:15:00Z,1,1,Wind damage,New,OUTAGE,Single Customer,WWS,NORMAL,42.18182,-83.4618
SW26010902296,2026-01-09T15:55:35Z,2026-01-09T15:55:35Z,1,2026-01-09T15:42:42Z,,1,1,Determined upon crew arrival,New,OUTAGE,Single Customer,WWS,NORMAL,42.19018,-83.4135
SW26010902302,2026-01-09T15:55:35Z,2026-01-09T15:55:35Z,1,2026-01-09T15:42:56Z,,1,1,Determined upon crew arrival,New,OUTAGE,Single Customer,WWS,NORMAL,42.2001,-83.41867
SW26010902305,2026-01-09T15:55:35Z,2026-01-09T15:55:35Z,1,2026-01-09T15:42:53Z,,1,1,Determined upon crew arrival,New,OUTAGE,Single Customer,WWS,NORMAL,42.23051,-83.28119
SW26010902326,2026-01-09T15:55:35Z,2026-01-09T16:31:09Z,2,2026-01-09T15:43:25Z,2026-01-10T00:15:00Z,1,1,Wind damage,New,OUTAGE,Single Customer,WWS,NORMAL,42.18112,-83.47056
SW26010902333,2026-01-09T15:55:35Z,2026-01-09T15:55:35Z,1,2026-01-09T15:43:34Z,,1,1,Determined upon crew arrival,New,OUTAGE,Single Customer,ANN,NORMAL,42.09008,-83.71979
SW26010902345,2026-01-09T15:55:35Z,2026-01-09T16:31:09Z,2,2026-01-09T15:44:03Z,2026-01-10T00:15:00Z,1,1,Wind damage,New,OUTAGE,Single Customer,WWS,NORMAL,42.17548,-83.45377
SW26010902369,2026-01-09T15:55:35Z,2026-01-09T15:55:35Z,1,2026-01-09T15:44:44Z,,1,1,Determined upon crew arrival,New,OUTAGE,Single Customer,NPT,NORMAL,42.07598,-83.72991
NA26010903028,2026-01-09T16:31:09Z,2026-01-09T17:38:42Z,3,2026-01-09T15:56:56Z,2026-01-09T20:25:00Z,1,1,Wind damage,New,OUTAGE,Single Customer,TNA_S,NORMAL,42.82509,-83.40817
NE26010902633,2026-01-09T16:31:09Z,2026-01-09T17:38:42Z,3,2026-01-09T15:48:29Z,2026-01-10T00:20:00Z,8,8,Wind damage,In Progres,OUTAGE,Service Transformer,MTC,NORMAL,42.47975,-83.04456
NE26010902849,2026-01-09T16:31:09Z,2026-01-09T16:31:09Z,1,2026-01-09T15:53:36Z,2026-01-10T00:25:00Z,1,1,Wind damage,New,OUTAGE,Single Customer,LAP,NORMAL,42.94913,-83.04968
NE26010902854,2026-01-09T16:31:09Z,2026-01-09T17:38:42Z,3,2026-01-09T15:50:30Z,2026-01-10T00:25:00Z,110,110,Wind damage,In Progres,OUTAGE,Device (II),MTC,NORMAL,42.50961,-83.01096
NE26010902872,2026-01-09T16:31:09Z,2026-01-09T17:38:42Z,3,2026-01-09T15:49:53Z,2026-01-10T00:25:00Z,9,9,Wind damage,In Progres,OUTAGE,Service Transformer,MTC,NORMAL,42.49009,-83.04276
NE26010902948,2026-01-09T16:31:09Z,2026-01-09T17:38:42Z,3,2026-01-09T15:48:29Z,2026-01-10T00:25:00Z,8,8,Wind damage,In Progres,OUTAGE,Service Transformer,MTC,NORMAL,42.4787,-83.04323
NE26010903041,2026-01-09T16:31:09Z,2026-01-09T17:38:42Z,3,2026-01-09T15:54:30Z,2026-01-10T00:25:00Z,121,121,Wind damage,In Progres,OUTAGE,Device (II),MTC,NORMAL,42.54039,-82.95548
NE26010903112,2026-01-09T16:31:09Z,2026-01-09T17:38:42Z,3,2026-01-09T15:57:15Z,2026-01-10T00:30:00Z,669,669,Wind damage,In Progres,OUTAGE,Device (II),MTC,NORMAL,42.51782,-83.02067
NE26010903134,2026-01-09T16:31:09Z,2026-01-09T17:38:42Z,3,2026-01-09T15:58:59Z,2026-01-10T00:30:00Z,1,1,Wind damage,New,OUTAGE,Single Customer,MTC,NORMAL,42.46163,-83.00585
NE26010903176,2026-01-09T16:31:09Z,2026-01-09T17:38:42Z,3,2026-01-09T15:49:48Z,2026-01-10T00:30:00Z,1709,1709,Wind damage,In Progres,OUTAGE,Circuit Level,MTC,NORMAL,42.45423,-83.02466
NE26010903223,2026-01-09T16:31:09Z,2026-01-09T17:38:42Z,3,2026-01-09T16:00:45Z,2026-01-10T00:30:00Z,1,1,Wind damage,In Progres,OUTAGE,Single Customer,NAE,NORMAL,43.65669,-83.24311
NE26010903239,2026-01-09T16:31:09Z,2026-01-09T16:31:09Z,1,2026-01-09T15:58:47Z,2026-01-10T00:30:00Z,172,172,Wind damage,New,OUTAGE,Device (II),MTC,NORMAL,42.4743,-83.03357
NE26010903266,2026-01-09T16:31:09Z,2026-01-09T16:31:09Z,1,2026-01-09T16:01:06Z,2026-01-10T00:30:00Z,1,1,Wind damage,New,OUTAGE,Single Customer,LAP,NORMAL,42.89694,-83.08268
NE26010903275,2026-01-09T16:31:09Z,2026-01-09T17:38:42Z,3,2026-01-09T16:01:25Z,2026-01-10T00:30:00Z,1,1,Wind damage,In Progres,SERVICE DOWN NO,,MTC,NORMAL,42.54106,-82.95567
NE26010903298,2026-01-09T16:31:09Z,2026-01-09T17:38:42Z,3,2026-01-09T16:01:30Z,2026-01-09T20:30:00Z,2329,2329,Wind damage,In Progres,OUTAGE,Circuit Level,MTC,NORMAL,42.51589,-82.98062
NE26010903318,2026-01-09T16:31:09Z,2026-01-09T17:38:42Z,3,2026-01-09T16:01:37Z,2026-01-10T00:30:00Z,1,1,Wind damage,New,OUTAGE,Single Customer,MTC,NORMAL,42.51223,-82.99978
NE26010903320,2026-01-09T16:31:09Z,2026-01-09T17:38:42Z,3,2026-01-09T15:54:27Z,2026-01-10T00:30:00Z,1,1,Wind damage,New,OUTAGE,Single Customer,MTC,NORMAL,42.46466,-83.01106
NE26010903357,2026-01-09T16:31:09Z,2026-01-09T16:31:09Z,1,2026-01-09T16:02:00Z,2026-01-10T00:30:00Z,1,1,Wind damage,New,OUTAGE,Single Customer,MTC,NORMAL,42.46371,-83.03465
NE26010903468,2026-01-09T16:31:09Z,2026-01-09T16:31:09Z,1,2026-01-09T15:58:49Z,2026-01-10T00:35:00Z,105,105,Wind damage,New,OUTAGE,Service Transformer,MTC,NORMAL,42.47591,-83.03507
NE26010903469,2026-01-09T16:31:09Z,2026-01-09T16:31:09Z,1,2026-01-09T16:03:03Z,2026-01-10T00:35:00Z,1,1,Wind damage,New,OUTAGE,Single Customer,MTC,NORMAL,42.46598,-83.035
NE26010903473,2026-01-09T16:31:09Z,2026-01-09T17:38:42Z,3,2026-01-09T15:58:50Z,2026-01-09T20:35:00Z,8,8,Wind damage,In Progres,OUTAGE,Service Transformer,MTC,NORMAL,42.47734,-83.03631
NE26010903475,2026-01-09T16:31:09Z,2026-01-09T16:31:09Z,1,2026-01-09T15:58:50Z,2026-01-10T00:35:00Z,5,5,Wind damage,New,OUTAGE,Device (I),MTC,NORMAL,42.47663,-83.03524
NE26010903482,2026-01-09T16:31:09Z,2026-01-09T16:31:09Z,1,2026-01-09T16:03:24Z,2026-01-10T00:35:00Z,1,1,Determined upon crew arrival,New,PRIORITY,,MTC,NORMAL,42.47073,-83.03477
NE26010903486,2026-01-09T16:31:09Z,2026-01-09T16:31:09Z,1,2026-01-09T15:58:53Z,2026-01-10T00:35:00Z,1,1,Wind damage,New,OUTAGE,Single Customer,MTC,NORMAL,42.4689,-83.03352
NE26010903500,2026-01-09T16:31:09Z,2026-01-09T16:31:09Z,1,2026-01-09T16:03:39Z,2026-01-10T00:35:00Z,1,1,Determined upon crew arrival,New,PRIORITY,,MTC,NORMAL,42.47463,-83.04116
NE26010903502,2026-01-09T16:31:09Z,2026-01-09T17:38:42Z,3,2026-01-09T15:59:15Z,2026-01-10T00:35:00Z,18,18,Wind damage,In Progres,OUTAGE,Service Transformer,MTC,NORMAL,42.5871,-82.86909
NE26010903507,2026-01-09T16:31:09Z,2026-01-09T16:31:09Z,1,2026-01-09T15:58:50Z,2026-01-10T00:35:00Z,18,18,Wind damage,New,OUTAGE,Device (I),MTC,NORMAL,42.47238,-83.0324
NE26010903533,2026-01-09T16:31:09Z,2026-01-09T16:31:09Z,1,2026-01-09T16:04:11Z,2026-01-10T00:35:00Z,1,1,Determined upon crew arrival,New,PRIORITY,,MTC,NORMAL,42.47372,-83.041
NE26010903537,2026-01-09T16:31:09Z,2026-01-09T16:31:09Z,1,2026-01-09T16:04:13Z,2026-01-10T00:35:00Z,1,1,Wind damage,New,OUTAGE,Single Customer,LAP,NORMAL,42.88839,-83.10899
NE26010903572,2026-01-09T16:31:09Z,2026-01-09T16:31:09Z,1,2026-01-09T16:04:47Z,2026-01-10T00:35:00Z,1,1,Wind damage,New,OUTAGE,Single Customer,MTC,NORMAL,42.46265,-83.03739
NE26010903584,2026-01-09T16:31:09Z,2026-01-09T17:38:42Z,3,2026-01-09T16:04:56Z,2026-01-10T00:35:00Z,1,1,Wind damage,New,OUTAGE,Single Customer,MTC,NORMAL,42.4708,-83.04183
NE26010903587,2026-01-09T16:31:09Z,2026-01-09T17:38:42Z,3,2026-01-09T15:58:45Z,2026-01-09T20:35:00Z,372,372,Wind damage,In Progres,OUTAGE,Circuit Level,MTC,NORMAL,42.47227,-83.03478
NE26010903627,2026-01-09T16:31:09Z,2026-01-09T17:38:42Z,3,2026-01-09T16:06:00Z,2026-01-10T00:35:00Z,1,1,Wind damage,New,OUTAGE,Single Customer,MTC,NORMAL,42.47653,-82.89277
NE26010903628,2026-01-09T16:31:09Z,2026-01-09T17:38:42Z,3,2026-01-09T16:00:49Z,2026-01-09T20:35:00Z,83,83,Wind damage,In Progres,OUTAGE,Device (I),MTC,NORMAL,42.52507,-82.987
NE26010903630,2026-01-09T16:31:09Z,2026-01-09T17:38:42Z,3,2026-01-09T15:58:22Z,2026-01-09T20:35:00Z,128,128,Wind damage,In Progres,OUTAGE,Device (II),LAP,NORMAL,42.88058,-83.10451
NE26010903633,2026-01-09T16:31:09Z,2026-01-09T16:31:09Z,1,2026-01-09T16:06:08Z,2026-01-10T00:35:00Z,1,1,Wind damage,New,OUTAGE,Single Customer,MTC,NORMAL,42.46929,-83.03531
NE26010903634,2026-01-09T16:31:09Z,2026-01-09T17:38:42Z,3,2026-01-09T16:00:45Z,2026-01-09T20:35:00Z,2,2,Wind damage,New,OUTAGE,Service Secondary,MTC,NORMAL,42.45845,-82.91037
NE26010903645,2026-01-09T16:31:09Z,2026-01-09T16:31:09Z,1,2026-01-09T16:06:22Z,2026-01-10T00:35:00Z,1,1,Determined upon crew arrival,New,PRIORITY,,MTC,NORMAL,42.51502,-82.97375
NE26010903650,2026-01-09T16:31:09Z,2026-01-09T17:38:42Z,3,2026-01-09T16:06:23Z,2026-01-09T20:35:00Z,3,3,Wind damage,New,OUTAGE,Service Transformer,MTC,NORMAL,42.47215,-83.04162
NE26010903653,2026-01-09T16:31:09Z,2026-01-09T17:38:42Z,3,2026-01-09T15:51:37Z,2026-01-10T00:35:00Z,328,328,Wind damage,In Progres,OUTAGE,Device (II),MTC,NORMAL,42.5099,-83.02123
NE26010903661,2026-01-09T16:31:09Z,2026-01-09T17:38:42Z,3,2026-01-09T15:58:52Z,2026-01-10T00:35:00Z,1,1,Wind damage,New,OUTAGE,Single Customer,MTC,NORMAL,42.4776,-83.03683
NE26010903666,2026-01-09T16:31:09Z,2026-01-09T16:31:09Z,1,2026-01-09T15:51:37Z,2026-01-10T00:35:00Z,11,11,Wind damage,New,OUTAGE,Service Transformer,MTC,NORMAL,42.50753,-83.01713
NE26010903667,2026-01-09T16:31:09Z,2026-01-09T16:31:09Z,1,2026-01-09T15:51:37Z,2026-01-10T00:35:00Z,198,198,Wind damage,New,OUTAGE,Device (II),MTC,NORMAL,42.50802,-83.0202
NE26010903712,2026-01-09T16:31:09Z,2026-01-09T16:31:09Z,1,2026-01-09T15:52:38Z,2026-01-10T00:40:00Z,3,3,Wind damage,New,OUTAGE,Service Transformer,MTC,NORMAL,42.49958,-82.98741
NE26010903724,2026-01-09T16:31:09Z,2026-01-09T16:31:09Z,1,2026-01-09T16:08:08Z,2026-01-10T00:40:00Z,1,1,Determined upon crew arrival,New,PRIORITY,,MTC,NORMAL,42.46622,-83.03578
NE26010903725,2026-01-09T16:31:09Z,2026-01-09T17:38:42Z,3,2026-01-09T15:59:15Z,2026-01-09T20:40:00Z,9,9,Wind damage,In Progres,OUTAGE,Service Transformer,MTC,NORMAL,42.58657,-82.86991
NE26010903747,2026-01-09T16:31:09Z,2026-01-09T17:38:42Z,3,2026-01-09T16:08:41Z,2026-01-10T00:40:00Z,1,1,Wind damage,New,SERVICE DOWN NO,,MTC,NORMAL,42.45449,-83.03136
NE26010903753,2026-01-09T16:31:09Z,2026-01-09T16:31:09Z,1,2026-01-09T16:08:42Z,2026-01-10T00:40:00Z,1,1,Wind damage,New,OUTAGE,Single Customer,LAP,NORMAL,42.8984,-83.08268
NE26010903761,2026-01-09T16:31:09Z,2026-01-09T17:38:42Z,3,2026-01-09T16:06:56Z,2026-01-09T20:40:00Z,88,88,Wind damage,In Progres,OUTAGE,Device (I),MTC,NORMAL,42.48038,-83.05917
NE26010903772,2026-01-09T16:31:09Z,2026-01-09T17:38:42Z,3,2026-01-09T16:09:01Z,2026-01-10T00:40:00Z,1,1,Wind damage,New,SERVICE DOWN NO,,MTC,NORMAL,42.45678,-83.03169
NE26010903777,2026-01-09T16:31:09Z,2026-01-09T17:38:42Z,3,2026-01-09T16:08:59Z,2026-01-10T00:40:00Z,270,270,Wind damage,In Progres,OUTAGE,Device (II),MTC,NORMAL,42.54306,-82.94186
NE26010903781,2026-01-09T16:31:09Z,2026-01-09T17:38:42Z,3,2026-01-09T16:00:45Z,2026-01-10T00:40:00Z,1,1,Wind damage,New,OUTAGE,Single Customer,MTC,NORMAL,42.45877,-82.90991
NE26010903785,2026-01-09T16:31:09Z,2026-01-09T17:38:42Z,3,2026-01-09T16:09:23Z,2026-01-10T00:40:00Z,1,1,Wind damage,New,OUTAGE,Single Customer,MTC,NORMAL,42.48245,-82.89206
NE26010903851,2026-01-09T16:31:09Z,2026-01-09T16:31:09Z,1,2026-01-09T16:10:45Z,2026-01-10T00:40:00Z,1,1,Wind damage,New,OUTAGE,Single Customer,MTC,NORMAL,42.55186,-82.91561
NE26010903855,2026-01-09T16:31:09Z,2026-01-09T16:31:09Z,1,2026-01-09T16:10:46Z,2026-01-10T00:40:00Z,1,1,Wind damage,New,OUTAGE,Single Customer,MTC,NORMAL,42.46911,-83.03752
NE26010903868,2026-01-09T16:31:09Z,2026-01-09T17:00:59Z,2,2026-01-09T16:11:21Z,2026-01-10T00:40:00Z,1,1,Determined upon crew arrival,In Progres,PRIORITY,,MTC,NORMAL,42.52385,-82.98523
NE26010903909,2026-01-09T16:31:09Z,2026-01-09T17:38:42Z,3,2026-01-09T16:12:16Z,2026-01-10T00:40:00Z,1,1,Wind damage,New,OUTAGE,Single Customer,MTC,NORMAL,42.52156,-82.97549
NE26010903942,2026-01-09T16:31:09Z,2026-01-09T16:31:09Z,1,2026-01-09T15:58:01Z,,1,1,Determined upon crew arrival,New,OUTAGE,Single Customer,MTC,NORMAL,42.5527,-82.91043
NE26010903947,2026-01-09T16:31:09Z,2026-01-09T17:38:42Z,3,2026-01-09T16:12:59Z,2026-01-10T00:45:00Z,1,1,Wind damage,New,OUTAGE,Single Customer,MTC,NORMAL,42.47411,-82.95051
NE26010903971,2026-01-09T16:31:09Z,2026-01-09T17:38:42Z,3,2026-01-09T16:13:29Z,2026-01-09T20:45:00Z,47,47,Wind damage,In Progres,OUTAGE,Device (I),MTC,NORMAL,42.54022,-82.94791
NE26010904002,2026-01-09T16:31:09Z,2026-01-09T16:31:09Z,1,2026-01-09T16:14:08Z,,1,1,Determined upon crew arrival,New,OUTAGE,Single Customer,LAP,NORMAL,42.89543,-83.09057
NE26010904005,2026-01-09T16:31:09Z,2026-01-09T16:31:09Z,1,2026-01-09T16:14:14Z,,1,1,Determined upon crew arrival,New,OUTAGE,Single Customer,MTC,NORMAL,42.46477,-83.03652
NE26010904006,2026-01-09T16:31:09Z,2026-01-09T16:31:09Z,1,2026-01-09T15:58:48Z,,13,13,Determined upon crew arrival,New,OUTAGE,Device (II),MTC,NORMAL,42.47409,-83.04175
NE26010904007,2026-01-09T16:31:09Z,2026-01-09T17:38:42Z,3,2026-01-09T16:00:52Z,2026-01-09T20:45:00Z,2,2,Wind damage,New,OUTAGE,Service Secondary,MTC,NORMAL,42.51589,-82.98877
NE26010904016,2026-01-09T16:31:09Z,2026-01-09T16:31:09Z,1,2026-01-09T15:58:49Z,,3,3,Determined upon crew arrival,New,OUTAGE,Service Transformer,MTC,NORMAL,42.47606,-83.03664
NE26010904017,2026-01-09T16:31:09Z,2026-01-09T16:31:09Z,1,2026-01-09T15:58:49Z,,1,1,Determined upon crew arrival,New,OUTAGE,Single Customer,MTC,NORMAL,42.47365,-83.04318
NE26010904037,2026-01-09T16:31:09Z,2026-01-09T17:38:42Z,3,2026-01-09T16:14:42Z,2026-01-09T20:45:00Z,1,1,Determined upon crew arrival,New,PRIORITY,,MTC,NORMAL,42.58452,-82.83412
NE26010904038,2026-01-09T16:31:09Z,2026-01-09T16:31:09Z,1,2026-01-09T15:59:18Z,,1,1,Determined upon crew arrival,New,OUTAGE,Single Customer,MTC,NORMAL,42.58716,-82.8679
NW26010902393,2026-01-09T16:31:09Z,2026-01-09T17:38:42Z,3,2026-01-09T15:35:45Z,2026-01-10T00:15:00Z,1,1,Wind damage,New,OUTAGE,Single Customer,HWL,NORMAL,42.67428,-84.23728
NW26010902438,2026-01-09T16:31:09Z,2026-01-09T17:38:42Z,3,2026-01-09T15:45:56Z,2026-01-10T00:15:00Z,1,1,Wind damage,In Progres,OUTAGE,Single Customer,HWL,NORMAL,42.5647,-83.65306
NW26010902510,2026-01-09T16:31:09Z,2026-01-09T17:38:42Z,3,2026-01-09T15:47:14Z,2026-01-10T00:15:00Z,1,1,Wind damage,New,SERVICE DOWN NO,,PON,NORMAL,42.63701,-83.4719
NW26010902517,2026-01-09T16:31:09Z,2026-01-09T17:38:42Z,3,2026-01-09T15:32:12Z,2026-01-10T00:20:00Z,1,1,Wind damage,New,OUTAGE,Single Customer,PON,NORMAL,42.79639,-83.45531
NW26010902522,2026-01-09T16:31:09Z,2026-01-09T17:38:42Z,3,2026-01-09T15:47:41Z,2026-01-10T00:20:00Z,1,1,Determined upon crew arrival,New,PRIORITY,,PON,NORMAL,42.72271,-83.42897
NW26010902535,2026-01-09T16:31:09Z,2026-01-09T17:38:42Z,3,2026-01-09T15:47:54Z,2026-01-10T00:20:00Z,1,1,Wind damage,Pending,OUTAGE,Single Customer,PON,NORMAL,42.55963,-83.25171
NW26010902555,2026-01-09T16:31:09Z,2026-01-09T17:38:42Z,3,2026-01-09T15:38:07Z,2026-01-10T00:20:00Z,1,1,Wind damage,New,OUTAGE,Single Customer,PON,NORMAL,42.58525,-83.48517
NW26010902565,2026-01-09T16:31:09Z,2026-01-09T17:38:42Z,3,2026-01-09T15:48:21Z,2026-01-10T00:20:00Z,1,1,Wind damage,New,OUTAGE,Single Customer,HWL,NORMAL,42.59742,-83.56687
NW26010902587,2026-01-09T16:31:09Z,2026-01-09T16:31:09Z,1,2026-01-09T15:48:48Z,2026-01-10T00:20:00Z,1,1,Wind damage,In Progres,OUTAGE,Single Customer,HWL,NORMAL,42.53812,-83.60047
NW26010902591,2026-01-09T16:31:09Z,2026-01-09T17:38:42Z,3,2026-01-09T15:48:54Z,2026-01-10T00:20:00Z,1,1,Wind damage,New,OUTAGE,Single Customer,PON,NORMAL,42.60902,-83.1936
NW26010902607,2026-01-09T16:31:09Z,2026-01-09T17:38:42Z,3,2026-01-09T15:46:53Z,2026-01-10T00:20:00Z,20,20,Wind damage,New,OUTAGE,Device (I),PON,NORMAL,42.57591,-83.30096
NW26010902635,2026-01-09T16:31:09Z,2026-01-09T17:38:42Z,3,2026-01-09T15:49:52Z,2026-01-10T00:20:00Z,1,1,Wind damage,New,OUTAGE,Single Customer,PON,NORMAL,42.87474,-83.3611
NW26010902638,2026-01-09T16:31:09Z,2026-01-09T17:38:42Z,3,2026-01-09T14:47:26Z,2026-01-10T00:20:00Z,67,67,Wind damage,In Progres,OUTAGE,Device (I),HWL,NORMAL,42.45599,-83.83271
NW26010902641,2026-01-09T16:31:09Z,2026-01-09T17:38:42Z,3,2026-01-09T15:13:15Z,2026-01-10T00:20:00Z,1,1,Wind damage,New,OUTAGE,Single Customer,HWL,NORMAL,42.56713,-83.63978
NW26010902650,2026-01-09T16:31:09Z,2026-01-09T17:38:42Z,3,2026-01-09T15:50:12Z,2026-01-10T00:20:00Z,1,1,Wind damage,New,SERVICE DOWN NO,,PON,NORMAL,42.61308,-83.40973
NW26010902654,2026-01-09T16:31:09Z,2026-01-09T17:38:42Z,3,2026-01-09T15:40:42Z,2026-01-10T00:20:00Z,13,13,Wind damage,New,OUTAGE,Service Transformer,PON,NORMAL,42.70632,-83.42414
NW26010902672,2026-01-09T16:31:09Z,2026-01-09T17:38:42Z,3,2026-01-09T15:02:46Z,2026-01-10T00:20:00Z,1,1,Wind damage,New,OUTAGE,Single Customer,HWL,NORMAL,42.53482,-83.82562
NW26010902719,2026-01-09T16:31:09Z,2026-01-09T16:31:09Z,1,2026-01-09T15:51:04Z,2026-01-10T00:20:00Z,3,3,Wind damage,In Progres,OUTAGE,Device (II),HWL,NORMAL,42.54581,-83.67329
NW26010902722,2026-01-09T16:31:09Z,2026-01-09T17:38:42Z,3,2026-01-09T15:51:13Z,2026-01-10T00:20:00Z,1,1,Wind damage,New,OUTAGE,Single Customer,PON,NORMAL,42.71719,-83.41936
NW26010902759,2026-01-09T16:31:09Z,2026-01-09T16:31:09Z,1,2026-01-09T15:51:59Z,2026-01-10T00:20:00Z,1,1,Wind damage,In Progres,OUTAGE,Single Customer,HWL,NORMAL,42.54123,-83.59057
NW26010902797,2026-01-09T16:31:09Z,2026-01-09T17:38:42Z,3,2026-01-09T15:52:31Z,2026-01-10T00:25:00Z,1,1,Wind damage,New,OUTAGE,Single Customer,PON,NORMAL,42.56306,-83.1129
NW26010902805,2026-01-09T16:31:09Z,2026-01-09T17:38:42Z,3,2026-01-09T15:52:47Z,2026-01-10T00:25:00Z,1,1,Wind damage,New,SERVICE DOWN NO,,PON,NORMAL,42.637,-83.32916
NW26010902809,2026-01-09T16:31:09Z,2026-01-09T16:31:09Z,1,2026-01-09T15:45:09Z,2026-01-10T00:25:00Z,47,47,Wind damage,In Progres,OUTAGE,Device (II),HWL,NORMAL,42.53637,-83.57635
NW26010902847,2026-01-09T16:31:09Z,2026-01-09T16:31:09Z,1,2026-01-09T15:16:49Z,2026-01-10T00:25:00Z,5,5,Wind damage,In Progres,OUTAGE,Device (II),HWL,NORMAL,42.54646,-83.66816
NW26010902858,2026-01-09T16:31:09Z,2026-01-09T17:38:42Z,3,2026-01-09T15:53:43Z,2026-01-10T00:25:00Z,1,1,Wind damage,New,OUTAGE,Single Customer,PON,NORMAL,42.7263,-83.43026
NW26010902867,2026-01-09T16:31:09Z,2026-01-09T17:38:42Z,3,2026-01-09T15:53:52Z,2026-01-10T00:25:00Z,1,1,Wind damage,In Progres,OUTAGE,Single Customer,HWL,NORMAL,42.53808,-83.67222
NW26010902902,2026-01-09T16:31:09Z,2026-01-09T16:31:09Z,1,2026-01-09T15:54:31Z,2026-01-10T00:25:00Z,1,1,Wind damage,In Progres,OUTAGE,Single Customer,HWL,NORMAL,42.53627,-83.60266
NW26010902906,2026-01-09T16:31:09Z,2026-01-09T16:31:09Z,1,2026-01-09T15:54:52Z,2026-01-10T00:25:00Z,1,1,Determined upon crew arrival,In Progres,PRIORITY,,PON,NORMAL,42.6351,-83.46593
NW26010902910,2026-01-09T16:31:09Z,2026-01-09T17:38:42Z,3,2026-01-09T15:54:42Z,2026-01-10T00:25:00Z,1,1,Wind damage,New,OUTAGE,Single Customer,HWL,NORMAL,42.65856,-84.21649
NW26010902951,2026-01-09T16:31:09Z,2026-01-09T16:31:09Z,1,2026-01-09T15:55:29Z,2026-01-10T00:25:00Z,1,1,Wind damage,In Progres,OUTAGE,Single Customer,HWL,NORMAL,42.54186,-83.58661
NW26010902952,2026-01-09T16:31:09Z,2026-01-09T17:38:42Z,3,2026-01-09T15:53:33Z,2026-01-10T00:25:00Z,1053,1053,Wind damage,In Progres,OUTAGE,Device (II),SBY,NORMAL,42.57826,-83.00704
NW26010902961,2026-01-09T16:31:09Z,2026-01-09T17:38:42Z,3,2026-01-09T15:54:44Z,2026-01-10T00:25:00Z,1310,1310,Wind damage,In Progres,OUTAGE,Device (II),SBY,NORMAL,42.57374,-82.98539
NW26010902989,2026-01-09T16:31:09Z,2026-01-09T17:38:42Z,3,2026-01-09T15:54:14Z,2026-01-10T00:25:00Z,2,2,Wind damage,New,OUTAGE,Service Secondary,PON,NORMAL,42.661,-83.38929
NW26010903016,2026-01-09T16:31:09Z,2026-01-09T16:31:09Z,1,2026-01-09T15:56:42Z,2026-01-10T00:25:00Z,1,1,Wind damage,New,OUTAGE,Single Customer,SBY,NORMAL,42.6356,-83.01445
NW26010903054,2026-01-09T16:31:09Z,2026-01-09T17:38:42Z,3,2026-01-09T15:54:45Z,2026-01-09T20:25:00Z,11,11,Wind damage,New,OUTAGE,Service Transformer,SBY,NORMAL,42.58114,-82.99778
NW26010903084,2026-01-09T16:31:09Z,2026-01-09T17:38:42Z,3,2026-01-09T15:57:57Z,2026-01-10T00:30:00Z,1,1,Wind damage,New,OUTAGE,Single Customer,PON,NORMAL,42.86752,-83.44705
NW26010903093,2026-01-09T16:31:09Z,2026-01-09T16:31:09Z,1,2026-01-09T15:54:11Z,2026-01-10T00:30:00Z,1,1,Wind damage,New,OUTAGE,Single Customer,PON,NORMAL,42.65984,-83.35999
NW26010903109,2026-01-09T16:31:09Z,2026-01-09T17:38:42Z,3,2026-01-09T15:58:35Z,2026-01-10T00:30:00Z,1,1,Wind damage,New,OUTAGE,Single Customer,PON,NORMAL,42.7066,-83.42805
NW26010903121,2026-01-09T16:31:09Z,2026-01-09T17:38:42Z,3,2026-01-09T15:53:49Z,2026-01-10T00:30:00Z,1,1,Wind damage,New,OUTAGE,Single Customer,SBY,NORMAL,42.60201,-82.97224
NW26010903152,2026-01-09T16:31:09Z,2026-01-09T16:31:09Z,1,2026-01-09T15:59:25Z,2026-01-10T00:30:00Z,9,9,Wind damage,In Progres,OUTAGE,Device (I),HWL,NORMAL,42.53615,-83.58239
NW26010903172,2026-01-09T16:31:09Z,2026-01-09T16:31:09Z,1,2026-01-09T15:59:42Z,2026-01-10T00:30:00Z,1,1,Wind damage,In Progres,OUTAGE,Single Customer,HWL,NORMAL,42.55012,-83.66595
NW26010903189,2026-01-09T16:31:09Z,2026-01-09T16:31:09Z,1,2026-01-09T16:00:09Z,2026-01-10T00:30:00Z,1,1,Wind damage,In Progres,OUTAGE,Single Customer,HWL,NORMAL,42.54245,-83.59584
NW26010903251,2026-01-09T16:31:09Z,2026-01-09T17:38:42Z,3,2026-01-09T16:01:15Z,2026-01-10T00:30:00Z,1,1,Wind damage,New,SERVICE DOWN NO,,PON,NORMAL,42.58833,-83.48728
NW26010903256,2026-01-09T16:31:09Z,2026-01-09T16:31:09Z,1,2026-01-09T16:01:04Z,2026-01-10T00:30:00Z,1,1,Wind damage,In Progres,OUTAGE,Single Customer,HWL,NORMAL,42.54183,-83.58855
NW26010903261,2026-01-09T16:31:09Z,2026-01-09T17:38:42Z,3,2026-01-09T16:01:09Z,2026-01-10T00:30:00Z,1,1,Wind damage,In Progres,OUTAGE,Single Customer,HWL,NORMAL,42.53722,-83.6727
NW26010903265,2026-01-09T16:31:09Z,2026-01-09T17:38:42Z,3,2026-01-09T16:01:06Z,2026-01-10T00:30:00Z,1,1,Wind damage,New,OUTAGE,Single Customer,HWL,NORMAL,42.47887,-83.85902
NW26010903343,2026-01-09T16:31:09Z,2026-01-09T17:38:42Z,3,2026-01-09T16:01:50Z,2026-01-09T20:30:00Z,2,2,Wind damage,New,OUTAGE,Service Transformer,HWL,NORMAL,42.66348,-84.19956
NW26010903360,2026-01-09T16:31:09Z,2026-01-09T16:31:09Z,1,2026-01-09T15:45:07Z,2026-01-10T00:30:00Z,2,2,Wind damage,In Progres,OUTAGE,Service Transformer,HWL,NORMAL,42.53911,-83.59221
NW26010903368,2026-01-09T16:31:09Z,2026-01-09T17:38:42Z,3,2026-01-09T15:45:16Z,2026-01-10T00:30:00Z,436,265,Wind damage,In Progres,OUTAGE,Device (II),PON,NORMAL,42.65867,-83.4169
NW26010903371,2026-01-09T16:31:09Z,2026-01-09T17:38:42Z,3,2026-01-09T15:45:05Z,2026-01-10T00:30:00Z,148,148,Wind damage,In Progres,OUTAGE,Device (II),HWL,NORMAL,42.54538,-83.60062
NW26010903374,2026-01-09T16:31:09Z,2026-01-09T16:31:09Z,1,2026-01-09T15:45:24Z,2026-01-10T00:30:00Z,10,10,Wind damage,In Progres,OUTAGE,Service Transformer,PON,NORMAL,42.54628,-83.09644
NW26010903455,2026-01-09T16:31:09Z,2026-01-09T17:38:42Z,3,2026-01-09T16:02:54Z,2026-01-10T00:35:00Z,1,1,Wind damage,New,OUTAGE,Single Customer,PON,NORMAL,42.65883,-83.3882
NW26010903510,2026-01-09T16:31:09Z,2026-01-09T17:38:42Z,3,2026-01-09T15:53:48Z,2026-01-09T20:35:00Z,21,21,Wind damage,In Progres,OUTAGE,Device (I),SBY,NORMAL,42.59748,-82.99032
NW26010903550,2026-01-09T16:31:09Z,2026-01-09T17:38:42Z,3,2026-01-09T16:04:19Z,2026-01-09T20:35:00Z,21,21,Wind damage,New,OUTAGE,Service Transformer,PON,NORMAL,42.62883,-83.28454
NW26010903553,2026-01-09T16:31:09Z,2026-01-09T16:31:09Z,1,2026-01-09T15:49:00Z,2026-01-10T00:35:00Z,5,5,Wind damage,In Progres,OUTAGE,Device (II),HWL,NORMAL,42.54239,-83.59713
NW26010903568,2026-01-09T16:31:09Z,2026-01-09T17:38:42Z,3,2026-01-09T16:04:42Z,2026-01-09T20:35:00Z,2,2,Wind damage,In Progres,OUTAGE,Service Secondary,SBY,NORMAL,42.61746,-83.03257
NW26010903625,2026-01-09T16:31:09Z,2026-01-09T17:38:42Z,3,2026-01-09T16:05:53Z,2026-01-09T20:35:00Z,5,5,Wind damage,New,OUTAGE,Service Transformer,SBY,NORMAL,42.58119,-82.996
NW26010903688,2026-01-09T16:31:09Z,2026-01-09T16:31:09Z,1,2026-01-09T15:58:45Z,2026-01-10T00:35:00Z,2,2,Wind damage,New,OUTAGE,Service Transformer,SBY,NORMAL,42.88182,-83.09031
NW26010903728,2026-01-09T16:31:09Z,2026-01-09T16:31:09Z,1,2026-01-09T16:08:09Z,2026-01-10T00:40:00Z,1,1,Wind damage,In Progres,OUTAGE,Single Customer,HWL,NORMAL,42.53613,-83.60759
NW26010903732,2026-01-09T16:31:09Z,2026-01-09T17:38:42Z,3,2026-01-09T16:08:14Z,2026-01-10T00:40:00Z,1,1,Wind damage,New,OUTAGE,Single Customer,PON,NORMAL,42.56381,-83.12073
NW26010903760,2026-01-09T16:31:09Z,2026-01-09T17:38:42Z,3,2026-01-09T15:53:48Z,2026-01-10T00:40:00Z,71,71,Wind damage,In Progres,OUTAGE,Device (I),SBY,NORMAL,42.59946,-82.99346
NW26010903767,2026-01-09T16:31:09Z,2026-01-09T16:31:09Z,1,2026-01-09T15:53:49Z,2026-01-10T00:40:00Z,5,5,Wind damage,New,OUTAGE,Service Transformer,SBY,NORMAL,42.59682,-82.99351
NW26010903769,2026-01-09T16:31:09Z,2026-01-09T16:31:09Z,1,2026-01-09T15:53:51Z,2026-01-10T00:40:00Z,2,2,Wind damage,New,OUTAGE,Service Secondary,SBY,NORMAL,42.62444,-83.01632
NW26010903770,2026-01-09T16:31:09Z,2026-01-09T17:38:42Z,3,2026-01-09T16:08:57Z,2026-01-10T00:40:00Z,1,1,Wind damage,New,SERVICE DOWN NO,,PON,NORMAL,42.66076,-83.38933
NW26010903771,2026-01-09T16:31:09Z,2026-01-09T17:38:42Z,3,2026-01-09T16:08:58Z,2026-01-10T00:40:00Z,1,1,Determined upon crew arrival,New,PRIORITY,,PON,NORMAL,42.71093,-83.43831
NW26010903780,2026-01-09T16:31:09Z,2026-01-09T17:38:42Z,3,2026-01-09T16:09:02Z,2026-01-10T00:40:00Z,1,1,Wind damage,New,OUTAGE,Single Customer,PON,NORMAL,42.72679,-83.43088
NW26010903783,2026-01-09T16:31:09Z,2026-01-09T17:38:42Z,3,2026-01-09T16:09:13Z,2026-01-10T00:40:00Z,1,1,Wind damage,New,OUTAGE,Single Customer,PON,NORMAL,42.62138,-83.47444
NW26010903786,2026-01-09T16:31:09Z,2026-01-09T17:38:42Z,3,2026-01-09T16:07:53Z,2026-01-09T20:40:00Z,132,132,Wind damage,In Progres,OUTAGE,Device (II),PON,NORMAL,42.59994,-83.41207
NW26010903788,2026-01-09T16:31:09Z,2026-01-09T17:38:42Z,3,2026-01-09T16:09:23Z,2026-01-10T00:40:00Z,1,1,Wind damage,New,OUTAGE,Single Customer,PON,NORMAL,42.62511,-83.36129
NW26010903805,2026-01-09T16:31:09Z,2026-01-09T16:31:09Z,1,2026-01-09T15:53:50Z,2026-01-10T00:40:00Z,6,6,Wind damage,New,OUTAGE,Service Transformer,SBY,NORMAL,42.61116,-83.01304
NW26010903807,2026-01-09T16:31:09Z,2026-01-09T17:38:42Z,3,2026-01-09T16:09:44Z,2026-01-10T00:40:00Z,1,1,Determined upon crew arrival,New,PRIORITY,,PON,NORMAL,42.66172,-83.42918
NW26010903808,2026-01-09T16:31:09Z,2026-01-09T17:38:42Z,3,2026-01-09T16:09:40Z,2026-01-10T00:40:00Z,1,1,Wind damage,In Progres,OUTAGE,Single Customer,PON,NORMAL,42.57651,-83.46595
NW26010903830,2026-01-09T16:31:09Z,2026-01-09T16:31:09Z,1,2026-01-09T16:10:11Z,2026-01-10T00:40:00Z,1,1,Wind damage,New,OUTAGE,Single Customer,SBY,NORMAL,42.88112,-83.08117
NW26010903833,2026-01-09T16:31:09Z,2026-01-09T16:31:09Z,1,2026-01-09T15:54:45Z,2026-01-10T00:25:00Z,1070,1070,Wind damage,In Progres,OUTAGE,Device (II),SBY,NORMAL,42.57329,-82.99187
NW26010903838,2026-01-09T16:31:09Z,2026-01-09T17:38:42Z,3,2026-01-09T16:08:07Z,2026-01-09T20:40:00Z,105,105,Wind damage,In Progres,OUTAGE,Device (II),PON,NORMAL,42.59559,-83.407
NW26010903847,2026-01-09T16:31:09Z,2026-01-09T16:31:09Z,1,2026-01-09T16:10:37Z,2026-01-10T00:40:00Z,1,1,Wind damage,New,OUTAGE,Single Customer,PON,NORMAL,42.59742,-83.40883
NW26010903856,2026-01-09T16:31:09Z,2026-01-09T17:38:42Z,3,2026-01-09T16:08:21Z,2026-01-10T00:40:00Z,1,1,Wind damage,In Progres,OUTAGE,Single Customer,PON,NORMAL,42.59334,-83.40078
NW26010903896,2026-01-09T16:31:09Z,2026-01-09T17:38:42Z,3,2026-01-09T16:11:57Z,2026-01-10T00:40:00Z,1,1,Wind damage,New,OUTAGE,Single Customer,PON,NORMAL,42.5698,-83.18622
NW26010903918,2026-01-09T16:31:09Z,2026-01-09T17:38:42Z,3,2026-01-09T16:12:27Z,2026-01-10T00:45:00Z,1,1,Wind damage,New,OUTAGE,Single Customer,HWL,NORMAL,42.67485,-84.22878
NW26010903921,2026-01-09T16:31:09Z,2026-01-09T16:31:09Z,1,2026-01-09T16:12:41Z,,1,1,Wind damage,New,OUTAGE,Single Customer,HWL,NORMAL,42.54541,-83.59319
NW26010903931,2026-01-09T16:31:09Z,2026-01-09T17:38:42Z,3,2026-01-09T16:12:44Z,2026-01-10T00:45:00Z,1,1,Wind damage,New,OUTAGE,Single Customer,PON,NORMAL,42.63802,-83.36031
NW26010903944,2026-01-09T16:31:09Z,2026-01-09T16:31:09Z,1,2026-01-09T16:13:00Z,,1,1,Determined upon crew arrival,New,OUTAGE,Single Customer,PON,NORMAL,42.60227,-83.41196
NW26010903963,2026-01-09T16:31:09Z,2026-01-09T17:38:42Z,3,2026-01-09T16:08:20Z,2026-01-09T20:45:00Z,20,20,Wind damage,In Progres,OUTAGE,Device (I),PON,NORMAL,42.59549,-83.40035
NW26010903975,2026-01-09T16:31:09Z,2026-01-09T16:31:09Z,1,2026-01-09T16:13:33Z,,1,1,Determined upon crew arrival,New,OUTAGE,Single Customer,SBY,NORMAL,42.70964,-83.10265
NW26010903976,2026-01-09T16:31:09Z,2026-01-09T16:31:09Z,1,2026-01-09T16:13:33Z,,1,1,Determined upon crew arrival,New,OUTAGE,Single Customer,PON,NORMAL,42.59769,-83.41559
NW26010904012,2026-01-09T16:31:09Z,2026-01-09T17:38:42Z,3,2026-01-09T16:08:44Z,2026-01-09T20:45:00Z,13,13,Wind damage,New,OUTAGE,Service Transformer,PON,NORMAL,42.57067,-83.12899
NW26010904018,2026-01-09T16:31:09Z,2026-01-09T17:38:42Z,3,2026-01-09T15:22:45Z,2026-01-09T20:45:00Z,3,3,Wind damage,In Progres,OUTAGE,Service Transformer,HWL,NORMAL,42.53487,-83.67272
NW26010904033,2026-01-09T16:31:09Z,2026-01-09T16:31:09Z,1,2026-01-09T16:14:24Z,,1,1,Determined upon crew arrival,New,OUTAGE,Single Customer,SBY,NORMAL,42.88932,-83.07495
SE26010901042,2026-01-09T16:31:09Z,2026-01-09T17:38:42Z,3,2026-01-09T13:46:28Z,2026-01-09T22:20:00Z,547,547,Wind damage,In Progres,OUTAGE,Device (II),RFD,NORMAL,42.53814,-83.24034
SE26010902379,2026-01-09T16:31:09Z,2026-01-09T17:38:42Z,3,2026-01-09T15:45:18Z,2026-01-10T00:15:00Z,1,1,Wind damage,New,SERVICE DOWN NO,,RFD,NORMAL,42.37128,-83.23542
SE26010902388,2026-01-09T16:31:09Z,2026-01-09T16:31:09Z,1,2026-01-09T15:44:11Z,2026-01-10T00:15:00Z,24,24,Wind damage,New,OUTAGE,Device (I),RFD,NORMAL,42.52047,-83.19981
SE26010902389,2026-01-09T16:31:09Z,2026-01-09T16:31:09Z,1,2026-01-09T15:44:09Z,2026-01-10T00:15:00Z,127,127,Wind damage,New,OUTAGE,Device (I),RFD,NORMAL,42.52185,-83.19779
SE26010902417,2026-01-09T16:31:09Z,2026-01-09T17:00:59Z,2,2026-01-09T15:45:31Z,2026-01-10T00:15:00Z,1,1,Wind damage,New,OUTAGE,Single Customer,RFD,NORMAL,42.52209,-83.19108
SE26010902473,2026-01-09T16:31:09Z,2026-01-09T16:31:09Z,1,2026-01-09T15:46:04Z,2026-01-10T00:15:00Z,2,2,Wind damage,New,OUTAGE,Service Secondary,RFD,NORMAL,42.43531,-83.18709
SE26010902487,2026-01-09T16:31:09Z,2026-01-09T17:38:42Z,3,2026-01-09T15:41:12Z,2026-01-10T00:15:00Z,7,7,Wind damage,In Progres,OUTAGE,Service Transformer,RFD,NORMAL,42.53236,-83.18765
SE26010902490,2026-01-09T16:31:09Z,2026-01-09T17:38:42Z,3,2026-01-09T15:40:11Z,2026-01-10T00:15:00Z,1,1,Wind damage,New,OUTAGE,Single Customer,RFD,NORMAL,42.41658,-83.14953
SE26010902492,2026-01-09T16:31:09Z,2026-01-09T17:38:42Z,3,2026-01-09T15:46:39Z,2026-01-10T00:15:00Z,1,1,Wind damage,New,OUTAGE,Single Customer,RFD,NORMAL,42.52358,-83.1902
SE26010902493,2026-01-09T16:31:09Z,2026-01-09T17:38:42Z,3,2026-01-09T15:39:51Z,2026-01-10T00:15:00Z,28,28,Wind damage,New,OUTAGE,Service Transformer,RFD,NORMAL,42.38782,-83.21529
SE26010902497,2026-01-09T16:31:09Z,2026-01-09T17:38:42Z,3,2026-01-09T15:46:56Z,2026-01-10T00:15:00Z,1,1,Wind damage,New,SERVICE DOWN NO,,RFD,NORMAL,42.27142,-83.23772
SE26010902508,2026-01-09T16:31:09Z,2026-01-09T17:38:42Z,3,2026-01-09T15:44:40Z,2026-01-10T00:15:00Z,917,917,Wind damage,In Progres,OUTAGE,Device (II),RFD,NORMAL,42.45208,-83.09911
SE26010902513,2026-01-09T16:31:09Z,2026-01-09T17:38:42Z,3,2026-01-09T15:43:48Z,2026-01-10T00:15:00Z,12,12,Wind damage,New,OUTAGE,Service Transformer,RFD,NORMAL,42.32635,-83.27047
SE26010902515,2026-01-09T16:31:09Z,2026-01-09T16:31:09Z,1,2026-01-09T15:47:28Z,2026-01-10T00:20:00Z,2,2,Wind damage,New,OUTAGE,Service Secondary,RFD,NORMAL,42.51824,-83.20171
SE26010902518,2026-01-09T16:31:09Z,2026-01-09T17:38:42Z,3,2026-01-09T15:32:14Z,2026-01-10T00:20:00Z,39,39,Wind damage,In Progres,OUTAGE,Device (I),RFD,NORMAL,42.39716,-83.17611
SE26010902519,2026-01-09T16:31:09Z,2026-01-09T17:38:42Z,3,2026-01-09T15:46:31Z,2026-01-10T00:20:00Z,476,476,Wind damage,New,OUTAGE,Device (II),RFD,NORMAL,42.50104,-83.09517
SE26010902542,2026-01-09T16:31:09Z,2026-01-09T17:38:42Z,3,2026-01-09T15:46:34Z,2026-01-10T00:20:00Z,562,562,Wind damage,In Progres,OUTAGE,Device (II),RFD,NORMAL,42.32408,-83.19804
SE26010902543,2026-01-09T16:31:09Z,2026-01-09T17:38:42Z,3,2026-01-09T15:47:58Z,2026-01-10T00:20:00Z,259,259,Wind damage,In Progres,OUTAGE,Device (II),RFD,NORMAL,42.50834,-83.19942
SE26010902546,2026-01-09T16:31:09Z,2026-01-09T17:38:42Z,3,2026-01-09T15:48:04Z,2026-01-10T00:20:00Z,1,1,Wind damage,New,OUTAGE,Single Customer,RFD,NORMAL,42.34389,-83.2762
SE26010902553,2026-01-09T16:31:09Z,2026-01-09T17:38:42Z,3,2026-01-09T15:41:12Z,2026-01-10T00:20:00Z,14,14,Wind damage,In Progres,OUTAGE,Service Transformer,RFD,NORMAL,42.53178,-83.18874
SE26010902558,2026-01-09T16:31:09Z,2026-01-09T17:38:42Z,3,2026-01-09T15:47:38Z,2026-01-10T00:20:00Z,39,39,Wind damage,New,OUTAGE,Device (I),CAN,NORMAL,42.33794,-83.11816
SE26010902561,2026-01-09T16:31:09Z,2026-01-09T16:31:09Z,1,2026-01-09T15:48:20Z,2026-01-10T00:20:00Z,1,1,Wind damage,New,OUTAGE,Single Customer,RFD,NORMAL,42.49699,-83.08697
SE26010902581,2026-01-09T16:31:09Z,2026-01-09T17:38:42Z,3,2026-01-09T15:48:36Z,2026-01-10T00:20:00Z,2,2,Wind damage,New,OUTAGE,Service Secondary,RFD,NORMAL,42.35683,-83.2425
SE26010902592,2026-01-09T16:31:09Z,2026-01-09T17:38:42Z,3,2026-01-09T15:48:55Z,2026-01-10T00:20:00Z,20,20,Wind damage,New,OUTAGE,Service Transformer,RFD,NORMAL,42.37538,-83.1959
SE26010902598,2026-01-09T16:31:09Z,2026-01-09T16:31:09Z,1,2026-01-09T15:49:07Z,2026-01-10T00:20:00Z,2,2,Wind damage,New,OUTAGE,Service Secondary,RFD,NORMAL,42.43654,-83.18716
SE26010902600,2026-01-09T16:31:09Z,2026-01-09T17:38:42Z,3,2026-01-09T15:47:43Z,2026-01-10T00:20:00Z,30,30,Wind damage,In Progres,OUTAGE,Service Transformer,RFD,NORMAL,42.49229,-83.08945
SE26010902608,2026-01-09T16:31:09Z,2026-01-09T17:38:42Z,3,2026-01-09T15:45:25Z,2026-01-10T00:20:00Z,1,1,Wind damage,New,OUTAGE,Single Customer,RFD,NORMAL,42.36856,-83.17466
SE26010902619,2026-01-09T16:31:09Z,2026-01-09T17:38:42Z,3,2026-01-09T15:43:41Z,2026-01-10T00:20:00Z,426,426,Wind damage,In Progres,OUTAGE,Device (II),RFD,NORMAL,42.3628,-83.17407
SE26010902631,2026-01-09T16:31:09Z,2026-01-09T17:38:42Z,3,2026-01-09T15:47:35Z,2026-01-10T00:20:00Z,39,39,Wind damage,New,OUTAGE,Device (I),CAN,NORMAL,42.337,-83.11885
SE26010902648,2026-01-09T16:31:09Z,2026-01-09T17:38:42Z,3,2026-01-09T15:49:58Z,2026-01-10T00:20:00Z,25,25,Wind damage,New,OUTAGE,Circuit Level,CAN,NORMAL,42.42227,-83.03497
SE26010902657,2026-01-09T16:31:09Z,2026-01-09T17:38:42Z,3,2026-01-09T15:41:09Z,2026-01-10T00:20:00Z,313,313,Wind damage,In Progres,OUTAGE,Device (II),RFD,NORMAL,42.45615,-83.2388
SE26010902666,2026-01-09T16:31:09Z,2026-01-09T17:38:42Z,3,2026-01-09T15:50:23Z,2026-01-09T20:20:00Z,2,2,Wind damage,New,OUTAGE,Service Secondary,RFD,NORMAL,42.34205,-83.27609
SE26010902677,2026-01-09T16:31:09Z,2026-01-09T17:38:42Z,3,2026-01-09T15:50:27Z,2026-01-10T00:20:00Z,1,1,Wind damage,New,OUTAGE,Single Customer,CAN,NORMAL,42.3391,-83.11794
SE26010902704,2026-01-09T16:31:09Z,2026-01-09T17:38:42Z,3,2026-01-09T15:51:06Z,2026-01-10T00:20:00Z,1,1,Wind damage,New,SERVICE DOWN NO,,RFD,NORMAL,42.38599,-83.18324
SE26010902724,2026-01-09T16:31:09Z,2026-01-09T17:38:42Z,3,2026-01-09T15:40:49Z,2026-01-10T00:20:00Z,5,5,Wind damage,In Progres,OUTAGE,Service Transformer,RFD,NORMAL,42.4078,-83.14906
SE26010902732,2026-01-09T16:31:09Z,2026-01-09T17:00:59Z,2,2026-01-09T15:51:29Z,2026-01-10T00:20:00Z,1,1,Wind damage,New,OUTAGE,Single Customer,RFD,NORMAL,42.53114,-83.18743
SE26010902740,2026-01-09T16:31:09Z,2026-01-09T17:38:42Z,3,2026-01-09T15:51:35Z,2026-01-09T20:20:00Z,2,2,Wind damage,In Progres,OUTAGE,Service Secondary,RFD,NORMAL,42.36798,-83.20152
SE26010902753,2026-01-09T16:31:09Z,2026-01-09T16:31:09Z,1,2026-01-09T15:45:16Z,2026-01-10T00:20:00Z,1,1,Wind damage,New,OUTAGE,Single Customer,RFD,NORMAL,42.52117,-83.20107
SE26010902760,2026-01-09T16:31:09Z,2026-01-09T17:38:42Z,3,2026-01-09T15:47:18Z,2026-01-10T00:20:00Z,540,540,Wind damage,In Progres,OUTAGE,Device (II),RFD,NORMAL,42.42793,-83.23703
SE26010902761,2026-01-09T16:31:09Z,2026-01-09T17:38:42Z,3,2026-01-09T15:51:55Z,2026-01-10T00:20:00Z,19,19,Wind damage,New,OUTAGE,Service Transformer,CAN,NORMAL,42.32455,-83.08217
SE26010902766,2026-01-09T16:31:09Z,2026-01-09T17:38:42Z,3,2026-01-09T15:52:15Z,2026-01-10T00:20:00Z,1,1,Determined upon crew arrival,New,PRIORITY,,RFD,NORMAL,42.21398,-83.21364
SE26010902771,2026-01-09T16:31:09Z,2026-01-09T17:38:42Z,3,2026-01-09T15:45:43Z,2026-01-10T00:20:00Z,1,1,Wind damage,New,OUTAGE,Single Customer,RFD,NORMAL,42.43396,-83.17461
SE26010902779,2026-01-09T16:31:09Z,2026-01-09T17:38:42Z,3,2026-01-09T15:52:13Z,2026-01-10T00:20:00Z,1,1,Wind damage,New,OUTAGE,Single Customer,CAN,NORMAL,42.43439,-83.02884
SE26010902795,2026-01-09T16:31:09Z,2026-01-09T17:38:42Z,3,2026-01-09T15:47:46Z,2026-01-10T00:25:00Z,1,1,Wind damage,In Progres,OUTAGE,Single Customer,RFD,NORMAL,42.49195,-83.0882
SE26010902798,2026-01-09T16:31:09Z,2026-01-09T17:38:42Z,3,2026-01-09T15:52:28Z,2026-01-10T00:25:00Z,1,1,Wind damage,New,OUTAGE,Single Customer,CAN,NORMAL,42.40906,-83.13892
SE26010902807,2026-01-09T16:31:09Z,2026-01-09T16:31:09Z,1,2026-01-09T15:48:06Z,2026-01-10T00:25:00Z,393,393,Wind damage,New,OUTAGE,Circuit Level,CAN,NORMAL,42.3384,-83.08011
SE26010902808,2026-01-09T16:31:09Z,2026-01-09T17:38:42Z,3,2026-01-09T15:52:41Z,2026-01-10T00:25:00Z,1,1,Wind damage,New,OUTAGE,Single Customer,CAN,NORMAL,42.334,-83.08254
SE26010902810,2026-01-09T16:31:09Z,2026-01-09T17:38:42Z,3,2026-01-09T15:51:18Z,2026-01-10T00:25:00Z,174,174,Wind damage,New,OUTAGE,Device (II),RFD,NORMAL,42.26202,-83.14115
SE26010902811,2026-01-09T16:31:09Z,2026-01-09T17:38:42Z,3,2026-01-09T15:52:53Z,2026-01-10T00:25:00Z,1,1,Wind damage,New,SERVICE DOWN NO,,RFD,NORMAL,42.43894,-83.25187
SE26010902819,2026-01-09T16:31:09Z,2026-01-09T17:00:59Z,2,2026-01-09T15:52:56Z,2026-01-10T00:25:00Z,1,1,Wind damage,New,OUTAGE,Single Customer,RFD,NORMAL,42.27512,-83.12173
SE26010902820,2026-01-09T16:31:09Z,2026-01-09T17:38:42Z,3,2026-01-09T15:53:04Z,2026-01-10T00:25:00Z,1,1,Wind damage,New,SERVICE DOWN NO,,RFD,NORMAL,42.40387,-83.27848
SE26010902831,2026-01-09T16:31:09Z,2026-01-09T17:38:42Z,3,2026-01-09T15:45:43Z,2026-01-10T00:25:00Z,1,1,Wind damage,New,OUTAGE,Single Customer,RFD,NORMAL,42.46254,-83.08673
SE26010902835,2026-01-09T16:31:09Z,2026-01-09T17:38:42Z,3,2026-01-09T15:53:10Z,2026-01-10T00:25:00Z,1,1,Wind damage,New,OUTAGE,Single Customer,RFD,NORMAL,42.3421,-83.27489
SE26010902836,2026-01-09T16:31:09Z,2026-01-09T17:38:42Z,3,2026-01-09T15:50:18Z,2026-01-10T00:25:00Z,2,2,Wind damage,New,OUTAGE,Service Secondary,RFD,NORMAL,42.52,-83.17139
SE26010902837,2026-01-09T16:31:09Z,2026-01-09T17:38:42Z,3,2026-01-09T15:49:10Z,2026-01-10T00:25:00Z,313,313,Wind damage,In Progres,OUTAGE,Device (II),CAN,NORMAL,42.3708,-83.09024
SE26010902841,2026-01-09T16:31:09Z,2026-01-09T16:31:09Z,1,2026-01-09T15:53:31Z,2026-01-10T00:25:00Z,1,1,Determined upon crew arrival,New,PRIORITY,,RFD,NORMAL,42.20266,-83.20716
SE26010902843,2026-01-09T16:31:09Z,2026-01-09T17:38:42Z,3,2026-01-09T15:48:48Z,2026-01-10T00:25:00Z,1,1,Wind damage,New,OUTAGE,Single Customer,CAN,NORMAL,42.43463,-83.09011
SE26010902851,2026-01-09T16:31:09Z,2026-01-09T17:00:59Z,2,2026-01-09T15:53:37Z,2026-01-10T00:25:00Z,1,1,Wind damage,New,OUTAGE,Single Customer,RFD,NORMAL,42.46837,-83.08816
SE26010902853,2026-01-09T16:31:09Z,2026-01-09T17:38:42Z,3,2026-01-09T15:53:35Z,2026-01-09T20:25:00Z,2,2,Wind damage,New,OUTAGE,Service Secondary,RFD,NORMAL,42.26314,-83.13804
SE26010902859,2026-01-09T16:31:09Z,2026-01-09T17:38:42Z,3,2026-01-09T15:51:13Z,2026-01-09T20:25:00Z,37,37,Wind damage,New,OUTAGE,Service Transformer,RFD,NORMAL,42.52506,-83.17419
SE26010902879,2026-01-09T16:31:09Z,2026-01-09T17:38:42Z,3,2026-01-09T15:44:29Z,2026-01-10T00:25:00Z,1,1,Wind damage,In Progres,OUTAGE,Single Customer,RFD,NORMAL,42.35152,-83.18987
SE26010902885,2026-01-09T16:31:09Z,2026-01-09T17:38:42Z,3,2026-01-09T15:54:13Z,2026-01-10T00:25:00Z,1,1,Wind damage,New,SERVICE DOWN NO,,RFD,NORMAL,42.4533,-83.22942
SE26010902886,2026-01-09T16:31:09Z,2026-01-09T17:38:42Z,3,2026-01-09T15:50:13Z,2026-01-10T00:25:00Z,22,22,Wind damage,New,OUTAGE,Service Transformer,RFD,NORMAL,42.52238,-83.17278
SE26010902888,2026-01-09T16:31:09Z,2026-01-09T17:38:42Z,3,2026-01-09T15:54:20Z,2026-01-10T00:25:00Z,1,1,Wind damage,New,SERVICE DOWN NO,,RFD,NORMAL,42.31744,-83.12502
SE26010902893,2026-01-09T16:31:09Z,2026-01-09T17:38:42Z,3,2026-01-09T15:50:13Z,2026-01-10T00:25:00Z,32,32,Wind damage,New,OUTAGE,Device (I),RFD,NORMAL,42.52296,-83.1741
SE26010902915,2026-01-09T16:31:09Z,2026-01-09T17:38:42Z,3,2026-01-09T15:54:47Z,2026-01-10T00:25:00Z,1,1,Wind damage,New,OUTAGE,Single Customer,CAN,NORMAL,42.33382,-83.11065
SE26010902917,2026-01-09T16:31:09Z,2026-01-09T17:38:42Z,3,2026-01-09T15:52:45Z,2026-01-10T00:25:00Z,7,7,Wind damage,New,OUTAGE,Service Transformer,RFD,NORMAL,42.41519,-83.28032
SE26010902940,2026-01-09T16:31:09Z,2026-01-09T17:38:42Z,3,2026-01-09T15:43:49Z,2026-01-10T00:25:00Z,52,52,Wind damage,New,OUTAGE,Device (II),RFD,NORMAL,42.43129,-83.22213
SE26010902941,2026-01-09T16:31:09Z,2026-01-09T17:38:42Z,3,2026-01-09T15:55:14Z,2026-01-10T00:25:00Z,69,69,Wind damage,In Progres,OUTAGE,Device (I),RFD,NORMAL,42.25437,-83.22069
SE26010902943,2026-01-09T16:31:09Z,2026-01-09T17:38:42Z,3,2026-01-09T15:53:31Z,2026-01-10T00:25:00Z,484,484,Wind damage,New,OUTAGE,Device (II),CAN,NORMAL,42.32659,-83.12126
SE26010902954,2026-01-09T16:31:09Z,2026-01-09T17:38:42Z,3,2026-01-09T15:55:31Z,2026-01-10T00:25:00Z,37,37,Wind damage,New,OUTAGE,Device (I),CAN,NORMAL,42.334,-83.08473
SE26010902955,2026-01-09T16:31:09Z,2026-01-09T17:38:42Z,3,2026-01-09T15:55:32Z,2026-01-09T20:25:00Z,12,12,Wind damage,New,OUTAGE,Service Transformer,RFD,NORMAL,42.37517,-83.1531
SE26010902965,2026-01-09T16:31:09Z,2026-01-09T17:38:42Z,3,2026-01-09T15:55:40Z,2026-01-09T20:25:00Z,2,2,Wind damage,New,OUTAGE,Service Secondary,RFD,NORMAL,42.32503,-83.27041
SE26010902969,2026-01-09T16:31:09Z,2026-01-09T17:38:42Z,3,2026-01-09T15:55:48Z,2026-01-10T00:25:00Z,1,1,Wind damage,New,OUTAGE,Single Customer,CAN,NORMAL,42.33806,-83.08095
SE26010902975,2026-01-09T16:31:09Z,2026-01-09T17:38:42Z,3,2026-01-09T15:56:00Z,2026-01-10T00:25:00Z,1,1,Wind damage,New,OUTAGE,Single Customer,RFD,NORMAL,42.40888,-83.17332
SE26010902977,2026-01-09T16:31:09Z,2026-01-09T17:38:42Z,3,2026-01-09T15:56:12Z,2026-01-10T00:25:00Z,1,1,Wind damage,New,SERVICE DOWN NO,,RFD,NORMAL,42.26438,-83.13962
SE26010902981,2026-01-09T16:31:09Z,2026-01-09T17:38:42Z,3,2026-01-09T15:56:09Z,2026-01-10T00:25:00Z,514,514,Wind damage,In Progres,OUTAGE,Device (II),RFD,NORMAL,42.43242,-83.25326
SE26010903014,2026-01-09T16:31:09Z,2026-01-09T17:38:42Z,3,2026-01-09T15:56:44Z,2026-01-10T00:25:00Z,1,1,Wind damage,New,OUTAGE,Single Customer,RFD,NORMAL,42.52958,-83.19297
SE26010903019,2026-01-09T16:31:09Z,2026-01-09T17:38:42Z,3,2026-01-09T15:54:25Z,2026-01-10T00:25:00Z,181,181,Wind damage,New,OUTAGE,Device (II),RFD,NORMAL,42.45425,-83.25163
SE26010903027,2026-01-09T16:31:09Z,2026-01-09T17:38:42Z,3,2026-01-09T15:54:58Z,2026-01-10T00:25:00Z,39,39,Wind damage,In Progres,OUTAGE,Device (I),RFD,NORMAL,42.50575,-83.27816
SE26010903031,2026-01-09T16:31:09Z,2026-01-09T17:38:42Z,3,2026-01-09T15:56:56Z,2026-01-10T00:25:00Z,2,2,Wind damage,New,OUTAGE,Service Secondary,CAN,NORMAL,42.37254,-83.09169
SE26010903043,2026-01-09T16:31:09Z,2026-01-09T17:38:42Z,3,2026-01-09T15:57:05Z,2026-01-10T00:25:00Z,1,1,Wind damage,New,OUTAGE,Single Customer,RFD,NORMAL,42.31328,-83.13284
SE26010903051,2026-01-09T16:31:09Z,2026-01-09T17:38:42Z,3,2026-01-09T15:48:15Z,2026-01-09T20:25:00Z,11,11,Wind damage,New,OUTAGE,Service Transformer,CAN,NORMAL,42.4061,-83.1319
SE26010903055,2026-01-09T16:31:09Z,2026-01-09T16:31:09Z,1,2026-01-09T15:43:53Z,2026-01-10T00:25:00Z,43,43,Wind damage,New,OUTAGE,Device (I),RFD,NORMAL,42.45319,-83.23244
SE26010903056,2026-01-09T16:31:09Z,2026-01-09T17:38:42Z,3,2026-01-09T15:57:20Z,2026-01-09T20:25:00Z,44,44,Wind damage,New,OUTAGE,Device (I),CAN,NORMAL,42.39876,-82.98919
SE26010903071,2026-01-09T16:31:09Z,2026-01-09T17:38:42Z,3,2026-01-09T15:57:36Z,2026-01-10T00:30:00Z,1,1,Wind damage,New,OUTAGE,Single Customer,RFD,NORMAL,42.35928,-83.17764
SE26010903077,2026-01-09T16:31:09Z,2026-01-09T17:38:42Z,3,2026-01-09T15:50:15Z,2026-01-09T20:30:00Z,6,6,Wind damage,New,OUTAGE,Service Transformer,RFD,NORMAL,42.52096,-83.17282
SE26010903096,2026-01-09T16:31:09Z,2026-01-09T17:00:59Z,2,2026-01-09T15:58:15Z,2026-01-10T00:30:00Z,1,1,Wind damage,New,OUTAGE,Single Customer,RFD,NORMAL,42.45272,-83.10351
SE26010903106,2026-01-09T16:31:09Z,2026-01-09T17:38:42Z,3,2026-01-09T15:58:24Z,2026-01-10T00:30:00Z,15,15,Wind damage,New,OUTAGE,Service Transformer,CAN,NORMAL,42.32161,-83.09363
SE26010903111,2026-01-09T16:31:09Z,2026-01-09T17:38:42Z,3,2026-01-09T15:58:31Z,2026-01-10T00:30:00Z,1,1,Wind damage,New,OUTAGE,Single Customer,RFD,NORMAL,42.38972,-83.20625
SE26010903120,2026-01-09T16:31:09Z,2026-01-09T17:38:42Z,3,2026-01-09T15:52:58Z,2026-01-09T20:30:00Z,14,14,Wind damage,New,OUTAGE,Device (I),CAN,NORMAL,42.42101,-82.9944
SE26010903127,2026-01-09T16:31:09Z,2026-01-09T16:31:09Z,1,2026-01-09T15:58:59Z,2026-01-10T00:30:00Z,1,1,Determined upon crew arrival,New,PRIORITY,,RFD,NORMAL,42.27603,-83.12077
SE26010903136,2026-01-09T16:31:09Z,2026-01-09T16:31:09Z,1,2026-01-09T15:58:53Z,2026-01-10T00:30:00Z,1,1,Determined upon crew arrival,New,PRIORITY,,RFD,NORMAL,42.21796,-83.20907
SE26010903141,2026-01-09T16:31:09Z,2026-01-09T17:38:42Z,3,2026-01-09T15:41:42Z,2026-01-10T00:30:00Z,1,1,Wind damage,New,SERVICE DOWN NO,,RFD,NORMAL,42.40898,-83.16806
SE26010903149,2026-01-09T16:31:09Z,2026-01-09T17:38:42Z,3,2026-01-09T15:59:20Z,2026-01-10T00:30:00Z,1,1,Wind damage,New,OUTAGE,Single Customer,RFD,NORMAL,42.37476,-83.23812
SE26010903150,2026-01-09T16:31:09Z,2026-01-09T17:38:42Z,3,2026-01-09T15:59:28Z,2026-01-10T00:30:00Z,1,1,Wind damage,New,SERVICE DOWN NO,,CAN,NORMAL,42.4061,-83.1319
SE26010903174,2026-01-09T16:31:09Z,2026-01-09T17:38:42Z,3,2026-01-09T15:44:24Z,2026-01-10T00:30:00Z,19,19,Wind damage,New,OUTAGE,Service Transformer,RFD,NORMAL,42.33693,-83.21256
SE26010903182,2026-01-09T16:31:09Z,2026-01-09T16:31:09Z,1,2026-01-09T16:00:03Z,2026-01-10T00:30:00Z,1,1,Wind damage,New,OUTAGE,Single Customer,RFD,NORMAL,42.31462,-83.26167
SE26010903197,2026-01-09T16:31:09Z,2026-01-09T17:38:42Z,3,2026-01-09T16:00:18Z,2026-01-10T00:30:00Z,1,1,Wind damage,New,OUTAGE,Single Customer,RFD,NORMAL,42.26247,-83.13826
SE26010903208,2026-01-09T16:31:09Z,2026-01-09T17:38:42Z,3,2026-01-09T16:01:02Z,2026-01-10T00:30:00Z,1,1,Wind damage,New,OUTAGE,Single Customer,RFD,NORMAL,42.26967,-83.13148
SE26010903214,2026-01-09T16:31:09Z,2026-01-09T17:38:42Z,3,2026-01-09T16:00:31Z,2026-01-09T20:30:00Z,2,2,Wind damage,New,OUTAGE,Service Secondary,RFD,NORMAL,42.37741,-83.21151
SE26010903272,2026-01-09T16:31:09Z,2026-01-09T17:38:42Z,3,2026-01-09T16:01:14Z,2026-01-10T00:30:00Z,1,1,Wind damage,New,OUTAGE,Single Customer,CAN,NORMAL,42.32204,-83.09422
SE26010903280,2026-01-09T16:31:09Z,2026-01-09T17:38:42Z,3,2026-01-09T16:01:21Z,2026-01-09T20:30:00Z,5,5,Wind damage,New,OUTAGE,Device (II),RFD,NORMAL,42.51038,-83.11715
SE26010903284,2026-01-09T16:31:09Z,2026-01-09T17:38:42Z,3,2026-01-09T16:01:29Z,2026-01-10T00:30:00Z,1,1,Determined upon crew arrival,New,PRIORITY,,RFD,NORMAL,42.27533,-83.1302
SE26010903285,2026-01-09T16:31:09Z,2026-01-09T17:38:42Z,3,2026-01-09T15:46:35Z,2026-01-10T00:30:00Z,1,1,Wind damage,New,SERVICE DOWN NO,,RFD,NORMAL,42.41658,-83.14953
SE26010903286,2026-01-09T16:31:09Z,2026-01-09T17:38:42Z,3,2026-01-09T16:01:19Z,2026-01-10T00:30:00Z,800,800,Wind damage,New,OUTAGE,Device (II),RFD,NORMAL,42.2489,-83.2047
SE26010903287,2026-01-09T16:31:09Z,2026-01-09T17:38:42Z,3,2026-01-09T16:01:29Z,2026-01-10T00:30:00Z,279,279,Wind damage,In Progres,OUTAGE,Device (II),RFD,NORMAL,42.45673,-83.22441
SE26010903294,2026-01-09T16:31:09Z,2026-01-09T17:38:42Z,3,2026-01-08T21:45:35Z,2026-01-10T00:30:00Z,303,303,Wind damage,In Progres,OUTAGE,Circuit Level,CAN,NORMAL,42.33946,-83.11043
SE26010903313,2026-01-09T16:31:09Z,2026-01-09T17:38:42Z,3,2026-01-09T15:55:15Z,2026-01-09T20:30:00Z,2,2,Wind damage,New,OUTAGE,Service Secondary,RFD,NORMAL,42.33793,-83.2138
SE26010903393,2026-01-09T16:31:09Z,2026-01-09T17:38:42Z,3,2026-01-09T16:02:18Z,2026-01-10T00:30:00Z,1,1,Wind damage,New,OUTAGE,Single Customer,RFD,NORMAL,42.33903,-83.13676
SE26010903406,2026-01-09T16:31:09Z,2026-01-09T17:38:42Z,3,2026-01-09T15:48:55Z,2026-01-09T20:30:00Z,4,4,Wind damage,New,OUTAGE,Service Transformer,CAN,NORMAL,42.33714,-83.08436
SE26010903408,2026-01-09T16:31:09Z,2026-01-09T17:38:42Z,3,2026-01-09T16:02:19Z,2026-01-10T00:30:00Z,1,1,Wind damage,New,OUTAGE,Single Customer,RFD,NORMAL,42.40688,-83.14785
SE26010903420,2026-01-09T16:31:09Z,2026-01-09T17:38:42Z,3,2026-01-09T16:02:29Z,2026-01-10T00:35:00Z,1,1,Wind damage,New,OUTAGE,Single Customer,CAN,NORMAL,42.43032,-82.95143
SE26010903447,2026-01-09T16:31:09Z,2026-01-09T17:38:42Z,3,2026-01-09T16:02:39Z,2026-01-09T20:35:00Z,21,21,Wind damage,New,OUTAGE,Device (I),CAN,NORMAL,42.33384,-83.08522
SE26010903456,2026-01-09T16:31:09Z,2026-01-09T17:38:42Z,3,2026-01-09T15:47:31Z,2026-01-10T00:35:00Z,19,19,Wind damage,In Progres,OUTAGE,Device (I),RFD,NORMAL,42.40074,-83.15695
SE26010903479,2026-01-09T16:31:09Z,2026-01-09T17:38:42Z,3,2026-01-09T16:03:13Z,2026-01-10T00:35:00Z,1,1,Wind damage,New,OUTAGE,Single Customer,RFD,NORMAL,42.46269,-83.09202
SE26010903490,2026-01-09T16:31:09Z,2026-01-09T17:38:42Z,3,2026-01-09T16:01:23Z,2026-01-09T20:35:00Z,28,28,Wind damage,In Progres,OUTAGE,Device (I),RFD,NORMAL,42.47764,-83.17587
SE26010903505,2026-01-09T16:31:09Z,2026-01-09T17:38:42Z,3,2026-01-09T16:03:39Z,2026-01-09T20:35:00Z,2,2,Wind damage,New,OUTAGE,Service Secondary,RFD,NORMAL,42.33433,-83.12388
SE26010903522,2026-01-09T16:31:09Z,2026-01-09T17:38:42Z,3,2026-01-09T16:03:55Z,2026-01-09T20:35:00Z,2,2,Wind damage,New,OUTAGE,Service Secondary,RFD,NORMAL,42.34489,-83.18228
SE26010903548,2026-01-09T16:31:09Z,2026-01-09T17:38:42Z,3,2026-01-09T15:49:00Z,2026-01-10T00:35:00Z,268,268,Wind damage,In Progres,OUTAGE,Device (II),RFD,NORMAL,42.31766,-83.12675
SE26010903570,2026-01-09T16:31:09Z,2026-01-09T17:38:42Z,3,2026-01-09T16:04:51Z,2026-01-10T00:35:00Z,1,1,Wind damage,In Progres,SERVICE DOWN NO,,CAN,NORMAL,42.34058,-83.10705
SE26010903571,2026-01-09T16:31:09Z,2026-01-09T17:38:42Z,3,2026-01-09T16:04:52Z,2026-01-10T00:35:00Z,1,1,Wind damage,New,SERVICE DOWN NO,,RFD,NORMAL,42.20841,-83.20644
SE26010903583,2026-01-09T16:31:09Z,2026-01-09T17:38:42Z,3,2026-01-09T16:04:52Z,2026-01-09T20:35:00Z,2,2,Wind damage,New,OUTAGE,Service Secondary,CAN,NORMAL,42.39797,-83.01708
SE26010903607,2026-01-09T16:31:09Z,2026-01-09T17:38:42Z,3,2026-01-09T16:00:43Z,2026-01-09T20:35:00Z,25,25,Wind damage,In Progres,OUTAGE,Service Transformer,RFD,NORMAL,42.43641,-83.14318
SE26010903617,2026-01-09T16:31:09Z,2026-01-09T17:38:42Z,3,2026-01-09T15:52:44Z,2026-01-09T20:35:00Z,18,18,Wind damage,New,OUTAGE,Service Transformer,RFD,NORMAL,42.41652,-83.28051
SE26010903620,2026-01-09T16:31:09Z,2026-01-09T17:38:42Z,3,2026-01-09T15:55:50Z,2026-01-10T00:35:00Z,1,1,Wind damage,New,OUTAGE,Single Customer,CAN,NORMAL,42.40192,-83.04849
SE26010903642,2026-01-09T16:31:09Z,2026-01-09T17:38:42Z,3,2026-01-09T16:06:11Z,2026-01-09T20:35:00Z,39,39,Wind damage,New,OUTAGE,Service Transformer,CAN,NORMAL,42.32865,-83.11201
SE26010903646,2026-01-09T16:31:09Z,2026-01-09T17:38:42Z,3,2026-01-09T16:06:22Z,2026-01-10T00:35:00Z,1,1,Wind damage,In Progres,SERVICE DOWN NO,,RFD,NORMAL,42.3383,-83.30577
SE26010903658,2026-01-09T16:31:09Z,2026-01-09T17:38:42Z,3,2026-01-09T15:51:53Z,2026-01-09T20:35:00Z,40,40,Wind damage,New,OUTAGE,Service Transformer,RFD,NORMAL,42.27446,-83.12834
SE26010903659,2026-01-09T16:31:09Z,2026-01-09T17:38:42Z,3,2026-01-09T16:06:37Z,2026-01-09T20:35:00Z,25,25,Wind damage,New,OUTAGE,Service Transformer,RFD,NORMAL,42.27533,-83.1302
SE26010903668,2026-01-09T16:31:09Z,2026-01-09T16:31:09Z,1,2026-01-09T15:51:45Z,2026-01-10T00:35:00Z,2,2,Wind damage,New,OUTAGE,Service Transformer,RFD,NORMAL,42.27721,-83.12011
SE26010903672,2026-01-09T16:31:09Z,2026-01-09T16:31:09Z,1,2026-01-09T15:51:45Z,2026-01-10T00:35:00Z,4,4,Wind damage,New,OUTAGE,Service Transformer,RFD,NORMAL,42.29352,-83.12649
SE26010903675,2026-01-09T16:31:09Z,2026-01-09T17:38:42Z,3,2026-01-09T16:07:00Z,2026-01-10T00:35:00Z,1,1,Wind damage,New,SERVICE DOWN NO,,RFD,NORMAL,42.38958,-83.28748
SE26010903676,2026-01-09T16:31:09Z,2026-01-09T17:38:42Z,3,2026-01-09T16:06:56Z,2026-01-10T00:35:00Z,1,1,Wind damage,New,OUTAGE,Single Customer,RFD,NORMAL,42.40829,-83.14789
SE26010903677,2026-01-09T16:31:09Z,2026-01-09T17:38:42Z,3,2026-01-09T16:07:03Z,2026-01-10T00:35:00Z,1,1,Wind damage,New,SERVICE DOWN NO,,RFD,NORMAL,42.2835,-83.24332
SE26010903689,2026-01-09T16:31:09Z,2026-01-09T16:31:09Z,1,2026-01-09T15:51:51Z,2026-01-10T00:35:00Z,3,3,Wind damage,New,OUTAGE,Service Transformer,RFD,NORMAL,42.27808,-83.12963
SE26010903714,2026-01-09T16:31:09Z,2026-01-09T17:00:59Z,2,2026-01-09T16:07:45Z,2026-01-10T00:40:00Z,1,1,Determined upon crew arrival,In Progres,OUTAGE,Single Customer,RFD,NORMAL,42.37985,-83.14439
SE26010903716,2026-01-09T16:31:09Z,2026-01-09T17:38:42Z,3,2026-01-09T16:07:54Z,2026-01-10T00:40:00Z,1,1,Determined upon crew arrival,New,PRIORITY,,CAN,NORMAL,42.44518,-83.01992
SE26010903726,2026-01-09T16:31:09Z,2026-01-09T17:38:42Z,3,2026-01-09T16:08:10Z,2026-01-10T00:40:00Z,1,1,Determined upon crew arrival,New,PRIORITY,,RFD,NORMAL,42.29532,-83.288
SE26010903730,2026-01-09T16:31:09Z,2026-01-09T17:38:42Z,3,2026-01-09T15:46:39Z,2026-01-10T00:40:00Z,1,1,Wind damage,New,SERVICE DOWN NO,,RFD,NORMAL,42.20841,-83.20644
SE26010903751,2026-01-09T16:31:09Z,2026-01-09T17:38:42Z,3,2026-01-09T16:08:45Z,2026-01-10T00:40:00Z,1,1,Wind damage,New,SERVICE DOWN NO,,CAN,NORMAL,42.43357,-83.01348
SE26010903755,2026-01-09T16:31:09Z,2026-01-09T17:38:42Z,3,2026-01-09T15:43:54Z,2026-01-10T00:40:00Z,1,1,Wind damage,New,OUTAGE,Single Customer,RFD,NORMAL,42.36487,-83.17344
SE26010903757,2026-01-09T16:31:09Z,2026-01-09T17:38:42Z,3,2026-01-09T16:08:52Z,2026-01-10T00:40:00Z,1,1,Wind damage,New,SERVICE DOWN NO,,CAN,NORMAL,42.41212,-82.9837
SE26010903762,2026-01-09T16:31:09Z,2026-01-09T17:38:42Z,3,2026-01-09T16:00:51Z,2026-01-10T00:40:00Z,1,1,Wind damage,New,OUTAGE,Single Customer,RFD,NORMAL,42.51667,-83.15712
SE26010903763,2026-01-09T16:31:09Z,2026-01-09T17:00:59Z,2,2026-01-09T16:08:53Z,2026-01-10T00:40:00Z,1,1,Determined upon crew arrival,New,PRIORITY,,RFD,NORMAL,42.27767,-83.12208
SE26010903790,2026-01-09T16:31:09Z,2026-01-09T17:38:42Z,3,2026-01-09T15:54:32Z,2026-01-09T20:40:00Z,2,2,Wind damage,New,OUTAGE,Service Secondary,RFD,NORMAL,42.45606,-83.25083
SE26010903806,2026-01-09T16:31:09Z,2026-01-09T17:38:42Z,3,2026-01-09T16:09:31Z,2026-01-09T20:40:00Z,27,27,Wind damage,New,OUTAGE,Service Transformer,CAN,NORMAL,42.40489,-82.95318
SE26010903809,2026-01-09T16:31:09Z,2026-01-09T17:38:42Z,3,2026-01-09T16:09:34Z,2026-01-10T00:40:00Z,1,1,Wind damage,New,OUTAGE,Single Customer,RFD,NORMAL,42.3491,-83.17415
SE26010903810,2026-01-09T16:31:09Z,2026-01-09T17:38:42Z,3,2026-01-09T16:09:41Z,2026-01-09T20:40:00Z,4,4,Wind damage,New,OUTAGE,Service Transformer,CAN,NORMAL,42.33524,-83.08326
SE26010903817,2026-01-09T16:31:09Z,2026-01-09T17:38:42Z,3,2026-01-09T16:09:46Z,2026-01-09T20:40:00Z,16,16,Wind damage,New,OUTAGE,Service Transformer,RFD,NORMAL,42.36632,-83.20142
SE26010903822,2026-01-09T16:31:09Z,2026-01-09T17:38:42Z,3,2026-01-09T16:10:09Z,2026-01-10T00:40:00Z,1,1,Wind damage,New,SERVICE DOWN NO,,CAN,NORMAL,42.43483,-83.08343
SE26010903842,2026-01-09T16:31:09Z,2026-01-09T17:38:42Z,3,2026-01-09T16:09:32Z,2026-01-09T20:40:00Z,30,30,Wind damage,In Progres,OUTAGE,Service Transformer,RFD,NORMAL,42.49686,-83.1205
SE26010903844,2026-01-09T16:31:09Z,2026-01-09T17:38:42Z,3,2026-01-09T15:53:34Z,2026-01-10T00:25:00Z,14,14,Wind damage,In Progres,OUTAGE,Service Transformer,RFD,NORMAL,42.32378,-83.12129
SE26010903845,2026-01-09T16:31:09Z,2026-01-09T17:38:42Z,3,2026-01-09T16:08:30Z,2026-01-10T00:25:00Z,1,1,Wind damage,New,OUTAGE,Single Customer,RFD,NORMAL,42.32611,-83.12276
SE26010903846,2026-01-09T16:31:09Z,2026-01-09T16:31:09Z,1,2026-01-09T15:53:40Z,2026-01-10T00:25:00Z,2,2,Wind damage,New,OUTAGE,Service Secondary,RFD,NORMAL,42.32489,-83.12159
SE26010903858,2026-01-09T16:31:09Z,2026-01-09T17:38:42Z,3,2026-01-09T16:01:01Z,2026-01-10T00:40:00Z,1,1,Wind damage,In Progres,OUTAGE,Single Customer,RFD,NORMAL,42.36465,-83.20307
SE26010903859,2026-01-09T16:31:09Z,2026-01-09T17:38:42Z,3,2026-01-09T16:09:31Z,2026-01-09T20:40:00Z,22,22,Wind damage,In Progres,OUTAGE,Service Transformer,RFD,NORMAL,42.50032,-83.12207
SE26010903864,2026-01-09T16:31:09Z,2026-01-09T16:31:09Z,1,2026-01-09T15:56:21Z,2026-01-10T00:25:00Z,476,476,Wind damage,New,OUTAGE,Device (I),RFD,NORMAL,42.4328,-83.25357
SE26010903877,2026-01-09T16:31:09Z,2026-01-09T17:38:42Z,3,2026-01-09T16:11:23Z,2026-01-09T20:40:00Z,2,2,Wind damage,New,OUTAGE,Service Secondary,RFD,NORMAL,42.27848,-83.27618
SE26010903884,2026-01-09T16:31:09Z,2026-01-09T16:31:09Z,1,2026-01-09T15:55:52Z,2026-01-10T00:40:00Z,1,1,Wind damage,New,OUTAGE,Single Customer,RFD,NORMAL,42.48754,-83.10356
SE26010903885,2026-01-09T16:31:09Z,2026-01-09T17:00:59Z,2,2026-01-09T16:11:31Z,2026-01-10T00:40:00Z,1,1,Wind damage,New,OUTAGE,Single Customer,RFD,NORMAL,42.449,-83.10371
SE26010903889,2026-01-09T16:31:09Z,2026-01-09T16:31:09Z,1,2026-01-09T16:11:45Z,2026-01-10T00:40:00Z,1,1,Wind damage,New,OUTAGE,Single Customer,CAN,NORMAL,42.39859,-82.98966
SE26010903908,2026-01-09T16:31:09Z,2026-01-09T16:31:09Z,1,2026-01-09T15:55:58Z,,2,2,Wind damage,New,OUTAGE,Service Secondary,RFD,NORMAL,42.47955,-83.10278
SE26010903912,2026-01-09T16:31:09Z,2026-01-09T16:31:09Z,1,2026-01-09T15:56:02Z,,1,1,Wind damage,New,OUTAGE,Single Customer,RFD,NORMAL,42.4817,-83.10416
SE26010903916,2026-01-09T16:31:09Z,2026-01-09T17:00:59Z,2,2026-01-09T16:12:36Z,2026-01-09T20:45:00Z,1,1,Determined upon crew arrival,New,PRIORITY,,RFD,NORMAL,42.51036,-83.11693
SE26010903917,2026-01-09T16:31:09Z,2026-01-09T16:31:09Z,1,2026-01-09T15:56:04Z,,1,1,Wind damage,New,OUTAGE,Single Customer,RFD,NORMAL,42.48166,-83.10575
SE26010903920,2026-01-09T16:31:09Z,2026-01-09T16:31:09Z,1,2026-01-09T16:12:23Z,,1,1,Wind damage,New,OUTAGE,Circuit Level,CAN,NORMAL,42.37055,-83.05738
SE26010903923,2026-01-09T16:31:09Z,2026-01-09T17:38:42Z,3,2026-01-09T16:10:07Z,2026-01-10T00:45:00Z,1,1,Wind damage,New,OUTAGE,Single Customer,RFD,NORMAL,42.41243,-83.15945
SE26010903924,2026-01-09T16:31:09Z,2026-01-09T17:38:42Z,3,2026-01-09T16:12:38Z,2026-01-10T00:45:00Z,1,1,Wind damage,New,OUTAGE,Single Customer,RFD,NORMAL,42.49553,-83.11814
SE26010903925,2026-01-09T16:31:09Z,2026-01-09T17:38:42Z,3,2026-01-09T16:12:33Z,2026-01-09T20:45:00Z,638,638,Wind damage,New,OUTAGE,Circuit Level,RFD,NORMAL,42.48328,-83.15783
SE26010903926,2026-01-09T16:31:09Z,2026-01-09T17:38:42Z,3,2026-01-09T16:12:34Z,2026-01-10T00:45:00Z,1,1,Wind damage,New,OUTAGE,Single Customer,RFD,NORMAL,42.49193,-83.10239
SE26010903936,2026-01-09T16:31:09Z,2026-01-09T16:31:09Z,1,2026-01-09T16:12:52Z,,1,1,Wind damage,New,OUTAGE,Single Customer,RFD,NORMAL,42.46012,-83.10935
SE26010903938,2026-01-09T16:31:09Z,2026-01-09T17:38:42Z,3,2026-01-09T16:05:52Z,2026-01-10T00:45:00Z,1,1,Wind damage,New,OUTAGE,Single Customer,RFD,NORMAL,42.46891,-83.16686
SE26010903948,2026-01-09T16:31:09Z,2026-01-09T16:31:09Z,1,2026-01-09T15:57:07Z,,1,1,Determined upon crew arrival,New,OUTAGE,Single Customer,CAN,NORMAL,42.41935,-83.05041
SE26010903965,2026-01-09T16:31:09Z,2026-01-09T17:38:42Z,3,2026-01-09T16:07:16Z,2026-01-10T00:45:00Z,1,1,Wind damage,New,SERVICE DOWN NO,,RFD,NORMAL,42.49947,-83.24435
SE26010903973,2026-01-09T16:31:09Z,2026-01-09T16:31:09Z,1,2026-01-09T15:58:03Z,,1,1,Determined upon crew arrival,New,OUTAGE,Single Customer,RFD,NORMAL,42.41493,-83.28434
SE26010904000,2026-01-09T16:31:09Z,2026-01-09T17:38:42Z,3,2026-01-09T16:14:11Z,2026-01-10T00:45:00Z,1,1,Wind damage,In Progres,SERVICE DOWN NO,,RFD,NORMAL,42.45646,-83.22496
SE26010904011,2026-01-09T16:31:09Z,2026-01-09T17:38:42Z,3,2026-01-09T16:14:14Z,2026-01-09T20:45:00Z,2,2,Wind damage,New,OUTAGE,Service Secondary,RFD,NORMAL,42.35618,-83.24247
SE26010904013,2026-01-09T16:31:09Z,2026-01-09T17:38:42Z,3,2026-01-09T16:14:12Z,2026-01-10T00:45:00Z,1,1,Wind damage,In Progres,OUTAGE,Single Customer,RFD,NORMAL,42.39777,-83.15467
SE26010904014,2026-01-09T16:31:09Z,2026-01-09T16:31:09Z,1,2026-01-09T15:58:15Z,,1,1,Determined upon crew arrival,New,OUTAGE,Single Customer,CAN,NORMAL,42.42808,-82.9829
SE26010904025,2026-01-09T16:31:09Z,2026-01-09T16:31:09Z,1,2026-01-09T15:58:47Z,,1,1,Determined upon crew arrival,New,OUTAGE,Single Customer,RFD,NORMAL,42.44569,-83.31157
SE26010904042,2026-01-09T16:31:09Z,2026-01-09T16:31:09Z,1,2026-01-09T15:59:28Z,,1,1,Determined upon crew arrival,New,OUTAGE,Single Customer,RFD,NORMAL,42.27237,-83.13394
SE26010904043,2026-01-09T16:31:09Z,2026-01-09T16:31:09Z,1,2026-01-09T16:14:44Z,,1,1,Determined upon crew arrival,New,OUTAGE,Single Customer,RFD,NORMAL,42.5021,-83.10497
SE26010904047,2026-01-09T16:31:09Z,2026-01-09T17:38:42Z,3,2026-01-09T16:14:59Z,2026-01-10T00:45:00Z,1,1,Wind damage,New,SERVICE DOWN NO,,RFD,NORMAL,42.45141,-83.09676
SW26010902383,2026-01-09T16:31:09Z,2026-01-09T16:31:09Z,1,2026-01-09T15:44:53Z,2026-01-10T00:15:00Z,7,7,Wind damage,New,OUTAGE,Service Transformer,WWS,NORMAL,42.17972,-83.46397
SW26010902395,2026-01-09T16:31:09Z,2026-01-09T17:38:42Z,3,2026-01-09T15:43:45Z,2026-01-10T00:15:00Z,403,403,Wind damage,New,OUTAGE,Circuit Level,WWS,NORMAL,42.28191,-83.31167
SW26010902399,2026-01-09T16:31:09Z,2026-01-09T17:38:42Z,3,2026-01-09T15:42:48Z,2026-01-10T00:15:00Z,9,9,Wind damage,In Progres,OUTAGE,Device (I),ANN,NORMAL,42.32158,-83.60751
SW26010902413,2026-01-09T16:31:09Z,2026-01-09T17:38:42Z,3,2026-01-09T15:45:48Z,2026-01-10T00:15:00Z,1,1,Determined upon crew arrival,New,PRIORITY,,WWS,NORMAL,42.26291,-83.24806
SW26010902471,2026-01-09T16:31:09Z,2026-01-09T17:38:42Z,3,2026-01-09T15:44:54Z,2026-01-10T00:15:00Z,36,36,Wind damage,In Progres,OUTAGE,Device (I),ANN,NORMAL,42.27227,-83.7161
SW26010902494,2026-01-09T16:31:09Z,2026-01-09T17:38:42Z,3,2026-01-09T15:44:40Z,2026-01-10T00:15:00Z,54,54,Wind damage,In Progres,OUTAGE,Device (I),WWS,NORMAL,42.23187,-83.25229
SW26010902498,2026-01-09T16:31:09Z,2026-01-09T16:31:09Z,1,2026-01-09T15:46:49Z,2026-01-10T00:15:00Z,1,1,Wind damage,New,OUTAGE,Single Customer,WWS,NORMAL,42.17705,-83.46079
SW26010902502,2026-01-09T16:31:09Z,2026-01-09T17:38:42Z,3,2026-01-09T15:46:52Z,2026-01-10T00:15:00Z,2,2,Wind damage,New,OUTAGE,Service Secondary,WWS,NORMAL,42.29078,-83.38542
SW26010902547,2026-01-09T16:31:09Z,2026-01-09T17:38:42Z,3,2026-01-09T15:48:07Z,2026-01-09T20:20:00Z,203,203,Wind damage,New,OUTAGE,Device (II),WWS,NORMAL,42.17171,-83.50194
SW26010902590,2026-01-09T16:31:09Z,2026-01-09T17:38:42Z,3,2026-01-09T15:47:14Z,2026-01-10T00:20:00Z,497,497,Wind damage,In Progres,OUTAGE,Device (II),WWS,NORMAL,42.21014,-83.23752
SW26010902606,2026-01-09T16:31:09Z,2026-01-09T16:31:09Z,1,2026-01-09T15:49:17Z,2026-01-10T00:20:00Z,1,1,Wind damage,New,OUTAGE,Single Customer,WWS,NORMAL,42.1743,-83.45822
SW26010902655,2026-01-09T16:31:09Z,2026-01-09T16:31:09Z,1,2026-01-09T15:50:08Z,2026-01-10T00:20:00Z,1,1,Wind damage,New,OUTAGE,Single Customer,WWS,NORMAL,42.17555,-83.48748
SW26010902656,2026-01-09T16:31:09Z,2026-01-09T17:38:42Z,3,2026-01-09T15:50:11Z,2026-01-10T00:20:00Z,1,1,Wind damage,New,OUTAGE,Single Customer,WWS,NORMAL,42.26993,-83.37679
SW26010902663,2026-01-09T16:31:09Z,2026-01-09T17:38:42Z,3,2026-01-09T15:48:58Z,2026-01-10T00:20:00Z,22,22,Wind damage,In Progres,OUTAGE,Device (I),WWS,NORMAL,42.40345,-83.34054
SW26010902680,2026-01-09T16:31:09Z,2026-01-09T17:38:42Z,3,2026-01-09T15:47:44Z,2026-01-10T00:20:00Z,86,86,Wind damage,New,OUTAGE,Device (II),WWS,NORMAL,42.38665,-83.34646
SW26010902688,2026-01-09T16:31:09Z,2026-01-09T17:38:42Z,3,2026-01-09T15:47:45Z,2026-01-10T00:20:00Z,8,8,Wind damage,New,OUTAGE,Service Transformer,NPT,NORMAL,41.95731,-83.6676
SW26010902694,2026-01-09T16:31:09Z,2026-01-09T17:38:42Z,3,2026-01-09T15:49:14Z,2026-01-10T00:20:00Z,79,79,Wind damage,New,OUTAGE,Device (I),NPT,NORMAL,41.91069,-83.41188
SW26010902696,2026-01-09T16:31:09Z,2026-01-09T16:31:09Z,1,2026-01-09T15:50:54Z,2026-01-10T00:20:00Z,6,6,Wind damage,New,OUTAGE,Service Transformer,WWS,NORMAL,42.17611,-83.49123
SW26010902741,2026-01-09T16:31:09Z,2026-01-09T16:31:09Z,1,2026-01-09T15:51:48Z,2026-01-10T00:20:00Z,1,1,Wind damage,New,OUTAGE,Single Customer,WWS,NORMAL,42.17473,-83.49161
SW26010902752,2026-01-09T16:31:09Z,2026-01-09T17:38:42Z,3,2026-01-09T15:51:54Z,2026-01-10T00:20:00Z,1,1,Wind damage,New,OUTAGE,Single Customer,WWS,NORMAL,42.2558,-83.25122
SW26010902792,2026-01-09T16:31:09Z,2026-01-09T16:31:09Z,1,2026-01-09T15:42:53Z,2026-01-10T00:25:00Z,1,1,Wind damage,New,OUTAGE,Single Customer,WWS,NORMAL,42.23051,-83.28119
SW26010902796,2026-01-09T16:31:09Z,2026-01-09T16:31:09Z,1,2026-01-09T15:52:27Z,2026-01-10T00:25:00Z,1,1,Wind damage,New,OUTAGE,Single Customer,WWS,NORMAL,42.16909,-83.46081
SW26010902803,2026-01-09T16:31:09Z,2026-01-09T16:31:09Z,1,2026-01-09T15:52:45Z,2026-01-10T00:25:00Z,1,1,Determined upon crew arrival,New,PRIORITY,,WWS,NORMAL,42.29706,-83.29165
SW26010902816,2026-01-09T16:31:09Z,2026-01-09T16:31:09Z,1,2026-01-09T15:52:59Z,2026-01-10T00:25:00Z,1,1,Determined upon crew arrival,New,PRIORITY,,WWS,NORMAL,42.16917,-83.32327
SW26010902834,2026-01-09T16:31:09Z,2026-01-09T16:31:09Z,1,2026-01-09T15:53:07Z,2026-01-10T00:25:00Z,2,2,Wind damage,New,OUTAGE,Service Secondary,WWS,NORMAL,42.17019,-83.50297
SW26010902842,2026-01-09T16:31:09Z,2026-01-09T16:31:09Z,1,2026-01-09T15:53:25Z,2026-01-10T00:25:00Z,1,1,Wind damage,New,OUTAGE,Single Customer,WWS,NORMAL,42.18166,-83.46411
SW26010902848,2026-01-09T16:31:09Z,2026-01-09T17:38:42Z,3,2026-01-09T15:53:35Z,2026-01-10T00:25:00Z,1,1,Wind damage,New,OUTAGE,Single Customer,ANN,NORMAL,42.16054,-83.67203
SW26010902874,2026-01-09T16:31:09Z,2026-01-09T16:31:09Z,1,2026-01-09T15:53:59Z,2026-01-10T00:25:00Z,3,3,Wind damage,New,OUTAGE,Service Transformer,WWS,NORMAL,42.17464,-83.5046
SW26010902907,2026-01-09T16:31:09Z,2026-01-09T16:31:09Z,1,2026-01-09T15:54:36Z,2026-01-10T00:25:00Z,2,2,Wind damage,New,OUTAGE,Service Secondary,WWS,NORMAL,42.17679,-83.49348
SW26010902914,2026-01-09T16:31:09Z,2026-01-09T17:38:42Z,3,2026-01-09T15:47:15Z,2026-01-10T00:25:00Z,3,3,Wind damage,In Progres,OUTAGE,Service Transformer,WWS,NORMAL,42.48374,-83.34429
SW26010902938,2026-01-09T16:31:09Z,2026-01-09T16:31:09Z,1,2026-01-09T15:55:13Z,2026-01-10T00:25:00Z,1,1,Wind damage,New,OUTAGE,Single Customer,WWS,NORMAL,42.17075,-83.50162
SW26010902968,2026-01-09T16:31:09Z,2026-01-09T16:31:09Z,1,2026-01-09T15:55:48Z,2026-01-10T00:25:00Z,2,2,Wind damage,New,OUTAGE,Service Secondary,WWS,NORMAL,42.17521,-83.46699
SW26010902999,2026-01-09T16:31:09Z,2026-01-09T17:38:42Z,3,2026-01-09T15:50:59Z,2026-01-09T20:25:00Z,29,29,Wind damage,In Progres,OUTAGE,Device (II),WWS,NORMAL,42.19523,-83.42291
SW26010903001,2026-01-09T16:31:09Z,2026-01-09T16:31:09Z,1,2026-01-09T15:56:27Z,2026-01-10T00:25:00Z,1,1,Wind damage,New,OUTAGE,Single Customer,WWS,NORMAL,42.17608,-83.50265
SW26010903010,2026-01-09T16:31:09Z,2026-01-09T17:38:42Z,3,2026-01-09T15:44:55Z,2026-01-10T00:25:00Z,17,17,Wind damage,In Progres,OUTAGE,Service Transformer,ANN,NORMAL,42.27575,-83.72722
SW26010903013,2026-01-09T16:31:09Z,2026-01-09T17:38:42Z,3,2026-01-09T15:49:14Z,2026-01-10T00:25:00Z,1,1,Wind damage,New,OUTAGE,Single Customer,NPT,NORMAL,41.91225,-83.41107
SW26010903024,2026-01-09T16:31:09Z,2026-01-09T16:31:09Z,1,2026-01-09T15:56:40Z,2026-01-10T00:25:00Z,1,1,Wind damage,New,OUTAGE,Single Customer,WWS,NORMAL,42.16931,-83.50111
SW26010903063,2026-01-09T16:31:09Z,2026-01-09T17:38:42Z,3,2026-01-09T15:57:26Z,2026-01-10T00:25:00Z,1,1,Wind damage,New,OUTAGE,Single Customer,WWS,NORMAL,42.1514,-83.37068
SW26010903067,2026-01-09T16:31:09Z,2026-01-09T16:31:09Z,1,2026-01-09T15:57:30Z,2026-01-10T00:30:00Z,1,1,Wind damage,New,OUTAGE,Single Customer,WWS,NORMAL,42.1787,-83.46173
SW26010903068,2026-01-09T16:31:09Z,2026-01-09T17:38:42Z,3,2026-01-09T15:56:01Z,2026-01-10T00:30:00Z,1,1,Wind damage,New,OUTAGE,Single Customer,ANN,NORMAL,42.15912,-83.90224
SW26010903105,2026-01-09T16:31:09Z,2026-01-09T16:31:09Z,1,2026-01-09T15:57:09Z,2026-01-10T00:30:00Z,49,49,Wind damage,In Progres,OUTAGE,Service Transformer,ANN,NORMAL,42.08463,-83.68382
SW26010903107,2026-01-09T16:31:09Z,2026-01-09T16:31:09Z,1,2026-01-09T15:58:27Z,2026-01-10T00:30:00Z,1,1,Wind damage,New,OUTAGE,Single Customer,WWS,NORMAL,42.1761,-83.49585
SW26010903108,2026-01-09T16:31:09Z,2026-01-09T17:38:42Z,3,2026-01-09T15:58:42Z,2026-01-10T00:30:00Z,1,1,Determined upon crew arrival,New,PRIORITY,,WWS,NORMAL,42.23128,-83.29618
SW26010903140,2026-01-09T16:31:09Z,2026-01-09T17:38:42Z,3,2026-01-09T15:59:16Z,2026-01-10T00:30:00Z,1,1,Determined upon crew arrival,New,PRIORITY,,WWS,NORMAL,42.2693,-83.3707
SW26010903199,2026-01-09T16:31:09Z,2026-01-09T17:38:42Z,3,2026-01-09T15:50:22Z,2026-01-10T00:30:00Z,1,1,Wind damage,New,OUTAGE,Single Customer,NPT,NORMAL,42.02882,-83.22594
SW26010903361,2026-01-09T16:31:09Z,2026-01-09T17:38:42Z,3,2026-01-09T16:00:24Z,2026-01-09T20:30:00Z,87,87,Wind damage,In Progres,OUTAGE,Device (II),WWS,NORMAL,42.14941,-83.31549
SW26010903390,2026-01-09T16:31:09Z,2026-01-09T17:38:42Z,3,2026-01-09T16:02:12Z,2026-01-10T00:30:00Z,1,1,Wind damage,New,OUTAGE,Single Customer,WWS,NORMAL,42.19436,-83.42256
SW26010903399,2026-01-09T16:31:09Z,2026-01-09T16:31:09Z,1,2026-01-09T16:02:22Z,2026-01-10T00:30:00Z,1,1,Wind damage,New,OUTAGE,Single Customer,WWS,NORMAL,42.19859,-83.42156
SW26010903430,2026-01-09T16:31:09Z,2026-01-09T17:38:42Z,3,2026-01-09T16:02:34Z,2026-01-10T00:35:00Z,1,1,Wind damage,New,OUTAGE,Single Customer,WWS,NORMAL,42.20465,-83.4275
SW26010903436,2026-01-09T16:31:09Z,2026-01-09T16:31:09Z,1,2026-01-09T16:02:51Z,2026-01-10T00:35:00Z,1,1,Determined upon crew arrival,New,PRIORITY,,ANN,NORMAL,42.27928,-83.79001
SW26010903450,2026-01-09T16:31:09Z,2026-01-09T17:38:42Z,3,2026-01-09T15:47:43Z,2026-01-10T00:35:00Z,15,15,Wind damage,New,OUTAGE,Service Transformer,NPT,NORMAL,41.95606,-83.6676
SW26010903471,2026-01-09T16:31:09Z,2026-01-09T17:38:42Z,3,2026-01-09T16:02:05Z,2026-01-09T20:35:00Z,9,9,Wind damage,New,OUTAGE,Device (I),NPT,NORMAL,42.0564,-83.21337
SW26010903476,2026-01-09T16:31:09Z,2026-01-09T16:31:09Z,1,2026-01-09T16:03:07Z,2026-01-10T00:35:00Z,1,1,Wind damage,New,OUTAGE,Single Customer,WWS,NORMAL,42.1835,-83.49214
SW26010903492,2026-01-09T16:31:09Z,2026-01-09T17:38:42Z,3,2026-01-09T16:03:24Z,2026-01-09T20:35:00Z,16,16,Wind damage,In Progres,OUTAGE,Service Transformer,ANN,NORMAL,42.08491,-83.68444
SW26010903518,2026-01-09T16:31:09Z,2026-01-09T17:38:42Z,3,2026-01-09T16:03:47Z,2026-01-10T00:35:00Z,1,1,Wind damage,New,OUTAGE,Single Customer,WWS,NORMAL,42.13757,-83.31771
SW26010903538,2026-01-09T16:31:09Z,2026-01-09T16:31:09Z,1,2026-01-09T16:04:12Z,2026-01-10T00:35:00Z,1,1,Wind damage,New,OUTAGE,Single Customer,WWS,NORMAL,42.1745,-83.48998
SW26010903582,2026-01-09T16:31:09Z,2026-01-09T17:38:42Z,3,2026-01-09T16:04:53Z,2026-01-10T00:35:00Z,1,1,Wind damage,In Progres,OUTAGE,Single Customer,ANN,NORMAL,42.17383,-83.55947
SW26010903592,2026-01-09T16:31:09Z,2026-01-09T16:31:09Z,1,2026-01-09T16:05:04Z,2026-01-10T00:35:00Z,1,1,Wind damage,New,OUTAGE,Single Customer,WWS,NORMAL,42.19863,-83.41922
SW26010903602,2026-01-09T16:31:09Z,2026-01-09T16:31:09Z,1,2026-01-09T15:50:19Z,2026-01-10T00:35:00Z,2,2,Wind damage,New,OUTAGE,Service Transformer,NPT,NORMAL,42.02876,-83.22469
SW26010903621,2026-01-09T16:31:09Z,2026-01-09T16:31:09Z,1,2026-01-09T16:05:47Z,2026-01-10T00:35:00Z,2,2,Wind damage,New,OUTAGE,Service Secondary,WWS,NORMAL,42.14866,-83.3191
SW26010903623,2026-01-09T16:31:09Z,2026-01-09T16:31:09Z,1,2026-01-09T16:05:49Z,2026-01-09T20:35:00Z,1,1,Wind damage,New,OUTAGE,Single Customer,WWS,NORMAL,42.14918,-83.31793
SW26010903671,2026-01-09T16:31:09Z,2026-01-09T17:38:42Z,3,2026-01-09T16:06:49Z,2026-01-10T00:35:00Z,1,1,Wind damage,New,OUTAGE,Single Customer,WWS,NORMAL,42.15229,-83.31865
SW26010903685,2026-01-09T16:31:09Z,2026-01-09T16:31:09Z,1,2026-01-09T16:07:02Z,2026-01-10T00:35:00Z,9,9,Wind damage,New,OUTAGE,Service Transformer,WWS,NORMAL,42.0994,-83.39273
SW26010903687,2026-01-09T16:31:09Z,2026-01-09T16:31:09Z,1,2026-01-09T16:07:10Z,2026-01-10T00:35:00Z,1,1,Wind damage,New,OUTAGE,Single Customer,WWS,NORMAL,42.17801,-83.49348
SW26010903700,2026-01-09T16:31:09Z,2026-01-09T16:31:09Z,1,2026-01-09T16:07:23Z,2026-01-10T00:35:00Z,1,1,Wind damage,New,OUTAGE,Single Customer,WWS,NORMAL,42.10153,-83.3956
SW26010903701,2026-01-09T16:31:09Z,2026-01-09T17:38:42Z,3,2026-01-09T16:00:38Z,2026-01-09T20:35:00Z,182,182,Wind damage,New,OUTAGE,Device (II),WWS,NORMAL,42.10758,-83.40439
SW26010903711,2026-01-09T16:31:09Z,2026-01-09T16:31:09Z,1,2026-01-09T16:07:48Z,2026-01-10T00:40:00Z,1,1,Wind damage,New,OUTAGE,Single Customer,WWS,NORMAL,42.17026,-83.50069
SW26010903713,2026-01-09T16:31:09Z,2026-01-09T17:38:42Z,3,2026-01-09T16:07:46Z,2026-01-10T00:40:00Z,1,1,Wind damage,New,OUTAGE,Single Customer,NPT,NORMAL,42.17438,-83.16913
SW26010903722,2026-01-09T16:31:09Z,2026-01-09T16:31:09Z,1,2026-01-09T16:07:56Z,2026-01-10T00:40:00Z,1,1,Wind damage,New,OUTAGE,Single Customer,WWS,NORMAL,42.1078,-83.40697
SW26010903743,2026-01-09T16:31:09Z,2026-01-09T16:31:09Z,1,2026-01-09T16:08:29Z,2026-01-10T00:40:00Z,2,2,Wind damage,New,OUTAGE,Service Secondary,WWS,NORMAL,42.09813,-83.39225
SW26010903744,2026-01-09T16:31:09Z,2026-01-09T17:38:42Z,3,2026-01-09T16:04:52Z,2026-01-09T20:40:00Z,2,2,Wind damage,In Progres,OUTAGE,Service Secondary,WWS,NORMAL,42.5048,-83.36482
SW26010903745,2026-01-09T16:31:09Z,2026-01-09T17:38:42Z,3,2026-01-09T16:08:29Z,2026-01-10T00:40:00Z,1,1,Wind damage,New,OUTAGE,Single Customer,WWS,NORMAL,42.33574,-83.43404
SW26010903748,2026-01-09T16:31:09Z,2026-01-09T16:31:09Z,1,2026-01-09T16:08:31Z,2026-01-10T00:40:00Z,1,1,Wind damage,New,OUTAGE,Single Customer,WWS,NORMAL,42.1775,-83.46356
SW26010903759,2026-01-09T16:31:09Z,2026-01-09T16:31:09Z,1,2026-01-09T16:08:46Z,2026-01-10T00:40:00Z,1,1,Wind damage,New,OUTAGE,Single Customer,WWS,NORMAL,42.10774,-83.40561
SW26010903775,2026-01-09T16:31:09Z,2026-01-09T17:38:42Z,3,2026-01-09T16:07:20Z,2026-01-09T20:40:00Z,30,30,Wind damage,New,OUTAGE,Device (II),WWS,NORMAL,42.14633,-83.44512
SW26010903787,2026-01-09T16:31:09Z,2026-01-09T17:38:42Z,3,2026-01-09T15:31:01Z,2026-01-09T20:40:00Z,7,7,Wind damage,In Progres,OUTAGE,Service Transformer,WWS,NORMAL,42.33219,-83.33503
SW26010903799,2026-01-09T16:31:09Z,2026-01-09T16:31:09Z,1,2026-01-09T16:09:28Z,2026-01-10T00:40:00Z,1,1,Wind damage,New,OUTAGE,Single Customer,WWS,NORMAL,42.15144,-83.44058
SW26010903837,2026-01-09T16:31:09Z,2026-01-09T17:38:42Z,3,2026-01-09T16:10:36Z,2026-01-10T00:40:00Z,1,1,Wind damage,New,SERVICE DOWN NO,,WWS,NORMAL,42.16702,-83.45948
SW26010903840,2026-01-09T16:31:09Z,2026-01-09T16:31:09Z,1,2026-01-09T16:10:30Z,2026-01-10T00:40:00Z,1,1,Wind damage,New,OUTAGE,Single Customer,WWS,NORMAL,42.09897,-83.39228
SW26010903865,2026-01-09T16:31:09Z,2026-01-09T17:38:42Z,3,2026-01-09T16:11:09Z,2026-01-10T00:40:00Z,1,1,Wind damage,New,OUTAGE,Single Customer,ANN,NORMAL,42.08597,-83.6845
SW26010903875,2026-01-09T16:31:09Z,2026-01-09T17:38:42Z,3,2026-01-09T16:11:24Z,2026-01-10T00:40:00Z,1,1,Wind damage,New,OUTAGE,Single Customer,ANN,NORMAL,42.32661,-83.60519
SW26010903881,2026-01-09T16:31:09Z,2026-01-09T17:38:42Z,3,2026-01-09T16:11:33Z,2026-01-09T20:40:00Z,3,3,Wind damage,New,OUTAGE,Service Transformer,NPT,NORMAL,41.95814,-83.66836
SW26010903882,2026-01-09T16:31:09Z,2026-01-09T16:31:09Z,1,2026-01-09T16:11:38Z,2026-01-10T00:40:00Z,1,1,Wind damage,New,OUTAGE,Single Customer,WWS,NORMAL,42.14386,-83.50555
SW26010903883,2026-01-09T16:31:09Z,2026-01-09T16:31:09Z,1,2026-01-09T16:11:39Z,2026-01-10T00:40:00Z,1,1,Wind damage,New,OUTAGE,Single Customer,WWS,NORMAL,42.14618,-83.50725
SW26010903901,2026-01-09T16:31:09Z,2026-01-09T16:31:09Z,1,2026-01-09T16:12:06Z,,1,1,Wind damage,New,OUTAGE,Single Customer,WWS,NORMAL,42.15084,-83.44039
SW26010903903,2026-01-09T16:31:09Z,2026-01-09T17:38:42Z,3,2026-01-09T16:12:04Z,2026-01-09T20:40:00Z,527,527,Wind damage,In Progres,OUTAGE,Circuit Level,WWS,NORMAL,42.25722,-83.27782
SW26010903906,2026-01-09T16:31:09Z,2026-01-09T17:38:42Z,3,2026-01-09T16:08:34Z,2026-01-09T20:40:00Z,6,6,Wind damage,New,OUTAGE,Service Transformer,WWS,NORMAL,42.14575,-83.4294
SW26010903907,2026-01-09T16:31:09Z,2026-01-09T16:31:09Z,1,2026-01-09T16:12:14Z,,1,1,Wind damage,New,OUTAGE,Single Customer,WWS,NORMAL,42.12296,-83.50849
SW26010903922,2026-01-09T16:31:09Z,2026-01-09T16:31:09Z,1,2026-01-09T16:12:35Z,,2,2,Wind damage,New,OUTAGE,Service Secondary,WWS,NORMAL,42.17443,-83.51218
SW26010903934,2026-01-09T16:31:09Z,2026-01-09T16:31:09Z,1,2026-01-09T16:12:53Z,,1,1,Wind damage,New,OUTAGE,Single Customer,WWS,NORMAL,42.14745,-83.499
SW26010903935,2026-01-09T16:31:09Z,2026-01-09T16:31:09Z,1,2026-01-09T16:12:54Z,,2,2,Wind damage,New,OUTAGE,Service Secondary,WWS,NORMAL,42.17188,-83.51537
SW26010903941,2026-01-09T16:31:09Z,2026-01-09T17:38:42Z,3,2026-01-09T16:12:58Z,2026-01-10T00:45:00Z,1,1,Wind damage,New,OUTAGE,Single Customer,WWS,NORMAL,42.1597,-83.51363
SW26010903943,2026-01-09T16:31:09Z,2026-01-09T16:31:09Z,1,2026-01-09T16:13:00Z,,4,4,Determined upon crew arrival,New,OUTAGE,Service Transformer,WWS,NORMAL,42.15923,-83.48312
SW26010903954,2026-01-09T16:31:09Z,2026-01-09T16:31:09Z,1,2026-01-09T16:13:08Z,,1,1,Determined upon crew arrival,New,OUTAGE,Single Customer,WWS,NORMAL,42.15571,-83.49623
SW26010903955,2026-01-09T16:31:09Z,2026-01-09T16:31:09Z,1,2026-01-09T16:13:05Z,,1,1,Determined upon crew arrival,New,OUTAGE,Single Customer,WWS,NORMAL,42.14934,-83.44192
SW26010903957,2026-01-09T16:31:09Z,2026-01-09T17:38:42Z,3,2026-01-09T00:19:14Z,2026-01-10T00:45:00Z,1,1,Wind damage,New,OUTAGE,Single Customer,WWS,NORMAL,42.29169,-83.44821
SW26010903972,2026-01-09T16:31:09Z,2026-01-09T17:38:42Z,3,2026-01-09T16:13:31Z,2026-01-10T00:45:00Z,1,1,Wind damage,New,OUTAGE,Single Customer,WWS,NORMAL,42.14469,-83.52586
SW26010903979,2026-01-09T16:31:09Z,2026-01-09T16:31:09Z,1,2026-01-09T16:13:40Z,,1,1,Determined upon crew arrival,New,OUTAGE,Single Customer,WWS,NORMAL,42.14963,-83.44068
SW26010903987,2026-01-09T16:31:09Z,2026-01-09T16:31:09Z,1,2026-01-09T16:13:56Z,,1,1,Determined upon crew arrival,New,OUTAGE,Single Customer,WWS,NORMAL,42.15084,-83.5108
SW26010903988,2026-01-09T16:31:09Z,2026-01-09T16:31:09Z,1,2026-01-09T16:13:54Z,,1,1,Determined upon crew arrival,New,OUTAGE,Single Customer,WWS,NORMAL,42.15293,-83.52763
SW26010903994,2026-01-09T16:31:09Z,2026-01-09T16:31:09Z,1,2026-01-09T16:14:01Z,,1,1,Determined upon crew arrival,New,OUTAGE,Single Customer,WWS,NORMAL,42.17348,-83.46057
SW26010903995,2026-01-09T16:31:09Z,2026-01-09T16:31:09Z,1,2026-01-09T16:13:57Z,,1,1,Determined upon crew arrival,New,OUTAGE,Single Customer,ANN,NORMAL,42.24634,-83.70371
SW26010903996,2026-01-09T16:31:09Z,2026-01-09T16:31:09Z,1,2026-01-09T16:13:56Z,,1,1,Determined upon crew arrival,New,OUTAGE,Single Customer,WWS,NORMAL,42.17451,-83.51575
SW26010903997,2026-01-09T16:31:09Z,2026-01-09T16:31:09Z,1,2026-01-09T16:14:02Z,,1,1,Determined upon crew arrival,New,OUTAGE,Single Customer,WWS,NORMAL,42.14489,-83.51322
SW26010904001,2026-01-09T16:31:09Z,2026-01-09T17:38:42Z,3,2026-01-09T16:09:25Z,2026-01-09T20:45:00Z,2,2,Wind damage,New,OUTAGE,Service Secondary,WWS,NORMAL,42.15561,-83.52078
SW26010904008,2026-01-09T16:31:09Z,2026-01-09T16:31:09Z,1,2026-01-09T16:14:14Z,,1,1,Determined upon crew arrival,New,OUTAGE,Single Customer,WWS,NORMAL,42.14539,-83.50908
SW26010904009,2026-01-09T16:31:09Z,2026-01-09T16:31:09Z,1,2026-01-09T16:14:13Z,,1,1,Determined upon crew arrival,New,OUTAGE,Single Customer,WWS,NORMAL,42.14782,-83.50903
SW26010904010,2026-01-09T16:31:09Z,2026-01-09T16:31:09Z,1,2026-01-09T16:14:11Z,,1,1,Determined upon crew arrival,New,OUTAGE,Single Customer,WWS,NORMAL,42.15212,-83.52077
SW26010904019,2026-01-09T16:31:09Z,2026-01-09T16:31:09Z,1,2026-01-09T16:14:21Z,,1,1,Determined upon crew arrival,New,OUTAGE,Single Customer,WWS,NORMAL,42.16624,-83.5125
SW26010904020,2026-01-09T16:31:09Z,2026-01-09T16:31:09Z,1,2026-01-09T16:14:22Z,,1,1,Determined upon crew arrival,New,OUTAGE,Single Customer,WWS,NORMAL,42.15718,-83.48298
SW26010904021,2026-01-09T16:31:09Z,2026-01-09T17:38:42Z,3,2026-01-09T16:08:52Z,2026-01-09T20:45:00Z,644,644,Wind damage,In Progres,OUTAGE,Device (II),WWS,NORMAL,42.15915,-83.49288
SW26010904022,2026-01-09T16:31:09Z,2026-01-09T16:31:09Z,1,2026-01-09T16:14:17Z,,1,1,Determined upon crew arrival,New,OUTAGE,Single Customer,WWS,NORMAL,42.14167,-83.50083
SW26010904023,2026-01-09T16:31:09Z,2026-01-09T17:38:42Z,3,2026-01-09T16:09:17Z,2026-01-10T00:45:00Z,1,1,Wind damage,New,OUTAGE,Single Customer,WWS,NORMAL,42.15282,-83.52904
SW26010904039,2026-01-09T16:31:09Z,2026-01-09T16:31:09Z,1,2026-01-09T16:14:38Z,,1,1,Determined upon crew arrival,New,OUTAGE,Single Customer,WWS,NORMAL,42.15011,-83.52087
SW26010904048,2026-01-09T16:31:09Z,2026-01-09T17:38:42Z,3,2026-01-09T15:57:27Z,2026-01-10T00:45:00Z,1,1,Wind damage,New,SERVICE DOWN NO,,ANN,NORMAL,42.15912,-83.90224
SW26010904049,2026-01-09T16:31:09Z,2026-01-09T17:38:42Z,3,2026-01-09T16:09:16Z,2026-01-10T08:15:00Z,26,26,Wind damage,New,OUTAGE,Service Transformer,WWS,NORMAL,42.15992,-83.49464
SW26010904050,2026-01-09T16:31:09Z,2026-01-09T16:31:09Z,1,2026-01-09T16:14:51Z,,1,1,Determined upon crew arrival,New,OUTAGE,Single Customer,WWS,NORMAL,42.21387,-83.26333
NA26010905022,2026-01-09T17:00:59Z,2026-01-09T17:00:59Z,1,2026-01-09T16:45:07Z,,1,1,Determined upon crew arrival,New,OUTAGE,Single Customer,MTC,NORMAL,42.4731,-82.97906
NE26010901571,2026-01-09T17:00:59Z,2026-01-09T17:38:42Z,2,2026-01-09T15:14:55Z,2026-01-09T19:45:00Z,847,847,Wind damage,In Progres,OUTAGE,Circuit Level,MTC,NORMAL,42.53843,-83.02399
NE26010904065,2026-01-09T17:00:59Z,2026-01-09T17:38:42Z,2,2026-01-09T16:15:27Z,2026-01-10T08:15:00Z,1,1,Determined upon crew arrival,New,PRIORITY,,MTC,NORMAL,42.45941,-83.03454
NE26010904166,2026-01-09T17:00:59Z,2026-01-09T17:38:42Z,2,2026-01-09T16:17:16Z,2026-01-10T08:15:00Z,1,1,Determined upon crew arrival,In Progres,PRIORITY,,MTC,NORMAL,42.51276,-82.97662
NE26010904234,2026-01-09T17:00:59Z,2026-01-09T17:38:42Z,2,2026-01-09T16:19:32Z,2026-01-10T08:20:00Z,1,1,Wind damage,New,OUTAGE,Single Customer,MTC,NORMAL,42.46219,-82.91094
NE26010904250,2026-01-09T17:00:59Z,2026-01-09T17:38:42Z,2,2026-01-09T16:01:37Z,2026-01-10T08:20:00Z,1,1,Wind damage,New,SERVICE DOWN NO,,MTC,NORMAL,42.46466,-83.01106
NE26010904302,2026-01-09T17:00:59Z,2026-01-09T17:38:42Z,2,2026-01-09T16:22:42Z,2026-01-10T08:25:00Z,1,1,Wind damage,New,SERVICE DOWN NO,,MTC,NORMAL,42.48634,-82.90435
NE26010904324,2026-01-09T17:00:59Z,2026-01-09T17:38:42Z,2,2026-01-09T16:22:34Z,2026-01-10T08:25:00Z,79,79,Wind damage,In Progres,OUTAGE,Device (I),MTC,NORMAL,42.488,-82.99296
NE26010904331,2026-01-09T17:00:59Z,2026-01-09T17:38:42Z,2,2026-01-09T16:23:42Z,2026-01-10T08:25:00Z,1,1,Wind damage,Pending,SERVICE DOWN NO,,MTC,NORMAL,42.51565,-82.98188
NE26010904350,2026-01-09T17:00:59Z,2026-01-09T17:38:42Z,2,2026-01-09T16:24:03Z,2026-01-10T08:25:00Z,3,3,Wind damage,In Progres,OUTAGE,Service Transformer,NAE,NORMAL,43.41811,-82.83542
NE26010904414,2026-01-09T17:00:59Z,2026-01-09T17:38:42Z,2,2026-01-09T16:25:32Z,2026-01-10T08:25:00Z,1,1,Wind damage,New,SERVICE DOWN NO,,MTC,NORMAL,42.48129,-83.05657
NE26010904440,2026-01-09T17:00:59Z,2026-01-09T17:38:42Z,2,2026-01-09T16:26:07Z,2026-01-10T08:25:00Z,1,1,Wind damage,New,OUTAGE,Single Customer,MTC,NORMAL,42.46838,-83.05888
NE26010904478,2026-01-09T17:00:59Z,2026-01-09T17:38:42Z,2,2026-01-09T16:27:57Z,2026-01-10T08:30:00Z,1,1,Wind damage,New,OUTAGE,Single Customer,MTC,NORMAL,42.5054,-83.02476
NE26010904519,2026-01-09T17:00:59Z,2026-01-09T17:38:42Z,2,2026-01-09T16:26:39Z,2026-01-10T08:30:00Z,217,217,Wind damage,In Progres,OUTAGE,Device (II),MTC,NORMAL,42.57508,-82.87659
NE26010904559,2026-01-09T17:00:59Z,2026-01-09T17:38:42Z,2,2026-01-09T16:25:45Z,2026-01-10T08:30:00Z,40,40,Wind damage,In Progres,OUTAGE,Device (I),MTC,NORMAL,42.60131,-82.90107
NE26010904560,2026-01-09T17:00:59Z,2026-01-09T17:38:42Z,2,2026-01-09T16:26:55Z,2026-01-10T08:30:00Z,1,1,Wind damage,New,OUTAGE,Single Customer,MTC,NORMAL,42.66128,-82.79897
NE26010904564,2026-01-09T17:00:59Z,2026-01-09T17:38:42Z,2,2026-01-09T16:28:28Z,2026-01-10T08:30:00Z,1,1,Wind damage,New,SERVICE DOWN NO,,MTC,NORMAL,42.51198,-82.97625
NE26010904572,2026-01-09T17:00:59Z,2026-01-09T17:38:42Z,2,2026-01-09T16:21:28Z,2026-01-10T08:30:00Z,39,39,Wind damage,In Progres,OUTAGE,Device (I),MTC,NORMAL,42.46616,-83.05778
NE26010904582,2026-01-09T17:00:59Z,2026-01-09T17:38:42Z,2,2026-01-09T16:31:22Z,2026-01-10T08:30:00Z,26,26,Wind damage,In Progres,OUTAGE,Device (I),MTC,NORMAL,42.60144,-82.90217
NE26010904591,2026-01-09T17:00:59Z,2026-01-09T17:00:59Z,1,2026-01-09T16:31:42Z,2026-01-10T08:30:00Z,4,4,Wind damage,New,OUTAGE,Service Transformer,LAP,NORMAL,42.81632,-83.1855
NE26010904606,2026-01-09T17:00:59Z,2026-01-09T17:00:59Z,1,2026-01-09T16:32:16Z,2026-01-10T08:30:00Z,18,18,Wind damage,New,OUTAGE,Device (I),LAP,NORMAL,42.81883,-83.18263
NE26010904612,2026-01-09T17:00:59Z,2026-01-09T17:00:59Z,1,2026-01-09T16:32:24Z,2026-01-10T08:35:00Z,1,1,Wind damage,New,OUTAGE,Single Customer,LAP,NORMAL,42.8131,-83.1872
NE26010904640,2026-01-09T17:00:59Z,2026-01-09T17:38:42Z,2,2026-01-09T16:30:41Z,2026-01-10T08:35:00Z,49,49,Wind damage,In Progres,OUTAGE,Device (II),LAP,NORMAL,42.81112,-83.18008
NE26010904666,2026-01-09T17:00:59Z,2026-01-09T17:38:42Z,2,2026-01-09T16:34:30Z,2026-01-10T08:35:00Z,1,1,Wind damage,New,OUTAGE,Single Customer,MTC,NORMAL,42.59982,-82.90105
NE26010904673,2026-01-09T17:00:59Z,2026-01-09T17:38:42Z,2,2026-01-09T16:12:15Z,2026-01-10T08:35:00Z,1617,1617,Wind damage,In Progres,OUTAGE,Device (II),MTC,NORMAL,42.57467,-82.91787
NE26010904708,2026-01-09T17:00:59Z,2026-01-09T17:00:59Z,1,2026-01-09T16:35:35Z,2026-01-10T08:35:00Z,2,2,Wind damage,New,OUTAGE,Service Secondary,LAP,NORMAL,42.81264,-83.18205
NE26010904737,2026-01-09T17:00:59Z,2026-01-09T17:38:42Z,2,2026-01-09T16:21:12Z,2026-01-10T08:35:00Z,2,2,Wind damage,In Progres,OUTAGE,Service Transformer,MTC,NORMAL,42.60467,-82.89968
NE26010904787,2026-01-09T17:00:59Z,2026-01-09T17:00:59Z,1,2026-01-09T16:37:38Z,2026-01-10T08:40:00Z,1,1,Wind damage,New,OUTAGE,Single Customer,MTC,NORMAL,42.55315,-82.91153
NE26010904798,2026-01-09T17:00:59Z,2026-01-09T17:38:42Z,2,2026-01-09T16:31:34Z,2026-01-10T08:40:00Z,1,1,Wind damage,New,OUTAGE,Single Customer,MTC,NORMAL,42.46304,-83.05667
NE26010904803,2026-01-09T17:00:59Z,2026-01-09T17:38:42Z,2,2026-01-09T16:38:16Z,2026-01-10T08:40:00Z,936,936,Wind damage,In Progres,OUTAGE,Device (II),MTC,NORMAL,42.50262,-82.92576
NE26010904854,2026-01-09T17:00:59Z,2026-01-09T17:38:42Z,2,2026-01-09T16:39:20Z,2026-01-10T08:40:00Z,1,1,Wind damage,New,OUTAGE,Single Customer,MTC,NORMAL,42.60117,-82.90006
NE26010904884,2026-01-09T17:00:59Z,2026-01-09T17:38:42Z,2,2026-01-09T16:40:09Z,2026-01-10T08:40:00Z,1,1,Determined upon crew arrival,In Progres,OUTAGE,Service Secondary,MAR,NORMAL,42.96576,-82.44414
NE26010904892,2026-01-09T17:00:59Z,2026-01-09T17:38:42Z,2,2026-01-09T16:36:55Z,2026-01-10T08:40:00Z,1,1,Wind damage,New,OUTAGE,Single Customer,MTC,NORMAL,42.49882,-82.92841
NE26010904920,2026-01-09T17:00:59Z,2026-01-09T17:38:42Z,2,2026-01-09T16:36:19Z,2026-01-10T08:40:00Z,1,1,Wind damage,New,OUTAGE,Single Customer,MTC,NORMAL,42.50117,-82.97003
NE26010904977,2026-01-09T17:00:59Z,2026-01-09T17:38:42Z,2,2026-01-09T16:43:16Z,2026-01-10T08:45:00Z,1,1,Wind damage,New,OUTAGE,Single Customer,MTC,NORMAL,42.50119,-82.93468
NE26010904979,2026-01-09T17:00:59Z,2026-01-09T17:38:42Z,2,2026-01-09T16:43:17Z,2026-01-10T08:45:00Z,1,1,Wind damage,New,OUTAGE,Single Customer,MTC,NORMAL,42.64513,-82.86959
NE26010904989,2026-01-09T17:00:59Z,2026-01-09T17:38:42Z,2,2026-01-09T16:43:32Z,2026-01-10T08:45:00Z,1,1,Wind damage,New,OUTAGE,Single Customer,MTC,NORMAL,42.50306,-82.96748
NE26010904997,2026-01-09T17:00:59Z,2026-01-09T17:00:59Z,1,2026-01-09T16:44:15Z,,1,1,Determined upon crew arrival,New,OUTAGE,Single Customer,MTC,NORMAL,42.65381,-82.86738
NE26010905006,2026-01-09T17:00:59Z,2026-01-09T17:00:59Z,1,2026-01-09T16:29:39Z,,1,1,Determined upon crew arrival,New,OUTAGE,Single Customer,MTC,NORMAL,42.46312,-82.87999
NE26010905007,2026-01-09T17:00:59Z,2026-01-09T17:00:59Z,1,2026-01-09T16:44:39Z,,1,1,Determined upon crew arrival,New,OUTAGE,Single Customer,MTC,NORMAL,42.50686,-82.9185
NE26010905008,2026-01-09T17:00:59Z,2026-01-09T17:38:42Z,2,2026-01-09T16:44:51Z,2026-01-10T08:45:00Z,1,1,Wind damage,New,OUTAGE,Single Customer,MTC,NORMAL,42.60355,-82.89957
NE26010905010,2026-01-09T17:00:59Z,2026-01-09T17:38:42Z,2,2026-01-09T16:44:54Z,2026-01-10T08:45:00Z,1,1,Wind damage,New,OUTAGE,Single Customer,MTC,NORMAL,42.65814,-82.76874
NE26010905013,2026-01-09T17:00:59Z,2026-01-09T17:00:59Z,1,2026-01-09T16:29:55Z,,2,2,Determined upon crew arrival,New,OUTAGE,Service Transformer,MTC,NORMAL,42.6434,-82.9719
NE26010905016,2026-01-09T17:00:59Z,2026-01-09T17:38:42Z,2,2026-01-09T16:08:57Z,2026-01-10T08:45:00Z,1,1,Wind damage,New,SERVICE DOWN NO,,MTC,NORMAL,42.54036,-82.95445
NW26010904052,2026-01-09T17:00:59Z,2026-01-09T17:38:42Z,2,2026-01-09T16:14:56Z,2026-01-10T00:45:00Z,1,1,Wind damage,In Progres,OUTAGE,Single Customer,SBY,NORMAL,42.796,-83.13165
NW26010904115,2026-01-09T17:00:59Z,2026-01-09T17:38:42Z,2,2026-01-09T16:16:23Z,2026-01-10T00:45:00Z,1,1,Wind damage,New,SERVICE DOWN NO,,PON,NORMAL,42.661,-83.38929
NW26010904139,2026-01-09T17:00:59Z,2026-01-09T17:38:42Z,2,2026-01-09T16:16:47Z,2026-01-10T00:45:00Z,1,1,Wind damage,New,OUTAGE,Single Customer,PON,NORMAL,42.78705,-83.44035
NW26010904154,2026-01-09T17:00:59Z,2026-01-09T17:38:42Z,2,2026-01-09T16:06:45Z,2026-01-10T08:15:00Z,2,2,Wind damage,New,OUTAGE,Service Transformer,SBY,NORMAL,42.75194,-83.0856
NW26010904169,2026-01-09T17:00:59Z,2026-01-09T17:38:42Z,2,2026-01-09T16:17:16Z,2026-01-10T08:15:00Z,1,1,Wind damage,New,OUTAGE,Single Customer,PON,NORMAL,42.7163,-83.41707
NW26010904186,2026-01-09T17:00:59Z,2026-01-09T17:38:42Z,2,2026-01-09T15:36:50Z,2026-01-10T08:20:00Z,1,1,Wind damage,In Progres,OUTAGE,Single Customer,HWL,NORMAL,42.59468,-83.73802
NW26010904217,2026-01-09T17:00:59Z,2026-01-09T17:38:42Z,2,2026-01-09T11:09:26Z,2026-01-10T08:20:00Z,1,1,Wind damage,New,OUTAGE,Single Customer,HWL,NORMAL,42.57719,-83.72272
NW26010904222,2026-01-09T17:00:59Z,2026-01-09T17:38:42Z,2,2026-01-09T15:47:17Z,2026-01-10T00:30:00Z,3,3,Wind damage,In Progres,OUTAGE,Service Transformer,PON,NORMAL,42.65932,-83.4083
NW26010904223,2026-01-09T17:00:59Z,2026-01-09T17:38:42Z,2,2026-01-09T16:16:58Z,2026-01-10T00:30:00Z,1,1,Wind damage,In Progres,OUTAGE,Single Customer,PON,NORMAL,42.65881,-83.41214
NW26010904227,2026-01-09T17:00:59Z,2026-01-09T17:38:42Z,2,2026-01-09T16:19:21Z,2026-01-10T08:20:00Z,1,1,Wind damage,In Progres,SERVICE DOWN NO,,SBY,NORMAL,42.5386,-83.02073
NW26010904283,2026-01-09T17:00:59Z,2026-01-09T17:38:42Z,2,2026-01-09T16:21:43Z,2026-01-10T08:20:00Z,2,2,Wind damage,In Progres,OUTAGE,Service Secondary,PON,NORMAL,42.59663,-83.40134
NW26010904319,2026-01-09T17:00:59Z,2026-01-09T17:38:42Z,2,2026-01-09T16:23:01Z,2026-01-10T08:25:00Z,1,1,Wind damage,In Progres,OUTAGE,Single Customer,SBY,NORMAL,42.61775,-83.0321
NW26010904323,2026-01-09T17:00:59Z,2026-01-09T17:38:42Z,2,2026-01-09T11:39:57Z,2026-01-10T08:25:00Z,1,1,Wind damage,New,OUTAGE,Single Customer,HWL,NORMAL,42.5818,-83.72097
NW26010904333,2026-01-09T17:00:59Z,2026-01-09T17:38:42Z,2,2026-01-09T11:06:37Z,2026-01-10T08:25:00Z,1,1,Wind damage,New,OUTAGE,Single Customer,HWL,NORMAL,42.58191,-83.72425
NW26010904337,2026-01-09T17:00:59Z,2026-01-09T17:38:42Z,2,2026-01-09T15:24:38Z,2026-01-10T08:25:00Z,1,1,Wind damage,New,SERVICE DOWN NO,,PON,NORMAL,42.61159,-83.48234
NW26010904385,2026-01-09T17:00:59Z,2026-01-09T17:38:42Z,2,2026-01-09T16:24:53Z,2026-01-10T08:25:00Z,1,1,Determined upon crew arrival,New,PRIORITY,,PON,NORMAL,42.7263,-83.43026
NW26010904396,2026-01-09T17:00:59Z,2026-01-09T17:38:42Z,2,2026-01-09T12:41:49Z,2026-01-10T08:25:00Z,1,1,Wind damage,New,OUTAGE,Single Customer,HWL,NORMAL,42.57994,-83.72193
NW26010904417,2026-01-09T17:00:59Z,2026-01-09T17:38:42Z,2,2026-01-09T12:25:44Z,2026-01-10T08:25:00Z,1,1,Wind damage,New,OUTAGE,Single Customer,HWL,NORMAL,42.57838,-83.72059
NW26010904477,2026-01-09T17:00:59Z,2026-01-09T17:38:42Z,2,2026-01-09T16:28:03Z,2026-01-10T08:30:00Z,1,1,Wind damage,New,SERVICE DOWN NO,,PON,NORMAL,42.53702,-83.24158
NW26010904502,2026-01-09T17:00:59Z,2026-01-09T17:38:42Z,2,2026-01-09T16:26:48Z,2026-01-10T08:30:00Z,3,3,Wind damage,New,OUTAGE,Service Transformer,PON,NORMAL,42.58566,-83.27943
NW26010904503,2026-01-09T17:00:59Z,2026-01-09T17:38:42Z,2,2026-01-09T15:54:09Z,2026-01-10T08:30:00Z,1,1,Wind damage,New,OUTAGE,Single Customer,PON,NORMAL,42.66076,-83.38933
NW26010904511,2026-01-09T17:00:59Z,2026-01-09T17:38:42Z,2,2026-01-09T11:43:37Z,2026-01-10T08:30:00Z,1,1,Wind damage,New,OUTAGE,Single Customer,HWL,NORMAL,42.58163,-83.72301
NW26010904534,2026-01-09T17:00:59Z,2026-01-09T17:38:42Z,2,2026-01-09T15:52:31Z,2026-01-10T08:30:00Z,2,2,Wind damage,New,OUTAGE,Service Transformer,PON,NORMAL,42.66005,-83.42985
NW26010904544,2026-01-09T17:00:59Z,2026-01-09T17:38:42Z,2,2026-01-09T16:28:27Z,2026-01-10T08:30:00Z,1,1,Wind damage,New,OUTAGE,Single Customer,PON,NORMAL,42.5608,-83.20872
NW26010904547,2026-01-09T17:00:59Z,2026-01-09T17:38:42Z,2,2026-01-09T16:30:30Z,2026-01-10T08:30:00Z,1,1,Wind damage,New,OUTAGE,Single Customer,PON,NORMAL,42.73164,-83.41941
NW26010904584,2026-01-09T17:00:59Z,2026-01-09T17:38:42Z,2,2026-01-09T12:59:43Z,2026-01-10T08:30:00Z,1,1,Wind damage,New,OUTAGE,Single Customer,HWL,NORMAL,42.57712,-83.72342
NW26010904651,2026-01-09T17:00:59Z,2026-01-09T17:38:42Z,2,2026-01-09T16:33:54Z,2026-01-10T08:35:00Z,1,1,Determined upon crew arrival,New,PRIORITY,,PON,NORMAL,42.54707,-83.21743
NW26010904669,2026-01-09T17:00:59Z,2026-01-09T17:38:42Z,2,2026-01-09T16:34:36Z,2026-01-10T08:35:00Z,7,7,Wind damage,In Progres,OUTAGE,Device (I),HWL,NORMAL,42.54991,-84.00786
NW26010904723,2026-01-09T17:00:59Z,2026-01-09T17:38:42Z,2,2026-01-09T16:30:35Z,2026-01-10T08:35:00Z,8,8,Wind damage,New,OUTAGE,Device (II),PON,NORMAL,42.615,-83.15449
NW26010904738,2026-01-09T17:00:59Z,2026-01-09T17:38:42Z,2,2026-01-09T16:35:14Z,2026-01-10T08:35:00Z,71,71,Wind damage,In Progres,OUTAGE,Device (II),PON,NORMAL,42.65737,-83.46191
NW26010904746,2026-01-09T17:00:59Z,2026-01-09T17:38:42Z,2,2026-01-09T16:36:32Z,2026-01-10T08:35:00Z,1,1,Wind damage,New,OUTAGE,Single Customer,HWL,NORMAL,42.65855,-84.21803
NW26010904767,2026-01-09T17:00:59Z,2026-01-09T17:38:42Z,2,2026-01-09T16:37:02Z,2026-01-10T08:35:00Z,14,14,Wind damage,New,OUTAGE,Service Transformer,PON,NORMAL,42.61705,-83.15474
NW26010904802,2026-01-09T17:00:59Z,2026-01-09T17:00:59Z,1,2026-01-09T16:38:15Z,2026-01-10T08:40:00Z,2,2,Wind damage,New,OUTAGE,Service Secondary,PON,NORMAL,42.84434,-83.44224
NW26010904805,2026-01-09T17:00:59Z,2026-01-09T17:38:42Z,2,2026-01-09T16:36:42Z,2026-01-10T08:40:00Z,43,43,Wind damage,New,OUTAGE,Device (II),PON,NORMAL,42.84432,-83.44007
NW26010904832,2026-01-09T17:00:59Z,2026-01-09T17:38:42Z,2,2026-01-09T16:39:11Z,2026-01-10T08:40:00Z,1,1,Wind damage,New,SERVICE DOWN NO,,PON,NORMAL,42.54499,-83.09641
NW26010904847,2026-01-09T17:00:59Z,2026-01-09T17:38:42Z,2,2026-01-09T16:29:54Z,2026-01-10T08:40:00Z,675,675,Wind damage,In Progres,OUTAGE,Device (II),SBY,NORMAL,42.63397,-82.97495
NW26010904931,2026-01-09T17:00:59Z,2026-01-09T17:38:42Z,2,2026-01-09T16:41:46Z,2026-01-10T08:40:00Z,1,1,Determined upon crew arrival,New,PRIORITY,,PON,NORMAL,42.6631,-83.41793
NW26010904943,2026-01-09T17:00:59Z,2026-01-09T17:00:59Z,1,2026-01-09T16:26:49Z,,4,4,Determined upon crew arrival,New,OUTAGE,Service Transformer,PON,NORMAL,42.58663,-83.27669
NW26010904952,2026-01-09T17:00:59Z,2026-01-09T17:38:42Z,2,2026-01-09T16:41:25Z,2026-01-10T08:40:00Z,41,41,Wind damage,New,OUTAGE,Device (II),PON,NORMAL,42.61307,-83.28692
NW26010904987,2026-01-09T17:00:59Z,2026-01-09T17:00:59Z,1,2026-01-09T16:43:30Z,,1,1,Determined upon crew arrival,New,OUTAGE,Single Customer,SBY,NORMAL,42.63143,-82.97451
NW26010904988,2026-01-09T17:00:59Z,2026-01-09T17:38:42Z,2,2026-01-09T16:43:29Z,2026-01-10T08:45:00Z,1,1,Wind damage,New,OUTAGE,Single Customer,HWL,NORMAL,42.68369,-84.18061
NW26010904996,2026-01-09T17:00:59Z,2026-01-09T17:38:42Z,2,2026-01-09T16:44:22Z,2026-01-10T08:45:00Z,1,1,Wind damage,New,SERVICE DOWN NO,,PON,NORMAL,42.53702,-83.24158
NW26010905001,2026-01-09T17:00:59Z,2026-01-09T17:00:59Z,1,2026-01-09T16:28:40Z,,1,1,Determined upon crew arrival,New,OUTAGE,Single Customer,PON,NORMAL,42.55667,-83.19108
NW26010905002,2026-01-09T17:00:59Z,2026-01-09T17:00:59Z,1,2026-01-09T16:28:40Z,,1,1,Determined upon crew arrival,New,OUTAGE,Single Customer,PON,NORMAL,42.55698,-83.18911
NW26010905003,2026-01-09T17:00:59Z,2026-01-09T17:00:59Z,1,2026-01-09T16:28:41Z,,1,1,Determined upon crew arrival,New,OUTAGE,Single Customer,PON,NORMAL,42.55549,-83.19248
NW26010905009,2026-01-09T17:00:59Z,2026-01-09T17:00:59Z,1,2026-01-09T16:44:47Z,,1,1,Determined upon crew arrival,New,OUTAGE,Single Customer,PON,NORMAL,42.84694,-83.43931
NW26010905014,2026-01-09T17:00:59Z,2026-01-09T17:00:59Z,1,2026-01-09T16:29:54Z,,3,3,Determined upon crew arrival,New,OUTAGE,Service Transformer,SBY,NORMAL,42.63286,-82.9736
NW26010905018,2026-01-09T17:00:59Z,2026-01-09T17:00:59Z,1,2026-01-09T16:29:54Z,,1,1,Determined upon crew arrival,New,OUTAGE,Single Customer,SBY,NORMAL,42.63704,-82.97621
NW26010905019,2026-01-09T17:00:59Z,2026-01-09T17:00:59Z,1,2026-01-09T16:29:54Z,,2,2,Determined upon crew arrival,New,OUTAGE,Service Secondary,SBY,NORMAL,42.63522,-82.97376
NW26010905020,2026-01-09T17:00:59Z,2026-01-09T17:00:59Z,1,2026-01-09T16:29:54Z,,18,18,Determined upon crew arrival,New,OUTAGE,Service Transformer,SBY,NORMAL,42.63578,-82.9738
NW26010905021,2026-01-09T17:00:59Z,2026-01-09T17:00:59Z,1,2026-01-09T16:44:59Z,,1,1,Determined upon crew arrival,New,OUTAGE,Single Customer,PON,NORMAL,42.84486,-83.44003
SE26010904074,2026-01-09T17:00:59Z,2026-01-09T17:38:42Z,2,2026-01-09T16:15:35Z,2026-01-10T00:45:00Z,1,1,Wind damage,New,OUTAGE,Single Customer,RFD,NORMAL,42.51962,-83.29587
SE26010904077,2026-01-09T17:00:59Z,2026-01-09T17:38:42Z,2,2026-01-09T16:15:35Z,2026-01-10T08:15:00Z,10,10,Wind damage,New,OUTAGE,Service Transformer,CAN,NORMAL,42.43099,-82.98428
SE26010904096,2026-01-09T17:00:59Z,2026-01-09T17:38:42Z,2,2026-01-09T16:11:47Z,2026-01-10T08:15:00Z,19,19,Wind damage,In Progres,OUTAGE,Device (I),RFD,NORMAL,42.42568,-83.25207
SE26010904097,2026-01-09T17:00:59Z,2026-01-09T17:38:42Z,2,2026-01-09T16:16:01Z,2026-01-10T00:45:00Z,1,1,Wind damage,New,OUTAGE,Single Customer,RFD,NORMAL,42.48505,-83.11027
SE26010904110,2026-01-09T17:00:59Z,2026-01-09T17:38:42Z,2,2026-01-09T16:15:11Z,2026-01-10T08:15:00Z,303,303,Wind damage,In Progres,OUTAGE,Device (II),RFD,NORMAL,42.41339,-83.23096
SE26010904118,2026-01-09T17:00:59Z,2026-01-09T17:38:42Z,2,2026-01-09T16:16:25Z,2026-01-10T08:15:00Z,1,1,Determined upon crew arrival,New,PRIORITY,,RFD,NORMAL,42.4583,-83.22394
SE26010904126,2026-01-09T17:00:59Z,2026-01-09T17:38:42Z,2,2026-01-09T16:14:19Z,2026-01-10T08:15:00Z,9,9,Wind damage,In Progres,OUTAGE,Service Transformer,RFD,NORMAL,42.50012,-83.22873
SE26010904128,2026-01-09T17:00:59Z,2026-01-09T17:38:42Z,2,2026-01-09T16:16:23Z,2026-01-10T00:45:00Z,1,1,Wind damage,New,OUTAGE,Single Customer,RFD,NORMAL,42.47033,-83.11894
SE26010904131,2026-01-09T17:00:59Z,2026-01-09T17:38:42Z,2,2026-01-09T16:11:40Z,2026-01-10T08:15:00Z,2,2,Wind damage,In Progres,OUTAGE,Service Secondary,RFD,NORMAL,42.47421,-83.26467
SE26010904149,2026-01-09T17:00:59Z,2026-01-09T17:38:42Z,2,2026-01-09T16:16:57Z,2026-01-10T08:15:00Z,4,4,Wind damage,New,OUTAGE,Service Transformer,CAN,NORMAL,42.34218,-83.10171
SE26010904174,2026-01-09T17:00:59Z,2026-01-09T17:38:42Z,2,2026-01-09T16:14:11Z,2026-01-10T08:20:00Z,10,10,Wind damage,In Progres,OUTAGE,Service Transformer,RFD,NORMAL,42.49774,-83.22655
SE26010904179,2026-01-09T17:00:59Z,2026-01-09T17:38:42Z,2,2026-01-09T16:17:38Z,2026-01-10T08:20:00Z,1,1,Wind damage,In Progres,OUTAGE,Single Customer,RFD,NORMAL,42.39829,-83.15573
SE26010904183,2026-01-09T17:00:59Z,2026-01-09T17:38:42Z,2,2026-01-09T16:14:15Z,2026-01-10T08:20:00Z,8,8,Wind damage,In Progres,OUTAGE,Service Transformer,RFD,NORMAL,42.49667,-83.22568
SE26010904194,2026-01-09T17:00:59Z,2026-01-09T17:38:42Z,2,2026-01-09T16:14:13Z,2026-01-10T08:20:00Z,9,9,Wind damage,In Progres,OUTAGE,Service Transformer,RFD,NORMAL,42.49873,-83.22735
SE26010904199,2026-01-09T17:00:59Z,2026-01-09T17:38:42Z,2,2026-01-09T15:56:21Z,2026-01-10T08:20:00Z,236,236,Wind damage,New,OUTAGE,Device (I),RFD,NORMAL,42.43466,-83.25363
SE26010904203,2026-01-09T17:00:59Z,2026-01-09T17:38:42Z,2,2026-01-09T16:18:43Z,2026-01-10T08:20:00Z,1,1,Wind damage,New,SERVICE DOWN NO,,CAN,NORMAL,42.36953,-83.11394
SE26010904205,2026-01-09T17:00:59Z,2026-01-09T17:38:42Z,2,2026-01-09T16:14:14Z,2026-01-10T08:20:00Z,12,12,Wind damage,In Progres,OUTAGE,Service Transformer,RFD,NORMAL,42.49542,-83.22447
SE26010904207,2026-01-09T17:00:59Z,2026-01-09T17:38:42Z,2,2026-01-09T16:18:43Z,2026-01-10T08:20:00Z,1,1,Wind damage,New,OUTAGE,Single Customer,CAN,NORMAL,42.40366,-83.12415
SE26010904208,2026-01-09T17:00:59Z,2026-01-09T17:38:42Z,2,2026-01-09T16:18:46Z,2026-01-10T08:20:00Z,1,1,Wind damage,New,OUTAGE,Single Customer,RFD,NORMAL,42.38763,-83.18351
SE26010904209,2026-01-09T17:00:59Z,2026-01-09T17:38:42Z,2,2026-01-09T16:18:56Z,2026-01-10T08:20:00Z,1,1,Determined upon crew arrival,In Progres,PRIORITY,,CAN,NORMAL,42.37213,-83.08619
SE26010904235,2026-01-09T17:00:59Z,2026-01-09T17:38:42Z,2,2026-01-09T16:19:34Z,2026-01-10T08:20:00Z,1,1,Wind damage,New,OUTAGE,Single Customer,RFD,NORMAL,42.32598,-83.12061
SE26010904238,2026-01-09T17:00:59Z,2026-01-09T17:38:42Z,2,2026-01-09T15:58:42Z,2026-01-10T08:20:00Z,2,2,Wind damage,New,OUTAGE,Service Secondary,RFD,NORMAL,42.25083,-83.19001
SE26010904247,2026-01-09T17:00:59Z,2026-01-09T17:38:42Z,2,2026-01-09T16:19:49Z,2026-01-10T08:20:00Z,2,2,Wind damage,New,OUTAGE,Service Secondary,CAN,NORMAL,42.37356,-83.03862
SE26010904249,2026-01-09T17:00:59Z,2026-01-09T17:38:42Z,2,2026-01-09T16:20:12Z,2026-01-10T08:20:00Z,1,1,Wind damage,New,SERVICE DOWN NO,,CAN,NORMAL,42.37376,-83.09048
SE26010904256,2026-01-09T17:00:59Z,2026-01-09T17:38:42Z,2,2026-01-09T16:20:29Z,2026-01-10T08:20:00Z,1,1,Determined upon crew arrival,New,PRIORITY,,RFD,NORMAL,42.48755,-83.15761
SE26010904262,2026-01-09T17:00:59Z,2026-01-09T17:38:42Z,2,2026-01-09T15:46:36Z,2026-01-10T08:20:00Z,1,1,Wind damage,New,OUTAGE,Single Customer,CAN,NORMAL,42.41857,-83.0346
SE26010904272,2026-01-09T17:00:59Z,2026-01-09T17:38:42Z,2,2026-01-09T16:21:05Z,2026-01-10T08:20:00Z,1,1,Wind damage,New,OUTAGE,Single Customer,CAN,NORMAL,42.3363,-83.0738
SE26010904287,2026-01-09T17:00:59Z,2026-01-09T17:38:42Z,2,2026-01-09T16:22:01Z,2026-01-10T08:20:00Z,1,1,Wind damage,New,OUTAGE,Single Customer,RFD,NORMAL,42.36813,-83.19344
SE26010904295,2026-01-09T17:00:59Z,2026-01-09T17:38:42Z,2,2026-01-09T16:14:20Z,2026-01-10T08:20:00Z,10,10,Wind damage,In Progres,OUTAGE,Service Transformer,RFD,NORMAL,42.50088,-83.22981
SE26010904299,2026-01-09T17:00:59Z,2026-01-09T17:38:42Z,2,2026-01-09T16:22:35Z,2026-01-10T08:25:00Z,1,1,Wind damage,New,SERVICE DOWN NO,,RFD,NORMAL,42.43894,-83.25187
SE26010904300,2026-01-09T17:00:59Z,2026-01-09T17:38:42Z,2,2026-01-09T16:14:18Z,2026-01-10T08:25:00Z,1,1,Wind damage,In Progres,OUTAGE,Single Customer,RFD,NORMAL,42.49602,-83.22518
SE26010904301,2026-01-09T17:00:59Z,2026-01-09T17:38:42Z,2,2026-01-09T16:22:35Z,2026-01-10T08:25:00Z,1,1,Wind damage,New,OUTAGE,Single Customer,CAN,NORMAL,42.39266,-83.00631
SE26010904303,2026-01-09T17:00:59Z,2026-01-09T17:38:42Z,2,2026-01-09T16:22:36Z,2026-01-10T08:25:00Z,1,1,Wind damage,New,OUTAGE,Single Customer,RFD,NORMAL,42.34453,-83.18343
SE26010904309,2026-01-09T17:00:59Z,2026-01-09T17:38:42Z,2,2026-01-09T16:20:41Z,2026-01-10T08:25:00Z,529,529,Wind damage,In Progres,OUTAGE,Device (I),RFD,NORMAL,42.41018,-83.23236
SE26010904310,2026-01-09T17:00:59Z,2026-01-09T17:38:42Z,2,2026-01-09T15:53:22Z,2026-01-10T08:25:00Z,1,1,Wind damage,New,SERVICE DOWN NO,,CAN,NORMAL,42.43463,-83.09011
SE26010904315,2026-01-09T17:00:59Z,2026-01-09T17:38:42Z,2,2026-01-09T16:18:55Z,2026-01-10T08:25:00Z,104,104,Wind damage,In Progres,OUTAGE,Device (I),RFD,NORMAL,42.30896,-83.11257
SE26010904316,2026-01-09T17:00:59Z,2026-01-09T17:38:42Z,2,2026-01-09T16:22:58Z,2026-01-10T08:25:00Z,1,1,Wind damage,New,OUTAGE,Single Customer,RFD,NORMAL,42.31545,-83.11544
SE26010904317,2026-01-09T17:00:59Z,2026-01-09T17:38:42Z,2,2026-01-09T16:21:57Z,2026-01-10T08:25:00Z,1,1,Wind damage,In Progres,SERVICE DOWN NO,,RFD,NORMAL,42.47978,-83.17662
SE26010904326,2026-01-09T17:00:59Z,2026-01-09T17:38:42Z,2,2026-01-09T16:23:36Z,2026-01-10T08:25:00Z,1,1,Wind damage,New,SERVICE DOWN NO,,RFD,NORMAL,42.51026,-83.15443
SE26010904338,2026-01-09T17:00:59Z,2026-01-09T17:38:42Z,2,2026-01-09T16:10:01Z,2026-01-10T08:25:00Z,1,1,Wind damage,New,OUTAGE,Single Customer,RFD,NORMAL,42.2932,-83.12607
SE26010904346,2026-01-09T17:00:59Z,2026-01-09T17:38:42Z,2,2026-01-09T16:24:17Z,2026-01-10T08:25:00Z,21,21,Wind damage,New,OUTAGE,Service Transformer,RFD,NORMAL,42.38946,-83.22049
SE26010904374,2026-01-09T17:00:59Z,2026-01-09T17:38:42Z,2,2026-01-09T16:09:32Z,2026-01-10T08:25:00Z,788,788,Wind damage,New,OUTAGE,Circuit Level,RFD,NORMAL,42.45739,-83.10857
SE26010904406,2026-01-09T17:00:59Z,2026-01-09T17:38:42Z,2,2026-01-09T16:18:55Z,2026-01-10T08:25:00Z,2,2,Wind damage,In Progres,OUTAGE,Service Secondary,RFD,NORMAL,42.30905,-83.11388
SE26010904412,2026-01-09T17:00:59Z,2026-01-09T17:38:42Z,2,2026-01-09T16:25:17Z,2026-01-10T08:25:00Z,1,1,Wind damage,New,OUTAGE,Single Customer,RFD,NORMAL,42.44306,-83.24237
SE26010904416,2026-01-09T17:00:59Z,2026-01-09T17:00:59Z,1,2026-01-09T16:25:26Z,2026-01-10T08:25:00Z,1,1,Wind damage,New,OUTAGE,Single Customer,RFD,NORMAL,42.41342,-83.25164
SE26010904422,2026-01-09T17:00:59Z,2026-01-09T17:38:42Z,2,2026-01-09T16:25:47Z,2026-01-10T08:25:00Z,1,1,Determined upon crew arrival,New,PRIORITY,,RFD,NORMAL,42.33903,-83.13676
SE26010904423,2026-01-09T17:00:59Z,2026-01-09T17:38:42Z,2,2026-01-09T16:16:14Z,2026-01-10T08:25:00Z,1,1,Wind damage,New,OUTAGE,Single Customer,RFD,NORMAL,42.36064,-83.22925
SE26010904435,2026-01-09T17:00:59Z,2026-01-09T17:38:42Z,2,2026-01-09T16:25:56Z,2026-01-10T08:25:00Z,1,1,Wind damage,New,OUTAGE,Single Customer,RFD,NORMAL,42.43224,-83.30008
SE26010904445,2026-01-09T17:00:59Z,2026-01-09T17:38:42Z,2,2026-01-09T15:40:54Z,2026-01-10T08:25:00Z,1,1,Wind damage,New,OUTAGE,Single Customer,RFD,NORMAL,42.4055,-83.14899
SE26010904446,2026-01-09T17:00:59Z,2026-01-09T17:38:42Z,2,2026-01-09T16:26:23Z,2026-01-10T08:25:00Z,1,1,Wind damage,New,OUTAGE,Single Customer,RFD,NORMAL,42.41028,-83.16047
SE26010904459,2026-01-09T17:00:59Z,2026-01-09T17:38:42Z,2,2026-01-09T16:27:10Z,2026-01-10T08:25:00Z,1,1,Wind damage,New,OUTAGE,Single Customer,RFD,NORMAL,42.4327,-83.21552
SE26010904463,2026-01-09T17:00:59Z,2026-01-09T17:38:42Z,2,2026-01-09T16:27:14Z,2026-01-10T08:25:00Z,1,1,Wind damage,New,OUTAGE,Single Customer,CAN,NORMAL,42.34368,-83.08961
SE26010904468,2026-01-09T17:00:59Z,2026-01-09T17:38:42Z,2,2026-01-09T16:22:57Z,2026-01-10T08:30:00Z,1,1,Wind damage,New,OUTAGE,Single Customer,RFD,NORMAL,42.46451,-83.28793
SE26010904482,2026-01-09T17:00:59Z,2026-01-09T17:38:42Z,2,2026-01-09T16:28:04Z,2026-01-10T08:30:00Z,2,2,Wind damage,In Progres,OUTAGE,Service Secondary,RFD,NORMAL,42.47978,-83.17662
SE26010904484,2026-01-09T17:00:59Z,2026-01-09T17:38:42Z,2,2026-01-09T16:28:14Z,2026-01-10T08:30:00Z,1,1,Determined upon crew arrival,New,PRIORITY,,RFD,NORMAL,42.51424,-83.26641
SE26010904491,2026-01-09T17:00:59Z,2026-01-09T17:38:42Z,2,2026-01-09T16:28:27Z,2026-01-10T08:30:00Z,1,1,Wind damage,New,OUTAGE,Single Customer,CAN,NORMAL,42.40418,-83.12293
SE26010904492,2026-01-09T17:00:59Z,2026-01-09T17:38:42Z,2,2026-01-09T16:28:33Z,2026-01-10T08:30:00Z,1,1,Wind damage,New,OUTAGE,Single Customer,RFD,NORMAL,42.49532,-83.10692
SE26010904494,2026-01-09T17:00:59Z,2026-01-09T17:38:42Z,2,2026-01-09T16:28:40Z,2026-01-10T08:30:00Z,2,2,Wind damage,New,OUTAGE,Service Secondary,RFD,NORMAL,42.25716,-83.22568
SE26010904497,2026-01-09T17:00:59Z,2026-01-09T17:38:42Z,2,2026-01-09T16:28:41Z,2026-01-10T08:30:00Z,1,1,Wind damage,New,OUTAGE,Single Customer,RFD,NORMAL,42.25865,-83.2131
SE26010904498,2026-01-09T17:00:59Z,2026-01-09T17:38:42Z,2,2026-01-09T16:28:41Z,2026-01-10T08:30:00Z,1,1,Wind damage,New,OUTAGE,Single Customer,CAN,NORMAL,42.39908,-82.95122
SE26010904509,2026-01-09T17:00:59Z,2026-01-09T17:38:42Z,2,2026-01-09T16:29:13Z,2026-01-10T08:30:00Z,1,1,Determined upon crew arrival,New,PRIORITY,,RFD,NORMAL,42.45416,-83.11642
SE26010904521,2026-01-09T17:00:59Z,2026-01-09T17:38:42Z,2,2026-01-09T15:50:04Z,2026-01-10T08:30:00Z,393,393,Wind damage,In Progres,OUTAGE,Circuit Level,CAN,NORMAL,42.3384,-83.08011
SE26010904522,2026-01-09T17:00:59Z,2026-01-09T17:38:42Z,2,2026-01-09T16:21:05Z,2026-01-10T08:30:00Z,54,54,Wind damage,New,OUTAGE,Device (I),RFD,NORMAL,42.42281,-83.14711
SE26010904537,2026-01-09T17:00:59Z,2026-01-09T17:38:42Z,2,2026-01-09T16:30:06Z,2026-01-10T08:30:00Z,2,2,Wind damage,New,OUTAGE,Service Secondary,RFD,NORMAL,42.41291,-83.25034
SE26010904555,2026-01-09T17:00:59Z,2026-01-09T17:38:42Z,2,2026-01-09T16:30:49Z,2026-01-10T08:30:00Z,1,1,Determined upon crew arrival,New,PRIORITY,,RFD,NORMAL,42.51676,-83.26441
SE26010904566,2026-01-09T17:00:59Z,2026-01-09T17:38:42Z,2,2026-01-09T16:30:48Z,2026-01-10T08:30:00Z,1,1,Wind damage,New,OUTAGE,Single Customer,CAN,NORMAL,42.37935,-82.95774
SE26010904567,2026-01-09T17:00:59Z,2026-01-09T17:38:42Z,2,2026-01-09T16:30:54Z,2026-01-10T08:30:00Z,1,1,Wind damage,New,OUTAGE,Single Customer,RFD,NORMAL,42.4853,-83.14829
SE26010904571,2026-01-09T17:00:59Z,2026-01-09T17:00:59Z,1,2026-01-09T16:31:06Z,2026-01-10T08:30:00Z,1,1,Wind damage,New,OUTAGE,Single Customer,RFD,NORMAL,42.27697,-83.11927
SE26010904573,2026-01-09T17:00:59Z,2026-01-09T17:38:42Z,2,2026-01-09T16:31:07Z,2026-01-10T08:30:00Z,1,1,Wind damage,In Progres,OUTAGE,Single Customer,RFD,NORMAL,42.47772,-83.17782
SE26010904593,2026-01-09T17:00:59Z,2026-01-09T17:00:59Z,1,2026-01-09T16:31:55Z,2026-01-10T08:30:00Z,1,1,Determined upon crew arrival,New,PRIORITY,,RFD,NORMAL,42.27803,-83.12819
SE26010904597,2026-01-09T17:00:59Z,2026-01-09T17:00:59Z,1,2026-01-09T16:31:51Z,2026-01-10T08:30:00Z,1,1,Wind damage,New,OUTAGE,Single Customer,RFD,NORMAL,42.2248,-83.21227
SE26010904608,2026-01-09T17:00:59Z,2026-01-09T17:38:42Z,2,2026-01-09T16:28:43Z,2026-01-10T08:30:00Z,181,181,Wind damage,New,OUTAGE,Device (II),CAN,NORMAL,42.3911,-83.1145
SE26010904631,2026-01-09T17:00:59Z,2026-01-09T17:38:42Z,2,2026-01-09T16:32:57Z,2026-01-10T08:35:00Z,1,1,Wind damage,New,OUTAGE,Single Customer,RFD,NORMAL,42.49731,-83.11083
SE26010904641,2026-01-09T17:00:59Z,2026-01-09T17:38:42Z,2,2026-01-09T16:33:20Z,2026-01-10T08:35:00Z,1,1,Wind damage,New,OUTAGE,Single Customer,RFD,NORMAL,42.53031,-83.18863
SE26010904664,2026-01-09T17:00:59Z,2026-01-09T17:38:42Z,2,2026-01-09T16:34:25Z,2026-01-10T08:35:00Z,1,1,Wind damage,New,OUTAGE,Single Customer,CAN,NORMAL,42.40673,-83.09495
SE26010904670,2026-01-09T17:00:59Z,2026-01-09T17:38:42Z,2,2026-01-09T16:34:34Z,2026-01-10T08:35:00Z,1,1,Wind damage,New,OUTAGE,Single Customer,RFD,NORMAL,42.51823,-83.21837
SE26010904684,2026-01-09T17:00:59Z,2026-01-09T17:38:42Z,2,2026-01-09T15:51:03Z,2026-01-10T08:35:00Z,1,1,Wind damage,New,SERVICE DOWN NO,,CAN,NORMAL,42.41669,-83.12966
SE26010904702,2026-01-09T17:00:59Z,2026-01-09T17:38:42Z,2,2026-01-09T16:35:23Z,2026-01-10T08:35:00Z,1,1,Wind damage,New,OUTAGE,Single Customer,RFD,NORMAL,42.51185,-83.26678
SE26010904706,2026-01-09T17:00:59Z,2026-01-09T17:38:42Z,2,2026-01-09T16:35:28Z,2026-01-10T08:35:00Z,1,1,Wind damage,New,OUTAGE,Single Customer,RFD,NORMAL,42.41958,-83.15761
SE26010904722,2026-01-09T17:00:59Z,2026-01-09T17:00:59Z,1,2026-01-09T16:35:07Z,2026-01-10T08:35:00Z,1,1,Wind damage,New,OUTAGE,Single Customer,RFD,NORMAL,42.41288,-83.22586
SE26010904731,2026-01-09T17:00:59Z,2026-01-09T17:00:59Z,1,2026-01-09T16:36:14Z,2026-01-10T08:35:00Z,9,9,Wind damage,New,OUTAGE,Service Transformer,RFD,NORMAL,42.51713,-83.09499
SE26010904735,2026-01-09T17:00:59Z,2026-01-09T17:38:42Z,2,2026-01-09T16:36:11Z,2026-01-10T08:35:00Z,47,47,Wind damage,New,OUTAGE,Service Transformer,CAN,NORMAL,42.40401,-83.04489
SE26010904741,2026-01-09T17:00:59Z,2026-01-09T17:00:59Z,1,2026-01-09T16:36:22Z,2026-01-10T08:35:00Z,33,33,Wind damage,New,OUTAGE,Device (I),RFD,NORMAL,42.51507,-83.09599
SE26010904743,2026-01-09T17:00:59Z,2026-01-09T17:38:42Z,2,2026-01-09T16:33:33Z,2026-01-10T08:35:00Z,18,18,Wind damage,New,OUTAGE,Device (II),CAN,NORMAL,42.40164,-82.89553
SE26010904759,2026-01-09T17:00:59Z,2026-01-09T17:00:59Z,1,2026-01-09T16:36:41Z,2026-01-10T08:35:00Z,3,3,Wind damage,New,OUTAGE,Service Transformer,CAN,NORMAL,42.40183,-82.89603
SE26010904769,2026-01-09T17:00:59Z,2026-01-09T17:38:42Z,2,2026-01-09T16:32:30Z,2026-01-10T08:35:00Z,111,111,Wind damage,New,OUTAGE,Device (II),RFD,NORMAL,42.51654,-83.09671
SE26010904783,2026-01-09T17:00:59Z,2026-01-09T17:38:42Z,2,2026-01-09T16:37:40Z,2026-01-10T08:40:00Z,1,1,Determined upon crew arrival,New,PRIORITY,,RFD,NORMAL,42.3176,-83.19233
SE26010904807,2026-01-09T17:00:59Z,2026-01-09T17:38:42Z,2,2026-01-09T16:38:30Z,2026-01-10T08:40:00Z,2,2,Wind damage,New,OUTAGE,Service Secondary,RFD,NORMAL,42.25723,-83.22691
SE26010904820,2026-01-09T17:00:59Z,2026-01-09T17:38:42Z,2,2026-01-09T16:38:49Z,2026-01-10T08:40:00Z,1,1,Wind damage,New,OUTAGE,Single Customer,RFD,NORMAL,42.42252,-83.16432
SE26010904827,2026-01-09T17:00:59Z,2026-01-09T17:38:42Z,2,2026-01-09T15:51:58Z,2026-01-10T08:40:00Z,1,1,Wind damage,In Progres,SERVICE DOWN NO,,RFD,NORMAL,42.4755,-83.2655
SE26010904833,2026-01-09T17:00:59Z,2026-01-09T17:38:42Z,2,2026-01-09T16:33:57Z,2026-01-10T08:40:00Z,1,1,Wind damage,New,OUTAGE,Single Customer,CAN,NORMAL,42.44984,-82.91883
SE26010904841,2026-01-09T17:00:59Z,2026-01-09T17:38:42Z,2,2026-01-09T16:39:07Z,2026-01-10T08:40:00Z,2,2,Wind damage,New,OUTAGE,Service Secondary,RFD,NORMAL,42.2589,-83.13904
SE26010904842,2026-01-09T17:00:59Z,2026-01-09T17:38:42Z,2,2026-01-09T16:35:02Z,2026-01-10T08:40:00Z,1,1,Wind damage,New,SERVICE DOWN NO,,RFD,NORMAL,42.35168,-83.18966
SE26010904846,2026-01-09T17:00:59Z,2026-01-09T17:38:42Z,2,2026-01-09T16:39:11Z,2026-01-10T08:40:00Z,1,1,Wind damage,New,OUTAGE,Single Customer,RFD,NORMAL,42.49111,-83.21095
SE26010904848,2026-01-09T17:00:59Z,2026-01-09T17:38:42Z,2,2026-01-09T16:39:09Z,2026-01-10T08:40:00Z,1,1,Wind damage,New,OUTAGE,Single Customer,CAN,NORMAL,42.33871,-83.10071
SE26010904853,2026-01-09T17:00:59Z,2026-01-09T17:00:59Z,1,2026-01-09T16:39:19Z,2026-01-10T08:40:00Z,2,2,Wind damage,New,OUTAGE,Service Secondary,RFD,NORMAL,42.51562,-83.0983
SE26010904866,2026-01-09T17:00:59Z,2026-01-09T17:00:59Z,1,2026-01-09T16:39:30Z,2026-01-10T08:40:00Z,1,1,Wind damage,New,OUTAGE,Single Customer,RFD,NORMAL,42.51429,-83.09487
SE26010904881,2026-01-09T17:00:59Z,2026-01-09T17:38:42Z,2,2026-01-09T16:40:11Z,2026-01-09T23:50:00Z,1,1,Wind damage,In Progres,OUTAGE,Single Customer,RFD,NORMAL,42.38259,-83.20812
SE26010904883,2026-01-09T17:00:59Z,2026-01-09T17:38:42Z,2,2026-01-09T16:25:01Z,2026-01-10T08:40:00Z,16,16,Wind damage,In Progres,OUTAGE,Service Transformer,RFD,NORMAL,42.43354,-83.20909
SE26010904887,2026-01-09T17:00:59Z,2026-01-09T17:38:42Z,2,2026-01-09T16:40:21Z,2026-01-10T08:40:00Z,1,1,Wind damage,New,SERVICE DOWN NO,,CAN,NORMAL,42.38802,-83.09768
SE26010904891,2026-01-09T17:00:59Z,2026-01-09T17:38:42Z,2,2026-01-09T16:40:22Z,2026-01-10T08:40:00Z,1,1,Wind damage,New,OUTAGE,Single Customer,RFD,NORMAL,42.43656,-83.23838
SE26010904901,2026-01-09T17:00:59Z,2026-01-09T17:38:42Z,2,2026-01-09T16:40:32Z,2026-01-10T08:40:00Z,1,1,Wind damage,New,OUTAGE,Single Customer,RFD,NORMAL,42.28154,-83.24441
SE26010904910,2026-01-09T17:00:59Z,2026-01-09T17:38:42Z,2,2026-01-09T16:40:54Z,2026-01-10T08:40:00Z,1,1,Wind damage,New,OUTAGE,Single Customer,CAN,NORMAL,42.43114,-83.07434
SE26010904913,2026-01-09T17:00:59Z,2026-01-09T17:38:42Z,2,2026-01-09T16:41:10Z,2026-01-10T08:40:00Z,1,1,Wind damage,New,OUTAGE,Single Customer,RFD,NORMAL,42.40147,-83.15519
SE26010904914,2026-01-09T17:00:59Z,2026-01-09T17:38:42Z,2,2026-01-09T16:41:18Z,2026-01-09T23:50:00Z,1,1,Wind damage,In Progres,OUTAGE,Single Customer,RFD,NORMAL,42.38531,-83.2058
SE26010904926,2026-01-09T17:00:59Z,2026-01-09T17:00:59Z,1,2026-01-09T16:26:21Z,2026-01-10T08:40:00Z,1,1,Wind damage,New,OUTAGE,Single Customer,RFD,NORMAL,42.33693,-83.21131
SE26010904928,2026-01-09T17:00:59Z,2026-01-09T17:38:42Z,2,2026-01-09T16:41:34Z,2026-01-10T08:40:00Z,1,1,Wind damage,New,OUTAGE,Single Customer,RFD,NORMAL,42.5147,-83.26668
SE26010904929,2026-01-09T17:00:59Z,2026-01-09T17:38:42Z,2,2026-01-09T15:51:45Z,2026-01-10T08:40:00Z,1,1,Wind damage,New,OUTAGE,Single Customer,RFD,NORMAL,42.29039,-83.12359
SE26010904940,2026-01-09T17:00:59Z,2026-01-09T17:38:42Z,2,2026-01-09T15:50:03Z,2026-01-10T08:40:00Z,2,2,Wind damage,New,OUTAGE,Service Secondary,RFD,NORMAL,42.40551,-83.14779
SE26010904941,2026-01-09T17:00:59Z,2026-01-09T17:00:59Z,1,2026-01-09T16:41:53Z,,2,2,Determined upon crew arrival,New,OUTAGE,Service Secondary,RFD,NORMAL,42.51311,-83.101
SE26010904942,2026-01-09T17:00:59Z,2026-01-09T17:00:59Z,1,2026-01-09T16:26:42Z,,19,19,Determined upon crew arrival,New,OUTAGE,Service Transformer,RFD,NORMAL,42.36491,-83.19006
SE26010904946,2026-01-09T17:00:59Z,2026-01-09T17:38:42Z,2,2026-01-09T16:42:07Z,2026-01-10T08:40:00Z,1,1,Wind damage,New,OUTAGE,Single Customer,RFD,NORMAL,42.2762,-83.21954
SE26010904947,2026-01-09T17:00:59Z,2026-01-09T17:00:59Z,1,2026-01-09T16:42:07Z,,1,1,Determined upon crew arrival,New,OUTAGE,Single Customer,CAN,NORMAL,42.40144,-82.89505
SE26010904991,2026-01-09T17:00:59Z,2026-01-09T17:38:42Z,2,2026-01-09T16:43:48Z,2026-01-10T08:45:00Z,1,1,Wind damage,New,SERVICE DOWN NO,,RFD,NORMAL,42.46716,-83.19724
SE26010904999,2026-01-09T17:00:59Z,2026-01-09T17:38:42Z,2,2026-01-09T15:47:46Z,2026-01-10T08:45:00Z,2,2,Wind damage,New,OUTAGE,Service Secondary,RFD,NORMAL,42.52359,-83.19714
SE26010905005,2026-01-09T17:00:59Z,2026-01-09T17:38:42Z,2,2026-01-09T16:44:32Z,2026-01-10T08:45:00Z,1,1,Wind damage,New,OUTAGE,Single Customer,RFD,NORMAL,42.48968,-83.09904
SE26010905011,2026-01-09T17:00:59Z,2026-01-09T17:38:42Z,2,2026-01-09T16:32:55Z,2026-01-10T08:45:00Z,1,1,Wind damage,New,OUTAGE,Single Customer,RFD,NORMAL,42.5174,-83.09235
SE26010905012,2026-01-09T17:00:59Z,2026-01-09T17:00:59Z,1,2026-01-09T15:58:59Z,,1,1,Determined upon crew arrival,New,OUTAGE,Single Customer,RFD,NORMAL,42.27603,-83.12077
SW26010904136,2026-01-09T17:00:59Z,2026-01-09T17:38:42Z,2,2026-01-09T16:13:40Z,2026-01-10T08:15:00Z,23,23,Wind damage,New,OUTAGE,Device (I),WWS,NORMAL,42.30657,-83.31348
SW26010904156,2026-01-09T17:00:59Z,2026-01-09T17:38:42Z,2,2026-01-09T16:17:09Z,2026-01-10T08:15:00Z,1,1,Wind damage,New,OUTAGE,Single Customer,WWS,NORMAL,42.17837,-83.48192
SW26010904184,2026-01-09T17:00:59Z,2026-01-09T17:38:42Z,2,2026-01-09T16:09:17Z,2026-01-10T08:20:00Z,3,3,Wind damage,New,OUTAGE,Service Transformer,WWS,NORMAL,42.24048,-83.30815
SW26010904241,2026-01-09T17:00:59Z,2026-01-09T17:38:42Z,2,2026-01-09T15:45:35Z,2026-01-10T08:20:00Z,1,1,Wind damage,New,SERVICE DOWN NO,,ANN,NORMAL,42.2346,-83.5891
SW26010904258,2026-01-09T17:00:59Z,2026-01-09T17:38:42Z,2,2026-01-09T16:20:28Z,2026-01-10T08:20:00Z,1,1,Wind damage,New,OUTAGE,Single Customer,WWS,NORMAL,42.21741,-83.26392
SW26010904278,2026-01-09T17:00:59Z,2026-01-09T17:38:42Z,2,2026-01-09T16:21:24Z,2026-01-10T08:20:00Z,2,2,Wind damage,New,OUTAGE,Service Secondary,WWS,NORMAL,42.19371,-83.48649
SW26010904321,2026-01-09T17:00:59Z,2026-01-09T17:38:42Z,2,2026-01-09T16:18:27Z,2026-01-10T08:25:00Z,1,1,Wind damage,New,SERVICE DOWN NO,,WWS,NORMAL,42.3673,-83.48188
SW26010904388,2026-01-09T17:00:59Z,2026-01-09T17:38:42Z,2,2026-01-09T16:24:42Z,2026-01-10T08:25:00Z,1,1,Wind damage,New,OUTAGE,Single Customer,WWS,NORMAL,42.14197,-83.49972
SW26010904415,2026-01-09T17:00:59Z,2026-01-09T17:38:42Z,2,2026-01-09T16:25:25Z,2026-01-10T08:25:00Z,1,1,Wind damage,New,OUTAGE,Single Customer,WWS,NORMAL,42.14279,-83.49974
SW26010904453,2026-01-09T17:00:59Z,2026-01-09T17:38:42Z,2,2026-01-09T16:26:52Z,2026-01-10T08:25:00Z,1,1,Wind damage,New,OUTAGE,Single Customer,WWS,NORMAL,42.49792,-83.37719
SW26010904479,2026-01-09T17:00:59Z,2026-01-09T17:38:42Z,2,2026-01-09T16:27:57Z,2026-01-10T08:30:00Z,152,152,Wind damage,New,OUTAGE,Device (II),NPT,NORMAL,42.04947,-83.57902
SW26010904490,2026-01-09T17:00:59Z,2026-01-09T17:38:42Z,2,2026-01-09T16:28:27Z,2026-01-10T08:30:00Z,1,1,Wind damage,New,OUTAGE,Single Customer,WWS,NORMAL,42.32962,-83.42506
SW26010904495,2026-01-09T17:00:59Z,2026-01-09T17:38:42Z,2,2026-01-09T16:28:41Z,2026-01-10T08:30:00Z,1,1,Wind damage,New,OUTAGE,Single Customer,WWS,NORMAL,42.1465,-83.36409
SW26010904499,2026-01-09T17:00:59Z,2026-01-09T17:38:42Z,2,2026-01-09T16:13:28Z,2026-01-10T08:30:00Z,125,37,Wind damage,New,OUTAGE,Device (II),WWS,NORMAL,42.2227,-83.27149
SW26010904525,2026-01-09T17:00:59Z,2026-01-09T17:00:59Z,1,2026-01-09T16:29:43Z,2026-01-10T08:30:00Z,1,1,Wind damage,New,OUTAGE,Single Customer,WWS,NORMAL,42.13621,-83.3616
SW26010904543,2026-01-09T17:00:59Z,2026-01-09T17:38:42Z,2,2026-01-09T16:30:24Z,2026-01-10T08:30:00Z,1,1,Wind damage,New,OUTAGE,Single Customer,WWS,NORMAL,42.12579,-83.35184
SW26010904553,2026-01-09T17:00:59Z,2026-01-09T17:38:42Z,2,2026-01-09T16:30:33Z,2026-01-10T08:30:00Z,1,1,Wind damage,New,OUTAGE,Single Customer,WWS,NORMAL,42.12395,-83.33063
SW26010904558,2026-01-09T17:00:59Z,2026-01-09T17:38:42Z,2,2026-01-09T16:30:36Z,2026-01-10T08:30:00Z,1,1,Wind damage,New,OUTAGE,Single Customer,WWS,NORMAL,42.13809,-83.33976
SW26010904562,2026-01-09T17:00:59Z,2026-01-09T17:38:42Z,2,2026-01-09T15:52:20Z,2026-01-10T08:30:00Z,1,1,Wind damage,New,OUTAGE,Single Customer,NPT,NORMAL,42.11422,-83.3034
SW26010904563,2026-01-09T17:00:59Z,2026-01-09T17:38:42Z,2,2026-01-09T16:30:47Z,2026-01-10T08:30:00Z,1,1,Wind damage,New,OUTAGE,Single Customer,WWS,NORMAL,42.11867,-83.31947
SW26010904576,2026-01-09T17:00:59Z,2026-01-09T17:38:42Z,2,2026-01-09T16:31:10Z,2026-01-10T08:30:00Z,1,1,Wind damage,New,OUTAGE,Single Customer,WWS,NORMAL,42.13772,-83.35913
SW26010904609,2026-01-09T17:00:59Z,2026-01-09T17:38:42Z,2,2026-01-09T16:32:21Z,2026-01-10T08:30:00Z,13,13,Determined upon crew arrival,In Progres,OUTAGE,Service Transformer,ANN,NORMAL,42.25108,-83.57734
SW26010904618,2026-01-09T17:00:59Z,2026-01-09T17:38:42Z,2,2026-01-09T16:32:36Z,2026-01-10T08:35:00Z,1,1,Wind damage,New,OUTAGE,Single Customer,WWS,NORMAL,42.1358,-83.33137
SW26010904621,2026-01-09T17:00:59Z,2026-01-09T17:38:42Z,2,2026-01-09T16:32:46Z,2026-01-10T08:35:00Z,1,1,Wind damage,New,OUTAGE,Single Customer,WWS,NORMAL,42.12984,-83.38259
SW26010904638,2026-01-09T17:00:59Z,2026-01-09T17:38:42Z,2,2026-01-09T16:33:26Z,2026-01-10T08:35:00Z,1,1,Wind damage,New,SERVICE DOWN NO,,WWS,NORMAL,42.25027,-83.25542
SW26010904647,2026-01-09T17:00:59Z,2026-01-09T17:38:42Z,2,2026-01-09T16:33:37Z,2026-01-10T08:35:00Z,1,1,Wind damage,New,OUTAGE,Single Customer,WWS,NORMAL,42.1335,-83.33172
SW26010904649,2026-01-09T17:00:59Z,2026-01-09T17:38:42Z,2,2026-01-09T16:33:43Z,2026-01-10T08:35:00Z,1,1,Wind damage,New,OUTAGE,Single Customer,WWS,NORMAL,42.12841,-83.35798
SW26010904654,2026-01-09T17:00:59Z,2026-01-09T17:38:42Z,2,2026-01-09T16:34:07Z,2026-01-10T08:35:00Z,1,1,Determined upon crew arrival,New,PRIORITY,,WWS,NORMAL,42.16598,-83.31955
SW26010904687,2026-01-09T17:00:59Z,2026-01-09T17:38:42Z,2,2026-01-09T16:23:14Z,2026-01-10T08:35:00Z,49,49,Wind damage,New,OUTAGE,Device (II),WWS,NORMAL,42.33323,-83.41869
SW26010904701,2026-01-09T17:00:59Z,2026-01-09T17:00:59Z,1,2026-01-09T16:35:24Z,2026-01-10T08:35:00Z,1,1,Wind damage,New,OUTAGE,Single Customer,WWS,NORMAL,42.13815,-83.33583
SW26010904709,2026-01-09T17:00:59Z,2026-01-09T17:38:42Z,2,2026-01-09T16:32:37Z,2026-01-10T08:35:00Z,58,58,Wind damage,New,OUTAGE,Device (II),WWS,NORMAL,42.46088,-83.33989
SW26010904712,2026-01-09T17:00:59Z,2026-01-09T17:38:42Z,2,2026-01-09T16:35:43Z,2026-01-10T08:35:00Z,1,1,Wind damage,New,OUTAGE,Single Customer,WWS,NORMAL,42.12108,-83.32826
SW26010904720,2026-01-09T17:00:59Z,2026-01-09T17:38:42Z,2,2026-01-09T16:35:54Z,2026-01-10T08:35:00Z,1,1,Wind damage,New,OUTAGE,Single Customer,WWS,NORMAL,42.15128,-83.36637
SW26010904800,2026-01-09T17:00:59Z,2026-01-09T17:38:42Z,2,2026-01-09T16:38:05Z,2026-01-10T08:40:00Z,1,1,Wind damage,New,OUTAGE,Single Customer,WWS,NORMAL,42.12315,-83.33713
SW26010904819,2026-01-09T17:00:59Z,2026-01-09T17:38:42Z,2,2026-01-09T16:38:49Z,2026-01-10T08:40:00Z,1,1,Wind damage,New,OUTAGE,Single Customer,WWS,NORMAL,42.15372,-83.53078
SW26010904868,2026-01-09T17:00:59Z,2026-01-09T17:38:42Z,2,2026-01-09T16:02:51Z,2026-01-10T08:40:00Z,1,1,Wind damage,New,OUTAGE,Single Customer,ANN,NORMAL,42.27928,-83.79001
SW26010904896,2026-01-09T17:00:59Z,2026-01-09T17:38:42Z,2,2026-01-09T16:40:31Z,2026-01-10T08:40:00Z,1,1,Wind damage,New,OUTAGE,Single Customer,NPT,NORMAL,42.07378,-83.25444
SW26010904909,2026-01-09T17:00:59Z,2026-01-09T17:38:42Z,2,2026-01-09T16:40:55Z,2026-01-10T08:40:00Z,1,1,Wind damage,New,OUTAGE,Single Customer,WWS,NORMAL,42.1341,-83.33024
SW26010904933,2026-01-09T17:00:59Z,2026-01-09T17:38:42Z,2,2026-01-09T15:43:47Z,2026-01-10T08:40:00Z,1,1,Wind damage,New,OUTAGE,Single Customer,WWS,NORMAL,42.13577,-83.3434
SW26010904948,2026-01-09T17:00:59Z,2026-01-09T17:00:59Z,1,2026-01-09T16:26:53Z,,1,1,Determined upon crew arrival,New,OUTAGE,Single Customer,WWS,NORMAL,42.25027,-83.25542
SW26010904951,2026-01-09T17:00:59Z,2026-01-09T17:38:42Z,2,2026-01-09T16:16:50Z,2026-01-10T08:40:00Z,1,1,Wind damage,New,OUTAGE,Single Customer,WWS,NORMAL,42.12325,-83.51074
SW26010904967,2026-01-09T17:00:59Z,2026-01-09T17:00:59Z,1,2026-01-09T16:42:55Z,,1,1,Determined upon crew arrival,New,OUTAGE,Single Customer,NPT,NORMAL,42.00947,-83.28245
SW26010904970,2026-01-09T17:00:59Z,2026-01-09T17:38:42Z,2,2026-01-09T16:28:14Z,2026-01-10T08:45:00Z,9,9,Wind damage,In Progres,OUTAGE,Service Transformer,WWS,NORMAL,42.39742,-83.31784
SW26010904972,2026-01-09T17:00:59Z,2026-01-09T17:00:59Z,1,2026-01-09T16:28:13Z,,2,2,Determined upon crew arrival,New,OUTAGE,Service Secondary,WWS,NORMAL,42.39804,-83.31825
SW26010904973,2026-01-09T17:00:59Z,2026-01-09T17:00:59Z,1,2026-01-09T16:28:12Z,,12,12,Determined upon crew arrival,New,OUTAGE,Service Transformer,WWS,NORMAL,42.39567,-83.32116
SW26010904974,2026-01-09T17:00:59Z,2026-01-09T17:00:59Z,1,2026-01-09T16:28:13Z,,6,6,Determined upon crew arrival,New,OUTAGE,Service Transformer,WWS,NORMAL,42.39585,-83.31778
SW26010904975,2026-01-09T17:00:59Z,2026-01-09T17:00:59Z,1,2026-01-09T16:28:12Z,,23,23,Determined upon crew arrival,New,OUTAGE,Device (I),WWS,NORMAL,42.39714,-83.31931
SW26010904976,2026-01-09T17:00:59Z,2026-01-09T17:00:59Z,1,2026-01-09T16:43:16Z,,1,1,Determined upon crew arrival,New,OUTAGE,Single Customer,WWS,NORMAL,42.39875,-83.41163
SW26010904985,2026-01-09T17:00:59Z,2026-01-09T17:00:59Z,1,2026-01-09T16:28:24Z,,1,1,Determined upon crew arrival,New,OUTAGE,Single Customer,WWS,NORMAL,42.39603,-83.31857
SW26010904986,2026-01-09T17:00:59Z,2026-01-09T17:00:59Z,1,2026-01-09T16:28:16Z,,1,1,Determined upon crew arrival,New,OUTAGE,Single Customer,WWS,NORMAL,42.39779,-83.32009
SW26010905004,2026-01-09T17:00:59Z,2026-01-09T17:38:42Z,2,2026-01-09T16:44:35Z,2026-01-10T08:45:00Z,1,1,Wind damage,New,OUTAGE,Single Customer,WWS,NORMAL,42.12841,-83.35681
NE26010905022,2026-01-09T17:38:42Z,2026-01-09T17:38:42Z,1,2026-01-09T16:45:07Z,2026-01-10T08:45:00Z,1,1,Wind damage,New,OUTAGE,Single Customer,MTC,NORMAL,42.4731,-82.97906
NE26010905044,2026-01-09T17:38:42Z,2026-01-09T17:38:42Z,1,2026-01-09T16:45:54Z,2026-01-10T08:45:00Z,1,1,Wind damage,New,OUTAGE,Single Customer,MTC,NORMAL,42.46997,-82.89247
NE26010905052,2026-01-09T17:38:42Z,2026-01-09T17:38:42Z,1,2026-01-09T16:46:08Z,2026-01-10T08:45:00Z,1,1,Wind damage,New,OUTAGE,Single Customer,LAP,NORMAL,42.91738,-83.37929
NE26010905080,2026-01-09T17:38:42Z,2026-01-09T17:38:42Z,1,2026-01-09T16:47:22Z,2026-01-10T08:50:00Z,1,1,Wind damage,New,OUTAGE,Single Customer,LAP,NORMAL,42.94982,-83.03945
NE26010905081,2026-01-09T17:38:42Z,2026-01-09T17:38:42Z,1,2026-01-09T16:47:20Z,2026-01-10T08:50:00Z,1,1,Wind damage,New,OUTAGE,Single Customer,MTC,NORMAL,42.48378,-83.03138
NE26010905087,2026-01-09T17:38:42Z,2026-01-09T17:38:42Z,1,2026-01-09T16:43:45Z,2026-01-10T08:50:00Z,1,1,Wind damage,New,OUTAGE,Single Customer,LAP,NORMAL,42.91686,-83.37569
NE26010905095,2026-01-09T17:38:42Z,2026-01-09T17:38:42Z,1,2026-01-09T16:36:20Z,2026-01-10T08:50:00Z,1,1,Wind damage,New,OUTAGE,Single Customer,MTC,NORMAL,42.4989,-82.96857
NE26010905100,2026-01-09T17:38:42Z,2026-01-09T17:38:42Z,1,2026-01-09T16:48:16Z,2026-01-10T08:50:00Z,1,1,Wind damage,New,OUTAGE,Single Customer,MTC,NORMAL,42.50674,-82.96768
NE26010905101,2026-01-09T17:38:42Z,2026-01-09T17:38:42Z,1,2026-01-09T16:36:51Z,2026-01-10T08:50:00Z,1,1,Wind damage,New,OUTAGE,Single Customer,MTC,NORMAL,42.50697,-82.92805
NE26010905148,2026-01-09T17:38:42Z,2026-01-09T17:38:42Z,1,2026-01-09T16:50:31Z,2026-01-10T08:50:00Z,1,1,Determined upon crew arrival,In Progres,PRIORITY,,MTC,NORMAL,42.57499,-82.87245
NE26010905159,2026-01-09T17:38:42Z,2026-01-09T17:38:42Z,1,2026-01-09T16:50:50Z,2026-01-10T08:50:00Z,1,1,Determined upon crew arrival,In Progres,OUTAGE,Single Customer,MAR,NORMAL,43.00453,-82.45859
NE26010905169,2026-01-09T17:38:42Z,2026-01-09T17:38:42Z,1,2026-01-09T16:51:21Z,2026-01-10T08:50:00Z,1,1,Determined upon crew arrival,New,PRIORITY,,MTC,NORMAL,42.50403,-82.96596
NE26010905171,2026-01-09T17:38:42Z,2026-01-09T17:38:42Z,1,2026-01-09T16:51:17Z,2026-01-10T08:50:00Z,1,1,Wind damage,New,OUTAGE,Single Customer,MTC,NORMAL,42.69277,-82.79774
NE26010905184,2026-01-09T17:38:42Z,2026-01-09T17:38:42Z,1,2026-01-09T16:43:45Z,2026-01-10T08:50:00Z,1,1,Wind damage,New,OUTAGE,Single Customer,LAP,NORMAL,42.91683,-83.37907
NE26010905214,2026-01-09T17:38:42Z,2026-01-09T17:38:42Z,1,2026-01-09T16:52:44Z,2026-01-10T08:55:00Z,1,1,Wind damage,New,OUTAGE,Single Customer,LAP,NORMAL,42.91849,-83.38337
NE26010905224,2026-01-09T17:38:42Z,2026-01-09T17:38:42Z,1,2026-01-09T16:53:27Z,2026-01-10T08:55:00Z,1,1,Determined upon crew arrival,New,PRIORITY,,MTC,NORMAL,42.50494,-82.9669
NE26010905239,2026-01-09T17:38:42Z,2026-01-09T17:38:42Z,1,2026-01-09T16:54:00Z,2026-01-10T08:55:00Z,1,1,Wind damage,New,OUTAGE,Single Customer,LAP,NORMAL,42.91747,-83.37392
NE26010905245,2026-01-09T17:38:42Z,2026-01-09T17:38:42Z,1,2026-01-09T16:54:15Z,2026-01-10T08:55:00Z,1,1,Wind damage,New,OUTAGE,Single Customer,MTC,NORMAL,42.50551,-82.96479
NE26010905260,2026-01-09T17:38:42Z,2026-01-09T17:38:42Z,1,2026-01-09T16:54:48Z,2026-01-10T08:55:00Z,1,1,Wind damage,New,OUTAGE,Single Customer,LAP,NORMAL,42.91597,-83.37381
NE26010905266,2026-01-09T17:38:42Z,2026-01-09T17:38:42Z,1,2026-01-09T16:46:41Z,2026-01-10T08:55:00Z,1,1,Wind damage,New,SERVICE DOWN NO,,MTC,NORMAL,42.57467,-82.91595
NE26010905286,2026-01-09T17:38:42Z,2026-01-09T17:38:42Z,1,2026-01-09T16:56:21Z,2026-01-10T08:55:00Z,1,1,Wind damage,New,OUTAGE,Single Customer,LAP,NORMAL,42.91544,-83.3763
NE26010905292,2026-01-09T17:38:42Z,2026-01-09T17:38:42Z,1,2026-01-09T16:56:27Z,2026-01-10T08:55:00Z,1,1,Wind damage,New,OUTAGE,Single Customer,LAP,NORMAL,42.92591,-83.37773
NE26010905293,2026-01-09T17:38:42Z,2026-01-09T17:38:42Z,1,2026-01-09T16:56:26Z,2026-01-10T08:55:00Z,1,1,Wind damage,New,OUTAGE,Single Customer,LAP,NORMAL,42.91461,-83.37586
NE26010905294,2026-01-09T17:38:42Z,2026-01-09T17:38:42Z,1,2026-01-09T16:56:25Z,2026-01-10T08:55:00Z,1,1,Wind damage,New,OUTAGE,Single Customer,MTC,NORMAL,42.47217,-83.0426
NE26010905301,2026-01-09T17:38:42Z,2026-01-09T17:38:42Z,1,2026-01-09T16:41:31Z,,1,1,Wind damage,New,OUTAGE,Single Customer,MTC,NORMAL,42.50525,-82.96477
NE26010905302,2026-01-09T17:38:42Z,2026-01-09T17:38:42Z,1,2026-01-09T16:57:13Z,,1,1,Determined upon crew arrival,New,SERVICE DOWN NO,,MTC,NORMAL,42.47975,-83.04456
NE26010905328,2026-01-09T17:38:42Z,2026-01-09T17:38:42Z,1,2026-01-09T16:43:20Z,,1,1,Determined upon crew arrival,New,OUTAGE,Single Customer,MTC,NORMAL,42.47793,-82.97993
NE26010905329,2026-01-09T17:38:42Z,2026-01-09T17:38:42Z,1,2026-01-09T16:43:18Z,,1,1,Determined upon crew arrival,New,OUTAGE,Single Customer,MTC,NORMAL,42.4744,-82.98029
NE26010905332,2026-01-09T17:38:42Z,2026-01-09T17:38:42Z,1,2026-01-09T16:43:42Z,,2,2,Determined upon crew arrival,New,OUTAGE,Service Transformer,LAP,NORMAL,42.9219,-83.37791
NE26010905334,2026-01-09T17:38:42Z,2026-01-09T17:38:42Z,1,2026-01-09T16:43:45Z,,3,3,Determined upon crew arrival,New,OUTAGE,Service Transformer,LAP,NORMAL,42.92149,-83.37096
NE26010905338,2026-01-09T17:38:42Z,2026-01-09T17:38:42Z,1,2026-01-09T16:58:54Z,,1,1,Determined upon crew arrival,New,OUTAGE,Single Customer,MAR,NORMAL,42.83037,-82.48833
NE26010905348,2026-01-09T17:38:42Z,2026-01-09T17:38:42Z,1,2026-01-09T16:50:14Z,,1,1,Determined upon crew arrival,New,SERVICE DOWN NO,,MTC,NORMAL,42.49597,-82.91492
NE26010905354,2026-01-09T17:38:42Z,2026-01-09T17:38:42Z,1,2026-01-09T16:59:43Z,,1,1,Determined upon crew arrival,New,OUTAGE,Single Customer,LAP,NORMAL,42.92518,-83.37823
NE26010905355,2026-01-09T17:38:42Z,2026-01-09T17:38:42Z,1,2026-01-09T16:43:40Z,,1,1,Determined upon crew arrival,New,OUTAGE,Single Customer,LAP,NORMAL,42.92275,-83.3755
NE26010905356,2026-01-09T17:38:42Z,2026-01-09T17:38:42Z,1,2026-01-09T16:43:45Z,,1,1,Determined upon crew arrival,New,OUTAGE,Single Customer,LAP,NORMAL,42.9209,-83.37685
NE26010905357,2026-01-09T17:38:42Z,2026-01-09T17:38:42Z,1,2026-01-09T16:43:46Z,,1,1,Determined upon crew arrival,New,OUTAGE,Single Customer,LAP,NORMAL,42.92078,-83.38308
NE26010905358,2026-01-09T17:38:42Z,2026-01-09T17:38:42Z,1,2026-01-09T16:43:39Z,,1,1,Determined upon crew arrival,New,OUTAGE,Single Customer,MTC,NORMAL,42.4833,-82.99305
NW26010905071,2026-01-09T17:38:42Z,2026-01-09T17:38:42Z,1,2026-01-09T16:47:01Z,2026-01-10T08:45:00Z,1,1,Wind damage,New,SERVICE DOWN NO,,SBY,NORMAL,42.54138,-82.97685
NW26010905077,2026-01-09T17:38:42Z,2026-01-09T17:38:42Z,1,2026-01-09T16:47:16Z,2026-01-10T08:50:00Z,1,1,Wind damage,New,OUTAGE,Single Customer,HWL,NORMAL,42.55113,-84.00566
NW26010905096,2026-01-09T17:38:42Z,2026-01-09T17:38:42Z,1,2026-01-09T15:32:19Z,2026-01-10T00:05:00Z,697,697,Wind damage,In Progres,OUTAGE,Device (II),PON,NORMAL,42.80184,-83.37036
NW26010905102,2026-01-09T17:38:42Z,2026-01-09T17:38:42Z,1,2026-01-09T16:48:32Z,2026-01-10T08:50:00Z,1,1,Wind damage,New,OUTAGE,Single Customer,SBY,NORMAL,42.71077,-83.06971
NW26010905105,2026-01-09T17:38:42Z,2026-01-09T17:38:42Z,1,2026-01-09T16:43:08Z,2026-01-10T08:50:00Z,1,1,Wind damage,New,OUTAGE,Single Customer,PON,NORMAL,42.77446,-83.25863
NW26010905137,2026-01-09T17:38:42Z,2026-01-09T17:38:42Z,1,2026-01-09T16:50:04Z,2026-01-10T08:50:00Z,1,1,Determined upon crew arrival,New,PRIORITY,,PON,NORMAL,42.67485,-83.40591
NW26010905155,2026-01-09T17:38:42Z,2026-01-09T17:38:42Z,1,2026-01-09T16:43:07Z,2026-01-10T08:50:00Z,1,1,Wind damage,In Progres,OUTAGE,Single Customer,SBY,NORMAL,42.63247,-83.02209
NW26010905158,2026-01-09T17:38:42Z,2026-01-09T17:38:42Z,1,2026-01-09T16:50:50Z,2026-01-10T08:50:00Z,1,1,Wind damage,New,OUTAGE,Single Customer,PON,NORMAL,42.58637,-83.27736
NW26010905164,2026-01-09T17:38:42Z,2026-01-09T17:38:42Z,1,2026-01-09T16:35:50Z,2026-01-10T08:50:00Z,2,2,Wind damage,New,OUTAGE,Service Transformer,PON,NORMAL,42.70934,-83.54439
NW26010905190,2026-01-09T17:38:42Z,2026-01-09T17:38:42Z,1,2026-01-09T16:52:15Z,2026-01-10T08:50:00Z,1,1,Wind damage,New,OUTAGE,Single Customer,HWL,NORMAL,42.55555,-83.66523
NW26010905234,2026-01-09T17:38:42Z,2026-01-09T17:38:42Z,1,2026-01-09T14:58:08Z,2026-01-10T08:55:00Z,1,1,Wind damage,New,OUTAGE,Single Customer,HWL,NORMAL,42.53044,-83.94724
NW26010905235,2026-01-09T17:38:42Z,2026-01-09T17:38:42Z,1,2026-01-09T16:53:46Z,2026-01-10T08:55:00Z,1,1,Wind damage,New,OUTAGE,Single Customer,PON,NORMAL,42.62928,-83.3326
NW26010905247,2026-01-09T17:38:42Z,2026-01-09T17:38:42Z,1,2026-01-09T16:54:28Z,2026-01-10T08:55:00Z,1,1,Wind damage,New,SERVICE DOWN NO,,SBY,NORMAL,42.57382,-83.02497
NW26010905274,2026-01-09T17:38:42Z,2026-01-09T17:38:42Z,1,2026-01-09T16:55:30Z,2026-01-10T08:55:00Z,1,1,Wind damage,New,OUTAGE,Single Customer,HWL,NORMAL,42.52042,-83.9381
NW26010905313,2026-01-09T17:38:42Z,2026-01-09T17:38:42Z,1,2026-01-09T16:42:17Z,,1,1,Determined upon crew arrival,New,OUTAGE,Single Customer,PON,NORMAL,42.70273,-83.33775
NW26010905314,2026-01-09T17:38:42Z,2026-01-09T17:38:42Z,1,2026-01-09T16:42:22Z,,1,1,Determined upon crew arrival,New,OUTAGE,Single Customer,PON,NORMAL,42.70278,-83.33536
NW26010905335,2026-01-09T17:38:42Z,2026-01-09T17:38:42Z,1,2026-01-09T16:58:53Z,,1,1,Determined upon crew arrival,New,PRIORITY,,PON,NORMAL,42.66224,-83.43006
NW26010905340,2026-01-09T17:38:42Z,2026-01-09T17:38:42Z,1,2026-01-09T16:59:02Z,,1,1,Determined upon crew arrival,New,OUTAGE,Single Customer,PON,NORMAL,42.5386,-83.09446
NW26010905343,2026-01-09T17:38:42Z,2026-01-09T17:38:42Z,1,2026-01-09T16:59:04Z,,1,1,Determined upon crew arrival,New,OUTAGE,Single Customer,HWL,NORMAL,42.53646,-83.56885
SE26010905027,2026-01-09T17:38:42Z,2026-01-09T17:38:42Z,1,2026-01-09T15:48:18Z,2026-01-10T08:45:00Z,1,1,Wind damage,New,SERVICE DOWN NO,,RFD,NORMAL,42.45134,-83.10077
SE26010905028,2026-01-09T17:38:42Z,2026-01-09T17:38:42Z,1,2026-01-09T15:52:56Z,2026-01-10T08:45:00Z,17,17,Wind damage,New,OUTAGE,Circuit Level,RFD,NORMAL,42.2769,-83.12372
SE26010905030,2026-01-09T17:38:42Z,2026-01-09T17:38:42Z,1,2026-01-09T16:45:30Z,2026-01-10T08:45:00Z,1,1,Wind damage,New,SERVICE DOWN NO,,RFD,NORMAL,42.48242,-83.19967
SE26010905045,2026-01-09T17:38:42Z,2026-01-09T17:38:42Z,1,2026-01-09T16:45:52Z,2026-01-10T08:45:00Z,2,2,Wind damage,New,OUTAGE,Service Secondary,RFD,NORMAL,42.24134,-83.15081
SE26010905048,2026-01-09T17:38:42Z,2026-01-09T17:38:42Z,1,2026-01-09T16:46:15Z,2026-01-10T08:45:00Z,1,1,Determined upon crew arrival,New,PRIORITY,,RFD,NORMAL,42.3288,-83.19602
SE26010905059,2026-01-09T17:38:42Z,2026-01-09T17:38:42Z,1,2026-01-09T16:46:34Z,2026-01-10T08:45:00Z,1,1,Wind damage,New,SERVICE DOWN NO,,CAN,NORMAL,42.37008,-83.08842
SE26010905063,2026-01-09T17:38:42Z,2026-01-09T17:38:42Z,1,2026-01-09T16:46:34Z,2026-01-10T08:45:00Z,1,1,Wind damage,New,OUTAGE,Single Customer,CAN,NORMAL,42.40761,-83.09257
SE26010905069,2026-01-09T17:38:42Z,2026-01-09T17:38:42Z,1,2026-01-09T16:46:56Z,2026-01-10T08:45:00Z,1,1,Determined upon crew arrival,New,PRIORITY,,RFD,NORMAL,42.43053,-83.22005
SE26010905072,2026-01-09T17:38:42Z,2026-01-09T17:38:42Z,1,2026-01-09T16:47:03Z,2026-01-10T08:45:00Z,1,1,Wind damage,New,SERVICE DOWN NO,,CAN,NORMAL,42.37376,-83.09048
SE26010905074,2026-01-09T17:38:42Z,2026-01-09T17:38:42Z,1,2026-01-09T16:47:18Z,2026-01-10T08:45:00Z,1,1,Wind damage,New,SERVICE DOWN NO,,RFD,NORMAL,42.43575,-83.25423
SE26010905086,2026-01-09T17:38:42Z,2026-01-09T17:38:42Z,1,2026-01-09T16:47:28Z,2026-01-10T08:50:00Z,1,1,Wind damage,New,OUTAGE,Single Customer,RFD,NORMAL,42.25704,-83.22665
SE26010905106,2026-01-09T17:38:42Z,2026-01-09T17:38:42Z,1,2026-01-09T16:48:38Z,2026-01-10T08:50:00Z,2,2,Wind damage,New,OUTAGE,Service Secondary,RFD,NORMAL,42.3997,-83.14631
SE26010905109,2026-01-09T17:38:42Z,2026-01-09T17:38:42Z,1,2026-01-09T16:48:54Z,2026-01-10T08:50:00Z,1,1,Determined upon crew arrival,New,PRIORITY,,RFD,NORMAL,42.31826,-83.16438
SE26010905131,2026-01-09T17:38:42Z,2026-01-09T17:38:42Z,1,2026-01-09T16:49:49Z,2026-01-10T08:50:00Z,1,1,Wind damage,New,SERVICE DOWN NO,,CAN,NORMAL,42.37321,-82.92939
SE26010905146,2026-01-09T17:38:42Z,2026-01-09T17:38:42Z,1,2026-01-09T16:50:07Z,2026-01-10T08:50:00Z,1,1,Wind damage,New,OUTAGE,Single Customer,RFD,NORMAL,42.54504,-83.16197
SE26010905154,2026-01-09T17:38:42Z,2026-01-09T17:38:42Z,1,2026-01-09T16:50:37Z,2026-01-10T08:50:00Z,1,1,Wind damage,New,OUTAGE,Single Customer,RFD,NORMAL,42.25723,-83.22442
SE26010905165,2026-01-09T17:38:42Z,2026-01-09T17:38:42Z,1,2026-01-09T16:50:59Z,2026-01-10T08:50:00Z,28,28,Wind damage,New,OUTAGE,Service Transformer,RFD,NORMAL,42.42728,-83.21089
SE26010905231,2026-01-09T17:38:42Z,2026-01-09T17:38:42Z,1,2026-01-09T16:53:35Z,2026-01-10T08:55:00Z,1,1,Wind damage,New,OUTAGE,Single Customer,RFD,NORMAL,42.49598,-83.12268
SE26010905237,2026-01-09T17:38:42Z,2026-01-09T17:38:42Z,1,2026-01-09T16:53:49Z,2026-01-10T08:55:00Z,1,1,Wind damage,New,OUTAGE,Single Customer,RFD,NORMAL,42.25847,-83.22541
SE26010905238,2026-01-09T17:38:42Z,2026-01-09T17:38:42Z,1,2026-01-09T16:05:00Z,2026-01-10T08:55:00Z,1,1,Wind damage,New,SERVICE DOWN NO,,RFD,NORMAL,42.42245,-83.20534
SE26010905240,2026-01-09T17:38:42Z,2026-01-09T17:38:42Z,1,2026-01-09T16:54:02Z,2026-01-10T08:55:00Z,1,1,Wind damage,New,OUTAGE,Single Customer,RFD,NORMAL,42.24142,-83.15181
SE26010905259,2026-01-09T17:38:42Z,2026-01-09T17:38:42Z,1,2026-01-09T16:54:40Z,2026-01-10T08:55:00Z,2,2,Wind damage,New,OUTAGE,Service Secondary,RFD,NORMAL,42.24218,-83.15044
SE26010905265,2026-01-09T17:38:42Z,2026-01-09T17:38:42Z,1,2026-01-09T16:55:04Z,2026-01-10T08:55:00Z,1,1,Wind damage,New,SERVICE DOWN NO,,RFD,NORMAL,42.4,-83.29788
SE26010905289,2026-01-09T17:38:42Z,2026-01-09T17:38:42Z,1,2026-01-09T16:56:26Z,2026-01-10T08:55:00Z,1,1,Wind damage,New,OUTAGE,Single Customer,CAN,NORMAL,42.32248,-83.09168
SE26010905290,2026-01-09T17:38:42Z,2026-01-09T17:38:42Z,1,2026-01-09T16:15:26Z,2026-01-10T08:55:00Z,1,1,Wind damage,New,OUTAGE,Single Customer,RFD,NORMAL,42.42049,-83.14697
SE26010905306,2026-01-09T17:38:42Z,2026-01-09T17:38:42Z,1,2026-01-09T16:57:04Z,,1,1,Determined upon crew arrival,New,OUTAGE,Single Customer,RFD,NORMAL,42.50075,-83.08631
SE26010905311,2026-01-09T17:38:42Z,2026-01-09T17:38:42Z,1,2026-01-09T16:57:13Z,,1,1,Determined upon crew arrival,New,OUTAGE,Single Customer,CAN,NORMAL,42.37444,-83.06759
SE26010905318,2026-01-09T17:38:42Z,2026-01-09T17:38:42Z,1,2026-01-09T16:57:38Z,,1,1,Determined upon crew arrival,New,OUTAGE,Single Customer,RFD,NORMAL,42.47368,-83.13105
SE26010905320,2026-01-09T17:38:42Z,2026-01-09T17:38:42Z,1,2026-01-09T16:57:46Z,,1,1,Determined upon crew arrival,New,OUTAGE,Single Customer,RFD,NORMAL,42.41884,-83.23445
SE26010905326,2026-01-09T17:38:42Z,2026-01-09T17:38:42Z,1,2026-01-09T16:58:17Z,,1,1,Determined upon crew arrival,New,OUTAGE,Single Customer,CAN,NORMAL,42.3234,-83.09414
SE26010905341,2026-01-09T17:38:42Z,2026-01-09T17:38:42Z,1,2026-01-09T16:59:02Z,,1,1,Determined upon crew arrival,New,OUTAGE,Single Customer,RFD,NORMAL,42.31381,-83.29747
SE26010905350,2026-01-09T17:38:42Z,2026-01-09T17:38:42Z,1,2026-01-09T16:59:23Z,,1,1,Determined upon crew arrival,New,OUTAGE,Single Customer,RFD,NORMAL,42.31457,-83.29753
SW26010905035,2026-01-09T17:38:42Z,2026-01-09T17:38:42Z,1,2026-01-09T16:45:36Z,2026-01-10T08:45:00Z,251,251,Wind damage,In Progres,OUTAGE,Circuit Level,WWS,NORMAL,42.33433,-83.44946
SW26010905046,2026-01-09T17:38:42Z,2026-01-09T17:38:42Z,1,2026-01-09T15:53:56Z,2026-01-10T08:45:00Z,1,1,Wind damage,New,SERVICE DOWN NO,,WWS,NORMAL,42.2558,-83.25122
SW26010905050,2026-01-09T17:38:42Z,2026-01-09T17:38:42Z,1,2026-01-09T16:43:05Z,2026-01-10T08:45:00Z,55,55,Wind damage,New,OUTAGE,Device (I),WWS,NORMAL,42.27105,-83.40332
SW26010905051,2026-01-09T17:38:42Z,2026-01-09T17:38:42Z,1,2026-01-09T16:46:08Z,2026-01-10T08:45:00Z,1,1,Wind damage,New,OUTAGE,Single Customer,ANN,NORMAL,42.08584,-83.67442
SW26010905067,2026-01-09T17:38:42Z,2026-01-09T17:38:42Z,1,2026-01-09T16:46:45Z,2026-01-10T08:45:00Z,1,1,Wind damage,New,OUTAGE,Single Customer,ANN,NORMAL,42.15686,-83.67598
SW26010905076,2026-01-09T17:38:42Z,2026-01-09T17:38:42Z,1,2026-01-09T16:47:16Z,2026-01-10T08:50:00Z,1,1,Wind damage,New,OUTAGE,Single Customer,WWS,NORMAL,42.20472,-83.47843
SW26010905089,2026-01-09T17:38:42Z,2026-01-09T17:38:42Z,1,2026-01-09T16:47:37Z,2026-01-10T08:50:00Z,1,1,Wind damage,New,OUTAGE,Single Customer,WWS,NORMAL,42.18711,-83.43602
SW26010905090,2026-01-09T17:38:42Z,2026-01-09T17:38:42Z,1,2026-01-09T16:44:37Z,2026-01-10T08:50:00Z,2,2,Wind damage,New,OUTAGE,Service Secondary,WWS,NORMAL,42.3856,-83.33923
SW26010905094,2026-01-09T17:38:42Z,2026-01-09T17:38:42Z,1,2026-01-09T16:44:37Z,2026-01-10T08:50:00Z,1,1,Wind damage,New,OUTAGE,Single Customer,WWS,NORMAL,42.38471,-83.33666
SW26010905112,2026-01-09T17:38:42Z,2026-01-09T17:38:42Z,1,2026-01-09T16:48:46Z,2026-01-10T08:50:00Z,1,1,Wind damage,New,OUTAGE,Single Customer,WWS,NORMAL,42.30825,-83.30701
SW26010905114,2026-01-09T17:38:42Z,2026-01-09T17:38:42Z,1,2026-01-09T16:49:05Z,2026-01-10T08:50:00Z,1,1,Determined upon crew arrival,New,PRIORITY,,WWS,NORMAL,42.33245,-83.44788
SW26010905126,2026-01-09T17:38:42Z,2026-01-09T17:38:42Z,1,2026-01-09T16:49:35Z,2026-01-10T08:50:00Z,1,1,Determined upon crew arrival,In Progres,PRIORITY,,WWS,NORMAL,42.25497,-83.27792
SW26010905156,2026-01-09T17:38:42Z,2026-01-09T17:38:42Z,1,2026-01-09T16:50:35Z,2026-01-10T08:50:00Z,315,315,Wind damage,New,OUTAGE,Device (II),NPT,NORMAL,42.15472,-83.14779
SW26010905166,2026-01-09T17:38:42Z,2026-01-09T17:38:42Z,1,2026-01-09T16:50:55Z,2026-01-10T08:50:00Z,1,1,Wind damage,New,OUTAGE,Single Customer,WWS,NORMAL,42.22721,-83.2705
SW26010905172,2026-01-09T17:38:42Z,2026-01-09T17:38:42Z,1,2026-01-09T16:51:17Z,2026-01-10T08:50:00Z,100,100,Wind damage,New,OUTAGE,Device (II),WWS,NORMAL,42.45158,-83.37411
SW26010905187,2026-01-09T17:38:42Z,2026-01-09T17:38:42Z,1,2026-01-09T16:52:00Z,2026-01-10T08:50:00Z,1,1,Wind damage,New,OUTAGE,Single Customer,WWS,NORMAL,42.13044,-83.3213
SW26010905188,2026-01-09T17:38:42Z,2026-01-09T17:38:42Z,1,2026-01-09T16:51:58Z,2026-01-10T08:50:00Z,2,2,Wind damage,New,OUTAGE,Service Secondary,WWS,NORMAL,42.45366,-83.37442
SW26010905199,2026-01-09T17:38:42Z,2026-01-09T17:38:42Z,1,2026-01-09T16:37:20Z,2026-01-10T08:55:00Z,1661,1661,Wind damage,New,OUTAGE,Circuit Level,WWS,NORMAL,42.40232,-83.40964
SW26010905220,2026-01-09T17:38:42Z,2026-01-09T17:38:42Z,1,2026-01-09T16:53:08Z,2026-01-10T08:55:00Z,1,1,Wind damage,New,OUTAGE,Single Customer,WWS,NORMAL,42.45426,-83.37359
SW26010905221,2026-01-09T17:38:42Z,2026-01-09T17:38:42Z,1,2026-01-09T16:53:15Z,2026-01-10T08:55:00Z,1,1,Wind damage,New,SERVICE DOWN NO,,WWS,NORMAL,42.273,-83.40507
SW26010905226,2026-01-09T17:38:42Z,2026-01-09T17:38:42Z,1,2026-01-09T16:53:26Z,2026-01-10T08:55:00Z,1,1,Wind damage,New,OUTAGE,Single Customer,NPT,NORMAL,42.17467,-83.27374
SW26010905228,2026-01-09T17:38:42Z,2026-01-09T17:38:42Z,1,2026-01-09T16:44:38Z,2026-01-10T08:55:00Z,2,2,Wind damage,New,OUTAGE,Service Secondary,WWS,NORMAL,42.38564,-83.33736
SW26010905232,2026-01-09T17:38:42Z,2026-01-09T17:38:42Z,1,2026-01-09T16:53:35Z,2026-01-10T08:55:00Z,1,1,Wind damage,New,OUTAGE,Single Customer,NPT,NORMAL,42.14311,-83.17672
SW26010905233,2026-01-09T17:38:42Z,2026-01-09T17:38:42Z,1,2026-01-09T16:53:49Z,2026-01-10T08:55:00Z,1,1,Wind damage,New,SERVICE DOWN NO,,WWS,NORMAL,42.273,-83.40507
SW26010905258,2026-01-09T17:38:42Z,2026-01-09T17:38:42Z,1,2026-01-09T16:54:45Z,2026-01-10T08:55:00Z,2,2,Wind damage,New,OUTAGE,Service Secondary,WWS,NORMAL,42.45249,-83.37357
SW26010905278,2026-01-09T17:38:42Z,2026-01-09T17:38:42Z,1,2026-01-09T16:24:19Z,2026-01-10T08:30:00Z,17,17,Wind damage,New,OUTAGE,Service Transformer,WWS,NORMAL,42.22228,-83.27156
SW26010905279,2026-01-09T17:38:42Z,2026-01-09T17:38:42Z,1,2026-01-09T16:23:01Z,2026-01-10T08:30:00Z,19,19,Wind damage,New,OUTAGE,Service Transformer,WWS,NORMAL,42.22152,-83.27146
SW26010905307,2026-01-09T17:38:42Z,2026-01-09T17:38:42Z,1,2026-01-09T16:57:09Z,,1,1,Determined upon crew arrival,New,OUTAGE,Single Customer,WWS,NORMAL,42.36801,-83.35797
SW26010905310,2026-01-09T17:38:42Z,2026-01-09T17:38:42Z,1,2026-01-09T16:57:26Z,,1,1,Determined upon crew arrival,New,SERVICE DOWN NO,,WWS,NORMAL,42.273,-83.40507
SW26010905330,2026-01-09T17:38:42Z,2026-01-09T17:38:42Z,1,2026-01-09T16:58:35Z,,1,1,Determined upon crew arrival,New,OUTAGE,Single Customer,WWS,NORMAL,42.32506,-83.39703
SW26010905342,2026-01-09T17:38:42Z,2026-01-09T17:38:42Z,1,2026-01-09T16:58:59Z,,1,1,Determined upon crew arrival,New,OUTAGE,Single Customer,NPT,NORMAL,42.17611,-83.27364
SW26010905359,2026-01-09T17:38:42Z,2026-01-09T17:38:42Z,1,2026-01-09T17:00:01Z,,1,1,Determined upon crew arrival,New,SERVICE DOWN NO,,NPT,NORMAL,41.93661,-83.32755
NE26011001348,2026-01-11T11:39:27Z,2026-01-11T15:52:44Z,11,2026-01-11T01:11:51Z,2026-01-11T17:40:00Z,1,1,Determined upon crew arrival,In Progres,OUTAGE,Single Customer,LAP,NORMAL,42.90247,-83.24391
NE26011001463,2026-01-11T11:39:27Z,2026-01-11T20:44:17Z,23,2026-01-11T03:52:28Z,2026-01-12T08:20:00Z,1,1,Determined upon crew arrival,In Progres,SERVICE DOWN NO,,MTC,NORMAL,42.4738,-83.07308
NE26011100095,2026-01-11T11:39:27Z,2026-01-11T13:20:30Z,4,2026-01-11T09:03:44Z,2026-01-11T13:35:00Z,37,37,Equipment problem,In Progres,OUTAGE,Device (I),MTC,NORMAL,42.62707,-82.56527
NE26011100097,2026-01-11T11:39:27Z,2026-01-11T13:20:30Z,4,2026-01-11T09:03:45Z,2026-01-11T13:40:00Z,1,1,Determined upon crew arrival,In Progres,OUTAGE,Single Customer,MTC,NORMAL,42.62304,-82.5652
NE26011100099,2026-01-11T11:39:27Z,2026-01-11T13:20:30Z,4,2026-01-11T09:03:45Z,2026-01-11T13:50:00Z,3,3,Determined upon crew arrival,In Progres,OUTAGE,Service Transformer,MTC,NORMAL,42.62377,-82.56516
NE26011100100,2026-01-11T11:39:27Z,2026-01-11T16:48:35Z,13,2026-01-11T09:23:15Z,2026-01-12T01:55:00Z,1,1,Equipment problem,In Progres,OUTAGE,Single Customer,NAE,NORMAL,43.60407,-83.27035
NE26011100107,2026-01-11T11:39:27Z,2026-01-11T14:20:20Z,6,2026-01-11T08:10:49Z,2026-01-11T14:55:00Z,6,3,Determined upon crew arrival,In Progres,OUTAGE,Service Transformer,MTC,NORMAL,42.65902,-82.90583
NE26011100116,2026-01-11T11:39:27Z,2026-01-11T17:18:42Z,14,2026-01-11T00:35:45Z,2026-01-12T03:10:00Z,1,1,Determined upon crew arrival,In Progres,OUTAGE,Single Customer,LAP,NORMAL,43.0184,-83.15038
NW26011001292,2026-01-11T11:39:27Z,2026-01-11T16:26:25Z,12,2026-01-11T00:10:40Z,2026-01-11T16:40:00Z,1,1,Equipment problem,In Progres,OUTAGE,Single Customer,SBY,NORMAL,42.69433,-83.13831
NW26011001464,2026-01-11T11:39:27Z,2026-01-11T11:39:27Z,1,2026-01-11T03:53:33Z,2026-01-11T20:25:00Z,1,1,Equipment problem,In Progres,OUTAGE,Single Customer,HWL,NORMAL,42.55732,-83.85856
NW26011100098,2026-01-11T11:39:27Z,2026-01-11T16:48:35Z,13,2026-01-11T09:12:40Z,2026-01-12T01:45:00Z,1,1,Ice on lines and equipment,In Progres,OUTAGE,Single Customer,PON,NORMAL,42.87471,-83.45094
SE26010907273,2026-01-11T11:39:27Z,2026-01-12T14:46:34Z,52,2026-01-09T17:18:20Z,2026-01-12T20:10:00Z,1,1,Wind damage,In Progres,PRIORITY,,CAN,NORMAL,42.33645,-83.05834
SE26011000579,2026-01-11T11:39:27Z,2026-01-11T20:44:17Z,23,2026-01-10T17:08:34Z,2026-01-12T01:10:00Z,1,1,Animal/bird damaged DTE equip,In Progres,PRIORITY,,RFD,NORMAL,42.33081,-83.18968
SE26011001360,2026-01-11T11:39:27Z,2026-01-11T11:51:09Z,2,2026-01-11T01:41:23Z,2026-01-11T18:10:00Z,1,1,Determined upon crew arrival,In Progres,OUTAGE,Single Customer,CAN,NORMAL,42.41198,-82.97493
SE26011001392,2026-01-11T11:39:27Z,2026-01-11T18:30:58Z,17,2026-01-11T01:51:47Z,2026-01-11T18:20:00Z,1,1,Determined upon crew arrival,In Progres,SERVICE DOWN NO,,RFD,NORMAL,42.40888,-83.17332
SE26011001406,2026-01-11T11:39:27Z,2026-01-11T11:51:09Z,2,2026-01-11T02:10:26Z,2026-01-11T18:40:00Z,1,1,Determined upon crew arrival,Pending,OUTAGE,Single Customer,RFD,NORMAL,42.43725,-83.2036
SE26011001411,2026-01-11T11:39:27Z,2026-01-11T21:19:55Z,24,2026-01-11T02:23:19Z,2026-01-12T06:55:00Z,1,1,Equipment problem,In Progres,OUTAGE,Single Customer,RFD,NORMAL,42.35775,-83.15485
SE26011001436,2026-01-11T11:39:27Z,2026-01-11T21:51:14Z,26,2026-01-11T03:06:37Z,2026-01-12T07:35:00Z,1,1,Equipment problem,In Progres,OUTAGE,Single Customer,RFD,NORMAL,42.40588,-83.29342
SE26011001467,2026-01-11T11:39:27Z,2026-01-11T21:51:14Z,26,2026-01-10T22:03:38Z,2026-01-12T08:35:00Z,1,1,Equipment problem,In Progres,OUTAGE,Single Customer,RFD,NORMAL,42.44653,-83.3008
SE26011001473,2026-01-11T11:39:27Z,2026-01-11T22:55:02Z,29,2026-01-10T17:16:52Z,2026-01-12T08:45:00Z,1,1,Equipment problem,Pending,OUTAGE,Single Customer,CAN,NORMAL,42.3996,-83.04791
SE26011001475,2026-01-11T11:39:27Z,2026-01-11T13:47:13Z,5,2026-01-11T04:42:34Z,2026-01-11T21:15:00Z,1,1,Public Interference w/DTE equip,In Progres,OUTAGE,Single Customer,CAN,NORMAL,42.40126,-82.93566
SE26011001478,2026-01-11T11:39:27Z,2026-01-11T17:18:42Z,14,2026-01-11T04:56:24Z,2026-01-11T17:25:00Z,2,2,Equipment problem,In Progres,OUTAGE,Service Secondary,RFD,NORMAL,42.42974,-83.20336
SE26011100093,2026-01-11T11:39:27Z,2026-01-11T14:20:20Z,6,2026-01-11T08:20:47Z,2026-01-12T00:50:00Z,1,1,Equipment problem,Pending,OUTAGE,Single Customer,RFD,NORMAL,42.28672,-83.27193
SE26011100105,2026-01-11T11:39:27Z,2026-01-11T15:20:48Z,9,2026-01-11T09:41:30Z,2026-01-11T18:10:00Z,1,1,Determined upon crew arrival,In Progres,PRIORITY,,RFD,NORMAL,42.4462,-83.26347
SE26011100114,2026-01-11T11:39:27Z,2026-01-11T14:53:59Z,8,2026-01-09T15:59:49Z,2026-01-11T15:10:00Z,1,1,Equipment problem,In Progres,OUTAGE,Single Customer,RFD,NORMAL,42.41519,-83.28032
SE26011100127,2026-01-11T11:39:27Z,2026-01-11T13:47:13Z,5,2026-01-11T04:52:43Z,2026-01-11T15:30:00Z,1,1,Determined upon crew arrival,In Progres,OUTAGE,Single Customer,RFD,NORMAL,42.28201,-83.2685
SE26011100129,2026-01-11T11:39:27Z,2026-01-11T13:47:13Z,5,2026-01-11T04:20:02Z,2026-01-11T15:30:00Z,1,1,Determined upon crew arrival,In Progres,OUTAGE,Single Customer,RFD,NORMAL,42.28438,-83.26478
SE26011100132,2026-01-11T11:39:27Z,2026-01-11T15:52:44Z,11,2026-01-11T11:05:25Z,2026-01-11T19:35:00Z,2,2,Determined upon crew arrival,In Progres,OUTAGE,Service Secondary,RFD,NORMAL,42.277,-83.26828
SW26011000454,2026-01-11T11:39:27Z,2026-01-13T21:22:51Z,108,2026-01-09T21:54:27Z,2026-01-13T23:45:00Z,1,1,Problem with the customer equip,In Progres,PRIORITY,,WWS,NORMAL,42.23218,-83.38723
SW26011001090,2026-01-11T11:39:27Z,2026-01-11T16:48:35Z,13,2026-01-10T22:07:03Z,2026-01-11T22:05:00Z,1,1,Determined upon crew arrival,In Progres,PRIORITY,,WWS,NORMAL,42.45834,-83.37794
SW26011001320,2026-01-11T11:39:27Z,2026-01-11T15:52:44Z,11,2026-01-10T20:01:17Z,2026-01-11T16:55:00Z,1,1,Equipment problem,In Progres,OUTAGE,Single Customer,WWS,NORMAL,42.29173,-83.39641
SW26011100119,2026-01-11T11:39:27Z,2026-01-11T14:53:59Z,8,2026-01-11T10:41:42Z,2026-01-11T15:15:00Z,112,112,Equipment problem,In Progres,OUTAGE,Device (I),WWS,NORMAL,42.31317,-83.46137
SW26011100122,2026-01-11T11:39:27Z,2026-01-11T13:47:13Z,5,2026-01-11T10:51:20Z,2026-01-11T15:20:00Z,149,149,Equipment problem,Pending,OUTAGE,Device (I),WWS,NORMAL,42.31209,-83.45996
NW26011100135,2026-01-11T11:51:09Z,2026-01-11T14:53:59Z,7,2026-01-11T11:20:52Z,2026-01-11T16:05:00Z,65,65,Equipment problem,In Progres,OUTAGE,Device (II),SBY,NORMAL,42.60626,-83.04853
SW26011100138,2026-01-11T11:51:09Z,2026-01-11T15:41:42Z,9,2026-01-11T01:46:47Z,2026-01-11T16:10:00Z,1,1,Wind damage,Pending,OUTAGE,Single Customer,WWS,NORMAL,42.46079,-83.3754
SE26011100142,2026-01-11T12:43:02Z,2026-01-11T17:52:38Z,14,2026-01-11T11:49:54Z,2026-01-11T20:20:00Z,12,12,Determined upon crew arrival,In Progres,OUTAGE,Service Transformer,RFD,NORMAL,42.41884,-83.23445
SE26011100145,2026-01-11T12:43:02Z,2026-01-11T18:56:38Z,16,2026-01-10T19:32:04Z,2026-01-12T04:40:00Z,1,1,Equipment problem,In Progres,OUTAGE,Single Customer,RFD,NORMAL,42.42756,-83.14985
NW26011100161,2026-01-11T13:20:30Z,2026-01-11T14:42:58Z,4,2026-01-11T12:31:59Z,2026-01-11T17:30:00Z,1,1,Determined upon crew arrival,In Progres,OUTAGE,Single Customer,PON,NORMAL,42.58248,-83.18938
NW26011100168,2026-01-11T13:20:30Z,2026-01-11T14:20:20Z,3,2026-01-11T13:15:13Z,2026-01-11T17:45:00Z,1,1,Determined upon crew arrival,In Progres,OUTAGE,Single Customer,HWL,NORMAL,42.53162,-83.57985
SE26011100164,2026-01-11T13:20:30Z,2026-01-11T17:41:39Z,12,2026-01-11T13:05:15Z,2026-01-11T17:35:00Z,1,1,Determined upon crew arrival,In Progres,OUTAGE,Single Customer,CAN,NORMAL,42.38629,-82.92427
SE26011100167,2026-01-11T13:20:30Z,2026-01-11T22:20:52Z,24,2026-01-11T13:12:02Z,2026-01-12T05:40:00Z,1,1,Equipment problem,In Progres,OUTAGE,Single Customer,RFD,NORMAL,42.45449,-83.09002
SW26011100160,2026-01-11T13:20:30Z,2026-01-11T13:47:13Z,2,2026-01-11T12:56:06Z,2026-01-11T17:25:00Z,1,1,Equipment problem,In Progres,OUTAGE,Single Customer,ANN,NORMAL,42.30972,-83.66043
NE26011100169,2026-01-11T13:47:13Z,2026-01-11T15:52:44Z,7,2026-01-11T13:18:22Z,2026-01-11T17:50:00Z,1,1,Problem with the customer equip,In Progres,OUTAGE,Single Customer,LAP,NORMAL,42.94321,-83.30149
NW26011100170,2026-01-11T13:47:13Z,2026-01-11T15:41:42Z,6,2026-01-11T13:19:58Z,2026-01-11T17:50:00Z,1,1,Equipment problem,In Progres,OUTAGE,Single Customer,SBY,NORMAL,42.65264,-83.1507
SW26011100172,2026-01-11T13:47:13Z,2026-01-11T15:52:44Z,7,2026-01-11T13:23:55Z,2026-01-11T17:55:00Z,1,1,Equipment problem,Pending,OUTAGE,Single Customer,WWS,NORMAL,42.27508,-83.36221
NE26011100190,2026-01-11T14:20:20Z,2026-01-11T18:30:58Z,12,2026-01-11T14:03:52Z,2026-01-11T18:35:00Z,1,1,Determined upon crew arrival,In Progres,OUTAGE,Single Customer,MTC,NORMAL,42.65722,-82.80708
NE26011100202,2026-01-11T14:20:20Z,2026-01-11T15:52:44Z,6,2026-01-11T14:02:21Z,2026-01-11T18:40:00Z,296,296,Equipment problem,In Progres,OUTAGE,Device (II),MTC,NORMAL,42.48455,-82.91008
NW26011100186,2026-01-11T14:20:20Z,2026-01-11T14:53:59Z,3,2026-01-11T13:53:08Z,2026-01-11T18:25:00Z,1,1,Animal/bird damaged DTE equip,In Progres,OUTAGE,Single Customer,HWL,NORMAL,42.54936,-83.60833
SE26011100180,2026-01-11T14:20:20Z,2026-01-11T15:52:44Z,6,2026-01-09T16:40:12Z,2026-01-11T18:05:00Z,1,1,Determined upon crew arrival,In Progres,SERVICE DOWN NO,,RFD,NORMAL,42.46254,-83.08673
SE26011100189,2026-01-11T14:20:20Z,2026-01-12T15:27:29Z,48,2026-01-11T14:03:19Z,2026-01-12T18:35:00Z,1,1,Determined upon crew arrival,In Progres,OUTAGE,Single Customer,RFD,NORMAL,42.38998,-83.15967
SE26011100191,2026-01-11T14:20:20Z,2026-01-11T19:19:19Z,14,2026-01-11T14:03:56Z,2026-01-12T06:35:00Z,1,1,Determined upon crew arrival,In Progres,OUTAGE,Single Customer,CAN,NORMAL,42.38222,-83.11545
SW26011100184,2026-01-11T14:20:20Z,2026-01-11T14:20:20Z,1,2026-01-11T13:56:09Z,2026-01-11T18:25:00Z,1,1,Determined upon crew arrival,New,OUTAGE,Single Customer,WWS,NORMAL,42.31409,-83.4618
SW26011100194,2026-01-11T14:20:20Z,2026-01-11T14:20:20Z,1,2026-01-11T14:05:27Z,2026-01-11T18:35:00Z,1,1,Determined upon crew arrival,New,OUTAGE,Single Customer,WWS,NORMAL,42.31176,-83.46161
SW26011100196,2026-01-11T14:20:20Z,2026-01-11T14:20:20Z,1,2026-01-11T14:06:30Z,2026-01-11T18:35:00Z,1,1,Determined upon crew arrival,New,OUTAGE,Single Customer,WWS,NORMAL,42.31177,-83.46048
SW26011100198,2026-01-11T14:20:20Z,2026-01-11T15:20:48Z,4,2026-01-11T00:07:16Z,2026-01-11T18:35:00Z,1,1,Determined upon crew arrival,In Progres,OUTAGE,Single Customer,WWS,NORMAL,42.14372,-83.30869
SW26011100210,2026-01-11T14:20:20Z,2026-01-11T18:56:38Z,13,2026-01-11T14:11:00Z,2026-01-11T18:45:00Z,1,1,Meter Issue,Pending,OUTAGE,Single Customer,WWS,NORMAL,42.4418,-83.34436
NW26011100223,2026-01-11T14:53:59Z,2026-01-11T18:56:38Z,11,2026-01-11T14:38:53Z,2026-01-11T19:10:00Z,14,14,Determined upon crew arrival,In Progres,OUTAGE,Service Transformer,PON,NORMAL,42.63732,-83.31868
SE26011100220,2026-01-11T14:53:59Z,2026-01-12T04:51:52Z,28,2026-01-11T14:36:22Z,2026-01-12T07:05:00Z,1,1,Problem with the customer equip,In Progres,OUTAGE,Single Customer,CAN,NORMAL,42.4061,-83.1319
SE26011100231,2026-01-11T14:53:59Z,2026-01-11T19:19:19Z,12,2026-01-11T14:43:07Z,2026-01-11T19:15:00Z,1,1,Equipment problem,In Progres,OUTAGE,Single Customer,RFD,NORMAL,42.44611,-83.31078
SE26011100232,2026-01-11T14:53:59Z,2026-01-11T14:53:59Z,1,2026-01-11T14:43:06Z,,26,26,Determined upon crew arrival,New,OUTAGE,Service Transformer,RFD,NORMAL,42.27604,-83.26192
SE26011100233,2026-01-11T14:53:59Z,2026-01-11T14:53:59Z,1,2026-01-11T14:43:58Z,,1,1,Determined upon crew arrival,New,OUTAGE,Single Customer,RFD,NORMAL,42.27535,-83.26348
SE26011100235,2026-01-11T14:53:59Z,2026-01-11T14:53:59Z,1,2026-01-11T14:44:29Z,,1,1,Determined upon crew arrival,New,OUTAGE,Single Customer,RFD,NORMAL,42.28061,-83.26165
NW26011100257,2026-01-11T15:20:48Z,2026-01-11T19:19:19Z,11,2026-01-11T12:35:52Z,2026-01-11T19:30:00Z,1,1,Equipment problem,In Progres,OUTAGE,Single Customer,SBY,NORMAL,42.81438,-83.02612
SE26011100250,2026-01-11T15:20:48Z,2026-01-11T15:20:48Z,1,2026-01-11T14:43:06Z,2026-01-11T19:25:00Z,132,132,Equipment problem,Pending,OUTAGE,Device (II),RFD,NORMAL,42.27667,-83.26293
SW26011100260,2026-01-11T15:20:48Z,2026-01-11T19:50:53Z,13,2026-01-11T14:53:23Z,2026-01-12T07:35:00Z,1,1,Equipment problem,In Progres,OUTAGE,Single Customer,WWS,NORMAL,42.46865,-83.39533
SE26011100267,2026-01-11T15:41:42Z,2026-01-11T19:19:19Z,10,2026-01-11T15:23:52Z,2026-01-11T19:55:00Z,1,1,Determined upon crew arrival,In Progres,OUTAGE,Single Customer,CAN,NORMAL,42.36372,-83.02938
SE26011100268,2026-01-11T15:41:42Z,2026-01-11T15:41:42Z,1,2026-01-11T15:25:58Z,2026-01-11T19:55:00Z,1,1,Determined upon crew arrival,New,OUTAGE,Single Customer,RFD,NORMAL,42.36249,-83.17927
SE26011100275,2026-01-11T15:52:44Z,2026-01-11T20:44:17Z,13,2026-01-11T15:21:53Z,2026-01-12T00:05:00Z,21,21,Determined upon crew arrival,In Progres,OUTAGE,Service Transformer,RFD,NORMAL,42.39261,-83.19674
SE26011100276,2026-01-11T15:52:44Z,2026-01-11T20:44:17Z,13,2026-01-11T15:22:01Z,2026-01-12T00:05:00Z,2,2,Determined upon crew arrival,In Progres,OUTAGE,Service Transformer,RFD,NORMAL,42.39355,-83.19738
SE26011100280,2026-01-11T15:52:44Z,2026-01-11T16:48:35Z,3,2026-01-11T15:28:49Z,2026-01-11T20:15:00Z,1,1,Determined upon crew arrival,PC3 Verifi,OUTAGE,Single Customer,CAN,NORMAL,42.42317,-83.07985
SW26011100277,2026-01-11T15:52:44Z,2026-01-11T18:56:38Z,8,2026-01-11T15:37:19Z,2026-01-11T20:05:00Z,1,1,Equipment problem,In Progres,PRIORITY,,WWS,NORMAL,42.4024,-83.33695
NA26011100319,2026-01-11T16:26:25Z,2026-01-11T16:26:25Z,1,2026-01-11T16:00:03Z,,4,4,Determined upon crew arrival,New,OUTAGE,Service Transformer,RFD,NORMAL,42.44665,-83.25819
NE26011100293,2026-01-11T16:26:25Z,2026-01-11T17:52:38Z,5,2026-01-11T16:07:19Z,2026-01-11T20:35:00Z,85,85,Wind damage,In Progres,OUTAGE,Device (II),MAR,NORMAL,42.88269,-82.66291
NE26011100297,2026-01-11T16:26:25Z,2026-01-11T16:26:25Z,1,2026-01-11T16:08:29Z,2026-01-11T20:40:00Z,1,1,Determined upon crew arrival,In Progres,OUTAGE,Single Customer,MAR,NORMAL,42.87945,-82.64757
NE26011100300,2026-01-11T16:26:25Z,2026-01-11T16:26:25Z,1,2026-01-11T16:09:27Z,2026-01-11T20:40:00Z,1,1,Determined upon crew arrival,In Progres,OUTAGE,Single Customer,MAR,NORMAL,42.87243,-82.63872
NE26011100301,2026-01-11T16:26:25Z,2026-01-11T16:26:25Z,1,2026-01-11T16:09:31Z,2026-01-11T20:40:00Z,1,1,Determined upon crew arrival,In Progres,OUTAGE,Single Customer,MAR,NORMAL,42.87351,-82.63873
NE26011100303,2026-01-11T16:26:25Z,2026-01-11T16:26:25Z,1,2026-01-11T16:09:45Z,2026-01-11T20:40:00Z,4,4,Determined upon crew arrival,In Progres,OUTAGE,Service Transformer,MAR,NORMAL,42.87915,-82.63394
NE26011100306,2026-01-11T16:26:25Z,2026-01-11T16:26:25Z,1,2026-01-11T16:10:44Z,2026-01-11T20:40:00Z,1,1,Determined upon crew arrival,New,OUTAGE,Single Customer,MAR,NORMAL,42.88059,-82.6473
NE26011100307,2026-01-11T16:26:25Z,2026-01-11T16:26:25Z,1,2026-01-11T16:10:52Z,2026-01-11T20:40:00Z,1,1,Determined upon crew arrival,New,OUTAGE,Single Customer,MAR,NORMAL,42.88121,-82.65384
NE26011100314,2026-01-11T16:26:25Z,2026-01-11T16:26:25Z,1,2026-01-11T16:14:35Z,,1,1,Determined upon crew arrival,New,OUTAGE,Single Customer,MAR,NORMAL,42.87969,-82.64371
NE26011100315,2026-01-11T16:26:25Z,2026-01-11T16:26:25Z,1,2026-01-11T16:14:42Z,,1,1,Determined upon crew arrival,New,OUTAGE,Single Customer,MAR,NORMAL,42.8757,-82.63819
NW26011100281,2026-01-11T16:26:25Z,2026-01-11T16:48:35Z,2,2026-01-11T15:43:46Z,2026-01-11T20:15:00Z,21,21,Determined upon crew arrival,In Progres,OUTAGE,Device (I),PON,NORMAL,42.56627,-83.17057
SE26011100282,2026-01-11T16:26:25Z,2026-01-11T19:19:19Z,8,2026-01-11T00:55:40Z,2026-01-11T20:15:00Z,119,119,Determined upon crew arrival,In Progres,OUTAGE,Device (I),RFD,NORMAL,42.43569,-83.25543
SE26011100283,2026-01-11T16:26:25Z,2026-01-11T22:55:02Z,18,2026-01-11T15:47:05Z,2026-01-12T08:15:00Z,1,1,Determined upon crew arrival,In Progres,OUTAGE,Single Customer,RFD,NORMAL,42.46038,-83.09951
SE26011100286,2026-01-11T16:26:25Z,2026-01-11T23:52:03Z,21,2026-01-11T15:50:43Z,2026-01-12T08:20:00Z,1,1,Equipment problem,In Progres,OUTAGE,Single Customer,RFD,NORMAL,42.45698,-83.08588
SE26011100316,2026-01-11T16:26:25Z,2026-01-11T16:26:25Z,1,2026-01-11T16:00:04Z,,1,1,Determined upon crew arrival,New,OUTAGE,Single Customer,RFD,NORMAL,42.44495,-83.25719
SE26011100317,2026-01-11T16:26:25Z,2026-01-11T16:26:25Z,1,2026-01-11T16:00:01Z,,25,25,Determined upon crew arrival,New,OUTAGE,Service Transformer,RFD,NORMAL,42.44616,-83.259
SE26011100318,2026-01-11T16:26:25Z,2026-01-11T16:26:25Z,1,2026-01-11T16:00:03Z,,80,80,Determined upon crew arrival,New,OUTAGE,Service Transformer,RFD,NORMAL,42.44593,-83.26218
SW26011100285,2026-01-11T16:26:25Z,2026-01-11T22:43:58Z,17,2026-01-11T15:50:27Z,2026-01-12T00:20:00Z,1,1,Equipment problem,In Progres,OUTAGE,Single Customer,WWS,NORMAL,42.23128,-83.29618
SW26011100324,2026-01-11T16:48:35Z,2026-01-11T17:18:42Z,2,2026-01-11T16:18:10Z,2026-01-11T20:50:00Z,14,14,Determined upon crew arrival,In Progres,OUTAGE,Service Transformer,WWS,NORMAL,42.4106,-83.39602
NW26011100332,2026-01-11T17:18:42Z,2026-01-11T17:52:38Z,3,2026-01-11T16:33:29Z,2026-01-11T21:05:00Z,4,4,Determined upon crew arrival,In Progres,OUTAGE,Device (I),PON,NORMAL,42.84645,-83.49406
NW26011100334,2026-01-11T17:18:42Z,2026-01-11T19:19:19Z,6,2026-01-11T16:38:04Z,2026-01-11T21:10:00Z,1,1,Equipment problem,In Progres,OUTAGE,Single Customer,HWL,NORMAL,42.53617,-83.60542
NW26011100335,2026-01-11T17:18:42Z,2026-01-11T17:41:39Z,2,2026-01-11T16:33:28Z,2026-01-11T21:10:00Z,4,4,Determined upon crew arrival,In Progres,OUTAGE,Service Transformer,PON,NORMAL,42.8446,-83.49084
NW26011100338,2026-01-11T17:18:42Z,2026-01-11T20:44:17Z,10,2026-01-11T16:44:33Z,2026-01-11T21:15:00Z,30,30,Equipment problem,In Progres,OUTAGE,Service Transformer,SBY,NORMAL,42.76193,-83.13867
SE26011100331,2026-01-11T17:18:42Z,2026-01-11T22:55:02Z,16,2026-01-11T16:35:51Z,2026-01-12T09:05:00Z,1,1,Determined upon crew arrival,In Progres,OUTAGE,Single Customer,RFD,NORMAL,42.46869,-83.23433
SE26011100342,2026-01-11T17:18:42Z,2026-01-12T01:55:36Z,20,2026-01-11T16:50:41Z,2026-01-12T09:20:00Z,1,1,Equipment problem,In Progres,OUTAGE,Single Customer,RFD,NORMAL,42.48242,-83.19967
SE26011100343,2026-01-11T17:18:42Z,2026-01-11T20:24:32Z,9,2026-01-11T13:34:27Z,2026-01-11T21:25:00Z,1,1,Determined upon crew arrival,In Progres,OUTAGE,Single Customer,CAN,NORMAL,42.37444,-83.06759
NE26011100390,2026-01-11T17:41:39Z,2026-01-12T05:30:53Z,22,2026-01-11T17:21:42Z,2026-01-12T05:50:00Z,1,1,Determined upon crew arrival,In Progres,PRIORITY,,MTC,NORMAL,42.45808,-82.94206
SE26011100354,2026-01-11T17:41:39Z,2026-01-12T01:55:36Z,19,2026-01-11T03:11:36Z,2026-01-12T09:35:00Z,1,1,Equipment problem,In Progres,OUTAGE,Single Customer,RFD,NORMAL,42.3722,-83.2675
SE26011100382,2026-01-11T17:41:39Z,2026-01-11T20:24:32Z,8,2026-01-11T17:17:29Z,2026-01-11T21:50:00Z,16,16,Equipment problem,In Progres,OUTAGE,Service Transformer,CAN,NORMAL,42.36631,-83.06974
SE26011100384,2026-01-11T17:41:39Z,2026-01-11T20:24:32Z,8,2026-01-11T17:17:28Z,2026-01-11T21:50:00Z,36,36,Equipment problem,In Progres,OUTAGE,Device (I),CAN,NORMAL,42.36601,-83.06744
SE26011100385,2026-01-11T17:41:39Z,2026-01-11T23:41:13Z,17,2026-01-11T17:18:02Z,2026-01-12T01:50:00Z,37,37,Determined upon crew arrival,In Progres,OUTAGE,Device (I),RFD,NORMAL,42.3962,-83.16192
SE26011100389,2026-01-11T17:41:39Z,2026-01-11T20:44:17Z,9,2026-01-11T17:17:29Z,2026-01-11T21:50:00Z,36,36,Equipment problem,In Progres,OUTAGE,Device (I),CAN,NORMAL,42.36691,-83.06635
SE26011100397,2026-01-11T17:41:39Z,2026-01-11T20:44:17Z,9,2026-01-11T17:17:29Z,2026-01-11T21:55:00Z,1,1,Equipment problem,In Progres,OUTAGE,Single Customer,CAN,NORMAL,42.36691,-83.06742
SW26011100378,2026-01-11T17:41:39Z,2026-01-11T19:19:19Z,5,2026-01-11T17:14:28Z,2026-01-11T21:45:00Z,44,44,Equipment problem,In Progres,OUTAGE,Device (I),NPT,NORMAL,42.13709,-83.25968
NE26011100418,2026-01-11T17:52:38Z,2026-01-11T18:30:58Z,2,2026-01-11T17:37:04Z,2026-01-11T22:15:00Z,1,1,Determined upon crew arrival,In Progres,OUTAGE,Single Customer,MTC,NORMAL,42.60064,-82.87455
NE26011100419,2026-01-11T17:52:38Z,2026-01-11T19:50:53Z,6,2026-01-11T17:44:43Z,2026-01-11T22:15:00Z,1,1,Equipment problem,In Progres,OUTAGE,Single Customer,NAE,NORMAL,43.35443,-82.82521
SE26011100402,2026-01-11T17:52:38Z,2026-01-11T20:44:17Z,8,2026-01-11T17:30:36Z,2026-01-11T22:00:00Z,1,1,Equipment problem,In Progres,OUTAGE,Single Customer,CAN,NORMAL,42.36721,-83.06634
SE26011100404,2026-01-11T17:52:38Z,2026-01-11T20:44:17Z,8,2026-01-11T17:32:27Z,2026-01-11T22:05:00Z,1,1,Equipment problem,In Progres,OUTAGE,Single Customer,CAN,NORMAL,42.36729,-83.06558
SE26011100407,2026-01-11T17:52:38Z,2026-01-11T20:24:32Z,7,2026-01-11T17:17:29Z,2026-01-11T22:05:00Z,5,5,Equipment problem,In Progres,OUTAGE,Service Transformer,CAN,NORMAL,42.36602,-83.06641
SE26011100408,2026-01-11T17:52:38Z,2026-01-11T19:50:53Z,6,2026-01-11T17:25:53Z,2026-01-11T22:05:00Z,1,1,Determined upon crew arrival,In Progres,OUTAGE,Single Customer,RFD,NORMAL,42.33592,-83.18788
SE26011100409,2026-01-11T17:52:38Z,2026-01-11T20:24:32Z,7,2026-01-11T17:34:50Z,2026-01-11T22:05:00Z,1,1,Equipment problem,In Progres,OUTAGE,Single Customer,CAN,NORMAL,42.36792,-83.06496
SE26011100411,2026-01-11T17:52:38Z,2026-01-11T20:24:32Z,7,2026-01-11T17:17:30Z,2026-01-11T22:05:00Z,24,24,Equipment problem,In Progres,OUTAGE,Service Transformer,CAN,NORMAL,42.36636,-83.06565
SE26011100413,2026-01-11T17:52:38Z,2026-01-11T23:52:03Z,17,2026-01-11T17:35:41Z,2026-01-12T10:05:00Z,1,1,Equipment problem,In Progres,OUTAGE,Single Customer,CAN,NORMAL,42.34895,-83.12057
SE26011100414,2026-01-11T17:52:38Z,2026-01-11T20:44:17Z,8,2026-01-11T17:36:04Z,2026-01-11T22:05:00Z,1,1,Determined upon crew arrival,In Progres,OUTAGE,Single Customer,RFD,NORMAL,42.38497,-83.17745
NW26011100439,2026-01-11T18:30:58Z,2026-01-11T19:50:53Z,5,2026-01-11T18:14:57Z,2026-01-11T22:45:00Z,2,2,Determined upon crew arrival,In Progres,OUTAGE,Service Secondary,SBY,NORMAL,42.54082,-82.98549
SE26011100425,2026-01-11T18:30:58Z,2026-01-11T20:24:32Z,6,2026-01-11T17:17:30Z,2026-01-11T22:25:00Z,1,1,Equipment problem,PC3 Verifi,OUTAGE,Single Customer,CAN,NORMAL,42.36666,-83.06816
SE26011100440,2026-01-11T18:56:38Z,2026-01-11T18:56:38Z,1,2026-01-11T00:55:40Z,2026-01-11T22:45:00Z,1,1,Determined upon crew arrival,New,OUTAGE,Single Customer,RFD,NORMAL,42.43483,-83.25539
SE26011100441,2026-01-11T18:56:38Z,2026-01-11T18:56:38Z,1,2026-01-11T18:20:43Z,2026-01-11T22:50:00Z,1,1,Determined upon crew arrival,New,OUTAGE,Single Customer,CAN,NORMAL,42.33634,-83.07994
NE26011100450,2026-01-11T19:19:19Z,2026-01-11T20:44:17Z,5,2026-01-11T18:35:24Z,2026-01-11T23:05:00Z,13,13,Equipment problem,In Progres,OUTAGE,Device (I),LAP,NORMAL,43.07563,-83.31383
NW26011100448,2026-01-11T19:19:19Z,2026-01-11T20:24:32Z,4,2026-01-11T18:34:48Z,2026-01-11T23:05:00Z,1,1,Determined upon crew arrival,In Progres,PRIORITY,,HWL,NORMAL,42.62346,-83.9969
NW26011100459,2026-01-11T19:19:19Z,2026-01-11T20:44:17Z,5,2026-01-11T18:41:42Z,2026-01-11T23:15:00Z,1,1,Determined upon crew arrival,In Progres,OUTAGE,Single Customer,HWL,NORMAL,42.75155,-84.20442
NE26011100484,2026-01-11T19:37:58Z,2026-01-11T23:52:03Z,13,2026-01-11T19:10:04Z,2026-01-12T11:40:00Z,1,1,Determined upon crew arrival,In Progres,OUTAGE,Single Customer,MTC,NORMAL,42.46304,-83.05761
NW26011100494,2026-01-11T19:37:58Z,2026-01-11T22:43:58Z,9,2026-01-09T17:50:18Z,2026-01-12T00:00:00Z,1,1,Wind damage,In Progres,OUTAGE,Single Customer,PON,NORMAL,42.69084,-83.35873
SW26011100465,2026-01-11T19:37:58Z,2026-01-11T19:50:53Z,2,2026-01-11T19:00:01Z,2026-01-11T19:45:00Z,1019,1019,Determined upon crew arrival,In Progres,OUTAGE,Circuit Level,NPT,NORMAL,42.19109,-83.18022
NW26011100503,2026-01-11T20:24:32Z,2026-01-11T20:44:17Z,2,2026-01-11T19:50:36Z,2026-01-12T00:20:00Z,7,7,Determined upon crew arrival,New,OUTAGE,Service Transformer,PON,NORMAL,42.55532,-83.13377
NW26011100504,2026-01-11T20:24:32Z,2026-01-11T20:44:17Z,2,2026-01-11T19:50:36Z,2026-01-12T00:20:00Z,22,22,Determined upon crew arrival,New,OUTAGE,Service Transformer,PON,NORMAL,42.55586,-83.13342
NW26011100505,2026-01-11T20:24:32Z,2026-01-11T20:44:17Z,2,2026-01-11T19:50:36Z,2026-01-12T00:20:00Z,11,11,Determined upon crew arrival,New,OUTAGE,Service Transformer,PON,NORMAL,42.55682,-83.13347
NW26011100506,2026-01-11T20:24:32Z,2026-01-11T20:44:17Z,2,2026-01-11T19:50:36Z,2026-01-12T00:20:00Z,24,24,Determined upon crew arrival,New,OUTAGE,Service Transformer,PON,NORMAL,42.55643,-83.13351
NW26011100507,2026-01-11T20:24:32Z,2026-01-11T20:44:17Z,2,2026-01-11T19:50:37Z,2026-01-12T00:20:00Z,17,17,Determined upon crew arrival,New,OUTAGE,Service Transformer,PON,NORMAL,42.55708,-83.13371
NW26011100508,2026-01-11T20:24:32Z,2026-01-11T20:44:17Z,2,2026-01-11T19:50:38Z,2026-01-12T00:25:00Z,19,19,Determined upon crew arrival,New,OUTAGE,Service Transformer,PON,NORMAL,42.55536,-83.13212
NW26011100509,2026-01-11T20:24:32Z,2026-01-11T21:40:03Z,4,2026-01-11T19:50:36Z,2026-01-12T00:25:00Z,111,111,Animal/bird damaged DTE equip,In Progres,OUTAGE,Service Transformer,PON,NORMAL,42.55529,-83.13487
NW26011100512,2026-01-11T20:24:32Z,2026-01-11T20:44:17Z,2,2026-01-11T19:50:37Z,2026-01-12T00:25:00Z,2,2,Determined upon crew arrival,New,OUTAGE,Service Secondary,PON,NORMAL,42.55517,-83.1315
SE26011100500,2026-01-11T20:24:32Z,2026-01-11T23:52:03Z,11,2026-01-11T19:46:24Z,2026-01-12T00:15:00Z,1,1,Equipment problem,In Progres,OUTAGE,Single Customer,RFD,NORMAL,42.28556,-83.17496
SE26011100501,2026-01-11T20:24:32Z,2026-01-11T21:51:14Z,5,2026-01-11T19:41:59Z,2026-01-12T00:20:00Z,14,14,Equipment problem,In Progres,OUTAGE,Service Transformer,RFD,NORMAL,42.49104,-83.18767
SE26011100517,2026-01-11T20:24:32Z,2026-01-11T20:44:17Z,2,2026-01-11T20:05:18Z,2026-01-12T00:35:00Z,1,1,Determined upon crew arrival,New,OUTAGE,Single Customer,RFD,NORMAL,42.45333,-83.14467
SW26011100511,2026-01-11T20:24:32Z,2026-01-11T21:40:03Z,4,2026-01-11T19:54:03Z,2026-01-12T00:25:00Z,1,1,Equipment problem,In Progres,OUTAGE,Single Customer,ANN,NORMAL,42.28169,-83.8002
NE26011100530,2026-01-11T20:44:17Z,2026-01-11T20:44:17Z,1,2026-01-11T20:27:00Z,,1,1,Determined upon crew arrival,In Progres,OUTAGE,Single Customer,LAP,NORMAL,43.11697,-83.25008
NW26011100523,2026-01-11T20:44:17Z,2026-01-11T21:19:55Z,2,2026-01-11T20:13:34Z,2026-01-12T00:45:00Z,105,105,Determined upon crew arrival,In Progres,OUTAGE,Device (II),PON,NORMAL,42.67985,-83.41518
NW26011100524,2026-01-11T20:44:17Z,2026-01-11T20:44:17Z,1,2026-01-11T20:13:34Z,2026-01-12T00:45:00Z,17,17,Determined upon crew arrival,New,OUTAGE,Service Transformer,PON,NORMAL,42.67821,-83.41746
NW26011100526,2026-01-11T20:44:17Z,2026-01-11T20:44:17Z,1,2026-01-11T20:14:31Z,2026-01-12T00:50:00Z,2,2,Determined upon crew arrival,New,OUTAGE,Service Secondary,PON,NORMAL,42.6792,-83.41583
NE26011100547,2026-01-11T21:19:55Z,2026-01-11T23:52:03Z,9,2026-01-11T20:48:24Z,2026-01-12T01:30:00Z,1,1,Determined upon crew arrival,In Progres,OUTAGE,Single Customer,NAE,NORMAL,43.95882,-83.26617
NE26011100558,2026-01-11T21:19:55Z,2026-01-11T21:19:55Z,1,2026-01-11T21:15:00Z,,1,1,Determined upon crew arrival,New,OUTAGE,Single Customer,MTC,NORMAL,42.46855,-83.07148
NW26011100548,2026-01-11T21:19:55Z,2026-01-11T22:20:52Z,4,2026-01-11T20:55:02Z,2026-01-12T01:30:00Z,9,9,Determined upon crew arrival,In Progres,OUTAGE,Service Transformer,PON,NORMAL,42.67004,-83.54477
NW26011100556,2026-01-11T21:19:55Z,2026-01-11T22:55:02Z,6,2026-01-11T20:23:00Z,2026-01-12T01:40:00Z,1,1,Determined upon crew arrival,In Progres,OUTAGE,Single Customer,SBY,NORMAL,42.55346,-82.97876
SE26011100533,2026-01-11T21:19:55Z,2026-01-11T23:20:31Z,7,2026-01-11T20:30:50Z,2026-01-12T01:00:00Z,1,1,Equipment problem,In Progres,OUTAGE,Single Customer,RFD,NORMAL,42.35142,-83.28438
SE26011100545,2026-01-11T21:19:55Z,2026-01-11T23:52:03Z,9,2026-01-11T20:55:54Z,2026-01-12T01:25:00Z,1,1,Determined upon crew arrival,In Progres,PRIORITY,,CAN,NORMAL,42.4061,-83.04184
NE26011100565,2026-01-11T21:40:03Z,2026-01-11T23:52:03Z,8,2026-01-11T21:23:32Z,2026-01-12T01:55:00Z,1,1,Ice on lines and equipment,In Progres,OUTAGE,Single Customer,MAR,NORMAL,43.01416,-82.55018
NE26011100566,2026-01-11T21:40:03Z,2026-01-11T23:20:31Z,6,2026-01-11T21:15:00Z,2026-01-12T01:55:00Z,1,1,Determined upon crew arrival,In Progres,OUTAGE,Single Customer,MTC,NORMAL,42.46855,-83.07148
SW26011100568,2026-01-11T21:40:03Z,2026-01-11T23:52:03Z,8,2026-01-11T21:28:52Z,2026-01-12T02:00:00Z,1,1,Wind damage,In Progres,OUTAGE,Single Customer,WWS,NORMAL,42.29748,-83.29316
SW26011100569,2026-01-11T21:51:14Z,2026-01-12T01:55:36Z,8,2026-01-11T21:30:45Z,2026-01-12T02:00:00Z,1,1,Equipment problem,In Progres,OUTAGE,Single Customer,WWS,NORMAL,42.3337,-83.49083
SW26011100576,2026-01-11T21:51:14Z,2026-01-11T21:51:14Z,1,2026-01-11T21:40:41Z,2026-01-12T02:10:00Z,27,27,Determined upon crew arrival,New,OUTAGE,Circuit Level,ANN,NORMAL,42.27413,-83.74943
NE26011100588,2026-01-11T22:20:52Z,2026-01-12T01:55:36Z,7,2026-01-11T22:09:20Z,2026-01-12T02:40:00Z,1,1,Determined upon crew arrival,In Progres,OUTAGE,Single Customer,MTC,NORMAL,42.49597,-82.91492
NE26011100589,2026-01-11T22:20:52Z,2026-01-11T23:41:13Z,5,2026-01-11T22:08:18Z,2026-01-12T02:40:00Z,9,9,Equipment problem,In Progres,OUTAGE,Service Transformer,MTC,NORMAL,42.81105,-82.75107
NW26011100592,2026-01-11T22:20:52Z,2026-01-11T22:43:58Z,2,2026-01-11T22:05:47Z,2026-01-12T02:45:00Z,1,1,Determined upon crew arrival,New,OUTAGE,Single Customer,PON,NORMAL,42.83766,-83.41211
SE26011100585,2026-01-11T22:20:52Z,2026-01-11T22:55:02Z,3,2026-01-11T12:53:01Z,2026-01-12T02:35:00Z,1,1,Determined upon crew arrival,In Progres,OUTAGE,Single Customer,RFD,NORMAL,42.27142,-83.23772
SW26011100579,2026-01-11T22:20:52Z,2026-01-11T23:20:31Z,4,2026-01-11T21:34:12Z,2026-01-12T02:15:00Z,1,1,Determined upon crew arrival,In Progres,OUTAGE,Single Customer,WWS,NORMAL,42.41725,-83.41411
SW26011100582,2026-01-11T22:20:52Z,2026-01-11T23:52:03Z,6,2026-01-11T21:54:39Z,2026-01-12T02:25:00Z,1,1,Equipment problem,In Progres,OUTAGE,Single Customer,WWS,NORMAL,42.2342,-83.37704
NW26011100601,2026-01-11T22:43:58Z,2026-01-11T23:52:03Z,5,2026-01-11T22:11:33Z,2026-01-12T03:00:00Z,1,1,Determined upon crew arrival,In Progres,OUTAGE,Single Customer,PON,NORMAL,42.65536,-83.39821
NE26011100607,2026-01-11T22:55:02Z,2026-01-12T01:55:36Z,5,2026-01-11T22:39:36Z,2026-01-12T03:10:00Z,1,1,Equipment problem,In Progres,OUTAGE,Single Customer,LAP,NORMAL,43.06442,-83.21163
NE26011100609,2026-01-11T22:55:02Z,2026-01-11T23:41:13Z,3,2026-01-11T22:43:53Z,2026-01-12T03:15:00Z,1,1,Determined upon crew arrival,New,OUTAGE,Single Customer,MTC,NORMAL,42.4788,-82.99762
NW26011100617,2026-01-11T23:20:31Z,2026-01-12T01:55:36Z,4,2026-01-11T22:50:20Z,2026-01-12T03:20:00Z,1,1,Determined upon crew arrival,In Progres,OUTAGE,Single Customer,PON,NORMAL,42.68395,-83.38293
NW26011100623,2026-01-11T23:20:31Z,2026-01-12T10:52:31Z,16,2026-01-11T23:07:52Z,2026-01-12T15:40:00Z,1,1,Equipment problem,In Progres,OUTAGE,Single Customer,PON,NORMAL,42.62465,-83.37958
SE26011100614,2026-01-11T23:20:31Z,2026-01-12T05:58:22Z,8,2026-01-11T22:49:02Z,2026-01-12T15:20:00Z,1,1,Wind damage,In Progres,OUTAGE,Single Customer,RFD,NORMAL,42.45615,-83.0876
SE26011100616,2026-01-11T23:20:31Z,2026-01-12T16:56:30Z,27,2026-01-11T22:43:27Z,2026-01-13T03:20:00Z,1,1,Wind damage,In Progres,OUTAGE,Single Customer,CAN,NORMAL,42.43631,-83.04082
SE26011100619,2026-01-11T23:20:31Z,2026-01-11T23:52:03Z,3,2026-01-11T22:54:14Z,2026-01-12T03:25:00Z,1,1,Determined upon crew arrival,In Progres,OUTAGE,Single Customer,RFD,NORMAL,42.40377,-83.17422
NW26011100633,2026-01-11T23:52:03Z,2026-01-11T23:52:03Z,1,2026-01-11T20:23:00Z,2026-01-12T04:10:00Z,1,1,Determined upon crew arrival,New,OUTAGE,Single Customer,SBY,NORMAL,42.55346,-82.97876
NW26011100652,2026-01-12T01:55:36Z,2026-01-12T01:55:36Z,1,2026-01-12T00:33:30Z,2026-01-12T05:05:00Z,1,1,Equipment problem,In Progres,OUTAGE,Single Customer,PON,NORMAL,42.63332,-83.36004
NW26011100667,2026-01-12T01:55:36Z,2026-01-12T07:48:45Z,8,2026-01-12T01:30:11Z,2026-01-12T18:00:00Z,1,1,Determined upon crew arrival,In Progres,OUTAGE,Single Customer,PON,NORMAL,42.61019,-83.42724
SE26011100646,2026-01-12T01:55:36Z,2026-01-12T03:51:21Z,2,2026-01-12T00:02:10Z,2026-01-12T04:30:00Z,1,1,Determined upon crew arrival,PC3 Verifi,OUTAGE,Single Customer,RFD,NORMAL,42.33851,-83.13914
SE26011100666,2026-01-12T01:55:36Z,2026-01-12T13:42:49Z,18,2026-01-12T01:25:51Z,2026-01-12T17:55:00Z,1,1,Equipment problem,In Progres,OUTAGE,Single Customer,RFD,NORMAL,42.35421,-83.14653
SW26011100636,2026-01-12T01:55:36Z,2026-01-12T03:51:21Z,2,2026-01-11T23:48:21Z,2026-01-12T04:20:00Z,1,1,Equipment problem,In Progres,OUTAGE,Single Customer,ANN,NORMAL,42.33702,-83.90581
NE26011100700,2026-01-12T03:51:21Z,2026-01-12T08:34:37Z,8,2026-01-12T02:29:11Z,2026-01-12T11:05:00Z,47,47,Equipment problem,In Progres,OUTAGE,Device (I),MTC,NORMAL,42.53982,-82.94768
NE26011100712,2026-01-12T03:51:21Z,2026-01-12T03:51:21Z,1,2026-01-12T02:45:55Z,2026-01-12T07:15:00Z,1,1,Determined upon crew arrival,In Progres,OUTAGE,Single Customer,MTC,NORMAL,42.54378,-82.94414
NE26011100722,2026-01-12T03:51:21Z,2026-01-12T14:46:34Z,19,2026-01-12T03:10:39Z,2026-01-12T19:50:00Z,1,1,Determined upon crew arrival,In Progres,OUTAGE,Single Customer,MTC,NORMAL,42.60182,-82.94442
NW26011100718,2026-01-12T03:51:21Z,2026-01-12T07:28:09Z,6,2026-01-12T03:10:54Z,2026-01-12T07:40:00Z,28,28,Determined upon crew arrival,In Progres,OUTAGE,Service Transformer,HWL,NORMAL,42.59667,-83.59296
NW26011100725,2026-01-12T03:51:21Z,2026-01-12T09:46:55Z,10,2026-01-12T03:33:11Z,2026-01-12T20:10:00Z,1,1,Equipment problem,In Progres,OUTAGE,Single Customer,PON,NORMAL,42.53639,-83.22105
SE26011100672,2026-01-12T03:51:21Z,2026-01-12T15:27:29Z,20,2026-01-11T15:39:00Z,2026-01-12T18:25:00Z,1,1,Equipment problem,In Progres,OUTAGE,Single Customer,RFD,NORMAL,42.42974,-83.20336
SE26011100726,2026-01-12T03:51:21Z,2026-01-12T03:51:21Z,1,2026-01-12T03:27:07Z,,1,1,Determined upon crew arrival,New,OUTAGE,Single Customer,RFD,NORMAL,42.35167,-83.13655
SW26011100671,2026-01-12T03:51:21Z,2026-01-12T15:51:19Z,21,2026-01-12T01:49:05Z,2026-01-12T18:20:00Z,1,1,Equipment problem,In Progres,OUTAGE,Single Customer,WWS,NORMAL,42.23694,-83.2675
NE26011100729,2026-01-12T04:51:52Z,2026-01-12T04:51:52Z,1,2026-01-12T04:03:14Z,2026-01-12T08:35:00Z,1,1,Determined upon crew arrival,In Progres,OUTAGE,Single Customer,MTC,NORMAL,42.5429,-82.94395
SW26011100732,2026-01-12T04:51:52Z,2026-01-12T14:02:50Z,17,2026-01-12T04:26:15Z,2026-01-12T20:55:00Z,1,1,Determined upon crew arrival,Pending,SERVICE DOWN NO,,WWS,NORMAL,42.30406,-83.29753
SE26011200010,2026-01-12T08:34:37Z,2026-01-12T19:31:53Z,21,2026-01-12T08:03:21Z,2026-01-13T00:35:00Z,1,1,Equipment problem,In Progres,OUTAGE,Single Customer,CAN,NORMAL,42.4049,-82.99196
NW26011200020,2026-01-12T10:27:19Z,2026-01-12T11:53:19Z,5,2026-01-11T18:34:48Z,2026-01-12T14:40:00Z,1,1,Determined upon crew arrival,In Progres,PRIORITY,,HWL,NORMAL,42.62346,-83.9969
SE26011200021,2026-01-12T10:52:31Z,2026-01-12T14:02:50Z,7,2026-01-12T10:31:47Z,2026-01-12T15:00:00Z,1,1,Equipment problem,In Progres,OUTAGE,Single Customer,RFD,NORMAL,42.27646,-83.19202
SW26011200024,2026-01-12T11:22:00Z,2026-01-12T14:02:50Z,6,2026-01-12T10:46:49Z,2026-01-12T15:20:00Z,68,68,Equipment problem,In Progres,OUTAGE,Device (I),WWS,NORMAL,42.4708,-83.48644
NE26011200032,2026-01-12T11:42:09Z,2026-01-12T22:20:07Z,22,2026-01-12T02:14:45Z,2026-01-13T03:45:00Z,1,1,Determined upon crew arrival,In Progres,OUTAGE,Single Customer,LAP,NORMAL,42.88054,-83.28814
SE26011200036,2026-01-12T11:42:09Z,2026-01-12T17:27:21Z,11,2026-01-12T00:15:25Z,2026-01-13T03:50:00Z,1,1,Equipment problem,In Progres,OUTAGE,Single Customer,CAN,NORMAL,42.41547,-82.93527
SE26011200037,2026-01-12T11:42:09Z,2026-01-12T17:27:21Z,11,2026-01-12T05:39:51Z,2026-01-13T03:55:00Z,1,1,Determined upon crew arrival,In Progres,OUTAGE,Single Customer,RFD,NORMAL,42.35897,-83.18985
SW26011200035,2026-01-12T11:42:09Z,2026-01-12T17:46:16Z,12,2026-01-12T11:21:03Z,2026-01-13T03:50:00Z,1,1,Wind damage,In Progres,OUTAGE,Single Customer,WWS,NORMAL,42.33046,-83.42357
SE26011200040,2026-01-12T11:53:19Z,2026-01-12T19:31:53Z,14,2026-01-12T11:30:21Z,2026-01-13T04:00:00Z,1,1,Equipment problem,In Progres,OUTAGE,Single Customer,RFD,NORMAL,42.46809,-83.27983
SE26011200041,2026-01-12T11:53:19Z,2026-01-12T19:01:50Z,13,2026-01-12T10:33:37Z,2026-01-13T04:00:00Z,1,1,Equipment problem,In Progres,OUTAGE,Single Customer,RFD,NORMAL,42.25874,-83.17525
NE26011200043,2026-01-12T12:51:10Z,2026-01-13T19:51:40Z,57,2026-01-12T11:36:29Z,2026-01-13T20:20:00Z,1,1,Equipment problem,In Progres,OUTAGE,Single Customer,MTC,NORMAL,42.50451,-82.96265
NE26011200057,2026-01-12T12:51:10Z,2026-01-12T12:51:10Z,1,2026-01-12T12:45:07Z,,1,1,Determined upon crew arrival,New,OUTAGE,Single Customer,MTC,NORMAL,42.61131,-82.92897
NW26011200051,2026-01-12T12:51:10Z,2026-01-12T15:51:19Z,6,2026-01-12T12:12:13Z,2026-01-12T16:50:00Z,1,1,Wind damage,In Progres,OUTAGE,Single Customer,PON,NORMAL,42.5591,-83.08935
NW26011200053,2026-01-12T12:51:10Z,2026-01-12T15:51:19Z,6,2026-01-12T12:19:14Z,2026-01-12T16:50:00Z,1,1,Equipment problem,In Progres,OUTAGE,Single Customer,HWL,NORMAL,42.52547,-83.89769
SE26011200046,2026-01-12T12:51:10Z,2026-01-12T15:27:29Z,5,2026-01-12T12:03:19Z,2026-01-12T16:35:00Z,51,51,Equipment problem,In Progres,OUTAGE,Device (I),RFD,NORMAL,42.40377,-83.17422
SW26011200048,2026-01-12T12:51:10Z,2026-01-12T16:28:39Z,7,2026-01-12T12:10:08Z,2026-01-12T16:40:00Z,1,1,Equipment problem,In Progres,OUTAGE,Single Customer,NPT,NORMAL,41.86378,-83.68623
NW26011200060,2026-01-12T13:42:49Z,2026-01-12T14:46:34Z,3,2026-01-12T12:49:43Z,2026-01-12T17:20:00Z,1,1,Determined upon crew arrival,In Progres,OUTAGE,Single Customer,SBY,NORMAL,42.56463,-83.05092
SE26011200074,2026-01-12T13:42:49Z,2026-01-13T03:38:44Z,25,2026-01-12T13:13:14Z,2026-01-13T05:45:00Z,1,1,Determined upon crew arrival,In Progres,SERVICE DOWN NO,,RFD,NORMAL,42.42081,-83.28752
SW26011200062,2026-01-12T13:42:49Z,2026-01-12T17:27:21Z,8,2026-01-12T12:55:05Z,2026-01-12T17:25:00Z,1,1,Equipment problem,In Progres,OUTAGE,Single Customer,ANN,NORMAL,42.17576,-83.82573
SW26011200066,2026-01-12T13:42:49Z,2026-01-12T14:02:50Z,2,2026-01-12T13:00:33Z,2026-01-12T17:30:00Z,1,1,Determined upon crew arrival,In Progres,OUTAGE,Single Customer,WWS,NORMAL,42.47114,-83.48804
SW26011200067,2026-01-12T13:42:49Z,2026-01-12T20:48:11Z,15,2026-01-12T13:01:10Z,2026-01-12T21:30:00Z,2,2,Equipment problem,In Progres,OUTAGE,Single Customer,WWS,NORMAL,42.20082,-83.48539
SW26011200068,2026-01-12T13:42:49Z,2026-01-12T15:51:19Z,5,2026-01-12T13:02:39Z,2026-01-12T17:35:00Z,1,1,Wind damage,In Progres,OUTAGE,Single Customer,WWS,NORMAL,42.26794,-83.24734
SW26011200070,2026-01-12T13:42:49Z,2026-01-12T14:02:50Z,2,2026-01-12T13:03:16Z,2026-01-12T17:35:00Z,59,59,Determined upon crew arrival,In Progres,OUTAGE,Device (II),WWS,NORMAL,42.41436,-83.35722
SW26011200081,2026-01-12T13:42:49Z,2026-01-12T17:46:16Z,9,2026-01-12T13:16:30Z,2026-01-12T17:50:00Z,1,1,Equipment problem,In Progres,OUTAGE,Single Customer,WWS,NORMAL,42.2714,-83.37869
NE26011200090,2026-01-12T14:02:50Z,2026-01-12T14:02:50Z,1,2026-01-12T13:33:56Z,2026-01-12T18:05:00Z,1,1,Determined upon crew arrival,New,PRIORITY,,MTC,NORMAL,42.50451,-82.96265
SE26011200099,2026-01-12T14:02:50Z,2026-01-12T14:02:50Z,1,2026-01-12T13:26:37Z,2026-01-12T18:10:00Z,53,53,Determined upon crew arrival,New,OUTAGE,Service Transformer,RFD,NORMAL,42.36639,-83.17109
SE26011200100,2026-01-12T14:02:50Z,2026-01-12T14:02:50Z,1,2026-01-12T13:41:54Z,2026-01-12T18:10:00Z,1,1,Determined upon crew arrival,New,OUTAGE,Single Customer,RFD,NORMAL,42.41727,-83.23225
NE26011200118,2026-01-12T14:46:34Z,2026-01-12T15:27:29Z,2,2026-01-12T13:52:51Z,2026-01-12T18:25:00Z,2,2,Determined upon crew arrival,In Progres,OUTAGE,Service Secondary,MTC,NORMAL,42.47411,-82.95051
NE26011200119,2026-01-12T14:46:34Z,2026-01-12T15:51:19Z,3,2026-01-12T13:54:00Z,2026-01-12T18:25:00Z,1,1,Equipment problem,In Progres,OUTAGE,Single Customer,NAE,NORMAL,43.74194,-83.29849
NE26011200165,2026-01-12T14:46:34Z,2026-01-12T17:46:16Z,7,2026-01-12T14:14:00Z,2026-01-12T19:00:00Z,5,5,Equipment problem,In Progres,OUTAGE,Service Transformer,MTC,NORMAL,42.55432,-82.91216
NW26011200166,2026-01-12T14:46:34Z,2026-01-12T16:28:39Z,4,2026-01-12T14:29:48Z,2026-01-12T19:00:00Z,1,1,Determined upon crew arrival,In Progres,OUTAGE,Single Customer,PON,NORMAL,42.68394,-83.32959
SE26011200122,2026-01-12T14:46:34Z,2026-01-12T16:56:30Z,5,2026-01-12T13:42:40Z,2026-01-12T18:30:00Z,14,14,Animal/bird damaged DTE equip,In Progres,OUTAGE,Service Transformer,RFD,NORMAL,42.46548,-83.2323
SE26011200125,2026-01-12T14:46:34Z,2026-01-12T16:56:30Z,5,2026-01-12T13:55:17Z,2026-01-12T18:35:00Z,7,7,Equipment problem,In Progres,OUTAGE,Service Transformer,CAN,NORMAL,42.4425,-83.00423
SE26011200130,2026-01-12T14:46:34Z,2026-01-12T14:46:34Z,1,2026-01-12T14:08:26Z,2026-01-12T18:40:00Z,1,1,Determined upon crew arrival,In Progres,OUTAGE,Single Customer,RFD,NORMAL,42.26054,-83.20876
SW26011200116,2026-01-12T14:46:34Z,2026-01-12T16:28:39Z,4,2026-01-12T13:51:58Z,2026-01-12T18:20:00Z,19,19,Equipment problem,In Progres,OUTAGE,Service Transformer,WWS,NORMAL,42.24849,-83.23493
SW26011200153,2026-01-12T14:46:34Z,2026-01-12T17:27:21Z,6,2026-01-12T14:23:44Z,2026-01-12T18:55:00Z,10,10,Determined upon crew arrival,In Progres,OUTAGE,Service Transformer,WWS,NORMAL,42.4048,-83.31914
SW26011200157,2026-01-12T14:46:34Z,2026-01-12T15:51:19Z,3,2026-01-12T14:26:19Z,2026-01-12T18:55:00Z,1,1,Determined upon crew arrival,In Progres,OUTAGE,Single Customer,WWS,NORMAL,42.34189,-83.36919
SW26011200162,2026-01-12T14:46:34Z,2026-01-12T16:28:39Z,4,2026-01-12T14:19:55Z,2026-01-12T19:00:00Z,1,1,Determined upon crew arrival,In Progres,OUTAGE,Single Customer,WWS,NORMAL,42.19001,-83.39018
NE26011200172,2026-01-12T15:27:29Z,2026-01-13T19:31:13Z,52,2026-01-11T17:21:42Z,2026-01-13T23:05:00Z,1,1,Problem with the customer equip,In Progres,PRIORITY,,MTC,NORMAL,42.45808,-82.94206
NE26011200178,2026-01-12T15:27:29Z,2026-01-12T18:34:43Z,7,2026-01-12T14:35:46Z,2026-01-12T19:05:00Z,6,6,Equipment problem,In Progres,OUTAGE,Service Transformer,MTC,NORMAL,42.52725,-82.89236
NE26011200206,2026-01-12T15:27:29Z,2026-01-12T15:51:19Z,2,2026-01-12T14:50:31Z,2026-01-12T19:20:00Z,1,1,Determined upon crew arrival,In Progres,OUTAGE,Single Customer,MAR,NORMAL,42.99407,-82.48454
NE26011200220,2026-01-12T15:27:29Z,2026-01-12T15:51:19Z,2,2026-01-12T14:57:12Z,2026-01-12T19:30:00Z,32,32,Equipment problem,Pending,OUTAGE,Device (I),MTC,NORMAL,42.56817,-82.87339
NW26011200190,2026-01-12T15:27:29Z,2026-01-12T17:46:16Z,6,2026-01-12T13:20:21Z,2026-01-12T19:15:00Z,1,1,Determined upon crew arrival,In Progres,OUTAGE,Single Customer,PON,NORMAL,42.53098,-83.28772
NW26011200213,2026-01-12T15:27:29Z,2026-01-12T16:28:39Z,3,2026-01-12T14:42:46Z,2026-01-12T19:25:00Z,13,13,Equipment problem,In Progres,OUTAGE,Device (I),PON,NORMAL,42.61891,-83.51396
NW26011200229,2026-01-12T15:27:29Z,2026-01-12T16:56:30Z,4,2026-01-12T14:13:08Z,2026-01-12T19:35:00Z,1,1,Determined upon crew arrival,In Progres,OUTAGE,Single Customer,PON,NORMAL,42.64058,-83.34188
SE26011200170,2026-01-12T15:27:29Z,2026-01-12T15:27:29Z,1,2026-01-12T14:32:49Z,2026-01-12T19:05:00Z,1,1,Determined upon crew arrival,In Progres,OUTAGE,Single Customer,RFD,NORMAL,42.38251,-83.20346
SE26011200179,2026-01-12T15:27:29Z,2026-01-12T16:56:30Z,4,2026-01-12T14:36:40Z,2026-01-12T19:05:00Z,1,1,Determined upon crew arrival,In Progres,OUTAGE,Single Customer,RFD,NORMAL,42.24626,-83.22376
SE26011200187,2026-01-12T15:27:29Z,2026-01-12T17:27:21Z,5,2026-01-12T14:41:35Z,2026-01-12T19:10:00Z,1,1,Determined upon crew arrival,In Progres,OUTAGE,Single Customer,CAN,NORMAL,42.35259,-83.12663
SE26011200198,2026-01-12T15:27:29Z,2026-01-13T17:45:27Z,49,2026-01-12T14:16:57Z,2026-01-13T19:15:00Z,1,1,Determined upon crew arrival,In Progres,OUTAGE,Single Customer,RFD,NORMAL,42.43198,-83.20774
SE26011200202,2026-01-12T15:27:29Z,2026-01-12T16:28:39Z,3,2026-01-12T14:48:06Z,2026-01-12T19:20:00Z,2,2,Determined upon crew arrival,In Progres,OUTAGE,Service Secondary,CAN,NORMAL,42.43723,-82.99424
SE26011200208,2026-01-12T15:27:29Z,2026-01-12T16:28:39Z,3,2026-01-12T14:51:51Z,2026-01-12T19:20:00Z,1,1,Determined upon crew arrival,In Progres,OUTAGE,Single Customer,RFD,NORMAL,42.25231,-83.20208
SE26011200225,2026-01-12T15:27:29Z,2026-01-13T04:27:10Z,23,2026-01-12T15:03:40Z,2026-01-13T07:35:00Z,1,1,Determined upon crew arrival,Pending,OUTAGE,Single Customer,CAN,NORMAL,42.42924,-83.08068
SE26011200235,2026-01-12T15:27:29Z,2026-01-13T12:51:13Z,40,2026-01-11T20:55:54Z,2026-01-13T15:40:00Z,1,1,Determined upon crew arrival,In Progres,PRIORITY,,CAN,NORMAL,42.4061,-83.04184
SE26011200236,2026-01-12T15:27:29Z,2026-01-12T17:46:16Z,6,2026-01-12T15:12:19Z,2026-01-12T19:40:00Z,2,2,Equipment problem,In Progres,OUTAGE,Service Secondary,RFD,NORMAL,42.45333,-83.14467
SW26011200175,2026-01-12T15:27:29Z,2026-01-12T17:46:16Z,6,2026-01-12T14:30:54Z,2026-01-12T19:05:00Z,2,2,Determined upon crew arrival,In Progres,OUTAGE,Service Secondary,WWS,NORMAL,42.34299,-83.40568
SW26011200176,2026-01-12T15:27:29Z,2026-01-12T16:56:30Z,4,2026-01-12T14:30:21Z,2026-01-12T19:05:00Z,1,1,Determined upon crew arrival,In Progres,OUTAGE,Single Customer,WWS,NORMAL,42.40431,-83.31979
SW26011200221,2026-01-12T15:27:29Z,2026-01-12T17:27:21Z,5,2026-01-12T15:00:13Z,2026-01-12T19:30:00Z,1,1,Determined upon crew arrival,In Progres,OUTAGE,Service Transformer,ANN,NORMAL,42.14166,-83.63359
NE26011200268,2026-01-12T15:51:19Z,2026-01-12T15:51:19Z,1,2026-01-12T15:38:56Z,2026-01-12T20:10:00Z,1,1,Determined upon crew arrival,In Progres,OUTAGE,Single Customer,LAP,NORMAL,43.17771,-83.31113
NW26011200256,2026-01-12T15:51:19Z,2026-01-12T17:27:21Z,4,2026-01-12T15:29:27Z,2026-01-12T20:00:00Z,4,4,Determined upon crew arrival,In Progres,OUTAGE,Service Transformer,SBY,NORMAL,42.54793,-82.98688
NW26011200279,2026-01-12T15:51:19Z,2026-01-12T15:51:19Z,1,2026-01-12T15:28:30Z,,1,1,Determined upon crew arrival,New,OUTAGE,Single Customer,PON,NORMAL,42.72962,-83.51449
NW26011200280,2026-01-12T15:51:19Z,2026-01-12T16:56:30Z,3,2026-01-12T15:43:39Z,2026-01-12T20:15:00Z,1,1,Determined upon crew arrival,In Progres,OUTAGE,Single Customer,PON,NORMAL,42.86432,-83.42636
SE26011200261,2026-01-12T15:51:19Z,2026-01-12T17:46:16Z,5,2026-01-12T15:34:38Z,2026-01-12T20:05:00Z,2,2,Determined upon crew arrival,In Progres,OUTAGE,Service Secondary,RFD,NORMAL,42.37985,-83.14439
SE26011200262,2026-01-12T15:51:19Z,2026-01-13T19:31:13Z,51,2026-01-12T15:35:20Z,2026-01-13T20:05:00Z,1,1,Determined upon crew arrival,In Progres,SERVICE DOWN NO,,CAN,NORMAL,42.40486,-82.98869
SE26011200274,2026-01-12T15:51:19Z,2026-01-12T17:46:16Z,5,2026-01-12T15:41:19Z,2026-01-12T20:10:00Z,2,2,Determined upon crew arrival,In Progres,OUTAGE,Service Secondary,CAN,NORMAL,42.432,-82.95712
SW26011200241,2026-01-12T15:51:19Z,2026-01-12T17:46:16Z,5,2026-01-12T15:17:57Z,2026-01-12T19:50:00Z,19,19,Determined upon crew arrival,In Progres,OUTAGE,Service Transformer,WWS,NORMAL,42.31652,-83.35806
SW26011200246,2026-01-12T15:51:19Z,2026-01-12T16:28:39Z,2,2026-01-12T15:26:44Z,2026-01-12T19:55:00Z,1,1,Determined upon crew arrival,In Progres,OUTAGE,Single Customer,WWS,NORMAL,42.26602,-83.34314
SW26011200272,2026-01-12T15:51:19Z,2026-01-12T15:51:19Z,1,2026-01-12T15:25:45Z,2026-01-12T20:10:00Z,1,1,Determined upon crew arrival,New,OUTAGE,Single Customer,WWS,NORMAL,42.26544,-83.28291
SW26011200276,2026-01-12T15:51:19Z,2026-01-12T16:28:39Z,2,2026-01-12T15:42:51Z,2026-01-12T20:15:00Z,1,1,Determined upon crew arrival,In Progres,OUTAGE,Single Customer,ANN,NORMAL,42.26116,-83.73446
NE26011200281,2026-01-12T16:28:39Z,2026-01-12T19:01:50Z,6,2026-01-12T15:45:29Z,2026-01-12T20:15:00Z,1,1,Determined upon crew arrival,In Progres,OUTAGE,Service Transformer,NAE,NORMAL,43.55203,-82.7359
NE26011200298,2026-01-12T16:28:39Z,2026-01-12T16:28:39Z,1,2026-01-12T15:52:39Z,2026-01-12T20:25:00Z,2,2,Determined upon crew arrival,In Progres,OUTAGE,Service Transformer,MAR,NORMAL,43.22399,-82.57409
NE26011200301,2026-01-12T16:28:39Z,2026-01-12T23:39:49Z,18,2026-01-12T15:53:47Z,2026-01-13T08:25:00Z,1,1,Ice on lines and equipment,In Progres,OUTAGE,Single Customer,MTC,NORMAL,42.49332,-82.99214
NE26011200310,2026-01-12T16:28:39Z,2026-01-13T05:55:05Z,24,2026-01-12T15:59:29Z,2026-01-13T08:30:00Z,1,1,Ice on lines and equipment,In Progres,OUTAGE,Single Customer,MTC,NORMAL,42.48867,-83.01579
NE26011200335,2026-01-12T16:28:39Z,2026-01-12T19:31:53Z,7,2026-01-12T16:13:45Z,2026-01-12T20:45:00Z,1,1,Determined upon crew arrival,In Progres,OUTAGE,Single Customer,NAE,NORMAL,43.60407,-83.27035
NW26011200282,2026-01-12T16:28:39Z,2026-01-12T18:34:43Z,5,2026-01-12T15:45:42Z,2026-01-12T20:15:00Z,1,1,Determined upon crew arrival,In Progres,OUTAGE,Single Customer,PON,NORMAL,42.68132,-83.31333
NW26011200285,2026-01-12T16:28:39Z,2026-01-12T16:56:30Z,2,2026-01-12T15:46:42Z,2026-01-12T20:15:00Z,1,1,Determined upon crew arrival,In Progres,OUTAGE,Single Customer,PON,NORMAL,42.68146,-83.31152
NW26011200303,2026-01-12T16:28:39Z,2026-01-12T17:46:16Z,4,2026-01-12T15:55:37Z,2026-01-12T20:25:00Z,1,1,Determined upon crew arrival,In Progres,OUTAGE,Single Customer,SBY,NORMAL,42.63525,-82.98483
NW26011200317,2026-01-12T16:28:39Z,2026-01-12T16:28:39Z,1,2026-01-12T15:50:45Z,2026-01-12T20:35:00Z,2,2,Determined upon crew arrival,In Progres,OUTAGE,Service Transformer,PON,NORMAL,42.86447,-83.42549
NW26011200320,2026-01-12T16:28:39Z,2026-01-12T16:28:39Z,1,2026-01-12T16:06:21Z,2026-01-12T20:35:00Z,1,1,Determined upon crew arrival,In Progres,OUTAGE,Single Customer,PON,NORMAL,42.84849,-83.42498
NW26011200324,2026-01-12T16:28:39Z,2026-01-12T16:28:39Z,1,2026-01-12T16:08:01Z,2026-01-12T20:40:00Z,1,1,Determined upon crew arrival,New,OUTAGE,Single Customer,PON,NORMAL,42.85198,-83.42913
NW26011200325,2026-01-12T16:28:39Z,2026-01-12T16:28:39Z,1,2026-01-12T16:08:20Z,2026-01-12T20:40:00Z,1,1,Determined upon crew arrival,New,OUTAGE,Single Customer,PON,NORMAL,42.85273,-83.42955
NW26011200326,2026-01-12T16:28:39Z,2026-01-12T19:01:50Z,6,2026-01-12T16:08:29Z,2026-01-12T20:40:00Z,1,1,Equipment problem,In Progres,OUTAGE,Single Customer,PON,NORMAL,42.69165,-83.38869
NW26011200330,2026-01-12T16:28:39Z,2026-01-12T16:28:39Z,1,2026-01-12T16:10:12Z,2026-01-12T20:40:00Z,1,1,Determined upon crew arrival,New,OUTAGE,Single Customer,PON,NORMAL,42.84758,-83.42519
NW26011200331,2026-01-12T16:28:39Z,2026-01-12T17:46:16Z,4,2026-01-12T16:08:58Z,2026-01-12T20:40:00Z,8,8,Animal/bird damaged DTE equip,In Progres,OUTAGE,Device (I),PON,NORMAL,42.53816,-83.28094
NW26011200333,2026-01-12T16:28:39Z,2026-01-12T16:56:30Z,2,2026-01-12T16:03:28Z,2026-01-12T20:45:00Z,4,4,Determined upon crew arrival,In Progres,OUTAGE,Service Transformer,PON,NORMAL,42.85345,-83.42866
SE26011200284,2026-01-12T16:28:39Z,2026-01-12T17:46:16Z,4,2026-01-12T15:46:29Z,2026-01-12T20:15:00Z,1,1,Equipment problem,In Progres,OUTAGE,Single Customer,RFD,NORMAL,42.33217,-83.26733
SE26011200288,2026-01-12T16:28:39Z,2026-01-12T16:28:39Z,1,2026-01-12T15:47:42Z,2026-01-12T20:20:00Z,1,1,Determined upon crew arrival,In Progres,OUTAGE,Single Customer,RFD,NORMAL,42.38476,-83.18775
SE26011200302,2026-01-12T16:28:39Z,2026-01-12T17:46:16Z,4,2026-01-12T15:55:31Z,2026-01-12T20:25:00Z,1,1,Determined upon crew arrival,In Progres,OUTAGE,Single Customer,RFD,NORMAL,42.36491,-83.19006
SE26011200309,2026-01-12T16:28:39Z,2026-01-12T17:46:16Z,4,2026-01-12T15:58:44Z,2026-01-12T20:30:00Z,1,1,Determined upon crew arrival,In Progres,OUTAGE,Single Customer,RFD,NORMAL,42.38434,-83.20456
SE26011200322,2026-01-12T16:28:39Z,2026-01-12T17:27:21Z,3,2026-01-12T16:06:55Z,2026-01-12T20:35:00Z,1,1,Determined upon crew arrival,In Progres,OUTAGE,Service Secondary,RFD,NORMAL,42.42904,-83.29875
SW26011200289,2026-01-12T16:28:39Z,2026-01-12T16:28:39Z,1,2026-01-12T15:48:52Z,2026-01-12T20:20:00Z,1,1,Determined upon crew arrival,PC3 Verifi,OUTAGE,Single Customer,WWS,NORMAL,42.47024,-83.48756
SW26011200312,2026-01-12T16:28:39Z,2026-01-12T16:28:39Z,1,2026-01-12T16:01:27Z,2026-01-12T20:30:00Z,9,9,Determined upon crew arrival,In Progres,OUTAGE,Service Transformer,ANN,NORMAL,42.25939,-83.73089
SW26011200323,2026-01-12T16:28:39Z,2026-01-12T16:28:39Z,1,2026-01-12T16:07:44Z,2026-01-12T20:40:00Z,1,1,Determined upon crew arrival,In Progres,OUTAGE,Single Customer,WWS,NORMAL,42.34069,-83.37159
SW26011200332,2026-01-12T16:28:39Z,2026-01-12T17:46:16Z,4,2026-01-12T16:09:31Z,2026-01-12T20:40:00Z,1,1,Determined upon crew arrival,In Progres,OUTAGE,Single Customer,WWS,NORMAL,42.448,-83.32581
NE26011200344,2026-01-12T16:56:30Z,2026-01-12T19:31:53Z,6,2026-01-12T16:16:33Z,2026-01-12T20:45:00Z,1,1,Determined upon crew arrival,Pending,OUTAGE,Single Customer,MTC,NORMAL,42.48265,-82.94157
NE26011200362,2026-01-12T16:56:30Z,2026-01-12T19:31:53Z,6,2026-01-12T16:23:56Z,2026-01-12T20:55:00Z,2,2,Determined upon crew arrival,In Progres,OUTAGE,Service Transformer,MAR,NORMAL,42.90596,-82.50699
NE26011200366,2026-01-12T16:56:30Z,2026-01-12T19:01:50Z,5,2026-01-12T16:16:27Z,2026-01-12T20:55:00Z,1,1,Equipment problem,Pending,OUTAGE,Single Customer,NAE,NORMAL,43.8414,-82.65698
NE26011200379,2026-01-12T16:56:30Z,2026-01-12T18:34:43Z,4,2026-01-12T16:35:06Z,2026-01-12T21:05:00Z,4,4,Determined upon crew arrival,In Progres,OUTAGE,Service Transformer,NAE,NORMAL,43.41583,-82.83666
NE26011200395,2026-01-12T16:56:30Z,2026-01-12T18:34:43Z,4,2026-01-12T16:41:55Z,2026-01-12T21:10:00Z,2,2,Determined upon crew arrival,In Progres,OUTAGE,Service Secondary,MTC,NORMAL,42.47401,-82.94886
NW26011200347,2026-01-12T16:56:30Z,2026-01-12T17:46:16Z,3,2026-01-12T16:03:26Z,2026-01-12T20:50:00Z,23,23,Determined upon crew arrival,In Progres,OUTAGE,Device (II),PON,NORMAL,42.84891,-83.42704
NW26011200349,2026-01-12T16:56:30Z,2026-01-12T23:39:49Z,17,2026-01-12T16:17:05Z,2026-01-13T08:50:00Z,1,1,Equipment problem,In Progres,OUTAGE,Single Customer,PON,NORMAL,42.67813,-83.23782
SE26011200341,2026-01-12T16:56:30Z,2026-01-12T19:01:50Z,5,2026-01-12T16:15:50Z,2026-01-12T20:45:00Z,1,1,Determined upon crew arrival,In Progres,OUTAGE,Single Customer,RFD,NORMAL,42.3821,-83.17614
SE26011200352,2026-01-12T16:56:30Z,2026-01-12T17:46:16Z,3,2026-01-12T16:19:48Z,2026-01-12T20:50:00Z,1,1,Determined upon crew arrival,In Progres,OUTAGE,Single Customer,RFD,NORMAL,42.38555,-83.20823
SE26011200356,2026-01-12T16:56:30Z,2026-01-12T17:46:16Z,3,2026-01-12T16:13:27Z,2026-01-12T20:50:00Z,1,1,Determined upon crew arrival,In Progres,OUTAGE,Single Customer,CAN,NORMAL,42.35021,-83.02545
SE26011200357,2026-01-12T16:56:30Z,2026-01-13T07:53:25Z,27,2026-01-12T15:21:01Z,2026-01-13T08:50:00Z,1,1,Determined upon crew arrival,In Progres,OUTAGE,Single Customer,RFD,NORMAL,42.40165,-83.23893
SE26011200363,2026-01-12T16:56:30Z,2026-01-13T23:40:41Z,59,2026-01-12T16:24:36Z,2026-01-14T08:55:00Z,1,1,Equipment problem,In Progres,OUTAGE,Single Customer,CAN,NORMAL,42.39797,-83.01708
SE26011200375,2026-01-12T16:56:30Z,2026-01-12T17:46:16Z,3,2026-01-12T16:29:23Z,2026-01-12T21:00:00Z,20,20,Determined upon crew arrival,In Progres,OUTAGE,Service Transformer,RFD,NORMAL,42.48749,-83.18235
SE26011200399,2026-01-12T16:56:30Z,2026-01-12T16:56:30Z,1,2026-01-12T16:44:54Z,,1,1,Determined upon crew arrival,New,OUTAGE,Single Customer,CAN,NORMAL,42.43293,-83.02973
SW26011200376,2026-01-12T16:56:30Z,2026-01-12T19:01:50Z,5,2026-01-12T16:32:01Z,2026-01-12T21:00:00Z,1,1,Determined upon crew arrival,In Progres,OUTAGE,Service Secondary,WWS,NORMAL,42.40105,-83.40745
SW26011200393,2026-01-12T16:56:30Z,2026-01-12T16:56:30Z,1,2026-01-12T16:40:34Z,2026-01-12T21:10:00Z,8,8,Determined upon crew arrival,In Progres,OUTAGE,Service Transformer,NPT,NORMAL,42.1067,-83.29194
SW26011200397,2026-01-12T16:56:30Z,2026-01-12T17:46:16Z,3,2026-01-12T16:43:12Z,2026-01-12T21:15:00Z,1,1,Determined upon crew arrival,In Progres,OUTAGE,Single Customer,WWS,NORMAL,42.3991,-83.31634
NE26011200416,2026-01-12T17:27:21Z,2026-01-12T17:46:16Z,2,2026-01-12T17:00:05Z,2026-01-12T21:30:00Z,6,6,Determined upon crew arrival,In Progres,OUTAGE,Service Transformer,MAR,NORMAL,42.98981,-82.49239
NE26011200444,2026-01-12T17:27:21Z,2026-01-12T22:43:48Z,13,2026-01-12T16:53:34Z,2026-01-13T09:40:00Z,1,1,Meter Issue,In Progres,OUTAGE,Single Customer,LAP,NORMAL,42.84666,-83.11223
NE26011200456,2026-01-12T17:27:21Z,2026-01-12T17:46:16Z,2,2026-01-12T17:14:29Z,2026-01-12T21:45:00Z,1,1,Determined upon crew arrival,In Progres,OUTAGE,Single Customer,NAE,NORMAL,43.4165,-82.83029
NW26011200412,2026-01-12T17:27:21Z,2026-01-12T22:43:48Z,13,2026-01-12T16:52:13Z,2026-01-13T09:25:00Z,1,1,Equipment problem,In Progres,OUTAGE,Single Customer,PON,NORMAL,42.75824,-83.42721
NW26011200434,2026-01-12T17:27:21Z,2026-01-12T20:48:11Z,8,2026-01-12T17:06:08Z,2026-01-12T21:35:00Z,1,1,Equipment problem,In Progres,OUTAGE,Single Customer,SBY,NORMAL,42.59009,-82.99664
NW26011200440,2026-01-12T17:27:21Z,2026-01-12T17:46:16Z,2,2026-01-12T17:06:17Z,2026-01-12T21:40:00Z,2,2,Determined upon crew arrival,In Progres,OUTAGE,Service Secondary,PON,NORMAL,42.63308,-83.33059
NW26011200446,2026-01-12T17:27:21Z,2026-01-12T17:46:16Z,2,2026-01-12T17:10:30Z,2026-01-12T21:40:00Z,1,1,Determined upon crew arrival,In Progres,OUTAGE,Single Customer,PON,NORMAL,42.53846,-83.28159
SE26011200427,2026-01-12T17:27:21Z,2026-01-13T07:02:49Z,24,2026-01-12T17:03:42Z,2026-01-13T09:35:00Z,1,1,Determined upon crew arrival,In Progres,OUTAGE,Single Customer,CAN,NORMAL,42.44328,-82.94171
SE26011200438,2026-01-12T17:27:21Z,2026-01-12T20:26:43Z,7,2026-01-12T17:07:03Z,2026-01-12T21:40:00Z,1,1,Determined upon crew arrival,In Progres,OUTAGE,Single Customer,RFD,NORMAL,42.42959,-83.20995
SE26011200448,2026-01-12T17:27:21Z,2026-01-12T23:39:49Z,16,2026-01-12T16:37:17Z,2026-01-13T09:40:00Z,1,1,Determined upon crew arrival,In Progres,OUTAGE,Single Customer,RFD,NORMAL,42.28388,-83.19267
SE26011200449,2026-01-12T17:27:21Z,2026-01-12T23:39:49Z,16,2026-01-12T17:03:48Z,2026-01-13T09:40:00Z,1,1,Determined upon crew arrival,In Progres,OUTAGE,Single Customer,CAN,NORMAL,42.39772,-82.96629
SE26011200450,2026-01-12T17:27:21Z,2026-01-12T23:39:49Z,16,2026-01-11T14:36:22Z,2026-01-13T01:40:00Z,2,2,Determined upon crew arrival,In Progres,OUTAGE,Service Secondary,CAN,NORMAL,42.4061,-83.1319
SE26011200458,2026-01-12T17:27:21Z,2026-01-13T01:47:28Z,17,2026-01-12T17:12:49Z,2026-01-13T09:45:00Z,1,1,Equipment problem,In Progres,OUTAGE,Single Customer,RFD,NORMAL,42.36294,-83.19972
SW26011200414,2026-01-12T17:27:21Z,2026-01-13T04:59:21Z,20,2026-01-12T16:49:55Z,2026-01-13T09:25:00Z,1,1,Determined upon crew arrival,In Progres,OUTAGE,Single Customer,WWS,NORMAL,42.27062,-83.39281
SW26011200419,2026-01-12T17:27:21Z,2026-01-12T19:01:50Z,4,2026-01-12T17:01:01Z,2026-01-12T21:30:00Z,189,189,Equipment problem,In Progres,OUTAGE,Device (II),WWS,NORMAL,42.36966,-83.45807
SW26011200436,2026-01-12T17:27:21Z,2026-01-12T17:46:16Z,2,2026-01-12T17:07:26Z,2026-01-12T21:40:00Z,1,1,Determined upon crew arrival,In Progres,OUTAGE,Single Customer,ANN,NORMAL,42.18919,-83.67043
SW26011200453,2026-01-12T17:27:21Z,2026-01-12T23:39:49Z,16,2026-01-12T17:13:15Z,2026-01-13T09:45:00Z,1,1,Determined upon crew arrival,In Progres,OUTAGE,Single Customer,WWS,NORMAL,42.31116,-83.30278
SW26011200457,2026-01-12T17:27:21Z,2026-01-12T17:27:21Z,1,2026-01-12T16:59:35Z,,1,1,Determined upon crew arrival,New,OUTAGE,Single Customer,WWS,NORMAL,42.20053,-83.48586
NE26011200466,2026-01-12T17:46:16Z,2026-01-12T17:46:16Z,1,2026-01-12T17:20:08Z,2026-01-12T21:50:00Z,1,1,Determined upon crew arrival,New,OUTAGE,Single Customer,MTC,NORMAL,42.60066,-82.87284
NW26011200461,2026-01-12T17:46:16Z,2026-01-12T23:39:49Z,15,2026-01-12T17:16:35Z,2026-01-13T01:45:00Z,1,1,Determined upon crew arrival,In Progres,PRIORITY,,HWL,NORMAL,42.6348,-83.69609
NW26011200479,2026-01-12T17:46:16Z,2026-01-12T20:26:43Z,6,2026-01-12T17:28:21Z,2026-01-12T22:00:00Z,1,1,Equipment problem,In Progres,PRIORITY,,PON,NORMAL,42.63579,-83.45887
SE26011200464,2026-01-12T17:46:16Z,2026-01-13T01:47:28Z,16,2026-01-12T12:47:58Z,2026-01-13T09:50:00Z,1,1,Equipment problem,In Progres,OUTAGE,Single Customer,RFD,NORMAL,42.50304,-83.22173
SE26011200469,2026-01-12T17:46:16Z,2026-01-13T18:33:13Z,45,2026-01-12T17:07:22Z,2026-01-13T21:50:00Z,1,1,Determined upon crew arrival,In Progres,OUTAGE,Single Customer,CAN,NORMAL,42.43459,-83.07858
SE26011200476,2026-01-12T17:46:16Z,2026-01-12T20:48:11Z,7,2026-01-12T17:23:13Z,2026-01-12T21:55:00Z,1,1,Determined upon crew arrival,In Progres,OUTAGE,Single Customer,RFD,NORMAL,42.52426,-83.16592
SE26011200480,2026-01-12T17:46:16Z,2026-01-12T19:01:50Z,3,2026-01-12T17:28:47Z,2026-01-12T22:00:00Z,1,1,Determined upon crew arrival,In Progres,OUTAGE,Single Customer,RFD,NORMAL,42.40513,-83.23909
SW26011200468,2026-01-12T17:46:16Z,2026-01-12T17:46:16Z,1,2026-01-12T17:21:39Z,2026-01-12T21:50:00Z,3,3,Determined upon crew arrival,In Progres,OUTAGE,Service Transformer,NPT,NORMAL,42.03619,-83.34952
SW26011200471,2026-01-12T17:46:16Z,2026-01-12T19:31:53Z,4,2026-01-12T02:01:27Z,2026-01-12T21:55:00Z,1,1,Determined upon crew arrival,In Progres,OUTAGE,Single Customer,NPT,NORMAL,41.88377,-83.62977
NE26011200487,2026-01-12T18:34:43Z,2026-01-12T19:50:48Z,4,2026-01-12T17:33:56Z,2026-01-12T22:05:00Z,1,1,Determined upon crew arrival,In Progres,OUTAGE,Single Customer,MTC,NORMAL,42.60001,-82.90044
NE26011200560,2026-01-12T18:34:43Z,2026-01-12T19:50:48Z,4,2026-01-12T17:56:18Z,2026-01-12T23:00:00Z,1,1,Determined upon crew arrival,In Progres,OUTAGE,Single Customer,LAP,NORMAL,42.82497,-83.2292
NW26011200501,2026-01-12T18:34:43Z,2026-01-12T23:39:49Z,14,2026-01-12T17:47:30Z,2026-01-13T02:20:00Z,1,1,Determined upon crew arrival,In Progres,PRIORITY,,PON,NORMAL,42.52011,-83.54832
NW26011200534,2026-01-12T18:34:43Z,2026-01-12T21:22:33Z,7,2026-01-12T18:08:21Z,2026-01-12T22:40:00Z,4,4,Meter Issue,In Progres,OUTAGE,Service Transformer,PON,NORMAL,42.61795,-83.31531
NW26011200538,2026-01-12T18:34:43Z,2026-01-12T19:50:48Z,4,2026-01-12T18:10:32Z,2026-01-12T22:40:00Z,1,1,Determined upon crew arrival,In Progres,OUTAGE,Single Customer,HWL,NORMAL,42.56467,-83.71131
NW26011200542,2026-01-12T18:34:43Z,2026-01-12T19:01:50Z,2,2026-01-12T18:10:51Z,2026-01-12T22:40:00Z,97,97,Equipment problem,In Progres,OUTAGE,Device (I),HWL,NORMAL,42.55258,-83.85451
NW26011200562,2026-01-12T18:34:43Z,2026-01-12T19:50:48Z,4,2026-01-12T18:30:08Z,2026-01-12T23:00:00Z,1,1,Determined upon crew arrival,In Progres,OUTAGE,Single Customer,PON,NORMAL,42.5361,-83.24059
SE26011200486,2026-01-12T18:34:43Z,2026-01-12T19:31:53Z,3,2026-01-12T17:33:55Z,2026-01-12T22:05:00Z,1,1,Determined upon crew arrival,In Progres,OUTAGE,Single Customer,RFD,NORMAL,42.26594,-83.20491
SE26011200488,2026-01-12T18:34:43Z,2026-01-13T19:31:13Z,46,2026-01-12T17:32:04Z,2026-01-13T22:05:00Z,1,1,Determined upon crew arrival,In Progres,SERVICE DOWN NO,,CAN,NORMAL,42.37258,-83.1325
SE26011200497,2026-01-12T18:34:43Z,2026-01-12T19:31:53Z,3,2026-01-12T17:31:25Z,2026-01-12T22:15:00Z,1,1,Determined upon crew arrival,In Progres,OUTAGE,Single Customer,RFD,NORMAL,42.30141,-83.24191
SE26011200500,2026-01-12T18:34:43Z,2026-01-12T19:01:50Z,2,2026-01-12T17:45:36Z,2026-01-12T22:15:00Z,1,1,Determined upon crew arrival,In Progres,OUTAGE,Single Customer,RFD,NORMAL,42.39197,-83.2031
SE26011200530,2026-01-12T18:34:43Z,2026-01-13T06:36:14Z,21,2026-01-12T14:04:17Z,2026-01-13T10:35:00Z,1,1,Determined upon crew arrival,In Progres,OUTAGE,Single Customer,RFD,NORMAL,42.25911,-83.13529
SE26011200533,2026-01-12T18:34:43Z,2026-01-13T01:47:28Z,15,2026-01-12T18:07:14Z,2026-01-13T10:35:00Z,1,1,Determined upon crew arrival,In Progres,OUTAGE,Single Customer,CAN,NORMAL,42.38906,-82.96279
SE26011200559,2026-01-12T18:34:43Z,2026-01-12T18:34:43Z,1,2026-01-12T15:12:19Z,,1,1,Determined upon crew arrival,New,OUTAGE,Single Customer,RFD,NORMAL,42.45333,-83.14467
SW26011200496,2026-01-12T18:34:43Z,2026-01-12T19:01:50Z,2,2026-01-12T17:41:20Z,2026-01-12T22:10:00Z,1,1,Determined upon crew arrival,In Progres,OUTAGE,Service Secondary,WWS,NORMAL,42.31878,-83.41307
SW26011200514,2026-01-12T18:34:43Z,2026-01-12T19:01:50Z,2,2026-01-12T17:53:05Z,2026-01-12T22:25:00Z,1,1,Determined upon crew arrival,In Progres,OUTAGE,Service Secondary,ANN,NORMAL,42.18841,-83.66806
SW26011200529,2026-01-12T18:34:43Z,2026-01-12T20:48:11Z,6,2026-01-12T18:02:20Z,2026-01-12T22:30:00Z,1,1,Determined upon crew arrival,In Progres,OUTAGE,Single Customer,WWS,NORMAL,42.36884,-83.38693
SW26011200547,2026-01-12T18:34:43Z,2026-01-12T19:31:53Z,3,2026-01-12T18:14:27Z,2026-01-12T22:45:00Z,1,1,Determined upon crew arrival,In Progres,OUTAGE,Service Transformer,ANN,NORMAL,42.14182,-83.63722
SW26011200549,2026-01-12T18:34:43Z,2026-01-12T19:01:50Z,2,2026-01-12T18:00:02Z,2026-01-12T22:45:00Z,1,1,Determined upon crew arrival,In Progres,OUTAGE,Single Customer,ANN,NORMAL,42.18841,-83.66806
SW26011200552,2026-01-12T18:34:43Z,2026-01-12T21:22:33Z,7,2026-01-12T15:26:58Z,2026-01-12T22:50:00Z,1,1,Equipment problem,In Progres,OUTAGE,Single Customer,NPT,NORMAL,41.93221,-83.38115
SW26011200556,2026-01-12T18:34:43Z,2026-01-12T19:31:53Z,3,2026-01-12T18:26:37Z,2026-01-12T22:55:00Z,17,17,Determined upon crew arrival,In Progres,OUTAGE,Service Transformer,ANN,NORMAL,42.25488,-83.73002
NW26011200583,2026-01-12T19:01:50Z,2026-01-12T19:31:53Z,2,2026-01-12T18:42:43Z,2026-01-12T23:15:00Z,2,2,Determined upon crew arrival,In Progres,OUTAGE,Service Secondary,PON,NORMAL,42.68146,-83.31152
NW26011200584,2026-01-12T19:01:50Z,2026-01-12T20:48:11Z,5,2026-01-12T18:34:43Z,2026-01-12T23:15:00Z,17,17,Determined upon crew arrival,In Progres,OUTAGE,Service Transformer,PON,NORMAL,42.67932,-83.31137
NW26011200585,2026-01-12T19:01:50Z,2026-01-12T19:01:50Z,1,2026-01-12T18:43:34Z,,1,1,Determined upon crew arrival,New,OUTAGE,Single Customer,HWL,NORMAL,42.69302,-84.27096
SE26011200580,2026-01-12T19:01:50Z,2026-01-12T20:48:11Z,5,2026-01-12T18:40:53Z,2026-01-12T23:10:00Z,1,1,Determined upon crew arrival,In Progres,OUTAGE,Single Customer,RFD,NORMAL,42.43253,-83.17012
SE26011200581,2026-01-12T19:01:50Z,2026-01-12T19:01:50Z,1,2026-01-12T18:34:10Z,2026-01-12T23:10:00Z,1,1,Determined upon crew arrival,New,OUTAGE,Single Customer,RFD,NORMAL,42.48203,-83.13512
SE26011200601,2026-01-12T19:31:53Z,2026-01-12T21:54:12Z,7,2026-01-12T19:02:32Z,2026-01-12T23:35:00Z,1,1,Equipment problem,In Progres,OUTAGE,Single Customer,RFD,NORMAL,42.43088,-83.20479
SE26011200603,2026-01-12T19:31:53Z,2026-01-13T05:55:05Z,18,2026-01-12T19:03:57Z,2026-01-13T11:35:00Z,1,1,Equipment problem,In Progres,OUTAGE,Single Customer,CAN,NORMAL,42.4425,-83.00423
SW26011200611,2026-01-12T19:31:53Z,2026-01-12T19:31:53Z,1,2026-01-12T19:13:45Z,,1,1,Determined upon crew arrival,New,OUTAGE,Single Customer,WWS,NORMAL,42.24783,-83.28073
NE26011200632,2026-01-12T19:50:48Z,2026-01-13T15:01:39Z,35,2026-01-12T19:34:00Z,2026-01-14T00:05:00Z,1,1,Equipment problem,In Progres,OUTAGE,Single Customer,MTC,NORMAL,42.50874,-82.92337
NW26011200638,2026-01-12T19:50:48Z,2026-01-12T23:39:49Z,11,2026-01-12T19:41:56Z,2026-01-13T00:10:00Z,1,1,Equipment problem,In Progres,OUTAGE,Single Customer,SBY,NORMAL,42.75806,-82.98961
SE26011200615,2026-01-12T19:50:48Z,2026-01-13T16:00:04Z,37,2026-01-12T19:15:26Z,2026-01-13T23:45:00Z,1,1,Determined upon crew arrival,In Progres,OUTAGE,Single Customer,CAN,NORMAL,42.36797,-83.01624
SE26011200630,2026-01-12T19:50:48Z,2026-01-12T19:50:48Z,1,2026-01-12T18:16:56Z,2026-01-13T00:05:00Z,1,1,Determined upon crew arrival,New,OUTAGE,Single Customer,RFD,NORMAL,42.32477,-83.19926
SW26011200619,2026-01-12T19:50:48Z,2026-01-12T23:39:49Z,11,2026-01-12T19:20:38Z,2026-01-12T23:50:00Z,1,1,Determined upon crew arrival,In Progres,OUTAGE,Single Customer,WWS,NORMAL,42.24901,-83.26541
SW26011200627,2026-01-12T19:50:48Z,2026-01-12T21:54:12Z,6,2026-01-12T03:25:25Z,2026-01-13T00:00:00Z,2,2,Determined upon crew arrival,In Progres,OUTAGE,Service Secondary,ANN,NORMAL,42.27721,-83.74482
SW26011200633,2026-01-12T19:50:48Z,2026-01-13T01:47:28Z,12,2026-01-12T19:37:49Z,2026-01-13T12:10:00Z,1,1,Equipment problem,In Progres,OUTAGE,Single Customer,WWS,NORMAL,42.19001,-83.39018
NE26011200640,2026-01-12T20:26:43Z,2026-01-13T10:33:24Z,25,2026-01-12T19:41:45Z,2026-01-13T12:20:00Z,1,1,Determined upon crew arrival,In Progres,OUTAGE,Single Customer,MTC,NORMAL,42.47001,-83.01952
NE26011200648,2026-01-12T20:26:43Z,2026-01-13T15:42:30Z,35,2026-01-12T19:59:31Z,2026-01-14T00:30:00Z,1,1,Equipment problem,In Progres,OUTAGE,Single Customer,MTC,NORMAL,42.56496,-82.88083
NE26011200658,2026-01-12T20:26:43Z,2026-01-12T20:26:43Z,1,2026-01-12T20:05:10Z,2026-01-13T00:35:00Z,1,1,Determined upon crew arrival,New,OUTAGE,Single Customer,MTC,NORMAL,42.48378,-83.03138
SW26011200639,2026-01-12T20:26:43Z,2026-01-12T23:39:49Z,10,2026-01-12T19:47:09Z,2026-01-13T00:15:00Z,1,1,Determined upon crew arrival,In Progres,OUTAGE,Single Customer,NPT,NORMAL,41.91145,-83.40277
SW26011200666,2026-01-12T20:26:43Z,2026-01-12T22:20:07Z,6,2026-01-12T20:11:44Z,2026-01-13T00:40:00Z,1,1,Determined upon crew arrival,In Progres,OUTAGE,Single Customer,WWS,NORMAL,42.22141,-83.49712
SE26011200670,2026-01-12T20:48:11Z,2026-01-12T20:48:11Z,1,2026-01-12T20:19:25Z,2026-01-13T00:50:00Z,1,1,Determined upon crew arrival,New,OUTAGE,Single Customer,CAN,NORMAL,42.33727,-83.1099
SW26011200673,2026-01-12T20:48:11Z,2026-01-13T06:36:14Z,16,2026-01-12T20:24:57Z,2026-01-13T12:55:00Z,1,1,Equipment problem,In Progres,OUTAGE,Single Customer,NPT,NORMAL,42.07616,-83.30601
SW26011200678,2026-01-12T20:48:11Z,2026-01-12T22:20:07Z,5,2026-01-12T20:29:32Z,2026-01-13T01:00:00Z,1,1,Determined upon crew arrival,In Progres,OUTAGE,Single Customer,WWS,NORMAL,42.23694,-83.2675
NE26011200680,2026-01-12T21:22:33Z,2026-01-13T09:02:12Z,20,2026-01-12T20:33:17Z,2026-01-13T13:05:00Z,1,1,Determined upon crew arrival,In Progres,OUTAGE,Single Customer,MTC,NORMAL,42.48227,-83.0283
NE26011200681,2026-01-12T21:22:33Z,2026-01-13T21:55:29Z,46,2026-01-12T20:34:23Z,2026-01-14T01:05:00Z,1,1,Determined upon crew arrival,In Progres,OUTAGE,Single Customer,MTC,NORMAL,42.46131,-83.02568
NE26011200684,2026-01-12T21:22:33Z,2026-01-12T22:43:48Z,5,2026-01-12T20:41:50Z,2026-01-13T01:10:00Z,1,1,Determined upon crew arrival,In Progres,SERVICE DOWN NO,,MAR,NORMAL,42.97838,-82.66428
SE26011200694,2026-01-12T21:22:33Z,2026-01-13T22:47:29Z,48,2026-01-12T20:45:38Z,2026-01-14T01:30:00Z,1,1,Equipment problem,In Progres,OUTAGE,Single Customer,CAN,NORMAL,42.41553,-83.12095
SW26011200695,2026-01-12T21:22:33Z,2026-01-12T23:39:49Z,8,2026-01-12T20:51:42Z,2026-01-13T01:30:00Z,1,1,Equipment problem,In Progres,OUTAGE,Single Customer,ANN,NORMAL,42.24299,-83.75341
SW26011200696,2026-01-12T21:22:33Z,2026-01-12T23:18:11Z,7,2026-01-12T20:55:27Z,2026-01-13T01:30:00Z,1,1,Determined upon crew arrival,In Progres,OUTAGE,Single Customer,ANN,NORMAL,42.24287,-83.75189
SW26011200704,2026-01-12T21:22:33Z,2026-01-12T23:39:49Z,8,2026-01-12T21:06:10Z,2026-01-13T01:35:00Z,1,1,Determined upon crew arrival,In Progres,OUTAGE,Single Customer,ANN,NORMAL,42.39074,-83.79103
SW26011200707,2026-01-12T21:22:33Z,2026-01-12T23:39:49Z,8,2026-01-12T21:08:13Z,2026-01-13T01:40:00Z,1,1,Determined upon crew arrival,In Progres,OUTAGE,Single Customer,ANN,NORMAL,42.39796,-83.78771
NW26011200714,2026-01-12T21:43:19Z,2026-01-12T23:39:49Z,7,2026-01-12T21:22:58Z,2026-01-13T01:55:00Z,1,1,Equipment problem,In Progres,OUTAGE,Single Customer,PON,NORMAL,42.71642,-83.35547
SW26011200716,2026-01-12T21:43:19Z,2026-01-12T23:18:11Z,6,2026-01-12T21:26:52Z,2026-01-13T01:55:00Z,1,1,Determined upon crew arrival,In Progres,OUTAGE,Single Customer,ANN,NORMAL,42.25968,-83.55503
NW26011200718,2026-01-12T21:54:12Z,2026-01-12T23:39:49Z,6,2026-01-12T21:33:20Z,2026-01-13T02:05:00Z,1,1,Determined upon crew arrival,In Progres,OUTAGE,Single Customer,PON,NORMAL,42.69932,-83.44382
SE26011200734,2026-01-12T22:20:07Z,2026-01-13T16:44:55Z,32,2026-01-12T21:58:40Z,2026-01-14T02:30:00Z,1,1,Equipment problem,In Progres,OUTAGE,Single Customer,CAN,NORMAL,42.42586,-82.95241
SW26011200737,2026-01-12T22:20:07Z,2026-01-13T14:02:07Z,27,2026-01-12T04:26:15Z,2026-01-13T14:40:00Z,1,1,Determined upon crew arrival,In Progres,OUTAGE,Single Customer,WWS,NORMAL,42.30406,-83.29753
SE26011200750,2026-01-12T22:43:48Z,2026-01-13T04:59:21Z,8,2026-01-12T22:28:31Z,2026-01-13T15:00:00Z,1,1,Determined upon crew arrival,In Progres,OUTAGE,Single Customer,RFD,NORMAL,42.37369,-83.24055
SW26011200746,2026-01-12T22:43:48Z,2026-01-12T23:18:11Z,3,2026-01-12T22:11:16Z,2026-01-13T02:50:00Z,26,26,Determined upon crew arrival,In Progres,OUTAGE,Device (I),ANN,NORMAL,42.21654,-83.55533
SE26011200755,2026-01-12T22:55:01Z,2026-01-13T01:47:28Z,4,2026-01-11T15:39:00Z,2026-01-13T03:10:00Z,1,1,Equipment problem,In Progres,OUTAGE,Single Customer,RFD,NORMAL,42.42974,-83.20336
SE26011200758,2026-01-12T22:55:01Z,2026-01-12T22:55:01Z,1,2026-01-12T22:28:54Z,,1,1,Determined upon crew arrival,New,OUTAGE,Single Customer,CAN,NORMAL,42.44654,-83.06943
SE26011200759,2026-01-12T22:55:01Z,2026-01-13T01:47:28Z,4,2026-01-12T22:44:46Z,2026-01-13T03:15:00Z,1,1,Equipment problem,In Progres,OUTAGE,Single Customer,RFD,NORMAL,42.33896,-83.20767
NE26011200765,2026-01-12T23:18:11Z,2026-01-12T23:18:11Z,1,2026-01-12T19:47:30Z,,1,1,Determined upon crew arrival,New,SERVICE DOWN NO,,MTC,NORMAL,42.47001,-83.01952
SE26011200766,2026-01-12T23:18:11Z,2026-01-13T19:31:13Z,34,2026-01-12T23:00:06Z,2026-01-14T03:30:00Z,1,1,Equipment problem,In Progres,OUTAGE,Single Customer,CAN,NORMAL,42.3319,-83.11157
SW26011200764,2026-01-12T23:18:11Z,2026-01-13T01:47:28Z,3,2026-01-12T22:56:42Z,2026-01-13T03:25:00Z,1,1,Determined upon crew arrival,In Progres,OUTAGE,Single Customer,WWS,NORMAL,42.38763,-83.34963
NW26011200768,2026-01-12T23:39:49Z,2026-01-13T01:47:28Z,2,2026-01-12T22:59:23Z,2026-01-13T03:35:00Z,1,1,Equipment problem,In Progres,OUTAGE,Single Customer,PON,NORMAL,42.76926,-83.50071
SE26011200773,2026-01-12T23:39:49Z,2026-01-13T14:02:07Z,23,2026-01-12T23:24:30Z,2026-01-13T15:55:00Z,1,1,Determined upon crew arrival,New,OUTAGE,Single Customer,CAN,NORMAL,42.4164,-83.13088
SE26011200775,2026-01-12T23:39:49Z,2026-01-13T16:44:55Z,28,2026-01-12T23:29:00Z,2026-01-14T04:00:00Z,1,1,Determined upon crew arrival,In Progres,SERVICE DOWN NO,,RFD,NORMAL,42.40334,-83.151
SE26011200783,2026-01-13T01:47:28Z,2026-01-13T01:47:28Z,1,2026-01-12T23:44:35Z,2026-01-13T04:20:00Z,1,1,Problem with the customer equip,In Progres,OUTAGE,Single Customer,CAN,NORMAL,42.35231,-83.02267
SE26011200786,2026-01-13T01:47:28Z,2026-01-13T10:33:24Z,15,2026-01-13T00:02:39Z,2026-01-13T16:35:00Z,1,1,Determined upon crew arrival,In Progres,OUTAGE,Single Customer,RFD,NORMAL,42.33293,-83.14529
SE26011200804,2026-01-13T01:47:28Z,2026-01-13T12:51:13Z,20,2026-01-13T00:20:37Z,2026-01-13T16:50:00Z,1,1,Equipment problem,In Progres,OUTAGE,Single Customer,RFD,NORMAL,42.44307,-83.3106
SE26011201003,2026-01-13T01:47:28Z,2026-01-13T01:47:28Z,1,2026-01-13T00:32:45Z,2026-01-13T05:05:00Z,1,1,Determined upon crew arrival,PC3 Verifi,OUTAGE,Single Customer,RFD,NORMAL,42.43235,-83.29461
SE26011201025,2026-01-13T01:47:28Z,2026-01-13T10:33:24Z,15,2026-01-13T01:00:28Z,2026-01-13T17:30:00Z,1,1,Determined upon crew arrival,In Progres,OUTAGE,Single Customer,RFD,NORMAL,42.44032,-83.29665
SE26011201027,2026-01-13T01:47:28Z,2026-01-13T16:00:04Z,26,2026-01-13T01:14:20Z,2026-01-13T17:45:00Z,1,1,Equipment problem,Pending,OUTAGE,Single Customer,RFD,NORMAL,42.40682,-83.15006
SW26011200794,2026-01-13T01:47:28Z,2026-01-13T11:55:01Z,19,2026-01-13T00:12:30Z,2026-01-13T16:45:00Z,1,1,Equipment problem,Pending,OUTAGE,Single Customer,WWS,NORMAL,42.43676,-83.32789
SW26011201010,2026-01-13T01:47:28Z,2026-01-13T10:57:17Z,16,2026-01-13T00:34:59Z,2026-01-13T17:05:00Z,1,1,Determined upon crew arrival,In Progres,OUTAGE,Single Customer,WWS,NORMAL,42.44076,-83.31944
NW26011201052,2026-01-13T03:38:44Z,2026-01-13T03:38:44Z,1,2026-01-13T03:06:26Z,2026-01-13T07:40:00Z,129,129,Determined upon crew arrival,In Progres,OUTAGE,Device (II),HWL,NORMAL,42.59025,-83.59179
SE26011201036,2026-01-13T03:38:44Z,2026-01-13T10:33:24Z,14,2026-01-13T01:46:30Z,2026-01-13T18:15:00Z,1,1,Determined upon crew arrival,PC3 Verifi,OUTAGE,Single Customer,RFD,NORMAL,42.44046,-83.29801
SE26011201044,2026-01-13T03:38:44Z,2026-01-15T10:56:50Z,99,2026-01-12T20:20:04Z,2026-01-15T18:55:00Z,1,1,Determined upon crew arrival,Pending,OUTAGE,Single Customer,RFD,NORMAL,42.41801,-83.16851
SE26011201048,2026-01-13T03:38:44Z,2026-01-13T04:27:10Z,2,2026-01-13T02:44:55Z,2026-01-13T07:15:00Z,1,1,Determined upon crew arrival,New,OUTAGE,Single Customer,RFD,NORMAL,42.46796,-83.27162
SW26011201038,2026-01-13T03:38:44Z,2026-01-13T03:38:44Z,1,2026-01-13T00:12:30Z,2026-01-13T06:30:00Z,1,1,Determined upon crew arrival,In Progres,PRIORITY,,WWS,NORMAL,42.4407,-83.32288
SW26011201057,2026-01-13T04:27:10Z,2026-01-13T04:59:21Z,2,2026-01-13T03:58:04Z,2026-01-13T08:30:00Z,1,1,Determined upon crew arrival,New,OUTAGE,Single Customer,NPT,NORMAL,41.96699,-83.44841
NE26011201066,2026-01-13T05:34:49Z,2026-01-13T19:51:40Z,29,2026-01-13T04:48:13Z,2026-01-13T21:20:00Z,1,1,Determined upon crew arrival,In Progres,OUTAGE,Single Customer,MTC,NORMAL,42.52465,-82.95473
NE26011300001,2026-01-13T05:34:49Z,2026-01-13T07:36:29Z,5,2026-01-13T05:07:18Z,2026-01-13T09:35:00Z,1,1,Determined upon crew arrival,In Progres,OUTAGE,Single Customer,MTC,NORMAL,42.6572,-82.83636
SW26011300003,2026-01-13T05:34:49Z,2026-01-13T09:42:27Z,9,2026-01-13T05:11:56Z,2026-01-13T09:40:00Z,15,15,Determined upon crew arrival,In Progres,OUTAGE,Service Transformer,ANN,NORMAL,42.16684,-83.77689
NE26011300013,2026-01-13T09:57:46Z,2026-01-13T16:44:55Z,14,2026-01-13T09:26:15Z,2026-01-14T02:05:00Z,1,1,Equipment problem,In Progres,OUTAGE,Single Customer,MAR,NORMAL,43.02511,-82.73781
NW26011300014,2026-01-13T10:33:24Z,2026-01-13T15:01:39Z,10,2026-01-13T09:55:06Z,2026-01-14T02:25:00Z,1,1,Equipment problem,In Progres,OUTAGE,Single Customer,HWL,NORMAL,42.46708,-83.72654
SE26011300015,2026-01-13T10:33:24Z,2026-01-13T16:00:04Z,12,2026-01-13T10:07:09Z,2026-01-14T02:35:00Z,1,1,Equipment problem,In Progres,OUTAGE,Single Customer,CAN,NORMAL,42.43648,-83.09221
NW26011300019,2026-01-13T11:26:38Z,2026-01-13T23:52:00Z,27,2026-01-13T10:55:36Z,2026-01-14T03:25:00Z,1,1,Equipment problem,In Progres,OUTAGE,Single Customer,PON,NORMAL,42.50871,-83.53204
NW26011300025,2026-01-13T12:51:13Z,2026-01-14T11:46:13Z,41,2026-01-13T12:18:37Z,2026-01-14T12:50:00Z,1,1,Equipment problem,In Progres,PRIORITY,,PON,NORMAL,42.50891,-83.5335
NE26011300033,2026-01-13T13:42:19Z,2026-01-13T15:01:39Z,4,2026-01-13T11:44:00Z,2026-01-13T17:35:00Z,5,5,Equipment problem,In Progres,OUTAGE,Service Transformer,NAE,NORMAL,43.6014,-83.18284
NW26011300037,2026-01-13T13:42:19Z,2026-01-13T15:01:39Z,4,2026-01-13T12:32:47Z,2026-01-13T17:35:00Z,3,3,Public Interference w/DTE equip,In Progres,OUTAGE,Service Transformer,HWL,NORMAL,42.52799,-83.78337
NW26011300044,2026-01-13T13:42:19Z,2026-01-13T16:44:55Z,7,2026-01-13T13:06:32Z,2026-01-13T17:35:00Z,1,1,Equipment problem,In Progres,OUTAGE,Single Customer,HWL,NORMAL,42.57977,-83.60736
NW26011300048,2026-01-13T13:42:19Z,2026-01-13T13:42:19Z,1,2026-01-13T13:11:18Z,2026-01-13T17:40:00Z,445,445,Determined upon crew arrival,New,OUTAGE,Device (II),PON,NORMAL,42.5501,-83.22224
SE26011300036,2026-01-13T13:42:19Z,2026-01-13T18:33:13Z,10,2026-01-11T17:25:36Z,2026-01-14T05:35:00Z,1,1,Equipment problem,In Progres,OUTAGE,Single Customer,RFD,NORMAL,42.43615,-83.16489
SE26011300042,2026-01-13T13:42:19Z,2026-01-13T16:00:04Z,6,2026-01-13T12:39:06Z,2026-01-13T17:35:00Z,1,1,Equipment problem,In Progres,OUTAGE,Single Customer,RFD,NORMAL,42.34055,-83.28214
SE26011300046,2026-01-13T13:42:19Z,2026-01-13T15:01:39Z,4,2026-01-13T13:08:41Z,2026-01-13T17:40:00Z,8,8,Determined upon crew arrival,New,OUTAGE,Service Transformer,CAN,NORMAL,42.36866,-83.03093
SE26011300050,2026-01-13T13:42:19Z,2026-01-13T13:42:19Z,1,2026-01-13T13:13:57Z,2026-01-13T17:45:00Z,1,1,Determined upon crew arrival,In Progres,OUTAGE,Single Customer,RFD,NORMAL,42.42136,-83.1414
SE26011300051,2026-01-13T13:42:19Z,2026-01-13T17:45:27Z,9,2026-01-13T13:10:12Z,2026-01-13T17:45:00Z,1,1,Equipment problem,In Progres,OUTAGE,Single Customer,RFD,NORMAL,42.27646,-83.19202
SE26011300052,2026-01-13T13:42:19Z,2026-01-13T17:14:09Z,8,2026-01-13T13:16:24Z,2026-01-13T17:45:00Z,1,1,Equipment problem,In Progres,OUTAGE,Single Customer,RFD,NORMAL,42.42281,-83.20033
NE26011300067,2026-01-13T14:02:07Z,2026-01-13T17:14:09Z,7,2026-01-13T13:35:37Z,2026-01-13T18:10:00Z,1,1,Determined upon crew arrival,In Progres,OUTAGE,Single Customer,MTC,NORMAL,42.73259,-82.80747
NE26011300068,2026-01-13T14:02:07Z,2026-01-13T23:52:00Z,22,2026-01-13T13:38:34Z,2026-01-14T06:10:00Z,1,1,Equipment problem,In Progres,OUTAGE,Single Customer,MTC,NORMAL,42.67166,-82.95331
NE26011300077,2026-01-13T14:45:15Z,2026-01-13T16:00:04Z,4,2026-01-13T13:46:53Z,2026-01-13T18:15:00Z,1,1,Determined upon crew arrival,In Progres,OUTAGE,Single Customer,MTC,NORMAL,42.73451,-82.79297
NE26011300084,2026-01-13T14:45:15Z,2026-01-13T20:27:25Z,12,2026-01-13T13:55:08Z,2026-01-14T06:25:00Z,1,1,Equipment problem,In Progres,OUTAGE,Single Customer,MTC,NORMAL,42.50334,-82.96355
NE26011300093,2026-01-13T14:45:15Z,2026-01-13T16:00:04Z,4,2026-01-13T14:00:24Z,2026-01-13T18:30:00Z,7,7,Determined upon crew arrival,In Progres,OUTAGE,Service Transformer,MAR,NORMAL,43.00054,-82.48801
NE26011300094,2026-01-13T14:45:15Z,2026-01-13T16:00:04Z,4,2026-01-13T14:01:20Z,2026-01-13T18:30:00Z,1,1,Determined upon crew arrival,In Progres,OUTAGE,Single Customer,MAR,NORMAL,42.90511,-82.50002
NE26011300112,2026-01-13T14:45:15Z,2026-01-13T15:42:30Z,3,2026-01-13T14:10:25Z,2026-01-13T18:45:00Z,2,2,Determined upon crew arrival,In Progres,OUTAGE,Service Secondary,MTC,NORMAL,42.45179,-83.0797
NW26011300110,2026-01-13T14:45:15Z,2026-01-13T15:01:39Z,2,2026-01-13T14:07:27Z,2026-01-13T18:40:00Z,13,13,Determined upon crew arrival,In Progres,OUTAGE,Service Transformer,PON,NORMAL,42.55283,-83.20669
NW26011300122,2026-01-13T14:45:15Z,2026-01-13T15:01:39Z,2,2026-01-13T14:28:30Z,2026-01-13T19:00:00Z,1,1,Determined upon crew arrival,In Progres,OUTAGE,Single Customer,SBY,NORMAL,42.54683,-82.98099
SE26011300086,2026-01-13T14:45:15Z,2026-01-13T18:33:13Z,8,2026-01-13T13:55:55Z,2026-01-13T18:25:00Z,1,1,Determined upon crew arrival,In Progres,PRIORITY,,CAN,NORMAL,42.40578,-83.12763
SE26011300096,2026-01-13T14:45:15Z,2026-01-13T15:01:39Z,2,2026-01-13T14:02:08Z,2026-01-13T18:30:00Z,1,1,Determined upon crew arrival,PC3 Verifi,OUTAGE,Single Customer,CAN,NORMAL,42.36781,-83.03014
SE26011300111,2026-01-13T14:45:15Z,2026-01-14T15:01:10Z,43,2026-01-13T14:08:41Z,2026-01-14T18:40:00Z,1,1,Equipment problem,In Progres,OUTAGE,Single Customer,RFD,NORMAL,42.42041,-83.29965
SE26011300114,2026-01-13T14:45:15Z,2026-01-13T15:01:39Z,2,2026-01-13T14:17:26Z,2026-01-13T18:50:00Z,1,1,Determined upon crew arrival,In Progres,OUTAGE,Single Customer,CAN,NORMAL,42.43592,-82.98801
SW26011300078,2026-01-13T14:45:15Z,2026-01-13T14:45:15Z,1,2026-01-13T13:45:30Z,2026-01-13T18:20:00Z,13,13,Determined upon crew arrival,In Progres,OUTAGE,Service Transformer,WWS,NORMAL,42.31416,-83.37798
SW26011300085,2026-01-13T14:45:15Z,2026-01-13T15:42:30Z,3,2026-01-13T13:55:20Z,2026-01-13T18:25:00Z,2,2,Determined upon crew arrival,In Progres,OUTAGE,Service Transformer,ANN,NORMAL,42.24577,-83.63196
SW26011300089,2026-01-13T14:45:15Z,2026-01-13T16:00:04Z,4,2026-01-13T13:47:07Z,2026-01-13T18:30:00Z,8,8,Equipment problem,In Progres,OUTAGE,Service Transformer,WWS,NORMAL,42.35196,-83.32832
SW26011300095,2026-01-13T14:45:15Z,2026-01-13T16:00:04Z,4,2026-01-13T14:01:53Z,2026-01-13T18:30:00Z,1,1,Equipment problem,In Progres,OUTAGE,Single Customer,NPT,NORMAL,42.10862,-83.23007
SW26011300100,2026-01-13T14:45:15Z,2026-01-13T15:01:39Z,2,2026-01-13T14:03:43Z,2026-01-13T18:35:00Z,19,19,Determined upon crew arrival,In Progres,OUTAGE,Service Transformer,WWS,NORMAL,42.31652,-83.35806
SW26011300107,2026-01-13T14:45:15Z,2026-01-13T22:47:29Z,18,2026-01-13T14:09:23Z,2026-01-14T06:40:00Z,1,1,Equipment problem,In Progres,OUTAGE,Single Customer,WWS,NORMAL,42.434,-83.37497
SW26011300117,2026-01-13T14:45:15Z,2026-01-13T16:00:04Z,4,2026-01-13T14:11:06Z,2026-01-13T18:50:00Z,2,2,Determined upon crew arrival,In Progres,OUTAGE,Service Secondary,WWS,NORMAL,42.49626,-83.32875
NE26011300128,2026-01-13T15:01:39Z,2026-01-13T16:00:04Z,3,2026-01-13T14:32:50Z,2026-01-13T19:05:00Z,1,1,Determined upon crew arrival,In Progres,OUTAGE,Single Customer,NAE,NORMAL,43.74194,-83.29849
NE26011300139,2026-01-13T15:01:39Z,2026-01-13T16:00:04Z,3,2026-01-13T14:43:38Z,2026-01-13T19:15:00Z,1,1,Determined upon crew arrival,In Progres,OUTAGE,Single Customer,MTC,NORMAL,42.45175,-83.00641
NW26011300137,2026-01-13T15:01:39Z,2026-01-13T17:45:27Z,6,2026-01-13T14:42:07Z,2026-01-13T19:10:00Z,1,1,Determined upon crew arrival,In Progres,OUTAGE,Single Customer,HWL,NORMAL,42.60869,-83.95186
SE26011300130,2026-01-13T15:01:39Z,2026-01-13T16:44:55Z,4,2026-01-13T14:34:48Z,2026-01-13T19:05:00Z,1,1,Determined upon crew arrival,In Progres,OUTAGE,Single Customer,CAN,NORMAL,42.43038,-82.95755
SE26011300131,2026-01-13T15:01:39Z,2026-01-13T16:00:04Z,3,2026-01-13T14:36:42Z,2026-01-13T19:05:00Z,34,34,Determined upon crew arrival,In Progres,OUTAGE,Service Transformer,RFD,NORMAL,42.38062,-83.21164
SE26011300133,2026-01-13T15:01:39Z,2026-01-13T17:45:27Z,6,2026-01-13T14:39:40Z,2026-01-13T19:10:00Z,1,1,Equipment problem,In Progres,OUTAGE,Single Customer,CAN,NORMAL,42.33715,-83.08611
SW26011300134,2026-01-13T15:01:39Z,2026-01-13T15:01:39Z,1,2026-01-13T14:27:47Z,2026-01-13T19:10:00Z,1,1,Determined upon crew arrival,New,OUTAGE,Single Customer,WWS,NORMAL,42.33391,-83.40211
SW26011300135,2026-01-13T15:01:39Z,2026-01-13T15:01:39Z,1,2026-01-13T14:40:26Z,2026-01-13T19:10:00Z,1,1,Determined upon crew arrival,New,OUTAGE,Single Customer,ANN,NORMAL,42.24591,-83.63129
NW26011300188,2026-01-13T15:42:30Z,2026-01-13T16:44:55Z,3,2026-01-13T15:16:40Z,2026-01-13T19:45:00Z,1,1,Determined upon crew arrival,In Progres,OUTAGE,Single Customer,SBY,NORMAL,42.54811,-83.0556
NW26011300193,2026-01-13T15:42:30Z,2026-01-13T23:40:41Z,18,2026-01-13T15:20:06Z,2026-01-14T07:50:00Z,1,1,Determined upon crew arrival,Pending,OUTAGE,Single Customer,SBY,NORMAL,42.5498,-82.9832
NW26011300207,2026-01-13T15:42:30Z,2026-01-13T16:00:04Z,2,2026-01-13T15:28:19Z,2026-01-13T20:00:00Z,1,1,Determined upon crew arrival,New,OUTAGE,Single Customer,SBY,NORMAL,42.55429,-83.00632
SE26011300145,2026-01-13T15:42:30Z,2026-01-13T15:42:30Z,1,2026-01-13T14:48:36Z,2026-01-13T19:20:00Z,2,2,Determined upon crew arrival,In Progres,OUTAGE,Service Secondary,RFD,NORMAL,42.26237,-83.20416
SE26011300152,2026-01-13T15:42:30Z,2026-01-13T20:27:25Z,10,2026-01-13T14:51:34Z,2026-01-14T07:20:00Z,1,1,Determined upon crew arrival,In Progres,OUTAGE,Single Customer,CAN,NORMAL,42.40911,-83.04088
SE26011300155,2026-01-13T15:42:30Z,2026-01-13T16:00:04Z,2,2026-01-13T14:53:57Z,2026-01-13T19:25:00Z,1,1,Determined upon crew arrival,In Progres,OUTAGE,Single Customer,CAN,NORMAL,42.4406,-82.96657
SE26011300167,2026-01-13T15:42:30Z,2026-01-13T17:45:27Z,5,2026-01-13T15:04:24Z,2026-01-13T19:35:00Z,15,15,Determined upon crew arrival,In Progres,OUTAGE,Service Transformer,CAN,NORMAL,42.43203,-82.95594
SE26011300170,2026-01-13T15:42:30Z,2026-01-13T19:51:40Z,9,2026-01-13T15:06:34Z,2026-01-14T07:35:00Z,1,1,Determined upon crew arrival,In Progres,SERVICE DOWN NO,,RFD,NORMAL,42.35187,-83.2252
SE26011300171,2026-01-13T15:42:30Z,2026-01-13T16:00:04Z,2,2026-01-13T15:06:55Z,2026-01-13T19:35:00Z,2,2,Determined upon crew arrival,In Progres,OUTAGE,Service Secondary,RFD,NORMAL,42.25629,-83.20074
SE26011300175,2026-01-13T15:42:30Z,2026-01-13T16:00:04Z,2,2026-01-13T15:08:30Z,2026-01-13T19:40:00Z,1,1,Determined upon crew arrival,In Progres,OUTAGE,Single Customer,RFD,NORMAL,42.38332,-83.18322
SE26011300183,2026-01-13T15:42:30Z,2026-01-13T17:45:27Z,5,2026-01-13T15:11:29Z,2026-01-13T19:45:00Z,18,18,Determined upon crew arrival,In Progres,OUTAGE,Service Transformer,CAN,NORMAL,42.432,-82.95712
SE26011300184,2026-01-13T15:42:30Z,2026-01-13T16:00:04Z,2,2026-01-13T14:59:17Z,2026-01-13T19:45:00Z,6,6,Determined upon crew arrival,In Progres,OUTAGE,Service Transformer,CAN,NORMAL,42.38402,-83.02371
SE26011300185,2026-01-13T15:42:30Z,2026-01-13T16:00:04Z,2,2026-01-13T15:14:21Z,2026-01-13T19:45:00Z,1,1,Determined upon crew arrival,In Progres,OUTAGE,Single Customer,RFD,NORMAL,42.25849,-83.14226
SE26011300189,2026-01-13T15:42:30Z,2026-01-13T17:14:09Z,4,2026-01-13T15:16:54Z,2026-01-13T19:45:00Z,1,1,Determined upon crew arrival,In Progres,OUTAGE,Single Customer,RFD,NORMAL,42.42904,-83.29875
SE26011300195,2026-01-13T15:42:30Z,2026-01-13T16:00:04Z,2,2026-01-13T15:21:59Z,2026-01-13T19:50:00Z,1,1,Determined upon crew arrival,In Progres,OUTAGE,Single Customer,RFD,NORMAL,42.3816,-83.18864
SE26011300200,2026-01-13T15:42:30Z,2026-01-13T16:44:55Z,3,2026-01-13T15:24:48Z,2026-01-13T19:55:00Z,1,1,Determined upon crew arrival,In Progres,OUTAGE,Single Customer,RFD,NORMAL,42.38195,-83.14554
SE26011300203,2026-01-13T15:42:30Z,2026-01-13T17:14:09Z,4,2026-01-13T15:26:41Z,2026-01-13T19:55:00Z,1,1,Determined upon crew arrival,In Progres,OUTAGE,Service Secondary,RFD,NORMAL,42.26496,-83.1984
SE26011300205,2026-01-13T15:42:30Z,2026-01-13T17:14:09Z,4,2026-01-13T15:27:50Z,2026-01-13T20:00:00Z,1,1,Determined upon crew arrival,In Progres,OUTAGE,Single Customer,CAN,NORMAL,42.43061,-82.95941
SE26011300206,2026-01-13T15:42:30Z,2026-01-13T15:42:30Z,1,2026-01-13T15:13:10Z,,1,1,Determined upon crew arrival,New,OUTAGE,Single Customer,CAN,NORMAL,42.42182,-82.98188
SW26011300144,2026-01-13T15:42:30Z,2026-01-13T16:44:55Z,3,2026-01-13T14:48:14Z,2026-01-13T19:20:00Z,1,1,Determined upon crew arrival,In Progres,OUTAGE,Service Secondary,WWS,NORMAL,42.39732,-83.40775
SW26011300147,2026-01-13T15:42:30Z,2026-01-13T23:52:00Z,19,2026-01-13T14:49:11Z,2026-01-14T07:20:00Z,1,1,Public Interference w/DTE equip,In Progres,OUTAGE,Single Customer,NPT,NORMAL,42.08454,-83.60013
SW26011300150,2026-01-13T15:42:30Z,2026-01-13T15:42:30Z,1,2026-01-13T14:35:10Z,2026-01-13T19:20:00Z,12,12,Determined upon crew arrival,In Progres,OUTAGE,Service Transformer,ANN,NORMAL,42.24591,-83.63129
SW26011300154,2026-01-13T15:42:30Z,2026-01-13T15:42:30Z,1,2026-01-13T14:52:55Z,2026-01-13T19:25:00Z,5,5,Determined upon crew arrival,In Progres,OUTAGE,Service Transformer,ANN,NORMAL,42.25517,-83.72332
SW26011300168,2026-01-13T15:42:30Z,2026-01-13T17:14:09Z,4,2026-01-13T15:05:23Z,2026-01-13T19:35:00Z,1,1,Determined upon crew arrival,In Progres,OUTAGE,Service Secondary,ANN,NORMAL,42.2544,-83.76705
SW26011300179,2026-01-13T15:42:30Z,2026-01-13T17:14:09Z,4,2026-01-13T15:08:37Z,2026-01-13T19:40:00Z,7,7,Determined upon crew arrival,In Progres,OUTAGE,Service Transformer,ANN,NORMAL,42.2544,-83.76705
SW26011300201,2026-01-13T15:42:30Z,2026-01-13T15:42:30Z,1,2026-01-13T15:25:43Z,2026-01-13T19:55:00Z,14,14,Determined upon crew arrival,In Progres,OUTAGE,Service Transformer,WWS,NORMAL,42.21716,-83.26341
NE26011300213,2026-01-13T16:00:04Z,2026-01-13T16:44:55Z,2,2026-01-13T15:31:36Z,2026-01-13T20:00:00Z,1,1,Determined upon crew arrival,In Progres,OUTAGE,Single Customer,LAP,NORMAL,43.18444,-83.31104
NW26011300228,2026-01-13T16:00:04Z,2026-01-13T17:14:09Z,3,2026-01-13T15:41:51Z,2026-01-13T20:10:00Z,1,1,Determined upon crew arrival,In Progres,OUTAGE,Single Customer,PON,NORMAL,42.62092,-83.29451
SE26011300215,2026-01-13T16:00:04Z,2026-01-13T23:20:43Z,16,2026-01-13T15:26:11Z,2026-01-14T08:00:00Z,1,1,Equipment problem,In Progres,OUTAGE,Single Customer,RFD,NORMAL,42.47859,-83.21412
SE26011300216,2026-01-13T16:00:04Z,2026-01-13T17:45:27Z,4,2026-01-13T15:33:16Z,2026-01-13T20:05:00Z,1,1,Determined upon crew arrival,In Progres,OUTAGE,Single Customer,RFD,NORMAL,42.43026,-83.30797
SE26011300218,2026-01-13T16:00:04Z,2026-01-13T17:14:09Z,3,2026-01-13T15:33:54Z,2026-01-13T20:05:00Z,1,1,Determined upon crew arrival,In Progres,OUTAGE,Single Customer,CAN,NORMAL,42.434,-82.97378
SE26011300220,2026-01-13T16:00:04Z,2026-01-13T16:00:04Z,1,2026-01-13T15:34:23Z,2026-01-13T20:05:00Z,1,1,Determined upon crew arrival,In Progres,OUTAGE,Single Customer,RFD,NORMAL,42.38032,-83.2092
SW26011300217,2026-01-13T16:00:04Z,2026-01-13T17:14:09Z,3,2026-01-13T15:27:50Z,2026-01-13T20:05:00Z,14,14,Determined upon crew arrival,In Progres,OUTAGE,Service Transformer,WWS,NORMAL,42.21662,-83.26229
SW26011300226,2026-01-13T16:00:04Z,2026-01-13T17:14:09Z,3,2026-01-13T15:36:58Z,2026-01-13T20:05:00Z,1,1,Determined upon crew arrival,In Progres,OUTAGE,Service Secondary,WWS,NORMAL,42.40059,-83.40795
NE26011300235,2026-01-13T16:44:55Z,2026-01-13T17:45:27Z,3,2026-01-13T15:50:42Z,2026-01-13T20:20:00Z,2,2,Determined upon crew arrival,In Progres,OUTAGE,Service Secondary,MTC,NORMAL,42.4747,-82.93985
NE26011300254,2026-01-13T16:44:55Z,2026-01-13T17:14:09Z,2,2026-01-13T16:04:49Z,2026-01-13T20:35:00Z,1,1,Determined upon crew arrival,In Progres,OUTAGE,Service Transformer,NAE,NORMAL,43.33727,-82.86532
NE26011300274,2026-01-13T16:44:55Z,2026-01-13T17:14:09Z,2,2026-01-13T16:25:27Z,2026-01-13T20:55:00Z,1,1,Determined upon crew arrival,In Progres,OUTAGE,Service Secondary,NAE,NORMAL,43.4175,-82.83913
NW26011300243,2026-01-13T16:44:55Z,2026-01-13T17:45:27Z,3,2026-01-13T15:52:15Z,2026-01-13T20:25:00Z,1,1,Determined upon crew arrival,In Progres,OUTAGE,Single Customer,HWL,NORMAL,42.55993,-83.73552
NW26011300250,2026-01-13T16:44:55Z,2026-01-13T23:20:43Z,15,2026-01-13T16:01:11Z,2026-01-14T08:30:00Z,1,1,Determined upon crew arrival,PC3 Verifi,OUTAGE,Single Customer,HWL,NORMAL,42.5537,-83.75696
SE26011300234,2026-01-13T16:44:55Z,2026-01-13T17:14:09Z,2,2026-01-13T15:49:26Z,2026-01-13T20:20:00Z,1,1,Determined upon crew arrival,In Progres,OUTAGE,Single Customer,CAN,NORMAL,42.43651,-82.97436
SE26011300247,2026-01-13T16:44:55Z,2026-01-13T18:33:13Z,4,2026-01-13T15:45:45Z,2026-01-13T20:30:00Z,6,6,Determined upon crew arrival,In Progres,OUTAGE,Service Transformer,RFD,NORMAL,42.38021,-83.20899
SE26011300259,2026-01-13T16:44:55Z,2026-01-13T17:14:09Z,2,2026-01-13T16:09:21Z,2026-01-13T20:40:00Z,1,1,Determined upon crew arrival,In Progres,OUTAGE,Single Customer,RFD,NORMAL,42.37388,-83.17729
SE26011300269,2026-01-13T16:44:55Z,2026-01-13T17:14:09Z,2,2026-01-13T16:23:15Z,2026-01-13T20:55:00Z,1,1,Determined upon crew arrival,In Progres,OUTAGE,Single Customer,RFD,NORMAL,42.26243,-83.21052
SE26011300272,2026-01-13T16:44:55Z,2026-01-14T04:48:00Z,20,2026-01-13T16:23:55Z,2026-01-14T04:55:00Z,1,1,Determined upon crew arrival,In Progres,PRIORITY,,RFD,NORMAL,42.28648,-83.15967
SE26011300275,2026-01-13T16:44:55Z,2026-01-13T18:33:13Z,4,2026-01-13T16:17:16Z,2026-01-13T20:30:00Z,21,21,Determined upon crew arrival,In Progres,OUTAGE,Service Transformer,RFD,NORMAL,42.38631,-83.20463
SW26011300249,2026-01-13T16:44:55Z,2026-01-13T16:44:55Z,1,2026-01-13T16:00:52Z,2026-01-13T20:30:00Z,1,1,Determined upon crew arrival,In Progres,OUTAGE,Single Customer,WWS,NORMAL,42.31552,-83.36049
SW26011300253,2026-01-13T16:44:55Z,2026-01-13T19:00:26Z,5,2026-01-13T16:04:02Z,2026-01-13T20:35:00Z,1,1,Equipment problem,In Progres,OUTAGE,Single Customer,WWS,NORMAL,42.46832,-83.46312
SW26011300258,2026-01-13T16:44:55Z,2026-01-13T17:14:09Z,2,2026-01-13T16:07:53Z,2026-01-13T20:40:00Z,1,1,Determined upon crew arrival,In Progres,OUTAGE,Service Secondary,NPT,NORMAL,42.104,-83.3005
SW26011300261,2026-01-13T16:44:55Z,2026-01-13T19:31:13Z,6,2026-01-13T16:11:01Z,2026-01-13T20:40:00Z,1,1,Animal/bird damaged DTE equip,In Progres,OUTAGE,Single Customer,NPT,NORMAL,41.92652,-83.42798
SW26011300263,2026-01-13T16:44:55Z,2026-01-13T17:45:27Z,3,2026-01-13T16:11:22Z,2026-01-13T20:40:00Z,1,1,Determined upon crew arrival,In Progres,OUTAGE,Single Customer,WWS,NORMAL,42.28223,-83.33653
SW26011300265,2026-01-13T16:44:55Z,2026-01-13T17:14:09Z,2,2026-01-13T16:09:55Z,2026-01-13T20:45:00Z,2,2,Determined upon crew arrival,In Progres,OUTAGE,Service Secondary,NPT,NORMAL,42.104,-83.3005
NE26011300279,2026-01-13T17:14:09Z,2026-01-13T17:45:27Z,2,2026-01-13T16:31:10Z,2026-01-13T21:00:00Z,1,1,Determined upon crew arrival,In Progres,OUTAGE,Service Secondary,NAE,NORMAL,43.41768,-82.83791
NE26011300282,2026-01-13T17:14:09Z,2026-01-13T19:31:13Z,5,2026-01-13T16:32:43Z,2026-01-13T21:05:00Z,9,9,Determined upon crew arrival,In Progres,OUTAGE,Service Transformer,MAR,NORMAL,43.00037,-82.50938
NE26011300297,2026-01-13T17:14:09Z,2026-01-13T19:00:26Z,4,2026-01-13T14:59:11Z,2026-01-13T21:10:00Z,1,1,Equipment problem,In Progres,OUTAGE,Single Customer,NAE,NORMAL,43.35898,-83.48318
NE26011300299,2026-01-13T17:14:09Z,2026-01-13T18:33:13Z,3,2026-01-13T16:42:41Z,2026-01-13T21:15:00Z,1,1,Determined upon crew arrival,In Progres,OUTAGE,Single Customer,MTC,NORMAL,42.45832,-82.94076
NE26011300309,2026-01-13T17:14:09Z,2026-01-13T17:45:27Z,2,2026-01-13T16:50:51Z,2026-01-13T21:20:00Z,5,5,Determined upon crew arrival,In Progres,OUTAGE,Service Transformer,MAR,NORMAL,42.96381,-82.4475
NW26011300278,2026-01-13T17:14:09Z,2026-01-13T19:31:13Z,5,2026-01-13T16:21:45Z,2026-01-13T21:00:00Z,1,1,Determined upon crew arrival,In Progres,OUTAGE,Single Customer,PON,NORMAL,42.8639,-83.42715
NW26011300303,2026-01-13T17:14:09Z,2026-01-13T17:14:09Z,1,2026-01-13T16:45:23Z,2026-01-13T21:15:00Z,1,1,Determined upon crew arrival,In Progres,OUTAGE,Single Customer,SBY,NORMAL,42.54927,-83.05315
SE26011300291,2026-01-13T17:14:09Z,2026-01-13T17:45:27Z,2,2026-01-13T16:37:15Z,2026-01-13T21:10:00Z,2,2,Determined upon crew arrival,In Progres,OUTAGE,Service Secondary,RFD,NORMAL,42.43137,-83.30802
SE26011300296,2026-01-13T17:14:09Z,2026-01-13T17:45:27Z,2,2026-01-13T16:40:38Z,2026-01-13T21:10:00Z,1,1,Determined upon crew arrival,In Progres,OUTAGE,Single Customer,RFD,NORMAL,42.42956,-83.30244
SE26011300308,2026-01-13T17:14:09Z,2026-01-13T17:14:09Z,1,2026-01-13T16:49:40Z,2026-01-13T21:20:00Z,1,1,Determined upon crew arrival,In Progres,OUTAGE,Single Customer,CAN,NORMAL,42.43541,-82.99288
SE26011300317,2026-01-13T17:14:09Z,2026-01-13T17:14:09Z,1,2026-01-13T16:58:00Z,,582,582,Determined upon crew arrival,New,OUTAGE,Circuit Level,CAN,NORMAL,42.44692,-82.94475
SW26011300286,2026-01-13T17:14:09Z,2026-01-13T18:33:13Z,3,2026-01-13T16:31:57Z,2026-01-13T21:05:00Z,8,8,Determined upon crew arrival,In Progres,OUTAGE,Service Transformer,WWS,NORMAL,42.24378,-83.27794
SW26011300293,2026-01-13T17:14:09Z,2026-01-15T20:49:33Z,91,2026-01-13T16:38:30Z,2026-01-15T21:10:00Z,1,1,Equipment problem,In Progres,OUTAGE,Single Customer,NPT,NORMAL,41.93854,-83.38928
SW26011300302,2026-01-13T17:14:09Z,2026-01-13T17:45:27Z,2,2026-01-13T16:38:51Z,2026-01-13T21:15:00Z,21,21,Determined upon crew arrival,In Progres,OUTAGE,Service Transformer,WWS,NORMAL,42.33665,-83.38898
SW26011300314,2026-01-13T17:14:09Z,2026-01-13T23:52:00Z,16,2026-01-13T16:47:18Z,2026-01-14T09:25:00Z,1,1,Problem with the customer equip,In Progres,OUTAGE,Single Customer,ANN,NORMAL,42.25317,-83.70267
SW26011300318,2026-01-13T17:14:09Z,2026-01-13T17:14:09Z,1,2026-01-13T16:58:45Z,,23,23,Determined upon crew arrival,New,OUTAGE,Service Transformer,ANN,NORMAL,42.25652,-83.72176
NE26011300347,2026-01-13T17:45:27Z,2026-01-13T17:45:27Z,1,2026-01-13T17:25:16Z,2026-01-13T21:55:00Z,1,1,Determined upon crew arrival,New,OUTAGE,Single Customer,NAE,NORMAL,43.76333,-82.62102
NW26011300328,2026-01-13T17:45:27Z,2026-01-13T17:45:27Z,1,2026-01-13T17:09:15Z,2026-01-13T21:40:00Z,1,1,Determined upon crew arrival,In Progres,OUTAGE,Single Customer,PON,NORMAL,42.55956,-83.2261
NW26011300341,2026-01-13T17:45:27Z,2026-01-13T19:31:13Z,4,2026-01-13T17:09:00Z,2026-01-13T21:45:00Z,1,1,Equipment problem,In Progres,OUTAGE,Single Customer,PON,NORMAL,42.57142,-83.3245
NW26011300344,2026-01-13T17:45:27Z,2026-01-13T18:33:13Z,2,2026-01-13T17:21:17Z,2026-01-13T21:50:00Z,1,1,Determined upon crew arrival,In Progres,OUTAGE,Single Customer,PON,NORMAL,42.86368,-83.42536
SE26011300324,2026-01-13T17:45:27Z,2026-01-13T17:45:27Z,1,2026-01-13T17:07:17Z,2026-01-13T21:40:00Z,1,1,Determined upon crew arrival,In Progres,OUTAGE,Single Customer,RFD,NORMAL,42.37876,-83.17503
SE26011300343,2026-01-13T17:45:27Z,2026-01-13T17:45:27Z,1,2026-01-13T17:20:37Z,2026-01-13T21:50:00Z,1,1,Determined upon crew arrival,In Progres,OUTAGE,Single Customer,RFD,NORMAL,42.38599,-83.18324
SE26011300348,2026-01-13T17:45:27Z,2026-01-13T18:33:13Z,2,2026-01-13T17:25:26Z,2026-01-13T21:55:00Z,1,1,Determined upon crew arrival,In Progres,OUTAGE,Single Customer,CAN,NORMAL,42.43481,-82.9722
SW26011300323,2026-01-13T17:45:27Z,2026-01-13T18:33:13Z,2,2026-01-13T17:04:39Z,2026-01-13T21:40:00Z,37,37,Animal/bird damaged DTE equip,In Progres,OUTAGE,Device (II),ANN,NORMAL,42.31466,-83.65726
SW26011300346,2026-01-13T17:45:27Z,2026-01-13T18:33:13Z,2,2026-01-13T17:21:56Z,2026-01-13T21:50:00Z,1,1,Determined upon crew arrival,In Progres,OUTAGE,Single Customer,WWS,NORMAL,42.44312,-83.32659
NE26011300354,2026-01-13T18:33:13Z,2026-01-13T23:52:00Z,14,2026-01-13T17:32:42Z,2026-01-14T10:05:00Z,1,1,Equipment problem,In Progres,OUTAGE,Single Customer,NAE,NORMAL,43.93204,-82.70203
NE26011300389,2026-01-13T18:33:13Z,2026-01-13T20:49:12Z,6,2026-01-13T18:14:29Z,2026-01-13T22:45:00Z,1,1,Determined upon crew arrival,In Progres,OUTAGE,Single Customer,MTC,NORMAL,42.48378,-83.03138
NW26011300367,2026-01-13T18:33:13Z,2026-01-13T19:00:26Z,2,2026-01-13T17:49:40Z,2026-01-13T22:25:00Z,4,4,Determined upon crew arrival,In Progres,OUTAGE,Device (I),HWL,NORMAL,42.43124,-83.89161
NW26011300380,2026-01-13T18:33:13Z,2026-01-13T19:51:40Z,4,2026-01-13T18:04:36Z,2026-01-13T22:35:00Z,1,1,Determined upon crew arrival,In Progres,OUTAGE,Single Customer,SBY,NORMAL,42.7336,-83.04515
SE26011300350,2026-01-13T18:33:13Z,2026-01-13T18:33:13Z,1,2026-01-13T17:27:38Z,2026-01-13T22:00:00Z,1,1,Determined upon crew arrival,In Progres,OUTAGE,Single Customer,RFD,NORMAL,42.26606,-83.20301
SE26011300352,2026-01-13T18:33:13Z,2026-01-14T10:35:44Z,28,2026-01-13T17:31:30Z,2026-01-14T22:00:00Z,1,1,Determined upon crew arrival,In Progres,OUTAGE,Single Customer,RFD,NORMAL,42.3816,-83.18864
SE26011300353,2026-01-13T18:33:13Z,2026-01-13T19:00:26Z,2,2026-01-13T17:30:18Z,2026-01-13T22:00:00Z,1,1,Determined upon crew arrival,In Progres,OUTAGE,Single Customer,RFD,NORMAL,42.26289,-83.20537
SE26011300356,2026-01-13T18:33:13Z,2026-01-13T20:49:12Z,6,2026-01-13T17:35:55Z,2026-01-13T22:05:00Z,1,1,Determined upon crew arrival,In Progres,OUTAGE,Single Customer,RFD,NORMAL,42.42063,-83.29491
SE26011300358,2026-01-13T18:33:13Z,2026-01-13T19:31:13Z,3,2026-01-13T17:42:26Z,2026-01-13T22:15:00Z,1,1,Determined upon crew arrival,In Progres,OUTAGE,Service Secondary,CAN,NORMAL,42.43723,-82.99424
SE26011300364,2026-01-13T18:33:13Z,2026-01-13T19:00:26Z,2,2026-01-13T17:49:19Z,2026-01-13T22:20:00Z,1,1,Determined upon crew arrival,In Progres,OUTAGE,Single Customer,CAN,NORMAL,42.43782,-82.98687
SE26011300366,2026-01-13T18:33:13Z,2026-01-13T21:22:51Z,7,2026-01-13T17:51:35Z,2026-01-13T22:20:00Z,2,2,Determined upon crew arrival,In Progres,OUTAGE,Service Secondary,RFD,NORMAL,42.32826,-83.29018
SE26011300371,2026-01-13T18:33:13Z,2026-01-14T03:48:39Z,16,2026-01-13T17:57:06Z,2026-01-14T10:25:00Z,1,1,Determined upon crew arrival,In Progres,SERVICE DOWN NO,,RFD,NORMAL,42.45615,-83.2388
SE26011300386,2026-01-13T18:33:13Z,2026-01-13T18:33:13Z,1,2026-01-13T17:57:14Z,,1,1,Determined upon crew arrival,New,OUTAGE,Single Customer,RFD,NORMAL,42.36627,-83.20384
SW26011300384,2026-01-13T18:33:13Z,2026-01-13T22:23:57Z,10,2026-01-13T18:08:17Z,2026-01-13T22:40:00Z,1,1,Determined upon crew arrival,In Progres,OUTAGE,Single Customer,NPT,NORMAL,42.16493,-83.22786
SW26011300385,2026-01-13T18:33:13Z,2026-01-13T21:55:29Z,9,2026-01-13T18:12:16Z,2026-01-13T22:40:00Z,1,1,Equipment problem,In Progres,OUTAGE,Single Customer,NPT,NORMAL,42.16432,-83.22761
SW26011300387,2026-01-13T18:33:13Z,2026-01-13T21:22:51Z,7,2026-01-13T18:12:35Z,2026-01-13T22:45:00Z,1,1,Determined upon crew arrival,In Progres,PRIORITY,,NPT,NORMAL,42.16789,-83.22849
NE26011300401,2026-01-13T19:00:26Z,2026-01-13T19:00:26Z,1,2026-01-13T18:26:52Z,2026-01-13T22:55:00Z,1,1,Determined upon crew arrival,In Progres,OUTAGE,Single Customer,LAP,NORMAL,43.17687,-83.31109
SE26011300392,2026-01-13T19:00:26Z,2026-01-14T06:36:14Z,19,2026-01-13T06:05:03Z,2026-01-14T10:45:00Z,1,1,Determined upon crew arrival,In Progres,OUTAGE,Single Customer,CAN,NORMAL,42.44328,-82.94171
SW26011300418,2026-01-13T19:00:26Z,2026-01-13T22:47:29Z,10,2026-01-13T18:21:06Z,2026-01-13T23:15:00Z,4,4,Determined upon crew arrival,In Progres,OUTAGE,Service Transformer,NPT,NORMAL,42.16566,-83.2278
NW26011300429,2026-01-13T19:31:13Z,2026-01-14T13:41:03Z,31,2026-01-13T18:47:28Z,2026-01-14T23:20:00Z,1,1,Equipment problem,In Progres,OUTAGE,Single Customer,SBY,NORMAL,42.69422,-83.16313
NW26011300447,2026-01-13T19:31:13Z,2026-01-13T19:31:13Z,1,2026-01-13T19:08:40Z,2026-01-13T23:40:00Z,1,1,Determined upon crew arrival,New,OUTAGE,Single Customer,HWL,NORMAL,42.59812,-83.60616
SE26011300435,2026-01-13T19:31:13Z,2026-01-13T20:27:25Z,3,2026-01-13T13:52:10Z,2026-01-13T23:30:00Z,1,1,Determined upon crew arrival,In Progres,OUTAGE,Single Customer,RFD,NORMAL,42.43483,-83.25539
SE26011300443,2026-01-13T19:31:13Z,2026-01-14T04:48:00Z,15,2026-01-13T19:06:10Z,2026-01-14T11:35:00Z,1,1,Wind damage,In Progres,OUTAGE,Single Customer,RFD,NORMAL,42.41509,-83.21259
SE26011300449,2026-01-13T19:31:13Z,2026-01-13T22:47:29Z,9,2026-01-13T19:00:20Z,2026-01-13T23:40:00Z,1,1,Determined upon crew arrival,In Progres,OUTAGE,Single Customer,RFD,NORMAL,42.38536,-83.2046
SE26011300451,2026-01-13T19:31:13Z,2026-01-14T07:37:55Z,20,2026-01-13T19:12:32Z,2026-01-14T11:45:00Z,1,1,Determined upon crew arrival,In Progres,OUTAGE,Single Customer,CAN,NORMAL,42.36825,-82.98765
SE26011300453,2026-01-13T19:31:13Z,2026-01-13T19:31:13Z,1,2026-01-13T19:14:03Z,,1,1,Determined upon crew arrival,New,OUTAGE,Single Customer,CAN,NORMAL,42.37465,-83.1177
SE26011300463,2026-01-13T19:51:40Z,2026-01-13T19:51:40Z,1,2026-01-13T19:25:11Z,2026-01-13T23:55:00Z,1,1,Determined upon crew arrival,PC3 Verifi,OUTAGE,Single Customer,CAN,NORMAL,42.35159,-83.06483
SE26011300469,2026-01-13T19:51:40Z,2026-01-13T23:20:43Z,9,2026-01-13T18:23:40Z,2026-01-14T00:00:00Z,4,4,Equipment problem,In Progres,OUTAGE,Service Transformer,RFD,NORMAL,42.38627,-83.20219
SE26011300472,2026-01-13T19:51:40Z,2026-01-15T01:49:49Z,53,2026-01-13T19:29:35Z,2026-01-15T12:05:00Z,1,1,Determined upon crew arrival,In Progres,OUTAGE,Single Customer,CAN,NORMAL,42.42688,-82.96428
SE26011300479,2026-01-13T19:51:40Z,2026-01-13T19:51:40Z,1,2026-01-13T19:39:29Z,2026-01-14T00:10:00Z,1,1,Determined upon crew arrival,New,OUTAGE,Single Customer,CAN,NORMAL,42.39858,-82.89082
SE26011300481,2026-01-13T19:51:40Z,2026-01-14T05:49:53Z,16,2026-01-13T19:37:37Z,2026-01-14T08:10:00Z,403,10,Determined upon crew arrival,In Progres,OUTAGE,Circuit Level,CAN,NORMAL,42.40132,-82.89885
SE26011300491,2026-01-13T19:51:40Z,2026-01-14T01:54:34Z,12,2026-01-13T19:45:00Z,2026-01-14T12:15:00Z,1,1,Equipment problem,In Progres,OUTAGE,Single Customer,CAN,NORMAL,42.41734,-82.94612
SW26011300464,2026-01-13T19:51:40Z,2026-01-14T01:54:34Z,12,2026-01-13T19:27:30Z,2026-01-14T12:00:00Z,1,1,Determined upon crew arrival,In Progres,OUTAGE,Single Customer,NPT,NORMAL,42.07459,-83.22203
NE26011300578,2026-01-13T20:27:25Z,2026-01-13T20:49:12Z,2,2026-01-13T20:07:09Z,2026-01-14T00:35:00Z,2262,2262,Determined upon crew arrival,In Progres,OUTAGE,Circuit Level,MTC,NORMAL,42.45994,-83.05333
NE26011300582,2026-01-13T20:27:25Z,2026-01-13T20:49:12Z,2,2026-01-13T20:07:03Z,2026-01-14T00:40:00Z,18,18,Determined upon crew arrival,New,OUTAGE,Service Transformer,MTC,NORMAL,42.45604,-83.05071
NE26011300584,2026-01-13T20:27:25Z,2026-01-13T20:49:12Z,2,2026-01-13T20:07:03Z,2026-01-14T00:40:00Z,11,11,Determined upon crew arrival,New,OUTAGE,Service Transformer,MTC,NORMAL,42.4572,-83.05076
NE26011300585,2026-01-13T20:27:25Z,2026-01-13T20:49:12Z,2,2026-01-13T20:07:08Z,2026-01-14T00:40:00Z,1,1,Determined upon crew arrival,PC3 Verifi,OUTAGE,Single Customer,MTC,NORMAL,42.47651,-83.04854
NE26011300586,2026-01-13T20:27:25Z,2026-01-14T03:48:39Z,12,2026-01-13T20:09:59Z,2026-01-14T04:40:00Z,1,1,Determined upon crew arrival,In Progres,PRIORITY,,MTC,NORMAL,42.44827,-83.05933
NE26011300588,2026-01-13T20:27:25Z,2026-01-14T01:54:34Z,11,2026-01-13T20:10:19Z,2026-01-14T04:40:00Z,1,1,Determined upon crew arrival,In Progres,PRIORITY,,MTC,NORMAL,42.44911,-83.06487
NE26011300589,2026-01-13T20:27:25Z,2026-01-13T20:49:12Z,2,2026-01-13T20:07:07Z,2026-01-14T00:40:00Z,10,10,Determined upon crew arrival,New,OUTAGE,Service Transformer,MTC,NORMAL,42.4596,-83.05087
NE26011300592,2026-01-13T20:27:25Z,2026-01-13T20:49:12Z,2,2026-01-13T20:07:04Z,2026-01-14T00:40:00Z,1,1,Determined upon crew arrival,PC3 Verifi,OUTAGE,Single Customer,MTC,NORMAL,42.46948,-83.05843
NE26011300595,2026-01-13T20:27:25Z,2026-01-14T01:54:34Z,11,2026-01-13T20:12:24Z,2026-01-14T04:40:00Z,1,1,Determined upon crew arrival,In Progres,PRIORITY,,MTC,NORMAL,42.45518,-83.05073
NE26011300596,2026-01-13T20:27:25Z,2026-01-13T22:47:29Z,7,2026-01-13T20:07:14Z,2026-01-14T00:45:00Z,3,3,Determined upon crew arrival,Pending,OUTAGE,Service Transformer,MTC,NORMAL,42.45127,-83.06406
NE26011300600,2026-01-13T20:27:25Z,2026-01-13T20:49:12Z,2,2026-01-13T20:07:03Z,2026-01-14T00:45:00Z,13,13,Determined upon crew arrival,New,OUTAGE,Service Transformer,MTC,NORMAL,42.4586,-83.05082
NE26011300601,2026-01-13T20:27:25Z,2026-01-13T20:49:12Z,2,2026-01-13T20:07:04Z,2026-01-14T00:45:00Z,18,18,Determined upon crew arrival,New,OUTAGE,Service Transformer,MTC,NORMAL,42.47723,-83.05241
NE26011300602,2026-01-13T20:27:25Z,2026-01-13T21:55:29Z,5,2026-01-13T19:57:26Z,2026-01-14T00:45:00Z,1,1,Determined upon crew arrival,In Progres,OUTAGE,Single Customer,MTC,NORMAL,42.54275,-82.9486
SE26011300493,2026-01-13T20:27:25Z,2026-01-13T20:49:12Z,2,2026-01-13T19:45:20Z,2026-01-14T00:15:00Z,279,279,Equipment problem,In Progres,OUTAGE,Device (II),RFD,NORMAL,42.41756,-83.20561
SE26011300502,2026-01-13T20:27:25Z,2026-01-14T04:48:00Z,13,2026-01-13T19:48:24Z,2026-01-14T08:20:00Z,1,1,Determined upon crew arrival,In Progres,PRIORITY,,RFD,NORMAL,42.43396,-83.17461
SE26011300506,2026-01-13T20:27:25Z,2026-01-13T21:55:29Z,5,2026-01-13T14:31:41Z,2026-01-14T00:20:00Z,1,1,Determined upon crew arrival,In Progres,OUTAGE,Single Customer,RFD,NORMAL,42.42553,-83.17332
SE26011300538,2026-01-13T20:27:25Z,2026-01-14T01:54:34Z,11,2026-01-13T19:54:39Z,2026-01-14T04:25:00Z,1,1,Determined upon crew arrival,In Progres,PRIORITY,,RFD,NORMAL,42.43396,-83.17461
SE26011300581,2026-01-13T20:27:25Z,2026-01-14T20:57:44Z,45,2026-01-13T20:08:48Z,2026-01-15T00:40:00Z,1,1,Equipment problem,In Progres,OUTAGE,Single Customer,RFD,NORMAL,42.41507,-83.28287
SW26011300575,2026-01-13T20:27:25Z,2026-01-13T22:47:29Z,7,2026-01-13T20:06:22Z,2026-01-14T00:35:00Z,14,14,Determined upon crew arrival,In Progres,OUTAGE,Service Transformer,ANN,NORMAL,42.23353,-83.57524
SW26011300594,2026-01-13T20:27:25Z,2026-01-13T20:27:25Z,1,2026-01-13T19:56:53Z,2026-01-14T00:40:00Z,1,1,Determined upon crew arrival,New,OUTAGE,Single Customer,ANN,NORMAL,42.1453,-83.77751
NE26011300613,2026-01-13T20:49:12Z,2026-01-13T20:49:12Z,1,2026-01-13T20:21:17Z,2026-01-14T00:50:00Z,1,1,Determined upon crew arrival,New,OUTAGE,Service Transformer,MTC,NORMAL,42.45518,-83.05073
NE26011300617,2026-01-13T20:49:12Z,2026-01-13T20:49:12Z,1,2026-01-13T20:07:04Z,2026-01-14T00:50:00Z,13,13,Determined upon crew arrival,New,OUTAGE,Service Transformer,MTC,NORMAL,42.47619,-83.04852
NE26011300618,2026-01-13T20:49:12Z,2026-01-13T22:23:57Z,5,2026-01-13T20:07:11Z,2026-01-14T00:50:00Z,2,2,Determined upon crew arrival,Pending,OUTAGE,Service Transformer,MTC,NORMAL,42.48397,-83.03923
NE26011300629,2026-01-13T20:49:12Z,2026-01-13T20:49:12Z,1,2026-01-13T20:28:05Z,,1,1,Determined upon crew arrival,PC3 Verifi,OUTAGE,Single Customer,MTC,NORMAL,42.47292,-83.03689
SE26011300626,2026-01-13T20:49:12Z,2026-01-13T20:49:12Z,1,2026-01-13T20:26:19Z,2026-01-14T00:55:00Z,1,1,Determined upon crew arrival,New,OUTAGE,Single Customer,RFD,NORMAL,42.42235,-83.20755
SE26011300627,2026-01-13T20:49:12Z,2026-01-13T20:49:12Z,1,2026-01-13T20:27:14Z,,1,1,Determined upon crew arrival,New,OUTAGE,Single Customer,RFD,NORMAL,42.41981,-83.22644
SW26011300622,2026-01-13T20:49:12Z,2026-01-13T21:55:29Z,4,2026-01-13T20:20:25Z,2026-01-14T00:55:00Z,16,16,Determined upon crew arrival,In Progres,OUTAGE,Service Transformer,WWS,NORMAL,42.21309,-83.26331
NE26011300659,2026-01-13T21:22:51Z,2026-01-13T21:22:51Z,1,2026-01-13T20:17:54Z,2026-01-14T01:20:00Z,681,681,Determined upon crew arrival,PC3 Verifi,OUTAGE,Device (II),MTC,NORMAL,42.4537,-83.04893
NE26011300680,2026-01-13T21:22:51Z,2026-01-13T21:43:57Z,2,2026-01-13T20:23:36Z,2026-01-14T01:30:00Z,1,1,Determined upon crew arrival,In Progres,OUTAGE,Single Customer,MTC,NORMAL,42.45785,-83.04954
NE26011300689,2026-01-13T21:22:51Z,2026-01-13T22:47:29Z,5,2026-01-13T21:02:28Z,2026-01-14T01:35:00Z,1,1,Determined upon crew arrival,Pending,OUTAGE,Single Customer,MTC,NORMAL,42.46908,-83.05446
NE26011300694,2026-01-13T21:22:51Z,2026-01-14T17:03:25Z,34,2026-01-13T21:06:20Z,2026-01-15T01:35:00Z,1,1,Determined upon crew arrival,In Progres,SERVICE DOWN NO,,LAP,NORMAL,42.86528,-83.13165
NE26011300701,2026-01-13T21:22:51Z,2026-01-13T22:23:57Z,4,2026-01-13T21:12:05Z,2026-01-14T01:40:00Z,1,1,Determined upon crew arrival,Pending,OUTAGE,Single Customer,MTC,NORMAL,42.48568,-83.03889
NW26011300652,2026-01-13T21:22:51Z,2026-01-14T05:49:53Z,13,2026-01-13T20:44:50Z,2026-01-14T09:15:00Z,1,1,Equipment problem,In Progres,PRIORITY,,PON,NORMAL,42.63548,-83.67612
NW26011300665,2026-01-13T21:22:51Z,2026-01-13T22:23:57Z,4,2026-01-13T20:53:37Z,2026-01-14T01:25:00Z,348,4,Determined upon crew arrival,In Progres,OUTAGE,Device (II),PON,NORMAL,42.85723,-83.51916
NW26011300699,2026-01-13T21:22:51Z,2026-01-13T22:23:57Z,4,2026-01-13T21:09:44Z,2026-01-14T01:40:00Z,119,119,Determined upon crew arrival,In Progres,OUTAGE,Device (II),PON,NORMAL,42.85775,-83.49018
NW26011300703,2026-01-13T21:22:51Z,2026-01-13T21:22:51Z,1,2026-01-13T20:58:47Z,,1,1,Determined upon crew arrival,New,OUTAGE,Single Customer,PON,NORMAL,42.55909,-83.1186
SE26011300646,2026-01-13T21:22:51Z,2026-01-14T01:54:34Z,9,2026-01-13T20:38:12Z,2026-01-14T13:10:00Z,1,1,Determined upon crew arrival,In Progres,OUTAGE,Single Customer,RFD,NORMAL,42.34239,-83.2591
SE26011300655,2026-01-13T21:22:51Z,2026-01-14T09:02:08Z,19,2026-01-13T20:45:58Z,2026-01-14T13:15:00Z,1,1,Equipment problem,In Progres,OUTAGE,Single Customer,CAN,NORMAL,42.42747,-82.98037
SE26011300666,2026-01-13T21:22:51Z,2026-01-14T07:53:44Z,17,2026-01-13T20:54:14Z,2026-01-14T13:25:00Z,1,1,Equipment problem,In Progres,OUTAGE,Single Customer,CAN,NORMAL,42.35556,-83.11415
SE26011300683,2026-01-13T21:22:51Z,2026-01-13T21:22:51Z,1,2026-01-13T20:59:31Z,2026-01-14T01:30:00Z,1,1,Determined upon crew arrival,New,OUTAGE,Single Customer,CAN,NORMAL,42.39931,-83.06857
SE26011300686,2026-01-13T21:22:51Z,2026-01-14T17:57:43Z,36,2026-01-13T20:58:42Z,2026-01-15T01:30:00Z,1,1,Problem with the customer equip,In Progres,OUTAGE,Single Customer,RFD,NORMAL,42.40017,-83.27879
SW26011300650,2026-01-13T21:22:51Z,2026-01-13T22:23:57Z,4,2026-01-13T20:44:18Z,2026-01-14T01:15:00Z,1,1,Determined upon crew arrival,In Progres,OUTAGE,Single Customer,WWS,NORMAL,42.31059,-83.39538
NE26011300724,2026-01-13T21:43:57Z,2026-01-14T15:55:59Z,31,2026-01-12T20:33:17Z,2026-01-15T02:00:00Z,1,1,Equipment problem,In Progres,OUTAGE,Single Customer,MTC,NORMAL,42.48227,-83.0283
SE26011300710,2026-01-13T21:43:57Z,2026-01-14T01:54:34Z,8,2026-01-13T21:19:24Z,2026-01-14T01:50:00Z,1,1,Determined upon crew arrival,PC3 Verifi,OUTAGE,Single Customer,CAN,NORMAL,42.42654,-83.00475
SE26011300716,2026-01-13T21:43:57Z,2026-01-13T21:43:57Z,1,2026-01-13T19:52:01Z,2026-01-14T01:55:00Z,1,1,Determined upon crew arrival,New,OUTAGE,Single Customer,RFD,NORMAL,42.41835,-83.20521
SE26011300720,2026-01-13T21:43:57Z,2026-01-14T01:54:34Z,8,2026-01-13T21:26:46Z,2026-01-14T01:55:00Z,15,15,Determined upon crew arrival,In Progres,OUTAGE,Service Transformer,RFD,NORMAL,42.41643,-83.20833
SE26011300726,2026-01-13T21:43:57Z,2026-01-14T01:54:34Z,8,2026-01-13T21:29:30Z,2026-01-14T02:00:00Z,1,1,Equipment problem,In Progres,SERVICE DOWN NO,,CAN,NORMAL,42.33936,-83.11309
SW26011300725,2026-01-13T21:43:57Z,2026-01-14T01:54:34Z,8,2026-01-13T21:28:54Z,2026-01-14T02:00:00Z,1,1,Determined upon crew arrival,In Progres,OUTAGE,Single Customer,WWS,NORMAL,42.27797,-83.38959
NE26011300745,2026-01-13T21:55:29Z,2026-01-13T23:52:00Z,6,2026-01-13T20:23:36Z,2026-01-14T02:10:00Z,1,1,Determined upon crew arrival,Pending,OUTAGE,Single Customer,MTC,NORMAL,42.45785,-83.04954
NW26011300730,2026-01-13T21:55:29Z,2026-01-14T03:48:39Z,8,2026-01-13T20:58:47Z,2026-01-14T06:05:00Z,3,3,Equipment problem,In Progres,OUTAGE,Device (II),PON,NORMAL,42.56006,-83.11971
NW26011300741,2026-01-13T21:55:29Z,2026-01-14T04:48:00Z,9,2026-01-13T21:36:32Z,2026-01-14T14:05:00Z,1,1,Equipment problem,In Progres,OUTAGE,Single Customer,PON,NORMAL,42.53849,-83.23757
NW26011300750,2026-01-13T21:55:29Z,2026-01-13T23:52:00Z,6,2026-01-13T21:39:29Z,2026-01-14T02:10:00Z,1,1,Determined upon crew arrival,In Progres,OUTAGE,Single Customer,PON,NORMAL,42.86005,-83.48475
SE26011300752,2026-01-13T21:55:29Z,2026-01-13T23:52:00Z,6,2026-01-13T21:10:36Z,2026-01-14T02:10:00Z,1,1,Determined upon crew arrival,In Progres,OUTAGE,Single Customer,RFD,NORMAL,42.21071,-83.19836
SW26011300753,2026-01-13T21:55:29Z,2026-01-14T15:01:10Z,28,2026-01-13T20:58:36Z,2026-01-15T02:10:00Z,1,1,Equipment problem,In Progres,OUTAGE,Single Customer,WWS,NORMAL,42.28414,-83.30852
SE26011300765,2026-01-13T22:23:57Z,2026-01-14T09:58:35Z,18,2026-01-13T21:53:12Z,2026-01-14T14:25:00Z,1,1,Determined upon crew arrival,In Progres,OUTAGE,Single Customer,RFD,NORMAL,42.45615,-83.0876
SW26011300772,2026-01-13T22:23:57Z,2026-01-13T22:23:57Z,1,2026-01-13T21:57:26Z,2026-01-14T02:35:00Z,12,12,Determined upon crew arrival,In Progres,OUTAGE,Service Transformer,NPT,NORMAL,42.11439,-83.27396
SW26011300774,2026-01-13T22:23:57Z,2026-01-13T22:47:29Z,2,2026-01-13T22:10:34Z,2026-01-14T02:40:00Z,1,1,Determined upon crew arrival,In Progres,OUTAGE,Single Customer,ANN,NORMAL,42.41539,-83.98556
NW26011300789,2026-01-13T22:47:29Z,2026-01-13T22:47:29Z,1,2026-01-13T20:56:17Z,,123,123,Determined upon crew arrival,In Progres,OUTAGE,Device (II),PON,NORMAL,42.85151,-83.4938
SW26011300784,2026-01-13T22:47:29Z,2026-01-13T23:52:00Z,4,2026-01-13T20:51:32Z,2026-01-14T02:55:00Z,1,1,Determined upon crew arrival,In Progres,OUTAGE,Single Customer,WWS,NORMAL,42.46998,-83.48121
SW26011300788,2026-01-13T22:47:29Z,2026-01-13T23:52:00Z,4,2026-01-13T22:28:15Z,2026-01-14T03:00:00Z,1,1,Determined upon crew arrival,In Progres,OUTAGE,Single Customer,WWS,NORMAL,42.40327,-83.42149
SW26011300790,2026-01-13T22:47:29Z,2026-01-13T23:52:00Z,4,2026-01-13T22:14:07Z,2026-01-14T03:00:00Z,1,1,Determined upon crew arrival,In Progres,OUTAGE,Single Customer,ANN,NORMAL,42.30414,-83.82888
NE26011300800,2026-01-13T23:20:43Z,2026-01-13T23:52:00Z,3,2026-01-13T22:39:52Z,2026-01-14T03:15:00Z,1,1,Determined upon crew arrival,In Progres,OUTAGE,Single Customer,MTC,NORMAL,42.62552,-82.87093
NE26011300808,2026-01-13T23:20:43Z,2026-01-13T23:52:00Z,3,2026-01-13T22:57:51Z,2026-01-14T03:30:00Z,1,1,Determined upon crew arrival,In Progres,OUTAGE,Single Customer,MTC,NORMAL,42.60947,-82.94433
NW26011300807,2026-01-13T23:20:43Z,2026-01-14T01:54:34Z,4,2026-01-13T22:57:22Z,2026-01-14T03:25:00Z,1,1,Equipment problem,In Progres,OUTAGE,Single Customer,PON,NORMAL,42.80215,-83.45348
NW26011300812,2026-01-13T23:20:43Z,2026-01-13T23:20:43Z,1,2026-01-13T21:19:34Z,2026-01-14T03:35:00Z,1,1,Determined upon crew arrival,New,OUTAGE,Single Customer,PON,NORMAL,42.85155,-83.49059
SE26011300791,2026-01-13T23:20:43Z,2026-01-14T01:54:34Z,4,2026-01-13T21:17:41Z,2026-01-14T03:00:00Z,1,1,Determined upon crew arrival,In Progres,OUTAGE,Single Customer,CAN,NORMAL,42.36851,-82.93946
SE26011300793,2026-01-13T23:20:43Z,2026-01-14T10:35:44Z,17,2026-01-13T22:32:14Z,2026-01-14T15:00:00Z,1,1,Determined upon crew arrival,In Progres,OUTAGE,Single Customer,RFD,NORMAL,42.48057,-83.19242
SE26011300796,2026-01-13T23:20:43Z,2026-01-13T23:40:41Z,2,2026-01-13T22:22:34Z,2026-01-14T03:10:00Z,1,1,Determined upon crew arrival,PC3 Verifi,OUTAGE,Single Customer,RFD,NORMAL,42.38635,-83.20339
SE26011300797,2026-01-13T23:20:43Z,2026-01-14T01:54:34Z,4,2026-01-13T20:51:21Z,2026-01-14T03:10:00Z,1,1,Determined upon crew arrival,In Progres,OUTAGE,Single Customer,RFD,NORMAL,42.39968,-83.14966
SE26011300803,2026-01-13T23:20:43Z,2026-01-14T09:58:35Z,16,2026-01-13T22:47:08Z,2026-01-14T15:15:00Z,1,1,Determined upon crew arrival,In Progres,SERVICE DOWN NO,,CAN,NORMAL,42.38113,-83.09673
SE26011300804,2026-01-13T23:20:43Z,2026-01-13T23:20:43Z,1,2026-01-13T16:15:37Z,2026-01-14T03:25:00Z,1,1,Determined upon crew arrival,New,OUTAGE,Single Customer,RFD,NORMAL,42.41727,-83.23225
SE26011300810,2026-01-13T23:20:43Z,2026-01-14T01:54:34Z,4,2026-01-13T23:00:17Z,2026-01-14T03:30:00Z,1,1,Determined upon crew arrival,In Progres,OUTAGE,Single Customer,RFD,NORMAL,42.3233,-83.18305
SE26011300815,2026-01-13T23:20:43Z,2026-01-14T23:40:05Z,44,2026-01-13T23:09:06Z,2026-01-15T03:40:00Z,1,1,Determined upon crew arrival,In Progres,SERVICE DOWN NO,,CAN,NORMAL,42.42586,-82.95241
SE26011300816,2026-01-13T23:20:43Z,2026-01-13T23:40:41Z,2,2026-01-13T23:09:36Z,2026-01-14T03:40:00Z,1,1,Determined upon crew arrival,PC3 Verifi,OUTAGE,Single Customer,RFD,NORMAL,42.4174,-83.20838
SE26011300829,2026-01-13T23:52:00Z,2026-01-14T05:49:53Z,6,2026-01-13T20:55:53Z,2026-01-14T16:05:00Z,1,1,Equipment problem,In Progres,OUTAGE,Single Customer,RFD,NORMAL,42.24725,-83.20495
SE26011300833,2026-01-13T23:52:00Z,2026-01-13T23:52:00Z,1,2026-01-13T22:22:34Z,2026-01-14T04:10:00Z,1,1,Determined upon crew arrival,New,OUTAGE,Single Customer,RFD,NORMAL,42.38627,-83.20219
SW26011300832,2026-01-13T23:52:00Z,2026-01-13T23:52:00Z,1,2026-01-13T23:11:00Z,2026-01-14T04:05:00Z,1,1,Determined upon crew arrival,New,OUTAGE,Single Customer,WWS,NORMAL,42.19391,-83.47542
NW26011300853,2026-01-14T01:54:34Z,2026-01-14T17:03:25Z,26,2026-01-14T01:06:44Z,2026-01-14T17:35:00Z,1,1,Equipment problem,In Progres,OUTAGE,Single Customer,PON,NORMAL,42.53335,-83.41206
NW26011300859,2026-01-14T01:54:34Z,2026-01-14T01:54:34Z,1,2026-01-14T01:38:24Z,2026-01-14T06:10:00Z,1,1,Determined upon crew arrival,New,OUTAGE,Single Customer,PON,NORMAL,42.63525,-83.67612
SE26011300848,2026-01-14T01:54:34Z,2026-01-14T01:54:34Z,1,2026-01-14T00:31:53Z,2026-01-14T05:00:00Z,1,1,Determined upon crew arrival,Pending,OUTAGE,Single Customer,RFD,NORMAL,42.40228,-83.1449
SW26011300842,2026-01-14T01:54:34Z,2026-01-14T14:01:51Z,20,2026-01-14T00:08:54Z,2026-01-14T16:40:00Z,1,1,Lightning strike,Pending,OUTAGE,Single Customer,WWS,NORMAL,42.20356,-83.52423
SW26011300847,2026-01-14T01:54:34Z,2026-01-14T03:48:39Z,2,2026-01-13T16:32:01Z,2026-01-14T05:00:00Z,8,8,Equipment problem,Pending,OUTAGE,Service Transformer,WWS,NORMAL,42.24378,-83.27794
SW26011300854,2026-01-14T01:54:34Z,2026-01-14T19:31:21Z,31,2026-01-14T01:22:50Z,2026-01-15T05:55:00Z,1,1,Equipment problem,In Progres,OUTAGE,Single Customer,NPT,NORMAL,42.05979,-83.21318
SE26011300861,2026-01-14T03:48:39Z,2026-01-14T17:03:25Z,25,2026-01-14T01:46:18Z,2026-01-14T18:15:00Z,1,1,Equipment problem,In Progres,OUTAGE,Single Customer,RFD,NORMAL,42.32467,-83.25827
SE26011300872,2026-01-14T03:48:39Z,2026-01-14T05:49:53Z,4,2026-01-13T19:48:53Z,2026-01-14T06:50:00Z,18,18,Determined upon crew arrival,In Progres,OUTAGE,Device (I),CAN,NORMAL,42.40502,-82.90074
SE26011300877,2026-01-14T03:48:39Z,2026-01-14T23:19:09Z,39,2026-01-14T02:37:40Z,2026-01-15T07:10:00Z,1,1,Determined upon crew arrival,In Progres,OUTAGE,Single Customer,RFD,NORMAL,42.43983,-83.14336
SE26011300880,2026-01-14T03:48:39Z,2026-01-14T12:50:38Z,17,2026-01-14T00:31:53Z,2026-01-14T19:25:00Z,1,1,Determined upon crew arrival,In Progres,OUTAGE,Single Customer,RFD,NORMAL,42.40228,-83.1449
SW26011300862,2026-01-14T03:48:39Z,2026-01-14T09:43:46Z,11,2026-01-14T01:46:28Z,2026-01-14T10:15:00Z,19,19,Public Interference w/DTE equip,In Progres,OUTAGE,Service Transformer,WWS,NORMAL,42.52185,-83.49941
SW26011300867,2026-01-14T03:48:39Z,2026-01-14T14:01:51Z,19,2026-01-14T02:04:53Z,2026-01-14T18:35:00Z,1,1,Equipment problem,In Progres,OUTAGE,Single Customer,WWS,NORMAL,42.22114,-83.29584
SW26011300873,2026-01-14T03:48:39Z,2026-01-14T07:53:44Z,8,2026-01-14T02:07:19Z,2026-01-14T10:50:00Z,10,10,Determined upon crew arrival,In Progres,OUTAGE,Service Transformer,WWS,NORMAL,42.36887,-83.38527
SE26011300891,2026-01-14T05:26:15Z,2026-01-14T14:01:51Z,17,2026-01-12T23:24:30Z,2026-01-14T21:05:00Z,1,1,Determined upon crew arrival,In Progres,OUTAGE,Single Customer,CAN,NORMAL,42.4164,-83.13088
SE26011300907,2026-01-14T05:26:15Z,2026-01-14T05:49:53Z,2,2026-01-14T04:55:59Z,2026-01-14T09:25:00Z,1,1,Determined upon crew arrival,New,OUTAGE,Single Customer,RFD,NORMAL,42.25639,-83.14932
SW26011300905,2026-01-14T05:26:15Z,2026-01-14T05:49:53Z,2,2026-01-14T04:52:51Z,2026-01-14T09:25:00Z,1,1,Determined upon crew arrival,In Progres,OUTAGE,Single Customer,WWS,NORMAL,42.43209,-83.31942
SE26011400004,2026-01-14T05:49:53Z,2026-01-14T14:44:28Z,17,2026-01-13T16:15:37Z,2026-01-14T22:05:00Z,1,1,Determined upon crew arrival,In Progres,OUTAGE,Single Customer,RFD,NORMAL,42.41727,-83.23225
SE26011400007,2026-01-14T07:02:08Z,2026-01-14T07:02:08Z,1,2026-01-13T20:55:53Z,,1,1,Determined upon crew arrival,New,OUTAGE,Single Customer,RFD,NORMAL,42.24725,-83.20495
SE26011400011,2026-01-14T07:53:44Z,2026-01-14T07:53:44Z,1,2026-01-14T07:26:45Z,2026-01-14T12:10:00Z,1,1,Determined upon crew arrival,New,OUTAGE,Single Customer,CAN,NORMAL,42.41716,-83.1168
SW26011400015,2026-01-14T09:02:08Z,2026-01-14T11:46:13Z,7,2026-01-14T08:32:13Z,2026-01-14T13:05:00Z,48,48,Equipment problem,In Progres,OUTAGE,Device (I),WWS,NORMAL,42.31452,-83.46114
SW26011400018,2026-01-14T09:58:35Z,2026-01-14T20:57:44Z,23,2026-01-14T09:36:47Z,2026-01-15T02:05:00Z,1,1,Equipment problem,In Progres,OUTAGE,Single Customer,NPT,NORMAL,42.10728,-83.23246
SW26011400019,2026-01-14T09:58:35Z,2026-01-14T10:58:10Z,3,2026-01-14T04:52:51Z,2026-01-14T14:05:00Z,1,1,Determined upon crew arrival,New,OUTAGE,Single Customer,WWS,NORMAL,42.43209,-83.31942
SW26011400026,2026-01-14T11:29:33Z,2026-01-14T15:55:59Z,9,2026-01-14T11:01:41Z,2026-01-15T03:30:00Z,1,1,Equipment problem,In Progres,OUTAGE,Single Customer,ANN,NORMAL,42.28301,-83.74773
SE26011400037,2026-01-14T12:50:38Z,2026-01-14T16:35:18Z,8,2026-01-13T20:04:21Z,2026-01-14T16:45:00Z,1,1,Equipment problem,In Progres,OUTAGE,Single Customer,RFD,NORMAL,42.27035,-83.24149
SE26011400044,2026-01-14T12:50:38Z,2026-01-14T15:38:08Z,6,2026-01-13T21:10:36Z,2026-01-14T17:10:00Z,1,1,Determined upon crew arrival,In Progres,OUTAGE,Single Customer,RFD,NORMAL,42.21071,-83.19836
NE26011400058,2026-01-14T13:41:03Z,2026-01-14T15:01:10Z,4,2026-01-14T13:22:31Z,2026-01-14T17:55:00Z,113,113,Equipment problem,In Progres,OUTAGE,Device (II),MAR,NORMAL,42.97213,-82.78467
NE26011400061,2026-01-14T13:41:03Z,2026-01-14T13:41:03Z,1,2026-01-14T13:23:22Z,2026-01-14T17:55:00Z,1,1,Determined upon crew arrival,New,OUTAGE,Single Customer,MAR,NORMAL,42.9705,-82.78538
NE26011400064,2026-01-14T13:41:03Z,2026-01-14T13:41:03Z,1,2026-01-14T13:25:01Z,2026-01-14T17:55:00Z,1,1,Determined upon crew arrival,New,OUTAGE,Single Customer,MTC,NORMAL,42.46686,-82.94406
NE26011400065,2026-01-14T13:41:03Z,2026-01-14T13:41:03Z,1,2026-01-14T13:25:20Z,2026-01-14T17:55:00Z,1,1,Determined upon crew arrival,New,OUTAGE,Single Customer,MAR,NORMAL,42.97018,-82.75778
NE26011400066,2026-01-14T13:41:03Z,2026-01-14T13:41:03Z,1,2026-01-14T13:25:29Z,2026-01-14T17:55:00Z,1,1,Determined upon crew arrival,New,OUTAGE,Single Customer,MAR,NORMAL,42.9705,-82.76898
NE26011400067,2026-01-14T13:41:03Z,2026-01-14T13:41:03Z,1,2026-01-14T13:26:08Z,2026-01-14T17:55:00Z,1,1,Determined upon crew arrival,New,OUTAGE,Single Customer,MAR,NORMAL,42.97386,-82.76402
NE26011400068,2026-01-14T13:41:03Z,2026-01-14T13:41:03Z,1,2026-01-14T13:26:42Z,2026-01-14T17:55:00Z,1,1,Determined upon crew arrival,New,OUTAGE,Single Customer,MAR,NORMAL,42.97407,-82.78494
NE26011400070,2026-01-14T13:41:03Z,2026-01-14T13:41:03Z,1,2026-01-14T13:27:48Z,,1,1,Determined upon crew arrival,New,OUTAGE,Single Customer,MAR,NORMAL,42.98923,-82.76663
NE26011400071,2026-01-14T13:41:03Z,2026-01-14T13:41:03Z,1,2026-01-14T13:27:53Z,,1,1,Determined upon crew arrival,New,OUTAGE,Single Customer,MAR,NORMAL,42.9731,-82.7923
NE26011400073,2026-01-14T13:41:03Z,2026-01-14T13:41:03Z,1,2026-01-14T13:28:43Z,,1,1,Determined upon crew arrival,New,OUTAGE,Single Customer,MAR,NORMAL,42.98685,-82.76558
NE26011400075,2026-01-14T13:41:03Z,2026-01-14T13:41:03Z,1,2026-01-14T13:29:25Z,,1,1,Determined upon crew arrival,New,OUTAGE,Single Customer,MAR,NORMAL,42.98433,-82.76605
NE26011400077,2026-01-14T13:41:03Z,2026-01-14T13:41:03Z,1,2026-01-14T13:29:57Z,,1,1,Determined upon crew arrival,New,OUTAGE,Single Customer,MAR,NORMAL,42.98662,-82.76963
SE26011400048,2026-01-14T13:41:03Z,2026-01-14T15:55:59Z,6,2026-01-14T12:53:57Z,2026-01-14T17:25:00Z,174,18,Public Interference w/DTE equip,In Progres,OUTAGE,Device (II),RFD,NORMAL,42.5212,-83.1231
SE26011400053,2026-01-14T13:41:03Z,2026-01-14T15:55:59Z,6,2026-01-14T13:15:13Z,2026-01-14T17:45:00Z,1,1,Determined upon crew arrival,PC3 Verifi,PRIORITY,,RFD,NORMAL,42.52241,-83.12401
SW26011400072,2026-01-14T13:41:03Z,2026-01-14T14:01:51Z,2,2026-01-14T13:19:39Z,2026-01-14T18:00:00Z,3,3,Determined upon crew arrival,In Progres,OUTAGE,Service Transformer,ANN,NORMAL,42.26875,-83.83128
SW26011400076,2026-01-14T13:41:03Z,2026-01-14T16:35:18Z,7,2026-01-14T13:29:57Z,2026-01-14T18:00:00Z,1,1,Public Interference w/DTE equip,In Progres,OUTAGE,Single Customer,WWS,NORMAL,42.39901,-83.42263
NE26011400079,2026-01-14T14:01:51Z,2026-01-14T14:44:28Z,2,2026-01-14T13:30:58Z,2026-01-14T18:00:00Z,1,1,Determined upon crew arrival,In Progres,PRIORITY,,MAR,NORMAL,42.99465,-82.76377
NE26011400088,2026-01-14T14:01:51Z,2026-01-14T14:01:51Z,1,2026-01-14T13:21:05Z,2026-01-14T18:05:00Z,2,2,Determined upon crew arrival,In Progres,OUTAGE,Service Secondary,MAR,NORMAL,42.99034,-82.76428
NW26011400089,2026-01-14T14:01:51Z,2026-01-14T14:44:28Z,2,2026-01-14T13:35:03Z,2026-01-14T18:05:00Z,24,24,Equipment problem,In Progres,OUTAGE,Device (I),PON,NORMAL,42.58857,-83.49643
SE26011400092,2026-01-14T14:01:51Z,2026-01-14T15:38:08Z,4,2026-01-14T13:41:39Z,2026-01-14T18:10:00Z,1,1,Determined upon crew arrival,In Progres,OUTAGE,Single Customer,RFD,NORMAL,42.25267,-83.20325
NW26011400110,2026-01-14T14:44:28Z,2026-01-14T15:55:59Z,4,2026-01-14T13:58:43Z,2026-01-14T18:30:00Z,1,1,Determined upon crew arrival,In Progres,OUTAGE,Single Customer,SBY,NORMAL,42.74862,-83.17774
SE26011400104,2026-01-14T14:44:28Z,2026-01-14T20:45:14Z,14,2026-01-13T13:56:16Z,2026-01-15T06:25:00Z,1,1,Determined upon crew arrival,In Progres,OUTAGE,Single Customer,RFD,NORMAL,42.31297,-83.29965
SE26011400105,2026-01-14T14:44:28Z,2026-01-14T15:01:10Z,2,2026-01-14T13:53:33Z,2026-01-14T18:25:00Z,2,2,Determined upon crew arrival,In Progres,OUTAGE,Service Secondary,CAN,NORMAL,42.43444,-82.95412
SE26011400108,2026-01-14T14:44:28Z,2026-01-15T05:00:32Z,25,2026-01-14T13:56:57Z,2026-01-15T06:25:00Z,1,1,Determined upon crew arrival,In Progres,OUTAGE,Single Customer,RFD,NORMAL,42.36294,-83.19972
SE26011400112,2026-01-14T14:44:28Z,2026-01-14T15:38:08Z,3,2026-01-14T13:58:44Z,2026-01-14T18:30:00Z,1,1,Determined upon crew arrival,In Progres,OUTAGE,Single Customer,RFD,NORMAL,42.3823,-83.20126
SE26011400115,2026-01-14T14:44:28Z,2026-01-14T17:57:43Z,8,2026-01-14T13:55:29Z,2026-01-14T18:35:00Z,1,1,Determined upon crew arrival,In Progres,OUTAGE,Single Customer,RFD,NORMAL,42.44732,-83.20012
SE26011400116,2026-01-14T14:44:28Z,2026-01-14T15:01:10Z,2,2026-01-14T14:03:32Z,2026-01-14T18:35:00Z,1,1,Determined upon crew arrival,In Progres,OUTAGE,Single Customer,RFD,NORMAL,42.43026,-83.30797
SE26011400119,2026-01-14T14:44:28Z,2026-01-14T19:01:19Z,10,2026-01-14T14:07:55Z,2026-01-15T06:40:00Z,1,1,Problem with the customer equip,In Progres,SERVICE DOWN NO,,CAN,NORMAL,42.42035,-83.05875
SE26011400121,2026-01-14T14:44:28Z,2026-01-15T03:41:56Z,23,2026-01-14T14:10:10Z,2026-01-15T06:40:00Z,1,1,Determined upon crew arrival,In Progres,OUTAGE,Single Customer,CAN,NORMAL,42.37008,-83.11014
SE26011400125,2026-01-14T14:44:28Z,2026-01-14T23:40:05Z,21,2026-01-14T14:13:56Z,2026-01-15T02:45:00Z,1,1,Determined upon crew arrival,In Progres,PRIORITY,,RFD,NORMAL,42.5174,-83.10178
SE26011400135,2026-01-14T14:44:28Z,2026-01-14T15:55:59Z,4,2026-01-14T14:22:50Z,2026-01-14T18:55:00Z,2,2,Determined upon crew arrival,In Progres,OUTAGE,Service Secondary,RFD,NORMAL,42.38301,-83.2069
SW26011400134,2026-01-14T14:44:28Z,2026-01-14T18:44:23Z,9,2026-01-14T14:22:41Z,2026-01-14T18:55:00Z,1,1,Equipment problem,In Progres,OUTAGE,Single Customer,ANN,NORMAL,42.2908,-83.77319
SW26011400137,2026-01-14T14:44:28Z,2026-01-14T17:57:43Z,8,2026-01-14T14:26:10Z,2026-01-14T18:55:00Z,1,1,Determined upon crew arrival,In Progres,OUTAGE,Service Secondary,WWS,NORMAL,42.40116,-83.40418
SW26011400138,2026-01-14T14:44:28Z,2026-01-14T17:03:25Z,6,2026-01-14T14:23:23Z,2026-01-14T18:55:00Z,1,1,Determined upon crew arrival,In Progres,OUTAGE,Service Secondary,WWS,NORMAL,42.36842,-83.33122
SW26011400140,2026-01-14T14:44:28Z,2026-01-14T16:35:18Z,5,2026-01-14T14:25:40Z,2026-01-14T18:55:00Z,25,25,Determined upon crew arrival,In Progres,OUTAGE,Device (I),WWS,NORMAL,42.39296,-83.46343
NE26011400145,2026-01-14T15:01:10Z,2026-01-14T15:38:08Z,2,2026-01-14T14:26:00Z,2026-01-14T19:00:00Z,2,2,Determined upon crew arrival,In Progres,OUTAGE,Service Transformer,MAR,NORMAL,43.00588,-82.46039
NE26011400149,2026-01-14T15:01:10Z,2026-01-14T15:55:59Z,3,2026-01-14T14:34:37Z,2026-01-14T19:05:00Z,1,1,Equipment problem,In Progres,OUTAGE,Single Customer,MTC,NORMAL,42.50271,-83.00718
SE26011400146,2026-01-14T15:01:10Z,2026-01-14T15:55:59Z,3,2026-01-14T14:31:07Z,2026-01-14T19:00:00Z,1,1,Determined upon crew arrival,In Progres,OUTAGE,Single Customer,RFD,NORMAL,42.26051,-83.20866
SE26011400147,2026-01-14T15:01:10Z,2026-01-14T15:55:59Z,3,2026-01-14T14:31:47Z,2026-01-14T19:00:00Z,1,1,Determined upon crew arrival,In Progres,OUTAGE,Single Customer,RFD,NORMAL,42.36062,-83.23049
SE26011400159,2026-01-14T15:01:10Z,2026-01-14T15:55:59Z,3,2026-01-14T14:41:01Z,2026-01-14T19:15:00Z,1,1,Determined upon crew arrival,In Progres,OUTAGE,Single Customer,RFD,NORMAL,42.37876,-83.17503
SE26011400160,2026-01-14T15:01:10Z,2026-01-14T15:38:08Z,2,2026-01-14T14:44:03Z,2026-01-14T19:15:00Z,19,19,Determined upon crew arrival,In Progres,OUTAGE,Service Transformer,RFD,NORMAL,42.37982,-83.14549
SW26011400148,2026-01-14T15:01:10Z,2026-01-14T15:55:59Z,3,2026-01-14T14:29:34Z,2026-01-14T19:05:00Z,1,1,Determined upon crew arrival,In Progres,OUTAGE,Single Customer,WWS,NORMAL,42.40116,-83.40418
NE26011400195,2026-01-14T15:38:08Z,2026-01-14T15:55:59Z,2,2026-01-14T14:58:59Z,2026-01-14T19:45:00Z,11,11,Determined upon crew arrival,In Progres,OUTAGE,Service Transformer,LAP,NORMAL,43.04846,-83.30484
NW26011400210,2026-01-14T15:38:08Z,2026-01-14T18:44:23Z,7,2026-01-14T15:28:58Z,2026-01-14T20:00:00Z,1,1,Equipment problem,In Progres,OUTAGE,Single Customer,HWL,NORMAL,42.51873,-83.7829
SE26011400164,2026-01-14T15:38:08Z,2026-01-14T19:51:35Z,10,2026-01-14T14:36:50Z,2026-01-15T07:20:00Z,1,1,Determined upon crew arrival,In Progres,OUTAGE,Single Customer,RFD,NORMAL,42.4034,-83.28492
SE26011400187,2026-01-14T15:38:08Z,2026-01-14T15:55:59Z,2,2026-01-14T15:04:05Z,2026-01-14T19:35:00Z,4,4,Determined upon crew arrival,In Progres,OUTAGE,Service Transformer,CAN,NORMAL,42.38129,-83.02321
SE26011400194,2026-01-14T15:38:08Z,2026-01-14T17:57:43Z,6,2026-01-14T15:13:32Z,2026-01-14T19:45:00Z,16,16,Determined upon crew arrival,In Progres,OUTAGE,Device (I),CAN,NORMAL,42.40172,-82.99244
SE26011400206,2026-01-14T15:38:08Z,2026-01-14T15:55:59Z,2,2026-01-14T15:25:26Z,2026-01-14T19:55:00Z,1,1,Determined upon crew arrival,In Progres,OUTAGE,Single Customer,RFD,NORMAL,42.42906,-83.29756
SE26011400209,2026-01-14T15:38:08Z,2026-01-15T01:49:49Z,20,2026-01-14T15:28:06Z,2026-01-15T08:00:00Z,1,1,Determined upon crew arrival,In Progres,SERVICE DOWN NO,,CAN,NORMAL,42.42768,-82.96603
SW26011400161,2026-01-14T15:38:08Z,2026-01-14T17:57:43Z,6,2026-01-14T14:45:15Z,2026-01-14T19:15:00Z,1,1,Determined upon crew arrival,In Progres,OUTAGE,Service Secondary,ANN,NORMAL,42.25572,-83.767
SW26011400201,2026-01-14T15:38:08Z,2026-01-14T17:43:29Z,5,2026-01-14T15:21:50Z,2026-01-14T19:50:00Z,1,1,Equipment problem,In Progres,OUTAGE,Single Customer,WWS,NORMAL,42.30217,-83.31546
SW26011400204,2026-01-14T15:38:08Z,2026-01-14T15:55:59Z,2,2026-01-14T15:22:47Z,2026-01-14T19:55:00Z,4,4,Determined upon crew arrival,In Progres,OUTAGE,Service Transformer,WWS,NORMAL,42.1331,-83.41703
SW26011400212,2026-01-14T15:38:08Z,2026-01-14T17:03:25Z,4,2026-01-14T15:29:38Z,2026-01-14T20:00:00Z,1,1,Determined upon crew arrival,In Progres,OUTAGE,Service Transformer,ANN,NORMAL,42.1407,-83.69916
NW26011400219,2026-01-14T15:55:59Z,2026-01-14T18:44:23Z,6,2026-01-14T15:25:11Z,2026-01-14T20:10:00Z,19,19,Equipment problem,In Progres,OUTAGE,Device (I),SBY,NORMAL,42.61136,-82.97501
NW26011400221,2026-01-14T15:55:59Z,2026-01-14T17:03:25Z,3,2026-01-14T15:40:51Z,2026-01-14T20:10:00Z,1,1,Determined upon crew arrival,In Progres,OUTAGE,Single Customer,PON,NORMAL,42.58859,-83.10173
SE26011400220,2026-01-14T15:55:59Z,2026-01-14T17:03:25Z,3,2026-01-14T15:40:29Z,2026-01-14T20:10:00Z,1,1,Determined upon crew arrival,In Progres,OUTAGE,Single Customer,RFD,NORMAL,42.26419,-83.19275
SW26011400226,2026-01-14T15:55:59Z,2026-01-14T15:55:59Z,1,2026-01-14T15:30:01Z,,1,1,Determined upon crew arrival,New,OUTAGE,Single Customer,ANN,NORMAL,42.3195,-83.66215
NE26011400241,2026-01-14T16:35:18Z,2026-01-14T20:45:14Z,10,2026-01-14T15:48:05Z,2026-01-15T00:20:00Z,262,262,Equipment problem,In Progres,OUTAGE,Device (II),MAR,NORMAL,42.96446,-82.44905
NE26011400265,2026-01-14T16:35:18Z,2026-01-14T20:57:44Z,11,2026-01-14T15:57:32Z,2026-01-15T08:30:00Z,1,1,Determined upon crew arrival,In Progres,SERVICE DOWN NO,,MAR,NORMAL,42.96665,-82.44348
NW26011400327,2026-01-14T16:35:18Z,2026-01-14T16:35:18Z,1,2026-01-14T16:10:52Z,2026-01-14T20:55:00Z,1,1,Determined upon crew arrival,New,OUTAGE,Single Customer,PON,NORMAL,42.52947,-83.43567
SE26011400227,2026-01-14T16:35:18Z,2026-01-14T17:03:25Z,2,2026-01-14T15:45:31Z,2026-01-14T20:15:00Z,1,1,Determined upon crew arrival,In Progres,OUTAGE,Single Customer,RFD,NORMAL,42.3823,-83.20126
SE26011400229,2026-01-14T16:35:18Z,2026-01-14T18:44:23Z,5,2026-01-13T16:11:14Z,2026-01-14T20:15:00Z,1,1,Equipment problem,Pending,OUTAGE,Single Customer,RFD,NORMAL,42.36869,-83.20762
SE26011400233,2026-01-14T16:35:18Z,2026-01-15T09:56:54Z,31,2026-01-14T15:47:59Z,2026-01-15T20:20:00Z,1,1,Determined upon crew arrival,Pending,OUTAGE,Single Customer,RFD,NORMAL,42.41022,-83.1691
SE26011400235,2026-01-14T16:35:18Z,2026-01-14T22:47:56Z,15,2026-01-14T15:39:34Z,2026-01-15T00:20:00Z,2,2,Determined upon crew arrival,In Progres,OUTAGE,Service Secondary,CAN,NORMAL,42.43114,-82.9467
SE26011400260,2026-01-14T16:35:18Z,2026-01-14T18:44:23Z,5,2026-01-13T22:08:25Z,2026-01-14T20:25:00Z,1,1,Determined upon crew arrival,PC3 Verifi,OUTAGE,Single Customer,CAN,NORMAL,42.42317,-83.07985
SE26011400267,2026-01-14T16:35:18Z,2026-01-14T19:31:21Z,7,2026-01-14T14:31:47Z,2026-01-14T20:30:00Z,1,1,Determined upon crew arrival,In Progres,SERVICE DOWN NO,,RFD,NORMAL,42.36062,-83.23049
SE26011400305,2026-01-14T16:35:18Z,2026-01-15T03:41:56Z,19,2026-01-14T16:14:02Z,2026-01-15T08:45:00Z,1,1,Equipment problem,In Progres,OUTAGE,Single Customer,CAN,NORMAL,42.41863,-83.0916
SE26011400316,2026-01-14T16:35:18Z,2026-01-15T01:49:49Z,18,2026-01-14T16:10:54Z,2026-01-15T08:45:00Z,1,1,Determined upon crew arrival,In Progres,OUTAGE,Single Customer,RFD,NORMAL,42.40165,-83.23893
SE26011400326,2026-01-14T16:35:18Z,2026-01-14T23:40:05Z,17,2026-01-14T16:23:54Z,2026-01-15T08:55:00Z,1,1,Wind damage,In Progres,OUTAGE,Single Customer,RFD,NORMAL,42.43073,-83.30368
SE26011400329,2026-01-14T16:35:18Z,2026-01-14T18:44:23Z,5,2026-01-14T16:29:46Z,2026-01-14T21:00:00Z,1,1,Determined upon crew arrival,In Progres,OUTAGE,Single Customer,CAN,NORMAL,42.44069,-83.00845
SW26011400298,2026-01-14T16:35:18Z,2026-01-14T17:03:25Z,2,2026-01-14T16:11:16Z,2026-01-14T20:40:00Z,19,19,Determined upon crew arrival,In Progres,OUTAGE,Service Transformer,WWS,NORMAL,42.3135,-83.36557
NE26011400330,2026-01-14T17:03:25Z,2026-01-14T19:31:21Z,6,2026-01-14T16:32:12Z,2026-01-14T21:00:00Z,1,1,Determined upon crew arrival,In Progres,OUTAGE,Single Customer,MTC,NORMAL,42.45042,-83.07588
NE26011400339,2026-01-14T17:03:25Z,2026-01-14T17:57:43Z,3,2026-01-14T16:41:17Z,2026-01-14T21:10:00Z,3,3,Determined upon crew arrival,In Progres,OUTAGE,Service Transformer,NAE,NORMAL,43.34651,-83.48179
NE26011400340,2026-01-14T17:03:25Z,2026-01-14T17:03:25Z,1,2026-01-14T16:41:26Z,2026-01-14T21:10:00Z,1,1,Determined upon crew arrival,New,OUTAGE,Single Customer,MTC,NORMAL,42.54887,-82.92362
NE26011400381,2026-01-14T17:43:29Z,2026-01-14T21:47:52Z,11,2026-01-14T16:00:43Z,2026-01-14T21:55:00Z,1,1,Equipment problem,In Progres,OUTAGE,Single Customer,MAR,NORMAL,42.96461,-82.47352
NW26011400346,2026-01-14T17:43:29Z,2026-01-14T19:31:21Z,5,2026-01-14T16:40:14Z,2026-01-14T21:15:00Z,1,1,Equipment problem,In Progres,OUTAGE,Single Customer,HWL,NORMAL,42.61108,-84.07124
SE26011400348,2026-01-14T17:43:29Z,2026-01-14T22:47:56Z,13,2026-01-13T16:15:37Z,2026-01-15T01:20:00Z,2,2,Equipment problem,In Progres,OUTAGE,Service Secondary,RFD,NORMAL,42.41727,-83.23225
SE26011400370,2026-01-14T17:43:29Z,2026-01-15T01:49:49Z,16,2026-01-14T17:16:55Z,2026-01-15T09:45:00Z,1,1,Equipment problem,In Progres,OUTAGE,Single Customer,RFD,NORMAL,42.44085,-83.17806
NE26011400393,2026-01-14T17:57:43Z,2026-01-14T21:47:52Z,10,2026-01-14T17:34:51Z,2026-01-14T22:05:00Z,1,1,Wind damage,In Progres,OUTAGE,Single Customer,MAR,NORMAL,42.91462,-82.48236
NW26011400388,2026-01-14T17:57:43Z,2026-01-14T20:45:14Z,7,2026-01-14T17:32:01Z,2026-01-14T22:00:00Z,1,1,Equipment problem,In Progres,OUTAGE,Single Customer,PON,NORMAL,42.66157,-83.30303
SE26011400391,2026-01-14T17:57:43Z,2026-01-14T17:57:43Z,1,2026-01-14T16:51:14Z,2026-01-14T22:05:00Z,1,1,Determined upon crew arrival,New,OUTAGE,Single Customer,CAN,NORMAL,42.42014,-82.95223
SE26011400403,2026-01-14T17:57:43Z,2026-01-14T19:31:21Z,4,2026-01-14T17:40:07Z,2026-01-14T22:10:00Z,1,1,Equipment problem,In Progres,OUTAGE,Single Customer,RFD,NORMAL,42.38016,-83.16597
SW26011400396,2026-01-14T17:57:43Z,2026-01-14T22:47:56Z,12,2026-01-14T17:18:23Z,2026-01-15T10:05:00Z,1,1,Determined upon crew arrival,In Progres,OUTAGE,Single Customer,WWS,NORMAL,42.43209,-83.31942
SW26011400404,2026-01-14T17:57:43Z,2026-01-14T17:57:43Z,1,2026-01-14T17:42:31Z,,2,2,Determined upon crew arrival,New,OUTAGE,Service Transformer,ANN,NORMAL,42.14119,-83.68733
NE26011400424,2026-01-14T18:44:23Z,2026-01-14T19:51:35Z,4,2026-01-14T10:43:28Z,2026-01-14T22:40:00Z,1,1,Determined upon crew arrival,In Progres,OUTAGE,Single Customer,MAR,NORMAL,43.19079,-82.66346
NW26011400413,2026-01-14T18:44:23Z,2026-01-14T19:01:19Z,2,2026-01-14T15:47:35Z,2026-01-14T22:30:00Z,1,1,Determined upon crew arrival,In Progres,OUTAGE,Single Customer,SBY,NORMAL,42.56863,-83.07876
NW26011400440,2026-01-14T18:44:23Z,2026-01-14T18:44:23Z,1,2026-01-14T18:26:23Z,2026-01-14T22:55:00Z,1,1,Determined upon crew arrival,New,OUTAGE,Single Customer,SBY,NORMAL,42.75806,-82.98961
SE26011400412,2026-01-14T18:44:23Z,2026-01-14T21:29:59Z,8,2026-01-14T17:51:04Z,2026-01-14T22:30:00Z,1,1,Equipment problem,In Progres,OUTAGE,Single Customer,RFD,NORMAL,42.37698,-83.23376
SE26011400435,2026-01-14T18:44:23Z,2026-01-14T18:44:23Z,1,2026-01-14T18:04:25Z,2026-01-14T22:50:00Z,1,1,Determined upon crew arrival,New,OUTAGE,Single Customer,CAN,NORMAL,42.39921,-83.05127
SE26011400437,2026-01-14T18:44:23Z,2026-01-15T05:42:33Z,18,2026-01-14T18:20:06Z,2026-01-15T10:55:00Z,1,1,Determined upon crew arrival,In Progres,OUTAGE,Single Customer,RFD,NORMAL,42.37815,-83.16319
SE26011400438,2026-01-14T18:44:23Z,2026-01-14T18:44:23Z,1,2026-01-14T18:24:21Z,2026-01-14T22:55:00Z,1,1,Determined upon crew arrival,New,OUTAGE,Single Customer,RFD,NORMAL,42.47887,-83.14538
NW26011400452,2026-01-14T19:01:19Z,2026-01-14T20:23:11Z,4,2026-01-14T14:16:08Z,2026-01-14T23:05:00Z,1,1,Determined upon crew arrival,In Progres,OUTAGE,Single Customer,HWL,NORMAL,42.51087,-83.65194
SE26011400457,2026-01-14T19:01:19Z,2026-01-14T19:01:19Z,1,2026-01-14T18:40:12Z,2026-01-14T23:10:00Z,1,1,Determined upon crew arrival,New,OUTAGE,Single Customer,RFD,NORMAL,42.29472,-83.11632
NE26011400482,2026-01-14T19:31:21Z,2026-01-14T19:31:21Z,1,2026-01-14T19:14:27Z,,1,1,Determined upon crew arrival,New,OUTAGE,Single Customer,MTC,NORMAL,42.45338,-82.95354
NW26011400461,2026-01-14T19:31:21Z,2026-01-15T07:02:23Z,19,2026-01-14T18:48:59Z,2026-01-15T11:20:00Z,1,1,Equipment problem,Pending,OUTAGE,Single Customer,PON,NORMAL,42.72385,-83.23952
NW26011400465,2026-01-14T19:31:21Z,2026-01-14T22:47:56Z,9,2026-01-14T18:53:37Z,2026-01-14T23:25:00Z,1,1,Equipment problem,In Progres,OUTAGE,Single Customer,HWL,NORMAL,42.52016,-83.9317
SE26011400463,2026-01-14T19:31:21Z,2026-01-15T15:35:48Z,36,2026-01-14T18:31:13Z,2026-01-15T19:25:00Z,1,1,Equipment problem,In Progres,OUTAGE,Single Customer,CAN,NORMAL,42.43701,-82.95227
SE26011400468,2026-01-14T19:31:21Z,2026-01-14T23:40:05Z,11,2026-01-14T14:45:50Z,2026-01-14T23:30:00Z,1,1,Equipment problem,In Progres,OUTAGE,Single Customer,CAN,NORMAL,42.37037,-83.10068
SE26011400476,2026-01-14T19:31:21Z,2026-01-14T22:24:01Z,8,2026-01-14T19:09:44Z,2026-01-14T23:40:00Z,1,1,Equipment problem,In Progres,OUTAGE,Single Customer,RFD,NORMAL,42.52502,-83.21095
SW26011400475,2026-01-14T19:31:21Z,2026-01-14T22:47:56Z,9,2026-01-14T16:16:35Z,2026-01-14T23:40:00Z,3,3,Equipment problem,In Progres,OUTAGE,Service Transformer,ANN,NORMAL,42.3884,-83.83975
NW26011400514,2026-01-14T19:51:35Z,2026-01-15T05:00:32Z,14,2026-01-14T19:42:56Z,2026-01-15T08:15:00Z,1,1,Equipment problem,In Progres,OUTAGE,Single Customer,PON,NORMAL,42.63837,-83.36464
SE26011400505,2026-01-14T19:51:35Z,2026-01-14T19:51:35Z,1,2026-01-14T19:33:56Z,2026-01-15T00:05:00Z,10,10,Determined upon crew arrival,In Progres,OUTAGE,Service Transformer,RFD,NORMAL,42.48938,-83.21208
SE26011400509,2026-01-14T19:51:35Z,2026-01-14T23:40:05Z,10,2026-01-14T19:38:05Z,2026-01-15T00:10:00Z,1,1,Equipment problem,In Progres,OUTAGE,Single Customer,RFD,NORMAL,42.5087,-83.20485
SE26011400512,2026-01-14T19:51:35Z,2026-01-15T07:02:23Z,18,2026-01-14T19:30:38Z,2026-01-15T12:10:00Z,1,1,Determined upon crew arrival,In Progres,OUTAGE,Single Customer,CAN,NORMAL,42.3999,-83.09835
SW26011400511,2026-01-14T19:51:35Z,2026-01-15T16:54:06Z,37,2026-01-14T19:41:11Z,2026-01-16T00:10:00Z,1,1,Equipment problem,In Progres,OUTAGE,Single Customer,ANN,NORMAL,42.15701,-83.57963
NE26011400529,2026-01-14T20:23:11Z,2026-01-15T03:41:56Z,11,2026-01-14T20:10:17Z,2026-01-15T12:40:00Z,1,1,Equipment problem,In Progres,OUTAGE,Single Customer,MTC,NORMAL,42.47362,-83.00868
NW26011400520,2026-01-14T20:23:11Z,2026-01-14T20:23:11Z,1,2026-01-14T19:53:50Z,2026-01-15T00:25:00Z,2,2,Determined upon crew arrival,In Progres,OUTAGE,Service Secondary,PON,NORMAL,42.5933,-83.19143
SE26011400534,2026-01-14T20:23:11Z,2026-01-14T23:40:05Z,9,2026-01-14T20:10:25Z,2026-01-15T00:45:00Z,1,1,Determined upon crew arrival,In Progres,OUTAGE,Single Customer,CAN,NORMAL,42.41658,-83.04228
SW26011400522,2026-01-14T20:23:11Z,2026-01-14T23:19:09Z,8,2026-01-14T19:11:10Z,2026-01-15T00:30:00Z,1,1,Determined upon crew arrival,In Progres,OUTAGE,Single Customer,WWS,NORMAL,42.36123,-83.45278
NW26011400541,2026-01-14T20:45:14Z,2026-01-14T23:40:05Z,8,2026-01-14T20:21:27Z,2026-01-15T00:50:00Z,1,1,Equipment problem,In Progres,OUTAGE,Single Customer,HWL,NORMAL,42.46708,-83.72654
NW26011400543,2026-01-14T20:45:14Z,2026-01-14T22:47:56Z,6,2026-01-14T20:26:18Z,2026-01-15T00:55:00Z,1,1,Determined upon crew arrival,In Progres,SERVICE DOWN NO,,PON,NORMAL,42.67386,-83.41595
NE26011400550,2026-01-14T20:57:44Z,2026-01-14T21:47:52Z,3,2026-01-14T20:33:49Z,2026-01-15T01:05:00Z,1,1,Determined upon crew arrival,In Progres,OUTAGE,Single Customer,MAR,NORMAL,42.96353,-82.44914
NW26011400567,2026-01-14T21:29:59Z,2026-01-15T15:35:48Z,31,2026-01-13T21:05:47Z,2026-01-16T01:20:00Z,1,1,Equipment problem,In Progres,OUTAGE,Single Customer,SBY,NORMAL,42.69422,-83.16313
SW26011400581,2026-01-14T21:29:59Z,2026-01-14T23:40:05Z,6,2026-01-14T21:01:20Z,2026-01-15T01:40:00Z,1,1,Equipment problem,In Progres,OUTAGE,Single Customer,ANN,NORMAL,42.2587,-83.62345
NW26011400587,2026-01-14T21:47:52Z,2026-01-14T21:47:52Z,1,2026-01-14T21:24:56Z,2026-01-15T01:55:00Z,4,4,Determined upon crew arrival,New,OUTAGE,Service Transformer,HWL,NORMAL,42.571,-83.76162
SE26011400586,2026-01-14T21:47:52Z,2026-01-15T09:01:10Z,17,2026-01-14T19:18:37Z,2026-01-15T13:55:00Z,1,1,Determined upon crew arrival,In Progres,OUTAGE,Single Customer,CAN,NORMAL,42.36601,-83.00073
SE26011400589,2026-01-14T21:47:52Z,2026-01-14T23:19:09Z,4,2026-01-14T21:26:48Z,2026-01-15T01:55:00Z,1,1,Equipment problem,In Progres,OUTAGE,Single Customer,CAN,NORMAL,42.40425,-83.11668
NE26011400602,2026-01-14T22:24:01Z,2026-01-14T23:40:05Z,4,2026-01-14T21:48:28Z,2026-01-15T02:20:00Z,1,1,Determined upon crew arrival,In Progres,OUTAGE,Single Customer,LAP,NORMAL,42.86522,-83.14665
NW26011400595,2026-01-14T22:24:01Z,2026-01-15T05:56:55Z,10,2026-01-14T21:37:10Z,2026-01-15T14:05:00Z,1,1,Equipment problem,In Progres,OUTAGE,Single Customer,PON,NORMAL,42.70614,-83.37809
SE26011400603,2026-01-14T22:24:01Z,2026-01-14T23:40:05Z,4,2026-01-14T21:48:36Z,2026-01-15T02:20:00Z,1,1,Determined upon crew arrival,In Progres,OUTAGE,Single Customer,RFD,NORMAL,42.46081,-83.15912
SE26011400620,2026-01-14T22:24:01Z,2026-01-14T23:40:05Z,4,2026-01-14T22:08:39Z,2026-01-15T02:45:00Z,1,1,Determined upon crew arrival,In Progres,OUTAGE,Single Customer,RFD,NORMAL,42.40288,-83.17089
SW26011400613,2026-01-14T22:24:01Z,2026-01-15T05:00:32Z,8,2026-01-14T22:00:34Z,2026-01-15T14:30:00Z,1,1,Equipment problem,In Progres,OUTAGE,Single Customer,ANN,NORMAL,42.34055,-83.98393
NW26011400626,2026-01-14T22:47:56Z,2026-01-15T01:49:49Z,4,2026-01-14T22:20:05Z,2026-01-15T02:55:00Z,1,1,Equipment problem,In Progres,OUTAGE,Single Customer,HWL,NORMAL,42.54107,-84.01647
SE26011400641,2026-01-14T23:19:09Z,2026-01-14T23:19:09Z,1,2026-01-14T22:53:14Z,2026-01-15T03:25:00Z,1,1,Determined upon crew arrival,New,OUTAGE,Single Customer,CAN,NORMAL,42.41419,-82.9217
NW26011400646,2026-01-14T23:40:05Z,2026-01-15T01:49:49Z,2,2026-01-14T23:02:27Z,2026-01-15T03:35:00Z,1,1,Equipment problem,In Progres,OUTAGE,Single Customer,PON,NORMAL,42.6034,-83.34288
SE26011400655,2026-01-14T23:40:05Z,2026-01-14T23:40:05Z,1,2026-01-14T22:53:14Z,2026-01-15T03:55:00Z,1,1,Determined upon crew arrival,New,OUTAGE,Single Customer,CAN,NORMAL,42.41419,-82.9217
NE26011400687,2026-01-15T01:49:49Z,2026-01-15T03:41:56Z,2,2026-01-14T23:47:05Z,2026-01-15T04:30:00Z,336,336,Wind damage,In Progres,OUTAGE,Device (II),MAR,NORMAL,43.02338,-82.76284
NE26011400702,2026-01-15T01:49:49Z,2026-01-15T11:54:27Z,19,2026-01-15T00:01:56Z,2026-01-15T16:45:00Z,1,1,Problem with the customer equip,In Progres,OUTAGE,Single Customer,MAR,NORMAL,43.13385,-82.81853
NE26011400773,2026-01-15T01:49:49Z,2026-01-15T01:49:49Z,1,2026-01-15T00:58:01Z,2026-01-15T05:45:00Z,1,1,Determined upon crew arrival,New,OUTAGE,Single Customer,MAR,NORMAL,43.03051,-82.72724
SE26011400708,2026-01-15T01:49:49Z,2026-01-15T17:33:26Z,28,2026-01-15T00:25:24Z,2026-01-16T04:55:00Z,1,1,Determined upon crew arrival,In Progres,OUTAGE,Single Customer,CAN,NORMAL,42.39179,-82.93472
SE26011400744,2026-01-15T01:49:49Z,2026-01-15T01:49:49Z,1,2026-01-14T22:08:39Z,2026-01-15T05:35:00Z,1,1,Determined upon crew arrival,In Progres,OUTAGE,Single Customer,RFD,NORMAL,42.40288,-83.17089
SE26011400779,2026-01-15T01:49:49Z,2026-01-15T22:23:27Z,38,2026-01-15T01:14:31Z,2026-01-16T05:45:00Z,1,1,Determined upon crew arrival,Pending,OUTAGE,Single Customer,CAN,NORMAL,42.41336,-82.9967
SE26011400792,2026-01-15T01:49:49Z,2026-01-15T03:41:56Z,2,2026-01-15T01:07:26Z,2026-01-15T05:45:00Z,107,107,Equipment problem,In Progres,OUTAGE,Device (II),RFD,NORMAL,42.47909,-83.22419
SE26011400800,2026-01-15T01:49:49Z,2026-01-15T14:01:21Z,22,2026-01-15T01:35:56Z,2026-01-15T18:05:00Z,1,1,Determined upon crew arrival,In Progres,OUTAGE,Single Customer,CAN,NORMAL,42.41624,-82.98379
SW26011400674,2026-01-15T01:49:49Z,2026-01-15T07:02:23Z,8,2026-01-14T23:52:38Z,2026-01-15T16:25:00Z,1,1,Equipment problem,In Progres,OUTAGE,Single Customer,ANN,NORMAL,42.39512,-83.82016
SW26011400686,2026-01-15T01:49:49Z,2026-01-15T01:49:49Z,1,2026-01-14T23:59:39Z,2026-01-15T04:30:00Z,1,1,Determined upon crew arrival,Pending,OUTAGE,Single Customer,NPT,NORMAL,41.96735,-83.355
SW26011400703,2026-01-15T01:49:49Z,2026-01-15T07:53:55Z,10,2026-01-15T00:17:58Z,2026-01-15T16:50:00Z,1,1,Equipment problem,In Progres,OUTAGE,Single Customer,ANN,NORMAL,42.18572,-83.7912
SW26011400706,2026-01-15T01:49:49Z,2026-01-15T01:49:49Z,1,2026-01-15T00:24:00Z,2026-01-15T04:55:00Z,1,1,Determined upon crew arrival,In Progres,OUTAGE,Single Customer,NPT,NORMAL,42.05989,-83.39824
NE26011400821,2026-01-15T03:41:56Z,2026-01-15T10:56:50Z,15,2026-01-14T15:54:43Z,2026-01-15T19:05:00Z,1,1,Determined upon crew arrival,In Progres,OUTAGE,Single Customer,MAR,NORMAL,42.96251,-82.44842
SE26011400814,2026-01-15T03:41:56Z,2026-01-15T10:31:08Z,14,2026-01-15T02:08:38Z,2026-01-15T18:40:00Z,1,1,Equipment problem,In Progres,OUTAGE,Single Customer,CAN,NORMAL,42.35715,-83.00563
SE26011400832,2026-01-15T03:41:56Z,2026-01-15T03:41:56Z,1,2026-01-15T03:29:20Z,,1,1,Determined upon crew arrival,New,OUTAGE,Single Customer,CAN,NORMAL,42.39388,-82.92766
SW26011400829,2026-01-15T03:41:56Z,2026-01-15T19:45:43Z,31,2026-01-15T03:16:01Z,2026-01-15T19:45:00Z,1,1,Equipment problem,In Progres,OUTAGE,Single Customer,ANN,NORMAL,42.3967,-83.83567
SE26011400838,2026-01-15T05:00:32Z,2026-01-15T08:33:14Z,8,2026-01-14T20:09:58Z,2026-01-15T09:10:00Z,1,1,Problem with the customer equip,In Progres,OUTAGE,Single Customer,RFD,NORMAL,42.5025,-83.16065
NW26011500009,2026-01-15T06:41:29Z,2026-01-15T07:02:23Z,2,2026-01-15T06:08:05Z,2026-01-15T10:40:00Z,1,1,Equipment problem,In Progres,OUTAGE,Single Customer,SBY,NORMAL,42.63825,-83.14557
SE26011500013,2026-01-15T07:02:23Z,2026-01-15T07:02:23Z,1,2026-01-15T06:44:55Z,,1,1,Determined upon crew arrival,New,OUTAGE,Single Customer,CAN,NORMAL,42.43907,-83.04764
NE26011500017,2026-01-15T07:37:55Z,2026-01-15T10:31:08Z,7,2026-01-15T07:25:06Z,2026-01-15T11:55:00Z,1,1,Equipment problem,In Progres,OUTAGE,Single Customer,LAP,NORMAL,43.17714,-83.29693
NW26011500014,2026-01-15T07:37:55Z,2026-01-16T04:27:08Z,37,2026-01-14T18:48:59Z,2026-01-16T11:20:00Z,1,1,Equipment problem,In Progres,OUTAGE,Single Customer,PON,NORMAL,42.72269,-83.2389
NW26011500016,2026-01-15T07:37:55Z,2026-01-15T14:01:21Z,14,2026-01-15T07:22:49Z,2026-01-15T23:55:00Z,1,1,Equipment problem,In Progres,OUTAGE,Single Customer,SBY,NORMAL,42.63825,-83.14557
SE26011500019,2026-01-15T07:53:55Z,2026-01-15T07:53:55Z,1,2026-01-15T06:44:55Z,2026-01-15T12:05:00Z,1,1,Determined upon crew arrival,New,OUTAGE,Single Customer,CAN,NORMAL,42.43907,-83.04764
SW26011500018,2026-01-15T07:53:55Z,2026-01-15T12:49:51Z,11,2026-01-15T07:36:36Z,2026-01-15T16:05:00Z,4,4,Equipment problem,In Progres,OUTAGE,Device (I),NPT,NORMAL,42.16635,-83.14411
NE26011500024,2026-01-15T08:33:14Z,2026-01-15T11:54:27Z,9,2026-01-15T08:09:29Z,2026-01-15T12:40:00Z,1,1,Determined upon crew arrival,In Progres,OUTAGE,Single Customer,LAP,NORMAL,42.94321,-83.30149
NW26011500020,2026-01-15T08:33:14Z,2026-01-15T11:43:25Z,8,2026-01-15T07:42:44Z,2026-01-15T12:15:00Z,34,34,Determined upon crew arrival,In Progres,OUTAGE,Device (II),PON,NORMAL,42.64224,-83.40418
NW26011500022,2026-01-15T08:33:14Z,2026-01-15T09:56:54Z,4,2026-01-15T07:54:19Z,2026-01-15T12:25:00Z,1,1,Equipment problem,In Progres,OUTAGE,Single Customer,PON,NORMAL,42.55566,-83.54151
SE26011500030,2026-01-15T10:56:50Z,2026-01-15T16:02:54Z,11,2026-01-14T11:16:10Z,2026-01-16T02:45:00Z,1,1,Equipment problem,In Progres,OUTAGE,Single Customer,RFD,NORMAL,42.32412,-83.2642
NW26011500035,2026-01-15T11:25:58Z,2026-01-15T19:25:17Z,15,2026-01-15T10:33:04Z,2026-01-16T03:40:00Z,1,1,Equipment problem,In Progres,OUTAGE,Single Customer,PON,NORMAL,42.82381,-83.41838
SE26011500033,2026-01-15T11:25:58Z,2026-01-15T15:00:03Z,8,2026-01-15T06:44:55Z,2026-01-15T15:35:00Z,1,1,Determined upon crew arrival,In Progres,OUTAGE,Single Customer,CAN,NORMAL,42.43907,-83.04764
NW26011500037,2026-01-15T11:43:25Z,2026-01-15T15:00:03Z,7,2026-01-14T17:12:03Z,2026-01-15T15:45:00Z,1,1,Determined upon crew arrival,In Progres,OUTAGE,Single Customer,SBY,NORMAL,42.6996,-83.01407
NE26011500042,2026-01-15T11:54:27Z,2026-01-15T13:40:38Z,3,2026-01-14T17:34:51Z,2026-01-15T16:10:00Z,1,1,Determined upon crew arrival,In Progres,OUTAGE,Single Customer,MAR,NORMAL,42.91462,-82.48236
NW26011500052,2026-01-15T12:49:51Z,2026-01-15T15:00:03Z,5,2026-01-15T12:33:05Z,2026-01-15T17:05:00Z,1,1,Equipment problem,In Progres,OUTAGE,Single Customer,PON,NORMAL,42.63194,-83.31823
SE26011500055,2026-01-15T12:49:51Z,2026-01-15T12:49:51Z,1,2026-01-15T12:36:10Z,,1,1,Determined upon crew arrival,New,OUTAGE,Single Customer,CAN,NORMAL,42.40909,-82.9896
NE26011500079,2026-01-15T13:40:38Z,2026-01-15T13:40:38Z,1,2026-01-15T13:26:45Z,2026-01-15T17:55:00Z,1,1,Determined upon crew arrival,In Progres,OUTAGE,Single Customer,MTC,NORMAL,42.6074,-82.80441
SE26011500078,2026-01-15T13:40:38Z,2026-01-15T13:40:38Z,1,2026-01-15T13:11:01Z,2026-01-15T17:55:00Z,1,1,Determined upon crew arrival,New,OUTAGE,Single Customer,RFD,NORMAL,42.47332,-83.11578
SE26011500080,2026-01-15T13:40:38Z,2026-01-15T17:33:26Z,8,2026-01-15T13:28:38Z,2026-01-15T18:00:00Z,2,2,Equipment problem,In Progres,OUTAGE,Service Secondary,CAN,NORMAL,42.39921,-83.05127
SW26011500056,2026-01-15T13:40:38Z,2026-01-16T01:51:29Z,23,2026-01-15T12:47:40Z,2026-01-16T05:20:00Z,6,6,Equipment problem,In Progres,OUTAGE,Service Transformer,NPT,NORMAL,41.93044,-83.38901
SW26011500059,2026-01-15T13:40:38Z,2026-01-15T20:27:25Z,13,2026-01-15T12:58:51Z,2026-01-16T05:30:00Z,1,1,Determined upon crew arrival,In Progres,OUTAGE,Single Customer,WWS,NORMAL,42.29744,-83.33192
NE26011500081,2026-01-15T14:01:21Z,2026-01-15T16:02:54Z,5,2026-01-15T11:21:45Z,2026-01-15T18:00:00Z,1,1,Determined upon crew arrival,In Progres,OUTAGE,Single Customer,MTC,NORMAL,42.56119,-82.61873
NW26011500088,2026-01-15T14:01:21Z,2026-01-15T14:01:21Z,1,2026-01-15T13:35:20Z,2026-01-15T18:10:00Z,1,1,Determined upon crew arrival,New,OUTAGE,Single Customer,PON,NORMAL,42.63815,-83.38076
NW26011500092,2026-01-15T14:01:21Z,2026-01-15T14:01:21Z,1,2026-01-15T13:43:15Z,,1,1,Determined upon crew arrival,New,OUTAGE,Single Customer,PON,NORMAL,42.54537,-83.43079
SW26011500087,2026-01-15T14:01:21Z,2026-01-15T22:23:27Z,17,2026-01-15T13:38:03Z,2026-01-16T06:10:00Z,1,1,Equipment problem,In Progres,OUTAGE,Single Customer,ANN,NORMAL,42.27254,-83.77392
NE26011500118,2026-01-15T14:42:47Z,2026-01-15T18:54:33Z,8,2026-01-15T14:19:20Z,2026-01-15T18:50:00Z,5,5,Equipment problem,In Progres,OUTAGE,Service Transformer,MTC,NORMAL,42.60533,-82.80025
NW26011500095,2026-01-15T14:42:47Z,2026-01-15T18:01:49Z,7,2026-01-15T13:48:35Z,2026-01-15T18:20:00Z,1,1,Equipment problem,In Progres,OUTAGE,Single Customer,PON,NORMAL,42.55711,-83.27087
NW26011500121,2026-01-15T14:42:47Z,2026-01-15T14:42:47Z,1,2026-01-15T14:24:47Z,2026-01-15T18:55:00Z,1,1,Determined upon crew arrival,New,OUTAGE,Single Customer,SBY,NORMAL,42.67882,-83.18544
SE26011500112,2026-01-15T14:42:47Z,2026-01-15T18:54:33Z,8,2026-01-15T14:14:52Z,2026-01-15T18:45:00Z,1,1,Equipment problem,In Progres,OUTAGE,Single Customer,CAN,NORMAL,42.41368,-82.97638
SE26011500122,2026-01-15T14:42:47Z,2026-01-15T14:42:47Z,1,2026-01-14T23:47:43Z,2026-01-15T18:55:00Z,1,1,Determined upon crew arrival,New,OUTAGE,Single Customer,CAN,NORMAL,42.37331,-83.09822
SW26011500100,2026-01-15T14:42:47Z,2026-01-15T15:00:03Z,2,2026-01-15T13:55:58Z,2026-01-15T18:25:00Z,1,1,Determined upon crew arrival,New,OUTAGE,Single Customer,WWS,NORMAL,42.434,-83.37497
NW26011500128,2026-01-15T15:00:03Z,2026-01-15T15:00:03Z,1,2026-01-15T14:40:51Z,2026-01-15T19:10:00Z,1,1,Equipment problem,PC3 Verifi,OUTAGE,Single Customer,SBY,NORMAL,42.63825,-83.14557
SE26011500129,2026-01-15T15:00:03Z,2026-01-15T19:25:17Z,8,2026-01-15T14:42:41Z,2026-01-15T19:15:00Z,1,1,Equipment problem,In Progres,OUTAGE,Single Customer,RFD,NORMAL,42.42385,-83.25255
NE26011500136,2026-01-15T15:35:48Z,2026-01-15T17:33:26Z,4,2026-01-15T14:04:44Z,2026-01-15T19:20:00Z,1,1,Determined upon crew arrival,In Progres,OUTAGE,Single Customer,MTC,NORMAL,42.59475,-82.86344
NE26011500174,2026-01-15T15:35:48Z,2026-01-15T15:35:48Z,1,2026-01-15T15:29:04Z,,1,1,Determined upon crew arrival,New,OUTAGE,Single Customer,MTC,NORMAL,42.60595,-82.80299
NW26011500138,2026-01-15T15:35:48Z,2026-01-15T17:33:26Z,4,2026-01-15T14:48:01Z,2026-01-15T19:20:00Z,1,1,Determined upon crew arrival,In Progres,OUTAGE,Single Customer,PON,NORMAL,42.49502,-83.54353
NW26011500172,2026-01-15T15:35:48Z,2026-01-15T17:33:26Z,4,2026-01-15T15:26:16Z,2026-01-15T19:55:00Z,1,1,Equipment problem,In Progres,OUTAGE,Single Customer,SBY,NORMAL,42.75348,-83.03957
NW26011500175,2026-01-15T15:35:48Z,2026-01-15T18:01:49Z,5,2026-01-15T12:07:12Z,2026-01-15T20:00:00Z,1,1,Equipment problem,In Progres,OUTAGE,Single Customer,HWL,NORMAL,42.68924,-84.31147
SE26011500147,2026-01-15T15:35:48Z,2026-01-15T17:33:26Z,4,2026-01-15T14:58:22Z,2026-01-15T19:30:00Z,1,1,Determined upon crew arrival,In Progres,OUTAGE,Single Customer,RFD,NORMAL,42.45977,-83.16107
SE26011500160,2026-01-15T15:35:48Z,2026-01-15T16:02:54Z,2,2026-01-15T15:13:29Z,2026-01-15T19:45:00Z,1,1,Determined upon crew arrival,PC3 Verifi,OUTAGE,Single Customer,CAN,NORMAL,42.39583,-83.13333
SE26011500161,2026-01-15T15:35:48Z,2026-01-15T19:25:17Z,7,2026-01-15T15:15:31Z,2026-01-15T19:45:00Z,69,69,Equipment problem,In Progres,OUTAGE,Service Transformer,RFD,NORMAL,42.44163,-83.25968
SE26011500162,2026-01-15T15:35:48Z,2026-01-15T19:45:43Z,8,2026-01-15T15:15:31Z,2026-01-15T19:45:00Z,1,1,Equipment problem,In Progres,OUTAGE,Single Customer,RFD,NORMAL,42.24847,-83.16248
SE26011500164,2026-01-15T15:35:48Z,2026-01-15T16:02:54Z,2,2026-01-15T15:14:48Z,2026-01-15T19:45:00Z,67,67,Determined upon crew arrival,In Progres,OUTAGE,Service Transformer,CAN,NORMAL,42.33782,-83.03094
SE26011500168,2026-01-15T15:35:48Z,2026-01-15T20:49:33Z,10,2026-01-15T15:12:27Z,2026-01-16T07:50:00Z,1,1,Determined upon crew arrival,In Progres,OUTAGE,Single Customer,CAN,NORMAL,42.38815,-83.1366
SW26011500182,2026-01-15T16:02:54Z,2026-01-15T16:02:54Z,1,2026-01-15T15:42:56Z,,1,1,Determined upon crew arrival,PC3 Verifi,OUTAGE,Single Customer,ANN,NORMAL,42.14281,-83.68976
NE26011500216,2026-01-15T16:54:06Z,2026-01-15T18:54:33Z,4,2026-01-15T16:13:13Z,2026-01-15T20:45:00Z,1,1,Determined upon crew arrival,In Progres,OUTAGE,Single Customer,MTC,NORMAL,42.53094,-82.91745
NW26011500183,2026-01-15T16:54:06Z,2026-01-15T16:54:06Z,1,2026-01-15T01:27:02Z,2026-01-15T20:15:00Z,1,1,Determined upon crew arrival,In Progres,OUTAGE,Single Customer,SBY,NORMAL,42.57313,-83.05148
NW26011500186,2026-01-15T16:54:06Z,2026-01-15T17:33:26Z,2,2026-01-15T13:02:26Z,2026-01-15T20:25:00Z,1,1,Determined upon crew arrival,New,OUTAGE,Single Customer,PON,NORMAL,42.80536,-83.42229
NW26011500204,2026-01-15T16:54:06Z,2026-01-15T18:54:33Z,4,2026-01-15T16:06:57Z,2026-01-15T20:35:00Z,1,1,Equipment problem,In Progres,OUTAGE,Single Customer,PON,NORMAL,42.8149,-83.44239
NW26011500273,2026-01-15T16:54:06Z,2026-01-15T16:54:06Z,1,2026-01-15T16:44:35Z,,1620,1620,Determined upon crew arrival,New,OUTAGE,Substation,SBY,NORMAL,42.553,-83.00607
NW26011500274,2026-01-15T16:54:06Z,2026-01-15T16:54:06Z,1,2026-01-15T16:44:35Z,,482,482,Determined upon crew arrival,New,OUTAGE,Substation,SBY,NORMAL,42.57064,-83.0163
SE26011500207,2026-01-15T16:54:06Z,2026-01-15T19:25:17Z,5,2026-01-15T16:05:57Z,2026-01-15T20:40:00Z,1,1,Determined upon crew arrival,In Progres,OUTAGE,Single Customer,CAN,NORMAL,42.40696,-82.91912
SE26011500214,2026-01-15T16:54:06Z,2026-01-15T18:01:49Z,3,2026-01-15T16:04:46Z,2026-01-15T20:40:00Z,96,96,Equipment problem,In Progres,OUTAGE,Device (II),RFD,NORMAL,42.53111,-83.10589
SE26011500217,2026-01-15T16:54:06Z,2026-01-15T20:49:33Z,8,2026-01-15T16:08:51Z,2026-01-15T20:45:00Z,1,1,Equipment problem,In Progres,SERVICE DOWN NO,,RFD,NORMAL,42.529,-83.10566
SE26011500233,2026-01-15T16:54:06Z,2026-01-16T12:48:42Z,36,2026-01-15T16:19:16Z,2026-01-16T12:50:00Z,1,1,Determined upon crew arrival,In Progres,PRIORITY,,RFD,NORMAL,42.52818,-83.10522
SE26011500250,2026-01-15T16:54:06Z,2026-01-16T12:48:42Z,36,2026-01-15T16:24:38Z,2026-01-16T12:55:00Z,1,1,Determined upon crew arrival,In Progres,PRIORITY,,RFD,NORMAL,42.53292,-83.10605
SE26011500269,2026-01-15T16:54:06Z,2026-01-15T18:01:49Z,3,2026-01-15T16:38:14Z,2026-01-15T21:10:00Z,1,1,Determined upon crew arrival,In Progres,OUTAGE,Single Customer,RFD,NORMAL,42.40913,-83.15932
SW26011500198,2026-01-15T16:54:06Z,2026-01-15T16:54:06Z,1,2026-01-15T16:03:35Z,2026-01-15T20:35:00Z,1,1,Determined upon crew arrival,In Progres,OUTAGE,Service Transformer,ANN,NORMAL,42.1922,-83.66667
SW26011500224,2026-01-15T16:54:06Z,2026-01-15T22:46:26Z,13,2026-01-15T16:15:39Z,2026-01-16T00:45:00Z,62,62,Equipment problem,In Progres,OUTAGE,Device (II),NPT,NORMAL,41.9627,-83.60968
SW26011500226,2026-01-15T16:54:06Z,2026-01-15T18:01:49Z,3,2026-01-15T16:17:29Z,2026-01-15T20:50:00Z,1,1,Determined upon crew arrival,In Progres,OUTAGE,Single Customer,ANN,NORMAL,42.25108,-83.57734
NE26011500281,2026-01-15T17:33:26Z,2026-01-15T19:25:17Z,4,2026-01-15T16:45:17Z,2026-01-15T21:20:00Z,1,1,Determined upon crew arrival,In Progres,OUTAGE,Single Customer,MTC,NORMAL,42.49537,-83.01035
NE26011500330,2026-01-15T18:01:49Z,2026-01-15T19:45:43Z,4,2026-01-15T17:24:06Z,2026-01-15T22:00:00Z,1,1,Determined upon crew arrival,In Progres,OUTAGE,Single Customer,MTC,NORMAL,42.49064,-82.99805
NW26011500346,2026-01-15T18:01:49Z,2026-01-15T18:54:33Z,2,2026-01-15T17:37:23Z,2026-01-15T22:05:00Z,1,1,Determined upon crew arrival,In Progres,OUTAGE,Single Customer,HWL,NORMAL,42.56387,-83.74817
SE26011500299,2026-01-15T18:01:49Z,2026-01-15T23:22:18Z,12,2026-01-15T06:44:55Z,2026-01-16T09:50:00Z,1,1,Determined upon crew arrival,In Progres,OUTAGE,Single Customer,CAN,NORMAL,42.43907,-83.04764
SE26011500319,2026-01-15T18:01:49Z,2026-01-15T18:54:33Z,2,2026-01-15T17:25:55Z,2026-01-15T21:55:00Z,1,1,Determined upon crew arrival,PC3 Verifi,OUTAGE,Single Customer,RFD,NORMAL,42.52742,-83.106
SW26011500305,2026-01-15T18:01:49Z,2026-01-15T18:01:49Z,1,2026-01-15T17:18:23Z,2026-01-15T21:50:00Z,1,1,Equipment problem,PC3 Verifi,OUTAGE,Single Customer,ANN,NORMAL,42.31993,-83.56499
SW26011500310,2026-01-15T18:01:49Z,2026-01-15T18:01:49Z,1,2026-01-15T17:18:51Z,2026-01-15T21:50:00Z,2,2,Equipment problem,New,OUTAGE,Service Secondary,ANN,NORMAL,42.27118,-83.56787
SW26011500322,2026-01-15T18:01:49Z,2026-01-15T18:01:49Z,1,2026-01-15T17:26:53Z,2026-01-15T21:55:00Z,1,1,Determined upon crew arrival,New,OUTAGE,Single Customer,WWS,NORMAL,42.30434,-83.54148
SW26011500325,2026-01-15T18:01:49Z,2026-01-15T18:01:49Z,1,2026-01-15T17:18:36Z,2026-01-15T22:00:00Z,35,35,Determined upon crew arrival,In Progres,OUTAGE,Device (I),WWS,NORMAL,42.32147,-83.54088
SW26011500336,2026-01-15T18:01:49Z,2026-01-15T18:01:49Z,1,2026-01-15T17:18:36Z,2026-01-15T22:05:00Z,64,64,Determined upon crew arrival,In Progres,OUTAGE,Device (I),WWS,NORMAL,42.32215,-83.53935
SW26011500343,2026-01-15T18:01:49Z,2026-01-15T18:01:49Z,1,2026-01-15T17:34:11Z,2026-01-15T22:05:00Z,1,1,Determined upon crew arrival,New,OUTAGE,Single Customer,ANN,NORMAL,42.27367,-83.57056
SW26011500345,2026-01-15T18:01:49Z,2026-01-15T18:01:49Z,1,2026-01-15T17:37:04Z,2026-01-15T22:05:00Z,1,1,Determined upon crew arrival,New,OUTAGE,Single Customer,WWS,NORMAL,42.3271,-83.54504
SW26011500347,2026-01-15T18:01:49Z,2026-01-15T18:01:49Z,1,2026-01-15T17:21:57Z,2026-01-15T22:10:00Z,1,1,Determined upon crew arrival,PC3 Verifi,OUTAGE,Single Customer,WWS,NORMAL,42.32417,-83.54532
SW26011500348,2026-01-15T18:01:49Z,2026-01-15T18:01:49Z,1,2026-01-15T17:38:37Z,2026-01-15T22:10:00Z,1,1,Determined upon crew arrival,New,OUTAGE,Single Customer,WWS,NORMAL,42.32313,-83.54314
SW26011500349,2026-01-15T18:01:49Z,2026-01-15T18:01:49Z,1,2026-01-15T17:39:15Z,2026-01-15T22:10:00Z,1,1,Determined upon crew arrival,New,OUTAGE,Single Customer,ANN,NORMAL,42.3202,-83.55203
SW26011500351,2026-01-15T18:01:49Z,2026-01-15T18:01:49Z,1,2026-01-15T17:40:16Z,2026-01-15T22:10:00Z,1,1,Determined upon crew arrival,New,OUTAGE,Single Customer,WWS,NORMAL,42.31327,-83.54473
SW26011500352,2026-01-15T18:01:49Z,2026-01-15T18:01:49Z,1,2026-01-15T17:41:34Z,2026-01-15T22:10:00Z,1,1,Determined upon crew arrival,PC3 Verifi,OUTAGE,Single Customer,WWS,NORMAL,42.321,-83.54515
SW26011500355,2026-01-15T18:01:49Z,2026-01-15T18:01:49Z,1,2026-01-15T17:18:51Z,,15,15,Determined upon crew arrival,New,OUTAGE,Service Transformer,ANN,NORMAL,42.27182,-83.569
SW26011500357,2026-01-15T18:01:49Z,2026-01-15T18:01:49Z,1,2026-01-15T17:18:51Z,,2,2,Determined upon crew arrival,New,OUTAGE,Service Secondary,ANN,NORMAL,42.26997,-83.5678
SW26011500359,2026-01-15T18:01:49Z,2026-01-15T18:01:49Z,1,2026-01-15T17:18:51Z,,58,58,Determined upon crew arrival,New,OUTAGE,Device (I),ANN,NORMAL,42.27252,-83.56732
SW26011500360,2026-01-15T18:01:49Z,2026-01-15T18:01:49Z,1,2026-01-15T17:18:51Z,,70,70,Determined upon crew arrival,New,OUTAGE,Device (I),ANN,NORMAL,42.27358,-83.56192
NE26011500376,2026-01-15T18:54:33Z,2026-01-15T23:53:01Z,13,2026-01-15T17:53:06Z,2026-01-16T10:25:00Z,1,1,Equipment problem,In Progres,OUTAGE,Single Customer,MTC,NORMAL,42.53008,-82.92982
NE26011500406,2026-01-15T18:54:33Z,2026-01-16T19:52:48Z,48,2026-01-15T16:18:07Z,2026-01-16T22:50:00Z,1,1,Equipment problem,In Progres,OUTAGE,Single Customer,LAP,NORMAL,42.82155,-83.25864
NE26011500423,2026-01-15T18:54:33Z,2026-01-15T21:23:08Z,6,2026-01-15T18:32:09Z,2026-01-15T23:05:00Z,1,1,Equipment problem,In Progres,OUTAGE,Single Customer,MAR,NORMAL,42.99805,-82.64318
NW26011500368,2026-01-15T18:54:33Z,2026-01-15T18:54:33Z,1,2026-01-15T17:50:55Z,2026-01-15T22:20:00Z,1,1,Determined upon crew arrival,In Progres,OUTAGE,Single Customer,PON,NORMAL,42.8644,-83.42854
NW26011500374,2026-01-15T18:54:33Z,2026-01-16T01:51:29Z,14,2026-01-15T17:53:17Z,2026-01-16T10:25:00Z,1,1,Equipment problem,In Progres,OUTAGE,Single Customer,PON,NORMAL,42.69275,-83.52751
NW26011500382,2026-01-15T18:54:33Z,2026-01-15T19:45:43Z,3,2026-01-15T18:04:25Z,2026-01-15T22:35:00Z,1,1,Determined upon crew arrival,In Progres,OUTAGE,Single Customer,PON,NORMAL,42.64414,-83.47333
NW26011500395,2026-01-15T18:54:33Z,2026-01-15T23:53:01Z,13,2026-01-15T13:34:01Z,2026-01-16T10:45:00Z,1,1,Equipment problem,In Progres,OUTAGE,Single Customer,PON,NORMAL,42.60767,-83.1906
NW26011500396,2026-01-15T18:54:33Z,2026-01-15T23:53:01Z,13,2026-01-14T21:38:52Z,2026-01-16T10:45:00Z,1,1,Equipment problem,In Progres,OUTAGE,Single Customer,PON,NORMAL,42.53378,-83.22739
NW26011500402,2026-01-15T18:54:33Z,2026-01-16T04:58:34Z,17,2026-01-15T18:18:11Z,2026-01-16T10:50:00Z,1,1,Equipment problem,In Progres,OUTAGE,Single Customer,PON,NORMAL,42.55335,-83.31917
NW26011500405,2026-01-15T18:54:33Z,2026-01-15T23:53:01Z,13,2026-01-15T13:02:27Z,2026-01-16T02:50:00Z,10,10,Determined upon crew arrival,In Progres,OUTAGE,Device (I),PON,NORMAL,42.80536,-83.42229
SE26011500381,2026-01-15T18:54:33Z,2026-01-15T18:54:33Z,1,2026-01-15T18:00:48Z,2026-01-15T22:30:00Z,25,25,Determined upon crew arrival,In Progres,OUTAGE,Service Transformer,RFD,NORMAL,42.51563,-83.12887
SE26011500397,2026-01-15T18:54:33Z,2026-01-15T23:53:01Z,13,2026-01-15T17:15:43Z,2026-01-16T10:45:00Z,1,1,Equipment problem,In Progres,OUTAGE,Single Customer,RFD,NORMAL,42.53303,-83.10376
SE26011500400,2026-01-15T18:54:33Z,2026-01-15T23:53:01Z,13,2026-01-15T18:09:59Z,2026-01-16T10:45:00Z,1,1,Equipment problem,In Progres,OUTAGE,Single Customer,RFD,NORMAL,42.28813,-83.25692
SE26011500410,2026-01-15T18:54:33Z,2026-01-15T23:53:01Z,13,2026-01-15T18:22:26Z,2026-01-16T10:55:00Z,1,1,Determined upon crew arrival,In Progres,OUTAGE,Single Customer,CAN,NORMAL,42.40652,-82.9392
SE26011500412,2026-01-15T18:54:33Z,2026-01-15T18:54:33Z,1,2026-01-15T18:15:39Z,2026-01-15T22:55:00Z,1,1,Determined upon crew arrival,In Progres,OUTAGE,Single Customer,RFD,NORMAL,42.25655,-83.15331
SW26011500375,2026-01-15T18:54:33Z,2026-01-15T18:54:33Z,1,2026-01-15T17:54:09Z,2026-01-15T22:25:00Z,1,1,Determined upon crew arrival,In Progres,OUTAGE,Single Customer,WWS,NORMAL,42.1925,-83.54233
SW26011500383,2026-01-15T18:54:33Z,2026-01-15T19:45:43Z,3,2026-01-15T18:04:55Z,2026-01-15T22:35:00Z,1,1,Determined upon crew arrival,In Progres,OUTAGE,Single Customer,WWS,NORMAL,42.41574,-83.44573
NW26011500436,2026-01-15T19:25:17Z,2026-01-16T01:51:29Z,13,2026-01-15T17:07:24Z,2026-01-16T11:25:00Z,1,1,Equipment problem,In Progres,OUTAGE,Single Customer,PON,NORMAL,42.58001,-83.21791
SE26011500432,2026-01-15T19:25:17Z,2026-01-16T08:32:13Z,23,2026-01-15T18:38:16Z,2026-01-16T15:15:00Z,1,1,Equipment problem,In Progres,OUTAGE,Service Secondary,RFD,NORMAL,42.49784,-83.28578
SE26011500438,2026-01-15T19:25:17Z,2026-01-16T01:51:29Z,13,2026-01-15T18:58:31Z,2026-01-16T11:30:00Z,1,1,Determined upon crew arrival,In Progres,OUTAGE,Single Customer,CAN,NORMAL,42.40371,-83.05961
SE26011500440,2026-01-15T19:25:17Z,2026-01-16T06:35:59Z,19,2026-01-15T18:39:23Z,2026-01-16T11:30:00Z,1,1,Determined upon crew arrival,In Progres,OUTAGE,Single Customer,RFD,NORMAL,42.47553,-83.22912
SE26011500449,2026-01-15T19:25:17Z,2026-01-15T21:23:08Z,5,2026-01-15T19:11:51Z,2026-01-15T23:40:00Z,2,2,Equipment problem,In Progres,OUTAGE,Service Secondary,CAN,NORMAL,42.38499,-83.10244
SW26011500443,2026-01-15T19:25:17Z,2026-01-15T22:46:26Z,9,2026-01-15T18:18:23Z,2026-01-15T23:35:00Z,1,1,Determined upon crew arrival,In Progres,OUTAGE,Single Customer,WWS,NORMAL,42.29891,-83.5333
NW26011500460,2026-01-15T19:45:43Z,2026-01-15T19:45:43Z,1,2026-01-15T19:11:43Z,2026-01-15T23:55:00Z,1,1,Determined upon crew arrival,New,OUTAGE,Single Customer,HWL,NORMAL,42.4872,-83.91714
SE26011500453,2026-01-15T19:45:43Z,2026-01-15T20:27:25Z,2,2026-01-15T19:18:11Z,2026-01-15T23:50:00Z,1,1,Determined upon crew arrival,In Progres,OUTAGE,Single Customer,CAN,NORMAL,42.40381,-83.06067
SE26011500459,2026-01-15T19:45:43Z,2026-01-15T22:46:26Z,8,2026-01-15T19:25:44Z,2026-01-15T23:55:00Z,7,7,Determined upon crew arrival,In Progres,OUTAGE,Service Transformer,RFD,NORMAL,42.5106,-83.25419
NE26011500478,2026-01-15T20:27:25Z,2026-01-15T21:54:40Z,5,2026-01-15T16:13:13Z,2026-01-16T00:30:00Z,1,1,Determined upon crew arrival,In Progres,OUTAGE,Single Customer,MTC,NORMAL,42.53094,-82.91745
NW26011500485,2026-01-15T20:27:25Z,2026-01-15T21:54:40Z,5,2026-01-15T19:11:43Z,2026-01-16T00:45:00Z,1,1,Equipment problem,In Progres,OUTAGE,Single Customer,HWL,NORMAL,42.4872,-83.91714
SE26011500463,2026-01-15T20:27:25Z,2026-01-16T19:29:12Z,43,2026-01-15T19:30:01Z,2026-01-17T00:05:00Z,1,1,Public Interference w/DTE equip,In Progres,OUTAGE,Single Customer,RFD,NORMAL,42.48832,-83.18584
SE26011500473,2026-01-15T20:27:25Z,2026-01-15T20:49:33Z,2,2026-01-15T19:47:37Z,2026-01-16T00:20:00Z,2,2,Determined upon crew arrival,PC3 Verifi,OUTAGE,Service Secondary,RFD,NORMAL,42.5106,-83.25419
SE26011500475,2026-01-15T20:27:25Z,2026-01-15T23:53:01Z,10,2026-01-15T19:38:17Z,2026-01-16T00:25:00Z,1,1,Determined upon crew arrival,In Progres,OUTAGE,Single Customer,RFD,NORMAL,42.32503,-83.27041
SW26011500487,2026-01-15T20:27:25Z,2026-01-15T23:53:01Z,10,2026-01-15T20:14:09Z,2026-01-16T00:45:00Z,1,1,Problem with the customer equip,In Progres,PRIORITY,,WWS,NORMAL,42.19378,-83.36627
SW26011500488,2026-01-15T20:27:25Z,2026-01-15T20:27:25Z,1,2026-01-15T19:59:05Z,,1,1,Determined upon crew arrival,New,OUTAGE,Single Customer,WWS,NORMAL,42.20464,-83.47704
SE26011500509,2026-01-15T21:23:08Z,2026-01-16T03:40:23Z,10,2026-01-15T20:48:50Z,2026-01-16T13:20:00Z,1,1,Equipment problem,In Progres,OUTAGE,Single Customer,CAN,NORMAL,42.44328,-82.94171
SE26011500529,2026-01-15T21:23:08Z,2026-01-15T21:43:32Z,2,2026-01-15T16:53:18Z,2026-01-16T01:45:00Z,1,1,Determined upon crew arrival,New,OUTAGE,Single Customer,RFD,NORMAL,42.44163,-83.25968
SW26011500533,2026-01-15T21:43:32Z,2026-01-15T21:54:40Z,2,2026-01-15T21:02:04Z,2026-01-16T01:45:00Z,1,1,Determined upon crew arrival,In Progres,OUTAGE,Single Customer,WWS,NORMAL,42.45185,-83.47643
NE26011500541,2026-01-15T21:54:40Z,2026-01-15T22:46:26Z,3,2026-01-15T21:34:29Z,2026-01-16T02:05:00Z,57,57,Equipment problem,In Progres,OUTAGE,Device (I),MTC,NORMAL,42.57486,-82.91551
SE26011500547,2026-01-15T21:54:40Z,2026-01-16T09:35:59Z,19,2026-01-15T21:30:45Z,2026-01-16T14:10:00Z,1,1,Determined upon crew arrival,In Progres,OUTAGE,Single Customer,RFD,NORMAL,42.50304,-83.22173
SE26011500552,2026-01-15T21:54:40Z,2026-01-15T21:54:40Z,1,2026-01-15T21:45:05Z,,1,1,Determined upon crew arrival,New,OUTAGE,Single Customer,CAN,NORMAL,42.43769,-83.02151
SW26011500550,2026-01-15T21:54:40Z,2026-01-15T21:54:40Z,1,2026-01-15T21:28:45Z,,1,1,Determined upon crew arrival,New,OUTAGE,Single Customer,ANN,NORMAL,42.16913,-83.82294
NE26011500569,2026-01-15T22:23:27Z,2026-01-15T23:53:01Z,5,2026-01-15T22:04:32Z,2026-01-16T02:35:00Z,1,1,Determined upon crew arrival,In Progres,OUTAGE,Single Customer,NAE,NORMAL,43.47845,-83.38628
SE26011500571,2026-01-15T22:23:27Z,2026-01-16T07:53:10Z,15,2026-01-15T22:08:56Z,2026-01-16T14:40:00Z,1,1,Determined upon crew arrival,In Progres,OUTAGE,Single Customer,RFD,NORMAL,42.47546,-83.23222
SE26011500574,2026-01-15T22:23:27Z,2026-01-16T01:51:29Z,6,2026-01-15T16:33:24Z,2026-01-16T02:40:00Z,1,1,Determined upon crew arrival,In Progres,OUTAGE,Single Customer,CAN,NORMAL,42.38491,-82.94883
SW26011500560,2026-01-15T22:23:27Z,2026-01-15T23:53:01Z,5,2026-01-15T21:28:45Z,2026-01-16T02:25:00Z,1,1,Equipment problem,In Progres,OUTAGE,Single Customer,ANN,NORMAL,42.16913,-83.82294
SW26011500573,2026-01-15T22:23:27Z,2026-01-15T23:42:33Z,4,2026-01-15T22:06:50Z,2026-01-16T02:40:00Z,7,7,Equipment problem,In Progres,OUTAGE,Service Transformer,ANN,NORMAL,42.2438,-83.60181
NE26011500589,2026-01-15T23:22:18Z,2026-01-16T01:51:29Z,4,2026-01-15T22:37:45Z,2026-01-16T03:10:00Z,1,1,Determined upon crew arrival,In Progres,OUTAGE,Single Customer,MTC,NORMAL,42.46266,-82.98455
NE26011500590,2026-01-15T23:22:18Z,2026-01-15T23:53:01Z,3,2026-01-15T22:31:04Z,2026-01-16T03:10:00Z,4,4,Determined upon crew arrival,In Progres,OUTAGE,Service Transformer,LAP,NORMAL,43.05704,-83.36102
NW26011500591,2026-01-15T23:22:18Z,2026-01-15T23:53:01Z,3,2026-01-15T22:19:34Z,2026-01-16T03:15:00Z,1,1,Determined upon crew arrival,In Progres,OUTAGE,Single Customer,PON,NORMAL,42.65271,-83.25626
NW26011500598,2026-01-15T23:22:18Z,2026-01-16T01:51:29Z,4,2026-01-15T23:13:13Z,2026-01-16T03:45:00Z,1,1,Equipment problem,In Progres,OUTAGE,Single Customer,PON,NORMAL,42.56851,-83.46693
SE26011500594,2026-01-15T23:22:18Z,2026-01-15T23:22:18Z,1,2026-01-15T22:54:14Z,2026-01-16T03:25:00Z,1,1,Determined upon crew arrival,New,OUTAGE,Single Customer,RFD,NORMAL,42.4252,-83.24098
NW26011500605,2026-01-15T23:42:33Z,2026-01-16T01:51:29Z,3,2026-01-15T23:28:26Z,2026-01-16T04:00:00Z,1,1,Equipment problem,In Progres,OUTAGE,Single Customer,SBY,NORMAL,42.55273,-83.06296
SE26011500601,2026-01-15T23:42:33Z,2026-01-16T01:51:29Z,3,2026-01-15T23:20:25Z,2026-01-16T03:50:00Z,1,1,Equipment problem,In Progres,SERVICE DOWN NO,,RFD,NORMAL,42.38918,-83.18774
NE26011500608,2026-01-15T23:53:01Z,2026-01-15T23:53:01Z,1,2026-01-15T23:44:41Z,,1,1,Determined upon crew arrival,New,OUTAGE,Single Customer,MTC,NORMAL,42.57146,-82.78757
SE26011500606,2026-01-15T23:53:01Z,2026-01-15T23:53:01Z,1,2026-01-15T23:27:38Z,,1,1,Determined upon crew arrival,New,OUTAGE,Single Customer,CAN,NORMAL,42.41333,-83.10457
NE26011500631,2026-01-16T01:51:29Z,2026-01-16T01:51:29Z,1,2026-01-16T00:49:05Z,2026-01-16T05:25:00Z,1,1,Determined upon crew arrival,In Progres,OUTAGE,Single Customer,MAR,NORMAL,42.72461,-82.62185
NE26011500632,2026-01-16T01:51:29Z,2026-01-16T01:51:29Z,1,2026-01-16T00:48:45Z,2026-01-16T05:25:00Z,1,1,Determined upon crew arrival,In Progres,OUTAGE,Single Customer,MAR,NORMAL,42.72503,-82.60474
NE26011500649,2026-01-16T01:51:29Z,2026-01-16T01:51:29Z,1,2026-01-16T01:11:13Z,2026-01-16T05:40:00Z,1,1,Determined upon crew arrival,In Progres,OUTAGE,Single Customer,MAR,NORMAL,42.7248,-82.61327
NW26011500614,2026-01-16T01:51:29Z,2026-01-16T14:34:04Z,23,2026-01-16T00:06:08Z,2026-01-16T16:35:00Z,1,1,Equipment problem,In Progres,OUTAGE,Single Customer,SBY,NORMAL,42.63825,-83.14557
NW26011500635,2026-01-16T01:51:29Z,2026-01-16T12:48:42Z,20,2026-01-16T00:55:42Z,2026-01-16T13:25:00Z,186,38,Equipment problem,In Progres,OUTAGE,Device (II),SBY,NORMAL,42.69091,-83.07959
NW26011500662,2026-01-16T01:51:29Z,2026-01-16T01:51:29Z,1,2026-01-16T01:35:38Z,2026-01-16T06:05:00Z,1,1,Determined upon crew arrival,New,OUTAGE,Single Customer,SBY,NORMAL,42.69072,-83.0815
SE26011500618,2026-01-16T01:51:29Z,2026-01-16T04:27:08Z,3,2026-01-16T00:14:08Z,2026-01-16T04:45:00Z,1,1,Determined upon crew arrival,In Progres,OUTAGE,Single Customer,RFD,NORMAL,42.39301,-83.22308
SW26011500613,2026-01-16T01:51:29Z,2026-01-16T14:58:11Z,24,2026-01-16T00:02:42Z,2026-01-16T16:35:00Z,1,1,Equipment problem,In Progres,OUTAGE,Single Customer,WWS,NORMAL,42.29937,-83.29453
NE26011500666,2026-01-16T03:40:23Z,2026-01-16T09:55:36Z,13,2026-01-16T01:47:23Z,2026-01-16T18:15:00Z,1,1,Equipment problem,In Progres,OUTAGE,Single Customer,MTC,NORMAL,42.51631,-82.88983
NE26011500676,2026-01-16T03:40:23Z,2026-01-16T13:59:36Z,21,2026-01-16T02:06:23Z,2026-01-16T19:00:00Z,1,1,Determined upon crew arrival,In Progres,OUTAGE,Single Customer,LAP,NORMAL,43.23261,-83.19474
NE26011500683,2026-01-16T03:40:23Z,2026-01-16T15:33:04Z,24,2026-01-16T03:19:51Z,2026-01-16T15:50:00Z,2,2,Equipment problem,In Progres,OUTAGE,Service Secondary,MAR,NORMAL,43.02406,-82.44862
NW26011500678,2026-01-16T03:40:23Z,2026-01-16T14:34:04Z,22,2026-01-16T02:47:30Z,2026-01-16T19:20:00Z,1,1,Determined upon crew arrival,In Progres,OUTAGE,Single Customer,SBY,NORMAL,42.57073,-83.01213
NW26011500684,2026-01-16T03:40:23Z,2026-01-16T05:55:09Z,5,2026-01-16T02:51:32Z,2026-01-16T07:55:00Z,1,1,Determined upon crew arrival,In Progres,OUTAGE,Single Customer,PON,NORMAL,42.64004,-83.31992
SW26011500669,2026-01-16T03:40:23Z,2026-01-16T04:27:08Z,2,2026-01-15T16:50:55Z,2026-01-16T06:35:00Z,1,1,Determined upon crew arrival,In Progres,OUTAGE,Single Customer,NPT,NORMAL,41.86386,-83.63488
SW26011500687,2026-01-16T04:27:08Z,2026-01-16T04:27:08Z,1,2026-01-16T04:03:41Z,2026-01-16T08:35:00Z,1,1,Determined upon crew arrival,New,OUTAGE,Single Customer,NPT,NORMAL,41.93156,-83.32445
SW26011500688,2026-01-16T04:27:08Z,2026-01-16T05:34:26Z,3,2026-01-16T04:02:36Z,2026-01-16T08:40:00Z,6,6,Determined upon crew arrival,In Progres,OUTAGE,Service Transformer,NPT,NORMAL,41.94736,-83.31017
NW26011500694,2026-01-16T05:34:26Z,2026-01-16T16:33:36Z,23,2026-01-15T15:58:40Z,2026-01-16T21:20:00Z,1,1,Determined upon crew arrival,In Progres,OUTAGE,Single Customer,SBY,NORMAL,42.8162,-83.02402
SE26011500697,2026-01-16T05:34:26Z,2026-01-16T07:53:10Z,6,2026-01-15T16:32:45Z,2026-01-16T09:30:00Z,1,1,Determined upon crew arrival,In Progres,OUTAGE,Single Customer,RFD,NORMAL,42.44163,-83.25968
NE26011600013,2026-01-16T06:35:59Z,2026-01-16T16:33:36Z,21,2026-01-16T05:44:08Z,2026-01-16T22:35:00Z,1,1,Determined upon crew arrival,In Progres,OUTAGE,Single Customer,MTC,NORMAL,42.56051,-82.93936
SW26011600010,2026-01-16T06:35:59Z,2026-01-16T14:58:11Z,18,2026-01-16T05:52:08Z,2026-01-16T18:20:00Z,14,14,Equipment problem,In Progres,OUTAGE,Service Transformer,WWS,NORMAL,42.47807,-83.4583
SE26011600019,2026-01-16T07:53:10Z,2026-01-16T08:32:13Z,2,2026-01-16T07:30:21Z,2026-01-16T12:00:00Z,1,1,Determined upon crew arrival,In Progres,OUTAGE,Single Customer,CAN,NORMAL,42.3907,-83.13245
SW26011600030,2026-01-16T09:35:59Z,2026-01-16T14:58:11Z,12,2026-01-16T09:02:45Z,2026-01-16T17:55:00Z,16,16,Equipment problem,In Progres,OUTAGE,Service Transformer,NPT,NORMAL,42.15296,-83.15974
SW26011600035,2026-01-16T10:27:05Z,2026-01-16T10:27:05Z,1,2026-01-16T09:02:45Z,2026-01-16T14:35:00Z,1,1,Determined upon crew arrival,New,OUTAGE,Single Customer,NPT,NORMAL,42.15277,-83.15841
SW26011600036,2026-01-16T10:27:05Z,2026-01-16T10:27:05Z,1,2026-01-16T10:13:11Z,,1,1,Determined upon crew arrival,New,OUTAGE,Single Customer,NPT,NORMAL,42.15232,-83.15675
SW26011600042,2026-01-16T11:20:34Z,2026-01-16T11:42:32Z,2,2026-01-16T10:58:56Z,2026-01-16T15:30:00Z,1,1,Determined upon crew arrival,New,OUTAGE,Single Customer,NPT,NORMAL,42.15302,-83.16107
NE26011600046,2026-01-16T11:42:32Z,2026-01-16T13:59:36Z,5,2026-01-16T10:56:34Z,2026-01-16T15:35:00Z,1,1,Determined upon crew arrival,In Progres,OUTAGE,Single Customer,MTC,NORMAL,42.62939,-82.86347
SW26011600050,2026-01-16T11:42:32Z,2026-01-16T16:33:36Z,10,2026-01-16T04:25:24Z,2026-01-17T03:55:00Z,1,1,Determined upon crew arrival,In Progres,OUTAGE,Single Customer,WWS,NORMAL,42.40399,-83.43178
NE26011600063,2026-01-16T13:38:18Z,2026-01-16T14:58:11Z,4,2026-01-16T12:33:51Z,2026-01-16T17:05:00Z,1,1,Meter Issue,In Progres,OUTAGE,Single Customer,MTC,NORMAL,42.47804,-82.93425
NW26011600094,2026-01-16T13:38:18Z,2026-01-16T13:38:18Z,1,2026-01-15T23:13:13Z,,1,1,Determined upon crew arrival,New,OUTAGE,Single Customer,PON,NORMAL,42.56851,-83.46693
SE26011600082,2026-01-16T13:38:18Z,2026-01-16T17:00:54Z,8,2026-01-16T13:09:20Z,2026-01-16T17:40:00Z,1,1,Equipment problem,In Progres,OUTAGE,Single Customer,RFD,NORMAL,42.30761,-83.27214
SE26011600085,2026-01-16T13:38:18Z,2026-01-16T19:01:03Z,12,2026-01-16T13:18:08Z,2026-01-17T05:50:00Z,1,1,Determined upon crew arrival,Pending,OUTAGE,Single Customer,RFD,NORMAL,42.40228,-83.1449
SE26011600093,2026-01-16T13:38:18Z,2026-01-16T15:33:04Z,5,2026-01-16T13:29:03Z,2026-01-16T18:00:00Z,1,1,Equipment problem,In Progres,OUTAGE,Single Customer,CAN,NORMAL,42.36663,-83.09201
SW26011600081,2026-01-16T13:38:18Z,2026-01-16T14:34:04Z,3,2026-01-16T12:37:46Z,2026-01-16T17:35:00Z,1,1,Determined upon crew arrival,In Progres,OUTAGE,Single Customer,WWS,NORMAL,42.29332,-83.37535
SW26011600097,2026-01-16T13:59:36Z,2026-01-16T16:33:36Z,6,2026-01-16T13:35:31Z,2026-01-16T18:05:00Z,1,1,Determined upon crew arrival,In Progres,OUTAGE,Single Customer,WWS,NORMAL,42.45009,-83.462
SW26011600098,2026-01-16T13:59:36Z,2026-01-16T17:55:04Z,9,2026-01-16T13:37:38Z,2026-01-16T18:10:00Z,1,1,Determined upon crew arrival,In Progres,OUTAGE,Single Customer,WWS,NORMAL,42.3019,-83.38722
NE26011600119,2026-01-16T14:58:11Z,2026-01-16T14:58:11Z,1,2026-01-16T14:21:16Z,2026-01-16T18:55:00Z,2,2,Determined upon crew arrival,In Progres,OUTAGE,Service Secondary,LAP,NORMAL,43.04285,-83.23881
NE26011600124,2026-01-16T14:58:11Z,2026-01-16T15:33:04Z,2,2026-01-16T14:32:43Z,2026-01-16T19:05:00Z,2,2,Determined upon crew arrival,In Progres,OUTAGE,Service Secondary,LAP,NORMAL,43.05116,-83.31797
NE26011600125,2026-01-16T14:58:11Z,2026-01-16T15:33:04Z,2,2026-01-16T14:21:13Z,2026-01-16T19:05:00Z,14,14,Animal/bird damaged DTE equip,In Progres,OUTAGE,Device (I),LAP,NORMAL,43.04142,-83.23684
NE26011600145,2026-01-16T14:58:11Z,2026-01-16T15:33:04Z,2,2026-01-16T14:40:19Z,2026-01-16T19:10:00Z,1,1,Determined upon crew arrival,In Progres,OUTAGE,Single Customer,LAP,NORMAL,43.05416,-83.32792
NE26011600147,2026-01-16T14:58:11Z,2026-01-16T19:01:03Z,9,2026-01-16T14:43:25Z,2026-01-16T19:15:00Z,1,1,Equipment problem,In Progres,OUTAGE,Single Customer,MTC,NORMAL,42.8895,-82.8862
SE26011600148,2026-01-16T14:58:11Z,2026-01-16T14:58:11Z,1,2026-01-16T14:44:50Z,,1,1,Determined upon crew arrival,New,OUTAGE,Single Customer,RFD,NORMAL,42.39784,-83.20946
NE26011600172,2026-01-16T15:33:04Z,2026-01-16T18:34:57Z,7,2026-01-16T15:11:15Z,2026-01-16T19:40:00Z,1,1,Determined upon crew arrival,In Progres,SERVICE DOWN NO,,LAP,NORMAL,43.20198,-83.17412
NW26011600173,2026-01-16T15:33:04Z,2026-01-16T17:00:54Z,4,2026-01-16T15:12:16Z,2026-01-16T19:40:00Z,1,1,Equipment problem,In Progres,OUTAGE,Single Customer,PON,NORMAL,42.73582,-83.45657
SE26011600153,2026-01-16T15:33:04Z,2026-01-16T15:33:04Z,1,2026-01-16T14:51:38Z,2026-01-16T19:20:00Z,1,1,Determined upon crew arrival,New,OUTAGE,Single Customer,RFD,NORMAL,42.42695,-83.25634
SE26011600166,2026-01-16T15:33:04Z,2026-01-16T17:00:54Z,4,2026-01-16T15:06:19Z,2026-01-16T19:35:00Z,1,1,Determined upon crew arrival,In Progres,OUTAGE,Single Customer,RFD,NORMAL,42.32504,-83.1454
SE26011600171,2026-01-16T15:33:04Z,2026-01-16T15:33:04Z,1,2026-01-16T14:55:56Z,2026-01-16T19:40:00Z,1,1,Determined upon crew arrival,New,OUTAGE,Single Customer,RFD,NORMAL,42.32833,-83.22513
SE26011600174,2026-01-16T15:33:04Z,2026-01-16T16:33:36Z,3,2026-01-16T15:12:27Z,2026-01-16T19:40:00Z,1,1,Equipment problem,In Progres,OUTAGE,Single Customer,CAN,NORMAL,42.3445,-83.10083
SW26011600149,2026-01-16T15:33:04Z,2026-01-16T15:55:59Z,2,2026-01-16T14:46:14Z,2026-01-16T19:15:00Z,1,1,Determined upon crew arrival,In Progres,OUTAGE,Service Transformer,NPT,NORMAL,42.02021,-83.39724
SW26011600150,2026-01-16T15:33:04Z,2026-01-16T23:53:19Z,22,2026-01-16T14:48:12Z,2026-01-17T07:20:00Z,1,1,Equipment problem,In Progres,OUTAGE,Single Customer,WWS,NORMAL,42.47958,-83.44085
SW26011600155,2026-01-16T15:33:04Z,2026-01-16T18:34:57Z,7,2026-01-16T14:53:05Z,2026-01-16T19:25:00Z,1,1,Determined upon crew arrival,In Progres,OUTAGE,Single Customer,NPT,NORMAL,42.00832,-83.31318
SW26011600159,2026-01-16T15:33:04Z,2026-01-16T16:33:36Z,3,2026-01-16T14:59:29Z,2026-01-16T19:30:00Z,30,30,Equipment problem,In Progres,OUTAGE,Device (I),NPT,NORMAL,42.12003,-83.2234
SW26011600163,2026-01-16T15:33:04Z,2026-01-16T16:33:36Z,3,2026-01-16T15:03:10Z,2026-01-16T19:35:00Z,1,1,Determined upon crew arrival,In Progres,OUTAGE,Single Customer,ANN,NORMAL,42.12472,-83.69542
SW26011600167,2026-01-16T15:33:04Z,2026-01-16T20:56:00Z,14,2026-01-16T15:07:07Z,2026-01-16T23:35:00Z,2,2,Equipment problem,In Progres,OUTAGE,Service Secondary,WWS,NORMAL,42.1327,-83.32976
NW26011600189,2026-01-16T15:55:59Z,2026-01-16T17:55:04Z,5,2026-01-16T15:36:59Z,2026-01-16T20:05:00Z,1,1,Determined upon crew arrival,In Progres,OUTAGE,Single Customer,PON,NORMAL,42.8646,-83.42979
NW26011600193,2026-01-16T15:55:59Z,2026-01-16T15:55:59Z,1,2026-01-16T15:27:46Z,,1,1,Determined upon crew arrival,New,OUTAGE,Single Customer,PON,NORMAL,42.58565,-83.13408
SE26011600186,2026-01-16T15:55:59Z,2026-01-16T17:00:54Z,3,2026-01-16T15:22:54Z,2026-01-16T20:00:00Z,1,1,Determined upon crew arrival,In Progres,OUTAGE,Single Customer,RFD,NORMAL,42.5162,-83.13137
SE26011600198,2026-01-16T15:55:59Z,2026-01-16T19:01:03Z,7,2026-01-16T15:44:56Z,2026-01-16T20:15:00Z,1,1,Determined upon crew arrival,In Progres,OUTAGE,Single Customer,RFD,NORMAL,42.34823,-83.26333
SW26011600178,2026-01-16T15:55:59Z,2026-01-16T19:41:53Z,9,2026-01-16T15:17:29Z,2026-01-16T19:50:00Z,2,2,Determined upon crew arrival,In Progres,OUTAGE,Service Secondary,WWS,NORMAL,42.39753,-83.39798
SW26011600190,2026-01-16T15:55:59Z,2026-01-16T19:01:03Z,7,2026-01-16T12:37:46Z,2026-01-16T20:10:00Z,1,1,Determined upon crew arrival,In Progres,OUTAGE,Single Customer,WWS,NORMAL,42.29332,-83.37535
SW26011600203,2026-01-16T16:33:36Z,2026-01-16T20:43:23Z,11,2026-01-16T15:49:33Z,2026-01-17T08:20:00Z,1,1,Determined upon crew arrival,In Progres,OUTAGE,Single Customer,WWS,NORMAL,42.45655,-83.51592
SW26011600209,2026-01-16T16:33:36Z,2026-01-16T17:55:04Z,4,2026-01-16T15:52:06Z,2026-01-16T20:20:00Z,1,1,Determined upon crew arrival,In Progres,OUTAGE,Single Customer,WWS,NORMAL,42.30895,-83.36647
SE26011600213,2026-01-16T17:00:54Z,2026-01-16T17:55:04Z,3,2026-01-16T16:01:13Z,2026-01-16T20:30:00Z,1,1,Equipment problem,In Progres,SERVICE DOWN NO,,RFD,NORMAL,42.3932,-83.23322
SE26011600233,2026-01-16T17:00:54Z,2026-01-16T20:23:03Z,9,2026-01-16T16:27:38Z,2026-01-16T21:00:00Z,1,1,Equipment problem,In Progres,OUTAGE,Single Customer,RFD,NORMAL,42.31383,-83.27109
SW26011600221,2026-01-16T17:00:54Z,2026-01-16T17:55:04Z,3,2026-01-16T16:12:13Z,2026-01-16T20:40:00Z,1,1,Determined upon crew arrival,In Progres,OUTAGE,Single Customer,WWS,NORMAL,42.30987,-83.36648
SW26011600229,2026-01-16T17:00:54Z,2026-01-16T17:00:54Z,1,2026-01-16T16:22:17Z,2026-01-16T20:50:00Z,1,1,Determined upon crew arrival,In Progres,OUTAGE,Single Customer,ANN,NORMAL,42.17547,-83.67752
SW26011600235,2026-01-16T17:00:54Z,2026-01-16T19:01:03Z,5,2026-01-16T16:22:56Z,2026-01-16T21:00:00Z,33,33,Determined upon crew arrival,In Progres,OUTAGE,Service Transformer,WWS,NORMAL,42.49814,-83.36334
SW26011600239,2026-01-16T17:00:54Z,2026-01-16T19:01:03Z,5,2026-01-16T16:31:45Z,2026-01-16T21:05:00Z,12,12,Equipment problem,In Progres,OUTAGE,Service Transformer,WWS,NORMAL,42.21338,-83.51501
SW26011600243,2026-01-16T17:00:54Z,2026-01-16T17:55:04Z,3,2026-01-16T16:39:07Z,2026-01-16T21:10:00Z,455,455,Determined upon crew arrival,In Progres,OUTAGE,Device (II),ANN,NORMAL,42.27125,-83.54592
SW26011600257,2026-01-16T17:00:54Z,2026-01-16T17:55:04Z,3,2026-01-16T16:43:20Z,2026-01-16T21:15:00Z,1,1,Determined upon crew arrival,In Progres,PRIORITY,,ANN,NORMAL,42.27666,-83.55253
NE26011600281,2026-01-16T17:39:32Z,2026-01-16T19:01:03Z,4,2026-01-16T17:08:05Z,2026-01-16T21:40:00Z,1,1,Determined upon crew arrival,In Progres,OUTAGE,Single Customer,MTC,NORMAL,42.7607,-82.92931
NW26011600290,2026-01-16T17:39:32Z,2026-01-16T17:39:32Z,1,2026-01-16T17:27:31Z,,1,1,Determined upon crew arrival,New,OUTAGE,Single Customer,HWL,NORMAL,42.70227,-84.35645
SE26011600270,2026-01-16T17:39:32Z,2026-01-16T22:46:14Z,15,2026-01-16T16:58:59Z,2026-01-17T09:30:00Z,1,1,Equipment problem,In Progres,OUTAGE,Single Customer,RFD,NORMAL,42.46452,-83.11571
SE26011600278,2026-01-16T17:39:32Z,2026-01-16T23:53:19Z,18,2026-01-16T14:52:51Z,2026-01-17T09:35:00Z,1,1,Equipment problem,In Progres,OUTAGE,Single Customer,RFD,NORMAL,42.48274,-83.17179
NE26011600305,2026-01-16T17:55:04Z,2026-01-16T19:52:48Z,6,2026-01-16T17:40:51Z,2026-01-16T22:10:00Z,1,1,Determined upon crew arrival,In Progres,OUTAGE,Single Customer,MTC,NORMAL,42.52394,-83.03161
NE26011600307,2026-01-16T17:55:04Z,2026-01-16T17:55:04Z,1,2026-01-16T17:28:35Z,,1,1,Determined upon crew arrival,New,OUTAGE,Single Customer,LAP,NORMAL,42.92079,-83.1981
SE26011600306,2026-01-16T17:55:04Z,2026-01-17T16:46:09Z,46,2026-01-16T17:42:13Z,2026-01-17T22:10:00Z,1,1,Equipment problem,In Progres,OUTAGE,Single Customer,RFD,NORMAL,42.43002,-83.25164
NW26011600313,2026-01-16T18:34:57Z,2026-01-16T20:56:00Z,8,2026-01-16T17:02:18Z,2026-01-16T22:25:00Z,1,1,Determined upon crew arrival,In Progres,OUTAGE,Single Customer,HWL,NORMAL,42.4809,-83.82636
SE26011600318,2026-01-16T18:34:57Z,2026-01-16T20:23:03Z,6,2026-01-16T18:16:00Z,2026-01-16T22:45:00Z,1,1,Meter Issue,In Progres,OUTAGE,Single Customer,RFD,NORMAL,42.50453,-83.10145
SE26011600325,2026-01-16T18:34:57Z,2026-01-16T20:56:00Z,8,2026-01-16T16:08:35Z,2026-01-16T22:55:00Z,1,1,Determined upon crew arrival,In Progres,OUTAGE,Single Customer,CAN,NORMAL,42.40173,-82.96079
SE26011600327,2026-01-16T18:34:57Z,2026-01-17T19:51:12Z,52,2026-01-16T18:28:07Z,2026-01-17T23:00:00Z,1,1,Equipment problem,In Progres,OUTAGE,Single Customer,RFD,NORMAL,42.32833,-83.22513
NE26011600330,2026-01-16T19:01:03Z,2026-01-16T19:41:53Z,3,2026-01-16T18:23:19Z,2026-01-16T23:00:00Z,1,1,Determined upon crew arrival,In Progres,OUTAGE,Single Customer,MTC,NORMAL,42.59611,-82.8625
SE26011600358,2026-01-16T19:29:12Z,2026-01-16T23:21:08Z,12,2026-01-16T18:49:06Z,2026-01-16T23:40:00Z,1,1,Wind damage,In Progres,OUTAGE,Single Customer,CAN,NORMAL,42.44068,-82.95195
SE26011600362,2026-01-16T19:29:12Z,2026-01-16T19:52:48Z,3,2026-01-16T19:06:31Z,2026-01-16T23:45:00Z,1,1,Determined upon crew arrival,New,OUTAGE,Single Customer,RFD,NORMAL,42.49527,-83.19723
SW26011600342,2026-01-16T19:29:12Z,2026-01-16T22:46:14Z,11,2026-01-16T18:46:20Z,2026-01-16T23:15:00Z,1,1,Determined upon crew arrival,In Progres,OUTAGE,Single Customer,WWS,NORMAL,42.31739,-83.3568
SW26011600345,2026-01-16T19:29:12Z,2026-01-16T21:43:05Z,8,2026-01-16T18:32:16Z,2026-01-16T23:25:00Z,1,1,Determined upon crew arrival,In Progres,OUTAGE,Single Customer,WWS,NORMAL,42.17554,-83.51927
NW26011600369,2026-01-16T19:41:53Z,2026-01-17T12:42:01Z,37,2026-01-16T19:22:52Z,2026-01-17T23:55:00Z,1,1,Equipment problem,Pending,OUTAGE,Single Customer,PON,NORMAL,42.66958,-83.29748
NE26011600382,2026-01-16T20:23:03Z,2026-01-16T21:43:05Z,5,2026-01-16T19:43:24Z,2026-01-17T00:15:00Z,54,54,Equipment problem,In Progres,OUTAGE,Service Transformer,MTC,NORMAL,42.63171,-82.95276
NW26011600393,2026-01-16T20:23:03Z,2026-01-17T09:52:24Z,28,2026-01-16T20:01:49Z,2026-01-17T12:30:00Z,1,1,Public Interference w/DTE equip,Pending,OUTAGE,Single Customer,PON,NORMAL,42.83239,-83.47594
NW26011600399,2026-01-16T20:23:03Z,2026-01-16T20:23:03Z,1,2026-01-16T20:07:06Z,2026-01-17T00:40:00Z,1,1,Determined upon crew arrival,New,OUTAGE,Single Customer,SBY,NORMAL,42.79354,-83.01214
SE26011600390,2026-01-16T20:23:03Z,2026-01-16T23:21:08Z,9,2026-01-16T19:59:43Z,2026-01-17T00:30:00Z,1,1,Equipment problem,In Progres,OUTAGE,Single Customer,RFD,NORMAL,42.40359,-83.23188
SE26011600400,2026-01-16T20:43:23Z,2026-01-16T21:53:32Z,5,2026-01-16T20:15:47Z,2026-01-17T00:45:00Z,1,1,Determined upon crew arrival,In Progres,OUTAGE,Single Customer,RFD,NORMAL,42.40228,-83.1449
SW26011600403,2026-01-16T20:43:23Z,2026-01-16T22:46:14Z,7,2026-01-16T12:37:46Z,2026-01-17T00:55:00Z,1,1,Determined upon crew arrival,In Progres,OUTAGE,Single Customer,WWS,NORMAL,42.29332,-83.37535
SE26011600410,2026-01-16T20:56:00Z,2026-01-16T23:53:19Z,9,2026-01-16T20:38:39Z,2026-01-17T01:15:00Z,3,3,Equipment problem,In Progres,OUTAGE,Service Transformer,CAN,NORMAL,42.37014,-83.02079
SE26011600421,2026-01-16T21:24:46Z,2026-01-17T01:45:45Z,9,2026-01-16T21:03:41Z,2026-01-17T01:35:00Z,1,1,Equipment problem,In Progres,OUTAGE,Single Customer,CAN,NORMAL,42.36993,-83.02158
NW26011600434,2026-01-16T21:53:32Z,2026-01-17T08:50:10Z,20,2026-01-16T21:40:43Z,2026-01-17T14:10:00Z,1,1,Determined upon crew arrival,In Progres,OUTAGE,Single Customer,PON,NORMAL,42.68022,-83.2335
SE26011600437,2026-01-16T21:53:32Z,2026-01-16T22:46:14Z,3,2026-01-16T21:40:25Z,2026-01-17T02:15:00Z,1,1,Determined upon crew arrival,In Progres,OUTAGE,Single Customer,RFD,NORMAL,42.38374,-83.13989
NW26011600441,2026-01-16T22:22:27Z,2026-01-16T23:53:19Z,5,2026-01-16T14:54:18Z,2026-01-17T02:20:00Z,1,1,Determined upon crew arrival,In Progres,OUTAGE,Single Customer,SBY,NORMAL,42.59474,-83.0231
SE26011600455,2026-01-16T23:21:08Z,2026-01-16T23:53:19Z,3,2026-01-16T22:33:43Z,2026-01-17T03:05:00Z,1,1,Determined upon crew arrival,In Progres,OUTAGE,Single Customer,CAN,NORMAL,42.41419,-82.9217
SE26011600458,2026-01-16T23:21:08Z,2026-01-17T15:53:00Z,30,2026-01-16T22:53:50Z,2026-01-18T03:25:00Z,1,1,Equipment problem,In Progres,OUTAGE,Single Customer,RFD,NORMAL,42.39968,-83.14056
SW26011600467,2026-01-16T23:21:08Z,2026-01-17T04:45:17Z,7,2026-01-16T23:08:06Z,2026-01-17T15:40:00Z,1,1,Determined upon crew arrival,In Progres,OUTAGE,Single Customer,NPT,NORMAL,42.136,-83.19569
NE26011600482,2026-01-17T01:45:45Z,2026-01-17T05:35:32Z,6,2026-01-17T00:17:30Z,2026-01-17T16:50:00Z,1,1,Equipment problem,In Progres,OUTAGE,Single Customer,MTC,NORMAL,42.48294,-82.89422
NE26011600487,2026-01-17T01:45:45Z,2026-01-17T12:42:01Z,24,2026-01-16T23:52:35Z,2026-01-17T17:15:00Z,1,1,Equipment problem,New,OUTAGE,Single Customer,MTC,NORMAL,42.60214,-82.88476
NW26011600480,2026-01-17T01:45:45Z,2026-01-17T08:50:10Z,14,2026-01-17T00:04:18Z,2026-01-17T16:35:00Z,1,1,Equipment problem,In Progres,OUTAGE,Single Customer,PON,NORMAL,42.70033,-83.33955
NW26011600491,2026-01-17T01:45:45Z,2026-01-17T11:51:10Z,23,2026-01-17T00:40:03Z,2026-01-17T17:20:00Z,1,1,Equipment problem,In Progres,OUTAGE,Single Customer,PON,NORMAL,42.54946,-83.37545
SE26011600489,2026-01-17T01:45:45Z,2026-01-17T01:45:45Z,1,2026-01-16T17:09:29Z,2026-01-17T05:20:00Z,1,1,Determined upon crew arrival,In Progres,OUTAGE,Single Customer,RFD,NORMAL,42.36144,-83.17072
SE26011600494,2026-01-17T01:45:45Z,2026-01-17T12:42:01Z,24,2026-01-17T00:41:01Z,2026-01-17T17:35:00Z,1,1,Equipment problem,In Progres,OUTAGE,Single Customer,CAN,NORMAL,42.35467,-83.09698
SW26011600477,2026-01-17T01:45:45Z,2026-01-17T12:42:01Z,24,2026-01-15T20:05:34Z,2026-01-17T16:30:00Z,1,1,Determined upon crew arrival,In Progres,OUTAGE,Single Customer,NPT,NORMAL,42.18318,-83.2023
SW26011600479,2026-01-17T01:45:45Z,2026-01-17T01:45:45Z,1,2026-01-16T12:37:46Z,2026-01-17T04:35:00Z,1,1,Determined upon crew arrival,In Progres,OUTAGE,Single Customer,WWS,NORMAL,42.29332,-83.37535
SW26011600485,2026-01-17T01:45:45Z,2026-01-17T11:51:10Z,23,2026-01-17T00:40:04Z,2026-01-17T17:10:00Z,1,1,Equipment problem,Pending,OUTAGE,Single Customer,ANN,NORMAL,42.26362,-83.59591
NE26011600508,2026-01-17T03:23:20Z,2026-01-17T03:23:20Z,1,2026-01-17T02:58:32Z,2026-01-17T07:30:00Z,107,107,Determined upon crew arrival,In Progres,OUTAGE,Device (I),MTC,NORMAL,42.63337,-82.97006
NE26011600509,2026-01-17T03:23:20Z,2026-01-17T05:00:49Z,4,2026-01-17T02:58:33Z,2026-01-17T07:30:00Z,25,25,Equipment problem,In Progres,OUTAGE,Device (I),MTC,NORMAL,42.63298,-82.96718
SE26011600503,2026-01-17T03:23:20Z,2026-01-17T05:00:49Z,4,2026-01-17T01:42:09Z,2026-01-17T06:15:00Z,1,1,Determined upon crew arrival,In Progres,OUTAGE,Single Customer,CAN,NORMAL,42.39031,-83.08249
SE26011600507,2026-01-17T03:23:20Z,2026-01-17T03:23:20Z,1,2026-01-17T02:44:48Z,2026-01-17T07:15:00Z,1,1,Determined upon crew arrival,In Progres,OUTAGE,Single Customer,RFD,NORMAL,42.3706,-83.26153
NW26011600521,2026-01-17T05:00:49Z,2026-01-17T12:42:01Z,20,2026-01-17T04:38:39Z,2026-01-17T13:10:00Z,2,2,Equipment problem,In Progres,OUTAGE,Service Secondary,PON,NORMAL,42.55409,-83.15138
SE26011700004,2026-01-17T05:35:32Z,2026-01-17T12:42:01Z,19,2026-01-17T05:03:58Z,2026-01-17T21:35:00Z,1,1,Equipment problem,Pending,OUTAGE,Single Customer,RFD,NORMAL,42.37226,-83.2423
NW26011700005,2026-01-17T05:52:00Z,2026-01-17T11:18:15Z,15,2026-01-17T04:44:01Z,2026-01-17T22:00:00Z,1,1,Determined upon crew arrival,PC3 Verifi,OUTAGE,Single Customer,PON,NORMAL,42.72173,-83.30896
NW26011700008,2026-01-17T06:32:44Z,2026-01-17T08:50:10Z,7,2026-01-17T05:53:41Z,2026-01-17T10:25:00Z,55,3,Equipment problem,In Progres,OUTAGE,Device (I),SBY,NORMAL,42.68554,-83.02095
NE26011700015,2026-01-17T06:58:04Z,2026-01-17T12:42:01Z,16,2026-01-17T06:16:54Z,2026-01-17T22:45:00Z,1,1,Determined upon crew arrival,In Progres,OUTAGE,Single Customer,MTC,NORMAL,42.46987,-82.96446
NW26011700016,2026-01-17T06:58:04Z,2026-01-17T11:18:15Z,13,2026-01-17T06:20:02Z,2026-01-17T14:55:00Z,4,4,Equipment problem,In Progres,OUTAGE,Service Transformer,PON,NORMAL,42.55294,-83.2654
SE26011700022,2026-01-17T07:51:48Z,2026-01-17T07:51:48Z,1,2026-01-17T07:29:56Z,,1,1,Determined upon crew arrival,New,OUTAGE,Single Customer,RFD,NORMAL,42.44769,-83.12448
SW26011700021,2026-01-17T07:51:48Z,2026-01-17T07:51:48Z,1,2026-01-17T07:29:29Z,,1,1,Determined upon crew arrival,New,OUTAGE,Single Customer,WWS,NORMAL,42.28044,-83.38345
SE26011700047,2026-01-17T10:44:37Z,2026-01-17T10:44:37Z,1,2026-01-17T10:24:59Z,2026-01-17T14:55:00Z,2,2,Determined upon crew arrival,New,OUTAGE,Service Secondary,RFD,NORMAL,42.50657,-83.16611
SE26011700048,2026-01-17T10:44:37Z,2026-01-17T10:44:37Z,1,2026-01-17T10:25:39Z,2026-01-17T14:55:00Z,1,1,Determined upon crew arrival,New,OUTAGE,Single Customer,RFD,NORMAL,42.51023,-83.17239
SE26011700049,2026-01-17T10:44:37Z,2026-01-17T10:44:37Z,1,2026-01-17T10:26:03Z,2026-01-17T14:55:00Z,69,69,Determined upon crew arrival,New,OUTAGE,Device (I),RFD,NORMAL,42.50986,-83.16634
SE26011700050,2026-01-17T10:44:37Z,2026-01-17T10:44:37Z,1,2026-01-17T10:26:06Z,2026-01-17T14:55:00Z,1,1,Determined upon crew arrival,New,OUTAGE,Single Customer,RFD,NORMAL,42.5042,-83.16723
SE26011700051,2026-01-17T10:44:37Z,2026-01-17T10:44:37Z,1,2026-01-17T10:26:42Z,2026-01-17T14:55:00Z,66,66,Determined upon crew arrival,New,OUTAGE,Device (I),RFD,NORMAL,42.50607,-83.16531
SE26011700052,2026-01-17T10:44:37Z,2026-01-17T10:44:37Z,1,2026-01-17T10:27:41Z,,17,17,Determined upon crew arrival,New,OUTAGE,Service Transformer,RFD,NORMAL,42.50431,-83.16384
SE26011700054,2026-01-17T10:44:37Z,2026-01-17T12:42:01Z,6,2026-01-17T10:23:31Z,2026-01-17T15:00:00Z,898,898,Equipment problem,In Progres,OUTAGE,Circuit Level,RFD,NORMAL,42.50603,-83.1709
SE26011700055,2026-01-17T10:44:37Z,2026-01-17T10:44:37Z,1,2026-01-17T10:29:17Z,,1,1,Determined upon crew arrival,New,OUTAGE,Single Customer,RFD,NORMAL,42.50696,-83.16867
NE26011700128,2026-01-17T15:20:46Z,2026-01-17T15:20:46Z,1,2026-01-17T14:44:31Z,2026-01-17T19:20:00Z,2,2,Determined upon crew arrival,In Progres,OUTAGE,Service Transformer,NAE,NORMAL,43.36875,-83.55779
NW26011700143,2026-01-17T15:20:46Z,2026-01-17T15:20:46Z,1,2026-01-17T00:04:18Z,2026-01-17T19:30:00Z,1,1,Determined upon crew arrival,New,OUTAGE,Single Customer,PON,NORMAL,42.70033,-83.33955
NW26011700147,2026-01-17T15:20:46Z,2026-01-17T16:46:09Z,5,2026-01-17T15:08:09Z,2026-01-17T19:40:00Z,17,17,Animal/bird damaged DTE equip,In Progres,OUTAGE,Device (I),SBY,NORMAL,42.7479,-83.06232
SE26011700103,2026-01-17T15:20:46Z,2026-01-17T15:53:00Z,3,2026-01-17T13:58:42Z,2026-01-17T18:30:00Z,1,1,Determined upon crew arrival,PC3 Verifi,PRIORITY,,CAN,NORMAL,42.35139,-82.99293
SE26011700106,2026-01-17T15:20:46Z,2026-01-17T20:23:17Z,13,2026-01-17T14:07:13Z,2026-01-18T06:35:00Z,1,1,Equipment problem,Pending,OUTAGE,Single Customer,RFD,NORMAL,42.37243,-83.24185
SE26011700108,2026-01-17T15:20:46Z,2026-01-17T15:41:41Z,2,2026-01-17T14:09:36Z,2026-01-17T18:40:00Z,388,388,Equipment problem,In Progres,OUTAGE,Circuit Level,CAN,NORMAL,42.35128,-82.99126
SE26011700109,2026-01-17T15:20:46Z,2026-01-17T15:53:00Z,3,2026-01-17T14:19:20Z,2026-01-17T18:50:00Z,1,1,Determined upon crew arrival,PC3 Verifi,PRIORITY,,CAN,NORMAL,42.35165,-82.99244
SE26011700145,2026-01-17T15:20:46Z,2026-01-17T15:53:00Z,3,2026-01-17T15:04:52Z,2026-01-17T19:35:00Z,1,1,Determined upon crew arrival,PC3 Verifi,PRIORITY,,CAN,NORMAL,42.33732,-83.01754
SE26011700149,2026-01-17T15:20:46Z,2026-01-17T15:20:46Z,1,2026-01-17T15:13:51Z,,1,1,Determined upon crew arrival,New,OUTAGE,Single Customer,CAN,NORMAL,42.34132,-83.01396
SW26011700097,2026-01-17T15:20:46Z,2026-01-17T17:40:38Z,7,2026-01-17T13:39:43Z,2026-01-17T18:10:00Z,1,1,Determined upon crew arrival,In Progres,OUTAGE,Service Secondary,WWS,NORMAL,42.49509,-83.51201
SW26011700110,2026-01-17T15:20:46Z,2026-01-17T15:53:00Z,3,2026-01-17T14:24:21Z,2026-01-17T18:55:00Z,21,21,Determined upon crew arrival,In Progres,OUTAGE,Service Transformer,ANN,NORMAL,42.26617,-83.72582
NE26011700158,2026-01-17T15:53:00Z,2026-01-17T15:53:00Z,1,2026-01-17T15:30:48Z,2026-01-17T20:00:00Z,1,1,Determined upon crew arrival,In Progres,OUTAGE,Single Customer,MTC,NORMAL,42.54747,-82.92474
NE26011700159,2026-01-17T15:53:00Z,2026-01-17T15:53:00Z,1,2026-01-17T15:35:10Z,2026-01-17T20:05:00Z,55,55,Determined upon crew arrival,In Progres,OUTAGE,Circuit Level,MAR,NORMAL,42.75555,-82.50083
NE26011700163,2026-01-17T15:53:00Z,2026-01-17T16:46:09Z,3,2026-01-17T15:39:07Z,2026-01-17T20:10:00Z,1,1,Determined upon crew arrival,In Progres,PRIORITY,,MAR,NORMAL,42.75439,-82.50516
NE26011700166,2026-01-17T15:53:00Z,2026-01-17T15:53:00Z,1,2026-01-17T15:43:22Z,,1,1,Determined upon crew arrival,New,OUTAGE,Single Customer,MAR,NORMAL,42.74722,-82.49599
NE26011700167,2026-01-17T15:53:00Z,2026-01-17T16:24:56Z,2,2026-01-17T15:43:40Z,2026-01-17T20:15:00Z,1,1,Determined upon crew arrival,In Progres,PRIORITY,,MAR,NORMAL,42.75729,-82.50522
NE26011700175,2026-01-17T16:46:09Z,2026-01-17T18:55:58Z,5,2026-01-17T16:15:07Z,2026-01-17T20:45:00Z,1,1,Determined upon crew arrival,In Progres,OUTAGE,Single Customer,MTC,NORMAL,42.46266,-82.98455
SE26011700180,2026-01-17T16:46:09Z,2026-01-17T16:46:09Z,1,2026-01-17T16:10:20Z,2026-01-17T20:55:00Z,1,1,Determined upon crew arrival,New,OUTAGE,Single Customer,RFD,NORMAL,42.52365,-83.17284
SW26011700183,2026-01-17T16:46:09Z,2026-01-17T19:17:43Z,6,2026-01-17T16:27:24Z,2026-01-17T20:55:00Z,1,1,Determined upon crew arrival,In Progres,OUTAGE,Single Customer,WWS,NORMAL,42.33685,-83.54592
SE26011700190,2026-01-17T17:40:38Z,2026-01-17T21:51:13Z,12,2026-01-17T16:50:15Z,2026-01-18T09:20:00Z,1,1,Equipment problem,In Progres,SERVICE DOWN NO,,RFD,NORMAL,42.30531,-83.19449
SE26011700204,2026-01-17T17:40:38Z,2026-01-17T20:54:18Z,9,2026-01-17T17:23:27Z,2026-01-17T21:55:00Z,1,1,Determined upon crew arrival,In Progres,OUTAGE,Single Customer,CAN,NORMAL,42.37686,-83.12834
SE26011700207,2026-01-17T17:40:38Z,2026-01-17T17:40:38Z,1,2026-01-17T17:29:40Z,,1,1,Determined upon crew arrival,New,OUTAGE,Single Customer,CAN,NORMAL,42.37554,-83.12738
NE26011700227,2026-01-17T18:30:27Z,2026-01-17T22:20:38Z,12,2026-01-17T18:03:07Z,2026-01-17T22:35:00Z,1,1,Public Interference w/DTE equip,In Progres,OUTAGE,Single Customer,MTC,NORMAL,42.7308,-82.9604
NW26011700210,2026-01-17T18:30:27Z,2026-01-17T21:39:58Z,10,2026-01-17T17:43:55Z,2026-01-17T22:15:00Z,1,1,Equipment problem,In Progres,OUTAGE,Single Customer,SBY,NORMAL,42.73343,-83.03336
NW26011700218,2026-01-17T18:30:27Z,2026-01-17T19:37:44Z,4,2026-01-17T17:54:02Z,2026-01-17T22:25:00Z,1,1,Determined upon crew arrival,In Progres,OUTAGE,Single Customer,PON,NORMAL,42.54194,-83.20385
NW26011700226,2026-01-17T18:30:27Z,2026-01-17T18:30:27Z,1,2026-01-17T18:03:04Z,2026-01-17T22:35:00Z,1,1,Determined upon crew arrival,New,OUTAGE,Single Customer,SBY,NORMAL,42.67762,-83.06064
SE26011700231,2026-01-17T18:30:27Z,2026-01-18T19:16:34Z,54,2026-01-17T14:31:45Z,2026-01-18T22:35:00Z,1,1,Equipment problem,In Progres,OUTAGE,Single Customer,RFD,NORMAL,42.44617,-83.18413
NE26011700234,2026-01-17T18:55:58Z,2026-01-17T19:17:43Z,2,2026-01-17T18:21:26Z,2026-01-17T22:50:00Z,1,1,Determined upon crew arrival,In Progres,OUTAGE,Single Customer,MTC,NORMAL,42.58004,-82.85868
NE26011700241,2026-01-17T18:55:58Z,2026-01-17T19:17:43Z,2,2026-01-17T18:34:26Z,2026-01-17T23:10:00Z,2,2,Determined upon crew arrival,In Progres,OUTAGE,Service Secondary,MTC,NORMAL,42.54699,-82.92551
NW26011700235,2026-01-17T18:55:58Z,2026-01-17T23:20:16Z,14,2026-01-17T17:00:02Z,2026-01-18T10:55:00Z,1,1,Equipment problem,In Progres,OUTAGE,Single Customer,PON,NORMAL,42.66231,-83.60939
SE26011700243,2026-01-17T18:55:58Z,2026-01-18T14:53:29Z,43,2026-01-17T18:44:55Z,2026-01-18T23:15:00Z,1,1,Equipment problem,In Progres,OUTAGE,Single Customer,CAN,NORMAL,42.38771,-83.05272
NE26011700251,2026-01-17T19:37:44Z,2026-01-17T20:54:18Z,5,2026-01-17T19:08:31Z,2026-01-17T23:40:00Z,1,1,Equipment problem,In Progres,OUTAGE,Single Customer,MAR,NORMAL,43.1294,-82.80444
NE26011700257,2026-01-17T19:37:44Z,2026-01-17T20:23:17Z,3,2026-01-17T19:19:36Z,2026-01-17T23:50:00Z,1,1,Problem with the customer equip,In Progres,OUTAGE,Single Customer,MTC,NORMAL,42.54747,-82.92474
SE26011700258,2026-01-17T19:37:44Z,2026-01-17T21:51:13Z,8,2026-01-17T19:22:17Z,2026-01-17T23:55:00Z,12,12,Equipment problem,In Progres,OUTAGE,Service Transformer,RFD,NORMAL,42.35053,-83.18498
NE26011700269,2026-01-17T19:51:12Z,2026-01-17T22:43:35Z,9,2026-01-17T19:39:12Z,2026-01-18T00:10:00Z,1,1,Equipment problem,In Progres,OUTAGE,Single Customer,LAP,NORMAL,43.11203,-83.17363
SE26011700263,2026-01-17T19:51:12Z,2026-01-18T07:41:51Z,23,2026-01-17T19:33:57Z,2026-01-18T12:05:00Z,1,1,Equipment problem,In Progres,OUTAGE,Single Customer,RFD,NORMAL,42.34453,-83.18343
SE26011700267,2026-01-17T19:51:12Z,2026-01-17T19:51:12Z,1,2026-01-17T19:35:35Z,2026-01-18T00:05:00Z,1,1,Determined upon crew arrival,New,OUTAGE,Single Customer,CAN,NORMAL,42.42601,-82.95231
NW26011700281,2026-01-17T20:23:17Z,2026-01-17T20:23:17Z,1,2026-01-17T20:00:07Z,,1,1,Determined upon crew arrival,New,OUTAGE,Single Customer,PON,NORMAL,42.71329,-83.40951
SE26011700272,2026-01-17T20:23:17Z,2026-01-17T22:54:29Z,9,2026-01-17T19:35:35Z,2026-01-18T00:15:00Z,1,1,Determined upon crew arrival,In Progres,SERVICE DOWN NO,,CAN,NORMAL,42.42601,-82.95231
SE26011700273,2026-01-17T20:23:17Z,2026-01-17T22:54:29Z,9,2026-01-17T19:46:45Z,2026-01-18T00:15:00Z,1,1,Determined upon crew arrival,In Progres,OUTAGE,Single Customer,CAN,NORMAL,42.43268,-83.05476
NW26011700292,2026-01-17T20:43:13Z,2026-01-17T22:20:38Z,6,2026-01-17T20:25:45Z,2026-01-18T01:00:00Z,9,9,Determined upon crew arrival,In Progres,OUTAGE,Device (I),HWL,NORMAL,42.43619,-83.97209
NW26011700293,2026-01-17T20:43:13Z,2026-01-17T20:43:13Z,1,2026-01-17T20:28:47Z,,1,1,Determined upon crew arrival,New,OUTAGE,Single Customer,HWL,NORMAL,42.43464,-83.97123
SE26011700285,2026-01-17T20:43:13Z,2026-01-18T05:52:59Z,17,2026-01-17T20:02:29Z,2026-01-18T12:40:00Z,1,1,Determined upon crew arrival,Pending,OUTAGE,Single Customer,CAN,NORMAL,42.36205,-83.07349
SW26011700291,2026-01-17T20:43:13Z,2026-01-18T01:57:56Z,12,2026-01-17T20:25:37Z,2026-01-18T12:55:00Z,1,1,Equipment problem,Pending,OUTAGE,Single Customer,WWS,NORMAL,42.12218,-83.39031
SW26011700300,2026-01-17T20:54:18Z,2026-01-17T20:54:18Z,1,2026-01-17T20:40:08Z,2026-01-18T01:10:00Z,1,1,Determined upon crew arrival,New,OUTAGE,Single Customer,ANN,NORMAL,42.23555,-83.77708
SW26011700304,2026-01-17T21:19:05Z,2026-01-18T01:57:56Z,10,2026-01-17T20:56:58Z,2026-01-18T05:25:00Z,4,4,Equipment problem,In Progres,OUTAGE,Service Transformer,WWS,NORMAL,42.4739,-83.35199
NE26011700305,2026-01-17T21:39:58Z,2026-01-17T22:20:38Z,3,2026-01-17T21:06:51Z,2026-01-18T01:35:00Z,2,2,Problem with the customer equip,In Progres,OUTAGE,Service Secondary,MTC,NORMAL,42.54747,-82.92474
NE26011700310,2026-01-17T21:39:58Z,2026-01-17T23:51:40Z,8,2026-01-17T21:18:52Z,2026-01-18T01:50:00Z,1,1,Determined upon crew arrival,In Progres,OUTAGE,Single Customer,LAP,NORMAL,43.31858,-83.33776
NW26011700316,2026-01-17T21:39:58Z,2026-01-17T21:39:58Z,1,2026-01-17T21:13:45Z,,1,1,Determined upon crew arrival,New,OUTAGE,Single Customer,PON,NORMAL,42.81125,-83.41075
NE26011700317,2026-01-17T21:51:13Z,2026-01-18T05:38:37Z,12,2026-01-17T21:32:27Z,2026-01-18T14:00:00Z,1,1,Equipment problem,In Progres,OUTAGE,Single Customer,MTC,NORMAL,42.7607,-82.92931
NE26011700319,2026-01-17T21:51:13Z,2026-01-17T21:51:13Z,1,2026-01-17T21:38:11Z,2026-01-18T02:10:00Z,1,1,Determined upon crew arrival,New,OUTAGE,Single Customer,MTC,NORMAL,42.51043,-83.02133
SE26011700336,2026-01-17T22:20:38Z,2026-01-18T01:57:56Z,7,2026-01-17T22:07:17Z,2026-01-18T02:35:00Z,1,1,Determined upon crew arrival,New,OUTAGE,Single Customer,RFD,NORMAL,42.47641,-83.23036
SW26011700367,2026-01-17T22:43:35Z,2026-01-18T01:57:56Z,6,2026-01-17T22:29:48Z,2026-01-18T03:00:00Z,1,1,Equipment problem,In Progres,OUTAGE,Single Customer,NPT,NORMAL,41.87493,-83.61438
NE26011700376,2026-01-17T22:54:29Z,2026-01-18T01:57:56Z,5,2026-01-17T22:36:22Z,2026-01-18T03:15:00Z,1,1,Equipment problem,In Progres,OUTAGE,Single Customer,MAR,NORMAL,43.14616,-82.7586
SW26011700368,2026-01-17T22:54:29Z,2026-01-17T22:54:29Z,1,2026-01-17T18:41:25Z,2026-01-18T03:05:00Z,1,1,Determined upon crew arrival,PC3 Verifi,OUTAGE,Single Customer,WWS,NORMAL,42.26596,-83.52334
NE26011700387,2026-01-17T23:40:50Z,2026-01-18T01:57:56Z,3,2026-01-17T23:21:29Z,2026-01-18T04:00:00Z,1,1,Determined upon crew arrival,In Progres,OUTAGE,Single Customer,MTC,NORMAL,42.49309,-82.92718
SE26011700390,2026-01-17T23:51:40Z,2026-01-17T23:51:40Z,1,2026-01-17T23:42:02Z,,1,1,Determined upon crew arrival,New,OUTAGE,Single Customer,CAN,NORMAL,42.37554,-83.12738
SE26011700402,2026-01-18T01:57:56Z,2026-01-18T19:37:44Z,38,2026-01-18T00:41:35Z,2026-01-19T05:25:00Z,1,1,Equipment problem,In Progres,OUTAGE,Single Customer,RFD,NORMAL,42.29107,-83.2799
SE26011700405,2026-01-18T01:57:56Z,2026-01-18T12:42:01Z,22,2026-01-18T01:10:13Z,2026-01-18T17:40:00Z,1,1,Determined upon crew arrival,Pending,OUTAGE,Single Customer,RFD,NORMAL,42.42695,-83.25634
SW26011700407,2026-01-18T01:57:56Z,2026-01-18T03:50:45Z,2,2026-01-17T19:45:53Z,2026-01-18T05:50:00Z,1,1,Determined upon crew arrival,In Progres,OUTAGE,Single Customer,WWS,NORMAL,42.18957,-83.31224
NE26011700422,2026-01-18T03:50:45Z,2026-01-18T05:02:26Z,3,2026-01-18T02:35:58Z,2026-01-18T07:05:00Z,1,1,Determined upon crew arrival,In Progres,OUTAGE,Single Customer,MAR,NORMAL,42.7367,-82.69137
NW26011700419,2026-01-18T03:50:45Z,2026-01-18T07:27:28Z,8,2026-01-18T02:26:34Z,2026-01-18T18:55:00Z,1,1,Determined upon crew arrival,In Progres,OUTAGE,Single Customer,HWL,NORMAL,42.55903,-83.74421
NW26011700428,2026-01-18T03:50:45Z,2026-01-18T07:52:26Z,10,2026-01-18T03:00:16Z,2026-01-18T11:30:00Z,2,2,Equipment problem,In Progres,OUTAGE,Service Secondary,PON,NORMAL,42.59135,-83.13058
SE26011700432,2026-01-18T03:50:45Z,2026-01-18T17:53:15Z,33,2026-01-18T03:30:23Z,2026-01-18T20:00:00Z,1,1,Determined upon crew arrival,In Progres,OUTAGE,Single Customer,RFD,NORMAL,42.32957,-83.29022
SW26011700429,2026-01-18T03:50:45Z,2026-01-18T14:53:29Z,26,2026-01-17T21:11:27Z,2026-01-18T19:35:00Z,1,1,Determined upon crew arrival,In Progres,OUTAGE,Single Customer,WWS,NORMAL,42.47225,-83.46084
NE26011700437,2026-01-18T04:42:33Z,2026-01-18T11:38:30Z,18,2026-01-18T03:53:30Z,2026-01-18T20:25:00Z,1,1,Determined upon crew arrival,In Progres,OUTAGE,Single Customer,LAP,NORMAL,43.22874,-83.69627
SE26011700440,2026-01-18T04:42:33Z,2026-01-18T21:19:31Z,41,2026-01-18T04:12:46Z,2026-01-19T00:45:00Z,1,1,Problem with the customer equip,In Progres,PRIORITY,,RFD,NORMAL,42.27021,-83.19623
SW26011700436,2026-01-18T04:42:33Z,2026-01-18T07:27:28Z,7,2026-01-18T03:51:34Z,2026-01-18T08:20:00Z,1,1,Determined upon crew arrival,In Progres,OUTAGE,Single Customer,WWS,NORMAL,42.33615,-83.508
SE26011700444,2026-01-18T05:38:37Z,2026-01-18T14:53:29Z,23,2026-01-18T04:49:39Z,2026-01-18T21:20:00Z,1,1,Equipment problem,In Progres,OUTAGE,Single Customer,RFD,NORMAL,42.3496,-83.18951
NE26011800003,2026-01-18T05:52:59Z,2026-01-18T05:52:59Z,1,2026-01-18T05:44:56Z,,4026,4026,Determined upon crew arrival,New,OUTAGE,Subtransmission,MAR,NORMAL,42.66852,-82.53331
NE26011800010,2026-01-18T07:27:28Z,2026-01-18T16:26:43Z,23,2026-01-18T04:41:42Z,2026-01-18T23:35:00Z,1,1,Determined upon crew arrival,In Progres,OUTAGE,Single Customer,MTC,NORMAL,42.46371,-82.97472
NW26011800006,2026-01-18T07:27:28Z,2026-01-18T09:53:22Z,7,2026-01-18T06:47:41Z,2026-01-18T11:20:00Z,1,1,Determined upon crew arrival,In Progres,SERVICE DOWN NO,,HWL,NORMAL,42.5988,-83.65546
SE26011800007,2026-01-18T07:27:28Z,2026-01-18T14:53:29Z,19,2026-01-17T23:42:02Z,2026-01-18T23:25:00Z,1,1,Problem with the customer equip,Pending,OUTAGE,Single Customer,CAN,NORMAL,42.37554,-83.12738
SW26011800019,2026-01-18T09:53:22Z,2026-01-18T14:53:29Z,13,2026-01-18T09:17:52Z,2026-01-19T01:50:00Z,1,1,Determined upon crew arrival,In Progres,OUTAGE,Single Customer,WWS,NORMAL,42.335,-83.43227
NE26011800022,2026-01-18T10:22:44Z,2026-01-18T13:45:54Z,9,2026-01-18T09:57:03Z,2026-01-18T14:25:00Z,1,1,Determined upon crew arrival,In Progres,OUTAGE,Single Customer,LAP,NORMAL,43.26717,-83.50473
NE26011800024,2026-01-18T10:22:44Z,2026-01-18T18:29:40Z,20,2026-01-18T10:12:38Z,2026-01-18T18:45:00Z,2,2,Equipment problem,In Progres,OUTAGE,Service Secondary,MTC,NORMAL,42.69475,-82.83272
SE26011800027,2026-01-18T11:18:05Z,2026-01-18T11:18:05Z,1,2026-01-17T20:34:53Z,2026-01-18T15:30:00Z,1,1,Determined upon crew arrival,New,OUTAGE,Single Customer,RFD,NORMAL,42.42205,-83.242
NE26011800034,2026-01-18T12:42:01Z,2026-01-18T22:54:28Z,26,2026-01-18T12:13:30Z,2026-01-19T00:45:00Z,1,1,Problem with the customer equip,In Progres,PRIORITY,,MTC,NORMAL,42.51772,-82.94929
NE26011800039,2026-01-18T13:18:50Z,2026-01-18T16:26:43Z,9,2026-01-18T12:43:36Z,2026-01-18T17:15:00Z,1,1,Determined upon crew arrival,In Progres,OUTAGE,Single Customer,MAR,NORMAL,42.7367,-82.69137
NE26011800044,2026-01-18T13:45:54Z,2026-01-18T17:53:15Z,11,2026-01-18T13:23:50Z,2026-01-18T17:55:00Z,1,1,Equipment problem,In Progres,OUTAGE,Single Customer,MTC,NORMAL,42.69861,-82.83586
SE26011800045,2026-01-18T13:45:54Z,2026-01-18T17:53:15Z,11,2026-01-18T13:28:01Z,2026-01-18T18:00:00Z,2,2,Problem with the customer equip,Pending,OUTAGE,Service Secondary,CAN,NORMAL,42.41853,-83.03883
NE26011800052,2026-01-18T14:53:29Z,2026-01-18T18:52:05Z,10,2026-01-18T13:23:50Z,2026-01-18T19:00:00Z,8,8,Equipment problem,In Progres,OUTAGE,Service Transformer,MTC,NORMAL,42.69549,-82.83273
SE26011800057,2026-01-18T14:53:29Z,2026-01-18T21:19:31Z,17,2026-01-18T14:44:19Z,2026-01-19T07:15:00Z,1,1,Equipment problem,In Progres,SERVICE DOWN NO,,RFD,NORMAL,42.42205,-83.242
NW26011800059,2026-01-18T15:20:28Z,2026-01-18T17:18:34Z,5,2026-01-18T04:15:22Z,2026-01-18T19:25:00Z,1,1,Determined upon crew arrival,In Progres,OUTAGE,Single Customer,PON,NORMAL,42.59135,-83.13058
SE26011800071,2026-01-18T15:52:15Z,2026-01-18T18:29:40Z,6,2026-01-18T15:22:05Z,2026-01-18T20:00:00Z,1,1,Equipment problem,In Progres,OUTAGE,Single Customer,RFD,NORMAL,42.51279,-83.21071
SE26011800072,2026-01-18T15:52:15Z,2026-01-19T03:53:09Z,23,2026-01-18T15:33:49Z,2026-01-19T04:05:00Z,1,1,Equipment problem,In Progres,PRIORITY,,RFD,NORMAL,42.44641,-83.25818
SW26011800077,2026-01-18T16:26:43Z,2026-01-18T17:42:24Z,3,2026-01-18T15:54:52Z,2026-01-18T20:25:00Z,1,1,Equipment problem,In Progres,OUTAGE,Single Customer,ANN,NORMAL,42.08584,-83.67442
NE26011800086,2026-01-18T17:18:34Z,2026-01-18T19:16:34Z,6,2026-01-18T04:41:42Z,2026-01-18T20:55:00Z,1,1,Determined upon crew arrival,Pending,OUTAGE,Single Customer,MTC,NORMAL,42.46371,-82.97472
NW26011800091,2026-01-18T17:18:34Z,2026-01-18T19:16:34Z,6,2026-01-18T04:15:22Z,2026-01-18T21:10:00Z,131,72,Equipment problem,In Progres,OUTAGE,Device (I),PON,NORMAL,42.58647,-83.14268
NW26011800111,2026-01-18T17:18:34Z,2026-01-18T17:42:24Z,2,2026-01-18T16:46:28Z,2026-01-18T21:20:00Z,1,1,Determined upon crew arrival,In Progres,OUTAGE,Single Customer,HWL,NORMAL,42.4763,-83.87556
NW26011800112,2026-01-18T17:18:34Z,2026-01-18T17:18:34Z,1,2026-01-18T16:40:06Z,2026-01-18T21:20:00Z,77,77,Determined upon crew arrival,In Progres,OUTAGE,Device (I),PON,NORMAL,42.58707,-83.14402
SW26011800089,2026-01-18T17:18:34Z,2026-01-18T17:18:34Z,1,2026-01-18T16:24:37Z,2026-01-18T21:10:00Z,3,3,Determined upon crew arrival,In Progres,OUTAGE,Service Transformer,ANN,NORMAL,42.195,-83.70872
SW26011800102,2026-01-18T17:18:34Z,2026-01-18T20:55:09Z,11,2026-01-18T16:43:06Z,2026-01-18T21:15:00Z,1,1,Equipment problem,In Progres,OUTAGE,Single Customer,WWS,NORMAL,42.36762,-83.36506
SW26011800109,2026-01-18T17:18:34Z,2026-01-18T17:42:24Z,2,2026-01-18T16:49:05Z,2026-01-18T21:20:00Z,1,1,Determined upon crew arrival,In Progres,OUTAGE,Single Customer,WWS,NORMAL,42.32722,-83.32254
SE26011800115,2026-01-18T17:42:24Z,2026-01-18T21:19:31Z,11,2026-01-17T18:44:55Z,2026-01-18T21:35:00Z,1,1,Equipment problem,In Progres,OUTAGE,Single Customer,CAN,NORMAL,42.38771,-83.05272
SE26011800123,2026-01-18T17:42:24Z,2026-01-18T20:55:09Z,10,2026-01-18T17:07:27Z,2026-01-18T21:50:00Z,1,1,Determined upon crew arrival,In Progres,OUTAGE,Single Customer,RFD,NORMAL,42.21288,-83.2019
NW26011800125,2026-01-18T17:53:15Z,2026-01-18T18:29:40Z,2,2026-01-18T17:28:13Z,2026-01-18T22:05:00Z,1,1,Equipment problem,In Progres,OUTAGE,Single Customer,SBY,NORMAL,42.59381,-83.01607
NE26011800142,2026-01-18T18:52:05Z,2026-01-18T23:20:35Z,13,2026-01-18T18:24:43Z,2026-01-19T10:55:00Z,1,1,Equipment problem,In Progres,OUTAGE,Single Customer,MTC,NORMAL,42.46647,-83.02763
NW26011800148,2026-01-18T19:16:34Z,2026-01-18T19:16:34Z,1,2026-01-18T18:45:09Z,2026-01-18T23:15:00Z,1,1,Determined upon crew arrival,New,OUTAGE,Single Customer,PON,NORMAL,42.80144,-83.36235
NE26011800151,2026-01-18T19:37:44Z,2026-01-18T21:50:55Z,7,2026-01-18T19:00:31Z,2026-01-18T23:30:00Z,19,19,Equipment problem,In Progres,OUTAGE,Service Transformer,MAR,NORMAL,42.83305,-82.49012
NE26011800154,2026-01-18T19:37:44Z,2026-01-18T23:52:18Z,13,2026-01-18T19:15:55Z,2026-01-18T23:45:00Z,1,1,Equipment problem,In Progres,OUTAGE,Single Customer,MAR,NORMAL,43.03725,-82.55681
SE26011800150,2026-01-18T19:37:44Z,2026-01-19T01:56:13Z,14,2026-01-18T15:22:05Z,2026-01-19T11:30:00Z,1,1,Determined upon crew arrival,In Progres,OUTAGE,Single Customer,RFD,NORMAL,42.51279,-83.21071
SW26011800156,2026-01-18T19:37:44Z,2026-01-18T21:50:55Z,7,2026-01-18T17:35:37Z,2026-01-18T23:55:00Z,1,1,Determined upon crew arrival,In Progres,OUTAGE,Single Customer,WWS,NORMAL,42.13279,-83.49951
NE26011800158,2026-01-18T19:51:01Z,2026-01-18T20:24:19Z,2,2026-01-18T19:31:36Z,2026-01-19T00:00:00Z,1,1,Determined upon crew arrival,PC3 Verifi,OUTAGE,Single Customer,MAR,NORMAL,43.17877,-82.6619
NE26011800159,2026-01-18T19:51:01Z,2026-01-18T19:51:01Z,1,2026-01-18T19:37:34Z,2026-01-19T00:10:00Z,2287,2287,Determined upon crew arrival,New,OUTAGE,Device (II),MTC,NORMAL,42.45994,-83.05333
SE26011800160,2026-01-18T20:24:19Z,2026-01-18T23:41:18Z,10,2026-01-18T19:54:05Z,2026-01-19T00:25:00Z,1,1,Determined upon crew arrival,In Progres,OUTAGE,Single Customer,CAN,NORMAL,42.43275,-83.04198
SE26011800161,2026-01-18T20:24:19Z,2026-01-18T21:19:31Z,4,2026-01-18T20:02:04Z,2026-01-19T00:30:00Z,1,1,Determined upon crew arrival,New,OUTAGE,Single Customer,RFD,NORMAL,42.35093,-83.24356
SE26011800162,2026-01-18T20:24:19Z,2026-01-18T22:54:28Z,8,2026-01-18T20:11:06Z,2026-01-19T00:40:00Z,1,1,Determined upon crew arrival,In Progres,OUTAGE,Single Customer,CAN,NORMAL,42.36188,-82.93508
SW26011800165,2026-01-18T20:55:09Z,2026-01-18T22:54:28Z,6,2026-01-18T20:32:19Z,2026-01-19T01:00:00Z,10,10,Determined upon crew arrival,In Progres,OUTAGE,Service Transformer,WWS,NORMAL,42.47956,-83.40904
SW26011800168,2026-01-18T20:55:09Z,2026-01-18T23:52:18Z,9,2026-01-18T20:43:45Z,2026-01-19T01:15:00Z,1,1,Determined upon crew arrival,In Progres,OUTAGE,Single Customer,WWS,NORMAL,42.15787,-83.3954
SE26011800171,2026-01-18T21:19:31Z,2026-01-19T07:51:15Z,16,2026-01-18T20:57:33Z,2026-01-19T13:30:00Z,1,1,Wind damage,In Progres,SERVICE DOWN NO,,CAN,NORMAL,42.42098,-82.99436
SE26011800174,2026-01-18T21:19:31Z,2026-01-18T22:54:28Z,5,2026-01-18T21:07:41Z,2026-01-19T01:40:00Z,2,2,Equipment problem,In Progres,OUTAGE,Service Secondary,RFD,NORMAL,42.32897,-83.13284
NW26011800176,2026-01-18T21:50:55Z,2026-01-18T22:43:50Z,3,2026-01-18T21:20:33Z,2026-01-19T01:50:00Z,1,1,Determined upon crew arrival,In Progres,PRIORITY,,PON,NORMAL,42.58484,-83.24349
SE26011800184,2026-01-18T21:50:55Z,2026-01-18T23:52:18Z,7,2026-01-18T21:41:18Z,2026-01-19T02:10:00Z,1,1,Determined upon crew arrival,In Progres,OUTAGE,Single Customer,CAN,NORMAL,42.37454,-83.02316
NW26011800191,2026-01-18T22:20:41Z,2026-01-18T23:52:18Z,6,2026-01-18T22:09:46Z,2026-01-19T02:40:00Z,1,1,Determined upon crew arrival,In Progres,OUTAGE,Single Customer,PON,NORMAL,42.57649,-83.27744
NW26011800192,2026-01-18T22:43:50Z,2026-01-18T22:54:28Z,2,2026-01-18T22:19:30Z,2026-01-19T02:50:00Z,1,1,Equipment problem,In Progres,OUTAGE,Single Customer,SBY,NORMAL,42.60388,-83.03411
NW26011800195,2026-01-18T22:43:50Z,2026-01-18T22:54:28Z,2,2026-01-18T22:27:32Z,2026-01-19T03:00:00Z,8,8,Determined upon crew arrival,In Progres,OUTAGE,Service Transformer,PON,NORMAL,42.78158,-83.2607
SE26011800194,2026-01-18T22:43:50Z,2026-01-18T23:52:18Z,5,2026-01-18T22:21:06Z,2026-01-19T02:55:00Z,1,1,Determined upon crew arrival,In Progres,OUTAGE,Single Customer,RFD,NORMAL,42.43001,-83.2504
NE26011800200,2026-01-18T23:20:35Z,2026-01-18T23:52:18Z,3,2026-01-18T22:45:29Z,2026-01-19T03:15:00Z,1,1,Determined upon crew arrival,In Progres,OUTAGE,Single Customer,MTC,NORMAL,42.46266,-82.98455
SE26011800204,2026-01-18T23:20:35Z,2026-01-19T01:56:13Z,4,2026-01-18T01:10:13Z,2026-01-19T03:30:00Z,1,1,Equipment problem,In Progres,OUTAGE,Single Customer,RFD,NORMAL,42.42695,-83.25634
SW26011800202,2026-01-18T23:20:35Z,2026-01-18T23:52:18Z,3,2026-01-18T22:56:38Z,2026-01-19T03:25:00Z,1,1,Determined upon crew arrival,In Progres,OUTAGE,Single Customer,WWS,NORMAL,42.40478,-83.43182
NW26011800213,2026-01-18T23:52:18Z,2026-01-19T01:56:13Z,2,2026-01-18T23:35:13Z,2026-01-19T04:10:00Z,73,73,Equipment problem,In Progres,OUTAGE,Device (I),PON,NORMAL,42.70529,-83.2154
NW26011800235,2026-01-19T01:56:13Z,2026-01-19T04:53:19Z,3,2026-01-19T00:42:17Z,2026-01-19T05:20:00Z,1,1,Equipment problem,In Progres,OUTAGE,Single Customer,PON,NORMAL,42.68482,-83.22232
NW26011800242,2026-01-19T01:56:13Z,2026-01-20T17:04:56Z,62,2026-01-18T04:15:22Z,2026-01-20T18:00:00Z,1,1,Equipment problem,In Progres,OUTAGE,Single Customer,PON,NORMAL,42.59135,-83.13058
SE26011800223,2026-01-19T01:56:13Z,2026-01-19T17:38:56Z,24,2026-01-19T00:02:26Z,2026-01-20T04:30:00Z,1,1,Determined upon crew arrival,In Progres,OUTAGE,Single Customer,CAN,NORMAL,42.39284,-82.93017
SE26011800234,2026-01-19T01:56:13Z,2026-01-19T01:56:13Z,1,2026-01-19T00:41:54Z,2026-01-19T05:20:00Z,1,1,Determined upon crew arrival,In Progres,OUTAGE,Single Customer,RFD,NORMAL,42.35668,-83.23403
SW26011800230,2026-01-19T01:56:13Z,2026-01-19T01:56:13Z,1,2026-01-19T00:17:39Z,2026-01-19T05:00:00Z,2,2,Determined upon crew arrival,In Progres,OUTAGE,Service Transformer,ANN,NORMAL,42.16797,-83.61213
SE26011800244,2026-01-19T03:53:09Z,2026-01-20T10:29:50Z,51,2026-01-19T01:49:53Z,2026-01-20T18:20:00Z,1,1,Determined upon crew arrival,Pending,OUTAGE,Single Customer,RFD,NORMAL,42.45246,-83.17012
NE26011800255,2026-01-19T04:53:19Z,2026-01-19T05:59:21Z,3,2026-01-19T04:26:27Z,2026-01-19T08:55:00Z,17,17,Determined upon crew arrival,In Progres,OUTAGE,Service Transformer,MTC,NORMAL,42.47333,-82.90025
SE26011900001,2026-01-19T05:32:46Z,2026-01-19T10:59:46Z,10,2026-01-19T05:06:54Z,2026-01-19T21:35:00Z,1,1,Equipment problem,In Progres,OUTAGE,Single Customer,RFD,NORMAL,42.40067,-83.26693
SE26011900005,2026-01-19T06:53:21Z,2026-01-19T11:53:19Z,10,2026-01-19T01:23:44Z,2026-01-19T22:50:00Z,1,1,Equipment problem,In Progres,OUTAGE,Single Customer,RFD,NORMAL,42.35284,-83.23993
SE26011900008,2026-01-19T07:51:15Z,2026-01-21T11:01:13Z,82,2026-01-19T07:25:27Z,2026-01-21T11:55:00Z,30,1,Determined upon crew arrival,In Progres,OUTAGE,Device (II),CAN,NORMAL,42.37483,-83.05663
SW26011900017,2026-01-19T11:30:26Z,2026-01-19T12:53:03Z,3,2026-01-19T10:48:26Z,2026-01-19T15:20:00Z,829,101,Public Interference w/DTE equip,In Progres,OUTAGE,Device (II),WWS,NORMAL,42.28845,-83.41632
SW26011900031,2026-01-19T11:30:26Z,2026-01-19T11:53:19Z,2,2026-01-19T10:47:15Z,2026-01-19T15:20:00Z,138,138,Determined upon crew arrival,In Progres,OUTAGE,Device (II),WWS,NORMAL,42.28936,-83.40525
SW26011900038,2026-01-19T11:30:26Z,2026-01-19T11:30:26Z,1,2026-01-19T10:47:16Z,2026-01-19T15:40:00Z,1,1,Determined upon crew arrival,In Progres,OUTAGE,Single Customer,WWS,NORMAL,42.29132,-83.40608
SW26011900045,2026-01-19T11:53:19Z,2026-01-19T11:53:19Z,1,2026-01-19T10:47:16Z,2026-01-19T16:10:00Z,1,1,Determined upon crew arrival,New,OUTAGE,Service Transformer,WWS,NORMAL,42.29019,-83.40805
NW26011900053,2026-01-19T12:53:03Z,2026-01-19T12:53:03Z,1,2026-01-19T12:28:50Z,,1,1,Determined upon crew arrival,New,OUTAGE,Single Customer,SBY,NORMAL,42.77708,-83.01557
SE26011900048,2026-01-19T12:53:03Z,2026-01-19T15:29:39Z,5,2026-01-19T11:56:49Z,2026-01-19T16:25:00Z,1,1,Wind damage,In Progres,OUTAGE,Single Customer,CAN,NORMAL,42.3078,-83.09114
SW26011900052,2026-01-19T12:53:03Z,2026-01-19T17:38:56Z,9,2026-01-19T10:47:15Z,2026-01-19T19:20:00Z,644,300,Public Interference w/DTE equip,In Progres,OUTAGE,Device (II),WWS,NORMAL,42.28838,-83.41777
NW26011900059,2026-01-19T13:47:24Z,2026-01-19T15:52:03Z,5,2026-01-19T13:04:32Z,2026-01-19T17:35:00Z,2,2,Equipment problem,In Progres,OUTAGE,Service Secondary,PON,NORMAL,42.59416,-83.50876
SE26011900063,2026-01-19T13:47:24Z,2026-01-20T16:37:39Z,45,2026-01-19T13:15:49Z,2026-01-20T17:45:00Z,1,1,Determined upon crew arrival,Pending,OUTAGE,Single Customer,CAN,NORMAL,42.42406,-83.10539
SW26011900054,2026-01-19T13:47:24Z,2026-01-19T23:54:21Z,23,2026-01-19T12:46:03Z,2026-01-20T01:15:00Z,48,4,Equipment problem,In Progres,OUTAGE,Service Secondary,WWS,NORMAL,42.49635,-83.3416
SW26011900056,2026-01-19T13:47:24Z,2026-01-19T14:28:58Z,2,2026-01-19T12:49:45Z,2026-01-19T17:25:00Z,1,1,Equipment problem,In Progres,OUTAGE,Single Customer,ANN,NORMAL,42.39671,-83.83373
SW26011900062,2026-01-19T13:47:24Z,2026-01-19T20:26:25Z,14,2026-01-19T13:09:02Z,2026-01-20T05:40:00Z,1,1,Equipment problem,In Progres,OUTAGE,Single Customer,ANN,NORMAL,42.29346,-83.74654
SW26011900068,2026-01-19T13:47:24Z,2026-01-19T14:28:58Z,2,2026-01-19T13:21:12Z,2026-01-19T17:50:00Z,1,1,Determined upon crew arrival,In Progres,OUTAGE,Single Customer,ANN,NORMAL,42.3975,-83.83396
SW26011900074,2026-01-19T13:47:24Z,2026-01-19T13:47:24Z,1,2026-01-19T13:16:08Z,2026-01-19T17:55:00Z,1,1,Determined upon crew arrival,New,OUTAGE,Single Customer,WWS,NORMAL,42.29332,-83.37535
SE26011900075,2026-01-19T14:28:58Z,2026-01-19T15:52:03Z,4,2026-01-19T13:31:26Z,2026-01-19T18:00:00Z,1,1,Equipment problem,In Progres,OUTAGE,Single Customer,RFD,NORMAL,42.48832,-83.18584
NE26011900096,2026-01-19T14:55:55Z,2026-01-19T17:01:33Z,5,2026-01-19T14:24:44Z,2026-01-19T19:05:00Z,8,8,Equipment problem,In Progres,OUTAGE,Device (II),LAP,NORMAL,42.86566,-83.17913
NE26011900101,2026-01-19T14:55:55Z,2026-01-19T15:29:39Z,2,2026-01-19T14:43:33Z,2026-01-19T19:15:00Z,1,1,Determined upon crew arrival,New,OUTAGE,Single Customer,LAP,NORMAL,43.31858,-83.33776
SE26011900089,2026-01-19T14:55:55Z,2026-01-19T15:29:39Z,2,2026-01-19T14:16:30Z,2026-01-19T18:45:00Z,1,1,Determined upon crew arrival,In Progres,OUTAGE,Single Customer,RFD,NORMAL,42.44151,-83.18733
SE26011900094,2026-01-19T14:55:55Z,2026-01-19T17:01:33Z,5,2026-01-19T14:31:14Z,2026-01-19T19:00:00Z,1,1,Equipment problem,In Progres,OUTAGE,Single Customer,RFD,NORMAL,42.5162,-83.13137
SE26011900098,2026-01-19T14:55:55Z,2026-01-19T17:01:33Z,5,2026-01-19T13:37:34Z,2026-01-19T19:05:00Z,1,1,Equipment problem,In Progres,OUTAGE,Single Customer,RFD,NORMAL,42.3945,-83.22791
NE26011900105,2026-01-19T15:29:39Z,2026-01-19T17:38:56Z,5,2026-01-19T14:50:32Z,2026-01-19T19:20:00Z,1,1,Equipment problem,In Progres,OUTAGE,Single Customer,MAR,NORMAL,42.96183,-82.43866
NW26011900102,2026-01-19T15:29:39Z,2026-01-19T15:29:39Z,1,2026-01-19T14:41:50Z,2026-01-19T19:15:00Z,10,10,Determined upon crew arrival,In Progres,OUTAGE,Device (I),SBY,NORMAL,42.72622,-83.05507
NW26011900121,2026-01-19T15:52:03Z,2026-01-19T16:31:51Z,2,2026-01-19T15:18:44Z,2026-01-19T19:50:00Z,10,10,Determined upon crew arrival,In Progres,OUTAGE,Device (I),HWL,NORMAL,42.48876,-83.6242
SE26011900129,2026-01-19T15:52:03Z,2026-01-19T18:34:20Z,6,2026-01-19T15:28:30Z,2026-01-19T20:00:00Z,1,1,Equipment problem,In Progres,OUTAGE,Single Customer,RFD,NORMAL,42.50304,-83.22173
SW26011900119,2026-01-19T15:52:03Z,2026-01-19T19:50:48Z,9,2026-01-19T13:16:08Z,2026-01-19T19:50:00Z,1,1,Determined upon crew arrival,In Progres,OUTAGE,Single Customer,WWS,NORMAL,42.29332,-83.37535
SW26011900141,2026-01-19T15:52:03Z,2026-01-19T15:52:03Z,1,2026-01-19T10:47:16Z,,312,312,Determined upon crew arrival,New,OUTAGE,Device (II),WWS,NORMAL,42.28715,-83.41546
SE26011900152,2026-01-19T16:31:51Z,2026-01-19T19:50:48Z,8,2026-01-19T15:49:48Z,2026-01-19T20:30:00Z,2,2,Determined upon crew arrival,In Progres,OUTAGE,Service Transformer,RFD,NORMAL,42.5114,-83.31281
SE26011900320,2026-01-19T16:31:51Z,2026-01-19T17:01:33Z,2,2026-01-19T16:14:03Z,2026-01-19T20:45:00Z,1,1,Determined upon crew arrival,New,OUTAGE,Single Customer,RFD,NORMAL,42.29598,-83.11135
SE26011900323,2026-01-19T16:31:51Z,2026-01-19T18:34:20Z,5,2026-01-19T16:07:48Z,2026-01-19T20:45:00Z,5,5,Equipment problem,In Progres,OUTAGE,Service Transformer,RFD,NORMAL,42.29442,-83.1102
SW26011900155,2026-01-19T16:31:51Z,2026-01-19T16:31:51Z,1,2026-01-19T15:57:49Z,2026-01-19T20:30:00Z,1,1,Determined upon crew arrival,New,OUTAGE,Single Customer,NPT,NORMAL,41.94104,-83.7102
SW26011900159,2026-01-19T16:31:51Z,2026-01-19T17:01:33Z,2,2026-01-19T15:57:47Z,2026-01-19T20:35:00Z,6,6,Determined upon crew arrival,New,OUTAGE,Service Transformer,NPT,NORMAL,41.9024,-83.67883
SW26011900162,2026-01-19T16:31:51Z,2026-01-19T17:38:56Z,3,2026-01-19T15:57:36Z,2026-01-19T20:35:00Z,1548,1548,Determined upon crew arrival,In Progres,OUTAGE,Circuit Level,NPT,NORMAL,41.89669,-83.71714
SW26011900163,2026-01-19T16:31:51Z,2026-01-19T16:31:51Z,1,2026-01-19T16:06:44Z,2026-01-19T20:35:00Z,1,1,Determined upon crew arrival,New,OUTAGE,Single Customer,NPT,NORMAL,41.85671,-83.67869
SW26011900164,2026-01-19T16:31:51Z,2026-01-19T16:31:51Z,1,2026-01-19T15:57:51Z,2026-01-19T20:35:00Z,1,1,Determined upon crew arrival,New,OUTAGE,Single Customer,NPT,NORMAL,41.86549,-83.75415
SW26011900170,2026-01-19T16:31:51Z,2026-01-19T16:31:51Z,1,2026-01-19T15:57:42Z,2026-01-19T20:35:00Z,155,155,Determined upon crew arrival,New,OUTAGE,Device (II),NPT,NORMAL,41.83314,-83.70827
SW26011900171,2026-01-19T16:31:51Z,2026-01-19T16:31:51Z,1,2026-01-19T16:06:50Z,2026-01-19T20:35:00Z,1,1,Determined upon crew arrival,New,OUTAGE,Single Customer,NPT,NORMAL,41.86481,-83.71825
SW26011900175,2026-01-19T16:31:51Z,2026-01-19T16:31:51Z,1,2026-01-19T16:06:58Z,2026-01-19T20:35:00Z,3,3,Determined upon crew arrival,New,OUTAGE,Service Transformer,NPT,NORMAL,41.86467,-83.68555
SW26011900177,2026-01-19T16:31:51Z,2026-01-19T16:31:51Z,1,2026-01-19T16:06:58Z,2026-01-19T20:35:00Z,1,1,Determined upon crew arrival,New,OUTAGE,Single Customer,NPT,NORMAL,41.84873,-83.69048
SW26011900180,2026-01-19T16:31:51Z,2026-01-19T16:31:51Z,1,2026-01-19T16:07:05Z,2026-01-19T20:35:00Z,1,1,Determined upon crew arrival,New,OUTAGE,Single Customer,NPT,NORMAL,41.86512,-83.73456
SW26011900181,2026-01-19T16:31:51Z,2026-01-19T16:31:51Z,1,2026-01-19T16:07:03Z,2026-01-19T20:35:00Z,2,2,Determined upon crew arrival,New,OUTAGE,Service Secondary,NPT,NORMAL,41.89546,-83.7111
SW26011900182,2026-01-19T16:31:51Z,2026-01-19T16:31:51Z,1,2026-01-19T16:07:09Z,2026-01-19T20:35:00Z,1,1,Determined upon crew arrival,New,OUTAGE,Single Customer,NPT,NORMAL,41.86525,-83.73704
SW26011900187,2026-01-19T16:31:51Z,2026-01-19T16:31:51Z,1,2026-01-19T16:07:14Z,2026-01-19T20:35:00Z,1,1,Determined upon crew arrival,New,OUTAGE,Single Customer,NPT,NORMAL,41.89327,-83.68957
SW26011900192,2026-01-19T16:31:51Z,2026-01-19T16:31:51Z,1,2026-01-19T16:07:30Z,2026-01-19T20:40:00Z,1,1,Determined upon crew arrival,New,PRIORITY,,NPT,NORMAL,41.90544,-83.70175
SW26011900197,2026-01-19T16:31:51Z,2026-01-19T16:31:51Z,1,2026-01-19T15:57:45Z,2026-01-19T20:40:00Z,347,347,Determined upon crew arrival,New,OUTAGE,Device (II),NPT,NORMAL,41.86158,-83.65349
SW26011900198,2026-01-19T16:31:51Z,2026-01-19T16:31:51Z,1,2026-01-19T16:07:38Z,2026-01-19T20:40:00Z,2,2,Determined upon crew arrival,New,OUTAGE,Service Secondary,NPT,NORMAL,41.89455,-83.71172
SW26011900204,2026-01-19T16:31:51Z,2026-01-19T16:31:51Z,1,2026-01-19T16:07:51Z,2026-01-19T20:40:00Z,1,1,Determined upon crew arrival,New,OUTAGE,Single Customer,NPT,NORMAL,41.85416,-83.6772
SW26011900207,2026-01-19T16:31:51Z,2026-01-19T16:31:51Z,1,2026-01-19T16:07:55Z,2026-01-19T20:40:00Z,1,1,Determined upon crew arrival,New,OUTAGE,Single Customer,NPT,NORMAL,41.87039,-83.7088
SW26011900209,2026-01-19T16:31:51Z,2026-01-19T16:31:51Z,1,2026-01-19T16:08:00Z,2026-01-19T20:40:00Z,1,1,Determined upon crew arrival,New,OUTAGE,Single Customer,NPT,NORMAL,41.86532,-83.72902
SW26011900211,2026-01-19T16:31:51Z,2026-01-19T16:31:51Z,1,2026-01-19T16:08:05Z,2026-01-19T20:40:00Z,2,2,Determined upon crew arrival,New,OUTAGE,Service Secondary,NPT,NORMAL,41.89603,-83.71305
SW26011900212,2026-01-19T16:31:51Z,2026-01-19T16:31:51Z,1,2026-01-19T16:08:12Z,2026-01-19T20:40:00Z,10,10,Determined upon crew arrival,New,OUTAGE,Device (I),NPT,NORMAL,41.87151,-83.71962
SW26011900216,2026-01-19T16:31:51Z,2026-01-19T16:31:51Z,1,2026-01-19T16:08:31Z,2026-01-19T20:40:00Z,1,1,Determined upon crew arrival,New,OUTAGE,Single Customer,NPT,NORMAL,41.8577,-83.68956
SW26011900221,2026-01-19T16:31:51Z,2026-01-19T16:31:51Z,1,2026-01-19T16:08:58Z,2026-01-19T20:40:00Z,1,1,Determined upon crew arrival,New,OUTAGE,Single Customer,NPT,NORMAL,41.89475,-83.69274
SW26011900222,2026-01-19T16:31:51Z,2026-01-19T16:31:51Z,1,2026-01-19T16:08:58Z,2026-01-19T20:40:00Z,1,1,Determined upon crew arrival,New,OUTAGE,Single Customer,NPT,NORMAL,41.89406,-83.70696
SW26011900226,2026-01-19T16:31:51Z,2026-01-19T16:31:51Z,1,2026-01-19T16:09:08Z,2026-01-19T20:40:00Z,1,1,Determined upon crew arrival,New,OUTAGE,Single Customer,NPT,NORMAL,41.8676,-83.70869
SW26011900229,2026-01-19T16:31:51Z,2026-01-19T16:31:51Z,1,2026-01-19T16:09:12Z,2026-01-19T20:40:00Z,1,1,Determined upon crew arrival,New,OUTAGE,Single Customer,NPT,NORMAL,41.8877,-83.71056
SW26011900232,2026-01-19T16:31:51Z,2026-01-19T16:31:51Z,1,2026-01-19T16:09:23Z,2026-01-19T20:40:00Z,1,1,Determined upon crew arrival,New,OUTAGE,Single Customer,NPT,NORMAL,41.8745,-83.70802
SW26011900233,2026-01-19T16:31:51Z,2026-01-19T16:31:51Z,1,2026-01-19T16:09:20Z,2026-01-19T20:40:00Z,1,1,Determined upon crew arrival,New,OUTAGE,Single Customer,NPT,NORMAL,41.88598,-83.70276
SW26011900234,2026-01-19T16:31:51Z,2026-01-19T16:31:51Z,1,2026-01-19T16:09:21Z,2026-01-19T20:40:00Z,1,1,Determined upon crew arrival,New,OUTAGE,Single Customer,NPT,NORMAL,41.85143,-83.67466
SW26011900237,2026-01-19T16:31:51Z,2026-01-19T16:31:51Z,1,2026-01-19T16:09:25Z,2026-01-19T20:40:00Z,1,1,Determined upon crew arrival,New,OUTAGE,Single Customer,NPT,NORMAL,41.85077,-83.71454
SW26011900240,2026-01-19T16:31:51Z,2026-01-19T16:31:51Z,1,2026-01-19T16:09:36Z,2026-01-19T20:40:00Z,1,1,Determined upon crew arrival,New,OUTAGE,Single Customer,NPT,NORMAL,41.85074,-83.71721
SW26011900243,2026-01-19T16:31:51Z,2026-01-19T16:31:51Z,1,2026-01-19T16:09:52Z,2026-01-19T20:40:00Z,1,1,Determined upon crew arrival,New,OUTAGE,Single Customer,NPT,NORMAL,41.86808,-83.71007
SW26011900244,2026-01-19T16:31:51Z,2026-01-19T16:31:51Z,1,2026-01-19T16:10:05Z,2026-01-19T20:40:00Z,1,1,Determined upon crew arrival,New,OUTAGE,Single Customer,NPT,NORMAL,41.86038,-83.67045
SW26011900245,2026-01-19T16:31:51Z,2026-01-19T16:31:51Z,1,2026-01-19T16:10:04Z,2026-01-19T20:40:00Z,1,1,Determined upon crew arrival,New,OUTAGE,Single Customer,NPT,NORMAL,41.86541,-83.67436
SW26011900247,2026-01-19T16:31:51Z,2026-01-19T16:31:51Z,1,2026-01-19T16:10:13Z,2026-01-19T20:40:00Z,1,1,Determined upon crew arrival,New,OUTAGE,Single Customer,NPT,NORMAL,41.85587,-83.6703
SW26011900250,2026-01-19T16:31:51Z,2026-01-19T16:31:51Z,1,2026-01-19T16:10:41Z,2026-01-19T20:40:00Z,1,1,Determined upon crew arrival,New,OUTAGE,Single Customer,NPT,NORMAL,41.86535,-83.72483
SW26011900252,2026-01-19T16:31:51Z,2026-01-19T16:31:51Z,1,2026-01-19T16:10:54Z,2026-01-19T20:40:00Z,1,1,Determined upon crew arrival,New,OUTAGE,Single Customer,NPT,NORMAL,41.86498,-83.72107
SW26011900255,2026-01-19T16:31:51Z,2026-01-19T16:31:51Z,1,2026-01-19T16:11:01Z,2026-01-19T20:40:00Z,2,2,Determined upon crew arrival,New,OUTAGE,Service Secondary,NPT,NORMAL,41.89297,-83.71168
SW26011900256,2026-01-19T16:31:51Z,2026-01-19T16:31:51Z,1,2026-01-19T16:11:02Z,2026-01-19T20:40:00Z,1,1,Determined upon crew arrival,New,OUTAGE,Single Customer,NPT,NORMAL,41.86534,-83.67624
SW26011900258,2026-01-19T16:31:51Z,2026-01-19T16:31:51Z,1,2026-01-19T16:11:07Z,2026-01-19T20:40:00Z,1,1,Determined upon crew arrival,New,OUTAGE,Single Customer,NPT,NORMAL,41.85072,-83.71836
SW26011900259,2026-01-19T16:31:51Z,2026-01-19T16:31:51Z,1,2026-01-19T16:11:20Z,2026-01-19T20:40:00Z,1,1,Determined upon crew arrival,New,OUTAGE,Single Customer,NPT,NORMAL,41.89283,-83.71401
SW26011900260,2026-01-19T16:31:51Z,2026-01-19T16:31:51Z,1,2026-01-19T16:11:26Z,2026-01-19T20:40:00Z,1,1,Determined upon crew arrival,New,OUTAGE,Single Customer,NPT,NORMAL,41.89477,-83.69809
SW26011900261,2026-01-19T16:31:51Z,2026-01-19T16:31:51Z,1,2026-01-19T15:57:47Z,2026-01-19T20:40:00Z,3,3,Determined upon crew arrival,New,OUTAGE,Service Transformer,NPT,NORMAL,41.89468,-83.67578
SW26011900262,2026-01-19T16:31:51Z,2026-01-19T16:31:51Z,1,2026-01-19T16:11:24Z,2026-01-19T20:40:00Z,1,1,Determined upon crew arrival,New,OUTAGE,Single Customer,NPT,NORMAL,41.8511,-83.69325
SW26011900263,2026-01-19T16:31:51Z,2026-01-19T16:31:51Z,1,2026-01-19T16:11:27Z,2026-01-19T20:40:00Z,1,1,Determined upon crew arrival,New,OUTAGE,Single Customer,NPT,NORMAL,41.87952,-83.7529
SW26011900265,2026-01-19T16:31:51Z,2026-01-19T16:31:51Z,1,2026-01-19T16:11:49Z,2026-01-19T20:40:00Z,1,1,Determined upon crew arrival,New,OUTAGE,Single Customer,NPT,NORMAL,41.87306,-83.70924
SW26011900267,2026-01-19T16:31:51Z,2026-01-19T16:31:51Z,1,2026-01-19T16:12:00Z,,1,1,Determined upon crew arrival,New,OUTAGE,Single Customer,NPT,NORMAL,41.89348,-83.68542
SW26011900270,2026-01-19T16:31:51Z,2026-01-19T16:31:51Z,1,2026-01-19T16:12:13Z,,1,1,Determined upon crew arrival,New,OUTAGE,Single Customer,NPT,NORMAL,41.89245,-83.71284
SW26011900277,2026-01-19T16:31:51Z,2026-01-19T16:31:51Z,1,2026-01-19T15:57:37Z,,499,499,Determined upon crew arrival,New,OUTAGE,Circuit Level,NPT,NORMAL,41.92041,-83.72115
SW26011900278,2026-01-19T16:31:51Z,2026-01-19T16:31:51Z,1,2026-01-19T16:12:36Z,,1,1,Determined upon crew arrival,New,OUTAGE,Single Customer,NPT,NORMAL,41.85659,-83.70919
SW26011900279,2026-01-19T16:31:51Z,2026-01-19T18:34:20Z,5,2026-01-19T16:12:36Z,2026-01-19T20:45:00Z,140,140,Equipment problem,In Progres,OUTAGE,Subtransmission,WWS,NORMAL,42.21097,-83.50443
SW26011900281,2026-01-19T16:31:51Z,2026-01-19T16:31:51Z,1,2026-01-19T15:57:45Z,,1,1,Determined upon crew arrival,New,OUTAGE,Single Customer,NPT,NORMAL,41.8509,-83.71041
SW26011900282,2026-01-19T16:31:51Z,2026-01-19T16:31:51Z,1,2026-01-19T15:57:36Z,,1,1,Determined upon crew arrival,New,OUTAGE,Single Customer,NPT,NORMAL,41.87959,-83.7467
SW26011900283,2026-01-19T16:31:51Z,2026-01-19T16:31:51Z,1,2026-01-19T15:57:51Z,,2,2,Determined upon crew arrival,New,OUTAGE,Service Transformer,NPT,NORMAL,41.85073,-83.75755
SW26011900285,2026-01-19T16:31:51Z,2026-01-19T16:31:51Z,1,2026-01-19T15:57:51Z,,1,1,Determined upon crew arrival,New,OUTAGE,Single Customer,NPT,NORMAL,41.86561,-83.68919
SW26011900286,2026-01-19T16:31:51Z,2026-01-19T16:31:51Z,1,2026-01-19T15:57:49Z,,2,2,Determined upon crew arrival,New,OUTAGE,Service Transformer,NPT,NORMAL,41.88512,-83.70984
SW26011900290,2026-01-19T16:31:51Z,2026-01-19T16:31:51Z,1,2026-01-19T15:57:47Z,,1,1,Determined upon crew arrival,New,OUTAGE,Single Customer,NPT,NORMAL,41.88042,-83.71028
SW26011900291,2026-01-19T16:31:51Z,2026-01-19T16:31:51Z,1,2026-01-19T15:57:53Z,,2,2,Determined upon crew arrival,New,OUTAGE,Service Transformer,NPT,NORMAL,41.88575,-83.69036
SW26011900292,2026-01-19T16:31:51Z,2026-01-19T16:31:51Z,1,2026-01-19T15:57:49Z,,2,2,Determined upon crew arrival,New,OUTAGE,Service Transformer,NPT,NORMAL,41.86486,-83.75788
SW26011900293,2026-01-19T16:31:51Z,2026-01-19T16:31:51Z,1,2026-01-19T15:57:45Z,,1,1,Determined upon crew arrival,New,OUTAGE,Single Customer,NPT,NORMAL,41.87104,-83.7694
SW26011900294,2026-01-19T16:31:51Z,2026-01-19T16:31:51Z,1,2026-01-19T15:57:57Z,,1,1,Determined upon crew arrival,New,OUTAGE,Single Customer,NPT,NORMAL,41.89606,-83.70935
SW26011900295,2026-01-19T16:31:51Z,2026-01-19T16:31:51Z,1,2026-01-19T15:57:54Z,,2,2,Determined upon crew arrival,New,OUTAGE,Service Secondary,NPT,NORMAL,41.89502,-83.70887
SW26011900296,2026-01-19T16:31:51Z,2026-01-19T16:31:51Z,1,2026-01-19T15:57:51Z,,2,2,Determined upon crew arrival,New,OUTAGE,Service Transformer,NPT,NORMAL,41.88391,-83.69095
SW26011900297,2026-01-19T16:31:51Z,2026-01-19T16:31:51Z,1,2026-01-19T15:58:00Z,,1,1,Determined upon crew arrival,New,OUTAGE,Single Customer,NPT,NORMAL,41.89487,-83.70348
SW26011900298,2026-01-19T16:31:51Z,2026-01-19T16:31:51Z,1,2026-01-19T15:57:45Z,,3,3,Determined upon crew arrival,New,OUTAGE,Service Transformer,NPT,NORMAL,41.86489,-83.76591
SW26011900299,2026-01-19T16:31:51Z,2026-01-19T16:31:51Z,1,2026-01-19T15:57:58Z,,1,1,Determined upon crew arrival,New,OUTAGE,Single Customer,NPT,NORMAL,41.87874,-83.70962
SW26011900300,2026-01-19T16:31:51Z,2026-01-19T16:31:51Z,1,2026-01-19T15:57:49Z,,1,1,Determined upon crew arrival,New,OUTAGE,Single Customer,NPT,NORMAL,41.89046,-83.70993
SW26011900301,2026-01-19T16:31:51Z,2026-01-19T16:31:51Z,1,2026-01-19T16:12:40Z,,1,1,Determined upon crew arrival,New,OUTAGE,Single Customer,NPT,NORMAL,41.88717,-83.72703
SW26011900302,2026-01-19T16:31:51Z,2026-01-19T16:31:51Z,1,2026-01-19T15:57:52Z,,1,1,Determined upon crew arrival,New,OUTAGE,Single Customer,NPT,NORMAL,41.90084,-83.70561
SW26011900303,2026-01-19T16:31:51Z,2026-01-19T16:31:51Z,1,2026-01-19T15:57:58Z,,1,1,Determined upon crew arrival,New,OUTAGE,Single Customer,NPT,NORMAL,41.84976,-83.70905
SW26011900304,2026-01-19T16:31:51Z,2026-01-19T16:31:51Z,1,2026-01-19T15:57:53Z,,2,2,Determined upon crew arrival,New,OUTAGE,Service Secondary,NPT,NORMAL,41.86567,-83.68732
SW26011900305,2026-01-19T16:31:51Z,2026-01-19T16:31:51Z,1,2026-01-19T15:57:47Z,,2,2,Determined upon crew arrival,New,OUTAGE,Service Transformer,NPT,NORMAL,41.89449,-83.68079
SW26011900306,2026-01-19T16:31:51Z,2026-01-19T16:31:51Z,1,2026-01-19T15:57:48Z,,1,1,Determined upon crew arrival,New,OUTAGE,Single Customer,NPT,NORMAL,41.864,-83.7553
SW26011900307,2026-01-19T16:31:51Z,2026-01-19T16:31:51Z,1,2026-01-19T16:12:41Z,,1,1,Determined upon crew arrival,New,OUTAGE,Single Customer,NPT,NORMAL,41.85224,-83.70909
SW26011900308,2026-01-19T16:31:51Z,2026-01-19T16:31:51Z,1,2026-01-19T15:58:03Z,,1,1,Determined upon crew arrival,New,OUTAGE,Single Customer,NPT,NORMAL,41.8955,-83.70718
SW26011900309,2026-01-19T16:31:51Z,2026-01-19T16:31:51Z,1,2026-01-19T15:57:59Z,,1,1,Determined upon crew arrival,New,OUTAGE,Single Customer,NPT,NORMAL,41.86061,-83.70887
SW26011900310,2026-01-19T16:31:51Z,2026-01-19T16:31:51Z,1,2026-01-19T15:58:08Z,,1,1,Determined upon crew arrival,New,OUTAGE,Single Customer,NPT,NORMAL,41.86375,-83.70947
SW26011900311,2026-01-19T16:31:51Z,2026-01-19T16:31:51Z,1,2026-01-19T16:13:10Z,,1,1,Determined upon crew arrival,New,OUTAGE,Single Customer,NPT,NORMAL,41.85121,-83.67699
SW26011900312,2026-01-19T16:31:51Z,2026-01-19T16:31:51Z,1,2026-01-19T16:13:09Z,,1,1,Determined upon crew arrival,New,OUTAGE,Single Customer,NPT,NORMAL,41.86567,-83.70193
SW26011900313,2026-01-19T16:31:51Z,2026-01-19T16:31:51Z,1,2026-01-19T16:13:12Z,,1,1,Determined upon crew arrival,New,OUTAGE,Single Customer,NPT,NORMAL,41.8556,-83.70916
SW26011900314,2026-01-19T16:31:51Z,2026-01-19T16:31:51Z,1,2026-01-19T16:13:14Z,,1,1,Determined upon crew arrival,New,OUTAGE,Single Customer,NPT,NORMAL,41.86567,-83.70834
SW26011900315,2026-01-19T16:31:51Z,2026-01-19T16:31:51Z,1,2026-01-19T16:13:27Z,,1,1,Determined upon crew arrival,New,OUTAGE,Single Customer,NPT,NORMAL,41.86421,-83.75288
SW26011900316,2026-01-19T16:31:51Z,2026-01-19T16:31:51Z,1,2026-01-19T16:13:26Z,,1,1,Determined upon crew arrival,New,OUTAGE,Single Customer,NPT,NORMAL,41.8548,-83.67674
SW26011900317,2026-01-19T16:31:51Z,2026-01-19T16:31:51Z,1,2026-01-19T16:13:29Z,,1,1,Determined upon crew arrival,New,OUTAGE,Single Customer,WWS,NORMAL,42.21385,-83.43394
SW26011900319,2026-01-19T16:31:51Z,2026-01-19T16:31:51Z,1,2026-01-19T16:14:02Z,,1,1,Determined upon crew arrival,New,OUTAGE,Single Customer,NPT,NORMAL,41.89607,-83.71114
SW26011900321,2026-01-19T16:31:51Z,2026-01-19T16:31:51Z,1,2026-01-19T16:14:14Z,,1,1,Determined upon crew arrival,New,OUTAGE,Single Customer,WWS,NORMAL,42.2001,-83.41867
SW26011900322,2026-01-19T16:31:51Z,2026-01-19T17:01:33Z,2,2026-01-19T16:14:13Z,2026-01-19T20:45:00Z,1,1,Determined upon crew arrival,New,OUTAGE,Single Customer,WWS,NORMAL,42.16263,-83.42345
SW26011900324,2026-01-19T16:31:51Z,2026-01-19T16:31:51Z,1,2026-01-19T16:14:49Z,,1,1,Determined upon crew arrival,New,OUTAGE,Single Customer,WWS,NORMAL,42.19642,-83.46138
NE26011900374,2026-01-19T17:01:33Z,2026-01-19T19:00:38Z,5,2026-01-19T16:24:58Z,2026-01-19T20:55:00Z,1,1,Wind damage,In Progres,OUTAGE,Single Customer,MAR,NORMAL,42.93055,-82.85152
NE26011900392,2026-01-19T17:01:33Z,2026-01-19T17:01:33Z,1,2026-01-19T16:38:57Z,2026-01-19T21:10:00Z,4,4,Determined upon crew arrival,New,OUTAGE,Service Transformer,LAP,NORMAL,42.90408,-83.45168
NE26011900393,2026-01-19T17:01:33Z,2026-01-19T21:21:13Z,10,2026-01-19T16:36:01Z,2026-01-20T01:10:00Z,47,41,Equipment problem,In Progres,OUTAGE,Device (II),LAP,NORMAL,42.90894,-83.43733
NE26011900394,2026-01-19T17:01:33Z,2026-01-19T17:01:33Z,1,2026-01-19T16:41:06Z,2026-01-19T21:10:00Z,1,1,Determined upon crew arrival,New,OUTAGE,Single Customer,LAP,NORMAL,42.90411,-83.45037
NE26011900399,2026-01-19T17:01:33Z,2026-01-19T17:01:33Z,1,2026-01-19T16:43:07Z,,1,1,Determined upon crew arrival,New,OUTAGE,Single Customer,LAP,NORMAL,42.90314,-83.44935
NE26011900401,2026-01-19T17:01:33Z,2026-01-19T17:01:33Z,1,2026-01-19T16:43:38Z,,1,1,Determined upon crew arrival,New,OUTAGE,Single Customer,LAP,NORMAL,42.90137,-83.45004
NE26011900402,2026-01-19T17:01:33Z,2026-01-19T17:01:33Z,1,2026-01-19T16:44:33Z,,1,1,Determined upon crew arrival,New,OUTAGE,Single Customer,LAP,NORMAL,42.90486,-83.44009
NW26011900391,2026-01-19T17:01:33Z,2026-01-19T17:01:33Z,1,2026-01-19T16:38:26Z,2026-01-19T21:10:00Z,10,10,Determined upon crew arrival,In Progres,OUTAGE,Device (I),HWL,NORMAL,42.48876,-83.6242
SE26011900353,2026-01-19T17:01:33Z,2026-01-19T17:01:33Z,1,2026-01-19T16:18:47Z,2026-01-19T20:50:00Z,1,1,Determined upon crew arrival,New,OUTAGE,Single Customer,RFD,NORMAL,42.29755,-83.11002
SE26011900371,2026-01-19T17:01:33Z,2026-01-19T23:54:21Z,17,2026-01-19T16:23:45Z,2026-01-20T08:55:00Z,1,1,Equipment problem,In Progres,SERVICE DOWN NO,,RFD,NORMAL,42.33656,-83.23565
SE26011900390,2026-01-19T17:01:33Z,2026-01-19T18:34:20Z,4,2026-01-19T16:18:47Z,2026-01-19T21:05:00Z,7,7,Equipment problem,In Progres,OUTAGE,Service Transformer,RFD,NORMAL,42.29713,-83.10848
SW26011900330,2026-01-19T17:01:33Z,2026-01-19T17:01:33Z,1,2026-01-19T16:16:04Z,2026-01-19T20:45:00Z,1,1,Determined upon crew arrival,New,OUTAGE,Single Customer,WWS,NORMAL,42.19093,-83.45211
SW26011900331,2026-01-19T17:01:33Z,2026-01-19T17:01:33Z,1,2026-01-19T16:16:03Z,2026-01-19T20:45:00Z,1,1,Determined upon crew arrival,New,OUTAGE,Single Customer,WWS,NORMAL,42.16099,-83.42787
SW26011900343,2026-01-19T17:01:33Z,2026-01-19T17:01:33Z,1,2026-01-19T16:17:52Z,2026-01-19T20:50:00Z,1,1,Determined upon crew arrival,New,OUTAGE,Single Customer,WWS,NORMAL,42.20107,-83.44262
SW26011900346,2026-01-19T17:01:33Z,2026-01-19T17:01:33Z,1,2026-01-19T16:18:06Z,2026-01-19T20:50:00Z,1,1,Determined upon crew arrival,New,OUTAGE,Single Customer,WWS,NORMAL,42.1611,-83.42479
SW26011900357,2026-01-19T17:01:33Z,2026-01-19T17:01:33Z,1,2026-01-19T16:20:00Z,2026-01-19T20:50:00Z,1,1,Determined upon crew arrival,New,OUTAGE,Single Customer,WWS,NORMAL,42.29015,-83.41123
SW26011900375,2026-01-19T17:01:33Z,2026-01-19T19:30:26Z,6,2026-01-19T16:26:51Z,2026-01-19T20:55:00Z,17,17,Equipment problem,In Progres,OUTAGE,Service Transformer,WWS,NORMAL,42.46249,-83.35359
SW26011900376,2026-01-19T17:01:33Z,2026-01-19T19:50:48Z,7,2026-01-19T16:27:35Z,2026-01-19T21:00:00Z,1,1,Determined upon crew arrival,In Progres,OUTAGE,Single Customer,WWS,NORMAL,42.40734,-83.40636
SW26011900386,2026-01-19T17:01:33Z,2026-01-19T19:00:38Z,5,2026-01-19T16:29:26Z,2026-01-19T21:00:00Z,1,1,Determined upon crew arrival,In Progres,OUTAGE,Single Customer,WWS,NORMAL,42.21553,-83.49105
SW26011900388,2026-01-19T17:01:33Z,2026-01-19T17:01:33Z,1,2026-01-19T16:37:03Z,2026-01-19T21:05:00Z,1,1,Determined upon crew arrival,New,OUTAGE,Single Customer,WWS,NORMAL,42.28696,-83.41276
NW26011900504,2026-01-19T17:38:56Z,2026-01-19T19:50:48Z,6,2026-01-19T17:05:35Z,2026-01-19T21:40:00Z,2,2,Determined upon crew arrival,In Progres,OUTAGE,Service Secondary,SBY,NORMAL,42.6714,-83.02144
NW26011900505,2026-01-19T17:38:56Z,2026-01-19T19:30:26Z,5,2026-01-19T17:12:14Z,2026-01-19T21:40:00Z,1,1,Equipment problem,Pending,OUTAGE,Single Customer,PON,NORMAL,42.68026,-83.42659
SE26011900421,2026-01-19T17:38:56Z,2026-01-19T19:30:26Z,5,2026-01-19T16:51:13Z,2026-01-19T21:20:00Z,1043,1043,Equipment problem,In Progres,OUTAGE,Circuit Level,RFD,NORMAL,42.35682,-83.30426
SE26011900445,2026-01-19T17:38:56Z,2026-01-20T09:47:28Z,28,2026-01-19T16:48:02Z,2026-01-20T21:25:00Z,1,1,Equipment problem,In Progres,OUTAGE,Single Customer,RFD,NORMAL,42.37207,-83.27643
SE26011900447,2026-01-19T17:38:56Z,2026-01-19T19:30:26Z,5,2026-01-19T16:47:59Z,2026-01-19T21:25:00Z,35,35,Equipment problem,In Progres,OUTAGE,Device (I),RFD,NORMAL,42.38246,-83.28238
SE26011900457,2026-01-19T17:38:56Z,2026-01-19T19:00:38Z,4,2026-01-19T17:01:23Z,2026-01-19T21:30:00Z,1,1,Determined upon crew arrival,New,OUTAGE,Single Customer,RFD,NORMAL,42.36249,-83.17927
SE26011900484,2026-01-19T17:38:56Z,2026-01-19T17:55:14Z,2,2026-01-19T17:05:05Z,2026-01-19T21:35:00Z,1,1,Determined upon crew arrival,New,OUTAGE,Single Customer,CAN,NORMAL,42.39218,-83.07606
SE26011900493,2026-01-19T17:38:56Z,2026-01-19T22:46:31Z,13,2026-01-19T17:05:05Z,2026-01-20T01:40:00Z,10,10,Wind damage,In Progres,OUTAGE,Service Transformer,CAN,NORMAL,42.39314,-83.07562
SE26011900510,2026-01-19T17:38:56Z,2026-01-19T19:00:38Z,4,2026-01-18T21:41:18Z,2026-01-19T21:45:00Z,122,122,Equipment problem,In Progres,OUTAGE,Circuit Level,CAN,NORMAL,42.37461,-83.02223
SE26011900512,2026-01-19T17:38:56Z,2026-01-20T17:04:56Z,39,2026-01-19T17:18:14Z,2026-01-20T17:50:00Z,1,1,Determined upon crew arrival,In Progres,PRIORITY,,RFD,NORMAL,42.27021,-83.19623
SE26011900514,2026-01-19T17:38:56Z,2026-01-19T17:55:14Z,2,2026-01-19T17:19:14Z,2026-01-19T21:50:00Z,1,1,Determined upon crew arrival,New,OUTAGE,Single Customer,RFD,NORMAL,42.37152,-83.28316
SE26011900536,2026-01-19T17:38:56Z,2026-01-19T17:38:56Z,1,2026-01-19T17:27:59Z,,1,1,Determined upon crew arrival,New,OUTAGE,Single Customer,RFD,NORMAL,42.36029,-83.31122
SW26011900446,2026-01-19T17:38:56Z,2026-01-19T17:38:56Z,1,2026-01-19T15:57:55Z,2026-01-19T21:25:00Z,497,497,Determined upon crew arrival,In Progres,OUTAGE,Circuit Level,NPT,NORMAL,41.92041,-83.72115
SW26011900529,2026-01-19T17:38:56Z,2026-01-19T17:38:56Z,1,2026-01-19T10:47:16Z,2026-01-19T21:55:00Z,80,80,Determined upon crew arrival,New,OUTAGE,Device (II),WWS,NORMAL,42.2893,-83.40833
SW26011900530,2026-01-19T17:38:56Z,2026-01-19T17:38:56Z,1,2026-01-19T11:03:04Z,2026-01-19T21:55:00Z,2,2,Determined upon crew arrival,New,OUTAGE,Service Secondary,WWS,NORMAL,42.28954,-83.40299
SW26011900531,2026-01-19T17:38:56Z,2026-01-19T17:38:56Z,1,2026-01-19T10:47:28Z,2026-01-19T21:55:00Z,2,2,Determined upon crew arrival,New,OUTAGE,Service Secondary,WWS,NORMAL,42.28887,-83.40428
SW26011900532,2026-01-19T17:38:56Z,2026-01-19T17:38:56Z,1,2026-01-19T10:47:16Z,2026-01-19T21:55:00Z,27,27,Determined upon crew arrival,New,OUTAGE,Device (I),WWS,NORMAL,42.28929,-83.4057
SW26011900533,2026-01-19T17:38:56Z,2026-01-19T17:38:56Z,1,2026-01-19T17:27:00Z,,1,1,Determined upon crew arrival,New,OUTAGE,Single Customer,WWS,NORMAL,42.29305,-83.41078
SW26011900534,2026-01-19T17:38:56Z,2026-01-19T18:34:20Z,3,2026-01-19T10:47:15Z,2026-01-19T21:55:00Z,451,300,Determined upon crew arrival,In Progres,OUTAGE,Device (II),WWS,NORMAL,42.28936,-83.40524
SW26011900538,2026-01-19T17:38:56Z,2026-01-19T17:38:56Z,1,2026-01-19T10:51:07Z,,2,2,Determined upon crew arrival,New,OUTAGE,Service Secondary,WWS,NORMAL,42.28917,-83.40296
SW26011900540,2026-01-19T17:38:56Z,2026-01-19T17:38:56Z,1,2026-01-19T17:28:49Z,,1,1,Determined upon crew arrival,New,OUTAGE,Single Customer,WWS,NORMAL,42.28376,-83.41471
SW26011900542,2026-01-19T17:38:56Z,2026-01-19T17:38:56Z,1,2026-01-19T11:30:26Z,,1,1,Determined upon crew arrival,New,OUTAGE,Single Customer,WWS,NORMAL,42.28922,-83.40516
NW26011900579,2026-01-19T17:55:14Z,2026-01-19T21:42:13Z,9,2026-01-19T17:40:40Z,2026-01-19T22:10:00Z,1,1,Wind damage,Pending,OUTAGE,Single Customer,HWL,NORMAL,42.65084,-84.06526
SW26011900582,2026-01-19T17:55:14Z,2026-01-19T17:55:14Z,1,2026-01-19T17:44:35Z,,1,1,Determined upon crew arrival,New,OUTAGE,Single Customer,NPT,NORMAL,41.82393,-83.70882
SW26011900583,2026-01-19T17:55:14Z,2026-01-19T17:55:14Z,1,2026-01-19T17:44:43Z,,1,1,Determined upon crew arrival,New,OUTAGE,Single Customer,NPT,NORMAL,41.89483,-83.6893
NE26011900591,2026-01-19T18:34:20Z,2026-01-19T23:21:48Z,12,2026-01-19T17:47:45Z,2026-01-20T02:20:00Z,9,9,Determined upon crew arrival,In Progres,OUTAGE,Service Transformer,LAP,NORMAL,42.93239,-83.16679
NW26011900585,2026-01-19T18:34:20Z,2026-01-19T19:30:26Z,3,2026-01-19T17:46:41Z,2026-01-19T22:15:00Z,1,1,Equipment problem,Pending,OUTAGE,Single Customer,HWL,NORMAL,42.56911,-83.64847
NW26011900594,2026-01-19T18:34:20Z,2026-01-19T21:21:13Z,7,2026-01-19T16:19:09Z,2026-01-19T22:25:00Z,1,1,Equipment problem,In Progres,OUTAGE,Single Customer,HWL,NORMAL,42.65049,-84.06344
NW26011900601,2026-01-19T18:34:20Z,2026-01-19T19:50:48Z,4,2026-01-19T17:58:20Z,2026-01-19T22:30:00Z,2,2,Equipment problem,In Progres,OUTAGE,Service Transformer,PON,NORMAL,42.65706,-83.57658
NW26011900607,2026-01-19T18:34:20Z,2026-01-19T19:30:26Z,3,2026-01-19T18:11:34Z,2026-01-19T22:40:00Z,1,1,Determined upon crew arrival,In Progres,OUTAGE,Single Customer,SBY,NORMAL,42.69422,-83.16313
NW26011900608,2026-01-19T18:34:20Z,2026-01-19T18:34:20Z,1,2026-01-19T18:11:59Z,,1,1,Determined upon crew arrival,New,OUTAGE,Single Customer,HWL,NORMAL,42.59011,-83.98758
NW26011900610,2026-01-19T18:34:20Z,2026-01-19T18:34:20Z,1,2026-01-19T18:12:41Z,,1,1,Determined upon crew arrival,New,OUTAGE,Single Customer,HWL,NORMAL,42.57756,-83.97464
NW26011900612,2026-01-19T18:34:20Z,2026-01-19T18:34:20Z,1,2026-01-19T17:58:19Z,,1,1,Determined upon crew arrival,New,OUTAGE,Single Customer,PON,NORMAL,42.65976,-83.57507
NW26011900613,2026-01-19T18:34:20Z,2026-01-19T18:34:20Z,1,2026-01-19T17:58:19Z,,1,1,Determined upon crew arrival,New,OUTAGE,Single Customer,PON,NORMAL,42.6576,-83.5568
NW26011900614,2026-01-19T18:34:20Z,2026-01-19T18:34:20Z,1,2026-01-19T18:13:27Z,,1,1,Determined upon crew arrival,New,OUTAGE,Single Customer,HWL,NORMAL,42.57623,-83.99146
NW26011900617,2026-01-19T18:34:20Z,2026-01-19T18:34:20Z,1,2026-01-19T18:14:34Z,,1,1,Determined upon crew arrival,New,OUTAGE,Single Customer,HWL,NORMAL,42.57604,-83.97599
NW26011900618,2026-01-19T18:34:20Z,2026-01-19T18:34:20Z,1,2026-01-19T18:15:01Z,,1,1,Determined upon crew arrival,New,OUTAGE,Single Customer,HWL,NORMAL,42.59095,-83.98271
SW26011900595,2026-01-19T18:34:20Z,2026-01-19T20:46:50Z,6,2026-01-19T17:55:58Z,2026-01-19T22:25:00Z,1,1,Equipment problem,Pending,OUTAGE,Single Customer,ANN,NORMAL,42.24552,-83.6414
SW26011900615,2026-01-19T18:34:20Z,2026-01-19T19:00:38Z,2,2026-01-19T18:13:43Z,2026-01-19T22:45:00Z,1,1,Determined upon crew arrival,New,OUTAGE,Single Customer,WWS,NORMAL,42.28436,-83.41252
NE26011900638,2026-01-19T19:00:38Z,2026-01-19T20:26:25Z,4,2026-01-19T18:29:42Z,2026-01-19T23:00:00Z,1,1,Equipment problem,In Progres,OUTAGE,Single Customer,MAR,NORMAL,42.85671,-82.58178
NW26011900623,2026-01-19T19:00:38Z,2026-01-19T19:30:26Z,2,2026-01-19T18:10:45Z,2026-01-19T22:50:00Z,98,98,Equipment problem,In Progres,OUTAGE,Device (II),HWL,NORMAL,42.58666,-83.9863
NW26011900639,2026-01-19T19:00:38Z,2026-01-19T22:46:31Z,10,2026-01-19T18:30:37Z,2026-01-19T23:00:00Z,1,1,Equipment problem,In Progres,OUTAGE,Single Customer,PON,NORMAL,42.54194,-83.20385
NW26011900650,2026-01-19T19:00:38Z,2026-01-19T19:00:38Z,1,2026-01-19T18:44:06Z,,1,1,Determined upon crew arrival,New,OUTAGE,Single Customer,HWL,NORMAL,42.57555,-84.02005
SE26011900635,2026-01-19T19:00:38Z,2026-01-20T17:46:33Z,37,2026-01-19T18:23:27Z,2026-01-20T23:00:00Z,1,1,Determined upon crew arrival,In Progres,OUTAGE,Single Customer,CAN,NORMAL,42.32586,-83.07875
SE26011900636,2026-01-19T19:00:38Z,2026-01-19T23:54:21Z,13,2026-01-19T18:29:09Z,2026-01-20T03:00:00Z,23,23,Equipment problem,In Progres,OUTAGE,Service Transformer,CAN,NORMAL,42.38465,-83.08415
SW26011900644,2026-01-19T19:00:38Z,2026-01-19T19:50:48Z,3,2026-01-19T18:37:47Z,2026-01-19T23:10:00Z,1,1,Determined upon crew arrival,Pending,OUTAGE,Single Customer,WWS,NORMAL,42.29078,-83.38542
NW26011900673,2026-01-19T19:30:26Z,2026-01-19T20:46:50Z,4,2026-01-19T18:17:46Z,2026-01-19T23:40:00Z,1,1,Determined upon crew arrival,In Progres,OUTAGE,Single Customer,SBY,NORMAL,42.76545,-83.01873
SE26011900658,2026-01-19T19:30:26Z,2026-01-19T21:21:13Z,5,2026-01-19T18:32:30Z,2026-01-19T23:25:00Z,82,16,Determined upon crew arrival,In Progres,OUTAGE,Device (II),RFD,NORMAL,42.3326,-83.29537
SW26011900654,2026-01-19T19:30:26Z,2026-01-19T22:46:31Z,9,2026-01-19T18:42:11Z,2026-01-19T23:20:00Z,1,1,Problem with the customer equip,In Progres,OUTAGE,Single Customer,WWS,NORMAL,42.35163,-83.43565
NE26011900729,2026-01-19T19:50:48Z,2026-01-19T22:23:02Z,7,2026-01-19T19:19:05Z,2026-01-19T23:55:00Z,152,152,Determined upon crew arrival,In Progres,OUTAGE,Device (II),MTC,NORMAL,42.58478,-82.91971
NE26011900828,2026-01-19T19:50:48Z,2026-01-20T11:47:29Z,27,2026-01-19T19:42:41Z,2026-01-20T12:15:00Z,1,1,Equipment problem,In Progres,OUTAGE,Single Customer,MTC,NORMAL,42.46589,-83.02581
NW26011900748,2026-01-19T19:50:48Z,2026-01-19T21:53:24Z,6,2026-01-19T19:32:58Z,2026-01-20T00:05:00Z,1,1,Equipment problem,In Progres,OUTAGE,Single Customer,PON,NORMAL,42.587,-83.43334
SE26011900829,2026-01-19T19:50:48Z,2026-01-19T19:50:48Z,1,2026-01-19T19:42:58Z,,1,1,Determined upon crew arrival,New,OUTAGE,Single Customer,RFD,NORMAL,42.37184,-83.309
SE26011900830,2026-01-19T19:50:48Z,2026-01-19T19:50:48Z,1,2026-01-19T18:26:24Z,,1,1,Determined upon crew arrival,New,OUTAGE,Single Customer,RFD,NORMAL,42.36039,-83.30571
SE26011900831,2026-01-19T19:50:48Z,2026-01-19T19:50:48Z,1,2026-01-19T19:44:02Z,,1,1,Determined upon crew arrival,New,OUTAGE,Single Customer,RFD,NORMAL,42.37285,-83.30568
SW26011900739,2026-01-19T19:50:48Z,2026-01-19T19:50:48Z,1,2026-01-19T19:30:00Z,2026-01-20T00:00:00Z,1,1,Determined upon crew arrival,New,OUTAGE,Single Customer,WWS,NORMAL,42.28435,-83.40792
NE26011900842,2026-01-19T20:26:25Z,2026-01-19T22:46:31Z,7,2026-01-19T19:56:37Z,2026-01-20T00:25:00Z,1,1,Wind damage,In Progres,OUTAGE,Single Customer,MTC,NORMAL,42.64624,-82.87423
NE26011900843,2026-01-19T20:26:25Z,2026-01-19T20:46:50Z,2,2026-01-19T20:00:51Z,2026-01-20T00:30:00Z,1,1,Determined upon crew arrival,PC3 Verifi,OUTAGE,Single Customer,MTC,NORMAL,42.58717,-82.92055
NE26011900845,2026-01-19T20:26:25Z,2026-01-19T22:46:31Z,7,2026-01-19T20:03:50Z,2026-01-20T00:35:00Z,1,1,Equipment problem,In Progres,OUTAGE,Single Customer,MTC,NORMAL,42.50672,-82.93755
SE26011900839,2026-01-19T20:26:25Z,2026-01-19T20:26:25Z,1,2026-01-19T19:48:45Z,2026-01-20T00:20:00Z,1,1,Determined upon crew arrival,Pending,OUTAGE,Single Customer,RFD,NORMAL,42.27311,-83.26812
SE26011900846,2026-01-19T20:26:25Z,2026-01-19T20:46:50Z,2,2026-01-19T19:55:42Z,2026-01-20T00:35:00Z,1,1,Determined upon crew arrival,New,OUTAGE,Single Customer,RFD,NORMAL,42.37285,-83.30568
SE26011900847,2026-01-19T20:26:25Z,2026-01-19T20:46:50Z,2,2026-01-19T20:08:49Z,2026-01-20T00:40:00Z,1,1,Determined upon crew arrival,New,OUTAGE,Single Customer,RFD,NORMAL,42.35509,-83.30048
SW26011900850,2026-01-19T20:26:25Z,2026-01-20T01:51:00Z,11,2026-01-19T18:37:47Z,2026-01-20T04:40:00Z,2,2,Equipment problem,In Progres,OUTAGE,Service Transformer,WWS,NORMAL,42.29121,-83.3859
SW26011900851,2026-01-19T20:26:25Z,2026-01-20T01:51:00Z,11,2026-01-19T13:16:08Z,2026-01-20T12:40:00Z,1,1,Determined upon crew arrival,Pending,OUTAGE,Single Customer,WWS,NORMAL,42.29332,-83.37535
NW26011900866,2026-01-19T20:46:50Z,2026-01-19T22:46:31Z,6,2026-01-19T20:03:14Z,2026-01-20T00:55:00Z,1,1,Equipment problem,In Progres,OUTAGE,Single Customer,PON,NORMAL,42.65706,-83.57658
SE26011900862,2026-01-19T20:46:50Z,2026-01-19T20:46:50Z,1,2026-01-19T20:21:34Z,2026-01-20T00:50:00Z,1,1,Determined upon crew arrival,New,OUTAGE,Single Customer,RFD,NORMAL,42.37152,-83.29669
SE26011900865,2026-01-19T20:46:50Z,2026-01-19T20:46:50Z,1,2026-01-19T20:20:33Z,2026-01-20T00:55:00Z,1,1,Determined upon crew arrival,New,OUTAGE,Single Customer,RFD,NORMAL,42.37504,-83.30158
SE26011900867,2026-01-19T20:46:50Z,2026-01-19T22:46:31Z,6,2026-01-19T20:25:52Z,2026-01-20T00:55:00Z,1,1,Determined upon crew arrival,In Progres,OUTAGE,Single Customer,RFD,NORMAL,42.33791,-83.24337
SW26011900864,2026-01-19T20:46:50Z,2026-01-19T22:46:31Z,6,2026-01-19T20:22:21Z,2026-01-20T00:50:00Z,1,1,Determined upon crew arrival,In Progres,OUTAGE,Single Customer,WWS,NORMAL,42.40098,-83.37775
SW26011900868,2026-01-19T20:46:50Z,2026-01-19T20:46:50Z,1,2026-01-19T20:10:59Z,2026-01-20T00:55:00Z,1,1,Determined upon crew arrival,New,OUTAGE,Single Customer,WWS,NORMAL,42.28195,-83.39542
NE26011900870,2026-01-19T21:21:13Z,2026-01-19T23:54:21Z,8,2026-01-19T20:30:29Z,2026-01-20T01:00:00Z,51,51,Equipment problem,In Progres,OUTAGE,Device (II),LAP,NORMAL,43.05292,-83.31109
NE26011900884,2026-01-19T21:21:13Z,2026-01-19T22:46:31Z,5,2026-01-19T20:39:34Z,2026-01-20T01:10:00Z,1,1,Determined upon crew arrival,In Progres,OUTAGE,Single Customer,LAP,NORMAL,43.05546,-83.30773
NE26011900887,2026-01-19T21:21:13Z,2026-01-19T22:23:02Z,4,2026-01-19T20:29:09Z,2026-01-20T01:15:00Z,106,16,Determined upon crew arrival,In Progres,OUTAGE,Service Transformer,MTC,NORMAL,42.51673,-83.07248
NE26011900895,2026-01-19T21:21:13Z,2026-01-19T22:23:02Z,4,2026-01-19T20:35:04Z,2026-01-20T01:20:00Z,34,34,Determined upon crew arrival,In Progres,OUTAGE,Device (II),LAP,NORMAL,43.25118,-83.50146
NW26011900872,2026-01-19T21:21:13Z,2026-01-19T22:46:31Z,5,2026-01-19T18:19:05Z,2026-01-20T01:05:00Z,1,1,Equipment problem,In Progres,OUTAGE,Single Customer,HWL,NORMAL,42.59447,-83.98764
SE26011900876,2026-01-19T21:21:13Z,2026-01-19T21:21:13Z,1,2026-01-19T19:55:42Z,2026-01-20T01:05:00Z,3,3,Determined upon crew arrival,In Progres,OUTAGE,Service Transformer,RFD,NORMAL,42.36996,-83.30425
SE26011900885,2026-01-19T21:21:13Z,2026-01-19T22:46:31Z,5,2026-01-19T20:43:47Z,2026-01-20T01:15:00Z,1,1,Equipment problem,In Progres,OUTAGE,Single Customer,RFD,NORMAL,42.28407,-83.25415
SE26011900886,2026-01-19T21:21:13Z,2026-01-19T21:21:13Z,1,2026-01-19T20:08:49Z,2026-01-20T01:15:00Z,1,1,Determined upon crew arrival,In Progres,OUTAGE,Single Customer,RFD,NORMAL,42.3615,-83.30466
SE26011900890,2026-01-19T21:21:13Z,2026-01-19T21:21:13Z,1,2026-01-19T20:35:28Z,2026-01-20T01:15:00Z,1,1,Determined upon crew arrival,In Progres,OUTAGE,Single Customer,RFD,NORMAL,42.36021,-83.30901
SE26011900899,2026-01-19T21:21:13Z,2026-01-19T21:21:13Z,1,2026-01-19T21:01:32Z,2026-01-20T01:30:00Z,1,1,Determined upon crew arrival,New,OUTAGE,Single Customer,RFD,NORMAL,42.35685,-83.29804
SE26011900900,2026-01-19T21:21:13Z,2026-01-19T21:21:13Z,1,2026-01-19T19:22:15Z,2026-01-20T01:35:00Z,1,1,Determined upon crew arrival,New,OUTAGE,Single Customer,RFD,NORMAL,42.37164,-83.30562
SW26011900904,2026-01-19T21:21:13Z,2026-01-20T07:42:51Z,16,2026-01-19T21:07:44Z,2026-01-20T13:40:00Z,1,1,Equipment problem,In Progres,OUTAGE,Single Customer,NPT,NORMAL,42.01518,-83.52691
NE26011900908,2026-01-19T21:42:13Z,2026-01-19T23:21:48Z,5,2026-01-19T20:37:26Z,2026-01-20T01:15:00Z,1,1,Determined upon crew arrival,In Progres,OUTAGE,Service Secondary,MTC,NORMAL,42.51854,-83.07722
NE26011900909,2026-01-19T21:42:13Z,2026-01-19T22:23:02Z,3,2026-01-19T20:29:09Z,2026-01-20T01:15:00Z,8,8,Determined upon crew arrival,In Progres,OUTAGE,Service Transformer,MTC,NORMAL,42.51857,-83.07512
NW26011900915,2026-01-19T21:42:13Z,2026-01-19T22:23:02Z,3,2026-01-19T21:22:57Z,2026-01-20T01:55:00Z,1,1,Equipment problem,In Progres,OUTAGE,Single Customer,SBY,NORMAL,42.66829,-82.98834
SW26011900918,2026-01-19T21:42:13Z,2026-01-19T22:23:02Z,3,2026-01-19T21:26:46Z,2026-01-20T01:55:00Z,1,1,Determined upon crew arrival,In Progres,OUTAGE,Single Customer,ANN,NORMAL,42.26268,-83.71254
NW26011900923,2026-01-19T21:53:24Z,2026-01-19T22:46:31Z,3,2026-01-19T21:32:07Z,2026-01-20T02:00:00Z,1,1,Determined upon crew arrival,In Progres,OUTAGE,Single Customer,SBY,NORMAL,42.64218,-83.09402
SE26011900925,2026-01-19T21:53:24Z,2026-01-20T11:47:29Z,22,2026-01-19T21:35:20Z,2026-01-20T14:05:00Z,1,1,Determined upon crew arrival,In Progres,OUTAGE,Single Customer,CAN,NORMAL,42.43592,-82.98801
SE26011900926,2026-01-19T21:53:24Z,2026-01-19T23:54:21Z,6,2026-01-19T21:36:18Z,2026-01-20T02:05:00Z,1,1,Equipment problem,In Progres,OUTAGE,Single Customer,CAN,NORMAL,42.37634,-83.05359
NE26011900937,2026-01-19T22:23:02Z,2026-01-19T22:46:31Z,2,2026-01-19T21:56:06Z,2026-01-20T02:25:00Z,1,1,Determined upon crew arrival,In Progres,PRIORITY,,LAP,NORMAL,43.05377,-83.31061
NE26011900941,2026-01-19T22:23:02Z,2026-01-19T23:54:21Z,5,2026-01-19T14:43:33Z,2026-01-20T02:35:00Z,1,1,Determined upon crew arrival,Pending,OUTAGE,Single Customer,LAP,NORMAL,43.31858,-83.33776
NE26011900946,2026-01-19T22:23:02Z,2026-01-19T22:23:02Z,1,2026-01-19T21:56:51Z,,1,1,Determined upon crew arrival,In Progres,OUTAGE,Single Customer,LAP,NORMAL,43.05301,-83.30991
SE26011900932,2026-01-19T22:23:02Z,2026-01-19T22:46:31Z,2,2026-01-19T21:27:03Z,2026-01-20T02:20:00Z,1,1,Determined upon crew arrival,In Progres,OUTAGE,Single Customer,RFD,NORMAL,42.43001,-83.2504
SE26011900938,2026-01-19T22:23:02Z,2026-01-19T22:23:02Z,1,2026-01-19T21:50:51Z,2026-01-20T02:25:00Z,1,1,Determined upon crew arrival,New,OUTAGE,Single Customer,RFD,NORMAL,42.35474,-83.31087
NA26011900952,2026-01-19T22:46:31Z,2026-01-19T22:46:31Z,1,2026-01-19T22:15:07Z,,1,1,Determined upon crew arrival,New,OUTAGE,Single Customer,LAP,NORMAL,43.05425,-83.30794
NE26011900949,2026-01-19T22:46:31Z,2026-01-19T22:46:31Z,1,2026-01-19T22:10:26Z,2026-01-20T02:55:00Z,1,1,Determined upon crew arrival,New,OUTAGE,Single Customer,LAP,NORMAL,43.05301,-83.30991
SE26011900950,2026-01-19T22:46:31Z,2026-01-20T20:44:22Z,31,2026-01-19T22:26:56Z,2026-01-21T02:55:00Z,1,1,Wind damage,In Progres,OUTAGE,Single Customer,CAN,NORMAL,42.39501,-83.12565
SE26011900951,2026-01-19T22:46:31Z,2026-01-20T15:02:58Z,24,2026-01-19T22:29:32Z,2026-01-20T15:00:00Z,1,1,Equipment problem,In Progres,OUTAGE,Single Customer,RFD,NORMAL,42.39968,-83.14056
NE26011900954,2026-01-19T23:21:48Z,2026-01-20T01:51:00Z,4,2026-01-19T22:33:23Z,2026-01-20T03:05:00Z,1,1,Determined upon crew arrival,In Progres,OUTAGE,Single Customer,MTC,NORMAL,42.58678,-82.91872
SE26011900958,2026-01-19T23:21:48Z,2026-01-20T01:51:00Z,4,2026-01-19T22:45:04Z,2026-01-20T03:15:00Z,1,1,Equipment problem,In Progres,OUTAGE,Single Customer,RFD,NORMAL,42.22815,-83.19227
SE26011900961,2026-01-19T23:21:48Z,2026-01-20T10:29:50Z,16,2026-01-19T17:01:23Z,2026-01-20T15:20:00Z,1,1,Equipment problem,Pending,OUTAGE,Single Customer,RFD,NORMAL,42.36249,-83.17927
SE26011900971,2026-01-19T23:21:48Z,2026-01-20T10:29:50Z,16,2026-01-19T23:10:50Z,2026-01-20T11:40:00Z,19,19,Equipment problem,Pending,OUTAGE,Service Transformer,CAN,NORMAL,42.44366,-83.0807
SW26011900959,2026-01-19T23:21:48Z,2026-01-20T14:32:35Z,22,2026-01-19T22:46:11Z,2026-01-20T15:15:00Z,1,1,Determined upon crew arrival,In Progres,OUTAGE,Single Customer,WWS,NORMAL,42.48688,-83.45523
NE26011900977,2026-01-19T23:43:00Z,2026-01-19T23:54:21Z,2,2026-01-19T23:21:22Z,2026-01-20T03:50:00Z,1,1,Determined upon crew arrival,New,OUTAGE,Single Customer,LAP,NORMAL,43.20444,-83.30962
NW26011900974,2026-01-19T23:43:00Z,2026-01-19T23:43:00Z,1,2026-01-19T23:12:53Z,2026-01-20T03:45:00Z,1,1,Determined upon crew arrival,New,OUTAGE,Single Customer,PON,NORMAL,42.65703,-83.57114
NE26011900987,2026-01-19T23:54:21Z,2026-01-19T23:54:21Z,1,2026-01-19T23:25:25Z,2026-01-20T04:05:00Z,1,1,Determined upon crew arrival,New,OUTAGE,Single Customer,MTC,NORMAL,42.56503,-82.86237
NW26011900982,2026-01-19T23:54:21Z,2026-01-20T07:57:03Z,10,2026-01-19T23:31:22Z,2026-01-20T16:00:00Z,1,1,Equipment problem,In Progres,OUTAGE,Single Customer,PON,NORMAL,42.55833,-83.34178
NW26011900991,2026-01-19T23:54:21Z,2026-01-20T17:04:56Z,24,2026-01-19T23:12:53Z,2026-01-21T04:15:00Z,1,1,Animal/bird damaged DTE equip,In Progres,OUTAGE,Single Customer,PON,NORMAL,42.65703,-83.57114
NW26011901018,2026-01-20T01:51:00Z,2026-01-20T01:51:00Z,1,2026-01-20T00:48:01Z,2026-01-20T05:20:00Z,1,1,Equipment problem,In Progres,OUTAGE,Single Customer,SBY,NORMAL,42.71031,-83.1693
NW26011901021,2026-01-20T01:51:00Z,2026-01-20T01:51:00Z,1,2026-01-20T00:56:19Z,2026-01-20T05:30:00Z,3,3,Determined upon crew arrival,In Progres,OUTAGE,Service Transformer,PON,NORMAL,42.57695,-83.17709
NW26011901038,2026-01-20T01:51:00Z,2026-01-20T01:51:00Z,1,2026-01-20T00:56:21Z,2026-01-20T06:10:00Z,1,1,Determined upon crew arrival,New,OUTAGE,Single Customer,PON,NORMAL,42.5765,-83.17683
SE26011901004,2026-01-20T01:51:00Z,2026-01-20T09:47:28Z,12,2026-01-20T00:05:57Z,2026-01-20T12:45:00Z,30,30,Equipment problem,In Progres,OUTAGE,Service Transformer,RFD,NORMAL,42.49899,-83.19163
SE26011901023,2026-01-20T01:51:00Z,2026-01-20T01:51:00Z,1,2026-01-20T01:04:52Z,2026-01-20T05:35:00Z,2,2,Determined upon crew arrival,In Progres,OUTAGE,Service Secondary,RFD,NORMAL,42.26017,-83.19765
SE26011901025,2026-01-20T01:51:00Z,2026-01-20T01:51:00Z,1,2026-01-20T01:05:52Z,2026-01-20T05:35:00Z,10,10,Determined upon crew arrival,In Progres,OUTAGE,Service Transformer,RFD,NORMAL,42.2609,-83.1992
SE26011901026,2026-01-20T01:51:00Z,2026-01-20T09:47:28Z,12,2026-01-20T01:04:52Z,2026-01-20T09:40:00Z,52,43,Equipment problem,Pending,OUTAGE,Service Transformer,RFD,NORMAL,42.26054,-83.19843
SE26011901032,2026-01-20T01:51:00Z,2026-01-21T11:54:35Z,52,2026-01-20T01:25:42Z,2026-01-21T17:55:00Z,1,1,Equipment problem,In Progres,OUTAGE,Single Customer,RFD,NORMAL,42.44481,-83.16845
SE26011901033,2026-01-20T01:51:00Z,2026-01-20T01:51:00Z,1,2026-01-20T01:31:43Z,2026-01-20T06:00:00Z,1,1,Determined upon crew arrival,New,OUTAGE,Single Customer,RFD,NORMAL,42.25962,-83.19647
SE26011901037,2026-01-20T01:51:00Z,2026-01-20T14:32:35Z,19,2026-01-20T01:40:37Z,2026-01-20T18:10:00Z,1,1,Determined upon crew arrival,In Progres,OUTAGE,Single Customer,CAN,NORMAL,42.33576,-83.08706
SW26011900994,2026-01-20T01:51:00Z,2026-01-20T14:32:35Z,19,2026-01-19T23:51:59Z,2026-01-20T16:20:00Z,1,1,Equipment problem,In Progres,OUTAGE,Single Customer,WWS,NORMAL,42.48613,-83.50052
SE26011901043,2026-01-20T03:44:56Z,2026-01-20T15:02:58Z,19,2026-01-19T17:10:44Z,2026-01-20T18:25:00Z,1,1,Determined upon crew arrival,In Progres,OUTAGE,Single Customer,CAN,NORMAL,42.36924,-83.01393
SE26011901055,2026-01-20T03:44:56Z,2026-01-20T15:47:07Z,20,2026-01-20T02:21:02Z,2026-01-20T18:50:00Z,1,1,Determined upon crew arrival,Pending,OUTAGE,Single Customer,CAN,NORMAL,42.3807,-83.02029
SW26011901049,2026-01-20T03:44:56Z,2026-01-20T03:44:56Z,1,2026-01-20T01:56:28Z,2026-01-20T06:35:00Z,1,1,Determined upon crew arrival,In Progres,OUTAGE,Single Customer,WWS,NORMAL,42.27573,-83.52088
SW26011901062,2026-01-20T03:44:56Z,2026-01-20T05:16:54Z,3,2026-01-20T02:31:07Z,2026-01-20T07:15:00Z,1,1,Determined upon crew arrival,In Progres,OUTAGE,Single Customer,ANN,NORMAL,42.29956,-83.71887
SW26011901065,2026-01-20T03:44:56Z,2026-01-20T07:05:19Z,6,2026-01-20T02:56:47Z,2026-01-20T07:25:00Z,1,1,Determined upon crew arrival,In Progres,OUTAGE,Single Customer,WWS,NORMAL,42.29546,-83.46058
SW26011901072,2026-01-20T04:34:49Z,2026-01-20T14:32:35Z,17,2026-01-19T13:16:08Z,2026-01-20T20:45:00Z,1,1,Determined upon crew arrival,In Progres,OUTAGE,Single Customer,WWS,NORMAL,42.29332,-83.37535
NW26012000025,2026-01-20T09:47:28Z,2026-01-20T09:47:28Z,1,2026-01-20T09:26:03Z,2026-01-20T13:55:00Z,1,1,Determined upon crew arrival,New,OUTAGE,Single Customer,HWL,NORMAL,42.62604,-84.37543
NW26012000026,2026-01-20T09:47:28Z,2026-01-20T09:47:28Z,1,2026-01-20T09:27:37Z,,1,1,Determined upon crew arrival,New,OUTAGE,Single Customer,HWL,NORMAL,42.6295,-84.34322
NW26012000027,2026-01-20T09:47:28Z,2026-01-20T11:28:03Z,4,2026-01-20T09:24:32Z,2026-01-20T14:00:00Z,188,188,Equipment problem,In Progres,OUTAGE,Device (II),HWL,NORMAL,42.61758,-84.33974
SW26012000046,2026-01-20T10:56:45Z,2026-01-20T17:46:33Z,11,2026-01-20T10:20:49Z,2026-01-20T18:55:00Z,22,22,Equipment problem,In Progres,OUTAGE,Device (I),WWS,NORMAL,42.36099,-83.45282
SE26012000059,2026-01-20T11:47:29Z,2026-01-20T17:04:56Z,8,2026-01-20T11:19:31Z,2026-01-21T03:50:00Z,1,1,Equipment problem,In Progres,OUTAGE,Single Customer,RFD,NORMAL,42.45246,-83.17012
SW26012000060,2026-01-20T11:47:29Z,2026-01-20T17:46:33Z,9,2026-01-20T04:53:29Z,2026-01-21T03:50:00Z,1,1,Determined upon crew arrival,In Progres,OUTAGE,Single Customer,WWS,NORMAL,42.49999,-83.36745
NE26012000069,2026-01-20T12:53:33Z,2026-01-20T15:47:07Z,5,2026-01-20T10:38:10Z,2026-01-20T16:15:00Z,1,1,Determined upon crew arrival,In Progres,OUTAGE,Single Customer,MTC,NORMAL,42.46333,-82.94471
SE26012000062,2026-01-20T12:53:33Z,2026-01-20T15:47:07Z,5,2026-01-20T11:31:44Z,2026-01-20T16:00:00Z,1,1,Equipment problem,In Progres,OUTAGE,Single Customer,RFD,NORMAL,42.47259,-83.22231
SE26012000063,2026-01-20T12:53:33Z,2026-01-20T23:56:36Z,20,2026-01-19T19:30:48Z,2026-01-21T04:05:00Z,1,1,Equipment problem,Pending,OUTAGE,Single Customer,CAN,NORMAL,42.44531,-83.10109
SE26012000065,2026-01-20T12:53:33Z,2026-01-20T18:39:25Z,9,2026-01-19T21:54:43Z,2026-01-21T04:10:00Z,1,1,Equipment problem,In Progres,OUTAGE,Single Customer,RFD,NORMAL,42.43318,-83.14421
NE26012000080,2026-01-20T13:48:49Z,2026-01-20T17:04:56Z,6,2026-01-20T12:55:02Z,2026-01-20T17:25:00Z,1,1,Determined upon crew arrival,In Progres,OUTAGE,Single Customer,MTC,NORMAL,42.53281,-83.03626
SE26012000099,2026-01-20T13:48:49Z,2026-01-20T17:46:33Z,7,2026-01-20T13:14:45Z,2026-01-20T17:45:00Z,18,18,Equipment problem,In Progres,OUTAGE,Service Transformer,CAN,NORMAL,42.42533,-82.94978
SE26012000103,2026-01-20T13:48:49Z,2026-01-20T15:02:58Z,3,2026-01-20T13:02:04Z,2026-01-20T17:45:00Z,2,2,Wind damage,In Progres,OUTAGE,Service Secondary,RFD,NORMAL,42.48083,-83.13619
SE26012000112,2026-01-20T13:48:49Z,2026-01-20T13:48:49Z,1,2026-01-20T13:13:09Z,,1,1,Determined upon crew arrival,New,OUTAGE,Single Customer,CAN,NORMAL,42.40925,-82.90069
SW26012000096,2026-01-20T13:48:49Z,2026-01-20T15:47:07Z,4,2026-01-20T12:56:18Z,2026-01-20T17:40:00Z,737,66,Equipment problem,In Progres,OUTAGE,Device (I),NPT,NORMAL,41.91561,-83.42761
SW26012000111,2026-01-20T13:48:49Z,2026-01-20T17:46:33Z,7,2026-01-20T13:27:45Z,2026-01-20T18:00:00Z,1,1,Determined upon crew arrival,In Progres,OUTAGE,Single Customer,WWS,NORMAL,42.48978,-83.34041
NE26012000153,2026-01-20T14:32:35Z,2026-01-20T17:46:33Z,6,2026-01-20T13:19:01Z,2026-01-20T18:40:00Z,1,1,Equipment problem,In Progres,OUTAGE,Single Customer,LAP,NORMAL,42.84651,-83.21028
NW26012000156,2026-01-20T14:32:35Z,2026-01-20T15:47:07Z,3,2026-01-20T14:12:20Z,2026-01-20T18:40:00Z,1,1,Determined upon crew arrival,In Progres,OUTAGE,Single Customer,PON,NORMAL,42.63965,-83.32513
SE26012000115,2026-01-20T14:32:35Z,2026-01-20T18:39:25Z,7,2026-01-20T00:13:00Z,2026-01-21T06:00:00Z,1,1,Determined upon crew arrival,In Progres,OUTAGE,Single Customer,RFD,NORMAL,42.41159,-83.17887
SW26012000130,2026-01-20T14:32:35Z,2026-01-20T21:51:20Z,12,2026-01-20T13:30:26Z,2026-01-21T06:15:00Z,1,1,Wind damage,In Progres,OUTAGE,Single Customer,ANN,NORMAL,42.33563,-83.89665
NW26012000180,2026-01-20T15:02:58Z,2026-01-20T15:02:58Z,1,2026-01-20T14:38:45Z,2026-01-20T19:10:00Z,1,1,Determined upon crew arrival,New,OUTAGE,Single Customer,SBY,NORMAL,42.63302,-83.09239
SE26012000182,2026-01-20T15:02:58Z,2026-01-20T23:24:41Z,15,2026-01-20T14:31:59Z,2026-01-21T07:10:00Z,1,1,Determined upon crew arrival,Pending,OUTAGE,Single Customer,CAN,NORMAL,42.43972,-83.07425
SE26012000183,2026-01-20T15:02:58Z,2026-01-20T17:46:33Z,5,2026-01-20T14:39:49Z,2026-01-20T19:10:00Z,1,1,Equipment problem,In Progres,OUTAGE,Single Customer,RFD,NORMAL,42.38516,-83.18079
SW26012000164,2026-01-20T15:02:58Z,2026-01-20T17:04:56Z,4,2026-01-20T14:18:58Z,2026-01-20T18:50:00Z,6,6,Equipment problem,In Progres,OUTAGE,Service Transformer,WWS,NORMAL,42.35943,-83.45194
SW26012000165,2026-01-20T15:02:58Z,2026-01-20T17:04:56Z,4,2026-01-20T12:46:32Z,2026-01-20T18:50:00Z,2,2,Equipment problem,In Progres,OUTAGE,Service Secondary,WWS,NORMAL,42.35637,-83.44942
NE26012000213,2026-01-20T15:47:07Z,2026-01-20T15:47:07Z,1,2026-01-20T15:08:54Z,2026-01-20T19:40:00Z,1,1,Determined upon crew arrival,New,OUTAGE,Single Customer,MTC,NORMAL,42.45042,-83.07588
NW26012000215,2026-01-20T15:47:07Z,2026-01-20T19:57:41Z,6,2026-01-20T15:09:07Z,2026-01-21T07:40:00Z,1,1,Equipment problem,In Progres,OUTAGE,Single Customer,SBY,NORMAL,42.56756,-83.06279
SE26012000212,2026-01-20T15:47:07Z,2026-01-20T15:47:07Z,1,2026-01-20T15:08:31Z,2026-01-20T19:40:00Z,1,1,Determined upon crew arrival,New,OUTAGE,Single Customer,CAN,NORMAL,42.39703,-83.01493
SE26012000214,2026-01-20T15:47:07Z,2026-01-20T19:57:41Z,6,2026-01-20T14:33:59Z,2026-01-21T07:40:00Z,1,1,Determined upon crew arrival,In Progres,OUTAGE,Single Customer,CAN,NORMAL,42.39314,-83.07562
SE26012000218,2026-01-20T15:47:07Z,2026-01-20T15:47:07Z,1,2026-01-20T14:57:54Z,,1,1,Determined upon crew arrival,New,OUTAGE,Single Customer,RFD,NORMAL,42.38466,-83.26553
SW26012000196,2026-01-20T15:47:07Z,2026-01-20T15:47:07Z,1,2026-01-20T14:51:29Z,2026-01-20T19:25:00Z,1,1,Determined upon crew arrival,In Progres,OUTAGE,Single Customer,WWS,NORMAL,42.15561,-83.52078
SW26012000197,2026-01-20T15:47:07Z,2026-01-20T15:47:07Z,1,2026-01-20T14:53:46Z,2026-01-20T19:25:00Z,1,1,Determined upon crew arrival,In Progres,OUTAGE,Service Secondary,ANN,NORMAL,42.12827,-83.69679
SW26012000201,2026-01-20T15:47:07Z,2026-01-20T15:47:07Z,1,2026-01-20T14:57:11Z,2026-01-20T19:30:00Z,24,24,Determined upon crew arrival,In Progres,OUTAGE,Service Transformer,WWS,NORMAL,42.27746,-83.35749
SW26012000206,2026-01-20T15:47:07Z,2026-01-20T15:47:07Z,1,2026-01-20T14:57:21Z,2026-01-20T19:35:00Z,1,1,Determined upon crew arrival,In Progres,OUTAGE,Single Customer,WWS,NORMAL,42.27898,-83.35756
NE26012000250,2026-01-20T16:37:39Z,2026-01-20T17:04:56Z,2,2026-01-20T15:40:41Z,2026-01-20T20:10:00Z,13,13,Equipment problem,Pending,OUTAGE,Service Transformer,MAR,NORMAL,43.22202,-82.52384
NE26012000276,2026-01-20T16:37:39Z,2026-01-20T17:46:33Z,3,2026-01-20T16:00:15Z,2026-01-20T20:30:00Z,1,1,Determined upon crew arrival,In Progres,OUTAGE,Single Customer,MTC,NORMAL,42.58689,-82.87385
NE26012000297,2026-01-20T16:37:39Z,2026-01-20T18:39:25Z,4,2026-01-20T16:24:16Z,2026-01-20T20:55:00Z,1,1,Equipment problem,In Progres,OUTAGE,Single Customer,MAR,NORMAL,42.96582,-82.43877
NE26012000300,2026-01-20T16:37:39Z,2026-01-20T16:37:39Z,1,2026-01-20T16:27:37Z,,1,1,Determined upon crew arrival,New,OUTAGE,Single Customer,MTC,NORMAL,42.65628,-82.76796
NW26012000240,2026-01-20T16:37:39Z,2026-01-20T18:39:25Z,4,2026-01-20T15:31:06Z,2026-01-20T20:00:00Z,1,1,Determined upon crew arrival,In Progres,OUTAGE,Single Customer,PON,NORMAL,42.67634,-83.35513
NW26012000242,2026-01-20T16:37:39Z,2026-01-20T16:37:39Z,1,2026-01-20T15:32:47Z,2026-01-20T20:05:00Z,1,1,Determined upon crew arrival,In Progres,OUTAGE,Single Customer,PON,NORMAL,42.86495,-83.4309
NW26012000265,2026-01-20T16:37:39Z,2026-01-20T17:46:33Z,3,2026-01-20T15:53:51Z,2026-01-20T20:25:00Z,1,1,Equipment problem,In Progres,OUTAGE,Single Customer,PON,NORMAL,42.6556,-83.4762
NW26012000269,2026-01-20T16:37:39Z,2026-01-20T18:39:25Z,4,2026-01-20T15:56:42Z,2026-01-20T20:25:00Z,1,1,Equipment problem,In Progres,OUTAGE,Single Customer,PON,NORMAL,42.6054,-83.49077
NW26012000279,2026-01-20T16:37:39Z,2026-01-20T17:04:56Z,2,2026-01-20T16:02:54Z,2026-01-20T20:35:00Z,1,1,Determined upon crew arrival,In Progres,OUTAGE,Single Customer,PON,NORMAL,42.54871,-83.15467
NW26012000281,2026-01-20T16:37:39Z,2026-01-20T17:04:56Z,2,2026-01-20T15:54:27Z,2026-01-20T20:35:00Z,2,2,Determined upon crew arrival,In Progres,OUTAGE,Service Secondary,PON,NORMAL,42.54841,-83.14087
NW26012000293,2026-01-20T16:37:39Z,2026-01-20T22:24:07Z,10,2026-01-20T16:19:25Z,2026-01-21T08:50:00Z,1,1,Equipment problem,In Progres,OUTAGE,Single Customer,SBY,NORMAL,42.62414,-83.20693
SE26012000223,2026-01-20T16:37:39Z,2026-01-20T16:37:39Z,1,2026-01-20T15:16:10Z,2026-01-20T19:45:00Z,1,1,Determined upon crew arrival,In Progres,OUTAGE,Single Customer,RFD,NORMAL,42.28518,-83.22897
SE26012000263,2026-01-20T16:37:39Z,2026-01-20T17:46:33Z,3,2026-01-20T15:53:31Z,2026-01-20T20:25:00Z,1,1,Determined upon crew arrival,In Progres,OUTAGE,Single Customer,RFD,NORMAL,42.46861,-83.08706
SW26012000299,2026-01-20T16:37:39Z,2026-01-20T17:46:33Z,3,2026-01-20T16:27:18Z,2026-01-20T20:55:00Z,4,4,Public Interference w/DTE equip,In Progres,OUTAGE,Service Transformer,NPT,NORMAL,42.16687,-83.29434
SW26012000304,2026-01-20T16:37:39Z,2026-01-20T16:37:39Z,1,2026-01-20T16:15:02Z,,1,1,Determined upon crew arrival,New,OUTAGE,Single Customer,WWS,NORMAL,42.38049,-83.47985
NE26012000315,2026-01-20T17:04:56Z,2026-01-20T17:04:56Z,1,2026-01-20T16:42:19Z,2026-01-20T21:10:00Z,2,2,Determined upon crew arrival,New,OUTAGE,Service Secondary,MTC,NORMAL,42.80918,-82.75366
SE26012000310,2026-01-20T17:04:56Z,2026-01-20T18:39:25Z,3,2026-01-20T14:33:21Z,2026-01-20T21:05:00Z,1,1,Equipment problem,In Progres,OUTAGE,Single Customer,RFD,NORMAL,42.47636,-83.17529
SE26012000312,2026-01-20T17:04:56Z,2026-01-20T23:56:36Z,14,2026-01-20T15:04:38Z,2026-01-21T09:05:00Z,1,1,Equipment problem,In Progres,OUTAGE,Single Customer,RFD,NORMAL,42.40784,-83.21005
SE26012000313,2026-01-20T17:04:56Z,2026-01-20T20:44:22Z,5,2026-01-20T16:37:36Z,2026-01-20T21:10:00Z,1,1,Determined upon crew arrival,In Progres,OUTAGE,Single Customer,CAN,NORMAL,42.4047,-82.96887
SE26012000319,2026-01-20T17:04:56Z,2026-01-20T17:04:56Z,1,2026-01-20T16:55:12Z,2026-01-20T21:25:00Z,1,1,Determined upon crew arrival,New,OUTAGE,Single Customer,RFD,NORMAL,42.35881,-83.19632
SE26012000324,2026-01-20T17:04:56Z,2026-01-20T18:39:25Z,3,2026-01-20T16:59:38Z,2026-01-20T21:30:00Z,19,19,Public Interference w/DTE equip,In Progres,OUTAGE,Service Transformer,CAN,NORMAL,42.37554,-82.95789
NE26012000338,2026-01-20T17:46:33Z,2026-01-20T17:46:33Z,1,2026-01-20T17:15:28Z,2026-01-20T21:45:00Z,1,1,Equipment problem,In Progres,OUTAGE,Single Customer,MTC,NORMAL,42.72921,-82.79985
NW26012000350,2026-01-20T17:46:33Z,2026-01-20T18:39:25Z,2,2026-01-20T17:28:43Z,2026-01-20T22:00:00Z,1,1,Determined upon crew arrival,In Progres,OUTAGE,Single Customer,SBY,NORMAL,42.66806,-83.0706
SE26012000330,2026-01-20T17:46:33Z,2026-01-20T19:57:41Z,3,2026-01-20T17:01:56Z,2026-01-20T21:35:00Z,1,1,Equipment problem,In Progres,OUTAGE,Single Customer,RFD,NORMAL,42.36761,-83.17581
SE26012000348,2026-01-20T17:46:33Z,2026-01-20T17:46:33Z,1,2026-01-20T17:23:07Z,2026-01-20T21:55:00Z,1,1,Determined upon crew arrival,In Progres,OUTAGE,Single Customer,CAN,NORMAL,42.32944,-83.06674
SW26012000325,2026-01-20T17:46:33Z,2026-01-20T18:39:25Z,2,2026-01-20T17:01:01Z,2026-01-20T21:30:00Z,1,1,Determined upon crew arrival,In Progres,OUTAGE,Single Customer,NPT,NORMAL,42.00403,-83.43321
SW26012000349,2026-01-20T17:46:33Z,2026-01-20T17:46:33Z,1,2026-01-20T17:23:37Z,2026-01-20T21:55:00Z,1,1,Determined upon crew arrival,New,OUTAGE,Single Customer,WWS,NORMAL,42.27805,-83.31849
NE26012000380,2026-01-20T18:39:25Z,2026-01-20T21:01:49Z,4,2026-01-20T17:46:59Z,2026-01-20T22:20:00Z,1,1,Equipment problem,In Progres,OUTAGE,Single Customer,NAE,NORMAL,43.65301,-83.56544
NE26012000400,2026-01-20T18:39:25Z,2026-01-20T18:39:25Z,1,2026-01-20T17:54:55Z,2026-01-20T22:35:00Z,2,2,Determined upon crew arrival,In Progres,OUTAGE,Service Secondary,MTC,NORMAL,42.47411,-82.95051
NE26012000420,2026-01-20T18:39:25Z,2026-01-20T18:39:25Z,1,2026-01-20T17:20:55Z,,1,1,Determined upon crew arrival,New,OUTAGE,Single Customer,MTC,NORMAL,42.44875,-83.02695
NW26012000376,2026-01-20T18:39:25Z,2026-01-20T21:51:20Z,6,2026-01-20T17:47:43Z,2026-01-20T22:20:00Z,1,1,Equipment problem,In Progres,OUTAGE,Single Customer,PON,NORMAL,42.6556,-83.4762
SE26012000355,2026-01-20T18:39:25Z,2026-01-20T18:39:25Z,1,2026-01-20T17:30:43Z,2026-01-20T22:00:00Z,1,1,Determined upon crew arrival,In Progres,OUTAGE,Single Customer,CAN,NORMAL,42.43686,-83.02336
SE26012000356,2026-01-20T18:39:25Z,2026-01-20T21:34:55Z,5,2026-01-20T17:33:15Z,2026-01-20T22:05:00Z,1,1,Public Interference w/DTE equip,In Progres,SERVICE DOWN NO,,RFD,NORMAL,42.49673,-83.18413
SE26012000371,2026-01-20T18:39:25Z,2026-01-20T22:55:32Z,9,2026-01-20T17:20:02Z,2026-01-21T10:15:00Z,1,1,Equipment problem,Pending,OUTAGE,Single Customer,CAN,NORMAL,42.36382,-83.10304
SE26012000402,2026-01-20T18:39:25Z,2026-01-20T23:56:36Z,12,2026-01-20T18:06:58Z,2026-01-21T10:35:00Z,1,1,Determined upon crew arrival,In Progres,OUTAGE,Single Customer,CAN,NORMAL,42.39532,-83.12899
SE26012000408,2026-01-20T18:39:25Z,2026-01-20T18:39:25Z,1,2026-01-20T17:39:42Z,2026-01-20T22:45:00Z,1,1,Determined upon crew arrival,In Progres,OUTAGE,Single Customer,RFD,NORMAL,42.39395,-83.19199
SE26012000409,2026-01-20T18:39:25Z,2026-01-20T22:24:07Z,7,2026-01-20T13:14:45Z,2026-01-21T01:45:00Z,66,57,Equipment problem,In Progres,OUTAGE,Service Transformer,CAN,NORMAL,42.42516,-82.95026
SW26012000385,2026-01-20T18:39:25Z,2026-01-20T18:39:25Z,1,2026-01-20T17:52:51Z,2026-01-20T18:30:00Z,19,19,Determined upon crew arrival,In Progres,OUTAGE,Service Transformer,WWS,NORMAL,42.30158,-83.3923
SW26012000390,2026-01-20T18:39:25Z,2026-01-20T19:57:41Z,2,2026-01-20T17:53:35Z,2026-01-20T22:30:00Z,1,1,Determined upon crew arrival,In Progres,OUTAGE,Single Customer,ANN,NORMAL,42.18844,-83.62404
NE26012000467,2026-01-20T19:57:41Z,2026-01-20T19:57:41Z,1,2026-01-20T19:10:37Z,2026-01-21T00:00:00Z,1,1,Determined upon crew arrival,New,OUTAGE,Single Customer,MTC,NORMAL,42.56051,-82.93936
NW26012000460,2026-01-20T19:57:41Z,2026-01-20T23:56:36Z,11,2026-01-20T19:20:08Z,2026-01-20T23:50:00Z,1,1,Equipment problem,In Progres,OUTAGE,Single Customer,PON,NORMAL,42.56256,-83.504
SE26012000428,2026-01-20T19:57:41Z,2026-01-20T22:24:07Z,6,2026-01-20T18:32:41Z,2026-01-20T23:05:00Z,2,2,Equipment problem,In Progres,OUTAGE,Service Secondary,RFD,NORMAL,42.49527,-83.19723
SE26012000454,2026-01-20T19:57:41Z,2026-01-20T23:56:36Z,11,2026-01-20T19:08:19Z,2026-01-20T23:45:00Z,1,1,Determined upon crew arrival,In Progres,OUTAGE,Single Customer,RFD,NORMAL,42.47703,-83.27583
SE26012000468,2026-01-20T19:57:41Z,2026-01-20T23:24:41Z,9,2026-01-20T19:22:11Z,2026-01-21T00:00:00Z,1,1,Equipment problem,In Progres,OUTAGE,Single Customer,RFD,NORMAL,42.3145,-83.12905
SW26012000472,2026-01-20T19:57:41Z,2026-01-20T21:01:49Z,3,2026-01-20T19:37:05Z,2026-01-21T00:10:00Z,1,1,Determined upon crew arrival,In Progres,OUTAGE,Single Customer,WWS,NORMAL,42.27902,-83.35635
NE26012000525,2026-01-20T20:44:22Z,2026-01-21T08:42:57Z,20,2026-01-20T19:10:37Z,2026-01-21T12:40:00Z,1,1,Equipment problem,In Progres,OUTAGE,Single Customer,MTC,NORMAL,42.56051,-82.93936
NW26012000557,2026-01-20T20:44:22Z,2026-01-20T21:51:20Z,4,2026-01-20T20:19:40Z,2026-01-21T00:50:00Z,1,1,Determined upon crew arrival,In Progres,OUTAGE,Single Customer,HWL,NORMAL,42.55003,-83.57283
NW26012000559,2026-01-20T20:44:22Z,2026-01-21T06:38:45Z,16,2026-01-20T20:08:39Z,2026-01-21T12:50:00Z,1,1,Determined upon crew arrival,In Progres,OUTAGE,Single Customer,PON,NORMAL,42.60103,-83.29215
SE26012000478,2026-01-20T20:44:22Z,2026-01-21T10:30:37Z,23,2026-01-20T17:39:42Z,2026-01-21T12:30:00Z,1,1,Equipment problem,In Progres,OUTAGE,Single Customer,RFD,NORMAL,42.39395,-83.19199
SE26012000522,2026-01-20T20:44:22Z,2026-01-20T23:56:36Z,10,2026-01-20T16:59:08Z,2026-01-21T00:40:00Z,1,1,Equipment problem,In Progres,OUTAGE,Single Customer,RFD,NORMAL,42.35881,-83.19632
SE26012000528,2026-01-20T20:44:22Z,2026-01-20T20:44:22Z,1,2026-01-20T20:09:24Z,2026-01-21T00:40:00Z,1,1,Determined upon crew arrival,New,OUTAGE,Single Customer,RFD,NORMAL,42.46452,-83.11571
SE26012000553,2026-01-20T20:44:22Z,2026-01-20T22:24:07Z,5,2026-01-20T20:07:11Z,2026-01-21T00:45:00Z,1,1,Equipment problem,In Progres,OUTAGE,Single Customer,RFD,NORMAL,42.36654,-83.17456
SE26012000554,2026-01-20T20:44:22Z,2026-01-20T20:44:22Z,1,2026-01-20T19:59:35Z,2026-01-21T00:45:00Z,1480,1480,Determined upon crew arrival,PC3 Verifi,OUTAGE,Circuit Level,CAN,NORMAL,42.34635,-82.98618
SW26012000479,2026-01-20T20:44:22Z,2026-01-20T21:01:49Z,2,2026-01-20T19:53:31Z,2026-01-21T00:30:00Z,1,1,Determined upon crew arrival,PC3 Verifi,OUTAGE,Single Customer,WWS,NORMAL,42.32244,-83.4212
NE26012000568,2026-01-20T21:01:49Z,2026-01-20T21:01:49Z,1,2026-01-20T20:41:06Z,2026-01-21T01:10:00Z,1,1,Determined upon crew arrival,New,OUTAGE,Single Customer,MAR,NORMAL,42.9637,-82.74429
SE26012000567,2026-01-20T21:01:49Z,2026-01-20T23:56:36Z,9,2026-01-20T20:26:36Z,2026-01-21T01:10:00Z,1,1,Equipment problem,In Progres,OUTAGE,Single Customer,RFD,NORMAL,42.48215,-83.23029
NW26012000582,2026-01-20T21:34:55Z,2026-01-20T23:56:36Z,8,2026-01-20T20:53:13Z,2026-01-21T01:40:00Z,3,3,Equipment problem,In Progres,OUTAGE,Service Transformer,PON,NORMAL,42.55799,-83.55864
SW26012000572,2026-01-20T21:34:55Z,2026-01-20T23:56:36Z,8,2026-01-20T20:49:17Z,2026-01-21T01:20:00Z,1,1,Equipment problem,In Progres,OUTAGE,Single Customer,ANN,NORMAL,42.2735,-83.61144
SW26012000573,2026-01-20T21:34:55Z,2026-01-20T23:24:41Z,6,2026-01-20T20:52:28Z,2026-01-21T01:25:00Z,1,1,Equipment problem,In Progres,OUTAGE,Single Customer,ANN,NORMAL,42.08584,-83.67442
NE26012000603,2026-01-20T21:51:20Z,2026-01-20T22:55:32Z,4,2026-01-20T21:04:11Z,2026-01-21T02:10:00Z,1,1,Equipment problem,In Progres,OUTAGE,Single Customer,MAR,NORMAL,42.88875,-82.48106
NW26012000600,2026-01-20T21:51:20Z,2026-01-20T23:56:36Z,7,2026-01-20T21:34:27Z,2026-01-21T02:05:00Z,1,1,Equipment problem,In Progres,OUTAGE,Single Customer,PON,NORMAL,42.68305,-83.40035
SE26012000622,2026-01-20T22:24:07Z,2026-01-20T22:24:07Z,1,2026-01-20T22:15:01Z,,1,1,Determined upon crew arrival,New,OUTAGE,Single Customer,RFD,NORMAL,42.52988,-83.12958
NE26012000626,2026-01-20T22:44:33Z,2026-01-21T02:08:22Z,6,2026-01-20T22:28:35Z,2026-01-21T03:00:00Z,1,1,Determined upon crew arrival,In Progres,OUTAGE,Single Customer,MTC,NORMAL,42.4845,-82.91661
SE26012000624,2026-01-20T22:44:33Z,2026-01-21T05:54:31Z,10,2026-01-20T22:24:34Z,2026-01-21T14:55:00Z,1,1,Equipment problem,In Progres,OUTAGE,Single Customer,RFD,NORMAL,42.42229,-83.21404
SE26012000625,2026-01-20T22:44:33Z,2026-01-20T22:44:33Z,1,2026-01-20T22:13:24Z,,1,1,Determined upon crew arrival,New,OUTAGE,Single Customer,RFD,NORMAL,42.38466,-83.26553
NW26012000632,2026-01-20T23:24:41Z,2026-01-20T23:56:36Z,3,2026-01-20T22:48:16Z,2026-01-21T03:20:00Z,84,84,Equipment problem,Pending,OUTAGE,Device (I),PON,NORMAL,42.53676,-83.24041
NW26012000654,2026-01-20T23:44:50Z,2026-01-20T23:56:36Z,2,2026-01-20T23:26:05Z,2026-01-21T03:55:00Z,1,1,Determined upon crew arrival,New,OUTAGE,Single Customer,PON,NORMAL,42.53853,-83.24534
SE26012000649,2026-01-20T23:44:50Z,2026-01-20T23:56:36Z,2,2026-01-20T23:18:26Z,2026-01-21T03:50:00Z,1,1,Determined upon crew arrival,New,SERVICE DOWN NO,,CAN,NORMAL,42.42098,-82.99436
SW26012000656,2026-01-20T23:56:36Z,2026-01-20T23:56:36Z,1,2026-01-20T15:45:01Z,2026-01-21T04:10:00Z,1,1,Determined upon crew arrival,In Progres,OUTAGE,Single Customer,WWS,NORMAL,42.47225,-83.46084
NE26012000670,2026-01-21T02:08:22Z,2026-01-21T02:08:22Z,1,2026-01-21T00:48:28Z,2026-01-21T05:20:00Z,1,1,Determined upon crew arrival,In Progres,OUTAGE,Single Customer,MAR,NORMAL,43.21598,-82.52132
SE26012000661,2026-01-21T02:08:22Z,2026-01-21T03:51:42Z,2,2026-01-20T23:49:01Z,2026-01-21T04:20:00Z,2,2,Equipment problem,In Progres,OUTAGE,Service Secondary,RFD,NORMAL,42.2431,-83.22841
SE26012000669,2026-01-21T02:08:22Z,2026-01-21T05:29:52Z,4,2026-01-21T00:48:28Z,2026-01-21T05:20:00Z,1,1,Determined upon crew arrival,In Progres,OUTAGE,Single Customer,RFD,NORMAL,42.3455,-83.18345
SE26012000678,2026-01-21T02:08:22Z,2026-01-21T02:08:22Z,1,2026-01-21T01:27:44Z,2026-01-21T06:00:00Z,1,1,Determined upon crew arrival,New,OUTAGE,Single Customer,RFD,NORMAL,42.21497,-83.18994
SE26012000686,2026-01-21T03:51:42Z,2026-01-21T09:54:45Z,11,2026-01-20T00:56:47Z,2026-01-21T19:10:00Z,1,1,Equipment problem,In Progres,OUTAGE,Single Customer,RFD,NORMAL,42.36249,-83.17927
SE26012000692,2026-01-21T03:51:42Z,2026-01-21T03:51:42Z,1,2026-01-21T03:43:20Z,,1,1,Determined upon crew arrival,New,OUTAGE,Single Customer,RFD,NORMAL,42.43876,-83.29793
SW26012000681,2026-01-21T03:51:42Z,2026-01-21T15:48:53Z,20,2026-01-21T00:06:13Z,2026-01-21T18:35:00Z,1,1,Equipment problem,Pending,OUTAGE,Single Customer,WWS,NORMAL,42.336,-83.37936
SW26012000684,2026-01-21T03:51:42Z,2026-01-21T15:03:04Z,19,2026-01-21T02:27:52Z,2026-01-21T19:00:00Z,1,1,Determined upon crew arrival,In Progres,OUTAGE,Single Customer,WWS,NORMAL,42.30367,-83.32657
SW26012000687,2026-01-21T03:51:42Z,2026-01-21T10:30:37Z,12,2026-01-21T02:45:08Z,2026-01-21T19:15:00Z,1,1,Determined upon crew arrival,In Progres,OUTAGE,Single Customer,WWS,NORMAL,42.37946,-83.48157
SE26012000696,2026-01-21T04:46:12Z,2026-01-21T09:54:45Z,10,2026-01-21T03:54:55Z,2026-01-21T20:25:00Z,27,1,Equipment problem,In Progres,OUTAGE,Single Customer,RFD,NORMAL,42.37417,-83.17608
SW26012000697,2026-01-21T04:46:12Z,2026-01-21T07:58:27Z,7,2026-01-21T04:24:19Z,2026-01-21T08:55:00Z,1,1,Determined upon crew arrival,In Progres,OUTAGE,Single Customer,WWS,NORMAL,42.28003,-83.49396
NE26012100001,2026-01-21T05:29:52Z,2026-01-21T09:16:26Z,8,2026-01-21T04:59:57Z,2026-01-21T09:30:00Z,1,1,Equipment problem,In Progres,OUTAGE,Single Customer,MTC,NORMAL,42.45286,-83.02798
NW26012100002,2026-01-21T05:29:52Z,2026-01-21T10:30:37Z,10,2026-01-20T19:14:07Z,2026-01-21T21:40:00Z,1,1,Determined upon crew arrival,In Progres,OUTAGE,Single Customer,SBY,NORMAL,42.56756,-83.06279
SE26012000698,2026-01-21T05:29:52Z,2026-01-21T09:54:45Z,9,2026-01-21T04:40:05Z,2026-01-21T21:10:00Z,4,1,Equipment problem,In Progres,OUTAGE,Single Customer,RFD,NORMAL,42.37349,-83.17646
SE26012100010,2026-01-21T06:38:45Z,2026-01-21T07:05:28Z,2,2026-01-21T06:08:06Z,2026-01-21T10:40:00Z,1,1,Determined upon crew arrival,New,PRIORITY,,CAN,NORMAL,42.33135,-83.05039
SW26012100009,2026-01-21T06:38:45Z,2026-01-21T09:54:45Z,7,2026-01-21T05:56:12Z,2026-01-21T10:25:00Z,1,1,Determined upon crew arrival,In Progres,OUTAGE,Single Customer,ANN,NORMAL,42.34761,-83.82292
SE26012100013,2026-01-21T07:44:06Z,2026-01-21T15:48:53Z,14,2026-01-21T07:16:37Z,2026-01-21T15:55:00Z,2,2,Equipment problem,In Progres,OUTAGE,Service Secondary,CAN,NORMAL,42.44446,-82.94458
NE26012100019,2026-01-21T09:16:26Z,2026-01-21T11:01:13Z,4,2026-01-21T08:44:26Z,2026-01-21T13:15:00Z,1,1,Determined upon crew arrival,In Progres,OUTAGE,Single Customer,LAP,NORMAL,43.03163,-83.04756
NW26012100024,2026-01-21T10:30:37Z,2026-01-21T15:03:04Z,8,2026-01-21T10:00:21Z,2026-01-21T18:30:00Z,37,37,Equipment problem,In Progres,OUTAGE,Service Transformer,PON,NORMAL,42.66272,-83.27456
SE26012100040,2026-01-21T11:01:13Z,2026-01-21T15:48:53Z,8,2026-01-21T10:43:20Z,2026-01-22T03:15:00Z,1,1,Equipment problem,In Progres,OUTAGE,Single Customer,RFD,NORMAL,42.33849,-83.14667
SW26012100029,2026-01-21T11:01:13Z,2026-01-21T11:54:35Z,3,2026-01-21T10:28:40Z,2026-01-21T15:00:00Z,1,1,Determined upon crew arrival,In Progres,PRIORITY,,WWS,NORMAL,42.48607,-83.52362
SW26012100039,2026-01-21T11:01:13Z,2026-01-21T11:54:35Z,3,2026-01-21T10:36:16Z,2026-01-21T15:05:00Z,1,1,Determined upon crew arrival,In Progres,OUTAGE,Single Customer,WWS,NORMAL,42.47618,-83.48201
SE26012100043,2026-01-21T11:36:44Z,2026-01-22T09:47:15Z,32,2026-01-21T11:17:18Z,2026-01-22T15:45:00Z,1,1,Equipment problem,In Progres,OUTAGE,Single Customer,CAN,NORMAL,42.33192,-83.05243
NE26012100049,2026-01-21T12:53:16Z,2026-01-21T15:48:53Z,5,2026-01-21T07:49:14Z,2026-01-21T16:30:00Z,1,1,Equipment problem,In Progres,OUTAGE,Single Customer,MTC,NORMAL,42.46122,-82.876
NE26012100050,2026-01-21T12:53:16Z,2026-01-21T15:48:53Z,5,2026-01-21T11:55:45Z,2026-01-21T16:30:00Z,1,1,Wind damage,In Progres,OUTAGE,Single Customer,NAE,NORMAL,43.72124,-82.72072
NE26012100054,2026-01-21T12:53:16Z,2026-01-21T21:02:55Z,12,2026-01-21T12:36:23Z,2026-01-22T05:05:00Z,1,1,Equipment problem,In Progres,OUTAGE,Single Customer,LAP,NORMAL,42.85087,-83.33263
NW26012100056,2026-01-21T13:47:23Z,2026-01-21T13:47:23Z,1,2026-01-21T12:46:55Z,2026-01-21T17:20:00Z,9,9,Determined upon crew arrival,In Progres,OUTAGE,Service Transformer,PON,NORMAL,42.73402,-83.62432
SE26012100064,2026-01-21T13:47:23Z,2026-01-21T23:56:24Z,17,2026-01-21T13:14:38Z,2026-01-22T05:45:00Z,1,1,Determined upon crew arrival,In Progres,OUTAGE,Single Customer,RFD,NORMAL,42.28518,-83.22897
SE26012100068,2026-01-21T13:47:23Z,2026-01-21T15:03:04Z,3,2026-01-21T13:21:59Z,2026-01-21T17:50:00Z,1,1,Equipment problem,In Progres,OUTAGE,Single Customer,RFD,NORMAL,42.35106,-83.23012
SW26012100057,2026-01-21T13:47:23Z,2026-01-21T15:48:53Z,4,2026-01-21T12:37:49Z,2026-01-21T17:20:00Z,1,1,Determined upon crew arrival,In Progres,OUTAGE,Single Customer,WWS,NORMAL,42.3212,-83.45924
NW26012100083,2026-01-21T14:32:59Z,2026-01-21T15:03:04Z,2,2026-01-21T12:49:01Z,2026-01-21T18:30:00Z,10,10,Equipment problem,In Progres,OUTAGE,Service Transformer,PON,NORMAL,42.73402,-83.62432
NW26012100085,2026-01-21T14:32:59Z,2026-01-21T20:32:47Z,9,2026-01-21T14:02:49Z,2026-01-21T22:35:00Z,49,49,Determined upon crew arrival,In Progres,OUTAGE,Device (I),PON,NORMAL,42.67682,-83.35444
NE26012100106,2026-01-21T15:03:04Z,2026-01-21T19:16:52Z,6,2026-01-21T14:36:26Z,2026-01-21T19:05:00Z,1,1,Equipment problem,In Progres,OUTAGE,Single Customer,MTC,NORMAL,42.70695,-82.68392
NE26012100108,2026-01-21T15:03:04Z,2026-01-21T15:03:04Z,1,2026-01-21T14:38:00Z,2026-01-21T19:10:00Z,1,1,Determined upon crew arrival,New,OUTAGE,Single Customer,MTC,NORMAL,42.58295,-82.83718
NE26012100110,2026-01-21T15:03:04Z,2026-01-21T15:48:53Z,2,2026-01-21T14:33:16Z,2026-01-21T19:10:00Z,10,10,Equipment problem,In Progres,OUTAGE,Service Transformer,MTC,NORMAL,42.58455,-82.83709
SE26012100098,2026-01-21T15:03:04Z,2026-01-21T15:48:53Z,2,2026-01-21T14:23:47Z,2026-01-21T18:55:00Z,1,1,Equipment problem,In Progres,OUTAGE,Single Customer,RFD,NORMAL,42.43396,-83.17461
SE26012100109,2026-01-21T15:03:04Z,2026-01-21T15:48:53Z,2,2026-01-21T14:38:47Z,2026-01-21T19:10:00Z,1,1,Determined upon crew arrival,In Progres,OUTAGE,Single Customer,CAN,NORMAL,42.42396,-82.95624
SW26012100092,2026-01-21T15:03:04Z,2026-01-21T15:48:53Z,2,2026-01-21T14:16:07Z,2026-01-21T18:45:00Z,5,5,Determined upon crew arrival,In Progres,OUTAGE,Service Transformer,ANN,NORMAL,42.22905,-83.64708
NE26012100135,2026-01-21T15:48:53Z,2026-01-21T20:32:47Z,7,2026-01-21T15:27:52Z,2026-01-22T08:00:00Z,1,1,Wind damage,In Progres,OUTAGE,Single Customer,MTC,NORMAL,42.47653,-82.89277
SE26012100130,2026-01-21T15:48:53Z,2026-01-21T19:16:52Z,5,2026-01-21T15:21:33Z,2026-01-21T19:50:00Z,1,1,Determined upon crew arrival,In Progres,OUTAGE,Single Customer,CAN,NORMAL,42.43167,-83.02492
SE26012100137,2026-01-21T15:48:53Z,2026-01-21T17:55:34Z,3,2026-01-21T15:28:47Z,2026-01-21T20:00:00Z,1,1,Determined upon crew arrival,In Progres,OUTAGE,Single Customer,CAN,NORMAL,42.34072,-83.06372
SW26012100136,2026-01-21T15:48:53Z,2026-01-21T17:55:34Z,3,2026-01-21T14:58:57Z,2026-01-21T20:00:00Z,1,1,Equipment problem,In Progres,OUTAGE,Single Customer,ANN,NORMAL,42.30321,-83.76308
NE26012100177,2026-01-21T16:52:51Z,2026-01-21T17:55:34Z,2,2026-01-21T16:36:29Z,2026-01-21T21:10:00Z,1,1,Determined upon crew arrival,In Progres,OUTAGE,Single Customer,MAR,NORMAL,42.96782,-82.43157
NW26012100142,2026-01-21T16:52:51Z,2026-01-21T17:55:34Z,2,2026-01-21T15:38:56Z,2026-01-21T20:10:00Z,1,1,Equipment problem,In Progres,OUTAGE,Single Customer,HWL,NORMAL,42.52718,-84.01366
NW26012100144,2026-01-21T16:52:51Z,2026-01-21T18:45:07Z,3,2026-01-21T15:41:42Z,2026-01-21T20:10:00Z,1,1,Equipment problem,In Progres,OUTAGE,Single Customer,PON,NORMAL,42.63227,-83.29521
SE26012100158,2026-01-21T16:52:51Z,2026-01-21T21:44:00Z,8,2026-01-21T15:59:19Z,2026-01-22T08:40:00Z,1,1,Determined upon crew arrival,In Progres,OUTAGE,Single Customer,RFD,NORMAL,42.35535,-83.14338
SE26012100166,2026-01-21T16:52:51Z,2026-01-21T22:00:06Z,9,2026-01-21T16:22:32Z,2026-01-22T00:55:00Z,1,1,Determined upon crew arrival,In Progres,PRIORITY,,RFD,NORMAL,42.44641,-83.25818
SE26012100167,2026-01-21T16:52:51Z,2026-01-21T19:16:52Z,4,2026-01-21T16:17:18Z,2026-01-21T20:55:00Z,1,1,Equipment problem,In Progres,OUTAGE,Single Customer,CAN,NORMAL,42.38064,-82.95874
SE26012100180,2026-01-21T16:52:51Z,2026-01-21T20:32:47Z,6,2026-01-21T16:43:00Z,2026-01-21T21:15:00Z,1,1,Equipment problem,In Progres,OUTAGE,Single Customer,RFD,NORMAL,42.38264,-83.31314
SW26012100145,2026-01-21T16:52:51Z,2026-01-21T17:55:34Z,2,2026-01-21T02:45:08Z,2026-01-21T20:15:00Z,1,1,Determined upon crew arrival,In Progres,OUTAGE,Single Customer,WWS,NORMAL,42.37946,-83.48157
NE26012100209,2026-01-21T17:55:34Z,2026-01-21T19:50:14Z,4,2026-01-21T17:18:16Z,2026-01-21T21:50:00Z,1,1,Equipment problem,In Progres,OUTAGE,Single Customer,MTC,NORMAL,42.61411,-82.85988
NE26012100210,2026-01-21T17:55:34Z,2026-01-21T20:32:47Z,5,2026-01-21T17:13:09Z,2026-01-21T21:50:00Z,2,2,Equipment problem,In Progres,OUTAGE,Service Secondary,LAP,NORMAL,43.02611,-83.07878
SE26012100187,2026-01-21T17:55:34Z,2026-01-21T20:32:47Z,5,2026-01-21T16:49:46Z,2026-01-21T21:25:00Z,1,1,Determined upon crew arrival,In Progres,OUTAGE,Single Customer,RFD,NORMAL,42.36151,-83.26828
SE26012100194,2026-01-21T17:55:34Z,2026-01-21T19:16:52Z,3,2026-01-21T16:52:31Z,2026-01-21T21:30:00Z,1,1,Determined upon crew arrival,In Progres,OUTAGE,Single Customer,RFD,NORMAL,42.44526,-83.24311
SE26012100205,2026-01-21T17:55:34Z,2026-01-21T23:33:40Z,11,2026-01-21T17:11:36Z,2026-01-22T09:45:00Z,1,1,Equipment problem,In Progres,OUTAGE,Single Customer,CAN,NORMAL,42.36628,-83.07216
SE26012100223,2026-01-21T17:55:34Z,2026-01-21T22:00:06Z,8,2026-01-21T17:43:00Z,2026-01-21T22:15:00Z,1,1,Equipment problem,Pending,SERVICE DOWN NO,,CAN,NORMAL,42.39124,-83.05337
SE26012100224,2026-01-21T17:55:34Z,2026-01-21T23:56:24Z,12,2026-01-21T17:05:47Z,2026-01-22T10:15:00Z,1,1,Determined upon crew arrival,In Progres,OUTAGE,Single Customer,RFD,NORMAL,42.44312,-83.23996
SW26012100206,2026-01-21T17:55:34Z,2026-01-21T17:55:34Z,1,2026-01-21T17:15:24Z,2026-01-21T21:45:00Z,1,1,Determined upon crew arrival,In Progres,OUTAGE,Single Customer,ANN,NORMAL,42.2467,-83.68412
NE26012100248,2026-01-21T18:45:07Z,2026-01-21T21:02:55Z,5,2026-01-21T18:24:15Z,2026-01-21T22:55:00Z,1,1,Determined upon crew arrival,In Progres,OUTAGE,Single Customer,MTC,NORMAL,42.51963,-83.0786
NW26012100230,2026-01-21T18:45:07Z,2026-01-21T22:00:06Z,7,2026-01-21T17:47:12Z,2026-01-21T22:20:00Z,1,1,Equipment problem,In Progres,OUTAGE,Single Customer,PON,NORMAL,42.72702,-83.33598
NW26012100249,2026-01-21T18:45:07Z,2026-01-21T22:00:06Z,7,2026-01-21T18:21:45Z,2026-01-21T22:55:00Z,14,14,Determined upon crew arrival,In Progres,OUTAGE,Device (II),SBY,NORMAL,42.77859,-83.18338
SE26012100228,2026-01-21T18:45:07Z,2026-01-21T21:02:55Z,5,2026-01-21T17:47:19Z,2026-01-21T22:15:00Z,1,1,Equipment problem,In Progres,OUTAGE,Single Customer,RFD,NORMAL,42.2239,-83.17722
SE26012100240,2026-01-21T18:45:07Z,2026-01-21T20:32:47Z,4,2026-01-21T18:06:19Z,2026-01-21T22:35:00Z,2,2,Equipment problem,In Progres,OUTAGE,Service Transformer,CAN,NORMAL,42.3533,-83.10206
SE26012100247,2026-01-21T18:45:07Z,2026-01-21T19:16:52Z,2,2026-01-21T18:14:49Z,2026-01-21T22:55:00Z,20,20,Determined upon crew arrival,In Progres,OUTAGE,Service Transformer,RFD,NORMAL,42.25625,-83.16558
SW26012100242,2026-01-21T18:45:07Z,2026-01-21T22:58:59Z,9,2026-01-21T17:06:38Z,2026-01-21T22:45:00Z,1,1,Equipment problem,In Progres,OUTAGE,Single Customer,WWS,NORMAL,42.48785,-83.35833
SW26012100250,2026-01-21T18:45:07Z,2026-01-21T19:50:14Z,3,2026-01-21T17:48:25Z,2026-01-21T22:55:00Z,12,12,Determined upon crew arrival,In Progres,OUTAGE,Service Transformer,ANN,NORMAL,42.25569,-83.76819
NE26012100264,2026-01-21T19:16:52Z,2026-01-21T20:32:47Z,3,2026-01-21T18:43:38Z,2026-01-21T23:25:00Z,86,86,Public Interference w/DTE equip,In Progres,OUTAGE,Device (I),LAP,NORMAL,42.82213,-83.25064
NE26012100268,2026-01-21T19:16:52Z,2026-01-21T19:16:52Z,1,2026-01-21T18:44:27Z,,1,1,Determined upon crew arrival,New,OUTAGE,Single Customer,LAP,NORMAL,42.82029,-83.24963
SE26012100269,2026-01-21T19:16:52Z,2026-01-21T19:16:52Z,1,2026-01-21T05:28:05Z,,1,1,Determined upon crew arrival,New,OUTAGE,Single Customer,CAN,NORMAL,42.39618,-83.0642
SW26012100265,2026-01-21T19:16:52Z,2026-01-21T21:02:55Z,4,2026-01-21T18:54:16Z,2026-01-21T23:25:00Z,1,1,Determined upon crew arrival,In Progres,OUTAGE,Single Customer,ANN,NORMAL,42.25101,-83.57856
SW26012100266,2026-01-21T19:16:52Z,2026-01-21T19:16:52Z,1,2025-03-11T11:04:23Z,2026-01-21T23:25:00Z,3750,3750,Determined upon crew arrival,New,OUTAGE,Subtransmission,NPT,NORMAL,42.12367,-83.15541
SW26012100288,2026-01-21T19:50:14Z,2026-01-21T22:58:59Z,7,2026-01-21T19:42:15Z,2026-01-22T00:15:00Z,1,1,Determined upon crew arrival,In Progres,OUTAGE,Single Customer,WWS,NORMAL,42.12926,-83.5347
NE26012100298,2026-01-21T20:32:47Z,2026-01-21T23:56:24Z,8,2026-01-21T19:57:23Z,2026-01-22T00:25:00Z,1,1,Determined upon crew arrival,In Progres,SERVICE DOWN NO,,NAE,NORMAL,43.73744,-83.42899
NE26012100314,2026-01-21T20:32:47Z,2026-01-21T22:36:00Z,5,2026-01-21T19:53:26Z,2026-01-22T00:40:00Z,1,1,Determined upon crew arrival,In Progres,OUTAGE,Single Customer,MTC,NORMAL,42.4811,-82.94326
NW26012100307,2026-01-21T20:32:47Z,2026-01-21T21:02:55Z,2,2026-01-21T20:07:38Z,2026-01-22T00:40:00Z,2,2,Determined upon crew arrival,In Progres,OUTAGE,Service Secondary,PON,NORMAL,42.66272,-83.27456
SE26012100296,2026-01-21T20:32:47Z,2026-01-21T23:56:24Z,8,2026-01-21T19:56:07Z,2026-01-22T00:25:00Z,1,1,Determined upon crew arrival,In Progres,OUTAGE,Single Customer,CAN,NORMAL,42.44008,-83.1346
SE26012100305,2026-01-21T20:32:47Z,2026-01-21T21:44:00Z,3,2026-01-21T20:05:48Z,2026-01-22T00:35:00Z,1,1,Determined upon crew arrival,In Progres,OUTAGE,Single Customer,RFD,NORMAL,42.33664,-83.22957
SE26012100316,2026-01-21T20:32:47Z,2026-01-21T20:32:47Z,1,2026-01-21T20:11:27Z,2026-01-22T00:40:00Z,1,1,Determined upon crew arrival,In Progres,OUTAGE,Single Customer,CAN,NORMAL,42.40381,-83.06067
SE26012100317,2026-01-21T20:32:47Z,2026-01-21T21:02:55Z,2,2026-01-21T20:09:29Z,2026-01-22T00:40:00Z,25,25,Determined upon crew arrival,In Progres,OUTAGE,Service Transformer,CAN,NORMAL,42.40371,-83.05961
SW26012100329,2026-01-21T21:02:55Z,2026-01-21T22:36:00Z,4,2026-01-21T20:31:25Z,2026-01-22T01:00:00Z,1,1,Determined upon crew arrival,In Progres,OUTAGE,Single Customer,NPT,NORMAL,42.1285,-83.25928
NW26012100352,2026-01-21T21:44:00Z,2026-01-21T23:33:40Z,5,2026-01-21T21:07:36Z,2026-01-22T01:50:00Z,2,2,Equipment problem,In Progres,OUTAGE,Service Transformer,SBY,NORMAL,42.64024,-83.17166
SE26012100340,2026-01-21T21:44:00Z,2026-01-21T23:56:24Z,6,2026-01-21T05:28:05Z,2026-01-22T01:30:00Z,1,1,Determined upon crew arrival,In Progres,OUTAGE,Single Customer,CAN,NORMAL,42.39618,-83.0642
SW26012100346,2026-01-21T21:44:00Z,2026-01-21T23:56:24Z,6,2026-01-21T18:56:02Z,2026-01-22T01:40:00Z,1,1,Equipment problem,In Progres,OUTAGE,Single Customer,ANN,NORMAL,42.34635,-83.70496
NE26012100365,2026-01-21T22:36:00Z,2026-01-21T23:56:24Z,4,2026-01-21T21:52:13Z,2026-01-22T02:20:00Z,1,1,Equipment problem,In Progres,OUTAGE,Single Customer,LAP,NORMAL,42.91615,-83.18353
NW26012100382,2026-01-21T22:36:00Z,2026-01-21T22:36:00Z,1,2026-01-21T22:26:21Z,2026-01-22T02:55:00Z,3666,3666,Determined upon crew arrival,New,OUTAGE,Substation,PON,NORMAL,42.555,-83.42386
SE26012100366,2026-01-21T22:36:00Z,2026-01-21T23:56:24Z,4,2026-01-21T21:26:32Z,2026-01-22T02:25:00Z,1,1,Determined upon crew arrival,In Progres,PRIORITY,,CAN,NORMAL,42.35215,-82.99023
SE26012100374,2026-01-21T22:36:00Z,2026-01-21T23:56:24Z,4,2026-01-21T22:10:16Z,2026-01-22T02:40:00Z,1,1,Determined upon crew arrival,Pending,OUTAGE,Single Customer,CAN,NORMAL,42.37592,-83.00422
SW26012100364,2026-01-21T22:36:00Z,2026-01-21T23:56:24Z,4,2026-01-21T21:48:39Z,2026-01-22T02:20:00Z,1,1,Equipment problem,In Progres,OUTAGE,Single Customer,WWS,NORMAL,42.35705,-83.52545
SW26012100376,2026-01-21T22:36:00Z,2026-01-22T02:07:16Z,5,2026-01-21T22:13:18Z,2026-01-22T02:45:00Z,1,1,Equipment problem,In Progres,OUTAGE,Single Customer,WWS,NORMAL,42.21428,-83.50245
NW26012100396,2026-01-21T22:58:59Z,2026-01-21T22:58:59Z,1,2026-01-21T22:26:22Z,2026-01-22T03:10:00Z,1,1,Determined upon crew arrival,New,OUTAGE,Single Customer,PON,NORMAL,42.55188,-83.41226
NW26012100402,2026-01-21T22:58:59Z,2026-01-21T22:58:59Z,1,2026-01-21T22:26:17Z,2026-01-22T03:10:00Z,1,1,Determined upon crew arrival,New,OUTAGE,Single Customer,PON,NORMAL,42.57735,-83.42949
NW26012100404,2026-01-21T22:58:59Z,2026-01-21T22:58:59Z,1,2026-01-21T22:26:18Z,2026-01-22T03:10:00Z,1812,1812,Determined upon crew arrival,New,OUTAGE,Circuit Level,PON,NORMAL,42.53511,-83.45834
NW26012100409,2026-01-21T22:58:59Z,2026-01-21T22:58:59Z,1,2026-01-21T22:26:23Z,2026-01-22T03:10:00Z,1,1,Determined upon crew arrival,New,OUTAGE,Single Customer,PON,NORMAL,42.54156,-83.43688
NW26012100410,2026-01-21T22:58:59Z,2026-01-21T22:58:59Z,1,2026-01-21T22:26:21Z,2026-01-22T03:10:00Z,17,17,Determined upon crew arrival,New,OUTAGE,Service Transformer,PON,NORMAL,42.55345,-83.41437
NW26012100414,2026-01-21T22:58:59Z,2026-01-21T22:58:59Z,1,2026-01-21T22:26:23Z,2026-01-22T03:10:00Z,1,1,Determined upon crew arrival,New,OUTAGE,Single Customer,PON,NORMAL,42.54144,-83.43623
NW26012100415,2026-01-21T22:58:59Z,2026-01-21T22:58:59Z,1,2026-01-21T22:26:24Z,2026-01-22T03:10:00Z,1,1,Determined upon crew arrival,New,OUTAGE,Single Customer,PON,NORMAL,42.55477,-83.41339
NW26012100416,2026-01-21T22:58:59Z,2026-01-21T22:58:59Z,1,2026-01-21T22:26:29Z,2026-01-22T03:10:00Z,1,1,Determined upon crew arrival,New,OUTAGE,Single Customer,PON,NORMAL,42.55365,-83.41645
NW26012100417,2026-01-21T22:58:59Z,2026-01-21T22:58:59Z,1,2026-01-21T22:26:23Z,2026-01-22T03:10:00Z,4,4,Determined upon crew arrival,New,OUTAGE,Service Transformer,PON,NORMAL,42.54151,-83.43621
NW26012100418,2026-01-21T22:58:59Z,2026-01-21T22:58:59Z,1,2026-01-21T22:26:29Z,2026-01-22T03:10:00Z,1,1,Determined upon crew arrival,New,OUTAGE,Single Customer,PON,NORMAL,42.54441,-83.43674
SE26012100419,2026-01-21T22:58:59Z,2026-01-22T02:07:16Z,4,2026-01-21T22:42:52Z,2026-01-22T03:15:00Z,1,1,Problem with the customer equip,In Progres,OUTAGE,Single Customer,CAN,NORMAL,42.37231,-83.07573
NW26012100420,2026-01-21T23:33:40Z,2026-01-22T02:07:16Z,3,2026-01-21T22:45:25Z,2026-01-22T03:15:00Z,1,1,Equipment problem,In Progres,OUTAGE,Single Customer,PON,NORMAL,42.55208,-83.4188
NE26012100428,2026-01-21T23:56:24Z,2026-01-22T03:55:36Z,3,2026-01-21T23:18:56Z,2026-01-22T03:50:00Z,1,1,Equipment problem,In Progres,OUTAGE,Single Customer,MAR,NORMAL,42.89929,-82.59832
SW26012100430,2026-01-21T23:56:24Z,2026-01-21T23:56:24Z,1,2026-01-21T23:38:57Z,2026-01-22T04:10:00Z,1,1,Determined upon crew arrival,New,OUTAGE,Single Customer,WWS,NORMAL,42.44183,-83.35478
NW26012100449,2026-01-22T02:07:16Z,2026-01-22T03:55:36Z,2,2026-01-22T01:35:40Z,2026-01-22T06:05:00Z,182,182,Public Interference w/DTE equip,In Progres,OUTAGE,Device (I),PON,NORMAL,42.52039,-83.52244
SE26012100433,2026-01-22T02:07:16Z,2026-01-22T15:47:17Z,21,2026-01-21T23:55:02Z,2026-01-22T16:25:00Z,1,1,Determined upon crew arrival,In Progres,SERVICE DOWN NO,,CAN,NORMAL,42.31931,-83.08744
SE26012100437,2026-01-22T02:07:16Z,2026-01-22T03:55:36Z,2,2026-01-22T00:07:36Z,2026-01-22T04:45:00Z,1,1,Determined upon crew arrival,In Progres,OUTAGE,Single Customer,CAN,NORMAL,42.41275,-83.1307
SE26012100438,2026-01-22T02:07:16Z,2026-01-22T07:04:12Z,7,2026-01-22T00:16:43Z,2026-01-22T08:45:00Z,18,18,Equipment problem,Pending,OUTAGE,Service Transformer,CAN,NORMAL,42.42533,-82.94978
SE26012100445,2026-01-22T02:07:16Z,2026-01-22T08:36:49Z,10,2026-01-22T01:13:06Z,2026-01-22T17:45:00Z,1,1,Energy theft,Pending,OUTAGE,Single Customer,CAN,NORMAL,42.36146,-83.13777
SE26012100453,2026-01-22T02:07:16Z,2026-01-22T03:55:36Z,2,2026-01-22T01:45:23Z,2026-01-22T06:15:00Z,1,1,Equipment problem,In Progres,OUTAGE,Single Customer,RFD,NORMAL,42.30045,-83.14312
NW26012100469,2026-01-22T03:55:36Z,2026-01-22T03:55:36Z,1,2026-01-22T02:20:15Z,2026-01-22T07:10:00Z,1,1,Determined upon crew arrival,In Progres,OUTAGE,Single Customer,SBY,NORMAL,42.64683,-83.13322
SE26012100472,2026-01-22T03:55:36Z,2026-01-22T03:55:36Z,1,2026-01-22T03:16:33Z,2026-01-22T07:45:00Z,1,1,Determined upon crew arrival,New,OUTAGE,Single Customer,CAN,NORMAL,42.36195,-83.13771
SE26012100475,2026-01-22T03:55:36Z,2026-01-22T03:55:36Z,1,2026-01-22T03:20:01Z,2026-01-22T07:55:00Z,1,1,Determined upon crew arrival,New,OUTAGE,Single Customer,RFD,NORMAL,42.22498,-83.18253
SE26012100476,2026-01-22T03:55:36Z,2026-01-22T03:55:36Z,1,2026-01-22T03:40:45Z,2026-01-22T08:10:00Z,1,1,Determined upon crew arrival,New,OUTAGE,Single Customer,RFD,NORMAL,42.32643,-83.20012
SW26012100465,2026-01-22T03:55:36Z,2026-01-22T05:29:28Z,3,2026-01-22T02:27:36Z,2026-01-22T07:00:00Z,1,1,Equipment problem,In Progres,OUTAGE,Single Customer,WWS,NORMAL,42.50288,-83.4343
SE26012100480,2026-01-22T04:50:47Z,2026-01-22T09:47:15Z,10,2026-01-22T03:56:31Z,2026-01-22T20:25:00Z,1,1,Equipment problem,In Progres,OUTAGE,Single Customer,RFD,NORMAL,42.48283,-83.19994
SE26012100483,2026-01-22T04:50:47Z,2026-01-22T04:50:47Z,1,2026-01-22T04:17:02Z,2026-01-22T08:45:00Z,1,1,Determined upon crew arrival,New,OUTAGE,Single Customer,RFD,NORMAL,42.47216,-83.21688
SE26012100485,2026-01-22T04:50:47Z,2026-01-22T04:50:47Z,1,2026-01-22T04:29:13Z,,1,1,Determined upon crew arrival,New,OUTAGE,Single Customer,RFD,NORMAL,42.38466,-83.26553
NE26012200001,2026-01-22T05:29:28Z,2026-01-22T09:47:15Z,9,2026-01-22T05:02:22Z,2026-01-22T09:30:00Z,1,1,Determined upon crew arrival,In Progres,OUTAGE,Single Customer,MAR,NORMAL,42.94289,-82.58206
SE26012100486,2026-01-22T05:29:28Z,2026-01-22T08:36:49Z,7,2026-01-22T04:17:02Z,2026-01-22T09:20:00Z,1,1,Determined upon crew arrival,In Progres,SERVICE DOWN NO,,RFD,NORMAL,42.47216,-83.21688
NE26012200009,2026-01-22T05:54:35Z,2026-01-22T09:04:55Z,7,2026-01-22T05:23:07Z,2026-01-22T10:10:00Z,2,2,Equipment problem,In Progres,OUTAGE,Service Transformer,MTC,NORMAL,42.55552,-82.86634
SE26012200012,2026-01-22T06:37:05Z,2026-01-22T07:04:12Z,2,2026-01-22T06:27:08Z,2026-01-22T10:55:00Z,1,1,Determined upon crew arrival,In Progres,OUTAGE,Single Customer,CAN,NORMAL,42.3894,-82.95073
SE26012200021,2026-01-22T07:55:56Z,2026-01-22T07:55:56Z,1,2026-01-22T07:25:45Z,2026-01-22T12:10:00Z,1,1,Determined upon crew arrival,New,OUTAGE,Single Customer,CAN,NORMAL,42.41716,-83.1168
SW26012200022,2026-01-22T07:55:56Z,2026-01-22T07:55:56Z,1,2026-01-22T07:28:47Z,,1,1,Determined upon crew arrival,New,OUTAGE,Single Customer,ANN,NORMAL,42.29162,-83.8182
SE26012200024,2026-01-22T08:36:49Z,2026-01-22T18:35:15Z,16,2026-01-22T05:28:54Z,2026-01-23T00:40:00Z,1,1,Meter Issue,In Progres,OUTAGE,Single Customer,CAN,NORMAL,42.36406,-83.09219
SE26012200027,2026-01-22T08:36:49Z,2026-01-22T08:36:49Z,1,2026-01-22T08:12:47Z,,1,1,Determined upon crew arrival,New,OUTAGE,Single Customer,RFD,NORMAL,42.38466,-83.26553
SE26012200034,2026-01-22T10:29:16Z,2026-01-22T14:31:41Z,7,2026-01-22T09:59:51Z,2026-01-22T14:30:00Z,1,1,Equipment problem,In Progres,OUTAGE,Single Customer,RFD,NORMAL,42.43837,-83.29303
NE26012200055,2026-01-22T13:48:22Z,2026-01-22T13:48:22Z,1,2026-01-22T13:03:33Z,2026-01-22T17:35:00Z,1,1,Determined upon crew arrival,In Progres,OUTAGE,Service Secondary,MTC,NORMAL,42.60006,-82.87322
NE26012200058,2026-01-22T13:48:22Z,2026-01-22T15:02:27Z,3,2026-01-22T13:07:03Z,2026-01-22T17:45:00Z,1,1,Determined upon crew arrival,In Progres,OUTAGE,Single Customer,MTC,NORMAL,42.48781,-82.89008
NW26012200061,2026-01-22T13:48:22Z,2026-01-22T17:46:09Z,7,2026-01-21T19:52:10Z,2026-01-22T17:50:00Z,1,1,Determined upon crew arrival,In Progres,OUTAGE,Single Customer,HWL,NORMAL,42.56206,-83.73232
NE26012200067,2026-01-22T14:31:41Z,2026-01-22T17:46:09Z,6,2026-01-21T18:40:40Z,2026-01-22T18:05:00Z,1,1,Public Interference w/DTE equip,In Progres,OUTAGE,Single Customer,LAP,NORMAL,42.85087,-83.33263
NE26012200083,2026-01-22T14:31:41Z,2026-01-22T15:02:27Z,2,2026-01-22T14:13:05Z,2026-01-22T18:45:00Z,1,1,Determined upon crew arrival,In Progres,OUTAGE,Single Customer,MTC,NORMAL,42.47267,-82.94884
SE26012200081,2026-01-22T14:31:41Z,2026-01-22T15:47:17Z,3,2026-01-22T14:11:59Z,2026-01-22T18:40:00Z,1,1,Determined upon crew arrival,In Progres,OUTAGE,Single Customer,RFD,NORMAL,42.23862,-83.21226
SW26012200082,2026-01-22T14:31:41Z,2026-01-22T15:47:17Z,3,2026-01-22T14:13:01Z,2026-01-22T18:45:00Z,370,370,Wind damage,In Progres,OUTAGE,Device (II),WWS,NORMAL,42.24343,-83.27839
NE26012200091,2026-01-22T15:02:27Z,2026-01-22T15:47:17Z,2,2026-01-22T14:19:52Z,2026-01-22T18:50:00Z,1,1,Determined upon crew arrival,In Progres,OUTAGE,Single Customer,MAR,NORMAL,43.00688,-82.45734
NW26012200126,2026-01-22T15:02:27Z,2026-01-22T15:02:27Z,1,2026-01-22T14:29:39Z,,3,3,Determined upon crew arrival,New,OUTAGE,Service Transformer,HWL,NORMAL,42.5339,-83.85436
SE26012200089,2026-01-22T15:02:27Z,2026-01-22T15:47:17Z,2,2026-01-22T14:18:09Z,2026-01-22T18:50:00Z,1,1,Determined upon crew arrival,In Progres,OUTAGE,Single Customer,RFD,NORMAL,42.42774,-83.2975
SW26012200094,2026-01-22T15:02:27Z,2026-01-22T17:05:32Z,4,2026-01-22T14:21:58Z,2026-01-22T18:50:00Z,1,1,Equipment problem,In Progres,OUTAGE,Single Customer,NPT,NORMAL,42.16536,-83.23345
NE26012200170,2026-01-22T15:47:17Z,2026-01-22T15:47:17Z,1,2026-01-22T15:11:09Z,2026-01-22T19:55:00Z,1,1,Determined upon crew arrival,New,OUTAGE,Single Customer,LAP,NORMAL,43.28716,-83.53176
NE26012200173,2026-01-22T15:47:17Z,2026-01-22T22:24:50Z,13,2026-01-22T15:28:16Z,2026-01-23T08:00:00Z,1,1,Determined upon crew arrival,In Progres,OUTAGE,Service Transformer,MAR,NORMAL,42.99205,-82.4895
NW26012200152,2026-01-22T15:47:17Z,2026-01-22T17:05:32Z,3,2026-01-22T15:07:17Z,2026-01-22T19:35:00Z,1,1,Determined upon crew arrival,In Progres,SERVICE DOWN NO,,SBY,NORMAL,42.68369,-83.09333
NW26012200168,2026-01-22T15:47:17Z,2026-01-22T19:54:01Z,8,2026-01-22T15:24:37Z,2026-01-22T19:55:00Z,1,1,Determined upon crew arrival,In Progres,OUTAGE,Single Customer,SBY,NORMAL,42.56589,-83.0131
SE26012200130,2026-01-22T15:47:17Z,2026-01-22T17:46:09Z,4,2026-01-22T14:47:25Z,2026-01-22T19:20:00Z,1,1,Equipment problem,In Progres,OUTAGE,Single Customer,RFD,NORMAL,42.37865,-83.16617
SE26012200134,2026-01-22T15:47:17Z,2026-01-22T19:04:07Z,6,2026-01-21T19:59:30Z,2026-01-22T19:20:00Z,1,1,Determined upon crew arrival,In Progres,OUTAGE,Single Customer,CAN,NORMAL,42.41954,-83.10911
SE26012200139,2026-01-22T15:47:17Z,2026-01-22T19:04:07Z,6,2026-01-22T14:55:11Z,2026-01-22T19:25:00Z,1,1,Equipment problem,In Progres,OUTAGE,Single Customer,RFD,NORMAL,42.46488,-83.13169
SE26012200156,2026-01-22T15:47:17Z,2026-01-22T15:47:17Z,1,2026-01-22T15:13:07Z,2026-01-22T19:45:00Z,79,79,Determined upon crew arrival,New,OUTAGE,Substation,RFD,NORMAL,42.26771,-83.15744
SE26012200169,2026-01-22T15:47:17Z,2026-01-22T18:35:15Z,5,2026-01-22T15:19:56Z,2026-01-22T19:55:00Z,39,39,Equipment problem,Pending,OUTAGE,Service Transformer,RFD,NORMAL,42.47363,-83.17182
SE26012200171,2026-01-22T15:47:17Z,2026-01-22T16:37:09Z,2,2026-01-22T15:26:18Z,2026-01-22T19:55:00Z,2,2,Determined upon crew arrival,In Progres,OUTAGE,Service Secondary,RFD,NORMAL,42.26527,-83.20345
SW26012200153,2026-01-22T15:47:17Z,2026-01-22T17:46:09Z,4,2026-01-22T15:09:36Z,2026-01-22T19:40:00Z,1,1,Determined upon crew arrival,In Progres,OUTAGE,Single Customer,ANN,NORMAL,42.27483,-83.75406
SW26012200159,2026-01-22T15:47:17Z,2026-01-22T15:47:17Z,1,2026-01-22T15:18:32Z,2026-01-22T19:50:00Z,1,1,Determined upon crew arrival,In Progres,OUTAGE,Service Transformer,ANN,NORMAL,42.13696,-83.69553
SW26012200162,2026-01-22T15:47:17Z,2026-01-22T15:47:17Z,1,2026-01-22T15:19:50Z,2026-01-22T19:50:00Z,1,1,Determined upon crew arrival,In Progres,OUTAGE,Service Secondary,ANN,NORMAL,42.15686,-83.67598
SW26012200174,2026-01-22T15:47:17Z,2026-01-22T19:54:01Z,8,2026-01-22T14:38:45Z,2026-01-22T20:00:00Z,1,1,Wind damage,In Progres,OUTAGE,Single Customer,WWS,NORMAL,42.44186,-83.4131
NE26012200216,2026-01-22T16:37:09Z,2026-01-22T17:46:09Z,3,2026-01-22T16:04:39Z,2026-01-22T20:40:00Z,1,1,Determined upon crew arrival,In Progres,OUTAGE,Single Customer,MTC,NORMAL,42.86644,-82.76677
NE26012200246,2026-01-22T16:37:09Z,2026-01-22T17:46:09Z,3,2026-01-22T16:19:49Z,2026-01-22T20:55:00Z,11,11,Determined upon crew arrival,In Progres,OUTAGE,Service Transformer,MTC,NORMAL,42.60548,-82.8775
NE26012200248,2026-01-22T16:37:09Z,2026-01-22T17:46:09Z,3,2026-01-22T16:27:34Z,2026-01-22T21:00:00Z,1,1,Determined upon crew arrival,In Progres,OUTAGE,Service Transformer,MAR,NORMAL,42.98487,-82.67002
NW26012200182,2026-01-22T16:37:09Z,2026-01-22T17:05:32Z,2,2026-01-22T15:33:34Z,2026-01-22T20:05:00Z,1,1,Determined upon crew arrival,Pending,OUTAGE,Single Customer,SBY,NORMAL,42.61555,-83.03151
NW26012200199,2026-01-22T16:37:09Z,2026-01-22T17:05:32Z,2,2026-01-22T15:51:16Z,2026-01-22T20:20:00Z,2,2,Determined upon crew arrival,In Progres,OUTAGE,Service Secondary,PON,NORMAL,42.67915,-83.30672
NW26012200238,2026-01-22T16:37:09Z,2026-01-22T21:25:30Z,10,2026-01-22T16:17:20Z,2026-01-23T08:45:00Z,1,1,Equipment problem,In Progres,OUTAGE,Single Customer,PON,NORMAL,42.59984,-83.34839
SE26012200184,2026-01-22T16:37:09Z,2026-01-22T19:35:40Z,6,2026-01-22T15:30:37Z,2026-01-22T20:05:00Z,1,1,Determined upon crew arrival,In Progres,OUTAGE,Single Customer,RFD,NORMAL,42.32183,-83.19877
SE26012200201,2026-01-22T16:37:09Z,2026-01-22T17:05:32Z,2,2026-01-22T15:54:24Z,2026-01-22T20:25:00Z,1,1,Determined upon crew arrival,In Progres,OUTAGE,Service Secondary,CAN,NORMAL,42.43665,-82.98683
SE26012200202,2026-01-22T16:37:09Z,2026-01-22T17:46:09Z,3,2026-01-22T15:54:30Z,2026-01-22T20:25:00Z,12,12,Determined upon crew arrival,In Progres,OUTAGE,Service Transformer,RFD,NORMAL,42.26388,-83.19404
SE26012200205,2026-01-22T16:37:09Z,2026-01-22T17:05:32Z,2,2026-01-22T15:56:35Z,2026-01-22T20:25:00Z,1,1,Determined upon crew arrival,In Progres,OUTAGE,Single Customer,RFD,NORMAL,42.43451,-83.20585
SE26012200208,2026-01-22T16:37:09Z,2026-01-22T17:46:09Z,3,2026-01-22T15:58:18Z,2026-01-22T20:30:00Z,1,1,Determined upon crew arrival,In Progres,OUTAGE,Single Customer,CAN,NORMAL,42.43441,-82.9554
SE26012200221,2026-01-22T16:37:09Z,2026-01-22T17:46:09Z,3,2026-01-22T16:13:56Z,2026-01-22T20:45:00Z,1,1,Equipment problem,In Progres,OUTAGE,Single Customer,RFD,NORMAL,42.33779,-83.17462
SE26012200236,2026-01-22T16:37:09Z,2026-01-22T19:35:40Z,6,2026-01-22T16:11:55Z,2026-01-22T20:45:00Z,1,1,Equipment problem,In Progres,OUTAGE,Single Customer,CAN,NORMAL,42.4046,-83.08821
SE26012200241,2026-01-22T16:37:09Z,2026-01-22T19:35:40Z,6,2026-01-22T09:56:28Z,2026-01-22T20:50:00Z,1,1,Equipment problem,In Progres,OUTAGE,Single Customer,CAN,NORMAL,42.39335,-82.94426
SE26012200249,2026-01-22T16:37:09Z,2026-01-22T20:29:20Z,8,2026-01-22T16:28:20Z,2026-01-22T21:00:00Z,1,1,Equipment problem,In Progres,OUTAGE,Single Customer,RFD,NORMAL,42.28485,-83.22175
SW26012200226,2026-01-22T16:37:09Z,2026-01-22T17:46:09Z,3,2026-01-22T15:59:45Z,2026-01-22T20:45:00Z,52,52,Equipment problem,In Progres,OUTAGE,Device (I),ANN,NORMAL,42.18358,-83.61613
SW26012200228,2026-01-22T16:37:09Z,2026-01-22T17:46:09Z,3,2026-01-22T15:59:46Z,2026-01-22T20:45:00Z,55,55,Equipment problem,In Progres,OUTAGE,Device (I),ANN,NORMAL,42.18518,-83.61232
SW26012200234,2026-01-22T16:37:09Z,2026-01-22T17:46:09Z,3,2026-01-22T15:59:45Z,2026-01-22T20:45:00Z,92,92,Equipment problem,In Progres,OUTAGE,Device (I),ANN,NORMAL,42.18363,-83.61758
SW26012200242,2026-01-22T16:37:09Z,2026-01-22T19:04:07Z,5,2026-01-22T15:54:05Z,2026-01-22T20:50:00Z,1,1,Determined upon crew arrival,In Progres,OUTAGE,Single Customer,WWS,NORMAL,42.0942,-83.30816
SW26012200250,2026-01-22T16:37:09Z,2026-01-22T17:46:09Z,3,2026-01-22T16:29:25Z,2026-01-22T21:00:00Z,1,1,Determined upon crew arrival,New,OUTAGE,Device (I),WWS,NORMAL,42.23394,-83.38714
NE26012200278,2026-01-22T17:05:32Z,2026-01-22T17:46:09Z,2,2026-01-22T16:54:37Z,2026-01-22T21:25:00Z,1,1,Determined upon crew arrival,In Progres,OUTAGE,Single Customer,NAE,NORMAL,43.42278,-82.83901
NW26012200256,2026-01-22T17:05:32Z,2026-01-22T19:04:07Z,4,2026-01-22T16:33:59Z,2026-01-22T21:05:00Z,1,1,Equipment problem,In Progres,OUTAGE,Single Customer,PON,NORMAL,42.63617,-83.31743
NW26012200265,2026-01-22T17:05:32Z,2026-01-22T17:46:09Z,2,2026-01-22T16:32:20Z,2026-01-22T21:15:00Z,2,2,Determined upon crew arrival,In Progres,OUTAGE,Service Secondary,SBY,NORMAL,42.54527,-82.98311
SE26012200260,2026-01-22T17:05:32Z,2026-01-22T17:46:09Z,2,2026-01-22T16:37:36Z,2026-01-22T21:10:00Z,1,1,Determined upon crew arrival,In Progres,OUTAGE,Single Customer,RFD,NORMAL,42.38536,-83.2046
SE26012200272,2026-01-22T17:05:32Z,2026-01-22T22:48:41Z,12,2026-01-22T16:46:59Z,2026-01-23T09:20:00Z,1,1,Determined upon crew arrival,In Progres,OUTAGE,Single Customer,RFD,NORMAL,42.40079,-83.20074
SW26012200262,2026-01-22T17:05:32Z,2026-01-22T17:46:09Z,2,2026-01-22T16:38:01Z,2026-01-22T21:10:00Z,1,1,Determined upon crew arrival,In Progres,OUTAGE,Single Customer,ANN,NORMAL,42.30954,-83.69761
SW26012200275,2026-01-22T17:05:32Z,2026-01-22T17:46:09Z,2,2026-01-22T16:53:06Z,2026-01-22T21:25:00Z,12,12,Determined upon crew arrival,In Progres,OUTAGE,Service Transformer,NPT,NORMAL,42.1026,-83.29808
SW26012200282,2026-01-22T17:05:32Z,2026-01-22T21:47:04Z,10,2026-01-22T16:56:02Z,2026-01-23T09:25:00Z,1,1,Determined upon crew arrival,In Progres,OUTAGE,Single Customer,WWS,NORMAL,42.24273,-83.38748
SW26012200285,2026-01-22T17:46:09Z,2026-01-22T18:35:15Z,2,2026-01-22T16:57:09Z,2026-01-22T21:35:00Z,14,14,Determined upon crew arrival,In Progres,OUTAGE,Service Transformer,ANN,NORMAL,42.25101,-83.57856
NE26012200310,2026-01-22T18:35:15Z,2026-01-22T23:55:19Z,13,2026-01-22T17:42:21Z,2026-01-23T10:30:00Z,1,1,Determined upon crew arrival,In Progres,OUTAGE,Single Customer,MTC,NORMAL,42.47404,-82.97296
NE26012200314,2026-01-22T18:35:15Z,2026-01-22T19:35:40Z,3,2026-01-22T18:03:33Z,2026-01-22T22:35:00Z,3,3,Determined upon crew arrival,In Progres,OUTAGE,Service Transformer,LAP,NORMAL,42.83554,-83.33439
SW26012200322,2026-01-22T18:35:15Z,2026-01-22T19:54:01Z,4,2026-01-22T18:24:48Z,2026-01-22T22:55:00Z,7,7,Determined upon crew arrival,In Progres,OUTAGE,Service Transformer,ANN,NORMAL,42.2449,-83.6339
NE26012200330,2026-01-22T19:04:07Z,2026-01-22T20:53:24Z,5,2026-01-22T18:33:42Z,2026-01-22T23:05:00Z,1,1,Equipment problem,In Progres,OUTAGE,Single Customer,MTC,NORMAL,42.62142,-82.5736
NW26012200334,2026-01-22T19:04:07Z,2026-01-22T19:04:07Z,1,2026-01-22T18:36:40Z,2026-01-22T23:05:00Z,4896,4896,Determined upon crew arrival,New,OUTAGE,Subtransmission,PON,NORMAL,42.65524,-83.33368
SE26012200331,2026-01-22T19:04:07Z,2026-01-22T19:54:01Z,3,2026-01-22T18:35:37Z,2026-01-22T23:05:00Z,2,2,Determined upon crew arrival,In Progres,OUTAGE,Service Secondary,CAN,NORMAL,42.43362,-82.95613
NW26012200339,2026-01-22T19:35:40Z,2026-01-22T22:48:41Z,8,2026-01-22T18:37:13Z,2026-01-22T23:15:00Z,1,1,Equipment problem,In Progres,OUTAGE,Single Customer,HWL,NORMAL,42.66375,-84.08959
NW26012200355,2026-01-22T19:35:40Z,2026-01-22T20:29:20Z,3,2026-01-22T18:58:02Z,2026-01-22T23:35:00Z,1,1,Equipment problem,In Progres,OUTAGE,Single Customer,PON,NORMAL,42.67915,-83.30672
NW26012200358,2026-01-22T19:35:40Z,2026-01-22T20:53:24Z,4,2026-01-22T18:56:47Z,2026-01-22T23:35:00Z,4,4,Equipment problem,In Progres,OUTAGE,Service Transformer,PON,NORMAL,42.59719,-83.27666
SE26012200351,2026-01-22T19:35:40Z,2026-01-23T01:50:52Z,12,2026-01-22T18:47:13Z,2026-01-23T11:30:00Z,1,1,Equipment problem,In Progres,OUTAGE,Single Customer,RFD,NORMAL,42.40493,-83.16456
SW26012200354,2026-01-22T19:35:40Z,2026-01-22T19:54:01Z,2,2026-01-22T19:00:20Z,2026-01-22T23:35:00Z,1008,1008,Equipment problem,In Progres,OUTAGE,Device (II),ANN,NORMAL,42.24115,-83.62153
SE26012200369,2026-01-22T19:54:01Z,2026-01-23T03:43:30Z,12,2026-01-22T19:17:13Z,2026-01-23T11:50:00Z,1,1,Equipment problem,Pending,OUTAGE,Single Customer,RFD,NORMAL,42.23816,-83.19916
SE26012200370,2026-01-22T19:54:01Z,2026-01-22T23:55:19Z,10,2026-01-22T19:20:33Z,2026-01-22T23:50:00Z,1,1,Equipment problem,Pending,OUTAGE,Single Customer,CAN,NORMAL,42.35256,-83.10056
SE26012200388,2026-01-22T19:54:01Z,2026-01-22T23:43:44Z,9,2026-01-22T19:34:25Z,2026-01-23T00:05:00Z,1,1,Determined upon crew arrival,In Progres,OUTAGE,Single Customer,RFD,NORMAL,42.4599,-83.28958
SE26012200389,2026-01-22T19:54:01Z,2026-01-22T21:47:04Z,5,2026-01-22T19:35:32Z,2026-01-23T00:05:00Z,54,54,Determined upon crew arrival,In Progres,OUTAGE,Service Transformer,RFD,NORMAL,42.45969,-83.15382
SW26012200363,2026-01-22T19:54:01Z,2026-01-22T21:25:30Z,4,2026-01-22T19:14:34Z,2026-01-22T23:45:00Z,1,1,Determined upon crew arrival,In Progres,OUTAGE,Single Customer,WWS,NORMAL,42.35753,-83.35799
SW26012200373,2026-01-22T19:54:01Z,2026-01-22T20:29:20Z,2,2026-01-22T19:08:17Z,2026-01-22T23:55:00Z,230,230,Equipment problem,In Progres,OUTAGE,Device (II),ANN,NORMAL,42.24224,-83.62085
SW26012200379,2026-01-22T19:54:01Z,2026-01-22T21:25:30Z,4,2026-01-22T19:26:53Z,2026-01-22T23:55:00Z,1,1,Determined upon crew arrival,In Progres,OUTAGE,Single Customer,WWS,NORMAL,42.3749,-83.41486
NE26012200406,2026-01-22T20:29:20Z,2026-01-23T01:50:52Z,10,2026-01-22T19:52:33Z,2026-01-23T04:25:00Z,31,1,Public Interference w/DTE equip,In Progres,OUTAGE,Device (II),MAR,NORMAL,42.851,-82.70301
SE26012200410,2026-01-22T20:29:20Z,2026-01-22T22:48:41Z,6,2026-01-22T19:47:38Z,2026-01-23T00:30:00Z,1,1,Determined upon crew arrival,In Progres,OUTAGE,Single Customer,RFD,NORMAL,42.36083,-83.20387
SE26012200413,2026-01-22T20:29:20Z,2026-01-22T21:25:30Z,3,2026-01-22T20:04:29Z,2026-01-23T00:35:00Z,1,1,Determined upon crew arrival,In Progres,OUTAGE,Single Customer,CAN,NORMAL,42.43365,-82.95471
SE26012200418,2026-01-22T20:29:20Z,2026-01-22T22:24:50Z,5,2026-01-22T20:14:52Z,2026-01-23T00:45:00Z,1,1,Determined upon crew arrival,In Progres,OUTAGE,Single Customer,RFD,NORMAL,42.50108,-83.1579
NE26012200420,2026-01-22T20:53:24Z,2026-01-22T22:48:41Z,5,2026-01-22T05:02:22Z,2026-01-23T00:55:00Z,1,1,Determined upon crew arrival,In Progres,OUTAGE,Single Customer,MAR,NORMAL,42.94289,-82.58206
NE26012200428,2026-01-22T20:53:24Z,2026-01-23T09:58:51Z,21,2026-01-22T20:33:22Z,2026-01-23T13:05:00Z,1,1,Determined upon crew arrival,In Progres,SERVICE DOWN NO,,MTC,NORMAL,42.89602,-82.77279
SE26012200419,2026-01-22T20:53:24Z,2026-01-22T23:55:19Z,8,2026-01-22T20:18:20Z,2026-01-23T00:50:00Z,1,1,Equipment problem,In Progres,OUTAGE,Single Customer,RFD,NORMAL,42.22815,-83.19227
SE26012200421,2026-01-22T20:53:24Z,2026-01-22T23:55:19Z,8,2026-01-22T19:43:39Z,2026-01-23T00:55:00Z,1,1,Equipment problem,Pending,OUTAGE,Single Customer,RFD,NORMAL,42.37067,-83.20043
SE26012200422,2026-01-22T20:53:24Z,2026-01-22T23:55:19Z,8,2026-01-22T20:25:44Z,2026-01-23T00:55:00Z,1,1,Equipment problem,In Progres,OUTAGE,Single Customer,RFD,NORMAL,42.50692,-83.1984
SW26012200424,2026-01-22T20:53:24Z,2026-01-22T21:25:30Z,2,2026-01-22T20:26:17Z,2026-01-23T00:55:00Z,1,1,Determined upon crew arrival,In Progres,OUTAGE,Single Customer,WWS,NORMAL,42.216,-83.23367
NE26012200445,2026-01-22T21:25:30Z,2026-01-22T21:25:30Z,1,2026-01-22T21:00:03Z,2026-01-23T01:30:00Z,1,1,Determined upon crew arrival,PC3 Verifi,OUTAGE,Single Customer,MAR,NORMAL,42.85605,-82.70479
SE26012200443,2026-01-22T21:25:30Z,2026-01-22T23:55:19Z,7,2026-01-22T20:59:07Z,2026-01-23T01:30:00Z,1,1,Determined upon crew arrival,In Progres,OUTAGE,Single Customer,CAN,NORMAL,42.41108,-82.88942
SE26012200446,2026-01-22T21:25:30Z,2026-01-22T23:55:19Z,7,2026-01-22T21:03:27Z,2026-01-23T01:35:00Z,20,20,Public Interference w/DTE equip,In Progres,OUTAGE,Device (I),CAN,NORMAL,42.41318,-82.88715
SE26012200451,2026-01-22T21:25:30Z,2026-01-22T21:25:30Z,1,2026-01-22T21:07:27Z,2026-01-23T01:35:00Z,1,1,Determined upon crew arrival,In Progres,OUTAGE,Single Customer,CAN,NORMAL,42.41218,-82.88624
SE26012200461,2026-01-22T21:25:30Z,2026-01-22T23:55:19Z,7,2026-01-22T20:56:08Z,2026-01-23T01:40:00Z,10,10,Determined upon crew arrival,In Progres,OUTAGE,Service Transformer,CAN,NORMAL,42.40902,-82.88873
SW26012200444,2026-01-22T21:25:30Z,2026-01-22T22:48:41Z,4,2026-01-22T20:54:22Z,2026-01-23T01:30:00Z,13,3,Determined upon crew arrival,In Progres,OUTAGE,Service Secondary,NPT,NORMAL,41.94104,-83.2629
SW26012200455,2026-01-22T21:25:30Z,2026-01-22T21:25:30Z,1,2026-01-22T21:09:33Z,2026-01-23T01:40:00Z,1,1,Determined upon crew arrival,New,OUTAGE,Single Customer,ANN,NORMAL,42.13753,-83.69572
SW26012200458,2026-01-22T21:25:30Z,2026-01-22T21:25:30Z,1,2026-01-22T21:10:17Z,2026-01-23T01:40:00Z,1,1,Determined upon crew arrival,New,OUTAGE,Single Customer,ANN,NORMAL,42.13815,-83.697
SW26012200459,2026-01-22T21:25:30Z,2026-01-22T21:25:30Z,1,2026-01-22T21:10:29Z,2026-01-23T01:40:00Z,1,1,Determined upon crew arrival,New,OUTAGE,Single Customer,ANN,NORMAL,42.1538,-83.69798
SW26012200460,2026-01-22T21:25:30Z,2026-01-22T21:25:30Z,1,2026-01-22T21:10:57Z,2026-01-23T01:40:00Z,2,2,Determined upon crew arrival,New,OUTAGE,Service Secondary,ANN,NORMAL,42.15432,-83.66985
SW26012200462,2026-01-22T21:25:30Z,2026-01-22T21:25:30Z,1,2026-01-22T21:11:35Z,2026-01-23T01:40:00Z,1,1,Determined upon crew arrival,New,OUTAGE,Single Customer,ANN,NORMAL,42.12294,-83.70052
SW26012200463,2026-01-22T21:25:30Z,2026-01-22T21:25:30Z,1,2026-01-22T21:12:02Z,,1,1,Determined upon crew arrival,New,OUTAGE,Single Customer,ANN,NORMAL,42.15623,-83.68678
SW26012200465,2026-01-22T21:25:30Z,2026-01-22T21:25:30Z,1,2026-01-22T21:12:43Z,,1,1,Determined upon crew arrival,New,OUTAGE,Single Customer,ANN,NORMAL,42.15701,-83.66604
SW26012200466,2026-01-22T21:25:30Z,2026-01-22T21:25:30Z,1,2026-01-22T21:13:07Z,,1,1,Determined upon crew arrival,New,OUTAGE,Single Customer,ANN,NORMAL,42.13662,-83.67171
SW26012200473,2026-01-22T21:25:30Z,2026-01-22T21:25:30Z,1,2026-01-22T21:14:57Z,,1,1,Determined upon crew arrival,New,OUTAGE,Single Customer,ANN,NORMAL,42.1689,-83.67818
NW26012200477,2026-01-22T21:47:04Z,2026-01-22T21:47:04Z,1,2026-01-22T21:11:03Z,2026-01-23T01:55:00Z,1,1,Determined upon crew arrival,New,OUTAGE,Single Customer,PON,NORMAL,42.7485,-83.37996
SE26012200475,2026-01-22T21:47:04Z,2026-01-22T23:55:19Z,6,2026-01-22T21:22:27Z,2026-01-23T01:50:00Z,1,1,Equipment problem,In Progres,OUTAGE,Single Customer,RFD,NORMAL,42.45004,-83.16106
SE26012200484,2026-01-22T22:24:50Z,2026-01-22T22:24:50Z,1,2026-01-22T21:40:43Z,2026-01-23T02:10:00Z,1,1,Determined upon crew arrival,New,OUTAGE,Single Customer,CAN,NORMAL,42.41338,-82.88875
SE26012200485,2026-01-22T22:24:50Z,2026-01-23T01:50:52Z,6,2026-01-22T21:42:25Z,2026-01-23T02:15:00Z,1,1,Determined upon crew arrival,In Progres,OUTAGE,Single Customer,RFD,NORMAL,42.42444,-83.18905
SE26012200499,2026-01-22T22:24:50Z,2026-01-23T01:50:52Z,6,2026-01-22T21:09:25Z,2026-01-23T02:35:00Z,1,1,Equipment problem,In Progres,OUTAGE,Single Customer,CAN,NORMAL,42.43255,-82.91711
SW26012200483,2026-01-22T22:24:50Z,2026-01-22T23:55:19Z,5,2026-01-22T21:39:31Z,2026-01-23T02:10:00Z,1,1,Equipment problem,In Progres,OUTAGE,Single Customer,ANN,NORMAL,42.14111,-83.70382
SW26012200494,2026-01-22T22:24:50Z,2026-01-22T23:55:19Z,5,2026-01-22T21:51:34Z,2026-01-23T02:20:00Z,1,1,Determined upon crew arrival,In Progres,SERVICE DOWN NO,,WWS,NORMAL,42.19821,-83.27197
SW26012200495,2026-01-22T22:24:50Z,2026-01-22T23:55:19Z,5,2026-01-22T21:53:31Z,2026-01-23T02:25:00Z,1,1,Equipment problem,In Progres,OUTAGE,Single Customer,ANN,NORMAL,42.26793,-83.73368
SW26012200502,2026-01-22T22:24:50Z,2026-01-23T03:43:30Z,7,2026-01-22T22:11:28Z,2026-01-23T14:40:00Z,1,1,Equipment problem,In Progres,OUTAGE,Single Customer,ANN,NORMAL,42.22717,-83.58293
SE26012200504,2026-01-22T22:48:41Z,2026-01-23T01:50:52Z,5,2026-01-22T22:17:28Z,2026-01-23T02:45:00Z,1,1,Determined upon crew arrival,In Progres,OUTAGE,Single Customer,CAN,NORMAL,42.44371,-83.03123
SW26012200509,2026-01-22T22:48:41Z,2026-01-22T22:48:41Z,1,2026-01-22T22:28:32Z,,1,1,Determined upon crew arrival,New,OUTAGE,Single Customer,NPT,NORMAL,41.94104,-83.2629
NE26012200510,2026-01-22T23:22:44Z,2026-01-22T23:55:19Z,3,2026-01-22T22:30:15Z,2026-01-23T03:00:00Z,1,1,Equipment problem,Pending,OUTAGE,Single Customer,LAP,NORMAL,42.90558,-83.31456
NE26012200523,2026-01-22T23:22:44Z,2026-01-22T23:55:19Z,3,2026-01-22T22:49:56Z,2026-01-23T03:30:00Z,1,1,Determined upon crew arrival,In Progres,OUTAGE,Single Customer,MAR,NORMAL,43.20873,-82.78421
SW26012200529,2026-01-22T23:43:44Z,2026-01-22T23:43:44Z,1,2026-01-22T23:11:56Z,,1,1,Determined upon crew arrival,New,OUTAGE,Single Customer,WWS,NORMAL,42.18481,-83.29428
NW26012200536,2026-01-22T23:55:19Z,2026-01-22T23:55:19Z,1,2026-01-22T23:44:29Z,,1,1,Determined upon crew arrival,New,OUTAGE,Single Customer,SBY,NORMAL,42.61781,-83.08114
SW26012200530,2026-01-22T23:55:19Z,2026-01-23T15:59:44Z,25,2026-01-22T23:11:56Z,2026-01-23T16:05:00Z,1,1,Determined upon crew arrival,In Progres,OUTAGE,Single Customer,WWS,NORMAL,42.18481,-83.29428
NE26012200570,2026-01-23T01:50:52Z,2026-01-23T07:47:24Z,9,2026-01-23T01:30:30Z,2026-01-23T18:00:00Z,1,1,Equipment problem,In Progres,OUTAGE,Single Customer,LAP,NORMAL,42.89735,-83.14152
SE26012200546,2026-01-23T01:50:52Z,2026-01-23T05:05:13Z,4,2026-01-22T20:57:13Z,2026-01-23T16:40:00Z,1,1,Wind damage,In Progres,OUTAGE,Single Customer,CAN,NORMAL,42.43783,-82.95975
SW26012200564,2026-01-23T01:50:52Z,2026-01-23T01:50:52Z,1,2026-01-23T00:52:02Z,2026-01-23T05:20:00Z,1,1,Determined upon crew arrival,In Progres,OUTAGE,Single Customer,WWS,NORMAL,42.3749,-83.41486
SE26012200575,2026-01-23T03:43:30Z,2026-01-23T04:31:53Z,2,2026-01-23T02:17:46Z,2026-01-23T06:50:00Z,17,17,Equipment problem,In Progres,OUTAGE,Service Transformer,RFD,NORMAL,42.44028,-83.15957
SE26012200576,2026-01-23T03:43:30Z,2026-01-23T03:43:30Z,1,2026-01-23T02:19:01Z,2026-01-23T06:50:00Z,1,1,Determined upon crew arrival,In Progres,OUTAGE,Single Customer,RFD,NORMAL,42.43916,-83.15955
SW26012200574,2026-01-23T03:43:30Z,2026-01-23T05:44:53Z,4,2026-01-23T02:17:33Z,2026-01-23T06:50:00Z,1,1,Equipment problem,In Progres,OUTAGE,Single Customer,NPT,NORMAL,42.0864,-83.26982
SW26012200582,2026-01-23T03:43:30Z,2026-01-23T11:29:19Z,15,2026-01-23T02:51:05Z,2026-01-23T19:20:00Z,1,1,Wind damage,In Progres,OUTAGE,Single Customer,WWS,NORMAL,42.3749,-83.41486
SE26012200594,2026-01-23T05:05:13Z,2026-01-23T09:58:51Z,10,2026-01-23T04:56:34Z,2026-01-23T21:25:00Z,1,1,Equipment problem,In Progres,OUTAGE,Single Customer,CAN,NORMAL,42.41178,-83.13066
NE26012300002,2026-01-23T05:44:53Z,2026-01-23T20:49:38Z,30,2026-01-22T23:53:01Z,2026-01-23T21:50:00Z,1,1,Equipment problem,In Progres,OUTAGE,Single Customer,MTC,NORMAL,42.64329,-82.93571
SE26012300003,2026-01-23T05:44:53Z,2026-01-23T10:58:28Z,11,2026-01-22T15:15:41Z,2026-01-23T21:55:00Z,1,1,Determined upon crew arrival,In Progres,OUTAGE,Single Customer,RFD,NORMAL,42.34534,-83.26184
SW26012300008,2026-01-23T07:27:05Z,2026-01-23T15:01:55Z,15,2026-01-23T06:22:34Z,2026-01-23T23:00:00Z,1,1,Determined upon crew arrival,In Progres,OUTAGE,Single Customer,WWS,NORMAL,42.42242,-83.53538
SW26012300012,2026-01-23T08:32:29Z,2026-01-23T09:01:39Z,2,2026-01-23T07:45:42Z,2026-01-23T12:15:00Z,1,1,Determined upon crew arrival,In Progres,PRIORITY,,WWS,NORMAL,42.32583,-83.4308
NE26012300025,2026-01-23T10:58:28Z,2026-01-23T12:51:02Z,4,2026-01-23T10:30:56Z,2026-01-23T15:00:00Z,1,1,Determined upon crew arrival,In Progres,OUTAGE,Single Customer,NAE,NORMAL,43.40001,-83.22781
NE26012300036,2026-01-23T12:51:02Z,2026-01-23T15:59:44Z,6,2026-01-23T12:27:35Z,2026-01-23T17:00:00Z,50,50,Equipment problem,In Progres,OUTAGE,Device (I),MTC,NORMAL,42.4703,-83.07396
SE26012300027,2026-01-23T12:51:02Z,2026-01-23T12:51:02Z,1,2026-01-23T11:44:31Z,2026-01-23T16:15:00Z,1,1,Determined upon crew arrival,In Progres,OUTAGE,Single Customer,RFD,NORMAL,42.3706,-83.26153
SW26012300030,2026-01-23T12:51:02Z,2026-01-23T12:51:02Z,1,2026-01-23T11:54:32Z,2026-01-23T16:25:00Z,1,1,Determined upon crew arrival,PC3 Verifi,OUTAGE,Single Customer,NPT,NORMAL,42.03779,-83.25027
NW26012300046,2026-01-23T13:43:19Z,2026-01-23T15:59:44Z,5,2026-01-23T12:58:05Z,2026-01-23T17:30:00Z,82,82,Equipment problem,In Progres,OUTAGE,Device (II),PON,NORMAL,42.61272,-83.20081
NW26012300055,2026-01-23T13:43:19Z,2026-01-23T18:35:57Z,11,2026-01-23T13:19:23Z,2026-01-24T05:50:00Z,1,1,Equipment problem,In Progres,OUTAGE,Single Customer,HWL,NORMAL,42.57164,-83.96764
NW26012300059,2026-01-23T13:43:19Z,2026-01-23T17:04:19Z,8,2026-01-23T13:20:22Z,2026-01-23T17:55:00Z,1,1,Equipment problem,In Progres,OUTAGE,Single Customer,PON,NORMAL,42.78795,-83.22041
SE26012300041,2026-01-23T13:43:19Z,2026-01-23T16:42:45Z,7,2026-01-22T21:03:59Z,2026-01-23T17:25:00Z,1,1,Determined upon crew arrival,In Progres,OUTAGE,Single Customer,RFD,NORMAL,42.24833,-83.17227
SE26012300064,2026-01-23T13:43:19Z,2026-01-23T15:59:44Z,5,2026-01-23T13:23:16Z,2026-01-23T17:55:00Z,1,1,Determined upon crew arrival,In Progres,OUTAGE,Single Customer,CAN,NORMAL,42.40347,-82.98928
NE26012300069,2026-01-23T14:02:50Z,2026-01-23T15:59:44Z,4,2026-01-23T13:36:08Z,2026-01-23T18:05:00Z,1,1,Determined upon crew arrival,In Progres,OUTAGE,Single Customer,NAE,NORMAL,43.8274,-82.64084
NW26012300071,2026-01-23T14:02:50Z,2026-01-23T17:04:19Z,7,2026-01-23T13:36:27Z,2026-01-23T18:05:00Z,1,1,Equipment problem,In Progres,OUTAGE,Single Customer,PON,NORMAL,42.54347,-83.20822
SE26012300067,2026-01-23T14:02:50Z,2026-01-23T15:59:44Z,5,2026-01-23T13:31:08Z,2026-01-23T18:00:00Z,1,1,Determined upon crew arrival,In Progres,OUTAGE,Single Customer,CAN,NORMAL,42.43985,-83.04097
SW26012300073,2026-01-23T14:02:50Z,2026-01-23T17:55:05Z,9,2026-01-22T21:47:44Z,2026-01-23T18:10:00Z,1,1,Equipment problem,In Progres,OUTAGE,Single Customer,WWS,NORMAL,42.47435,-83.33674
NW26012300084,2026-01-23T14:44:18Z,2026-01-23T17:04:19Z,6,2026-01-23T14:06:28Z,2026-01-23T18:35:00Z,1,1,Equipment problem,In Progres,OUTAGE,Single Customer,PON,NORMAL,42.60141,-83.24627
SE26012300080,2026-01-23T14:44:18Z,2026-01-23T17:04:19Z,6,2026-01-23T13:59:59Z,2026-01-23T18:30:00Z,1,1,Equipment problem,In Progres,OUTAGE,Single Customer,RFD,NORMAL,42.33443,-83.25142
SE26012300093,2026-01-23T14:44:18Z,2026-01-23T17:04:19Z,6,2026-01-23T14:00:28Z,2026-01-23T18:55:00Z,1,1,Equipment problem,Pending,OUTAGE,Single Customer,RFD,NORMAL,42.48656,-83.22865
SE26012300100,2026-01-23T14:44:18Z,2026-01-23T15:59:44Z,4,2026-01-23T14:28:31Z,2026-01-23T19:00:00Z,1,1,Equipment problem,In Progres,OUTAGE,Single Customer,CAN,NORMAL,42.40448,-83.13492
SW26012300099,2026-01-23T14:44:18Z,2026-01-23T14:44:18Z,1,2026-01-23T14:24:01Z,2026-01-23T18:55:00Z,1,1,Determined upon crew arrival,New,OUTAGE,Single Customer,WWS,NORMAL,42.52524,-83.48896
SE26012300108,2026-01-23T15:01:55Z,2026-01-23T18:35:57Z,8,2026-01-23T14:43:38Z,2026-01-23T19:15:00Z,1,1,Equipment problem,Pending,OUTAGE,Single Customer,CAN,NORMAL,42.40207,-83.06927
NW26012300117,2026-01-23T15:41:54Z,2026-01-23T15:59:44Z,2,2026-01-23T14:51:09Z,2026-01-23T19:25:00Z,31,31,Equipment problem,In Progres,OUTAGE,Device (I),SBY,NORMAL,42.76177,-83.05291
NW26012300118,2026-01-23T15:41:54Z,2026-01-23T15:59:44Z,2,2026-01-23T14:53:17Z,2026-01-23T19:25:00Z,115,115,Determined upon crew arrival,In Progres,OUTAGE,Device (II),PON,NORMAL,42.71475,-83.68364
SE26012300143,2026-01-23T15:41:54Z,2026-01-23T18:35:57Z,6,2026-01-22T20:47:17Z,2026-01-23T19:50:00Z,1,1,Equipment problem,In Progres,OUTAGE,Single Customer,RFD,NORMAL,42.44303,-83.15156
SE26012300146,2026-01-23T15:41:54Z,2026-01-23T17:55:05Z,5,2026-01-23T15:23:49Z,2026-01-23T19:55:00Z,1,1,Equipment problem,In Progres,OUTAGE,Single Customer,RFD,NORMAL,42.48972,-83.1347
SW26012300114,2026-01-23T15:41:54Z,2026-01-23T15:59:44Z,2,2026-01-23T14:52:54Z,2026-01-23T19:25:00Z,1,1,Determined upon crew arrival,In Progres,OUTAGE,Single Customer,WWS,NORMAL,42.49811,-83.36253
SW26012300135,2026-01-23T15:41:54Z,2026-01-23T17:55:05Z,6,2026-01-23T15:04:33Z,2026-01-23T19:35:00Z,1,1,Determined upon crew arrival,In Progres,OUTAGE,Single Customer,WWS,NORMAL,42.24536,-83.2707
NW26012300133,2026-01-23T15:59:44Z,2026-01-23T15:59:44Z,1,2026-01-23T14:47:19Z,2026-01-23T19:30:00Z,2,2,Determined upon crew arrival,In Progres,OUTAGE,Service Transformer,PON,NORMAL,42.60543,-83.19719
NW26012300166,2026-01-23T16:42:45Z,2026-01-23T22:19:23Z,14,2026-01-23T15:57:09Z,2026-01-24T00:30:00Z,140,75,Equipment problem,In Progres,OUTAGE,Device (I),PON,NORMAL,42.53961,-83.45928
NW26012300169,2026-01-23T16:42:45Z,2026-01-23T17:38:23Z,3,2026-01-23T16:03:04Z,2026-01-23T20:35:00Z,1,1,Determined upon crew arrival,In Progres,PRIORITY,,HWL,NORMAL,42.48651,-83.69813
NW26012300188,2026-01-23T16:42:45Z,2026-01-23T16:42:45Z,1,2026-01-23T16:23:28Z,2026-01-23T20:55:00Z,1,1,Determined upon crew arrival,New,OUTAGE,Single Customer,PON,NORMAL,42.53875,-83.46136
NW26012300189,2026-01-23T16:42:45Z,2026-01-23T19:33:37Z,7,2026-01-23T16:15:50Z,2026-01-23T20:55:00Z,1,1,Equipment problem,In Progres,OUTAGE,Single Customer,HWL,NORMAL,42.69286,-84.20452
SE26012300148,2026-01-23T16:42:45Z,2026-01-23T19:33:37Z,7,2026-01-23T15:31:44Z,2026-01-23T20:00:00Z,1,1,Determined upon crew arrival,In Progres,SERVICE DOWN NO,,CAN,NORMAL,42.41668,-82.95398
SE26012300150,2026-01-23T16:42:45Z,2026-01-25T02:01:24Z,73,2026-01-23T15:10:38Z,2026-01-25T08:05:00Z,1,1,Equipment problem,Pending,OUTAGE,Single Customer,CAN,NORMAL,42.41748,-82.88308
SE26012300153,2026-01-23T16:42:45Z,2026-01-23T19:52:14Z,8,2026-01-23T15:41:17Z,2026-01-23T20:10:00Z,1,1,Equipment problem,In Progres,SERVICE DOWN NO,,RFD,NORMAL,42.39607,-83.14947
SE26012300193,2026-01-23T16:42:45Z,2026-01-23T17:55:05Z,4,2026-01-23T16:11:38Z,2026-01-23T21:00:00Z,1,1,Equipment problem,In Progres,OUTAGE,Single Customer,CAN,NORMAL,42.44298,-82.9734
SW26012300181,2026-01-23T16:42:45Z,2026-01-23T16:42:45Z,1,2026-01-23T16:17:34Z,2026-01-23T20:50:00Z,1,1,Determined upon crew arrival,In Progres,OUTAGE,Single Customer,NPT,NORMAL,42.0864,-83.26982
SW26012300194,2026-01-23T17:04:19Z,2026-01-23T17:55:05Z,3,2026-01-23T16:30:51Z,2026-01-23T21:00:00Z,1,1,Determined upon crew arrival,In Progres,OUTAGE,Single Customer,ANN,NORMAL,42.26991,-83.83882
NE26012300213,2026-01-23T17:38:23Z,2026-01-23T19:33:37Z,5,2026-01-23T16:55:12Z,2026-01-23T21:25:00Z,1,1,Equipment problem,In Progres,OUTAGE,Single Customer,MTC,NORMAL,42.50223,-83.01994
SE26012300222,2026-01-23T17:38:23Z,2026-01-23T17:38:23Z,1,2026-01-23T17:04:23Z,2026-01-23T21:35:00Z,23,23,Determined upon crew arrival,In Progres,OUTAGE,Service Transformer,CAN,NORMAL,42.41876,-82.93996
SE26012300225,2026-01-23T17:38:23Z,2026-01-23T19:33:37Z,5,2026-01-23T16:59:28Z,2026-01-23T21:40:00Z,301,297,Equipment problem,In Progres,OUTAGE,Device (II),CAN,NORMAL,42.4182,-82.9407
SW26012300234,2026-01-23T17:38:23Z,2026-01-23T23:54:28Z,17,2026-01-23T16:18:24Z,2026-01-24T09:55:00Z,1,1,Wind damage,In Progres,OUTAGE,Single Customer,ANN,NORMAL,42.20506,-83.90952
SW26012300237,2026-01-23T17:55:05Z,2026-01-23T20:49:38Z,7,2026-01-23T17:30:44Z,2026-01-23T22:00:00Z,100,100,Equipment problem,In Progres,OUTAGE,Device (II),NPT,NORMAL,42.04977,-83.74357
SW26012300239,2026-01-23T17:55:05Z,2026-01-23T17:55:05Z,1,2026-01-23T17:32:47Z,2026-01-23T22:05:00Z,1,1,Determined upon crew arrival,In Progres,OUTAGE,Single Customer,NPT,NORMAL,42.03502,-83.73447
SW26012300243,2026-01-23T17:55:05Z,2026-01-23T17:55:05Z,1,2026-01-23T17:34:21Z,2026-01-23T22:05:00Z,1,1,Determined upon crew arrival,In Progres,OUTAGE,Single Customer,NPT,NORMAL,42.03275,-83.73377
SW26012300245,2026-01-23T17:55:05Z,2026-01-23T17:55:05Z,1,2026-01-23T17:34:47Z,2026-01-23T22:05:00Z,14,14,Determined upon crew arrival,In Progres,OUTAGE,Device (I),NPT,NORMAL,42.04167,-83.71411
SW26012300248,2026-01-23T17:55:05Z,2026-01-23T17:55:05Z,1,2026-01-23T17:38:24Z,2026-01-23T22:10:00Z,1,1,Determined upon crew arrival,New,OUTAGE,Single Customer,NPT,NORMAL,42.031,-83.73359
SW26012300249,2026-01-23T17:55:05Z,2026-01-23T17:55:05Z,1,2026-01-23T17:38:27Z,2026-01-23T22:10:00Z,1,1,Determined upon crew arrival,New,OUTAGE,Single Customer,NPT,NORMAL,42.0328,-83.73891
SW26012300250,2026-01-23T17:55:05Z,2026-01-23T17:55:05Z,1,2026-01-23T17:38:56Z,2026-01-23T22:10:00Z,1,1,Determined upon crew arrival,New,OUTAGE,Single Customer,NPT,NORMAL,42.03936,-83.73662
SW26012300251,2026-01-23T17:55:05Z,2026-01-23T17:55:05Z,1,2026-01-23T17:39:52Z,2026-01-23T22:10:00Z,1,1,Determined upon crew arrival,New,OUTAGE,Single Customer,NPT,NORMAL,42.03003,-83.73355
NW26012300262,2026-01-23T18:35:57Z,2026-01-23T20:49:38Z,6,2026-01-23T16:40:33Z,2026-01-23T22:25:00Z,1,1,Equipment problem,In Progres,OUTAGE,Single Customer,HWL,NORMAL,42.70928,-84.03844
SE26012300253,2026-01-23T18:35:57Z,2026-01-23T20:49:38Z,6,2026-01-23T17:45:40Z,2026-01-23T22:15:00Z,1,1,Equipment problem,In Progres,OUTAGE,Single Customer,CAN,NORMAL,42.41883,-82.92476
SE26012300274,2026-01-23T18:35:57Z,2026-01-23T19:03:31Z,2,2026-01-23T18:05:06Z,2026-01-23T22:40:00Z,1,1,Determined upon crew arrival,In Progres,OUTAGE,Single Customer,RFD,NORMAL,42.33283,-83.19675
SE26012300276,2026-01-23T18:35:57Z,2026-01-23T18:35:57Z,1,2026-01-23T18:14:50Z,2026-01-23T22:45:00Z,1,1,Determined upon crew arrival,New,OUTAGE,Single Customer,CAN,NORMAL,42.39352,-83.08752
SW26012300263,2026-01-23T18:35:57Z,2026-01-23T20:27:54Z,5,2026-01-23T17:56:47Z,2026-01-23T22:25:00Z,1,1,Determined upon crew arrival,In Progres,OUTAGE,Single Customer,NPT,NORMAL,42.03459,-83.68068
SW26012300285,2026-01-23T18:35:57Z,2026-01-23T19:52:14Z,4,2026-01-23T18:22:29Z,2026-01-23T22:55:00Z,107,107,Determined upon crew arrival,In Progres,OUTAGE,Device (I),WWS,NORMAL,42.43637,-83.46953
NW26012300292,2026-01-23T19:03:31Z,2026-01-24T01:47:55Z,15,2026-01-23T18:34:44Z,2026-01-24T03:05:00Z,3,3,Equipment problem,In Progres,OUTAGE,Service Transformer,PON,NORMAL,42.57803,-83.21895
SW26012300324,2026-01-23T19:52:14Z,2026-01-23T21:22:40Z,4,2026-01-23T19:24:27Z,2026-01-24T00:00:00Z,1,1,Problem with the customer equip,In Progres,OUTAGE,Single Customer,WWS,NORMAL,42.28594,-83.31139
NW26012300349,2026-01-23T20:27:54Z,2026-01-23T21:54:53Z,5,2026-01-23T19:54:43Z,2026-01-24T00:40:00Z,368,368,Equipment problem,In Progres,OUTAGE,Device (II),PON,NORMAL,42.53147,-83.45694
NW26012300399,2026-01-23T21:22:40Z,2026-01-23T22:19:23Z,4,2026-01-23T21:03:59Z,2026-01-24T01:35:00Z,1,1,Determined upon crew arrival,New,OUTAGE,Single Customer,PON,NORMAL,42.6229,-83.46586
SE26012300413,2026-01-23T21:22:40Z,2026-01-24T01:47:55Z,10,2026-01-23T20:48:06Z,2026-01-24T01:40:00Z,1,1,Determined upon crew arrival,In Progres,OUTAGE,Single Customer,RFD,NORMAL,42.41186,-83.15391
SW26012300396,2026-01-23T21:22:40Z,2026-01-23T23:54:28Z,9,2026-01-23T21:02:12Z,2026-01-24T01:30:00Z,1,1,Determined upon crew arrival,In Progres,OUTAGE,Single Customer,WWS,NORMAL,42.32486,-83.34414
SE26012300419,2026-01-23T21:54:53Z,2026-01-23T23:54:28Z,7,2026-01-23T21:33:08Z,2026-01-24T02:05:00Z,1,1,Determined upon crew arrival,In Progres,OUTAGE,Single Customer,CAN,NORMAL,42.35256,-83.10056
NE26012300425,2026-01-23T22:19:23Z,2026-01-23T23:54:28Z,6,2026-01-23T20:34:01Z,2026-01-24T02:25:00Z,1,1,Determined upon crew arrival,In Progres,OUTAGE,Single Customer,MTC,NORMAL,42.57701,-82.94037
NE26012300431,2026-01-23T22:44:31Z,2026-01-23T23:23:19Z,3,2026-01-23T22:08:51Z,2026-01-24T02:45:00Z,3,3,Equipment problem,In Progres,OUTAGE,Service Transformer,MTC,NORMAL,42.66698,-82.76012
NE26012300436,2026-01-23T22:44:31Z,2026-01-24T03:27:42Z,7,2026-01-23T22:18:42Z,2026-01-24T14:50:00Z,1,1,Equipment problem,In Progres,OUTAGE,Single Customer,MTC,NORMAL,42.66612,-82.76145
SE26012300437,2026-01-23T22:44:31Z,2026-01-23T23:43:18Z,4,2026-01-23T22:15:45Z,2026-01-24T02:50:00Z,1,1,Determined upon crew arrival,In Progres,OUTAGE,Single Customer,CAN,NORMAL,42.36259,-83.1134
SW26012300439,2026-01-23T22:44:31Z,2026-01-24T01:47:55Z,6,2026-01-23T22:22:31Z,2026-01-24T02:55:00Z,15,15,Determined upon crew arrival,In Progres,OUTAGE,Service Transformer,WWS,NORMAL,42.46743,-83.36506
NE26012300448,2026-01-23T22:55:37Z,2026-01-23T23:54:28Z,4,2026-01-23T17:14:20Z,2026-01-24T03:10:00Z,1,1,Equipment problem,In Progres,OUTAGE,Single Customer,MAR,NORMAL,43.00588,-82.46039
NW26012300450,2026-01-23T23:23:19Z,2026-01-24T01:47:55Z,4,2026-01-23T22:46:13Z,2026-01-24T03:20:00Z,28,28,Equipment problem,In Progres,OUTAGE,Device (I),PON,NORMAL,42.57588,-83.32774
SE26012300454,2026-01-23T23:23:19Z,2026-01-24T06:34:36Z,11,2026-01-23T22:12:08Z,2026-01-24T15:30:00Z,1,1,Determined upon crew arrival,In Progres,OUTAGE,Single Customer,RFD,NORMAL,42.38633,-83.19509
SE26012300459,2026-01-23T23:23:19Z,2026-01-23T23:23:19Z,1,2026-01-23T23:09:25Z,2026-01-24T03:40:00Z,1,1,Determined upon crew arrival,New,OUTAGE,Single Customer,RFD,NORMAL,42.44395,-83.16735
SE26012300463,2026-01-23T23:23:19Z,2026-01-24T01:47:55Z,4,2026-01-23T23:11:50Z,2026-01-24T03:40:00Z,1,1,Determined upon crew arrival,In Progres,OUTAGE,Single Customer,CAN,NORMAL,42.39111,-83.09398
SE26012300464,2026-01-23T23:23:19Z,2026-01-23T23:23:19Z,1,2026-01-23T23:12:10Z,,1,1,Determined upon crew arrival,New,OUTAGE,Single Customer,RFD,NORMAL,42.26366,-83.18191
SE26012300465,2026-01-23T23:23:19Z,2026-01-24T06:34:36Z,11,2026-01-23T23:12:15Z,2026-01-24T07:40:00Z,45,45,Equipment problem,Pending,OUTAGE,Device (II),RFD,NORMAL,42.25786,-83.18291
SW26012300461,2026-01-23T23:23:19Z,2026-01-23T23:54:28Z,3,2026-01-23T23:10:28Z,2026-01-24T03:40:00Z,1,1,Determined upon crew arrival,In Progres,OUTAGE,Single Customer,WWS,NORMAL,42.43534,-83.46918
NE26012300497,2026-01-24T01:47:55Z,2026-01-24T04:11:40Z,3,2026-01-23T23:54:00Z,2026-01-24T04:25:00Z,1,1,Determined upon crew arrival,New,OUTAGE,Single Customer,MTC,NORMAL,42.50223,-83.01994
NE26012300508,2026-01-24T01:47:55Z,2026-01-24T03:27:42Z,2,2026-01-23T23:59:28Z,2026-01-24T04:40:00Z,359,359,Equipment problem,In Progres,OUTAGE,Service Transformer,MAR,NORMAL,43.02824,-82.43822
NE26012300536,2026-01-24T01:47:55Z,2026-01-24T01:47:55Z,1,2026-01-24T01:23:07Z,2026-01-24T05:55:00Z,1,1,Determined upon crew arrival,PC3 Verifi,OUTAGE,Single Customer,MAR,NORMAL,43.0276,-82.43685
NW26012300521,2026-01-24T01:47:55Z,2026-01-24T01:47:55Z,1,2026-01-24T00:34:10Z,2026-01-24T05:05:00Z,1,1,Determined upon crew arrival,In Progres,OUTAGE,Single Customer,PON,NORMAL,42.64056,-83.30885
SE26012300494,2026-01-24T01:47:55Z,2026-01-24T09:42:22Z,16,2026-01-23T23:48:37Z,2026-01-24T16:20:00Z,1,1,Problem with the customer equip,In Progres,OUTAGE,Single Customer,CAN,NORMAL,42.35159,-83.06483
SE26012300505,2026-01-24T01:47:55Z,2026-01-24T18:57:46Z,38,2026-01-24T00:06:55Z,2026-01-25T04:35:00Z,1,1,Equipment problem,In Progres,OUTAGE,Single Customer,RFD,NORMAL,42.31744,-83.12502
SE26012300506,2026-01-24T01:47:55Z,2026-01-24T01:47:55Z,1,2026-01-24T00:07:31Z,2026-01-24T04:40:00Z,1,1,Determined upon crew arrival,New,OUTAGE,Single Customer,RFD,NORMAL,42.25667,-83.18377
SE26012300515,2026-01-24T01:47:55Z,2026-01-24T01:47:55Z,1,2026-01-24T00:23:14Z,2026-01-24T04:55:00Z,1,1,Determined upon crew arrival,New,OUTAGE,Single Customer,RFD,NORMAL,42.25959,-83.18194
SE26012300525,2026-01-24T01:47:55Z,2026-01-24T01:47:55Z,1,2026-01-24T00:48:00Z,2026-01-24T05:20:00Z,1,1,Determined upon crew arrival,In Progres,OUTAGE,Single Customer,RFD,NORMAL,42.26376,-83.17772
SE26012300529,2026-01-24T01:47:55Z,2026-01-24T05:44:43Z,6,2026-01-24T01:06:37Z,2026-01-24T05:35:00Z,1,1,Equipment problem,In Progres,OUTAGE,Single Customer,CAN,NORMAL,42.41983,-82.94246
NE26012300562,2026-01-24T03:27:42Z,2026-01-24T11:51:07Z,21,2026-01-24T02:03:02Z,2026-01-24T14:35:00Z,2,2,Equipment problem,Pending,OUTAGE,Service Secondary,MAR,NORMAL,42.91581,-82.50279
NW26012300596,2026-01-24T03:27:42Z,2026-01-24T09:53:13Z,16,2026-01-24T02:53:39Z,2026-01-24T19:25:00Z,4,1,Determined upon crew arrival,In Progres,OUTAGE,Single Customer,HWL,NORMAL,42.48228,-83.73792
SE26012300601,2026-01-24T03:27:42Z,2026-01-24T08:51:38Z,13,2026-01-24T03:04:57Z,2026-01-24T19:35:00Z,1,1,Determined upon crew arrival,In Progres,OUTAGE,Single Customer,RFD,NORMAL,42.35453,-83.15698
NW26012300604,2026-01-24T04:11:40Z,2026-01-24T05:22:43Z,3,2026-01-24T03:15:18Z,2026-01-24T07:45:00Z,1,1,Determined upon crew arrival,In Progres,OUTAGE,Single Customer,HWL,NORMAL,42.48252,-83.73707
NW26012300624,2026-01-24T04:11:40Z,2026-01-24T06:34:36Z,6,2026-01-24T03:38:57Z,2026-01-24T08:10:00Z,16,16,Equipment problem,In Progres,OUTAGE,Service Transformer,SBY,NORMAL,42.69458,-83.13083
NW26012300638,2026-01-24T04:11:40Z,2026-01-24T05:55:33Z,5,2026-01-24T03:39:26Z,2026-01-24T08:10:00Z,1205,1205,Equipment problem,In Progres,OUTAGE,Circuit Level,SBY,NORMAL,42.6962,-83.12201
SE26012300684,2026-01-24T04:11:40Z,2026-01-24T04:11:40Z,1,2026-01-24T03:42:39Z,,1,1,Determined upon crew arrival,New,OUTAGE,Single Customer,RFD,NORMAL,42.35167,-83.13655
SW26012300605,2026-01-24T04:11:40Z,2026-01-24T16:26:47Z,30,2026-01-24T03:15:36Z,2026-01-24T19:45:00Z,1,1,Equipment problem,In Progres,OUTAGE,Single Customer,WWS,NORMAL,42.46196,-83.52449
NW26012300685,2026-01-24T04:48:57Z,2026-01-24T05:55:33Z,4,2026-01-24T04:00:13Z,2026-01-24T08:30:00Z,1,1,Determined upon crew arrival,PC3 Verifi,PRIORITY,,SBY,NORMAL,42.69249,-83.13775
NW26012300691,2026-01-24T04:48:57Z,2026-01-24T07:42:13Z,8,2026-01-24T04:07:24Z,2026-01-24T08:40:00Z,133,133,Equipment problem,In Progres,OUTAGE,Device (II),PON,NORMAL,42.68169,-83.40161
NW26012300706,2026-01-24T04:48:57Z,2026-01-24T08:51:38Z,11,2026-01-24T04:16:51Z,2026-01-24T08:45:00Z,1,1,Determined upon crew arrival,PC3 Verifi,PRIORITY,,PON,NORMAL,42.67833,-83.3907
NW26012300714,2026-01-24T04:48:57Z,2026-01-24T08:28:40Z,10,2026-01-24T04:26:18Z,2026-01-24T08:55:00Z,1,1,Equipment problem,In Progres,OUTAGE,Single Customer,PON,NORMAL,42.68597,-83.39871
NE26012300724,2026-01-24T05:22:43Z,2026-01-24T06:34:36Z,4,2026-01-24T04:33:04Z,2026-01-24T09:05:00Z,1163,1163,Equipment problem,In Progres,OUTAGE,Device (II),MTC,NORMAL,42.6305,-82.61684
NE26012300741,2026-01-24T05:22:43Z,2026-01-24T14:43:40Z,22,2026-01-24T04:55:29Z,2026-01-24T17:30:00Z,906,8,Equipment problem,In Progres,OUTAGE,Device (II),MTC,NORMAL,42.46536,-83.07492
NW26012300716,2026-01-24T05:22:43Z,2026-01-24T07:42:13Z,7,2026-01-24T04:34:08Z,2026-01-24T09:05:00Z,8,8,Equipment problem,In Progres,OUTAGE,Service Transformer,PON,NORMAL,42.6851,-83.39717
SW26012400004,2026-01-24T05:22:43Z,2026-01-24T15:52:46Z,27,2026-01-24T05:14:49Z,2026-01-24T21:45:00Z,1,1,Equipment problem,In Progres,OUTAGE,Single Customer,WWS,NORMAL,42.28594,-83.31347
NE26012400005,2026-01-24T05:44:43Z,2026-01-24T05:44:43Z,1,2026-01-24T05:13:42Z,2026-01-24T09:30:00Z,25,25,Determined upon crew arrival,In Progres,OUTAGE,Device (II),MTC,NORMAL,42.46462,-83.07547
SE26012300741,2026-01-24T05:44:43Z,2026-01-24T05:44:43Z,1,2026-01-24T04:55:29Z,2026-01-24T09:30:00Z,8,8,Determined upon crew arrival,In Progres,OUTAGE,Device (II),MTC,NORMAL,42.46527,-83.07577
NE26012400014,2026-01-24T06:59:06Z,2026-01-24T07:42:13Z,3,2026-01-24T06:22:33Z,2026-01-24T10:55:00Z,1,1,Equipment problem,In Progres,OUTAGE,Single Customer,NAE,NORMAL,43.83396,-83.10181
NE26012400016,2026-01-24T06:59:06Z,2026-01-24T07:27:45Z,2,2026-01-24T06:29:19Z,2026-01-24T11:00:00Z,6,6,Determined upon crew arrival,In Progres,OUTAGE,Service Transformer,MAR,NORMAL,42.90421,-82.50286
NE26012400019,2026-01-24T06:59:06Z,2026-01-24T06:59:06Z,1,2026-01-24T06:29:19Z,,1,1,Determined upon crew arrival,New,OUTAGE,Single Customer,MAR,NORMAL,42.90427,-82.50052
SE26012400015,2026-01-24T06:59:06Z,2026-01-24T16:26:47Z,24,2026-01-24T06:04:52Z,2026-01-24T22:55:00Z,1,1,Determined upon crew arrival,In Progres,OUTAGE,Single Customer,RFD,NORMAL,42.33203,-83.26015
SW26012400033,2026-01-24T07:52:55Z,2026-01-24T07:52:55Z,1,2026-01-24T07:29:19Z,,1,1,Determined upon crew arrival,New,OUTAGE,Single Customer,ANN,NORMAL,42.29162,-83.8182
SE26012400042,2026-01-24T09:22:11Z,2026-01-24T15:52:46Z,17,2026-01-24T09:05:49Z,2026-01-25T01:35:00Z,1,1,Equipment problem,In Progres,OUTAGE,Single Customer,RFD,NORMAL,42.40211,-83.24429
NE26012400044,2026-01-24T09:42:22Z,2026-01-24T15:21:14Z,14,2026-01-23T23:54:00Z,2026-01-25T01:50:00Z,1,1,Equipment problem,In Progres,OUTAGE,Single Customer,MTC,NORMAL,42.50223,-83.01994
NE26012400045,2026-01-24T09:42:22Z,2026-01-24T12:42:58Z,8,2026-01-24T09:27:20Z,2026-01-24T14:00:00Z,245,245,Equipment problem,In Progres,OUTAGE,Device (II),MAR,NORMAL,43.08767,-82.48532
NE26012400046,2026-01-24T09:53:13Z,2026-01-24T09:53:13Z,1,2026-01-24T09:27:47Z,2026-01-24T14:00:00Z,1,1,Determined upon crew arrival,New,OUTAGE,Single Customer,MAR,NORMAL,43.08354,-82.49897
NE26012400054,2026-01-24T09:53:13Z,2026-01-24T09:53:13Z,1,2026-01-24T09:27:39Z,2026-01-24T14:05:00Z,2,2,Determined upon crew arrival,New,OUTAGE,Service Transformer,MAR,NORMAL,43.08956,-82.49984
NE26012400055,2026-01-24T09:53:13Z,2026-01-24T09:53:13Z,1,2026-01-24T09:41:04Z,2026-01-24T14:10:00Z,1,1,Determined upon crew arrival,New,OUTAGE,Single Customer,MAR,NORMAL,43.08395,-82.48694
NE26012400057,2026-01-24T10:22:46Z,2026-01-24T11:39:40Z,4,2026-01-24T09:27:39Z,2026-01-24T14:35:00Z,6,6,Determined upon crew arrival,In Progres,OUTAGE,Service Transformer,MAR,NORMAL,43.09155,-82.49934
NE26012400060,2026-01-24T10:22:46Z,2026-01-24T10:22:46Z,1,2026-01-24T10:09:18Z,2026-01-24T14:40:00Z,1,1,Determined upon crew arrival,New,OUTAGE,Single Customer,MAR,NORMAL,43.0901,-82.5003
SE26012400058,2026-01-24T10:22:46Z,2026-01-24T10:22:46Z,1,2026-01-24T10:06:08Z,2026-01-24T14:35:00Z,1,1,Determined upon crew arrival,New,OUTAGE,Single Customer,RFD,NORMAL,42.35308,-83.29946
NW26012400065,2026-01-24T11:18:55Z,2026-01-24T12:42:58Z,4,2026-01-24T10:42:57Z,2026-01-24T15:15:00Z,1,1,Determined upon crew arrival,In Progres,OUTAGE,Single Customer,PON,NORMAL,42.68258,-83.40642
NW26012400072,2026-01-24T11:18:55Z,2026-01-24T11:51:07Z,3,2026-01-24T10:37:51Z,2026-01-24T15:25:00Z,3,3,Determined upon crew arrival,In Progres,OUTAGE,Service Transformer,HWL,NORMAL,42.4609,-83.7006
SW26012400063,2026-01-24T11:18:55Z,2026-01-24T16:49:01Z,14,2026-01-24T10:35:45Z,2026-01-24T19:10:00Z,11,11,Equipment problem,In Progres,OUTAGE,Device (II),WWS,NORMAL,42.16687,-83.50854
SW26012400064,2026-01-24T11:18:55Z,2026-01-24T11:51:07Z,3,2026-01-24T10:41:22Z,2026-01-24T15:10:00Z,1,1,Determined upon crew arrival,Pending,OUTAGE,Single Customer,ANN,NORMAL,42.21015,-83.77864
SW26012400066,2026-01-24T11:18:55Z,2026-01-24T11:51:07Z,3,2026-01-24T10:47:48Z,2026-01-24T15:20:00Z,1,1,Determined upon crew arrival,PC3 Verifi,OUTAGE,Single Customer,WWS,NORMAL,42.16684,-83.50709
NW26012400075,2026-01-24T11:39:40Z,2026-01-24T15:42:08Z,10,2026-01-24T11:03:58Z,2026-01-24T15:35:00Z,1,1,Equipment problem,In Progres,OUTAGE,Single Customer,HWL,NORMAL,42.46218,-83.69957
SW26012400076,2026-01-24T11:39:40Z,2026-01-24T13:47:49Z,5,2026-01-24T10:35:46Z,2026-01-24T15:50:00Z,2,2,Determined upon crew arrival,In Progres,OUTAGE,Service Transformer,WWS,NORMAL,42.16692,-83.51073
NE26012400083,2026-01-24T11:51:07Z,2026-01-24T14:54:26Z,7,2026-01-24T11:30:36Z,2026-01-24T16:10:00Z,7,7,Equipment problem,In Progres,OUTAGE,Service Transformer,LAP,NORMAL,43.20145,-83.31206
NE26012400085,2026-01-24T11:51:07Z,2026-01-24T11:51:07Z,1,2026-01-24T11:26:03Z,2026-01-24T16:10:00Z,2,2,Determined upon crew arrival,New,OUTAGE,Service Transformer,LAP,NORMAL,43.06313,-83.10858
SE26012400087,2026-01-24T11:51:07Z,2026-01-24T15:21:14Z,8,2026-01-24T11:41:22Z,2026-01-24T16:10:00Z,1,1,Problem with the customer equip,In Progres,OUTAGE,Single Customer,CAN,NORMAL,42.40581,-82.95953
SW26012400077,2026-01-24T11:51:07Z,2026-01-24T11:51:07Z,1,2026-01-24T11:34:30Z,2026-01-24T16:05:00Z,1,1,Determined upon crew arrival,New,OUTAGE,Single Customer,WWS,NORMAL,42.16621,-83.50782
SW26012400081,2026-01-24T11:51:07Z,2026-01-24T13:47:49Z,4,2026-01-24T11:39:48Z,2026-01-24T16:10:00Z,2,2,Equipment problem,New,OUTAGE,Subtransmission,ANN,NORMAL,42.30942,-83.75977
SW26012400086,2026-01-24T11:51:07Z,2026-01-24T14:43:40Z,6,2026-01-24T11:41:07Z,2026-01-24T16:10:00Z,1,1,Determined upon crew arrival,In Progres,OUTAGE,Single Customer,WWS,NORMAL,42.29303,-83.38992
SW26012400089,2026-01-24T11:51:07Z,2026-01-24T11:51:07Z,1,2026-01-24T11:42:23Z,,40,40,Determined upon crew arrival,New,OUTAGE,Device (I),ANN,NORMAL,42.27857,-83.79259
SW26012400090,2026-01-24T11:51:07Z,2026-01-24T11:51:07Z,1,2026-01-24T11:42:47Z,,1,1,Determined upon crew arrival,New,OUTAGE,Single Customer,ANN,NORMAL,42.28243,-83.78991
SW26012400092,2026-01-24T11:51:07Z,2026-01-24T11:51:07Z,1,2026-01-24T11:43:12Z,,1,1,Determined upon crew arrival,New,OUTAGE,Single Customer,ANN,NORMAL,42.28238,-83.78885
SW26012400093,2026-01-24T11:51:07Z,2026-01-24T11:51:07Z,1,2026-01-24T11:43:09Z,,20,20,Determined upon crew arrival,New,OUTAGE,Service Transformer,ANN,NORMAL,42.27748,-83.81503
SW26012400097,2026-01-24T11:51:07Z,2026-01-24T11:51:07Z,1,2026-01-24T11:43:52Z,,1,1,Determined upon crew arrival,New,OUTAGE,Single Customer,ANN,NORMAL,42.2822,-83.79095
SW26012400098,2026-01-24T11:51:07Z,2026-01-24T11:51:07Z,1,2026-01-24T11:45:01Z,,1,1,Determined upon crew arrival,New,OUTAGE,Single Customer,ANN,NORMAL,42.27831,-83.8129
SW26012400099,2026-01-24T11:51:07Z,2026-01-24T11:51:07Z,1,2026-01-24T11:45:00Z,,1,1,Determined upon crew arrival,New,OUTAGE,Single Customer,ANN,NORMAL,42.2783,-83.81547
SW26012400100,2026-01-24T11:51:07Z,2026-01-24T11:51:07Z,1,2026-01-24T11:45:05Z,,1,1,Determined upon crew arrival,New,OUTAGE,Single Customer,ANN,NORMAL,42.27843,-83.78867
NE26012400120,2026-01-24T12:42:58Z,2026-01-24T14:54:26Z,6,2026-01-24T11:53:42Z,2026-01-24T16:25:00Z,1,1,Equipment problem,In Progres,OUTAGE,Single Customer,MTC,NORMAL,42.46639,-83.03068
NE26012400170,2026-01-24T12:42:58Z,2026-01-24T15:52:46Z,9,2026-01-24T11:26:04Z,2026-01-24T16:45:00Z,1,1,Equipment problem,In Progres,OUTAGE,Single Customer,LAP,NORMAL,43.06313,-83.10858
NE26012400176,2026-01-24T12:42:58Z,2026-01-24T12:42:58Z,1,2026-01-24T12:29:45Z,,6765,6765,Determined upon crew arrival,New,OUTAGE,Subtransmission,MTC,NORMAL,42.67734,-82.78778
NW26012400145,2026-01-24T12:42:58Z,2026-01-24T15:52:46Z,9,2026-01-24T11:55:40Z,2026-01-24T16:25:00Z,3,3,Equipment problem,In Progres,OUTAGE,Service Transformer,HWL,NORMAL,42.46065,-83.69901
SE26012400105,2026-01-24T12:42:58Z,2026-01-24T13:47:49Z,3,2026-01-24T11:45:09Z,2026-01-24T16:20:00Z,812,812,Equipment problem,In Progres,OUTAGE,Circuit Level,RFD,NORMAL,42.51656,-83.09993
SE26012400109,2026-01-24T12:42:58Z,2026-01-24T16:49:01Z,11,2026-01-24T11:48:58Z,2026-01-24T20:20:00Z,1,1,Equipment problem,In Progres,PRIORITY,,RFD,NORMAL,42.52291,-83.09634
SE26012400171,2026-01-24T12:42:58Z,2026-01-24T16:49:01Z,11,2026-01-24T12:16:03Z,2026-01-24T16:45:00Z,1,1,Equipment problem,In Progres,PRIORITY,,RFD,NORMAL,42.50954,-83.09969
SW26012400110,2026-01-24T12:42:58Z,2026-01-24T12:42:58Z,1,2026-01-24T11:49:05Z,2026-01-24T16:20:00Z,1,1,Equipment problem,PC3 Verifi,OUTAGE,Single Customer,ANN,NORMAL,42.28858,-83.78645
SW26012400125,2026-01-24T12:42:58Z,2026-01-24T13:47:49Z,3,2026-01-24T11:39:12Z,2026-01-24T16:25:00Z,803,803,Equipment problem,In Progres,OUTAGE,Device (II),ANN,NORMAL,42.28116,-83.80605
SW26012400172,2026-01-24T12:42:58Z,2026-01-24T17:41:45Z,13,2026-01-24T10:41:22Z,2026-01-25T04:45:00Z,1,1,Equipment problem,In Progres,OUTAGE,Single Customer,ANN,NORMAL,42.20885,-83.77811
NE26012400180,2026-01-24T13:21:24Z,2026-01-24T13:47:49Z,2,2026-01-24T12:29:45Z,2026-01-24T17:00:00Z,1556,1556,Determined upon crew arrival,In Progres,OUTAGE,Device (II),MTC,NORMAL,42.68812,-82.80862
NE26012400220,2026-01-24T13:21:24Z,2026-01-24T13:47:49Z,2,2026-01-24T12:29:48Z,2026-01-24T17:15:00Z,2060,2060,Determined upon crew arrival,In Progres,OUTAGE,Device (II),MTC,NORMAL,42.6626,-82.77068
NE26012400305,2026-01-24T13:21:24Z,2026-01-24T13:47:49Z,2,2026-01-24T09:27:20Z,2026-01-24T17:20:00Z,517,517,Equipment problem,In Progres,OUTAGE,Device (II),MAR,NORMAL,43.0932,-82.50261
NE26012400333,2026-01-24T13:21:24Z,2026-01-24T17:18:45Z,11,2026-01-24T13:05:23Z,2026-01-24T17:35:00Z,1,1,Determined upon crew arrival,In Progres,OUTAGE,Single Customer,MTC,NORMAL,42.67918,-82.82284
NE26012400343,2026-01-24T13:21:24Z,2026-01-24T13:21:24Z,1,2026-01-24T12:55:31Z,2026-01-24T17:40:00Z,1,1,Determined upon crew arrival,New,OUTAGE,Single Customer,LAP,NORMAL,42.92058,-83.432
NE26012400344,2026-01-24T13:21:24Z,2026-01-24T13:47:49Z,2,2026-01-24T09:34:50Z,2026-01-24T17:45:00Z,1,1,Determined upon crew arrival,PC3 Verifi,OUTAGE,Single Customer,MAR,NORMAL,43.08822,-82.48586
NW26012400273,2026-01-24T13:21:24Z,2026-01-24T17:52:28Z,13,2026-01-24T12:49:09Z,2026-01-25T05:20:00Z,1,1,Equipment problem,In Progres,OUTAGE,Single Customer,HWL,NORMAL,42.53047,-83.821
SE26012400345,2026-01-24T13:21:24Z,2026-01-24T13:21:24Z,1,2026-01-24T13:14:56Z,,1,1,Determined upon crew arrival,New,OUTAGE,Single Customer,CAN,NORMAL,42.40585,-83.10216
SW26012400335,2026-01-24T13:21:24Z,2026-01-24T15:42:08Z,7,2026-01-24T13:06:31Z,2026-01-24T17:35:00Z,1,1,Determined upon crew arrival,In Progres,PRIORITY,,ANN,NORMAL,42.28393,-83.78889
NE26012400346,2026-01-24T13:47:49Z,2026-01-24T13:47:49Z,1,2026-01-24T13:16:44Z,2026-01-24T17:45:00Z,1,1,Determined upon crew arrival,New,OUTAGE,Single Customer,MAR,NORMAL,43.09895,-82.48932
SE26012400349,2026-01-24T13:47:49Z,2026-01-24T13:47:49Z,1,2026-01-24T13:14:56Z,2026-01-24T17:50:00Z,1,1,Determined upon crew arrival,New,OUTAGE,Single Customer,CAN,NORMAL,42.40585,-83.10216
SE26012400351,2026-01-24T13:47:49Z,2026-01-24T14:54:26Z,4,2026-01-24T13:26:25Z,2026-01-24T17:55:00Z,1,1,Determined upon crew arrival,In Progres,OUTAGE,Single Customer,RFD,NORMAL,42.22845,-83.22094
SE26012400353,2026-01-24T13:47:49Z,2026-01-24T16:49:01Z,9,2026-01-24T13:28:59Z,2026-01-24T18:00:00Z,1,1,Equipment problem,In Progres,OUTAGE,Single Customer,RFD,NORMAL,42.33307,-83.2916
SW26012400352,2026-01-24T13:47:49Z,2026-01-24T13:47:49Z,1,2026-01-24T13:26:46Z,2026-01-24T17:55:00Z,1,1,Determined upon crew arrival,New,OUTAGE,Single Customer,ANN,NORMAL,42.28405,-83.8044
NW26012400387,2026-01-24T14:20:36Z,2026-01-24T19:51:09Z,16,2026-01-24T13:59:09Z,2026-01-25T06:30:00Z,1,1,Equipment problem,Pending,OUTAGE,Single Customer,PON,NORMAL,42.77414,-83.26146
SE26012400376,2026-01-24T14:20:36Z,2026-01-24T15:52:46Z,6,2026-01-24T12:44:51Z,2026-01-24T18:10:00Z,6,6,Equipment problem,In Progres,OUTAGE,Device (II),RFD,NORMAL,42.51217,-83.10579
SE26012400388,2026-01-24T14:20:36Z,2026-01-24T17:41:45Z,10,2026-01-24T14:00:17Z,2026-01-24T18:30:00Z,12,12,Equipment problem,Pending,OUTAGE,Service Transformer,RFD,NORMAL,42.3831,-83.25543
SW26012400390,2026-01-24T14:20:36Z,2026-01-24T17:18:45Z,9,2026-01-24T14:02:23Z,2026-01-24T18:30:00Z,1,1,Equipment problem,In Progres,OUTAGE,Single Customer,WWS,NORMAL,42.23219,-83.45396
SW26012400392,2026-01-24T14:20:36Z,2026-01-24T17:52:28Z,11,2026-01-24T14:08:04Z,2026-01-24T18:40:00Z,1,1,Equipment problem,Pending,OUTAGE,Single Customer,ANN,NORMAL,42.25332,-83.7589
NW26012400396,2026-01-24T14:43:40Z,2026-01-24T16:26:47Z,6,2026-01-24T13:36:38Z,2026-01-24T18:45:00Z,1,1,Determined upon crew arrival,In Progres,OUTAGE,Single Customer,PON,NORMAL,42.779,-83.24009
NW26012400399,2026-01-24T14:43:40Z,2026-01-24T19:51:09Z,15,2026-01-24T14:19:38Z,2026-01-25T06:50:00Z,1,1,Equipment problem,Pending,OUTAGE,Single Customer,PON,NORMAL,42.54107,-83.52157
NW26012400408,2026-01-24T14:43:40Z,2026-01-24T14:54:26Z,2,2026-01-24T14:27:33Z,2026-01-24T19:00:00Z,1,1,Determined upon crew arrival,New,OUTAGE,Single Customer,PON,NORMAL,42.57529,-83.22981
SW26012400409,2026-01-24T14:43:40Z,2026-01-24T16:49:01Z,7,2026-01-24T14:28:14Z,2026-01-24T19:00:00Z,1,1,Equipment problem,In Progres,OUTAGE,Single Customer,ANN,NORMAL,42.2444,-83.69501
NE26012400412,2026-01-24T14:54:26Z,2026-01-24T15:52:46Z,4,2026-01-24T14:30:38Z,2026-01-24T19:00:00Z,100,100,Animal/bird damaged DTE equip,In Progres,OUTAGE,Device (I),MTC,NORMAL,42.66824,-82.81383
NE26012400415,2026-01-24T14:54:26Z,2026-01-24T19:51:09Z,14,2026-01-24T14:35:35Z,2026-01-25T07:05:00Z,1,1,Equipment problem,In Progres,OUTAGE,Single Customer,MTC,NORMAL,42.49865,-83.04503
NW26012400420,2026-01-24T14:54:26Z,2026-01-24T14:54:26Z,1,2026-01-24T14:39:47Z,2026-01-24T19:10:00Z,1,1,Determined upon crew arrival,New,OUTAGE,Single Customer,PON,NORMAL,42.54081,-83.2819
SE26012400411,2026-01-24T14:54:26Z,2026-01-24T15:52:46Z,4,2026-01-24T14:15:53Z,2026-01-24T19:00:00Z,1,1,Determined upon crew arrival,Pending,OUTAGE,Single Customer,RFD,NORMAL,42.38466,-83.26553
SW26012400416,2026-01-24T14:54:26Z,2026-01-24T16:49:01Z,6,2026-01-24T14:38:37Z,2026-01-24T19:10:00Z,1,1,Determined upon crew arrival,In Progres,OUTAGE,Single Customer,ANN,NORMAL,42.29106,-83.82088
SW26012400417,2026-01-24T14:54:26Z,2026-01-24T16:26:47Z,5,2026-01-24T14:37:05Z,2026-01-24T19:10:00Z,6,6,Equipment problem,In Progres,OUTAGE,Device (I),WWS,NORMAL,42.16361,-83.5004
NE26012400433,2026-01-24T15:21:14Z,2026-01-24T17:52:28Z,8,2026-01-24T15:08:46Z,2026-01-24T19:40:00Z,1,1,Determined upon crew arrival,In Progres,OUTAGE,Single Customer,MTC,NORMAL,42.67233,-82.76289
NW26012400430,2026-01-24T15:21:14Z,2026-01-26T09:04:25Z,83,2026-01-24T15:03:20Z,2026-01-26T19:35:00Z,1,1,Equipment problem,Pending,OUTAGE,Single Customer,PON,NORMAL,42.57649,-83.27744
NW26012400435,2026-01-24T15:21:14Z,2026-01-24T15:42:08Z,2,2026-01-24T15:08:38Z,2026-01-24T19:40:00Z,3,3,Determined upon crew arrival,In Progres,OUTAGE,Service Transformer,HWL,NORMAL,42.46078,-83.69762
NW26012400439,2026-01-24T15:42:08Z,2026-01-24T16:26:47Z,3,2026-01-24T15:13:37Z,2026-01-24T19:45:00Z,53,53,Determined upon crew arrival,In Progres,OUTAGE,Device (II),PON,NORMAL,42.5632,-83.2887
NW26012400445,2026-01-24T15:42:08Z,2026-01-24T15:42:08Z,1,2026-01-24T15:13:36Z,,1,1,Determined upon crew arrival,New,OUTAGE,Single Customer,PON,NORMAL,42.56423,-83.29169
SE26012400450,2026-01-24T15:52:46Z,2026-01-25T05:00:35Z,26,2026-01-24T14:15:53Z,2026-01-25T08:10:00Z,1,1,Equipment problem,In Progres,PRIORITY,,RFD,NORMAL,42.38466,-83.26553
SW26012400446,2026-01-24T15:52:46Z,2026-01-24T16:49:01Z,3,2026-01-24T15:33:33Z,2026-01-24T20:05:00Z,25,25,Determined upon crew arrival,In Progres,OUTAGE,Service Transformer,WWS,NORMAL,42.37661,-83.4524
SW26012400449,2026-01-24T15:52:46Z,2026-01-24T16:49:01Z,3,2026-01-24T15:38:29Z,2026-01-24T20:10:00Z,31,31,Determined upon crew arrival,In Progres,OUTAGE,Device (I),WWS,NORMAL,42.37709,-83.45299
NE26012400453,2026-01-24T16:26:47Z,2026-01-24T17:41:45Z,4,2026-01-24T15:42:34Z,2026-01-24T20:20:00Z,3,3,Determined upon crew arrival,In Progres,OUTAGE,Service Transformer,MTC,NORMAL,42.52433,-82.94251
NE26012400454,2026-01-24T16:26:47Z,2026-01-24T17:18:45Z,3,2026-01-24T15:42:34Z,2026-01-24T20:20:00Z,86,86,Determined upon crew arrival,In Progres,OUTAGE,Service Transformer,MTC,NORMAL,42.5253,-82.94238
NW26012400455,2026-01-24T16:26:47Z,2026-01-24T19:38:22Z,9,2026-01-24T15:50:34Z,2026-01-24T20:20:00Z,1,1,Determined upon crew arrival,Pending,OUTAGE,Single Customer,PON,NORMAL,42.54991,-83.17902
SE26012400462,2026-01-24T16:26:47Z,2026-01-24T17:18:45Z,3,2026-01-24T16:03:17Z,2026-01-24T20:35:00Z,1,1,Equipment problem,In Progres,OUTAGE,Single Customer,RFD,NORMAL,42.42614,-83.29988
NW26012400475,2026-01-24T16:49:01Z,2026-01-24T21:39:57Z,14,2026-01-24T16:20:45Z,2026-01-25T00:50:00Z,59,39,Equipment problem,In Progres,OUTAGE,Device (I),PON,NORMAL,42.54614,-83.39225
NW26012400483,2026-01-24T16:49:01Z,2026-01-24T21:39:57Z,14,2026-01-24T16:28:10Z,2026-01-25T01:00:00Z,39,39,Determined upon crew arrival,In Progres,OUTAGE,Device (I),PON,NORMAL,42.56094,-83.28717
NW26012400488,2026-01-24T16:49:01Z,2026-01-24T16:49:01Z,1,2026-01-24T16:30:08Z,,1,1,Determined upon crew arrival,New,OUTAGE,Single Customer,PON,NORMAL,42.54779,-83.3952
SE26012400495,2026-01-24T17:18:45Z,2026-01-24T20:43:15Z,10,2026-01-24T16:03:03Z,2026-01-24T21:10:00Z,1,1,Wind damage,In Progres,OUTAGE,Single Customer,CAN,NORMAL,42.44184,-82.93041
NE26012400509,2026-01-24T17:41:45Z,2026-01-25T02:01:24Z,20,2026-01-24T17:25:31Z,2026-01-25T09:55:00Z,1,1,Equipment problem,In Progres,OUTAGE,Single Customer,MTC,NORMAL,42.6778,-82.64921
NW26012400510,2026-01-24T17:41:45Z,2026-01-25T18:57:44Z,54,2026-01-24T17:25:28Z,2026-01-25T21:55:00Z,1,1,Equipment problem,In Progres,OUTAGE,Single Customer,PON,NORMAL,42.56991,-83.16129
SE26012400511,2026-01-24T17:41:45Z,2026-01-24T22:54:49Z,16,2026-01-24T17:27:11Z,2026-01-25T09:55:00Z,1,1,Determined upon crew arrival,In Progres,SERVICE DOWN NO,,CAN,NORMAL,42.40474,-83.12793
SW26012400501,2026-01-24T17:41:45Z,2026-01-24T18:57:46Z,4,2026-01-24T17:05:52Z,2026-01-24T21:35:00Z,1,1,Equipment problem,In Progres,OUTAGE,Single Customer,ANN,NORMAL,42.28667,-83.8175
SW26012400507,2026-01-24T17:41:45Z,2026-01-24T17:52:28Z,2,2026-01-24T17:15:39Z,2026-01-24T21:50:00Z,1,1,Determined upon crew arrival,In Progres,OUTAGE,Single Customer,NPT,NORMAL,42.09404,-83.27766
SE26012400513,2026-01-24T17:52:28Z,2026-01-24T17:52:28Z,1,2026-01-24T17:21:44Z,2026-01-24T22:00:00Z,15,15,Determined upon crew arrival,In Progres,OUTAGE,Service Transformer,CAN,NORMAL,42.40364,-83.12787
SW26012400514,2026-01-24T17:52:28Z,2026-01-24T22:54:49Z,15,2026-01-24T17:34:21Z,2026-01-25T02:05:00Z,1,1,Determined upon crew arrival,In Progres,PRIORITY,,WWS,NORMAL,42.24172,-83.26785
SW26012400517,2026-01-24T17:52:28Z,2026-01-24T18:31:45Z,2,2026-01-24T15:38:29Z,2026-01-24T22:15:00Z,31,31,Determined upon crew arrival,In Progres,OUTAGE,Device (I),WWS,NORMAL,42.37739,-83.45287
SW26012400518,2026-01-24T17:52:28Z,2026-01-24T18:31:45Z,2,2026-01-24T15:33:33Z,2026-01-24T22:15:00Z,25,25,Determined upon crew arrival,In Progres,OUTAGE,Service Transformer,WWS,NORMAL,42.37661,-83.4524
NW26012400519,2026-01-24T18:31:45Z,2026-01-24T21:51:12Z,11,2026-01-24T14:57:04Z,2026-01-24T22:15:00Z,1,1,Equipment problem,In Progres,OUTAGE,Single Customer,PON,NORMAL,42.62193,-83.36395
NW26012400524,2026-01-24T18:31:45Z,2026-01-24T18:57:46Z,2,2026-01-24T17:41:10Z,2026-01-24T22:20:00Z,1,1,Determined upon crew arrival,In Progres,OUTAGE,Single Customer,PON,NORMAL,42.55514,-83.12365
SE26012400528,2026-01-24T18:31:45Z,2026-01-24T22:20:39Z,12,2026-01-24T18:12:08Z,2026-01-24T22:40:00Z,1,1,Equipment problem,In Progres,OUTAGE,Single Customer,RFD,NORMAL,42.46004,-83.1331
SW26012400521,2026-01-24T18:31:45Z,2026-01-24T18:31:45Z,1,2026-01-24T17:15:38Z,2026-01-24T22:20:00Z,2,2,Determined upon crew arrival,In Progres,OUTAGE,Service Secondary,NPT,NORMAL,42.09406,-83.27614
NE26012400534,2026-01-24T18:57:46Z,2026-01-25T02:01:24Z,17,2026-01-24T18:34:41Z,2026-01-25T03:05:00Z,1,1,Determined upon crew arrival,In Progres,PRIORITY,,LAP,NORMAL,42.83937,-83.27512
SW26012400535,2026-01-24T18:57:46Z,2026-01-24T20:54:14Z,7,2026-01-24T18:39:44Z,2026-01-24T23:10:00Z,6,6,Determined upon crew arrival,In Progres,OUTAGE,Service Transformer,WWS,NORMAL,42.45149,-83.41901
NW26012400543,2026-01-24T19:22:36Z,2026-01-25T17:42:26Z,47,2026-01-24T19:04:35Z,2026-01-25T23:35:00Z,1,1,Equipment problem,In Progres,OUTAGE,Single Customer,PON,NORMAL,42.55436,-83.36401
SE26012400549,2026-01-24T19:22:36Z,2026-01-24T23:52:23Z,15,2026-01-24T19:08:25Z,2026-01-25T11:40:00Z,1,1,Determined upon crew arrival,In Progres,OUTAGE,Single Customer,RFD,NORMAL,42.42417,-83.27023
SE26012400555,2026-01-24T19:22:36Z,2026-01-24T21:39:57Z,8,2026-01-24T19:12:32Z,2026-01-24T23:45:00Z,1,1,Determined upon crew arrival,In Progres,OUTAGE,Single Customer,RFD,NORMAL,42.39628,-83.20847
SW26012400548,2026-01-24T19:22:36Z,2026-01-24T19:22:36Z,1,2026-01-24T15:34:51Z,2026-01-24T23:40:00Z,2,2,Determined upon crew arrival,New,OUTAGE,Service Secondary,WWS,NORMAL,42.37661,-83.4524
SW26012400550,2026-01-24T19:22:36Z,2026-01-24T21:51:12Z,9,2026-01-24T15:34:51Z,2026-01-24T23:40:00Z,34,23,Equipment problem,In Progres,OUTAGE,Device (I),WWS,NORMAL,42.37739,-83.45287
NE26012400559,2026-01-24T19:38:22Z,2026-01-24T22:43:48Z,10,2026-01-24T19:19:10Z,2026-01-24T23:50:00Z,1,1,Determined upon crew arrival,In Progres,OUTAGE,Single Customer,MTC,NORMAL,42.63294,-82.61748
NE26012400573,2026-01-24T19:51:09Z,2026-01-24T19:51:09Z,1,2026-01-24T19:44:54Z,,1,1,Determined upon crew arrival,New,OUTAGE,Single Customer,LAP,NORMAL,43.18836,-83.29783
NW26012400572,2026-01-24T19:51:09Z,2026-01-24T19:51:09Z,1,2026-01-24T16:20:46Z,,39,39,Determined upon crew arrival,New,OUTAGE,Device (II),PON,NORMAL,42.5472,-83.39268
SW26012400565,2026-01-24T19:51:09Z,2026-01-25T02:01:24Z,14,2026-01-24T04:25:17Z,2026-01-25T12:05:00Z,1,1,Equipment problem,In Progres,OUTAGE,Single Customer,WWS,NORMAL,42.44273,-83.47684
SE26012400575,2026-01-24T20:23:41Z,2026-01-24T23:52:23Z,12,2026-01-24T19:40:48Z,2026-01-25T00:20:00Z,1,1,Equipment problem,In Progres,OUTAGE,Single Customer,RFD,NORMAL,42.25877,-83.14507
SE26012400576,2026-01-24T20:23:41Z,2026-01-25T02:01:24Z,13,2026-01-24T19:49:20Z,2026-01-25T12:20:00Z,1,1,Equipment problem,In Progres,OUTAGE,Single Customer,CAN,NORMAL,42.43362,-83.14097
SE26012400586,2026-01-24T20:23:41Z,2026-01-24T22:43:48Z,8,2026-01-24T20:06:12Z,2026-01-25T00:35:00Z,1,1,Problem with the customer equip,In Progres,OUTAGE,Single Customer,RFD,NORMAL,42.38633,-83.19509
SW26012400592,2026-01-24T20:43:15Z,2026-01-24T20:43:15Z,1,2026-01-24T20:14:01Z,,1,1,Determined upon crew arrival,New,OUTAGE,Single Customer,NPT,NORMAL,42.00505,-83.34159
NE26012400608,2026-01-24T21:39:57Z,2026-01-24T22:54:49Z,5,2026-01-24T21:15:47Z,2026-01-25T01:45:00Z,1,1,Determined upon crew arrival,In Progres,OUTAGE,Single Customer,LAP,NORMAL,43.21267,-83.45863
SE26012400600,2026-01-24T21:39:57Z,2026-01-24T21:51:12Z,2,2026-01-24T21:01:58Z,2026-01-25T01:30:00Z,1,1,Determined upon crew arrival,New,OUTAGE,Single Customer,RFD,NORMAL,42.29691,-83.14414
SW26012400602,2026-01-24T21:39:57Z,2026-01-24T22:54:49Z,5,2026-01-24T21:03:23Z,2026-01-25T01:35:00Z,1,1,Determined upon crew arrival,In Progres,OUTAGE,Single Customer,WWS,NORMAL,42.27661,-83.51241
SW26012400610,2026-01-24T21:39:57Z,2026-01-24T21:39:57Z,1,2026-01-24T21:29:27Z,,1,1,Determined upon crew arrival,New,OUTAGE,Single Customer,WWS,NORMAL,42.52084,-83.50758
SW26012400625,2026-01-24T22:20:39Z,2026-01-24T23:52:23Z,6,2026-01-24T22:12:25Z,2026-01-25T02:45:00Z,1,1,Determined upon crew arrival,In Progres,OUTAGE,Single Customer,ANN,NORMAL,42.28271,-83.7922
SE26012400637,2026-01-24T22:54:49Z,2026-01-24T23:52:23Z,4,2026-01-24T20:06:12Z,2026-01-25T03:05:00Z,1,1,Equipment problem,Pending,OUTAGE,Single Customer,RFD,NORMAL,42.38633,-83.19509
NW26012400649,2026-01-24T23:20:36Z,2026-01-24T23:52:23Z,3,2026-01-24T23:09:51Z,2026-01-25T03:40:00Z,1,1,Determined upon crew arrival,In Progres,OUTAGE,Single Customer,HWL,NORMAL,42.76431,-84.04747
SE26012400644,2026-01-24T23:20:36Z,2026-01-25T02:01:24Z,4,2026-01-24T22:56:40Z,2026-01-25T03:25:00Z,1,1,Equipment problem,In Progres,OUTAGE,Single Customer,RFD,NORMAL,42.49227,-83.24277
SE26012400645,2026-01-24T23:20:36Z,2026-01-25T02:01:24Z,4,2026-01-24T22:04:08Z,2026-01-25T03:30:00Z,1,1,Equipment problem,In Progres,OUTAGE,Single Customer,RFD,NORMAL,42.37205,-83.17722
SW26012400651,2026-01-24T23:20:36Z,2026-01-24T23:20:36Z,1,2026-01-24T23:15:03Z,,1,1,Determined upon crew arrival,New,OUTAGE,Single Customer,WWS,NORMAL,42.33172,-83.39025
NW26012400653,2026-01-24T23:41:16Z,2026-01-24T23:52:23Z,2,2026-01-24T21:54:02Z,2026-01-25T03:55:00Z,1,1,Determined upon crew arrival,In Progres,OUTAGE,Single Customer,PON,NORMAL,42.61166,-83.46637
NE26012400657,2026-01-24T23:52:23Z,2026-01-24T23:52:23Z,1,2026-01-24T22:48:08Z,2026-01-25T04:00:00Z,1,1,Determined upon crew arrival,In Progres,OUTAGE,Single Customer,MTC,NORMAL,42.61337,-82.89561
NE26012400677,2026-01-25T02:01:24Z,2026-01-25T05:00:35Z,3,2026-01-25T00:56:21Z,2026-01-25T05:25:00Z,1,1,Equipment problem,In Progres,OUTAGE,Single Customer,MTC,NORMAL,42.45027,-82.97735
SE26012400665,2026-01-25T02:01:24Z,2026-01-25T02:01:24Z,1,2026-01-24T23:56:28Z,2026-01-25T04:25:00Z,1,1,Equipment problem,In Progres,OUTAGE,Single Customer,RFD,NORMAL,42.32628,-83.27652
SW26012400672,2026-01-25T02:01:24Z,2026-01-25T04:01:01Z,2,2026-01-25T00:24:44Z,2026-01-25T04:55:00Z,1,1,Equipment problem,In Progres,OUTAGE,Single Customer,WWS,NORMAL,42.31116,-83.30278
NE26012400694,2026-01-25T04:01:01Z,2026-01-25T07:33:31Z,7,2026-01-24T22:20:12Z,2026-01-25T18:40:00Z,1,1,Equipment problem,In Progres,OUTAGE,Single Customer,MTC,NORMAL,42.46345,-83.07757
NW26012400695,2026-01-25T04:01:01Z,2026-01-25T15:42:20Z,26,2026-01-25T02:14:28Z,2026-01-25T18:45:00Z,1,1,Equipment problem,In Progres,OUTAGE,Single Customer,SBY,NORMAL,42.64758,-83.13534
NE26012400743,2026-01-25T05:00:35Z,2026-01-25T16:50:37Z,28,2026-01-25T04:31:30Z,2026-01-25T21:05:00Z,1,1,Equipment problem,In Progres,OUTAGE,Single Customer,MTC,NORMAL,42.61253,-82.89747
NW26012400707,2026-01-25T05:00:35Z,2026-01-25T05:57:54Z,3,2026-01-25T04:09:51Z,2026-01-25T08:40:00Z,119,119,Public Interference w/DTE equip,In Progres,OUTAGE,Device (II),HWL,NORMAL,42.54975,-83.58148
SE26012400742,2026-01-25T05:00:35Z,2026-01-25T09:54:56Z,12,2026-01-25T04:34:40Z,2026-01-25T13:05:00Z,2,2,Equipment problem,In Progres,OUTAGE,Service Secondary,RFD,NORMAL,42.22917,-83.22703
NW26012400747,2026-01-25T05:44:09Z,2026-01-25T19:51:12Z,35,2026-01-25T04:42:52Z,2026-01-25T21:20:00Z,1,1,Equipment problem,In Progres,OUTAGE,Single Customer,SBY,NORMAL,42.60443,-82.97233
NW26012500001,2026-01-25T05:44:09Z,2026-01-25T05:44:09Z,1,2026-01-25T05:14:07Z,,1,1,Determined upon crew arrival,New,OUTAGE,Single Customer,HWL,NORMAL,42.51571,-83.6173
NW26012500005,2026-01-25T06:43:30Z,2026-01-25T07:33:31Z,3,2026-01-25T06:28:58Z,2026-01-25T11:00:00Z,3,3,Determined upon crew arrival,In Progres,OUTAGE,Service Transformer,HWL,NORMAL,42.54937,-83.5786
SE26012500012,2026-01-25T07:33:31Z,2026-01-25T16:27:25Z,22,2026-01-24T22:50:42Z,2026-01-25T23:40:00Z,1,1,Equipment problem,In Progres,OUTAGE,Single Customer,RFD,NORMAL,42.36697,-83.277
SW26012500018,2026-01-25T08:52:29Z,2026-01-25T11:51:11Z,9,2026-01-25T08:30:29Z,2026-01-25T13:05:00Z,69,16,Equipment problem,In Progres,OUTAGE,Device (I),ANN,NORMAL,42.23355,-83.66643
NE26012500026,2026-01-25T10:23:25Z,2026-01-25T12:44:51Z,6,2026-01-25T10:03:41Z,2026-01-25T14:35:00Z,87,87,Determined upon crew arrival,In Progres,OUTAGE,Device (II),NAE,NORMAL,43.75172,-83.35411
NE26012500027,2026-01-25T10:23:25Z,2026-01-25T10:46:51Z,2,2026-01-25T10:06:24Z,2026-01-25T14:35:00Z,1,1,Determined upon crew arrival,New,OUTAGE,Single Customer,NAE,NORMAL,43.71328,-83.34098
NE26012500032,2026-01-25T10:23:25Z,2026-01-25T10:46:51Z,2,2026-01-25T10:14:05Z,2026-01-25T14:45:00Z,1,1,Determined upon crew arrival,New,OUTAGE,Single Customer,NAE,NORMAL,43.68374,-83.35522
NE26012500033,2026-01-25T10:23:25Z,2026-01-25T10:46:51Z,2,2026-01-25T10:14:17Z,2026-01-25T14:45:00Z,1,1,Determined upon crew arrival,New,OUTAGE,Single Customer,NAE,NORMAL,43.68328,-83.35623
NE26012500034,2026-01-25T10:46:51Z,2026-01-25T10:46:51Z,1,2026-01-25T10:16:01Z,2026-01-25T14:45:00Z,1,1,Determined upon crew arrival,PC3 Verifi,OUTAGE,Single Customer,NAE,NORMAL,43.70517,-83.3557
NE26012500035,2026-01-25T10:46:51Z,2026-01-25T10:46:51Z,1,2026-01-25T10:17:07Z,2026-01-25T14:45:00Z,1,1,Determined upon crew arrival,New,OUTAGE,Single Customer,NAE,NORMAL,43.70591,-83.3557
NE26012500037,2026-01-25T10:46:51Z,2026-01-25T10:46:51Z,1,2026-01-25T10:26:28Z,2026-01-25T14:55:00Z,1,1,Determined upon crew arrival,New,OUTAGE,Single Customer,NAE,NORMAL,43.68298,-83.35489
NW26012500044,2026-01-25T11:19:04Z,2026-01-25T13:49:47Z,6,2026-01-25T10:48:32Z,2026-01-25T15:25:00Z,1,1,Determined upon crew arrival,In Progres,OUTAGE,Single Customer,SBY,NORMAL,42.7209,-83.01983
SE26012500063,2026-01-25T13:23:23Z,2026-01-25T13:23:23Z,1,2026-01-25T12:43:56Z,2026-01-25T17:15:00Z,2,2,Determined upon crew arrival,New,OUTAGE,Service Secondary,RFD,NORMAL,42.37648,-83.17737
NE26012500067,2026-01-25T13:49:47Z,2026-01-25T15:42:20Z,6,2026-01-25T13:14:35Z,2026-01-25T17:45:00Z,1,1,Wind damage,In Progres,OUTAGE,Single Customer,MAR,NORMAL,43.02697,-82.84886
NE26012500069,2026-01-25T13:49:47Z,2026-01-25T15:54:06Z,7,2026-01-25T13:21:00Z,2026-01-25T17:50:00Z,1,1,Equipment problem,In Progres,OUTAGE,Single Customer,LAP,NORMAL,43.17714,-83.29693
SW26012500073,2026-01-25T13:49:47Z,2026-01-25T14:44:13Z,3,2026-01-25T13:24:04Z,2026-01-25T18:05:00Z,1,1,Determined upon crew arrival,In Progres,OUTAGE,Single Customer,WWS,NORMAL,42.28365,-83.39409
SW26012500077,2026-01-25T14:20:19Z,2026-01-25T14:54:43Z,3,2026-01-25T14:05:42Z,2026-01-25T18:35:00Z,1,1,Determined upon crew arrival,In Progres,OUTAGE,Single Customer,WWS,NORMAL,42.34736,-83.4778
SE26012500084,2026-01-25T14:44:13Z,2026-01-25T17:53:15Z,10,2026-01-25T14:17:23Z,2026-01-25T18:55:00Z,1,1,Determined upon crew arrival,In Progres,OUTAGE,Single Customer,RFD,NORMAL,42.29442,-83.1102
NW26012500095,2026-01-25T15:21:51Z,2026-01-25T15:21:51Z,1,2026-01-25T14:14:53Z,2026-01-25T19:40:00Z,1,1,Determined upon crew arrival,PC3 Verifi,OUTAGE,Single Customer,HWL,NORMAL,42.57062,-83.79354
SW26012500099,2026-01-25T15:42:20Z,2026-01-25T18:31:41Z,8,2026-01-25T15:21:02Z,2026-01-25T19:50:00Z,1,1,Equipment problem,Pending,OUTAGE,Single Customer,WWS,NORMAL,42.34736,-83.4778
NW26012500101,2026-01-25T15:54:06Z,2026-01-25T16:50:37Z,3,2026-01-25T15:35:27Z,2026-01-25T20:05:00Z,1,1,Determined upon crew arrival,In Progres,OUTAGE,Single Customer,SBY,NORMAL,42.5576,-83.01395
NE26012500105,2026-01-25T16:27:25Z,2026-01-25T18:31:41Z,6,2026-01-25T15:48:52Z,2026-01-25T20:20:00Z,1,1,Equipment problem,In Progres,OUTAGE,Single Customer,MTC,NORMAL,42.59326,-82.85935
NE26012500112,2026-01-25T16:27:25Z,2026-01-25T17:53:15Z,5,2026-01-25T15:58:05Z,2026-01-25T20:40:00Z,1,1,Problem with the customer equip,In Progres,OUTAGE,Single Customer,MTC,NORMAL,42.69521,-82.70704
SW26012500124,2026-01-25T17:18:55Z,2026-01-25T17:53:15Z,3,2026-01-25T16:55:56Z,2026-01-25T21:30:00Z,26,26,Determined upon crew arrival,In Progres,OUTAGE,Device (I),WWS,NORMAL,42.22334,-83.39754
NW26012500127,2026-01-25T17:42:26Z,2026-01-25T19:23:20Z,5,2026-01-25T17:04:31Z,2026-01-25T21:35:00Z,10,10,Equipment problem,In Progres,OUTAGE,Device (I),PON,NORMAL,42.72948,-83.61363
SE26012500128,2026-01-25T17:42:26Z,2026-01-25T22:45:18Z,14,2026-01-25T17:16:30Z,2026-01-26T09:45:00Z,1,1,Equipment problem,In Progres,OUTAGE,Single Customer,CAN,NORMAL,42.38695,-83.1108
SE26012500140,2026-01-25T17:53:15Z,2026-01-25T21:52:21Z,11,2026-01-25T17:38:20Z,2026-01-25T22:10:00Z,1,1,Equipment problem,In Progres,OUTAGE,Single Customer,CAN,NORMAL,42.42501,-83.0737
SE26012500141,2026-01-25T17:53:15Z,2026-01-25T17:53:15Z,1,2026-01-25T17:44:25Z,,1,1,Determined upon crew arrival,New,OUTAGE,Single Customer,RFD,NORMAL,42.37382,-83.17245
SW26012500138,2026-01-25T17:53:15Z,2026-01-25T19:23:20Z,4,2026-01-25T17:29:20Z,2026-01-25T22:05:00Z,2,2,Determined upon crew arrival,Pending,OUTAGE,Service Secondary,WWS,NORMAL,42.44128,-83.41824
SW26012500139,2026-01-25T17:53:15Z,2026-01-25T17:53:15Z,1,2026-01-25T17:37:04Z,2026-01-25T22:05:00Z,2,2,Determined upon crew arrival,In Progres,OUTAGE,Service Secondary,WWS,NORMAL,42.24194,-83.2838
SW26012500145,2026-01-25T18:31:41Z,2026-01-25T18:57:44Z,2,2026-01-25T18:00:42Z,2026-01-25T22:30:00Z,3,1,Determined upon crew arrival,In Progres,OUTAGE,Single Customer,ANN,NORMAL,42.39619,-83.87103
SW26012500146,2026-01-25T18:31:41Z,2026-01-25T18:31:41Z,1,2026-01-25T18:00:48Z,2026-01-25T22:30:00Z,4,4,Determined upon crew arrival,New,OUTAGE,Service Transformer,ANN,NORMAL,42.40205,-83.87575
SW26012500148,2026-01-25T18:31:41Z,2026-01-25T18:57:44Z,2,2026-01-25T17:58:35Z,2026-01-25T22:30:00Z,64,64,Determined upon crew arrival,Pending,OUTAGE,Device (II),ANN,NORMAL,42.38666,-83.86997
SW26012500152,2026-01-25T18:31:41Z,2026-01-25T18:31:41Z,1,2026-01-25T18:02:45Z,2026-01-25T22:35:00Z,1,1,Determined upon crew arrival,New,OUTAGE,Single Customer,ANN,NORMAL,42.40201,-83.87816
SW26012500153,2026-01-25T18:31:41Z,2026-01-25T18:57:44Z,2,2026-01-25T17:58:38Z,2026-01-25T22:35:00Z,18,18,Determined upon crew arrival,In Progres,OUTAGE,Device (I),ANN,NORMAL,42.40455,-83.86993
SW26012500154,2026-01-25T18:31:41Z,2026-01-25T18:57:44Z,2,2026-01-25T18:03:38Z,2026-01-25T22:35:00Z,17,1,Determined upon crew arrival,In Progres,OUTAGE,Single Customer,ANN,NORMAL,42.37783,-83.87904
SW26012500163,2026-01-25T18:31:41Z,2026-01-25T18:31:41Z,1,2026-01-25T18:07:01Z,2026-01-25T22:35:00Z,1,1,Determined upon crew arrival,New,OUTAGE,Single Customer,ANN,NORMAL,42.40162,-83.87271
SW26012500166,2026-01-25T18:31:41Z,2026-01-25T18:31:41Z,1,2026-01-25T18:08:51Z,2026-01-25T22:40:00Z,4,4,Determined upon crew arrival,New,OUTAGE,Service Transformer,ANN,NORMAL,42.39505,-83.87304
SW26012500167,2026-01-25T18:31:41Z,2026-01-25T18:31:41Z,1,2026-01-25T18:09:25Z,2026-01-25T22:40:00Z,1,1,Determined upon crew arrival,New,OUTAGE,Single Customer,ANN,NORMAL,42.37959,-83.87597
SW26012500168,2026-01-25T18:31:41Z,2026-01-25T18:31:41Z,1,2026-01-25T18:09:37Z,2026-01-25T22:40:00Z,1,1,Determined upon crew arrival,New,OUTAGE,Single Customer,ANN,NORMAL,42.40024,-83.87375
SW26012500170,2026-01-25T18:31:41Z,2026-01-25T18:31:41Z,1,2026-01-25T18:10:18Z,2026-01-25T22:40:00Z,2,2,Determined upon crew arrival,New,OUTAGE,Service Transformer,ANN,NORMAL,42.39974,-83.87224
SW26012500171,2026-01-25T18:31:41Z,2026-01-25T18:31:41Z,1,2026-01-25T18:10:34Z,2026-01-25T22:40:00Z,1,1,Determined upon crew arrival,New,OUTAGE,Single Customer,ANN,NORMAL,42.3796,-83.8791
SW26012500172,2026-01-25T18:31:41Z,2026-01-25T18:31:41Z,1,2026-01-25T18:10:55Z,2026-01-25T22:40:00Z,1,1,Determined upon crew arrival,New,OUTAGE,Single Customer,ANN,NORMAL,42.38098,-83.8734
SW26012500173,2026-01-25T18:31:41Z,2026-01-25T18:31:41Z,1,2026-01-25T18:11:12Z,2026-01-25T22:40:00Z,1,1,Determined upon crew arrival,New,OUTAGE,Single Customer,ANN,NORMAL,42.37471,-83.86963
SW26012500175,2026-01-25T18:31:41Z,2026-01-25T18:31:41Z,1,2026-01-25T17:58:39Z,,1,1,Determined upon crew arrival,New,OUTAGE,Single Customer,ANN,NORMAL,42.39781,-83.87234
SW26012500176,2026-01-25T18:31:41Z,2026-01-25T18:31:41Z,1,2026-01-25T17:58:46Z,,1,1,Determined upon crew arrival,New,OUTAGE,Single Customer,ANN,NORMAL,42.39722,-83.87558
SW26012500180,2026-01-25T18:57:44Z,2026-01-25T18:57:44Z,1,2026-01-25T18:18:52Z,2026-01-25T22:50:00Z,1,1,Determined upon crew arrival,In Progres,OUTAGE,Single Customer,ANN,NORMAL,42.40387,-83.87565
SW26012500189,2026-01-25T18:57:44Z,2026-01-25T18:57:44Z,1,2026-01-25T18:23:16Z,,1,1,Determined upon crew arrival,New,OUTAGE,Single Customer,ANN,NORMAL,42.4037,-83.87797
SW26012500190,2026-01-25T18:57:44Z,2026-01-25T18:57:44Z,1,2026-01-25T18:13:23Z,,2,2,Determined upon crew arrival,New,OUTAGE,Service Transformer,ANN,NORMAL,42.37753,-83.87799
SW26012500191,2026-01-25T18:57:44Z,2026-01-25T18:57:44Z,1,2026-01-25T18:07:40Z,,1,1,Determined upon crew arrival,New,OUTAGE,Single Customer,ANN,NORMAL,42.37763,-83.87935
SW26012500192,2026-01-25T18:57:44Z,2026-01-25T18:57:44Z,1,2026-01-25T18:09:07Z,,1,1,Determined upon crew arrival,New,OUTAGE,Single Customer,ANN,NORMAL,42.37726,-83.88005
SW26012500193,2026-01-25T18:57:44Z,2026-01-25T18:57:44Z,1,2026-01-25T18:04:12Z,,1,1,Determined upon crew arrival,New,OUTAGE,Single Customer,ANN,NORMAL,42.37738,-83.87499
SW26012500194,2026-01-25T18:57:44Z,2026-01-25T18:57:44Z,1,2026-01-25T18:07:32Z,,1,1,Determined upon crew arrival,New,OUTAGE,Single Customer,ANN,NORMAL,42.39641,-83.87168
SW26012500204,2026-01-25T19:23:20Z,2026-01-25T20:25:48Z,4,2026-01-25T17:25:04Z,2026-01-25T23:35:00Z,1,1,Determined upon crew arrival,In Progres,OUTAGE,Single Customer,WWS,NORMAL,42.29332,-83.37535
SW26012500206,2026-01-25T19:23:20Z,2026-01-25T20:46:14Z,5,2026-01-25T17:58:35Z,2026-01-25T22:35:00Z,180,66,Equipment problem,In Progres,OUTAGE,Device (II),ANN,NORMAL,42.38454,-83.86848
SW26012500207,2026-01-25T19:23:20Z,2026-01-25T19:23:20Z,1,2026-01-25T18:23:16Z,2026-01-25T23:40:00Z,1,1,Determined upon crew arrival,New,OUTAGE,Single Customer,ANN,NORMAL,42.40388,-83.87467
SW26012500208,2026-01-25T19:23:20Z,2026-01-25T19:23:20Z,1,2026-01-25T19:13:37Z,,7331,7331,Determined upon crew arrival,New,OUTAGE,Subtransmission,NPT,NORMAL,42.22857,-83.1758
SE26012500209,2026-01-25T19:38:54Z,2026-01-25T22:45:18Z,9,2026-01-25T19:13:36Z,2026-01-25T23:45:00Z,369,369,Equipment problem,In Progres,OUTAGE,Device (II),RFD,NORMAL,42.22732,-83.1782
SE26012500219,2026-01-25T19:38:54Z,2026-01-25T19:51:12Z,2,2026-01-25T19:13:40Z,2026-01-25T23:50:00Z,1,1,Determined upon crew arrival,In Progres,OUTAGE,Single Customer,RFD,NORMAL,42.22489,-83.17526
SE26012500223,2026-01-25T19:38:54Z,2026-01-25T19:51:12Z,2,2026-01-25T19:21:17Z,2026-01-25T23:50:00Z,1,1,Determined upon crew arrival,In Progres,OUTAGE,Single Customer,RFD,NORMAL,42.22869,-83.17347
SE26012500229,2026-01-25T19:38:54Z,2026-01-25T19:38:54Z,1,2026-01-25T19:20:21Z,2026-01-25T23:55:00Z,2,2,Determined upon crew arrival,In Progres,OUTAGE,Service Secondary,RFD,NORMAL,42.22851,-83.17968
SE26012500230,2026-01-25T19:38:54Z,2026-01-25T19:38:54Z,1,2026-01-25T19:26:24Z,2026-01-25T23:55:00Z,2,2,Determined upon crew arrival,In Progres,OUTAGE,Service Secondary,RFD,NORMAL,42.22589,-83.17765
SE26012500232,2026-01-25T19:38:54Z,2026-01-25T19:38:54Z,1,2026-01-25T19:13:34Z,,1,1,Determined upon crew arrival,New,OUTAGE,Single Customer,RFD,NORMAL,42.20767,-83.18134
SE26012500233,2026-01-25T19:38:54Z,2026-01-25T19:38:54Z,1,2026-01-25T19:13:36Z,,2,2,Determined upon crew arrival,New,OUTAGE,Service Secondary,RFD,NORMAL,42.21336,-83.18175
SE26012500234,2026-01-25T19:38:54Z,2026-01-25T19:38:54Z,1,2026-01-25T19:13:36Z,,1,1,Determined upon crew arrival,New,OUTAGE,Single Customer,RFD,NORMAL,42.21423,-83.18467
SE26012500235,2026-01-25T19:38:54Z,2026-01-25T19:38:54Z,1,2026-01-25T19:13:36Z,,1,1,Determined upon crew arrival,New,OUTAGE,Single Customer,RFD,NORMAL,42.21735,-83.19147
SE26012500236,2026-01-25T19:38:54Z,2026-01-25T19:38:54Z,1,2026-01-25T19:13:37Z,,1,1,Determined upon crew arrival,New,OUTAGE,Single Customer,RFD,NORMAL,42.21975,-83.19016
SE26012500237,2026-01-25T19:38:54Z,2026-01-25T19:38:54Z,1,2026-01-25T19:13:35Z,,1,1,Determined upon crew arrival,New,OUTAGE,Single Customer,RFD,NORMAL,42.19691,-83.19448
SE26012500238,2026-01-25T19:38:54Z,2026-01-25T19:38:54Z,1,2026-01-25T19:13:36Z,,2,2,Determined upon crew arrival,New,OUTAGE,Service Secondary,RFD,NORMAL,42.20016,-83.20379
SE26012500239,2026-01-25T19:38:54Z,2026-01-25T19:38:54Z,1,2026-01-25T19:13:36Z,,1,1,Determined upon crew arrival,New,OUTAGE,Single Customer,RFD,NORMAL,42.22065,-83.1878
SE26012500240,2026-01-25T19:38:54Z,2026-01-25T19:38:54Z,1,2026-01-25T19:13:36Z,,1,1,Determined upon crew arrival,New,OUTAGE,Single Customer,RFD,NORMAL,42.22066,-83.18643
SE26012500241,2026-01-25T19:38:54Z,2026-01-25T19:38:54Z,1,2026-01-25T19:13:36Z,,10,10,Determined upon crew arrival,New,OUTAGE,Service Transformer,RFD,NORMAL,42.24659,-83.16624
SE26012500242,2026-01-25T19:38:54Z,2026-01-25T19:38:54Z,1,2026-01-25T19:13:40Z,,1,1,Determined upon crew arrival,New,OUTAGE,Single Customer,RFD,NORMAL,42.20571,-83.195
SE26012500243,2026-01-25T19:38:54Z,2026-01-25T19:38:54Z,1,2026-01-25T19:13:37Z,,1,1,Determined upon crew arrival,New,OUTAGE,Single Customer,RFD,NORMAL,42.21822,-83.18758
SE26012500244,2026-01-25T19:38:54Z,2026-01-25T19:38:54Z,1,2026-01-25T19:13:40Z,,1,1,Determined upon crew arrival,New,OUTAGE,Single Customer,RFD,NORMAL,42.21328,-83.19122
SE26012500245,2026-01-25T19:38:54Z,2026-01-25T19:38:54Z,1,2026-01-25T19:13:39Z,,2,2,Determined upon crew arrival,New,OUTAGE,Service Secondary,RFD,NORMAL,42.21738,-83.19003
SE26012500246,2026-01-25T19:38:54Z,2026-01-25T19:38:54Z,1,2026-01-25T19:13:40Z,,1,1,Determined upon crew arrival,New,OUTAGE,Single Customer,RFD,NORMAL,42.20376,-83.19492
SE26012500247,2026-01-25T19:38:54Z,2026-01-25T19:38:54Z,1,2026-01-25T19:13:40Z,,18,18,Determined upon crew arrival,New,OUTAGE,Service Transformer,RFD,NORMAL,42.21042,-83.19516
SE26012500249,2026-01-25T19:38:54Z,2026-01-25T19:38:54Z,1,2026-01-25T19:13:41Z,,1,1,Determined upon crew arrival,New,OUTAGE,Single Customer,RFD,NORMAL,42.20097,-83.19685
SE26012500250,2026-01-25T19:38:54Z,2026-01-25T19:38:54Z,1,2026-01-25T19:13:40Z,,1,1,Determined upon crew arrival,New,OUTAGE,Single Customer,RFD,NORMAL,42.2014,-83.19373
SE26012500251,2026-01-25T19:38:54Z,2026-01-25T19:38:54Z,1,2026-01-25T19:13:40Z,,24,24,Determined upon crew arrival,New,OUTAGE,Service Transformer,RFD,NORMAL,42.20974,-83.19721
SE26012500252,2026-01-25T19:38:54Z,2026-01-25T19:38:54Z,1,2026-01-25T19:13:41Z,,1,1,Determined upon crew arrival,New,OUTAGE,Single Customer,RFD,NORMAL,42.2057,-83.20176
SE26012500253,2026-01-25T19:38:54Z,2026-01-25T19:38:54Z,1,2026-01-25T19:13:39Z,,1,1,Determined upon crew arrival,New,OUTAGE,Single Customer,RFD,NORMAL,42.21058,-83.19618
SE26012500254,2026-01-25T19:38:54Z,2026-01-25T19:38:54Z,1,2026-01-25T19:13:37Z,,1,1,Determined upon crew arrival,New,OUTAGE,Single Customer,RFD,NORMAL,42.21825,-83.18486
SE26012500255,2026-01-25T19:38:54Z,2026-01-25T19:38:54Z,1,2026-01-25T19:13:41Z,,1,1,Determined upon crew arrival,New,OUTAGE,Single Customer,RFD,NORMAL,42.20576,-83.1961
SE26012500256,2026-01-25T19:38:54Z,2026-01-25T19:38:54Z,1,2026-01-25T19:13:37Z,,1,1,Determined upon crew arrival,New,OUTAGE,Single Customer,RFD,NORMAL,42.21739,-83.18877
SE26012500257,2026-01-25T19:38:54Z,2026-01-25T19:38:54Z,1,2026-01-25T19:13:40Z,,1,1,Determined upon crew arrival,New,OUTAGE,Single Customer,RFD,NORMAL,42.21078,-83.1941
SE26012500258,2026-01-25T19:38:54Z,2026-01-25T19:38:54Z,1,2026-01-25T19:13:38Z,,1,1,Determined upon crew arrival,New,OUTAGE,Single Customer,RFD,NORMAL,42.21977,-83.18894
SE26012500259,2026-01-25T19:38:54Z,2026-01-25T19:38:54Z,1,2026-01-25T19:13:40Z,,2,2,Determined upon crew arrival,New,OUTAGE,Service Secondary,RFD,NORMAL,42.20728,-83.19819
SE26012500260,2026-01-25T19:38:54Z,2026-01-25T19:38:54Z,1,2026-01-25T19:13:39Z,,1,1,Determined upon crew arrival,New,OUTAGE,Single Customer,RFD,NORMAL,42.21492,-83.19283
SE26012500261,2026-01-25T19:38:54Z,2026-01-25T19:38:54Z,1,2026-01-25T19:13:41Z,,1,1,Determined upon crew arrival,New,OUTAGE,Single Customer,RFD,NORMAL,42.2031,-83.20154
SE26012500262,2026-01-25T19:38:54Z,2026-01-25T19:38:54Z,1,2026-01-25T19:13:38Z,,1,1,Determined upon crew arrival,New,OUTAGE,Single Customer,RFD,NORMAL,42.21235,-83.18156
SE26012500263,2026-01-25T19:38:54Z,2026-01-25T19:38:54Z,1,2026-01-25T19:13:39Z,,1,1,Determined upon crew arrival,New,OUTAGE,Single Customer,RFD,NORMAL,42.2182,-83.18883
SE26012500264,2026-01-25T19:38:54Z,2026-01-25T19:38:54Z,1,2026-01-25T19:13:40Z,,2,2,Determined upon crew arrival,New,OUTAGE,Service Secondary,RFD,NORMAL,42.20946,-83.19514
SE26012500265,2026-01-25T19:38:54Z,2026-01-25T19:38:54Z,1,2026-01-25T19:13:40Z,,1,1,Determined upon crew arrival,New,OUTAGE,Single Customer,RFD,NORMAL,42.2155,-83.19303
SE26012500267,2026-01-25T19:38:54Z,2026-01-25T19:38:54Z,1,2026-01-25T19:13:38Z,,1,1,Determined upon crew arrival,New,OUTAGE,Single Customer,RFD,NORMAL,42.21895,-83.19294
SE26012500268,2026-01-25T19:38:54Z,2026-01-25T19:38:54Z,1,2026-01-25T19:13:39Z,,1,1,Determined upon crew arrival,New,OUTAGE,Single Customer,RFD,NORMAL,42.2166,-83.18877
SE26012500269,2026-01-25T19:38:54Z,2026-01-25T19:38:54Z,1,2026-01-25T19:13:39Z,,2,2,Determined upon crew arrival,New,OUTAGE,Service Secondary,RFD,NORMAL,42.21416,-83.19153
SE26012500270,2026-01-25T19:38:54Z,2026-01-25T19:38:54Z,1,2026-01-25T19:13:40Z,,2,2,Determined upon crew arrival,New,OUTAGE,Service Secondary,RFD,NORMAL,42.2085,-83.19824
SE26012500271,2026-01-25T19:38:54Z,2026-01-25T19:38:54Z,1,2026-01-25T19:13:38Z,,1,1,Determined upon crew arrival,New,OUTAGE,Single Customer,RFD,NORMAL,42.21658,-83.18999
SE26012500272,2026-01-25T19:38:54Z,2026-01-25T19:38:54Z,1,2026-01-25T19:13:40Z,,1,1,Determined upon crew arrival,New,OUTAGE,Single Customer,RFD,NORMAL,42.20907,-83.19611
SE26012500273,2026-01-25T19:38:54Z,2026-01-25T19:38:54Z,1,2026-01-25T19:13:40Z,,1,1,Determined upon crew arrival,New,OUTAGE,Single Customer,RFD,NORMAL,42.20852,-83.19715
SE26012500274,2026-01-25T19:38:54Z,2026-01-25T19:38:54Z,1,2026-01-25T19:13:39Z,,1,1,Determined upon crew arrival,New,OUTAGE,Single Customer,RFD,NORMAL,42.21497,-83.18994
SE26012500275,2026-01-25T19:38:54Z,2026-01-25T19:38:54Z,1,2026-01-25T19:13:37Z,,1,1,Determined upon crew arrival,New,OUTAGE,Single Customer,RFD,NORMAL,42.21973,-83.19149
SE26012500276,2026-01-25T19:38:54Z,2026-01-25T19:38:54Z,1,2026-01-25T19:13:39Z,,1,1,Determined upon crew arrival,New,OUTAGE,Single Customer,RFD,NORMAL,42.21494,-83.19141
SE26012500277,2026-01-25T19:38:54Z,2026-01-25T19:38:54Z,1,2026-01-25T19:13:39Z,,54,54,Determined upon crew arrival,New,OUTAGE,Device (I),RFD,NORMAL,42.20596,-83.19921
SE26012500278,2026-01-25T19:38:54Z,2026-01-25T19:38:54Z,1,2026-01-25T19:13:40Z,,71,71,Determined upon crew arrival,New,OUTAGE,Device (I),RFD,NORMAL,42.20082,-83.20265
SE26012500281,2026-01-25T19:38:54Z,2026-01-25T19:38:54Z,1,2026-01-25T19:13:41Z,,12,12,Determined upon crew arrival,New,OUTAGE,Service Transformer,RFD,NORMAL,42.24742,-83.16898
SE26012500282,2026-01-25T19:38:54Z,2026-01-25T19:38:54Z,1,2026-01-25T19:13:38Z,,117,117,Determined upon crew arrival,New,OUTAGE,Device (II),RFD,NORMAL,42.23313,-83.16595
SE26012500283,2026-01-25T19:38:54Z,2026-01-25T19:38:54Z,1,2026-01-25T19:13:46Z,,1,1,Determined upon crew arrival,New,OUTAGE,Single Customer,RFD,NORMAL,42.219,-83.18631
SE26012500284,2026-01-25T19:38:54Z,2026-01-25T19:38:54Z,1,2026-01-25T19:13:42Z,,1,1,Determined upon crew arrival,New,OUTAGE,Single Customer,RFD,NORMAL,42.22056,-83.19315
SE26012500285,2026-01-25T19:38:54Z,2026-01-25T19:38:54Z,1,2026-01-25T19:13:43Z,,1,1,Determined upon crew arrival,New,OUTAGE,Single Customer,RFD,NORMAL,42.21174,-83.1834
SE26012500286,2026-01-25T19:38:54Z,2026-01-25T19:38:54Z,1,2026-01-25T19:13:42Z,,4,4,Determined upon crew arrival,New,OUTAGE,Service Transformer,RFD,NORMAL,42.20903,-83.19825
SE26012500287,2026-01-25T19:38:54Z,2026-01-25T19:38:54Z,1,2026-01-25T19:13:43Z,,1,1,Determined upon crew arrival,New,OUTAGE,Single Customer,RFD,NORMAL,42.21157,-83.1952
SE26012500288,2026-01-25T19:38:54Z,2026-01-25T19:38:54Z,1,2026-01-25T19:13:46Z,,1,1,Determined upon crew arrival,New,OUTAGE,Single Customer,RFD,NORMAL,42.20203,-83.20387
SE26012500289,2026-01-25T19:38:54Z,2026-01-25T19:38:54Z,1,2026-01-25T19:13:41Z,,17,17,Determined upon crew arrival,New,OUTAGE,Service Transformer,RFD,NORMAL,42.24641,-83.1682
SE26012500290,2026-01-25T19:38:54Z,2026-01-25T19:38:54Z,1,2026-01-25T19:13:40Z,,14,14,Determined upon crew arrival,New,OUTAGE,Service Transformer,RFD,NORMAL,42.24706,-83.16778
SE26012500292,2026-01-25T19:38:54Z,2026-01-25T19:38:54Z,1,2026-01-25T19:13:42Z,,12,12,Determined upon crew arrival,New,OUTAGE,Service Transformer,RFD,NORMAL,42.24588,-83.1691
SE26012500294,2026-01-25T19:38:54Z,2026-01-25T19:38:54Z,1,2026-01-25T19:13:40Z,,2,2,Determined upon crew arrival,New,OUTAGE,Service Secondary,RFD,NORMAL,42.24504,-83.16879
SE26012500296,2026-01-25T19:38:54Z,2026-01-25T19:38:54Z,1,2026-01-25T19:13:43Z,,14,14,Determined upon crew arrival,New,OUTAGE,Service Transformer,RFD,NORMAL,42.24548,-83.16775
SE26012500297,2026-01-25T19:38:54Z,2026-01-25T19:38:54Z,1,2026-01-25T19:13:37Z,,963,963,Determined upon crew arrival,New,OUTAGE,Device (II),RFD,NORMAL,42.24626,-83.15313
SE26012500300,2026-01-25T19:38:54Z,2026-01-25T19:38:54Z,1,2026-01-25T19:13:50Z,,1,1,Determined upon crew arrival,New,OUTAGE,Single Customer,RFD,NORMAL,42.20525,-83.20284
SE26012500301,2026-01-25T19:38:54Z,2026-01-25T19:38:54Z,1,2026-01-25T19:13:43Z,,2,2,Determined upon crew arrival,New,OUTAGE,Service Secondary,RFD,NORMAL,42.24798,-83.1708
SE26012500302,2026-01-25T19:38:54Z,2026-01-25T19:38:54Z,1,2026-01-25T19:13:40Z,,15,15,Determined upon crew arrival,New,OUTAGE,Service Transformer,RFD,NORMAL,42.24618,-83.16999
SE26012500303,2026-01-25T19:38:54Z,2026-01-25T19:38:54Z,1,2026-01-25T19:13:48Z,,1,1,Determined upon crew arrival,New,OUTAGE,Single Customer,RFD,NORMAL,42.24246,-83.16024
SW26012500210,2026-01-25T19:38:54Z,2026-01-25T21:52:21Z,7,2026-01-25T19:15:04Z,2026-01-25T23:45:00Z,48,48,Equipment problem,In Progres,OUTAGE,Device (I),WWS,NORMAL,42.41478,-83.33656
SW26012500211,2026-01-25T19:38:54Z,2026-01-25T19:38:54Z,1,2026-01-25T18:23:16Z,2026-01-25T23:45:00Z,1,1,Determined upon crew arrival,New,OUTAGE,Single Customer,ANN,NORMAL,42.40387,-83.87565
SE26012500305,2026-01-25T19:51:12Z,2026-01-25T20:46:14Z,3,2026-01-25T19:30:21Z,2026-01-26T00:00:00Z,1,1,Determined upon crew arrival,In Progres,OUTAGE,Single Customer,RFD,NORMAL,42.24483,-83.16298
SW26012500319,2026-01-25T20:25:48Z,2026-01-25T20:46:14Z,2,2026-01-25T19:57:45Z,2026-01-26T00:30:00Z,19,19,Determined upon crew arrival,In Progres,OUTAGE,Service Transformer,ANN,NORMAL,42.29506,-83.76371
SE26012500329,2026-01-25T21:20:24Z,2026-01-26T02:00:44Z,9,2026-01-25T17:20:39Z,2026-01-26T13:05:00Z,1,1,Determined upon crew arrival,In Progres,OUTAGE,Single Customer,RFD,NORMAL,42.48876,-83.28926
SE26012500348,2026-01-25T21:41:19Z,2026-01-26T02:00:44Z,8,2026-01-25T21:23:02Z,2026-01-26T01:55:00Z,1,1,Determined upon crew arrival,In Progres,PRIORITY,,RFD,NORMAL,42.22739,-83.17625
SE26012500352,2026-01-25T21:41:19Z,2026-01-25T23:53:37Z,7,2026-01-25T21:25:46Z,2026-01-26T02:00:00Z,1,1,Determined upon crew arrival,In Progres,OUTAGE,Single Customer,RFD,NORMAL,42.34175,-83.12885
NE26012500360,2026-01-25T22:21:28Z,2026-01-26T02:00:44Z,6,2026-01-25T21:57:30Z,2026-01-26T02:35:00Z,1,1,Equipment problem,In Progres,OUTAGE,Single Customer,MTC,NORMAL,42.48167,-83.00569
SE26012500367,2026-01-25T22:45:18Z,2026-01-25T23:53:37Z,4,2026-01-25T22:15:57Z,2026-01-26T02:45:00Z,1,1,Determined upon crew arrival,In Progres,OUTAGE,Single Customer,CAN,NORMAL,42.41336,-82.9967
SE26012500379,2026-01-25T23:21:25Z,2026-01-26T02:00:44Z,4,2026-01-25T19:20:41Z,2026-01-26T03:45:00Z,26,26,Equipment problem,In Progres,OUTAGE,Device (II),RFD,NORMAL,42.22592,-83.18022
SE26012500382,2026-01-25T23:21:25Z,2026-01-26T02:00:44Z,4,2026-01-25T19:13:36Z,2026-01-26T03:35:00Z,20,20,Equipment problem,In Progres,OUTAGE,Service Transformer,RFD,NORMAL,42.2294,-83.17796
SE26012500387,2026-01-25T23:21:25Z,2026-01-25T23:53:37Z,3,2026-01-25T21:15:30Z,2026-01-26T03:45:00Z,1,1,Determined upon crew arrival,In Progres,OUTAGE,Single Customer,RFD,NORMAL,42.22682,-83.17602
SE26012500390,2026-01-25T23:42:26Z,2026-01-26T04:03:48Z,4,2026-01-25T23:21:27Z,2026-01-26T04:00:00Z,1,1,Equipment problem,In Progres,OUTAGE,Single Customer,RFD,NORMAL,42.48283,-83.19994
NW26012500403,2026-01-26T02:00:44Z,2026-01-26T02:00:44Z,1,2026-01-26T00:37:45Z,2026-01-26T05:15:00Z,3,3,Determined upon crew arrival,In Progres,OUTAGE,Service Transformer,PON,NORMAL,42.55971,-83.49824
NW26012500407,2026-01-26T02:00:44Z,2026-01-26T02:00:44Z,1,2026-01-25T20:26:17Z,2026-01-26T05:25:00Z,1,1,Equipment problem,In Progres,OUTAGE,Single Customer,PON,NORMAL,42.73325,-83.40812
SE26012500392,2026-01-26T02:00:44Z,2026-01-26T17:30:29Z,24,2026-01-25T23:46:36Z,2026-01-27T04:15:00Z,1,1,Equipment problem,In Progres,OUTAGE,Single Customer,CAN,NORMAL,42.31575,-83.08631
SE26012500401,2026-01-26T02:00:44Z,2026-01-26T02:00:44Z,1,2026-01-26T00:29:15Z,2026-01-26T05:00:00Z,1,1,Determined upon crew arrival,In Progres,OUTAGE,Single Customer,CAN,NORMAL,42.43548,-82.92869
SE26012500415,2026-01-26T02:00:44Z,2026-01-26T07:05:06Z,6,2026-01-26T01:37:49Z,2026-01-26T18:10:00Z,1,1,Determined upon crew arrival,In Progres,OUTAGE,Single Customer,RFD,NORMAL,42.3924,-83.15658
SE26012500417,2026-01-26T02:00:44Z,2026-01-26T02:00:44Z,1,2026-01-25T21:19:20Z,,1,1,Determined upon crew arrival,Pending,OUTAGE,Single Customer,RFD,NORMAL,42.40399,-83.21331
SW26012500416,2026-01-26T02:00:44Z,2026-01-26T02:00:44Z,1,2026-01-26T01:42:03Z,,1,1,Determined upon crew arrival,New,OUTAGE,Single Customer,ANN,NORMAL,42.09583,-83.67736
SE26012500421,2026-01-26T04:03:48Z,2026-01-26T17:58:15Z,24,2026-01-25T21:19:20Z,2026-01-26T18:30:00Z,1,1,Equipment problem,In Progres,OUTAGE,Single Customer,RFD,NORMAL,42.40399,-83.21331
SE26012500424,2026-01-26T04:03:48Z,2026-01-26T05:48:15Z,3,2026-01-26T02:41:03Z,2026-01-26T07:15:00Z,60,60,Equipment problem,In Progres,OUTAGE,Service Transformer,RFD,NORMAL,42.41333,-83.19975
SE26012500425,2026-01-26T04:03:48Z,2026-01-26T04:03:48Z,1,2026-01-26T02:44:39Z,2026-01-26T07:15:00Z,1,1,Determined upon crew arrival,In Progres,OUTAGE,Single Customer,RFD,NORMAL,42.41084,-83.20814
SE26012500428,2026-01-26T04:03:48Z,2026-01-26T09:04:25Z,9,2026-01-26T02:54:37Z,2026-01-26T19:25:00Z,1,1,Determined upon crew arrival,In Progres,OUTAGE,Single Customer,RFD,NORMAL,42.2294,-83.17796
SE26012500429,2026-01-26T04:03:48Z,2026-01-26T04:03:48Z,1,2026-01-26T02:58:11Z,2026-01-26T07:30:00Z,1,1,Determined upon crew arrival,PC3 Verifi,OUTAGE,Single Customer,RFD,NORMAL,42.41292,-83.19844
SW26012500431,2026-01-26T04:03:48Z,2026-01-26T07:05:06Z,5,2026-01-26T03:22:37Z,2026-01-26T07:55:00Z,1,1,Determined upon crew arrival,Pending,OUTAGE,Single Customer,NPT,NORMAL,42.12159,-83.20857
NW26012500449,2026-01-26T05:04:08Z,2026-01-26T05:04:08Z,1,2026-01-26T04:44:28Z,,1,1,Determined upon crew arrival,New,OUTAGE,Single Customer,PON,NORMAL,42.53878,-83.48119
SE26012500439,2026-01-26T05:04:08Z,2026-01-26T07:05:06Z,4,2026-01-26T03:44:14Z,2026-01-26T08:25:00Z,1,1,Meter Issue,In Progres,OUTAGE,Single Customer,CAN,NORMAL,42.36146,-82.93923
SW26012500437,2026-01-26T05:04:08Z,2026-01-26T05:48:15Z,2,2026-01-26T03:47:01Z,2026-01-26T08:20:00Z,1,1,Determined upon crew arrival,In Progres,OUTAGE,Single Customer,WWS,NORMAL,42.37257,-83.41279
SW26012500446,2026-01-26T05:04:08Z,2026-01-26T05:04:08Z,1,2026-01-26T04:39:02Z,2026-01-26T09:10:00Z,1,1,Determined upon crew arrival,New,OUTAGE,Single Customer,WWS,NORMAL,42.31562,-83.4111
SW26012500447,2026-01-26T05:04:08Z,2026-01-26T09:48:53Z,9,2026-01-26T04:41:56Z,2026-01-26T13:10:00Z,2,2,Determined upon crew arrival,In Progres,OUTAGE,Service Secondary,WWS,NORMAL,42.46699,-83.41296
SE26012500451,2026-01-26T05:48:15Z,2026-01-26T05:48:15Z,1,2026-01-26T04:56:31Z,2026-01-26T09:30:00Z,1,1,Determined upon crew arrival,In Progres,OUTAGE,Single Customer,RFD,NORMAL,42.27073,-83.15054
NW26012600015,2026-01-26T09:04:25Z,2026-01-26T17:30:29Z,15,2026-01-26T08:34:39Z,2026-01-26T21:05:00Z,6,6,Equipment problem,In Progres,OUTAGE,Service Transformer,PON,NORMAL,42.67093,-83.6055
NW26012600016,2026-01-26T09:48:53Z,2026-01-26T14:16:26Z,9,2026-01-26T08:48:53Z,2026-01-27T01:20:00Z,1,1,Equipment problem,In Progres,OUTAGE,Single Customer,PON,NORMAL,42.66975,-83.60556
SE26012600021,2026-01-26T10:28:53Z,2026-01-26T14:16:26Z,8,2026-01-26T10:11:11Z,2026-01-26T14:40:00Z,14,14,Equipment problem,In Progres,OUTAGE,Service Transformer,CAN,NORMAL,42.33515,-83.12088
NW26012600025,2026-01-26T10:54:25Z,2026-01-26T19:24:43Z,15,2026-01-26T10:41:32Z,2026-01-27T03:10:00Z,1,1,Equipment problem,Pending,OUTAGE,Single Customer,PON,NORMAL,42.535,-83.10608
SE26012600029,2026-01-26T11:43:15Z,2026-01-26T11:43:15Z,1,2026-01-26T11:29:51Z,,1,1,Determined upon crew arrival,New,OUTAGE,Single Customer,RFD,NORMAL,42.25346,-83.18139
NE26012600036,2026-01-26T12:52:15Z,2026-01-26T16:47:43Z,7,2026-01-26T12:07:24Z,2026-01-26T16:35:00Z,1,1,Equipment problem,Pending,OUTAGE,Single Customer,LAP,NORMAL,43.05426,-83.05888
NW26012600035,2026-01-26T12:52:15Z,2026-01-27T01:57:12Z,22,2026-01-26T11:41:03Z,2026-01-27T04:35:00Z,1,1,Equipment problem,In Progres,OUTAGE,Single Customer,PON,NORMAL,42.55045,-83.16455
SE26012600037,2026-01-26T12:52:15Z,2026-01-26T19:24:43Z,11,2026-01-26T10:47:54Z,2026-01-26T20:40:00Z,1,1,Equipment problem,In Progres,PRIORITY,,RFD,NORMAL,42.32284,-83.2965
SE26012600040,2026-01-26T13:45:16Z,2026-01-26T21:55:48Z,16,2026-01-26T01:43:55Z,2026-01-27T05:25:00Z,1,1,Determined upon crew arrival,In Progres,OUTAGE,Single Customer,RFD,NORMAL,42.41276,-83.18107
SE26012600062,2026-01-26T14:16:26Z,2026-01-26T15:31:26Z,3,2026-01-25T21:15:28Z,2026-01-26T18:05:00Z,1,1,Equipment problem,In Progres,OUTAGE,Single Customer,RFD,NORMAL,42.22581,-83.18013
SE26012600099,2026-01-26T14:55:26Z,2026-01-26T15:59:59Z,3,2026-01-26T14:20:16Z,2026-01-26T18:50:00Z,1,1,Determined upon crew arrival,In Progres,OUTAGE,Single Customer,RFD,NORMAL,42.39499,-83.18906
SE26012600101,2026-01-26T14:55:26Z,2026-01-26T15:31:26Z,2,2026-01-26T14:28:19Z,2026-01-26T19:00:00Z,1,1,Determined upon crew arrival,New,OUTAGE,Single Customer,CAN,NORMAL,42.35256,-83.10056
SW26012600090,2026-01-26T14:55:26Z,2026-01-26T15:31:26Z,2,2026-01-26T13:52:19Z,2026-01-26T18:35:00Z,5,5,Determined upon crew arrival,In Progres,OUTAGE,Service Transformer,NPT,NORMAL,41.96062,-83.65376
SW26012600095,2026-01-26T14:55:26Z,2026-01-26T15:31:26Z,2,2026-01-26T14:13:14Z,2026-01-26T18:45:00Z,1,1,Determined upon crew arrival,In Progres,OUTAGE,Single Customer,NPT,NORMAL,41.95715,-83.65573
NE26012600111,2026-01-26T15:31:26Z,2026-01-26T16:47:43Z,3,2026-01-26T14:49:45Z,2026-01-26T19:25:00Z,1,1,Determined upon crew arrival,In Progres,OUTAGE,Single Customer,NAE,NORMAL,43.79761,-82.99815
NE26012600132,2026-01-26T15:31:26Z,2026-01-26T15:31:26Z,1,2026-01-26T14:57:21Z,,1,1,Determined upon crew arrival,New,OUTAGE,Single Customer,MTC,NORMAL,42.49537,-83.01035
SE26012600108,2026-01-26T15:31:26Z,2026-01-26T18:49:34Z,6,2026-01-26T14:47:38Z,2026-01-26T19:20:00Z,1,1,Equipment problem,In Progres,OUTAGE,Single Customer,RFD,NORMAL,42.22845,-83.22094
SE26012600117,2026-01-26T15:31:26Z,2026-01-26T17:58:15Z,5,2026-01-26T14:58:51Z,2026-01-26T19:30:00Z,1,1,Equipment problem,In Progres,OUTAGE,Single Customer,RFD,NORMAL,42.22724,-83.19348
SW26012600126,2026-01-26T15:31:26Z,2026-01-26T16:47:43Z,3,2026-01-26T15:00:06Z,2026-01-26T19:35:00Z,1,1,Determined upon crew arrival,In Progres,OUTAGE,Single Customer,WWS,NORMAL,42.2966,-83.29764
SW26012600131,2026-01-26T15:31:26Z,2026-01-26T15:59:59Z,2,2026-01-26T15:12:26Z,2026-01-26T19:40:00Z,1,1,Determined upon crew arrival,In Progres,OUTAGE,Single Customer,WWS,NORMAL,42.12789,-83.53998
SE26012600136,2026-01-26T15:59:59Z,2026-01-26T17:58:15Z,4,2026-01-26T15:18:29Z,2026-01-26T19:50:00Z,1,1,Equipment problem,In Progres,OUTAGE,Single Customer,RFD,NORMAL,42.39683,-83.15567
SW26012600153,2026-01-26T15:59:59Z,2026-01-26T17:30:29Z,3,2026-01-26T15:22:54Z,2026-01-26T20:10:00Z,2,2,Determined upon crew arrival,In Progres,OUTAGE,Service Transformer,WWS,NORMAL,42.48035,-83.46675
SW26012600154,2026-01-26T15:59:59Z,2026-01-26T20:57:58Z,10,2026-01-26T15:38:57Z,2026-01-27T08:10:00Z,1,1,Equipment problem,In Progres,OUTAGE,Single Customer,WWS,NORMAL,42.46699,-83.41296
NE26012600184,2026-01-26T16:47:43Z,2026-01-26T17:58:15Z,3,2026-01-26T15:37:26Z,2026-01-26T20:25:00Z,1,1,Determined upon crew arrival,In Progres,OUTAGE,Single Customer,MTC,NORMAL,42.56057,-82.90002
NW26012600161,2026-01-26T16:47:43Z,2026-01-26T17:30:29Z,2,2026-01-26T15:44:15Z,2026-01-26T20:15:00Z,171,171,Equipment problem,In Progres,OUTAGE,Device (II),PON,NORMAL,42.59825,-83.33533
NW26012600186,2026-01-26T16:47:43Z,2026-01-26T17:58:15Z,3,2026-01-26T15:58:45Z,2026-01-26T20:30:00Z,7,7,Equipment problem,In Progres,OUTAGE,Service Transformer,PON,NORMAL,42.73015,-83.61467
SE26012600180,2026-01-26T16:47:43Z,2026-01-27T01:57:12Z,16,2026-01-26T15:52:39Z,2026-01-27T08:25:00Z,1,1,Determined upon crew arrival,In Progres,OUTAGE,Single Customer,CAN,NORMAL,42.39649,-83.05178
SE26012600183,2026-01-26T16:47:43Z,2026-01-26T22:25:21Z,12,2026-01-26T15:42:47Z,2026-01-27T08:25:00Z,1,1,Equipment problem,In Progres,OUTAGE,Single Customer,RFD,NORMAL,42.4419,-83.21181
SE26012600205,2026-01-26T16:47:43Z,2026-01-26T16:47:43Z,1,2026-01-26T16:29:56Z,,1,1,Determined upon crew arrival,New,OUTAGE,Single Customer,RFD,NORMAL,42.44181,-83.16619
SW26012600187,2026-01-26T16:47:43Z,2026-01-26T16:47:43Z,1,2026-01-26T15:55:09Z,2026-01-26T20:35:00Z,5,5,Determined upon crew arrival,In Progres,OUTAGE,Service Transformer,WWS,NORMAL,42.19542,-83.40315
SW26012600192,2026-01-26T16:47:43Z,2026-01-26T17:30:29Z,2,2026-01-26T16:04:55Z,2026-01-26T20:45:00Z,3,3,Determined upon crew arrival,In Progres,OUTAGE,Service Transformer,WWS,NORMAL,42.38054,-83.37153
NE26012600237,2026-01-26T17:30:29Z,2026-01-26T17:58:15Z,2,2026-01-26T17:05:49Z,2026-01-26T21:35:00Z,1,1,Determined upon crew arrival,In Progres,OUTAGE,Single Customer,MTC,NORMAL,42.82194,-82.96303
NW26012600230,2026-01-26T17:30:29Z,2026-01-26T17:58:15Z,2,2026-01-26T16:55:21Z,2026-01-26T21:30:00Z,49,49,Equipment problem,In Progres,OUTAGE,Device (I),SBY,NORMAL,42.55989,-83.08112
NW26012600240,2026-01-26T17:30:29Z,2026-01-27T12:53:54Z,31,2026-01-26T17:15:06Z,2026-01-27T13:45:00Z,1,1,Determined upon crew arrival,In Progres,PRIORITY,,SBY,NORMAL,42.66871,-83.14352
SE26012600207,2026-01-26T17:30:29Z,2026-01-26T17:58:15Z,2,2026-01-25T21:30:06Z,2026-01-26T21:00:00Z,1,1,Determined upon crew arrival,In Progres,OUTAGE,Single Customer,RFD,NORMAL,42.22682,-83.17602
SE26012600235,2026-01-26T17:30:29Z,2026-01-26T18:49:34Z,3,2026-01-26T16:56:10Z,2026-01-26T21:35:00Z,1,1,Determined upon crew arrival,In Progres,OUTAGE,Single Customer,RFD,NORMAL,42.23621,-83.18709
SE26012600236,2026-01-26T17:30:29Z,2026-01-27T01:57:12Z,15,2026-01-26T13:34:40Z,2026-01-27T09:35:00Z,1,1,Equipment problem,In Progres,OUTAGE,Single Customer,RFD,NORMAL,42.37087,-83.16224
SE26012600238,2026-01-26T17:30:29Z,2026-01-26T17:30:29Z,1,2026-01-26T17:09:54Z,2026-01-26T21:40:00Z,1,1,Determined upon crew arrival,New,OUTAGE,Single Customer,RFD,NORMAL,42.32208,-83.26172
SW26012600216,2026-01-26T17:30:29Z,2026-01-26T17:58:15Z,2,2026-01-26T16:36:56Z,2026-01-26T21:05:00Z,1,1,Determined upon crew arrival,In Progres,OUTAGE,Single Customer,ANN,NORMAL,42.28271,-83.7922
SE26012600246,2026-01-26T17:58:15Z,2026-01-26T23:23:49Z,12,2026-01-26T17:19:49Z,2026-01-27T09:50:00Z,1,1,Determined upon crew arrival,In Progres,SERVICE DOWN NO,,CAN,NORMAL,42.44586,-82.9685
SW26012600254,2026-01-26T17:58:15Z,2026-01-26T22:48:17Z,11,2026-01-26T17:37:47Z,2026-01-27T10:10:00Z,1,1,Problem with the customer equip,Pending,OUTAGE,Single Customer,ANN,NORMAL,42.24453,-83.63177
NE26012600275,2026-01-26T18:49:34Z,2026-01-26T19:24:43Z,2,2026-01-26T18:04:51Z,2026-01-26T22:45:00Z,15,15,Determined upon crew arrival,In Progres,OUTAGE,Device (I),NAE,NORMAL,43.41437,-82.83794
NW26012600279,2026-01-26T18:49:34Z,2026-01-26T20:32:58Z,5,2026-01-26T18:18:23Z,2026-01-26T22:50:00Z,1,1,Determined upon crew arrival,In Progres,OUTAGE,Single Customer,PON,NORMAL,42.76981,-83.37708
SE26012600270,2026-01-26T18:49:34Z,2026-01-26T20:32:58Z,5,2026-01-26T16:47:54Z,2026-01-26T22:40:00Z,1,1,Equipment problem,In Progres,OUTAGE,Single Customer,RFD,NORMAL,42.41333,-83.19975
SE26012600276,2026-01-26T18:49:34Z,2026-01-26T23:45:41Z,12,2026-01-26T18:14:53Z,2026-01-27T10:45:00Z,1,1,Determined upon crew arrival,In Progres,OUTAGE,Single Customer,CAN,NORMAL,42.40356,-82.93879
SW26012600257,2026-01-26T18:49:34Z,2026-01-26T19:56:36Z,4,2026-01-26T17:48:18Z,2026-01-26T22:20:00Z,27,27,Equipment problem,In Progres,OUTAGE,Device (I),WWS,NORMAL,42.50951,-83.38749
SW26012600283,2026-01-26T18:49:34Z,2026-01-26T21:55:48Z,8,2026-01-26T18:18:53Z,2026-01-26T22:55:00Z,1,1,Determined upon crew arrival,In Progres,OUTAGE,Single Customer,NPT,NORMAL,42.16503,-83.19199
SW26012600296,2026-01-26T19:24:43Z,2026-01-26T19:24:43Z,1,2026-01-26T18:52:46Z,2026-01-26T23:25:00Z,1,1,Determined upon crew arrival,PC3 Verifi,OUTAGE,Single Customer,NPT,NORMAL,42.00614,-83.36813
SW26012600302,2026-01-26T19:24:43Z,2026-01-26T20:57:58Z,5,2026-01-26T19:02:25Z,2026-01-26T23:30:00Z,1,1,Determined upon crew arrival,In Progres,OUTAGE,Single Customer,WWS,NORMAL,42.46196,-83.52449
SW26012600315,2026-01-26T19:44:23Z,2026-01-26T22:25:21Z,7,2026-01-26T18:52:46Z,2026-01-26T23:45:00Z,1,1,Determined upon crew arrival,In Progres,PRIORITY,,NPT,NORMAL,42.00614,-83.36813
SW26012600316,2026-01-26T19:44:23Z,2026-01-26T20:57:58Z,4,2026-01-26T19:04:12Z,2026-01-26T23:45:00Z,1,1,Determined upon crew arrival,In Progres,OUTAGE,Single Customer,WWS,NORMAL,42.3435,-83.43653
NW26012600327,2026-01-26T19:56:36Z,2026-01-26T23:45:41Z,9,2026-01-26T19:39:15Z,2026-01-27T00:10:00Z,1,1,Equipment problem,In Progres,OUTAGE,Single Customer,SBY,NORMAL,42.68502,-83.07855
SW26012600323,2026-01-26T19:56:36Z,2026-01-27T01:57:12Z,10,2026-01-26T19:34:36Z,2026-01-27T12:10:00Z,1,1,Equipment problem,In Progres,OUTAGE,Single Customer,WWS,NORMAL,42.29117,-83.35785
NW26012600330,2026-01-26T20:32:58Z,2026-01-26T23:45:41Z,8,2026-01-26T19:45:44Z,2026-01-27T00:15:00Z,1,1,Equipment problem,In Progres,OUTAGE,Single Customer,PON,NORMAL,42.67093,-83.6055
NW26012600341,2026-01-26T20:32:58Z,2026-01-26T20:32:58Z,1,2026-01-26T18:16:32Z,2026-01-27T00:40:00Z,1,1,Determined upon crew arrival,New,OUTAGE,Single Customer,PON,NORMAL,42.535,-83.10608
SE26012600335,2026-01-26T20:32:58Z,2026-01-26T22:25:21Z,5,2026-01-26T19:40:59Z,2026-01-27T00:20:00Z,1,1,Equipment problem,In Progres,OUTAGE,Single Customer,RFD,NORMAL,42.24459,-83.17328
SW26012600337,2026-01-26T20:32:58Z,2026-01-26T21:55:48Z,4,2026-01-26T17:17:21Z,2026-01-27T00:20:00Z,1,1,Determined upon crew arrival,In Progres,OUTAGE,Single Customer,WWS,NORMAL,42.34055,-83.37929
NE26012600351,2026-01-26T20:57:58Z,2026-01-26T23:45:41Z,7,2026-01-26T20:20:54Z,2026-01-27T00:50:00Z,1,1,Determined upon crew arrival,In Progres,SERVICE DOWN NO,,NAE,NORMAL,43.29306,-83.02972
SE26012600359,2026-01-26T20:57:58Z,2026-01-26T22:48:17Z,5,2026-01-26T20:28:33Z,2026-01-27T01:00:00Z,1,1,Equipment problem,In Progres,OUTAGE,Single Customer,RFD,NORMAL,42.31744,-83.12502
SE26012600361,2026-01-26T20:57:58Z,2026-01-26T23:23:49Z,6,2026-01-26T16:47:54Z,2026-01-27T01:05:00Z,1,1,Determined upon crew arrival,In Progres,OUTAGE,Single Customer,RFD,NORMAL,42.41333,-83.19975
SE26012600370,2026-01-26T21:32:26Z,2026-01-26T23:45:41Z,6,2026-01-26T20:55:12Z,2026-01-27T01:25:00Z,1,1,Equipment problem,In Progres,OUTAGE,Single Customer,RFD,NORMAL,42.41859,-83.30923
SW26012600377,2026-01-26T21:32:26Z,2026-01-26T23:45:41Z,6,2026-01-26T20:59:41Z,2026-01-27T01:30:00Z,1,1,Determined upon crew arrival,In Progres,OUTAGE,Single Customer,WWS,NORMAL,42.24065,-83.26018
NE26012600398,2026-01-26T21:55:48Z,2026-01-26T21:55:48Z,1,2026-01-26T21:37:40Z,2026-01-27T02:10:00Z,1,1,Determined upon crew arrival,New,OUTAGE,Single Customer,LAP,NORMAL,43.22976,-83.19877
NW26012600410,2026-01-26T22:25:21Z,2026-01-26T22:25:21Z,1,2026-01-26T22:08:08Z,2026-01-27T02:40:00Z,1,1,Determined upon crew arrival,New,OUTAGE,Single Customer,PON,NORMAL,42.6151,-83.34728
SE26012600403,2026-01-26T22:25:21Z,2026-01-26T23:45:41Z,4,2026-01-26T14:28:19Z,2026-01-27T02:15:00Z,1,1,Determined upon crew arrival,In Progres,OUTAGE,Single Customer,CAN,NORMAL,42.35256,-83.10056
SE26012600405,2026-01-26T22:25:21Z,2026-01-26T23:45:41Z,4,2026-01-26T21:50:23Z,2026-01-27T02:20:00Z,1,1,Equipment problem,In Progres,OUTAGE,Single Customer,RFD,NORMAL,42.22934,-83.17973
SE26012600414,2026-01-26T22:25:21Z,2026-01-26T22:25:21Z,1,2026-01-26T22:14:22Z,,1,1,Determined upon crew arrival,New,OUTAGE,Single Customer,RFD,NORMAL,42.41682,-83.21821
SW26012600406,2026-01-26T22:25:21Z,2026-01-26T23:45:41Z,4,2026-01-26T06:43:28Z,2026-01-27T02:30:00Z,1,1,Determined upon crew arrival,In Progres,OUTAGE,Single Customer,NPT,NORMAL,42.12159,-83.20857
NW26012600418,2026-01-26T22:48:17Z,2026-01-27T09:48:00Z,15,2026-01-26T21:20:14Z,2026-01-27T15:00:00Z,1,1,Equipment problem,In Progres,OUTAGE,Single Customer,HWL,NORMAL,42.52462,-83.70183
SE26012600416,2026-01-26T22:48:17Z,2026-01-26T23:45:41Z,3,2026-01-26T22:22:43Z,2026-01-27T02:55:00Z,63,63,Determined upon crew arrival,In Progres,OUTAGE,Device (I),RFD,NORMAL,42.40284,-83.17302
NW26012600419,2026-01-26T23:23:49Z,2026-01-26T23:45:41Z,2,2026-01-26T22:28:17Z,2026-01-27T03:05:00Z,14,14,Equipment problem,In Progres,OUTAGE,Service Transformer,PON,NORMAL,42.53648,-83.26735
NW26012600436,2026-01-26T23:23:49Z,2026-01-27T07:56:25Z,11,2026-01-26T23:02:54Z,2026-01-27T15:35:00Z,1,1,Equipment problem,In Progres,OUTAGE,Single Customer,HWL,NORMAL,42.5976,-83.93294
SE26012600426,2026-01-26T23:23:49Z,2026-01-26T23:45:41Z,2,2026-01-26T22:47:00Z,2026-01-27T03:15:00Z,1,1,Determined upon crew arrival,In Progres,OUTAGE,Single Customer,CAN,NORMAL,42.35342,-83.0996
NE26012600458,2026-01-27T01:57:12Z,2026-01-27T01:57:12Z,1,2026-01-26T23:52:54Z,2026-01-27T04:25:00Z,1,1,Equipment problem,In Progres,OUTAGE,Single Customer,MTC,NORMAL,42.56594,-82.92944
SE26012600467,2026-01-27T01:57:12Z,2026-01-27T09:04:03Z,11,2026-01-27T00:21:39Z,2026-01-27T16:50:00Z,1,1,Equipment problem,In Progres,OUTAGE,Single Customer,CAN,NORMAL,42.38979,-83.02961
SE26012600492,2026-01-27T01:57:12Z,2026-01-27T01:57:12Z,1,2026-01-27T01:26:28Z,2026-01-27T05:55:00Z,1,1,Determined upon crew arrival,In Progres,OUTAGE,Single Customer,CAN,NORMAL,42.36146,-82.93923
SW26012600451,2026-01-27T01:57:12Z,2026-01-27T05:28:03Z,4,2026-01-26T23:35:44Z,2026-01-27T16:05:00Z,1,1,Equipment problem,In Progres,OUTAGE,Single Customer,ANN,NORMAL,42.35373,-83.95871
SW26012600479,2026-01-27T01:57:12Z,2026-01-27T01:57:12Z,1,2026-01-27T00:37:16Z,2026-01-27T05:05:00Z,1,1,Determined upon crew arrival,In Progres,OUTAGE,Single Customer,WWS,NORMAL,42.38875,-83.3609
SW26012600484,2026-01-27T01:57:12Z,2026-01-27T14:31:21Z,19,2026-01-27T00:35:39Z,2026-01-27T17:30:00Z,1,1,Determined upon crew arrival,In Progres,OUTAGE,Single Customer,WWS,NORMAL,42.48708,-83.43955
NW26012600498,2026-01-27T03:51:25Z,2026-01-27T03:51:25Z,1,2026-01-27T01:41:45Z,2026-01-27T06:20:00Z,1,1,Determined upon crew arrival,In Progres,OUTAGE,Single Customer,HWL,NORMAL,42.7307,-84.30905
SE26012600504,2026-01-27T03:51:25Z,2026-01-27T09:48:00Z,11,2026-01-27T02:11:02Z,2026-01-27T18:50:00Z,1,1,Equipment problem,In Progres,OUTAGE,Single Customer,RFD,NORMAL,42.4002,-83.23423
NE26012600535,2026-01-27T04:49:08Z,2026-01-27T07:56:25Z,7,2026-01-27T04:00:21Z,2026-01-27T08:45:00Z,1,1,Determined upon crew arrival,In Progres,OUTAGE,Single Customer,MTC,NORMAL,42.63905,-82.90114
SE26012600528,2026-01-27T04:49:08Z,2026-01-27T05:51:58Z,3,2026-01-27T03:52:15Z,2026-01-27T08:20:00Z,1,1,Determined upon crew arrival,In Progres,OUTAGE,Single Customer,RFD,NORMAL,42.26497,-83.15923
SE26012600534,2026-01-27T04:49:08Z,2026-01-27T10:29:46Z,11,2026-01-27T03:42:07Z,2026-01-27T20:45:00Z,1,1,Determined upon crew arrival,In Progres,OUTAGE,Single Customer,RFD,NORMAL,42.25815,-83.23058
SW26012600539,2026-01-27T04:49:08Z,2026-01-27T04:49:08Z,1,2026-01-27T04:11:44Z,2026-01-27T08:55:00Z,1,1,Determined upon crew arrival,New,OUTAGE,Single Customer,WWS,NORMAL,42.35994,-83.48007
SE26012600543,2026-01-27T05:28:03Z,2026-01-27T09:48:00Z,9,2026-01-26T16:35:15Z,2026-01-27T21:20:00Z,1,1,Determined upon crew arrival,In Progres,OUTAGE,Single Customer,RFD,NORMAL,42.45817,-83.12864
SW26012700004,2026-01-27T05:28:03Z,2026-01-27T05:28:03Z,1,2026-01-27T04:56:33Z,2026-01-27T09:40:00Z,1,1,Determined upon crew arrival,New,OUTAGE,Single Customer,WWS,NORMAL,42.35994,-83.48007
SE26012700007,2026-01-27T05:51:58Z,2026-01-27T17:47:19Z,17,2026-01-26T23:19:13Z,2026-01-27T21:55:00Z,1,1,Determined upon crew arrival,In Progres,OUTAGE,Single Customer,CAN,NORMAL,42.36052,-83.06981
SW26012700009,2026-01-27T05:51:58Z,2026-01-27T05:51:58Z,1,2026-01-27T05:25:25Z,2026-01-27T10:10:00Z,1,1,Determined upon crew arrival,New,OUTAGE,Single Customer,WWS,NORMAL,42.35994,-83.48007
SE26012700017,2026-01-27T07:04:38Z,2026-01-27T12:53:54Z,11,2026-01-26T19:11:41Z,2026-01-27T23:05:00Z,1,1,Equipment problem,In Progres,OUTAGE,Single Customer,CAN,NORMAL,42.40334,-83.13849
SW26012700021,2026-01-27T07:04:38Z,2026-01-27T07:04:38Z,1,2026-01-27T06:29:33Z,,1,1,Determined upon crew arrival,New,OUTAGE,Single Customer,WWS,NORMAL,42.35994,-83.48007
NW26012700031,2026-01-27T07:56:25Z,2026-01-27T10:57:09Z,6,2026-01-27T07:44:11Z,2026-01-27T12:15:00Z,1,1,Equipment problem,In Progres,OUTAGE,Single Customer,SBY,NORMAL,42.81969,-82.9927
SE26012700030,2026-01-27T07:56:25Z,2026-01-27T07:56:25Z,1,2026-01-27T07:28:27Z,,1,1,Determined upon crew arrival,New,OUTAGE,Single Customer,RFD,NORMAL,42.45931,-83.18285
SW26012700045,2026-01-27T08:38:27Z,2026-01-27T08:38:27Z,1,2026-01-27T08:13:50Z,,1,1,Determined upon crew arrival,New,OUTAGE,Single Customer,WWS,NORMAL,42.35994,-83.48007
NE26012700063,2026-01-27T12:53:54Z,2026-01-27T14:31:21Z,3,2026-01-27T11:40:12Z,2026-01-27T16:10:00Z,1,1,Determined upon crew arrival,In Progres,OUTAGE,Single Customer,MTC,NORMAL,42.67253,-82.96201
SE26012700074,2026-01-27T12:53:54Z,2026-01-27T17:47:19Z,5,2026-01-27T07:00:15Z,2026-01-28T05:10:00Z,1,1,Determined upon crew arrival,In Progres,OUTAGE,Single Customer,RFD,NORMAL,42.25377,-83.16187
NE26012700081,2026-01-27T13:49:49Z,2026-01-28T11:54:27Z,33,2026-01-27T11:17:44Z,2026-01-28T13:40:00Z,1,1,Equipment problem,In Progres,PRIORITY,,MTC,NORMAL,42.48802,-82.97428
SE26012700095,2026-01-27T13:49:49Z,2026-01-27T14:31:21Z,2,2026-01-27T13:30:20Z,2026-01-27T18:05:00Z,1,1,Determined upon crew arrival,In Progres,OUTAGE,Single Customer,RFD,NORMAL,42.46277,-83.18405
SW26012700091,2026-01-27T13:49:49Z,2026-01-27T20:56:24Z,10,2026-01-27T13:27:40Z,2026-01-27T22:00:00Z,1,1,Problem with the customer equip,In Progres,PRIORITY,,WWS,NORMAL,42.35994,-83.48007
SW26012700096,2026-01-27T13:49:49Z,2026-01-27T13:49:49Z,1,2026-01-27T13:34:05Z,2026-01-27T18:05:00Z,1,1,Determined upon crew arrival,In Progres,OUTAGE,Single Customer,NPT,NORMAL,42.12446,-83.21883
NE26012700145,2026-01-27T17:15:01Z,2026-01-27T23:56:47Z,15,2026-01-27T14:47:27Z,2026-01-28T07:20:00Z,1,1,Equipment problem,In Progres,OUTAGE,Single Customer,MTC,NORMAL,42.6444,-82.82895
NE26012700177,2026-01-27T17:15:01Z,2026-01-27T17:47:19Z,2,2026-01-27T15:22:45Z,2026-01-27T19:55:00Z,1,1,Equipment problem,In Progres,OUTAGE,Single Customer,MTC,NORMAL,42.52851,-82.9763
NE26012700227,2026-01-27T17:15:01Z,2026-01-27T19:15:00Z,4,2026-01-27T13:35:12Z,2026-01-27T20:40:00Z,1,1,Determined upon crew arrival,In Progres,OUTAGE,Single Customer,MTC,NORMAL,42.48694,-82.97588
NE26012700255,2026-01-27T17:15:01Z,2026-01-27T18:40:57Z,3,2026-01-27T16:18:14Z,2026-01-27T20:50:00Z,1,1,Determined upon crew arrival,In Progres,OUTAGE,Single Customer,NAE,NORMAL,43.48835,-83.62142
NE26012700297,2026-01-27T17:15:01Z,2026-01-27T19:15:00Z,4,2026-01-27T16:47:12Z,2026-01-27T21:25:00Z,2,2,Determined upon crew arrival,In Progres,OUTAGE,Service Transformer,MTC,NORMAL,42.47855,-82.97797
NE26012700298,2026-01-27T17:15:01Z,2026-01-27T17:15:01Z,1,2026-01-27T16:44:45Z,,1,1,Determined upon crew arrival,New,OUTAGE,Single Customer,NAE,NORMAL,43.34155,-82.62169
NW26012700117,2026-01-27T17:15:01Z,2026-01-27T17:15:01Z,1,2026-01-27T13:58:01Z,2026-01-27T18:45:00Z,27,27,Determined upon crew arrival,In Progres,OUTAGE,Service Transformer,HWL,NORMAL,42.60869,-83.95186
NW26012700124,2026-01-27T17:15:01Z,2026-01-27T17:47:19Z,2,2026-01-27T14:09:52Z,2026-01-27T18:50:00Z,2,2,Equipment problem,In Progres,OUTAGE,Service Secondary,PON,NORMAL,42.59506,-83.18993
NW26012700139,2026-01-27T17:15:01Z,2026-01-27T17:47:19Z,2,2026-01-27T14:38:31Z,2026-01-27T19:10:00Z,1,1,Equipment problem,In Progres,OUTAGE,Single Customer,PON,NORMAL,42.59511,-83.19154
NW26012700199,2026-01-27T17:15:01Z,2026-01-27T20:31:32Z,7,2026-01-27T15:50:49Z,2026-01-27T20:20:00Z,1,1,Determined upon crew arrival,In Progres,OUTAGE,Single Customer,HWL,NORMAL,42.50231,-83.80064
NW26012700202,2026-01-27T17:15:01Z,2026-01-27T18:40:57Z,3,2026-01-27T15:48:16Z,2026-01-27T20:20:00Z,1,1,Determined upon crew arrival,In Progres,OUTAGE,Single Customer,SBY,NORMAL,42.6761,-83.13596
SE26012700160,2026-01-27T17:15:01Z,2026-01-27T17:47:19Z,2,2026-01-27T15:04:32Z,2026-01-27T19:35:00Z,1,1,Equipment problem,In Progres,OUTAGE,Single Customer,CAN,NORMAL,42.3838,-83.10015
SE26012700165,2026-01-27T17:15:01Z,2026-01-27T17:47:19Z,2,2026-01-27T07:28:27Z,2026-01-27T19:40:00Z,1,1,Determined upon crew arrival,In Progres,OUTAGE,Single Customer,RFD,NORMAL,42.45931,-83.18285
SE26012700181,2026-01-27T17:15:01Z,2026-01-27T17:47:19Z,2,2026-01-27T15:04:31Z,2026-01-27T19:55:00Z,1,1,Determined upon crew arrival,In Progres,OUTAGE,Single Customer,RFD,NORMAL,42.43772,-83.24332
SE26012700212,2026-01-27T17:15:01Z,2026-01-27T17:15:01Z,1,2026-01-27T16:06:39Z,2026-01-27T20:40:00Z,1836,1836,Equipment problem,In Progres,OUTAGE,Device (II),RFD,NORMAL,42.50166,-83.30383
SE26012700242,2026-01-27T17:15:01Z,2026-01-27T17:47:19Z,2,2026-01-27T16:14:06Z,2026-01-27T20:45:00Z,1,1,Determined upon crew arrival,In Progres,PRIORITY,,RFD,NORMAL,42.50233,-83.3087
SE26012700245,2026-01-27T17:15:01Z,2026-01-27T17:47:19Z,2,2026-01-27T16:14:44Z,2026-01-27T20:45:00Z,1,1,Determined upon crew arrival,In Progres,PRIORITY,,RFD,NORMAL,42.50159,-83.30663
SE26012700246,2026-01-27T17:15:01Z,2026-01-27T17:47:19Z,2,2026-01-27T16:14:57Z,2026-01-27T20:45:00Z,1,1,Determined upon crew arrival,In Progres,PRIORITY,,RFD,NORMAL,42.50094,-83.29953
SE26012700271,2026-01-27T17:15:01Z,2026-01-27T19:57:44Z,6,2026-01-27T16:27:36Z,2026-01-27T21:00:00Z,1,1,Equipment problem,In Progres,OUTAGE,Single Customer,RFD,NORMAL,42.36359,-83.2174
SE26012700274,2026-01-27T17:15:01Z,2026-01-27T20:31:32Z,7,2026-01-27T16:30:10Z,2026-01-27T21:00:00Z,1,1,Determined upon crew arrival,In Progres,PRIORITY,,RFD,NORMAL,42.49948,-83.29826
SE26012700277,2026-01-27T17:15:01Z,2026-01-27T19:15:00Z,4,2026-01-27T16:31:49Z,2026-01-27T21:00:00Z,1,1,Equipment problem,In Progres,OUTAGE,Single Customer,CAN,NORMAL,42.36116,-83.11467
SE26012700279,2026-01-27T17:15:01Z,2026-01-27T17:47:19Z,2,2026-01-27T16:32:31Z,2026-01-27T21:05:00Z,1,1,Determined upon crew arrival,In Progres,PRIORITY,,RFD,NORMAL,42.50255,-83.30785
SE26012700292,2026-01-27T17:15:01Z,2026-01-27T17:47:19Z,2,2026-01-27T16:46:53Z,2026-01-27T21:15:00Z,1,1,Determined upon crew arrival,In Progres,PRIORITY,,RFD,NORMAL,42.50326,-83.31069
SW26012700168,2026-01-27T17:15:01Z,2026-01-27T23:44:55Z,14,2026-01-27T15:13:33Z,2026-01-28T07:45:00Z,1,1,Equipment problem,In Progres,OUTAGE,Single Customer,ANN,NORMAL,42.23251,-83.74523
SW26012700196,2026-01-27T17:15:01Z,2026-01-27T19:57:44Z,6,2026-01-27T15:49:33Z,2026-01-27T20:20:00Z,1,1,Determined upon crew arrival,In Progres,OUTAGE,Single Customer,NPT,NORMAL,42.12446,-83.21883
NW26012700321,2026-01-27T17:47:19Z,2026-01-27T17:47:19Z,1,2026-01-27T17:30:00Z,,1,1,Determined upon crew arrival,New,OUTAGE,Single Customer,HWL,NORMAL,42.46264,-83.71747
SE26012700307,2026-01-27T17:47:19Z,2026-01-27T17:47:19Z,1,2026-01-27T17:14:56Z,2026-01-27T21:45:00Z,1,1,Determined upon crew arrival,New,OUTAGE,Single Customer,RFD,NORMAL,42.50365,-83.30197
SE26012700308,2026-01-27T17:47:19Z,2026-01-27T17:47:19Z,1,2026-01-27T17:15:35Z,2026-01-27T21:45:00Z,1,1,Determined upon crew arrival,New,OUTAGE,Single Customer,RFD,NORMAL,42.50167,-83.31394
SE26012700310,2026-01-27T17:47:19Z,2026-01-27T17:47:19Z,1,2026-01-27T17:19:33Z,2026-01-27T21:50:00Z,1,1,Determined upon crew arrival,New,OUTAGE,Single Customer,RFD,NORMAL,42.50424,-83.30893
SE26012700316,2026-01-27T17:47:19Z,2026-01-27T18:40:57Z,2,2026-01-27T17:21:14Z,2026-01-27T21:55:00Z,7,7,Determined upon crew arrival,In Progres,OUTAGE,Service Transformer,RFD,NORMAL,42.51479,-83.10108
SE26012700320,2026-01-27T17:47:19Z,2026-01-28T04:45:13Z,17,2026-01-27T17:28:58Z,2026-01-28T10:00:00Z,1,1,Equipment problem,In Progres,OUTAGE,Single Customer,RFD,NORMAL,42.46452,-83.11571
SW26012700312,2026-01-27T17:47:19Z,2026-01-27T17:47:19Z,1,2026-01-27T17:20:13Z,2026-01-27T21:50:00Z,54,54,Determined upon crew arrival,In Progres,OUTAGE,Device (II),WWS,NORMAL,42.39538,-83.42296
SW26012700317,2026-01-27T17:47:19Z,2026-01-27T17:47:19Z,1,2026-01-27T17:25:59Z,2026-01-27T21:55:00Z,39,39,Determined upon crew arrival,In Progres,OUTAGE,Service Transformer,WWS,NORMAL,42.43563,-83.46918
SW26012700319,2026-01-27T17:47:19Z,2026-01-27T17:47:19Z,1,2026-01-27T17:13:29Z,,1,1,Determined upon crew arrival,New,OUTAGE,Single Customer,WWS,NORMAL,42.44133,-83.36491
NW26012700351,2026-01-27T18:40:57Z,2026-01-27T20:56:24Z,6,2026-01-26T15:56:03Z,2026-01-27T22:40:00Z,1,1,Equipment problem,In Progres,OUTAGE,Single Customer,PON,NORMAL,42.56999,-83.13309
NW26012700360,2026-01-27T18:40:57Z,2026-01-27T21:54:39Z,9,2026-01-26T22:08:08Z,2026-01-27T22:50:00Z,1,1,Determined upon crew arrival,In Progres,OUTAGE,Single Customer,PON,NORMAL,42.6151,-83.34728
SE26012700336,2026-01-27T18:40:57Z,2026-01-27T19:57:44Z,4,2026-01-27T17:51:33Z,2026-01-27T22:20:00Z,1,1,Public Interference w/DTE equip,In Progres,OUTAGE,Single Customer,RFD,NORMAL,42.47164,-83.17107
SE26012700343,2026-01-27T18:40:57Z,2026-01-27T19:57:44Z,4,2026-01-27T17:48:48Z,2026-01-27T22:25:00Z,1,1,Public Interference w/DTE equip,In Progres,SERVICE DOWN NO,,RFD,NORMAL,42.47164,-83.17107
SE26012700365,2026-01-27T18:40:57Z,2026-01-27T18:40:57Z,1,2026-01-27T18:27:12Z,,1,1,Determined upon crew arrival,New,OUTAGE,Single Customer,RFD,NORMAL,42.34218,-83.20779
SW26012700340,2026-01-27T18:40:57Z,2026-01-27T18:40:57Z,1,2026-01-27T17:48:51Z,2026-01-27T22:20:00Z,17,17,Determined upon crew arrival,In Progres,OUTAGE,Service Transformer,WWS,NORMAL,42.43645,-83.47037
SW26012700368,2026-01-27T18:40:57Z,2026-01-27T18:40:57Z,1,2026-01-27T18:14:28Z,,1,1,Determined upon crew arrival,New,OUTAGE,Single Customer,WWS,NORMAL,42.35994,-83.48007
NW26012700376,2026-01-27T19:15:00Z,2026-01-28T06:38:20Z,18,2026-01-27T18:41:13Z,2026-01-28T11:10:00Z,1,1,Equipment problem,In Progres,OUTAGE,Single Customer,SBY,NORMAL,42.56925,-83.05008
SE26012700384,2026-01-27T19:15:00Z,2026-01-28T03:52:42Z,14,2026-01-27T18:52:56Z,2026-01-28T11:25:00Z,1,1,Determined upon crew arrival,In Progres,OUTAGE,Single Customer,RFD,NORMAL,42.38878,-83.16384
SW26012700373,2026-01-27T19:15:00Z,2026-01-27T20:31:32Z,4,2026-01-27T18:35:46Z,2026-01-27T23:05:00Z,1,1,Determined upon crew arrival,In Progres,OUTAGE,Single Customer,WWS,NORMAL,42.471,-83.4641
SW26012700385,2026-01-27T19:15:00Z,2026-01-27T21:22:37Z,6,2026-01-27T17:13:29Z,2026-01-27T23:25:00Z,1,1,Equipment problem,In Progres,OUTAGE,Single Customer,WWS,NORMAL,42.44133,-83.36491
NW26012700391,2026-01-27T19:42:55Z,2026-01-27T22:24:22Z,8,2026-01-27T19:09:30Z,2026-01-27T23:40:00Z,1,1,Equipment problem,In Progres,OUTAGE,Single Customer,HWL,NORMAL,42.46986,-83.99643
NW26012700401,2026-01-27T19:57:44Z,2026-01-27T19:57:44Z,1,2026-01-27T19:32:29Z,2026-01-28T00:05:00Z,1,1,Determined upon crew arrival,New,OUTAGE,Single Customer,PON,NORMAL,42.59506,-83.18993
SE26012700402,2026-01-27T19:57:44Z,2026-01-27T23:56:47Z,10,2026-01-27T18:27:12Z,2026-01-28T00:05:00Z,1,1,Determined upon crew arrival,In Progres,OUTAGE,Single Customer,RFD,NORMAL,42.34218,-83.20779
SE26012700403,2026-01-27T19:57:44Z,2026-01-27T22:24:22Z,7,2026-01-27T19:35:45Z,2026-01-28T00:05:00Z,1,1,Determined upon crew arrival,In Progres,OUTAGE,Single Customer,RFD,NORMAL,42.43445,-83.2362
SE26012700404,2026-01-27T19:57:44Z,2026-01-27T19:57:44Z,1,2026-01-27T19:37:46Z,2026-01-28T00:10:00Z,1,1,Determined upon crew arrival,New,OUTAGE,Single Customer,RFD,NORMAL,42.40063,-83.16005
SE26012700407,2026-01-27T19:57:44Z,2026-01-27T19:57:44Z,1,2026-01-27T19:39:54Z,2026-01-28T00:10:00Z,1,1,Determined upon crew arrival,New,OUTAGE,Single Customer,CAN,NORMAL,42.36687,-82.95109
SW26012700400,2026-01-27T19:57:44Z,2026-01-27T19:57:44Z,1,2026-01-27T19:32:31Z,2026-01-28T00:05:00Z,1,1,Determined upon crew arrival,In Progres,OUTAGE,Single Customer,WWS,NORMAL,42.1898,-83.33166
SW26012700406,2026-01-27T19:57:44Z,2026-01-27T20:31:32Z,2,2026-01-27T19:39:28Z,2026-01-28T00:10:00Z,109,28,Determined upon crew arrival,In Progres,OUTAGE,Device (II),WWS,NORMAL,42.24336,-83.33112
SE26012700423,2026-01-27T20:31:32Z,2026-01-28T02:09:55Z,10,2026-01-27T19:55:05Z,2026-01-28T12:30:00Z,1,1,Equipment problem,In Progres,OUTAGE,Single Customer,CAN,NORMAL,42.41288,-83.00569
SE26012700435,2026-01-27T20:31:32Z,2026-01-28T04:45:13Z,12,2026-01-26T18:58:53Z,2026-01-28T12:40:00Z,1,1,Determined upon crew arrival,In Progres,OUTAGE,Single Customer,RFD,NORMAL,42.40284,-83.17302
SE26012700437,2026-01-27T20:31:32Z,2026-01-27T22:24:22Z,6,2026-01-27T20:12:00Z,2026-01-28T00:40:00Z,1,1,Equipment problem,In Progres,OUTAGE,Single Customer,CAN,NORMAL,42.39471,-82.96306
SW26012700410,2026-01-27T20:31:32Z,2026-01-28T02:09:55Z,10,2026-01-27T19:47:04Z,2026-01-28T04:15:00Z,7,7,Equipment problem,In Progres,OUTAGE,Service Secondary,WWS,NORMAL,42.25269,-83.29252
SW26012700413,2026-01-27T20:31:32Z,2026-01-27T23:56:47Z,9,2026-01-27T19:51:38Z,2026-01-28T00:20:00Z,1,1,Determined upon crew arrival,In Progres,PRIORITY,,WWS,NORMAL,42.24642,-83.32713
SW26012700418,2026-01-27T20:31:32Z,2026-01-27T20:31:32Z,1,2026-01-27T19:55:36Z,2026-01-28T00:25:00Z,1,1,Determined upon crew arrival,PC3 Verifi,PRIORITY,,WWS,NORMAL,42.23585,-83.32649
SW26012700440,2026-01-27T20:31:32Z,2026-01-27T20:31:32Z,1,2026-01-27T19:58:01Z,,4,4,Determined upon crew arrival,New,OUTAGE,Service Transformer,WWS,NORMAL,42.44167,-83.36493
NE26012700468,2026-01-27T20:56:24Z,2026-01-27T23:56:47Z,8,2026-01-27T20:20:56Z,2026-01-28T01:10:00Z,1,1,Equipment problem,In Progres,OUTAGE,Single Customer,MTC,NORMAL,42.53648,-82.95201
NW26012700454,2026-01-27T20:56:24Z,2026-01-27T22:24:22Z,5,2026-01-27T20:32:42Z,2026-01-28T01:05:00Z,26,26,Equipment problem,In Progres,OUTAGE,Service Transformer,PON,NORMAL,42.67966,-83.25888
NW26012700457,2026-01-27T20:56:24Z,2026-01-27T23:44:55Z,7,2026-01-27T20:32:41Z,2026-01-28T01:05:00Z,36,36,Equipment problem,In Progres,OUTAGE,Device (I),PON,NORMAL,42.67911,-83.25756
SE26012700460,2026-01-27T20:56:24Z,2026-01-27T23:56:47Z,8,2026-01-27T20:23:22Z,2026-01-28T01:10:00Z,1,1,Determined upon crew arrival,In Progres,OUTAGE,Single Customer,CAN,NORMAL,42.37014,-83.13681
SW26012700442,2026-01-27T20:56:24Z,2026-01-27T22:24:22Z,5,2026-01-27T20:15:16Z,2026-01-28T00:45:00Z,1,1,Equipment problem,Pending,OUTAGE,Single Customer,NPT,NORMAL,42.13004,-83.26164
SE26012700478,2026-01-27T21:22:37Z,2026-01-27T22:24:22Z,4,2026-01-27T20:58:10Z,2026-01-28T01:30:00Z,1,1,Determined upon crew arrival,In Progres,OUTAGE,Single Customer,RFD,NORMAL,42.50294,-83.30188
SW26012700474,2026-01-27T21:22:37Z,2026-01-27T22:24:22Z,4,2026-01-27T20:46:22Z,2026-01-28T01:20:00Z,38,38,Determined upon crew arrival,In Progres,OUTAGE,Service Transformer,ANN,NORMAL,42.24219,-83.67249
SW26012700483,2026-01-27T21:22:37Z,2026-01-27T23:56:47Z,7,2026-01-27T20:47:51Z,2026-01-28T01:40:00Z,1,1,Determined upon crew arrival,In Progres,PRIORITY,,NPT,NORMAL,42.00614,-83.36813
SW26012700486,2026-01-27T21:22:37Z,2026-01-27T21:22:37Z,1,2026-01-27T21:12:58Z,,1,1,Determined upon crew arrival,New,OUTAGE,Single Customer,WWS,NORMAL,42.25364,-83.29457
SW26012700488,2026-01-27T21:22:37Z,2026-01-27T21:22:37Z,1,2026-01-27T20:59:23Z,,1,1,Determined upon crew arrival,New,OUTAGE,Single Customer,WWS,NORMAL,42.35994,-83.48007
NW26012700493,2026-01-27T21:43:00Z,2026-01-27T23:56:47Z,6,2026-01-27T21:11:04Z,2026-01-28T01:50:00Z,1,1,Determined upon crew arrival,In Progres,OUTAGE,Single Customer,PON,NORMAL,42.70766,-83.34567
SW26012700498,2026-01-27T21:54:39Z,2026-01-27T21:54:39Z,1,2026-01-27T21:30:51Z,2026-01-28T02:00:00Z,1,1,Determined upon crew arrival,New,OUTAGE,Single Customer,WWS,NORMAL,42.25364,-83.29457
NW26012700505,2026-01-27T22:24:22Z,2026-01-28T02:09:55Z,5,2026-01-27T21:47:07Z,2026-01-28T02:15:00Z,1,1,Equipment problem,In Progres,OUTAGE,Single Customer,PON,NORMAL,42.59413,-83.13044
SE26012700509,2026-01-27T22:24:22Z,2026-01-28T11:54:27Z,20,2026-01-27T21:15:49Z,2026-01-28T14:25:00Z,1,1,Equipment problem,In Progres,OUTAGE,Single Customer,RFD,NORMAL,42.49346,-83.10358
SE26012700510,2026-01-27T22:24:22Z,2026-01-28T02:09:55Z,5,2026-01-27T21:57:32Z,2026-01-28T02:30:00Z,1,1,Determined upon crew arrival,In Progres,OUTAGE,Single Customer,RFD,NORMAL,42.50202,-83.30304
SE26012700512,2026-01-27T22:24:22Z,2026-01-27T23:56:47Z,4,2026-01-27T21:58:13Z,2026-01-28T02:30:00Z,1,1,Equipment problem,In Progres,OUTAGE,Single Customer,RFD,NORMAL,42.48596,-83.21469
SE26012700514,2026-01-27T22:24:22Z,2026-01-27T23:56:47Z,4,2026-01-27T21:57:19Z,2026-01-28T02:30:00Z,555,555,Equipment problem,In Progres,OUTAGE,Device (II),RFD,NORMAL,42.32032,-83.17237
SE26012700526,2026-01-27T22:24:22Z,2026-01-27T22:24:22Z,1,2026-01-27T21:58:42Z,2026-01-28T02:35:00Z,2,2,Determined upon crew arrival,New,OUTAGE,Service Secondary,RFD,NORMAL,42.31748,-83.17389
SE26012700529,2026-01-27T22:24:22Z,2026-01-27T22:24:22Z,1,2026-01-27T22:06:10Z,2026-01-28T02:35:00Z,1,1,Determined upon crew arrival,New,OUTAGE,Single Customer,RFD,NORMAL,42.31765,-83.17511
SE26012700532,2026-01-27T22:24:22Z,2026-01-27T22:24:22Z,1,2026-01-27T22:08:11Z,2026-01-28T02:40:00Z,12,12,Determined upon crew arrival,New,OUTAGE,Service Transformer,RFD,NORMAL,42.31813,-83.17392
SE26012700533,2026-01-27T22:24:22Z,2026-01-27T22:24:22Z,1,2026-01-27T22:08:15Z,2026-01-28T02:40:00Z,1,1,Determined upon crew arrival,New,OUTAGE,Single Customer,RFD,NORMAL,42.31668,-83.17148
SE26012700536,2026-01-27T22:24:22Z,2026-01-27T23:56:47Z,4,2026-01-27T21:58:42Z,2026-01-28T02:40:00Z,62,62,Equipment problem,In Progres,OUTAGE,Service Transformer,RFD,NORMAL,42.31817,-83.17273
SE26012700537,2026-01-27T22:24:22Z,2026-01-27T23:56:47Z,4,2026-01-27T22:12:29Z,2026-01-28T02:45:00Z,1,1,Determined upon crew arrival,In Progres,PRIORITY,,RFD,NORMAL,42.32127,-83.16982
SE26012700538,2026-01-27T22:24:22Z,2026-01-27T23:56:47Z,4,2026-01-27T22:13:35Z,2026-01-28T02:45:00Z,1,1,Determined upon crew arrival,In Progres,PRIORITY,,RFD,NORMAL,42.32214,-83.17021
SE26012700541,2026-01-27T22:24:22Z,2026-01-27T22:24:22Z,1,2026-01-27T21:58:43Z,,1,1,Determined upon crew arrival,New,OUTAGE,Single Customer,RFD,NORMAL,42.3163,-83.1742
SW26012700531,2026-01-27T22:24:22Z,2026-01-27T23:56:47Z,4,2026-01-27T22:07:54Z,2026-01-28T02:40:00Z,1,1,Determined upon crew arrival,In Progres,OUTAGE,Single Customer,NPT,NORMAL,41.99825,-83.60712
NE26012700570,2026-01-27T23:23:41Z,2026-01-28T09:48:28Z,15,2026-01-27T22:50:40Z,2026-01-28T15:20:00Z,1,1,Equipment problem,In Progres,OUTAGE,Single Customer,MTC,NORMAL,42.46399,-83.00667
SE26012700564,2026-01-27T23:23:41Z,2026-01-28T15:03:10Z,23,2026-01-27T22:40:16Z,2026-01-28T15:10:00Z,1,1,Determined upon crew arrival,Pending,PRIORITY,,RFD,NORMAL,42.31487,-83.17238
SW26012700565,2026-01-27T23:23:41Z,2026-01-27T23:56:47Z,3,2026-01-27T20:24:49Z,2026-01-28T03:15:00Z,1,1,Determined upon crew arrival,In Progres,OUTAGE,Single Customer,WWS,NORMAL,42.29153,-83.29856
SW26012700580,2026-01-27T23:23:41Z,2026-01-27T23:23:41Z,1,2026-01-27T23:14:56Z,,1,1,Determined upon crew arrival,New,OUTAGE,Single Customer,WWS,NORMAL,42.25364,-83.29457
SE26012700589,2026-01-27T23:44:55Z,2026-01-27T23:56:47Z,2,2026-01-27T23:25:20Z,2026-01-28T03:55:00Z,1,1,Determined upon crew arrival,In Progres,PRIORITY,,RFD,NORMAL,42.31988,-83.17013
NW26012700594,2026-01-27T23:56:47Z,2026-01-28T16:39:02Z,23,2026-01-27T23:31:59Z,2026-01-29T04:00:00Z,1,1,Equipment problem,In Progres,OUTAGE,Single Customer,PON,NORMAL,42.78922,-83.35138
SE26012700597,2026-01-27T23:56:47Z,2026-01-28T02:09:55Z,2,2026-01-27T23:37:37Z,2026-01-28T04:10:00Z,1,1,Equipment problem,In Progres,OUTAGE,Single Customer,CAN,NORMAL,42.41078,-82.98758
NW26012700616,2026-01-28T02:09:55Z,2026-01-28T03:52:42Z,2,2026-01-28T00:23:19Z,2026-01-28T05:00:00Z,1,1,Equipment problem,In Progres,OUTAGE,Single Customer,PON,NORMAL,42.56607,-83.27968
NW26012700621,2026-01-28T02:09:55Z,2026-01-28T02:09:55Z,1,2026-01-28T00:34:21Z,2026-01-28T05:05:00Z,1,1,Equipment problem,In Progres,OUTAGE,Single Customer,SBY,NORMAL,42.67179,-83.10803
NW26012700652,2026-01-28T02:09:55Z,2026-01-29T06:06:49Z,39,2026-01-28T01:59:08Z,2026-01-29T06:30:00Z,1,1,Determined upon crew arrival,In Progres,PRIORITY,,PON,NORMAL,42.61988,-83.2468
SE26012700638,2026-01-28T02:09:55Z,2026-01-28T03:52:42Z,2,2026-01-28T01:07:17Z,2026-01-28T05:45:00Z,1,1,Determined upon crew arrival,In Progres,OUTAGE,Single Customer,RFD,NORMAL,42.28576,-83.27516
SW26012700620,2026-01-28T02:09:55Z,2026-01-28T11:54:27Z,16,2026-01-28T00:32:29Z,2026-01-28T13:05:00Z,1,1,Equipment problem,Pending,PRIORITY,,ANN,NORMAL,42.28044,-83.72721
SW26012700644,2026-01-28T02:09:55Z,2026-01-28T02:09:55Z,1,2026-01-28T01:23:12Z,2026-01-28T05:55:00Z,1,1,Determined upon crew arrival,New,OUTAGE,Single Customer,WWS,NORMAL,42.25364,-83.29457
SE26012700658,2026-01-28T03:52:42Z,2026-01-28T05:16:41Z,3,2026-01-28T02:28:12Z,2026-01-28T07:05:00Z,1,1,Determined upon crew arrival,In Progres,OUTAGE,Single Customer,CAN,NORMAL,42.42867,-83.00862
SE26012800015,2026-01-28T07:40:07Z,2026-01-28T07:54:59Z,2,2026-01-28T06:54:56Z,2026-01-28T11:25:00Z,1,1,Determined upon crew arrival,New,OUTAGE,Single Customer,RFD,NORMAL,42.3386,-83.29837
NE26012800019,2026-01-28T07:54:59Z,2026-01-28T07:54:59Z,1,2026-01-28T07:27:40Z,,1,1,Determined upon crew arrival,New,OUTAGE,Single Customer,MTC,NORMAL,42.52456,-82.94756
NE26012800023,2026-01-28T11:00:57Z,2026-01-28T15:03:10Z,7,2026-01-28T05:02:57Z,2026-01-28T15:10:00Z,1,1,Determined upon crew arrival,In Progres,OUTAGE,Single Customer,MTC,NORMAL,42.63432,-82.90243
NW26012800024,2026-01-28T11:00:57Z,2026-01-28T11:00:57Z,1,2026-01-28T10:41:35Z,2026-01-28T15:10:00Z,2592,2592,Determined upon crew arrival,New,OUTAGE,Device (II),SBY,NORMAL,42.72319,-83.03989
NA26012800027,2026-01-28T11:35:13Z,2026-01-28T11:35:13Z,1,2026-01-28T11:30:06Z,,1,1,Determined upon crew arrival,New,OUTAGE,Single Customer,PON,NORMAL,42.81158,-83.46732
NW26012800026,2026-01-28T11:35:13Z,2026-01-28T12:53:41Z,3,2026-01-28T11:09:17Z,2026-01-28T15:40:00Z,1,1,Equipment problem,In Progres,OUTAGE,Single Customer,PON,NORMAL,42.76217,-83.62036
NE26012800036,2026-01-28T12:53:41Z,2026-01-28T12:53:41Z,1,2026-01-28T12:38:43Z,2026-01-28T17:10:00Z,1,1,Determined upon crew arrival,New,OUTAGE,Single Customer,MTC,NORMAL,42.68725,-82.80246
NE26012800038,2026-01-28T12:53:41Z,2026-01-28T12:53:41Z,1,2026-01-28T12:40:45Z,2026-01-28T17:10:00Z,1,1,Determined upon crew arrival,New,OUTAGE,Single Customer,MTC,NORMAL,42.67772,-82.82227
SE26012800028,2026-01-28T12:53:41Z,2026-01-28T15:50:03Z,5,2026-01-27T21:57:23Z,2026-01-28T16:20:00Z,1,1,Animal/bird damaged DTE equip,In Progres,OUTAGE,Single Customer,RFD,NORMAL,42.31785,-83.17042
SW26012800030,2026-01-28T12:53:41Z,2026-01-28T19:14:14Z,10,2026-01-28T00:32:29Z,2026-01-29T04:35:00Z,1,1,Equipment problem,In Progres,OUTAGE,Single Customer,ANN,NORMAL,42.28044,-83.72721
NE26012800043,2026-01-28T13:50:19Z,2026-01-28T15:03:10Z,3,2026-01-28T12:47:25Z,2026-01-28T17:20:00Z,1,1,Equipment problem,In Progres,OUTAGE,Single Customer,MTC,NORMAL,42.68529,-82.8089
NE26012800139,2026-01-28T13:50:19Z,2026-01-28T15:03:10Z,3,2026-01-28T13:07:55Z,2026-01-28T17:40:00Z,1,1,Determined upon crew arrival,In Progres,OUTAGE,Single Customer,MTC,NORMAL,42.68918,-82.81613
NE26012800142,2026-01-28T13:50:19Z,2026-01-28T15:03:10Z,3,2026-01-28T13:10:28Z,2026-01-28T17:40:00Z,1,1,Determined upon crew arrival,In Progres,OUTAGE,Single Customer,MTC,NORMAL,42.68751,-82.80404
NE26012800156,2026-01-28T13:50:19Z,2026-01-28T17:19:22Z,6,2026-01-28T13:31:03Z,2026-01-28T18:00:00Z,1,1,Determined upon crew arrival,In Progres,OUTAGE,Single Customer,MTC,NORMAL,42.68502,-82.81872
NW26012800140,2026-01-28T13:50:19Z,2026-01-28T15:03:10Z,3,2026-01-27T20:13:49Z,2026-01-28T17:40:00Z,1,1,Equipment problem,In Progres,OUTAGE,Single Customer,PON,NORMAL,42.63178,-83.33017
SE26012800137,2026-01-28T13:50:19Z,2026-01-28T15:50:03Z,4,2026-01-28T13:07:44Z,2026-01-28T17:40:00Z,2,2,Equipment problem,In Progres,OUTAGE,Service Secondary,RFD,NORMAL,42.31063,-83.1437
SE26012800144,2026-01-28T13:50:19Z,2026-01-28T16:39:02Z,5,2026-01-28T13:12:48Z,2026-01-28T17:45:00Z,1,1,Equipment problem,In Progres,OUTAGE,Single Customer,RFD,NORMAL,42.32598,-83.12061
SE26012800153,2026-01-28T13:50:19Z,2026-01-28T23:35:31Z,17,2026-01-27T20:54:47Z,2026-01-29T05:55:00Z,1,1,Equipment problem,In Progres,OUTAGE,Single Customer,RFD,NORMAL,42.42974,-83.28937
SE26012800162,2026-01-28T13:50:19Z,2026-01-28T19:45:13Z,10,2026-01-28T13:40:40Z,2026-01-29T06:10:00Z,1,1,Equipment problem,In Progres,OUTAGE,Single Customer,CAN,NORMAL,42.39649,-83.05178
SW26012800149,2026-01-28T13:50:19Z,2026-01-28T15:03:10Z,3,2026-01-28T13:14:02Z,2026-01-28T17:45:00Z,1,1,Determined upon crew arrival,In Progres,OUTAGE,Single Customer,ANN,NORMAL,42.27237,-83.72669
NW26012800174,2026-01-28T14:32:00Z,2026-01-28T21:59:32Z,13,2026-01-28T14:03:36Z,2026-01-29T06:35:00Z,1,1,Equipment problem,In Progres,OUTAGE,Single Customer,PON,NORMAL,42.59094,-83.16425
SE26012800171,2026-01-28T14:32:00Z,2026-01-28T15:50:03Z,3,2026-01-28T13:52:14Z,2026-01-28T18:25:00Z,1,1,Determined upon crew arrival,In Progres,OUTAGE,Single Customer,RFD,NORMAL,42.43088,-83.20479
SW26012800177,2026-01-28T14:32:00Z,2026-01-28T23:57:12Z,17,2026-01-28T13:31:20Z,2026-01-29T06:45:00Z,1,1,Determined upon crew arrival,In Progres,OUTAGE,Single Customer,NPT,NORMAL,41.93666,-83.3928
NA26012800214,2026-01-28T15:03:10Z,2026-01-28T15:03:10Z,1,2026-01-28T14:45:14Z,,1,1,Determined upon crew arrival,New,PRIORITY,,SBY,NORMAL,42.55471,-83.071
NE26012800184,2026-01-28T15:03:10Z,2026-01-28T17:19:22Z,4,2026-01-28T14:21:09Z,2026-01-28T18:50:00Z,1,1,Equipment problem,In Progres,OUTAGE,Single Customer,MTC,NORMAL,42.81718,-82.75757
NE26012800199,2026-01-28T15:03:10Z,2026-01-28T17:19:22Z,4,2026-01-28T14:11:49Z,2026-01-28T18:55:00Z,33,33,Determined upon crew arrival,In Progres,OUTAGE,Service Transformer,MAR,NORMAL,43.26804,-82.53024
NE26012800208,2026-01-28T15:03:10Z,2026-01-29T02:36:45Z,17,2026-01-28T14:39:28Z,2026-01-29T07:10:00Z,1,1,Determined upon crew arrival,In Progres,OUTAGE,Single Customer,MTC,NORMAL,42.64704,-82.88926
NW26012800202,2026-01-28T15:03:10Z,2026-01-28T15:03:10Z,1,2026-01-28T14:29:26Z,2026-01-28T19:00:00Z,1,1,Determined upon crew arrival,In Progres,OUTAGE,Single Customer,HWL,NORMAL,42.70283,-84.28848
NW26012800213,2026-01-28T15:03:10Z,2026-01-28T15:03:10Z,1,2026-01-28T14:19:46Z,,182,182,Determined upon crew arrival,In Progres,OUTAGE,Device (II),PON,NORMAL,42.60229,-83.2974
SE26012800181,2026-01-28T15:03:10Z,2026-01-28T20:00:29Z,9,2026-01-28T14:20:06Z,2026-01-28T22:50:00Z,1,1,Problem with the customer equip,In Progres,PRIORITY,,RFD,NORMAL,42.47176,-83.12077
SW26012800206,2026-01-28T15:03:10Z,2026-01-28T15:50:03Z,2,2026-01-28T14:34:05Z,2026-01-28T19:05:00Z,124,124,Determined upon crew arrival,In Progres,OUTAGE,Device (I),WWS,NORMAL,42.52283,-83.50077
NE26012800234,2026-01-28T15:50:03Z,2026-01-28T17:19:22Z,3,2026-01-28T15:08:37Z,2026-01-28T19:45:00Z,9,9,Determined upon crew arrival,In Progres,OUTAGE,Service Transformer,MTC,NORMAL,42.55668,-82.87902
NE26012800239,2026-01-28T15:50:03Z,2026-01-28T16:39:02Z,2,2026-01-28T15:26:03Z,2026-01-28T19:55:00Z,1,1,Determined upon crew arrival,In Progres,OUTAGE,Single Customer,MAR,NORMAL,42.97411,-82.43401
NE26012800243,2026-01-28T15:50:03Z,2026-01-28T17:19:22Z,3,2026-01-28T15:33:26Z,2026-01-28T20:05:00Z,2,2,Determined upon crew arrival,In Progres,OUTAGE,Service Secondary,MTC,NORMAL,42.47063,-82.9807
NW26012800236,2026-01-28T15:50:03Z,2026-01-28T17:19:22Z,3,2026-01-28T15:20:59Z,2026-01-28T19:50:00Z,1,1,Equipment problem,In Progres,OUTAGE,Single Customer,PON,NORMAL,42.65023,-83.39168
SE26012800218,2026-01-28T15:50:03Z,2026-01-28T15:50:03Z,1,2026-01-28T14:48:54Z,2026-01-28T19:20:00Z,1,1,Determined upon crew arrival,In Progres,OUTAGE,Single Customer,RFD,NORMAL,42.42711,-83.15693
SE26012800249,2026-01-28T15:50:03Z,2026-01-29T02:36:45Z,16,2026-01-28T15:40:35Z,2026-01-29T08:10:00Z,1,1,Determined upon crew arrival,In Progres,OUTAGE,Single Customer,RFD,NORMAL,42.39219,-83.18231
SW26012800227,2026-01-28T15:50:03Z,2026-01-28T17:19:22Z,3,2026-01-28T14:53:35Z,2026-01-28T19:30:00Z,18,18,Equipment problem,In Progres,OUTAGE,Device (I),WWS,NORMAL,42.52618,-83.41325
SW26012800244,2026-01-28T15:50:03Z,2026-01-28T16:39:02Z,2,2026-01-28T15:34:12Z,2026-01-28T20:05:00Z,1,1,Equipment problem,In Progres,OUTAGE,Single Customer,NPT,NORMAL,42.13769,-83.25729
NW26012800267,2026-01-28T16:39:02Z,2026-01-28T17:56:17Z,3,2026-01-28T16:06:56Z,2026-01-28T20:35:00Z,1,1,Equipment problem,In Progres,OUTAGE,Single Customer,PON,NORMAL,42.6025,-83.29184
NW26012800280,2026-01-28T16:39:02Z,2026-01-29T05:28:37Z,17,2026-01-28T16:28:38Z,2026-01-29T09:00:00Z,1,1,Determined upon crew arrival,In Progres,OUTAGE,Single Customer,PON,NORMAL,42.49814,-83.54458
SE26012800260,2026-01-28T16:39:02Z,2026-01-28T19:14:14Z,5,2026-01-28T15:54:58Z,2026-01-28T20:25:00Z,1,1,Equipment problem,In Progres,OUTAGE,Single Customer,RFD,NORMAL,42.37819,-83.16762
SE26012800262,2026-01-28T16:39:02Z,2026-01-28T17:19:22Z,2,2026-01-28T15:32:40Z,2026-01-28T20:30:00Z,1,1,Determined upon crew arrival,In Progres,OUTAGE,Single Customer,CAN,NORMAL,42.42899,-82.8903
SW26012800276,2026-01-28T16:39:02Z,2026-01-28T16:39:02Z,1,2026-01-28T16:12:19Z,,1,1,Determined upon crew arrival,New,OUTAGE,Single Customer,ANN,NORMAL,42.33879,-83.88548
NW26012800296,2026-01-28T17:19:22Z,2026-01-28T17:19:22Z,1,2026-01-28T16:59:39Z,,155,155,Determined upon crew arrival,New,OUTAGE,Device (II),PON,NORMAL,42.56746,-83.18424
SE26012800286,2026-01-28T17:19:22Z,2026-01-28T20:00:29Z,6,2026-01-27T23:53:43Z,2026-01-28T21:10:00Z,1,1,Determined upon crew arrival,In Progres,OUTAGE,Single Customer,CAN,NORMAL,42.39621,-82.96532
SE26012800290,2026-01-28T17:19:22Z,2026-01-28T19:45:13Z,5,2026-01-28T16:47:18Z,2026-01-28T21:15:00Z,1,1,Determined upon crew arrival,In Progres,OUTAGE,Single Customer,RFD,NORMAL,42.20055,-83.20264
SW26012800285,2026-01-28T17:19:22Z,2026-01-28T18:42:30Z,3,2026-01-27T21:12:58Z,2026-01-28T21:05:00Z,27,27,Determined upon crew arrival,In Progres,OUTAGE,Service Transformer,WWS,NORMAL,42.25269,-83.29252
SW26012800287,2026-01-28T17:19:22Z,2026-01-28T17:19:22Z,1,2026-01-28T16:31:13Z,2026-01-28T21:10:00Z,2,2,Determined upon crew arrival,New,OUTAGE,Service Secondary,WWS,NORMAL,42.25364,-83.29457
NE26012800301,2026-01-28T17:56:17Z,2026-01-28T21:30:39Z,7,2026-01-28T17:02:03Z,2026-01-28T21:40:00Z,1,1,Determined upon crew arrival,In Progres,OUTAGE,Single Customer,MTC,NORMAL,42.64057,-82.54548
NE26012800311,2026-01-28T17:56:17Z,2026-01-28T22:38:05Z,9,2026-01-28T17:21:04Z,2026-01-29T09:50:00Z,1,1,Equipment problem,In Progres,OUTAGE,Single Customer,MAR,NORMAL,42.69573,-82.50455
NW26012800310,2026-01-28T17:56:17Z,2026-01-28T23:57:12Z,12,2026-01-28T17:09:50Z,2026-01-29T01:50:00Z,4,4,Determined upon crew arrival,In Progres,OUTAGE,Device (I),PON,NORMAL,42.56571,-83.28016
SE26012800320,2026-01-28T17:56:17Z,2026-01-28T17:56:17Z,1,2026-01-28T17:36:48Z,,1,1,Determined upon crew arrival,New,OUTAGE,Single Customer,RFD,NORMAL,42.40821,-83.19343
NE26012800338,2026-01-28T18:42:30Z,2026-01-28T21:30:39Z,6,2026-01-28T18:11:11Z,2026-01-28T22:40:00Z,1,1,Determined upon crew arrival,In Progres,SERVICE DOWN NO,,NAE,NORMAL,43.33894,-82.97466
SE26012800328,2026-01-28T18:42:30Z,2026-01-28T19:14:14Z,2,2026-01-28T18:01:40Z,2026-01-28T22:30:00Z,1,1,Energy theft,In Progres,OUTAGE,Single Customer,CAN,NORMAL,42.4153,-82.95803
SE26012800350,2026-01-28T18:42:30Z,2026-01-29T12:00:12Z,23,2026-01-28T18:24:43Z,2026-01-29T22:55:00Z,1,1,Determined upon crew arrival,In Progres,OUTAGE,Single Customer,CAN,NORMAL,42.32374,-83.09233
SW26012800331,2026-01-28T18:42:30Z,2026-01-28T20:00:29Z,4,2026-01-28T18:05:42Z,2026-01-28T22:35:00Z,1,1,Equipment problem,In Progres,OUTAGE,Single Customer,WWS,NORMAL,42.33777,-83.31502
SW26012800342,2026-01-28T18:42:30Z,2026-01-28T18:42:30Z,1,2026-01-28T18:21:26Z,2026-01-28T22:50:00Z,64,64,Determined upon crew arrival,In Progres,OUTAGE,Device (I),WWS,NORMAL,42.25141,-83.33197
SW26012800349,2026-01-28T18:42:30Z,2026-01-28T20:49:34Z,5,2026-01-28T18:24:02Z,2026-01-28T22:55:00Z,1,1,Determined upon crew arrival,In Progres,PRIORITY,,WWS,NORMAL,42.23585,-83.32649
SW26012800351,2026-01-28T18:42:30Z,2026-01-28T18:42:30Z,1,2026-01-28T18:24:51Z,2026-01-28T22:55:00Z,1,1,Determined upon crew arrival,New,OUTAGE,Single Customer,WWS,NORMAL,42.23686,-83.32639
SW26012800352,2026-01-28T18:42:30Z,2026-01-28T20:00:29Z,4,2026-01-28T18:16:42Z,2026-01-28T22:55:00Z,16,16,Determined upon crew arrival,In Progres,OUTAGE,Service Transformer,ANN,NORMAL,42.24918,-83.57725
SW26012800355,2026-01-28T18:42:30Z,2026-01-28T18:42:30Z,1,2026-01-28T18:26:02Z,2026-01-28T22:55:00Z,1,1,Determined upon crew arrival,New,OUTAGE,Single Customer,WWS,NORMAL,42.2381,-83.32706
SE26012800358,2026-01-28T19:14:14Z,2026-01-28T23:00:06Z,8,2026-01-28T18:06:09Z,2026-01-28T23:05:00Z,1,1,Determined upon crew arrival,In Progres,OUTAGE,Single Customer,CAN,NORMAL,42.36519,-82.95629
SW26012800369,2026-01-28T19:14:14Z,2026-01-28T19:14:14Z,1,2026-01-27T23:14:56Z,,1,1,Determined upon crew arrival,New,OUTAGE,Single Customer,WWS,NORMAL,42.25364,-83.29457
NW26012800377,2026-01-28T19:45:13Z,2026-01-28T23:57:12Z,9,2026-01-28T19:09:25Z,2026-01-29T11:40:00Z,1,1,Equipment problem,In Progres,OUTAGE,Single Customer,PON,NORMAL,42.58442,-83.17396
SW26012800372,2026-01-28T19:45:13Z,2026-01-28T23:00:06Z,7,2026-01-27T23:14:56Z,2026-01-28T23:35:00Z,28,28,Determined upon crew arrival,In Progres,OUTAGE,Service Transformer,WWS,NORMAL,42.25309,-83.29254
NW26012800387,2026-01-28T20:00:29Z,2026-01-28T23:57:12Z,8,2026-01-28T19:43:59Z,2026-01-29T00:15:00Z,160,6,Public Interference w/DTE equip,In Progres,OUTAGE,Device (II),PON,NORMAL,42.52833,-83.52305
NW26012800388,2026-01-28T20:00:29Z,2026-01-28T20:00:29Z,1,2026-01-28T19:44:49Z,,1,1,Determined upon crew arrival,New,OUTAGE,Single Customer,PON,NORMAL,42.52946,-83.51978
NW26012800389,2026-01-28T20:00:29Z,2026-01-28T20:00:29Z,1,2026-01-28T19:45:06Z,,1,1,Determined upon crew arrival,New,OUTAGE,Single Customer,PON,NORMAL,42.52738,-83.52175
NW26012800390,2026-01-28T20:00:29Z,2026-01-28T20:00:29Z,1,2026-01-28T19:45:06Z,,1,1,Determined upon crew arrival,New,OUTAGE,Single Customer,PON,NORMAL,42.52862,-83.51905
NW26012800408,2026-01-28T20:49:34Z,2026-01-28T23:57:12Z,7,2026-01-28T19:53:49Z,2026-01-29T00:25:00Z,1,1,Equipment problem,In Progres,OUTAGE,Single Customer,PON,NORMAL,42.5443,-83.50187
NW26012800417,2026-01-28T20:49:34Z,2026-01-28T21:59:32Z,3,2026-01-28T20:10:54Z,2026-01-29T00:40:00Z,45,45,Equipment problem,In Progres,OUTAGE,Device (I),PON,NORMAL,42.60118,-83.41417
SE26012800416,2026-01-28T20:49:34Z,2026-01-28T20:49:34Z,1,2026-01-28T20:08:03Z,2026-01-29T00:40:00Z,1,1,Determined upon crew arrival,New,OUTAGE,Single Customer,CAN,NORMAL,42.41593,-83.06226
SE26012800436,2026-01-28T20:49:34Z,2026-01-28T23:00:06Z,5,2026-01-28T19:27:04Z,2026-01-29T01:05:00Z,1,1,Determined upon crew arrival,In Progres,SERVICE DOWN NO,,RFD,NORMAL,42.36547,-83.23779
SE26012800448,2026-01-28T21:30:39Z,2026-01-28T23:35:31Z,5,2026-01-28T13:28:49Z,2026-01-29T01:35:00Z,1,1,Determined upon crew arrival,In Progres,OUTAGE,Single Customer,RFD,NORMAL,42.43203,-83.20362
SW26012800463,2026-01-28T21:59:32Z,2026-01-28T21:59:32Z,1,2026-01-28T21:23:21Z,2026-01-29T01:55:00Z,1,1,Determined upon crew arrival,New,OUTAGE,Single Customer,ANN,NORMAL,42.27988,-83.74134
NE26012800479,2026-01-28T22:38:05Z,2026-01-29T07:07:07Z,9,2026-01-28T21:49:38Z,2026-01-29T14:25:00Z,1,1,Equipment problem,In Progres,OUTAGE,Single Customer,MTC,NORMAL,42.60381,-82.87362
NW26012800490,2026-01-28T22:38:05Z,2026-01-29T06:06:49Z,8,2026-01-28T22:04:30Z,2026-01-29T06:35:00Z,1,1,Problem with the customer equip,In Progres,PRIORITY,,PON,NORMAL,42.59094,-83.16425
NW26012800493,2026-01-28T22:38:05Z,2026-01-28T23:57:12Z,4,2026-01-28T22:17:49Z,2026-01-29T02:50:00Z,1,1,Equipment problem,In Progres,OUTAGE,Single Customer,PON,NORMAL,42.76217,-83.62036
SE26012800487,2026-01-28T22:38:05Z,2026-01-29T02:36:45Z,5,2026-01-28T21:53:14Z,2026-01-29T02:30:00Z,1,1,Determined upon crew arrival,In Progres,SERVICE DOWN NO,,RFD,NORMAL,42.41469,-83.29701
SE26012800491,2026-01-28T22:38:05Z,2026-01-28T22:38:05Z,1,2026-01-28T22:12:20Z,2026-01-29T02:40:00Z,1,1,Determined upon crew arrival,New,OUTAGE,Single Customer,RFD,NORMAL,42.38103,-83.19394
SE26012800492,2026-01-28T22:38:05Z,2026-01-29T02:36:45Z,5,2026-01-28T22:13:45Z,2026-01-29T02:45:00Z,1,1,Determined upon crew arrival,In Progres,OUTAGE,Single Customer,CAN,NORMAL,42.44439,-82.94958
SE26012800517,2026-01-28T23:35:31Z,2026-01-29T02:36:45Z,3,2026-01-28T23:07:25Z,2026-01-29T03:45:00Z,1,1,Determined upon crew arrival,In Progres,OUTAGE,Single Customer,RFD,NORMAL,42.33355,-83.23591
SW26012800516,2026-01-28T23:35:31Z,2026-01-29T07:07:07Z,7,2026-01-28T23:11:45Z,2026-01-29T07:45:00Z,57,57,Equipment problem,In Progres,OUTAGE,Device (I),ANN,NORMAL,42.15946,-83.79332
SE26012800526,2026-01-28T23:57:12Z,2026-01-29T02:36:45Z,2,2026-01-28T23:20:01Z,2026-01-29T04:15:00Z,1,1,Determined upon crew arrival,In Progres,OUTAGE,Single Customer,RFD,NORMAL,42.34788,-83.2166
SW26012800525,2026-01-28T23:57:12Z,2026-01-28T23:57:12Z,1,2026-01-28T23:40:43Z,2026-01-29T04:10:00Z,1,1,Determined upon crew arrival,New,OUTAGE,Single Customer,ANN,NORMAL,42.15941,-83.7921
NE26012800540,2026-01-29T02:36:45Z,2026-01-29T15:46:03Z,16,2026-01-28T23:51:30Z,2026-01-29T17:15:00Z,1,1,Equipment problem,In Progres,OUTAGE,Single Customer,MTC,NORMAL,42.55842,-82.92666
SE26012800558,2026-01-29T02:36:45Z,2026-01-29T16:45:22Z,17,2026-01-29T01:39:04Z,2026-01-29T18:10:00Z,1,1,Wind damage,In Progres,OUTAGE,Single Customer,RFD,NORMAL,42.40294,-83.22586
SE26012800562,2026-01-29T04:20:14Z,2026-01-29T09:25:49Z,7,2026-01-29T02:08:55Z,2026-01-29T18:40:00Z,1,1,Equipment problem,In Progres,OUTAGE,Single Customer,RFD,NORMAL,42.47038,-83.1796
SE26012800570,2026-01-29T04:20:14Z,2026-01-29T04:20:14Z,1,2026-01-29T04:01:10Z,2026-01-29T08:30:00Z,1,1,Determined upon crew arrival,New,OUTAGE,Single Customer,CAN,NORMAL,42.43755,-82.94006
NE26012900007,2026-01-29T07:07:07Z,2026-01-29T12:00:12Z,8,2026-01-29T06:43:12Z,2026-01-29T15:15:00Z,152,47,Public Interference w/DTE equip,In Progres,OUTAGE,Device (II),MTC,NORMAL,42.83895,-82.73999
NE26012900008,2026-01-29T07:07:07Z,2026-01-29T07:07:07Z,1,2026-01-29T06:44:04Z,2026-01-29T11:15:00Z,1,1,Determined upon crew arrival,New,OUTAGE,Single Customer,MTC,NORMAL,42.83566,-82.73871
NE26012900009,2026-01-29T07:07:07Z,2026-01-29T07:07:07Z,1,2026-01-29T06:45:36Z,2026-01-29T11:15:00Z,1,1,Determined upon crew arrival,In Progres,OUTAGE,Single Customer,MTC,NORMAL,42.82422,-82.7452
NE26012900010,2026-01-29T07:07:07Z,2026-01-29T07:07:07Z,1,2026-01-29T06:47:03Z,2026-01-29T11:15:00Z,1,1,Determined upon crew arrival,New,OUTAGE,Single Customer,MTC,NORMAL,42.83919,-82.74063
NE26012900011,2026-01-29T07:07:07Z,2026-01-29T07:07:07Z,1,2026-01-29T06:48:46Z,2026-01-29T11:20:00Z,1,1,Determined upon crew arrival,New,OUTAGE,Single Customer,MTC,NORMAL,42.83576,-82.73746
NE26012900013,2026-01-29T07:07:07Z,2026-01-29T07:07:07Z,1,2026-01-29T06:51:29Z,2026-01-29T11:20:00Z,1,1,Determined upon crew arrival,New,OUTAGE,Single Customer,MAR,NORMAL,42.8184,-82.71689
NE26012900014,2026-01-29T07:07:07Z,2026-01-29T07:07:07Z,1,2026-01-29T06:51:34Z,2026-01-29T11:20:00Z,1,1,Determined upon crew arrival,New,OUTAGE,Single Customer,MTC,NORMAL,42.83127,-82.74512
NE26012900016,2026-01-29T07:07:07Z,2026-01-29T07:07:07Z,1,2026-01-29T06:53:58Z,2026-01-29T11:25:00Z,1,1,Determined upon crew arrival,New,OUTAGE,Single Customer,MAR,NORMAL,42.8238,-82.72105
NE26012900017,2026-01-29T07:07:07Z,2026-01-29T07:07:07Z,1,2026-01-29T06:54:48Z,2026-01-29T11:25:00Z,1,1,Determined upon crew arrival,New,OUTAGE,Single Customer,MTC,NORMAL,42.82893,-82.75356
NE26012900018,2026-01-29T07:07:07Z,2026-01-29T07:07:07Z,1,2026-01-29T06:55:13Z,2026-01-29T11:25:00Z,1,1,Determined upon crew arrival,New,OUTAGE,Single Customer,MTC,NORMAL,42.8294,-82.74492
NE26012900019,2026-01-29T07:07:07Z,2026-01-29T07:07:07Z,1,2026-01-29T06:55:37Z,2026-01-29T11:25:00Z,1,1,Determined upon crew arrival,New,OUTAGE,Single Customer,MTC,NORMAL,42.83012,-82.74835
NE26012900020,2026-01-29T07:07:07Z,2026-01-29T07:07:07Z,1,2026-01-29T06:55:56Z,2026-01-29T11:25:00Z,1,1,Determined upon crew arrival,New,OUTAGE,Single Customer,MAR,NORMAL,42.8282,-82.72151
NE26012900022,2026-01-29T07:07:07Z,2026-01-29T07:07:07Z,1,2026-01-29T06:57:27Z,,1,1,Determined upon crew arrival,New,OUTAGE,Single Customer,MAR,NORMAL,42.8181,-82.71846
NE26012900023,2026-01-29T07:07:07Z,2026-01-29T07:07:07Z,1,2026-01-29T06:58:10Z,,1,1,Determined upon crew arrival,New,OUTAGE,Single Customer,MTC,NORMAL,42.82989,-82.7493
NE26012900024,2026-01-29T07:07:07Z,2026-01-29T07:07:07Z,1,2026-01-29T06:58:49Z,,1,1,Determined upon crew arrival,New,OUTAGE,Single Customer,MTC,NORMAL,42.8292,-82.75235
NE26012900025,2026-01-29T07:07:07Z,2026-01-29T07:07:07Z,1,2026-01-29T06:59:30Z,,1,1,Determined upon crew arrival,New,OUTAGE,Single Customer,MTC,NORMAL,42.83727,-82.73799
NW26012900004,2026-01-29T07:07:07Z,2026-01-30T23:57:45Z,55,2026-01-29T06:09:32Z,2026-01-31T02:40:00Z,1,1,Equipment problem,In Progres,PRIORITY,,SBY,NORMAL,42.58979,-83.0449
SW26012900030,2026-01-29T07:54:53Z,2026-01-29T09:25:49Z,3,2026-01-27T21:12:58Z,2026-01-29T11:35:00Z,1,1,Determined upon crew arrival,In Progres,OUTAGE,Single Customer,WWS,NORMAL,42.25269,-83.29252
SW26012900031,2026-01-29T07:54:53Z,2026-01-29T09:25:49Z,3,2026-01-28T23:11:45Z,2026-01-29T11:45:00Z,40,40,Determined upon crew arrival,In Progres,OUTAGE,Service Transformer,ANN,NORMAL,42.1595,-83.79286
NE26012900068,2026-01-29T13:18:36Z,2026-01-29T18:22:07Z,7,2026-01-29T12:25:47Z,2026-01-30T04:55:00Z,1,1,Equipment problem,In Progres,OUTAGE,Single Customer,MTC,NORMAL,42.82159,-82.74067
NW26012900074,2026-01-29T13:18:36Z,2026-01-29T14:58:41Z,3,2026-01-29T12:58:33Z,2026-01-29T17:30:00Z,1,1,Equipment problem,In Progres,OUTAGE,Single Customer,PON,NORMAL,42.53333,-83.5026
SE26012900065,2026-01-29T13:18:36Z,2026-01-29T14:58:41Z,3,2026-01-29T12:12:38Z,2026-01-29T16:45:00Z,1,1,Equipment problem,In Progres,OUTAGE,Single Customer,RFD,NORMAL,42.46508,-83.23642
SE26012900071,2026-01-29T13:18:36Z,2026-01-29T13:18:36Z,1,2026-01-29T12:47:04Z,2026-01-29T17:15:00Z,1,1,Determined upon crew arrival,In Progres,OUTAGE,Single Customer,CAN,NORMAL,42.37522,-82.92555
SW26012900075,2026-01-29T13:18:36Z,2026-01-29T13:18:36Z,1,2026-01-29T12:59:54Z,,1,1,Determined upon crew arrival,New,OUTAGE,Single Customer,ANN,NORMAL,42.24131,-83.67288
SE26012900076,2026-01-29T14:09:35Z,2026-01-29T15:46:03Z,3,2026-01-29T13:18:59Z,2026-01-29T17:50:00Z,1,1,Equipment problem,In Progres,OUTAGE,Single Customer,RFD,NORMAL,42.38734,-83.21114
SE26012900081,2026-01-29T14:09:35Z,2026-01-29T16:45:22Z,4,2026-01-29T13:36:24Z,2026-01-29T18:05:00Z,1,1,Equipment problem,In Progres,OUTAGE,Single Customer,CAN,NORMAL,42.37112,-83.03465
NW26012900102,2026-01-29T14:58:41Z,2026-01-29T15:46:03Z,2,2026-01-29T14:31:40Z,2026-01-29T19:00:00Z,1,1,Determined upon crew arrival,In Progres,OUTAGE,Single Customer,PON,NORMAL,42.58102,-83.25923
SE26012900097,2026-01-29T14:58:41Z,2026-01-29T17:37:40Z,4,2026-01-29T14:27:04Z,2026-01-29T18:55:00Z,1,1,Equipment problem,In Progres,OUTAGE,Single Customer,CAN,NORMAL,42.42568,-83.03783
SW26012900098,2026-01-29T14:58:41Z,2026-01-29T15:46:03Z,2,2026-01-29T14:20:35Z,2026-01-29T19:00:00Z,2,2,Determined upon crew arrival,In Progres,OUTAGE,Service Secondary,WWS,NORMAL,42.29304,-83.38244
NA26012900169,2026-01-29T15:46:03Z,2026-01-29T15:46:03Z,1,2026-01-29T15:30:13Z,,1,1,Determined upon crew arrival,New,OUTAGE,Single Customer,WWS,NORMAL,42.46115,-83.41951
NE26012900167,2026-01-29T15:46:03Z,2026-01-29T23:58:04Z,14,2026-01-29T14:03:43Z,2026-01-30T07:55:00Z,1,1,Equipment problem,In Progres,OUTAGE,Single Customer,MTC,NORMAL,42.86778,-82.78718
SE26012900166,2026-01-29T15:46:03Z,2026-01-29T15:46:03Z,1,2026-01-29T15:23:00Z,2026-01-29T19:55:00Z,1,1,Determined upon crew arrival,New,OUTAGE,Single Customer,RFD,NORMAL,42.38907,-83.15122
SW26012900122,2026-01-29T15:46:03Z,2026-01-29T21:28:51Z,9,2026-01-29T15:08:43Z,2026-01-30T07:40:00Z,1,1,Equipment problem,In Progres,OUTAGE,Single Customer,NPT,NORMAL,42.18329,-83.26088
SW26012900137,2026-01-29T15:46:03Z,2026-01-29T15:46:03Z,1,2026-01-29T15:01:28Z,2026-01-29T19:45:00Z,56,56,Determined upon crew arrival,New,OUTAGE,Device (I),WWS,NORMAL,42.46028,-83.42065
NE26012900185,2026-01-29T16:45:22Z,2026-01-29T16:45:22Z,1,2026-01-29T15:59:43Z,2026-01-29T20:30:00Z,1,1,Determined upon crew arrival,In Progres,OUTAGE,Single Customer,MTC,NORMAL,42.81933,-82.76085
NE26012900196,2026-01-29T16:45:22Z,2026-01-29T16:45:22Z,1,2026-01-29T16:08:00Z,2026-01-29T20:40:00Z,171,171,Determined upon crew arrival,In Progres,OUTAGE,Device (II),MTC,NORMAL,42.67053,-82.79883
NE26012900207,2026-01-29T16:45:22Z,2026-01-29T17:37:40Z,2,2026-01-29T16:25:02Z,2026-01-29T20:55:00Z,1,1,Determined upon crew arrival,In Progres,OUTAGE,Single Customer,MTC,NORMAL,42.60548,-82.8775
NW26012900190,2026-01-29T16:45:22Z,2026-01-29T21:53:26Z,9,2026-01-29T15:52:34Z,2026-01-30T00:35:00Z,3,3,Equipment problem,In Progres,OUTAGE,Service Transformer,PON,NORMAL,42.58713,-83.53066
NW26012900193,2026-01-29T16:45:22Z,2026-01-29T16:45:22Z,1,2026-01-29T16:01:17Z,2026-01-29T20:35:00Z,2,2,Determined upon crew arrival,In Progres,OUTAGE,Service Transformer,HWL,NORMAL,42.6561,-84.13684
SW26012900169,2026-01-29T16:45:22Z,2026-01-29T16:45:22Z,1,2026-01-29T15:30:13Z,2026-01-29T20:00:00Z,1,1,Determined upon crew arrival,PC3 Verifi,OUTAGE,Single Customer,WWS,NORMAL,42.46115,-83.41951
SW26012900170,2026-01-29T16:45:22Z,2026-01-29T18:22:07Z,3,2026-01-29T09:27:39Z,2026-01-29T20:00:00Z,1,1,Determined upon crew arrival,In Progres,OUTAGE,Single Customer,WWS,NORMAL,42.25269,-83.29252
SW26012900189,2026-01-29T16:45:22Z,2026-01-29T16:45:22Z,1,2026-01-29T15:55:54Z,2026-01-29T20:35:00Z,1,1,Determined upon crew arrival,New,OUTAGE,Single Customer,WWS,NORMAL,42.46669,-83.40997
SW26012900204,2026-01-29T16:45:22Z,2026-01-29T18:22:07Z,3,2026-01-29T16:13:59Z,2026-01-29T20:45:00Z,1,1,Determined upon crew arrival,In Progres,OUTAGE,Single Customer,WWS,NORMAL,42.28669,-83.32211
NE26012900238,2026-01-29T17:37:40Z,2026-01-29T17:37:40Z,1,2026-01-29T17:10:20Z,2026-01-29T21:55:00Z,1,1,Determined upon crew arrival,New,OUTAGE,Single Customer,MTC,NORMAL,42.48482,-82.9436
SE26012900213,2026-01-29T17:37:40Z,2026-01-29T17:37:40Z,1,2026-01-29T14:14:08Z,2026-01-29T21:10:00Z,1,1,Determined upon crew arrival,In Progres,OUTAGE,Single Customer,RFD,NORMAL,42.37087,-83.16224
SW26012900225,2026-01-29T17:37:40Z,2026-01-29T17:37:40Z,1,2026-01-29T17:12:36Z,2026-01-29T21:45:00Z,24,24,Equipment problem,In Progres,OUTAGE,Device (II),ANN,NORMAL,42.26195,-83.83196
NW26012900244,2026-01-29T18:22:07Z,2026-01-29T22:56:48Z,9,2026-01-29T17:32:14Z,2026-01-30T02:05:00Z,42,42,Equipment problem,In Progres,OUTAGE,Device (I),PON,NORMAL,42.59902,-83.23345
NW26012900252,2026-01-29T18:22:07Z,2026-01-29T20:01:38Z,4,2026-01-29T17:25:35Z,2026-01-29T22:10:00Z,1,1,Determined upon crew arrival,In Progres,OUTAGE,Single Customer,PON,NORMAL,42.74349,-83.46281
NW26012900262,2026-01-29T18:22:07Z,2026-01-29T22:56:48Z,9,2026-01-29T17:32:12Z,2026-01-30T02:15:00Z,30,30,Equipment problem,In Progres,OUTAGE,Device (I),PON,NORMAL,42.59883,-83.23665
NW26012900270,2026-01-29T18:22:07Z,2026-01-29T19:08:48Z,2,2026-01-29T17:54:53Z,2026-01-29T22:25:00Z,1,1,Determined upon crew arrival,In Progres,OUTAGE,Single Customer,PON,NORMAL,42.54069,-83.12174
SE26012900242,2026-01-29T18:22:07Z,2026-01-29T19:08:48Z,2,2026-01-29T07:43:15Z,2026-01-29T22:00:00Z,1,1,Determined upon crew arrival,In Progres,OUTAGE,Single Customer,CAN,NORMAL,42.42094,-82.93528
SE26012900276,2026-01-29T18:22:07Z,2026-01-29T18:22:07Z,1,2026-01-29T17:54:57Z,2026-01-29T22:30:00Z,1,1,Determined upon crew arrival,New,OUTAGE,Single Customer,CAN,NORMAL,42.39708,-83.12548
SE26012900288,2026-01-29T18:22:07Z,2026-01-29T18:22:07Z,1,2026-01-29T17:57:32Z,,1,1,Determined upon crew arrival,New,OUTAGE,Single Customer,RFD,NORMAL,42.37087,-83.16224
SW26012900271,2026-01-29T18:22:07Z,2026-01-29T18:22:07Z,1,2026-01-29T17:39:57Z,2026-01-29T22:25:00Z,17,17,Determined upon crew arrival,In Progres,OUTAGE,Service Transformer,ANN,NORMAL,42.2535,-83.72414
NW26012900322,2026-01-29T19:08:48Z,2026-01-29T20:47:20Z,4,2026-01-29T18:55:39Z,2026-01-29T23:25:00Z,1,1,Equipment problem,In Progres,OUTAGE,Single Customer,HWL,NORMAL,42.59877,-83.97977
SE26012900306,2026-01-29T19:08:48Z,2026-01-29T21:28:51Z,5,2026-01-29T18:13:32Z,2026-01-29T23:00:00Z,1,1,Determined upon crew arrival,In Progres,OUTAGE,Single Customer,CAN,NORMAL,42.42668,-82.92124
SE26012900312,2026-01-29T19:08:48Z,2026-01-29T22:56:48Z,8,2026-01-29T18:36:28Z,2026-01-29T23:05:00Z,1,1,Equipment problem,In Progres,OUTAGE,Single Customer,CAN,NORMAL,42.41333,-83.10457
SE26012900316,2026-01-29T19:08:48Z,2026-01-29T20:01:38Z,3,2026-01-29T17:04:17Z,2026-01-29T23:15:00Z,1,1,Determined upon crew arrival,In Progres,OUTAGE,Single Customer,RFD,NORMAL,42.52883,-83.16589
SW26012900311,2026-01-29T19:08:48Z,2026-01-29T20:47:20Z,4,2026-01-29T18:34:59Z,2026-01-29T23:05:00Z,16,16,Determined upon crew arrival,In Progres,OUTAGE,Service Transformer,ANN,NORMAL,42.24918,-83.57725
NE26012900326,2026-01-29T19:44:42Z,2026-01-29T22:29:22Z,6,2026-01-29T18:27:04Z,2026-01-29T23:30:00Z,1,1,Determined upon crew arrival,In Progres,OUTAGE,Single Customer,MAR,NORMAL,42.91921,-82.51148
NW26012900338,2026-01-29T19:44:42Z,2026-01-29T19:44:42Z,1,2026-01-29T19:11:52Z,2026-01-29T23:55:00Z,1,1,Determined upon crew arrival,New,OUTAGE,Single Customer,SBY,NORMAL,42.72334,-83.13441
SE26012900339,2026-01-29T19:44:42Z,2026-01-29T19:44:42Z,1,2026-01-29T19:28:21Z,,1,1,Determined upon crew arrival,New,OUTAGE,Single Customer,CAN,NORMAL,42.38466,-83.10595
SW26012900332,2026-01-29T19:44:42Z,2026-01-29T20:01:38Z,2,2026-01-29T19:19:35Z,2026-01-29T23:50:00Z,1,1,Determined upon crew arrival,New,OUTAGE,Single Customer,ANN,NORMAL,42.23738,-83.62933
SW26012900334,2026-01-29T19:44:42Z,2026-01-29T20:01:38Z,2,2026-01-29T19:21:27Z,2026-01-29T23:50:00Z,1,1,Determined upon crew arrival,In Progres,OUTAGE,Single Customer,WWS,NORMAL,42.41045,-83.49945
SW26012900336,2026-01-29T19:44:42Z,2026-01-29T20:01:38Z,2,2026-01-29T19:23:46Z,2026-01-29T23:55:00Z,1,1,Determined upon crew arrival,In Progres,OUTAGE,Single Customer,WWS,NORMAL,42.44387,-83.32718
SE26012900342,2026-01-29T20:01:38Z,2026-01-29T23:31:30Z,7,2026-01-29T19:36:40Z,2026-01-30T00:10:00Z,1,1,Determined upon crew arrival,In Progres,OUTAGE,Single Customer,RFD,NORMAL,42.4073,-83.24563
SE26012900351,2026-01-29T20:47:20Z,2026-01-29T23:58:04Z,7,2026-01-29T19:28:21Z,2026-01-30T00:35:00Z,1,1,Determined upon crew arrival,In Progres,OUTAGE,Single Customer,CAN,NORMAL,42.38466,-83.10595
SE26012900352,2026-01-29T20:47:20Z,2026-01-29T21:53:26Z,3,2026-01-29T20:08:06Z,2026-01-30T00:40:00Z,1,1,Determined upon crew arrival,In Progres,OUTAGE,Single Customer,RFD,NORMAL,42.44299,-83.24598
SE26012900373,2026-01-29T21:28:51Z,2026-01-29T23:58:04Z,6,2026-01-29T21:03:49Z,2026-01-30T01:35:00Z,1,1,Equipment problem,In Progres,OUTAGE,Single Customer,CAN,NORMAL,42.39541,-82.94298
NW26012900383,2026-01-29T21:53:26Z,2026-01-29T22:56:48Z,3,2026-01-29T21:33:43Z,2026-01-30T02:05:00Z,1,1,Problem with the customer equip,In Progres,OUTAGE,Single Customer,SBY,NORMAL,42.60443,-82.97233
SE26012900387,2026-01-29T21:53:26Z,2026-01-29T23:58:04Z,5,2026-01-29T04:00:51Z,2026-01-30T02:10:00Z,1,1,Determined upon crew arrival,In Progres,OUTAGE,Single Customer,CAN,NORMAL,42.44446,-82.99809
SE26012900397,2026-01-29T22:29:22Z,2026-01-29T23:58:04Z,4,2026-01-29T18:13:32Z,2026-01-30T02:40:00Z,1,1,Determined upon crew arrival,In Progres,OUTAGE,Single Customer,CAN,NORMAL,42.42668,-82.92124
SW26012900390,2026-01-29T22:29:22Z,2026-01-29T23:31:30Z,3,2026-01-29T21:49:45Z,2026-01-30T02:20:00Z,1,1,Determined upon crew arrival,In Progres,OUTAGE,Single Customer,WWS,NORMAL,42.29153,-83.29856
SW26012900407,2026-01-29T22:56:48Z,2026-01-29T22:56:48Z,1,2026-01-29T22:45:06Z,,1,1,Determined upon crew arrival,New,OUTAGE,Single Customer,ANN,NORMAL,42.23674,-83.59529
NE26012900411,2026-01-29T23:31:30Z,2026-01-30T05:31:35Z,5,2026-01-29T23:04:00Z,2026-01-30T15:35:00Z,1,1,Equipment problem,In Progres,OUTAGE,Single Customer,MTC,NORMAL,42.45839,-82.9532
SE26012900413,2026-01-29T23:31:30Z,2026-01-29T23:31:30Z,1,2026-01-29T23:06:29Z,2026-01-30T03:35:00Z,1,1,Determined upon crew arrival,New,OUTAGE,Single Customer,CAN,NORMAL,42.41033,-82.95755
NE26012900418,2026-01-29T23:58:04Z,2026-01-29T23:58:04Z,1,2026-01-29T23:21:20Z,2026-01-30T03:50:00Z,2,2,Determined upon crew arrival,In Progres,OUTAGE,Service Secondary,MTC,NORMAL,42.55338,-82.86195
SE26012900422,2026-01-29T23:58:04Z,2026-01-30T04:23:40Z,3,2026-01-29T23:31:27Z,2026-01-30T16:05:00Z,1,1,Determined upon crew arrival,In Progres,OUTAGE,Single Customer,CAN,NORMAL,42.41033,-82.95755
SW26012900416,2026-01-29T23:58:04Z,2026-01-30T02:45:16Z,2,2026-01-29T23:17:11Z,2026-01-30T03:45:00Z,1,1,Equipment problem,In Progres,OUTAGE,Single Customer,ANN,NORMAL,42.32548,-83.59141
SW26012900424,2026-01-29T23:58:04Z,2026-01-30T02:45:16Z,2,2026-01-29T23:39:25Z,2026-01-30T04:10:00Z,60,21,Equipment problem,In Progres,OUTAGE,Device (I),WWS,NORMAL,42.45985,-83.44784
NE26012900456,2026-01-30T02:45:16Z,2026-01-30T04:23:40Z,2,2026-01-30T02:01:16Z,2026-01-30T06:55:00Z,1,1,Problem with the customer equip,In Progres,OUTAGE,Single Customer,MAR,NORMAL,42.82434,-82.49462
NW26012900445,2026-01-30T02:45:16Z,2026-01-30T04:23:40Z,2,2026-01-30T01:29:56Z,2026-01-30T06:00:00Z,1,1,Determined upon crew arrival,In Progres,OUTAGE,Single Customer,PON,NORMAL,42.68747,-83.32512
SE26012900428,2026-01-30T02:45:16Z,2026-01-30T02:45:16Z,1,2026-01-29T21:35:25Z,2026-01-30T04:25:00Z,1,1,Determined upon crew arrival,In Progres,OUTAGE,Single Customer,RFD,NORMAL,42.43436,-83.26266
SE26012900430,2026-01-30T02:45:16Z,2026-01-30T07:25:17Z,5,2026-01-29T23:58:28Z,2026-01-30T16:30:00Z,1,1,Equipment problem,Pending,OUTAGE,Single Customer,RFD,NORMAL,42.42972,-83.26461
SW26012900446,2026-01-30T02:45:16Z,2026-01-30T02:45:16Z,1,2026-01-29T23:39:33Z,2026-01-30T04:10:00Z,19,19,Equipment problem,In Progres,OUTAGE,Device (I),WWS,NORMAL,42.45971,-83.44622
NE26012900465,2026-01-30T04:23:40Z,2026-01-30T07:25:17Z,4,2026-01-30T03:51:01Z,2026-01-30T08:20:00Z,1,1,Equipment problem,In Progres,OUTAGE,Single Customer,NAE,NORMAL,44.01145,-82.7929
SE26012900466,2026-01-30T04:23:40Z,2026-01-30T10:55:15Z,9,2026-01-30T03:57:37Z,2026-01-30T20:30:00Z,1,1,Equipment problem,In Progres,OUTAGE,Single Customer,RFD,NORMAL,42.36791,-83.24283
SW26012900462,2026-01-30T04:23:40Z,2026-01-30T06:28:39Z,3,2026-01-30T03:03:36Z,2026-01-30T07:55:00Z,1,1,Determined upon crew arrival,In Progres,OUTAGE,Single Customer,WWS,NORMAL,42.36925,-83.31401
SW26012900467,2026-01-30T04:23:40Z,2026-01-30T05:31:35Z,2,2026-01-29T23:39:25Z,2026-01-30T08:35:00Z,5,5,Equipment problem,In Progres,OUTAGE,Service Transformer,WWS,NORMAL,42.45883,-83.45044
NW26012900470,2026-01-30T05:31:35Z,2026-01-30T06:28:39Z,2,2026-01-30T04:55:51Z,2026-01-30T09:25:00Z,1,1,Determined upon crew arrival,In Progres,OUTAGE,Single Customer,PON,NORMAL,42.53625,-83.2235
SE26013000001,2026-01-30T05:31:35Z,2026-01-30T05:31:35Z,1,2026-01-30T05:06:27Z,2026-01-30T09:35:00Z,1,1,Determined upon crew arrival,New,OUTAGE,Single Customer,RFD,NORMAL,42.33888,-83.12847
NE26013000005,2026-01-30T06:28:39Z,2026-01-30T10:05:39Z,6,2026-01-30T05:26:54Z,2026-01-30T11:05:00Z,49,1,Determined upon crew arrival,In Progres,OUTAGE,Device (II),NAE,NORMAL,43.41257,-83.40439
SE26013000002,2026-01-30T06:28:39Z,2026-01-30T09:39:09Z,5,2026-01-30T05:21:56Z,2026-01-30T09:50:00Z,1,1,Determined upon crew arrival,In Progres,OUTAGE,Single Customer,CAN,NORMAL,42.41634,-82.94362
SE26013000004,2026-01-30T06:28:39Z,2026-01-30T07:59:51Z,3,2026-01-30T05:24:45Z,2026-01-30T09:55:00Z,1,1,Determined upon crew arrival,In Progres,OUTAGE,Single Customer,RFD,NORMAL,42.3831,-83.25543
SW26013000003,2026-01-30T06:28:39Z,2026-01-30T06:28:39Z,1,2026-01-30T05:07:58Z,2026-01-30T09:55:00Z,2,2,Equipment problem,In Progres,OUTAGE,Service Transformer,NPT,NORMAL,42.02095,-83.37556
SW26013000016,2026-01-30T06:28:39Z,2026-01-30T06:28:39Z,1,2026-01-30T06:10:45Z,2026-01-30T10:40:00Z,1,1,Determined upon crew arrival,New,OUTAGE,Single Customer,ANN,NORMAL,42.23115,-83.64783
SE26013000027,2026-01-30T08:53:03Z,2026-01-30T10:55:15Z,4,2026-01-30T08:42:32Z,2026-01-30T13:15:00Z,9,9,Equipment problem,In Progres,OUTAGE,Service Transformer,CAN,NORMAL,42.40536,-83.11941
SW26013000026,2026-01-30T08:53:03Z,2026-01-30T08:53:03Z,1,2026-01-29T23:42:37Z,2026-01-30T13:05:00Z,1,1,Determined upon crew arrival,New,OUTAGE,Single Customer,WWS,NORMAL,42.45827,-83.45044
NE26013000034,2026-01-30T09:39:09Z,2026-01-30T09:39:09Z,1,2026-01-30T09:10:45Z,2026-01-30T13:55:00Z,1,1,Determined upon crew arrival,New,OUTAGE,Single Customer,NAE,NORMAL,43.45852,-83.41226
NW26013000028,2026-01-30T09:39:09Z,2026-01-30T11:53:44Z,5,2026-01-30T08:42:45Z,2026-01-30T13:20:00Z,2,2,Equipment problem,In Progres,OUTAGE,Service Secondary,PON,NORMAL,42.52716,-83.47201
NW26013000029,2026-01-30T09:39:09Z,2026-01-30T11:53:44Z,5,2026-01-30T08:49:35Z,2026-01-30T13:20:00Z,2,2,Equipment problem,In Progres,OUTAGE,Service Secondary,PON,NORMAL,42.52644,-83.47055
SE26013000035,2026-01-30T10:05:39Z,2026-01-30T17:42:45Z,11,2026-01-30T09:40:18Z,2026-01-31T02:10:00Z,1,1,Equipment problem,In Progres,OUTAGE,Single Customer,CAN,NORMAL,42.40524,-83.12055
NE26013000037,2026-01-30T10:55:15Z,2026-01-30T16:59:02Z,9,2026-01-30T05:26:54Z,2026-01-31T00:05:00Z,1,1,Equipment problem,In Progres,OUTAGE,Single Customer,NAE,NORMAL,43.47216,-83.40312
NE26013000038,2026-01-30T10:55:15Z,2026-01-30T10:55:15Z,1,2026-01-30T10:38:05Z,2026-01-30T15:10:00Z,1,1,Determined upon crew arrival,In Progres,OUTAGE,Single Customer,LAP,NORMAL,43.03674,-83.27628
NE26013000048,2026-01-30T11:53:44Z,2026-01-30T15:35:48Z,5,2026-01-30T11:26:40Z,2026-01-30T15:55:00Z,1,1,Equipment problem,In Progres,OUTAGE,Single Customer,LAP,NORMAL,43.05865,-83.29188
NE26013000050,2026-01-30T11:53:44Z,2026-01-31T02:38:13Z,20,2026-01-30T11:31:11Z,2026-01-31T04:00:00Z,1,1,Equipment problem,Pending,PRIORITY,,LAP,NORMAL,43.0375,-83.30105
NE26013000054,2026-01-30T11:53:44Z,2026-01-30T11:53:44Z,1,2026-01-30T08:18:45Z,2026-01-30T16:10:00Z,1,1,Determined upon crew arrival,New,OUTAGE,Single Customer,NAE,NORMAL,43.38646,-83.40308
NE26013000060,2026-01-30T12:58:40Z,2026-01-30T15:35:48Z,4,2026-01-30T12:44:21Z,2026-01-30T17:15:00Z,1,1,Equipment problem,In Progres,OUTAGE,Single Customer,LAP,NORMAL,43.048,-83.27312
NW26013000056,2026-01-30T12:58:40Z,2026-01-30T13:59:44Z,2,2026-01-30T12:03:48Z,2026-01-30T16:35:00Z,1,1,Equipment problem,In Progres,OUTAGE,Single Customer,SBY,NORMAL,42.63575,-83.13031
NE26013000067,2026-01-30T13:59:44Z,2026-01-30T15:35:48Z,3,2026-01-30T13:01:40Z,2026-01-30T17:30:00Z,1,1,Equipment problem,In Progres,OUTAGE,Single Customer,LAP,NORMAL,43.05132,-83.28568
NE26013000079,2026-01-30T13:59:44Z,2026-01-30T16:05:15Z,4,2026-01-30T13:24:25Z,2026-01-30T17:55:00Z,1,1,Determined upon crew arrival,In Progres,OUTAGE,Single Customer,NAE,NORMAL,43.42284,-83.41135
NW26013000065,2026-01-30T13:59:44Z,2026-01-30T14:46:21Z,2,2026-01-30T12:54:57Z,2026-01-30T17:30:00Z,30,30,Equipment problem,In Progres,OUTAGE,Device (I),PON,NORMAL,42.60114,-83.52344
SE26013000086,2026-01-30T13:59:44Z,2026-01-30T13:59:44Z,1,2026-01-29T22:04:46Z,,1,1,Determined upon crew arrival,New,OUTAGE,Single Customer,RFD,NORMAL,42.42985,-83.27994
SW26013000071,2026-01-30T13:59:44Z,2026-01-30T19:08:09Z,8,2026-01-30T13:05:48Z,2026-01-30T21:40:00Z,55,55,Equipment problem,In Progres,OUTAGE,Device (I),WWS,NORMAL,42.31398,-83.44622
NE26013000116,2026-01-30T14:46:21Z,2026-01-31T02:38:13Z,17,2026-01-30T14:29:12Z,2026-01-31T03:00:00Z,1,1,Equipment problem,In Progres,PRIORITY,,LAP,NORMAL,43.0635,-83.31992
NW26013000099,2026-01-30T14:46:21Z,2026-01-30T23:57:45Z,16,2026-01-30T14:09:18Z,2026-01-31T02:40:00Z,1,1,Problem with the customer equip,In Progres,PRIORITY,,PON,NORMAL,42.51133,-83.53558
SW26013000095,2026-01-30T14:46:21Z,2026-01-30T15:35:48Z,2,2026-01-30T13:58:06Z,2026-01-30T18:30:00Z,1,1,Determined upon crew arrival,In Progres,OUTAGE,Single Customer,WWS,NORMAL,42.36314,-83.46802
SW26013000098,2026-01-30T14:46:21Z,2026-01-30T19:46:50Z,8,2026-01-30T14:06:27Z,2026-01-30T22:35:00Z,15,15,Equipment problem,In Progres,OUTAGE,Service Transformer,ANN,NORMAL,42.23115,-83.64783
SW26013000104,2026-01-30T14:46:21Z,2026-01-30T15:35:48Z,2,2026-01-29T23:17:11Z,2026-01-30T18:50:00Z,1,1,Equipment problem,In Progres,OUTAGE,Single Customer,ANN,NORMAL,42.32548,-83.59141
NE26013000135,2026-01-30T15:35:48Z,2026-01-30T15:35:48Z,1,2026-01-30T14:55:43Z,2026-01-30T19:25:00Z,1,1,Equipment problem,In Progres,OUTAGE,Single Customer,LAP,NORMAL,43.03295,-83.33125
NE26013000136,2026-01-30T15:35:48Z,2026-01-30T21:56:25Z,11,2026-01-30T14:58:25Z,2026-01-31T07:30:00Z,1,1,Determined upon crew arrival,In Progres,OUTAGE,Single Customer,MAR,NORMAL,42.97802,-82.42326
SW26013000139,2026-01-30T15:35:48Z,2026-01-30T15:35:48Z,1,2026-01-30T15:01:41Z,2026-01-30T19:35:00Z,38,38,Equipment problem,In Progres,OUTAGE,Device (II),ANN,NORMAL,42.25313,-83.75692
SW26013000144,2026-01-30T15:35:48Z,2026-01-30T16:59:02Z,3,2026-01-30T15:10:39Z,2026-01-30T19:50:00Z,1,1,Determined upon crew arrival,In Progres,OUTAGE,Single Customer,WWS,NORMAL,42.44387,-83.32718
SW26013000148,2026-01-30T15:35:48Z,2026-01-30T18:21:10Z,5,2026-01-30T15:24:06Z,2026-01-30T19:55:00Z,26,26,Determined upon crew arrival,In Progres,OUTAGE,Service Transformer,WWS,NORMAL,42.28863,-83.38578
SW26013000151,2026-01-30T15:35:48Z,2026-01-30T16:05:15Z,2,2026-01-30T15:24:03Z,2026-01-30T19:55:00Z,10,10,Determined upon crew arrival,In Progres,OUTAGE,Service Transformer,WWS,NORMAL,42.43015,-83.36461
SW26013000152,2026-01-30T15:35:48Z,2026-01-30T15:35:48Z,1,2026-01-30T15:11:50Z,2026-01-30T19:55:00Z,1,1,Determined upon crew arrival,New,OUTAGE,Single Customer,NPT,NORMAL,41.98412,-83.55321
NW26013000173,2026-01-30T16:05:15Z,2026-01-30T18:21:10Z,4,2026-01-30T15:52:12Z,2026-01-30T20:20:00Z,1,1,Public Interference w/DTE equip,In Progres,OUTAGE,Single Customer,SBY,NORMAL,42.55097,-83.01056
SW26013000153,2026-01-30T16:05:15Z,2026-01-30T19:08:09Z,5,2026-01-30T15:30:22Z,2026-01-30T20:00:00Z,1,1,Determined upon crew arrival,In Progres,PRIORITY,,ANN,NORMAL,42.1882,-83.62218
SW26013000169,2026-01-30T16:05:15Z,2026-01-30T16:05:15Z,1,2026-01-30T15:28:03Z,2026-01-30T20:15:00Z,10,10,Determined upon crew arrival,In Progres,OUTAGE,Service Transformer,WWS,NORMAL,42.31398,-83.44523
SW26013000174,2026-01-30T16:05:15Z,2026-01-30T16:05:15Z,1,2026-01-30T15:52:27Z,2026-01-30T20:25:00Z,6,6,Determined upon crew arrival,In Progres,OUTAGE,Service Transformer,WWS,NORMAL,42.41224,-83.49965
SE26013000179,2026-01-30T16:59:02Z,2026-01-30T21:56:25Z,9,2026-01-30T16:05:28Z,2026-01-31T08:35:00Z,1,1,Equipment problem,In Progres,OUTAGE,Single Customer,CAN,NORMAL,42.37964,-82.95304
SE26013000192,2026-01-30T16:59:02Z,2026-01-30T19:08:09Z,4,2026-01-30T16:22:38Z,2026-01-30T20:55:00Z,1,1,Determined upon crew arrival,In Progres,OUTAGE,Service Secondary,RFD,NORMAL,42.31122,-83.11837
SE26013000196,2026-01-30T16:59:02Z,2026-01-30T18:21:10Z,3,2026-01-30T16:27:10Z,2026-01-30T20:55:00Z,1,1,Equipment problem,In Progres,OUTAGE,Single Customer,RFD,NORMAL,42.38739,-83.17342
SW26013000187,2026-01-30T16:59:02Z,2026-01-30T18:21:10Z,3,2026-01-30T16:14:05Z,2026-01-30T20:45:00Z,1,1,Determined upon crew arrival,In Progres,PRIORITY,,WWS,NORMAL,42.2893,-83.38598
SW26013000201,2026-01-30T16:59:02Z,2026-01-30T20:32:13Z,6,2026-01-30T15:04:57Z,2026-01-30T21:15:00Z,1,1,Determined upon crew arrival,In Progres,OUTAGE,Single Customer,WWS,NORMAL,42.45499,-83.34174
SW26013000202,2026-01-30T16:59:02Z,2026-01-30T16:59:02Z,1,2026-01-30T16:29:41Z,,6,6,Determined upon crew arrival,New,OUTAGE,Service Transformer,WWS,NORMAL,42.41224,-83.49965
NE26013000214,2026-01-30T17:42:45Z,2026-01-30T23:57:45Z,12,2026-01-30T16:54:26Z,2026-01-31T09:25:00Z,1,1,Equipment problem,In Progres,OUTAGE,Single Customer,MTC,NORMAL,42.49663,-82.96648
NE26013000225,2026-01-30T17:42:45Z,2026-01-30T19:08:09Z,3,2026-01-30T17:09:27Z,2026-01-30T21:40:00Z,1,1,Determined upon crew arrival,In Progres,OUTAGE,Single Customer,MTC,NORMAL,42.62996,-82.57829
NW26013000209,2026-01-30T17:42:45Z,2026-01-30T17:42:45Z,1,2026-01-30T16:46:55Z,2026-01-30T21:20:00Z,24,24,Determined upon crew arrival,In Progres,OUTAGE,Device (I),PON,NORMAL,42.58193,-83.15644
NW26013000220,2026-01-30T17:42:45Z,2026-01-30T19:08:09Z,3,2026-01-30T17:00:27Z,2026-01-30T21:35:00Z,5,5,Equipment problem,In Progres,OUTAGE,Service Transformer,SBY,NORMAL,42.65632,-83.17345
NW26013000229,2026-01-30T17:42:45Z,2026-01-30T19:08:09Z,3,2026-01-30T17:16:15Z,2026-01-30T21:45:00Z,1,1,Equipment problem,In Progres,OUTAGE,Single Customer,PON,NORMAL,42.59841,-83.4545
SE26013000208,2026-01-30T17:42:45Z,2026-01-30T19:08:09Z,3,2026-01-30T16:49:19Z,2026-01-30T21:20:00Z,38,38,Determined upon crew arrival,In Progres,OUTAGE,Service Transformer,RFD,NORMAL,42.3122,-83.11806
SE26013000221,2026-01-30T17:42:45Z,2026-01-30T19:08:09Z,3,2026-01-30T17:05:06Z,2026-01-30T21:35:00Z,1,1,Determined upon crew arrival,In Progres,OUTAGE,Single Customer,RFD,NORMAL,42.3108,-83.11958
SE26013000243,2026-01-30T17:42:45Z,2026-01-30T17:42:45Z,1,2026-01-30T17:12:10Z,,1,1,Determined upon crew arrival,New,OUTAGE,Single Customer,RFD,NORMAL,42.31122,-83.11838
SW26013000227,2026-01-30T17:42:45Z,2026-01-30T21:01:46Z,6,2026-01-30T17:01:45Z,2026-01-30T21:45:00Z,1,1,Determined upon crew arrival,In Progres,OUTAGE,Single Customer,WWS,NORMAL,42.471,-83.4641
SW26013000228,2026-01-30T17:42:45Z,2026-01-30T23:57:45Z,12,2026-01-30T17:08:11Z,2026-01-31T09:45:00Z,1,1,Equipment problem,In Progres,OUTAGE,Single Customer,ANN,NORMAL,42.19546,-83.60131
SW26013000241,2026-01-30T17:42:45Z,2026-01-30T17:42:45Z,1,2026-01-30T17:26:16Z,2026-01-30T21:55:00Z,15,15,Determined upon crew arrival,In Progres,OUTAGE,Service Transformer,NPT,NORMAL,42.13658,-83.19152
NE26013000249,2026-01-30T18:21:10Z,2026-01-30T21:01:46Z,5,2026-01-30T17:32:04Z,2026-01-30T22:10:00Z,1,1,Equipment problem,In Progres,OUTAGE,Single Customer,NAE,NORMAL,43.72682,-83.2382
SE26013000250,2026-01-30T18:21:10Z,2026-01-30T22:30:58Z,8,2026-01-30T16:05:28Z,2026-01-31T02:10:00Z,6,6,Equipment problem,In Progres,OUTAGE,Service Transformer,CAN,NORMAL,42.37783,-82.95313
SE26013000262,2026-01-30T18:21:10Z,2026-01-30T22:30:58Z,8,2026-01-30T18:03:46Z,2026-01-30T22:35:00Z,1,1,Determined upon crew arrival,In Progres,OUTAGE,Single Customer,RFD,NORMAL,42.33964,-83.12902
SE26013000270,2026-01-30T18:21:10Z,2026-01-30T21:01:46Z,5,2026-01-30T18:03:53Z,2026-01-30T22:40:00Z,1,1,Determined upon crew arrival,In Progres,OUTAGE,Single Customer,CAN,NORMAL,42.42182,-82.9579
SW26013000251,2026-01-30T18:21:10Z,2026-01-30T23:57:45Z,11,2026-01-30T17:36:32Z,2026-01-31T10:10:00Z,1,1,Equipment problem,In Progres,OUTAGE,Single Customer,NPT,NORMAL,41.93628,-83.7496
NE26013000315,2026-01-30T19:08:09Z,2026-01-30T19:46:50Z,2,2026-01-30T15:26:03Z,2026-01-30T23:25:00Z,1,1,Equipment problem,In Progres,PRIORITY,,LAP,NORMAL,43.05158,-83.29817
NE26013000316,2026-01-30T19:08:09Z,2026-01-30T19:46:50Z,2,2026-01-30T14:28:48Z,2026-01-30T23:25:00Z,1,1,Equipment problem,In Progres,PRIORITY,,LAP,NORMAL,43.05267,-83.29936
NW26013000313,2026-01-30T19:08:09Z,2026-01-30T23:40:38Z,9,2026-01-30T18:52:08Z,2026-01-31T03:20:00Z,2,2,Equipment problem,In Progres,OUTAGE,Service Secondary,HWL,NORMAL,42.52648,-83.90244
SE26013000283,2026-01-30T19:08:09Z,2026-01-30T19:08:09Z,1,2026-01-30T18:29:44Z,2026-01-30T23:00:00Z,1,1,Determined upon crew arrival,PC3 Verifi,OUTAGE,Single Customer,RFD,NORMAL,42.2163,-83.19857
SE26013000310,2026-01-30T19:08:09Z,2026-01-30T23:57:45Z,10,2026-01-30T16:18:14Z,2026-01-31T11:20:00Z,1,1,Determined upon crew arrival,In Progres,OUTAGE,Single Customer,RFD,NORMAL,42.4431,-83.31615
SE26013000317,2026-01-30T19:08:09Z,2026-01-30T21:56:25Z,6,2026-01-30T18:53:34Z,2026-01-30T23:25:00Z,12,12,Equipment problem,In Progres,OUTAGE,Device (II),CAN,NORMAL,42.43222,-82.87799
NW26013000320,2026-01-30T19:46:50Z,2026-01-30T23:57:45Z,9,2026-01-30T16:46:55Z,2026-01-31T03:35:00Z,6,6,Equipment problem,In Progres,OUTAGE,Service Transformer,PON,NORMAL,42.58136,-83.15728
NE26013000360,2026-01-30T20:32:13Z,2026-01-31T02:38:13Z,9,2026-01-30T20:15:10Z,2026-01-31T04:45:00Z,1,1,Determined upon crew arrival,In Progres,PRIORITY,,LAP,NORMAL,43.04941,-83.2862
NW26013000342,2026-01-30T20:32:13Z,2026-01-30T23:40:38Z,7,2026-01-30T19:47:24Z,2026-01-31T00:20:00Z,1,1,Equipment problem,In Progres,OUTAGE,Single Customer,PON,NORMAL,42.67922,-83.30177
SE26013000338,2026-01-30T20:32:13Z,2026-01-30T23:57:45Z,8,2026-01-30T19:39:53Z,2026-01-31T00:15:00Z,1,1,Determined upon crew arrival,In Progres,OUTAGE,Single Customer,CAN,NORMAL,42.38828,-83.12665
SE26013000341,2026-01-30T20:32:13Z,2026-01-31T02:38:13Z,9,2026-01-30T19:46:20Z,2026-01-31T12:15:00Z,1,1,Equipment problem,In Progres,OUTAGE,Single Customer,RFD,NORMAL,42.36491,-83.19006
SE26013000356,2026-01-30T20:32:13Z,2026-01-30T23:00:29Z,6,2026-01-30T20:02:00Z,2026-01-31T00:35:00Z,1,1,Determined upon crew arrival,In Progres,OUTAGE,Single Customer,CAN,NORMAL,42.42457,-83.03322
SE26013000369,2026-01-30T21:01:46Z,2026-01-30T21:01:46Z,1,2026-01-30T20:31:31Z,2026-01-31T01:00:00Z,1,1,Determined upon crew arrival,PC3 Verifi,OUTAGE,Single Customer,CAN,NORMAL,42.43409,-82.87732
SE26013000370,2026-01-30T21:01:46Z,2026-01-30T22:30:58Z,4,2026-01-30T18:50:53Z,2026-01-31T01:00:00Z,1,1,Determined upon crew arrival,In Progres,OUTAGE,Single Customer,RFD,NORMAL,42.37322,-83.26386
SW26013000361,2026-01-30T21:01:46Z,2026-01-30T23:00:29Z,5,2026-01-30T20:18:16Z,2026-01-31T00:50:00Z,1,1,Equipment problem,In Progres,OUTAGE,Single Customer,WWS,NORMAL,42.43557,-83.31709
SE26013000375,2026-01-30T21:41:12Z,2026-01-30T23:57:45Z,6,2026-01-30T21:02:07Z,2026-01-31T01:30:00Z,1,1,Equipment problem,In Progres,OUTAGE,Single Customer,RFD,NORMAL,42.43607,-83.14428
SE26013000376,2026-01-30T21:41:12Z,2026-01-30T21:41:12Z,1,2026-01-30T20:59:41Z,2026-01-31T01:35:00Z,10,10,Determined upon crew arrival,In Progres,OUTAGE,Service Transformer,CAN,NORMAL,42.37714,-83.03288
SE26013000394,2026-01-30T21:41:12Z,2026-01-31T02:38:13Z,7,2026-01-30T20:59:41Z,2026-01-31T14:00:00Z,1,1,Equipment problem,In Progres,OUTAGE,Single Customer,CAN,NORMAL,42.37714,-83.03288
SW26013000387,2026-01-30T21:41:12Z,2026-01-31T02:38:13Z,7,2026-01-30T21:14:33Z,2026-01-31T13:50:00Z,1,1,Equipment problem,In Progres,OUTAGE,Single Customer,NPT,NORMAL,41.99345,-83.28806
SW26013000398,2026-01-30T21:56:25Z,2026-01-30T23:57:45Z,5,2026-01-30T21:38:57Z,2026-01-31T02:10:00Z,1,1,Determined upon crew arrival,Pending,PRIORITY,,NPT,NORMAL,42.06501,-83.21097
NW26013000425,2026-01-30T23:00:29Z,2026-01-31T02:38:13Z,4,2026-01-30T22:44:45Z,2026-01-31T03:15:00Z,1,1,Determined upon crew arrival,In Progres,OUTAGE,Single Customer,HWL,NORMAL,42.59355,-83.84174
SE26013000418,2026-01-30T23:00:29Z,2026-01-30T23:57:45Z,3,2026-01-30T22:31:20Z,2026-01-31T03:05:00Z,1,1,Determined upon crew arrival,In Progres,OUTAGE,Single Customer,RFD,NORMAL,42.50836,-83.19636
SE26013000424,2026-01-30T23:00:29Z,2026-01-30T23:00:29Z,1,2026-01-30T22:44:23Z,,1,1,Determined upon crew arrival,New,OUTAGE,Single Customer,RFD,NORMAL,42.25604,-83.17922
SW26013000419,2026-01-30T23:00:29Z,2026-01-30T23:40:38Z,2,2026-01-30T22:32:05Z,2026-01-31T03:10:00Z,16,16,Determined upon crew arrival,In Progres,OUTAGE,Service Transformer,NPT,NORMAL,41.92334,-83.39858
NW26013000426,2026-01-30T23:40:38Z,2026-02-01T18:49:21Z,65,2026-01-30T01:29:56Z,2026-02-02T03:25:00Z,1,1,Equipment problem,In Progres,OUTAGE,Single Customer,PON,NORMAL,42.68747,-83.32512
SW26013000428,2026-01-30T23:40:38Z,2026-01-31T05:59:51Z,6,2026-01-30T21:22:36Z,2026-01-31T15:25:00Z,1,1,Equipment problem,In Progres,OUTAGE,Single Customer,NPT,NORMAL,41.96576,-83.61859
SE26013000454,2026-01-30T23:57:45Z,2026-01-30T23:57:45Z,1,2026-01-30T23:44:47Z,,1,1,Determined upon crew arrival,New,OUTAGE,Single Customer,CAN,NORMAL,42.4324,-83.14093
SW26013000438,2026-01-30T23:57:45Z,2026-01-30T23:57:45Z,1,2026-01-30T23:41:40Z,2026-01-31T04:10:00Z,143,143,Determined upon crew arrival,New,OUTAGE,Device (II),WWS,NORMAL,42.47009,-83.48916
SW26013000439,2026-01-30T23:57:45Z,2026-01-30T23:57:45Z,1,2026-01-30T23:41:52Z,2026-01-31T04:10:00Z,16,16,Determined upon crew arrival,New,OUTAGE,Device (II),WWS,NORMAL,42.48192,-83.48394
SW26013000447,2026-01-30T23:57:45Z,2026-01-30T23:57:45Z,1,2026-01-30T23:43:07Z,,1,1,Determined upon crew arrival,New,OUTAGE,Single Customer,WWS,NORMAL,42.47886,-83.48864
SW26013000448,2026-01-30T23:57:45Z,2026-01-30T23:57:45Z,1,2026-01-30T23:43:10Z,,34,34,Determined upon crew arrival,New,OUTAGE,Device (I),WWS,NORMAL,42.47685,-83.50504
SW26013000450,2026-01-30T23:57:45Z,2026-01-30T23:57:45Z,1,2026-01-30T23:43:24Z,,2,2,Determined upon crew arrival,New,OUTAGE,Service Secondary,WWS,NORMAL,42.47707,-83.50315
SW26013000452,2026-01-30T23:57:45Z,2026-01-30T23:57:45Z,1,2026-01-30T23:44:02Z,,2,2,Determined upon crew arrival,New,OUTAGE,Service Secondary,WWS,NORMAL,42.46709,-83.49273
SW26013000453,2026-01-30T23:57:45Z,2026-01-30T23:57:45Z,1,2026-01-30T23:44:27Z,,1,1,Determined upon crew arrival,New,OUTAGE,Single Customer,WWS,NORMAL,42.47669,-83.5054
NE26013000473,2026-01-31T02:38:13Z,2026-01-31T02:38:13Z,1,2026-01-31T00:33:49Z,2026-01-31T05:05:00Z,7,7,Equipment problem,In Progres,OUTAGE,Service Transformer,MAR,NORMAL,42.91045,-82.88145
NE26013000479,2026-01-31T02:38:13Z,2026-01-31T02:38:13Z,1,2026-01-31T01:16:57Z,2026-01-31T05:45:00Z,1,1,Determined upon crew arrival,In Progres,OUTAGE,Single Customer,LAP,NORMAL,43.20444,-83.30962
SE26013000456,2026-01-31T02:38:13Z,2026-01-31T07:51:12Z,7,2026-01-30T23:33:31Z,2026-01-31T08:20:00Z,6,6,Equipment problem,In Progres,OUTAGE,Device (I),RFD,NORMAL,42.43243,-83.14203
SW26013000483,2026-01-31T02:38:13Z,2026-01-31T02:38:13Z,1,2026-01-31T01:50:58Z,2026-01-31T06:20:00Z,1,1,Determined upon crew arrival,In Progres,OUTAGE,Single Customer,WWS,NORMAL,42.47466,-83.50133
SW26013000490,2026-01-31T02:38:13Z,2026-01-31T02:38:13Z,1,2026-01-31T02:17:37Z,2026-01-31T06:50:00Z,1,1,Determined upon crew arrival,In Progres,OUTAGE,Single Customer,WWS,NORMAL,42.47274,-83.49061
SW26013000491,2026-01-31T02:38:13Z,2026-01-31T02:38:13Z,1,2026-01-31T02:22:44Z,2026-01-31T06:55:00Z,1,1,Determined upon crew arrival,In Progres,OUTAGE,Single Customer,WWS,NORMAL,42.47373,-83.49185
NW26013000508,2026-01-31T04:17:59Z,2026-01-31T05:59:51Z,3,2026-01-31T03:50:43Z,2026-01-31T08:25:00Z,1,1,Equipment problem,In Progres,OUTAGE,Single Customer,PON,NORMAL,42.82537,-83.44314
SE26013000504,2026-01-31T04:17:59Z,2026-01-31T07:51:12Z,6,2026-01-31T03:43:06Z,2026-01-31T08:15:00Z,1,1,Determined upon crew arrival,In Progres,OUTAGE,Single Customer,CAN,NORMAL,42.3819,-82.98506
NW26013000514,2026-01-31T05:22:43Z,2026-01-31T05:22:43Z,1,2026-01-31T04:57:43Z,2026-01-31T09:30:00Z,42,42,Determined upon crew arrival,In Progres,OUTAGE,Device (I),PON,NORMAL,42.59902,-83.23345
SE26013100005,2026-01-31T05:59:51Z,2026-01-31T12:50:53Z,13,2026-01-30T17:58:06Z,2026-01-31T22:10:00Z,1,1,Equipment problem,In Progres,OUTAGE,Single Customer,RFD,NORMAL,42.51296,-83.14921
SE26013100007,2026-01-31T06:54:05Z,2026-01-31T17:00:54Z,20,2026-01-31T06:32:15Z,2026-01-31T23:00:00Z,1,1,Determined upon crew arrival,In Progres,OUTAGE,Single Customer,CAN,NORMAL,42.4169,-82.95403
NW26013100012,2026-01-31T07:29:41Z,2026-01-31T09:00:58Z,4,2026-01-31T07:05:37Z,2026-01-31T11:35:00Z,1,1,Determined upon crew arrival,In Progres,OUTAGE,Single Customer,PON,NORMAL,42.58564,-83.23044
NW26013100015,2026-01-31T08:32:34Z,2026-01-31T14:59:43Z,13,2026-01-31T07:57:26Z,2026-02-01T00:25:00Z,1,1,Equipment problem,In Progres,OUTAGE,Single Customer,HWL,NORMAL,42.60474,-83.57567
SE26013100019,2026-01-31T09:43:03Z,2026-02-01T12:53:02Z,44,2026-01-31T08:54:27Z,2026-02-01T13:25:00Z,1,1,Determined upon crew arrival,In Progres,OUTAGE,Single Customer,RFD,NORMAL,42.35101,-83.23501
SE26013100021,2026-01-31T09:43:03Z,2026-01-31T09:43:03Z,1,2026-01-31T09:29:13Z,,1,1,Determined upon crew arrival,New,OUTAGE,Single Customer,RFD,NORMAL,42.3451,-83.16188
SW26013100022,2026-01-31T09:43:03Z,2026-01-31T09:43:03Z,1,2026-01-31T09:29:53Z,,1,1,Determined upon crew arrival,New,OUTAGE,Single Customer,WWS,NORMAL,42.35076,-83.38957
NW26013100024,2026-01-31T10:34:43Z,2026-01-31T10:34:43Z,1,2026-01-31T10:05:00Z,,1,1,Determined upon crew arrival,New,OUTAGE,Single Customer,PON,NORMAL,42.68263,-83.22226
NW26013100026,2026-01-31T11:28:21Z,2026-01-31T17:41:14Z,12,2026-01-31T10:46:59Z,2026-02-01T03:20:00Z,1,1,Equipment problem,In Progres,OUTAGE,Single Customer,PON,NORMAL,42.59318,-83.14012
SW26013100027,2026-01-31T11:28:21Z,2026-01-31T14:59:43Z,7,2026-01-31T10:51:00Z,2026-01-31T15:20:00Z,1,1,Equipment problem,In Progres,OUTAGE,Single Customer,ANN,NORMAL,42.17185,-83.54583
NE26013100030,2026-01-31T12:50:53Z,2026-01-31T21:45:08Z,19,2026-01-31T12:43:58Z,2026-02-01T01:15:00Z,1,1,Determined upon crew arrival,In Progres,PRIORITY,,MTC,NORMAL,42.53012,-83.00912
SE26013100033,2026-01-31T13:41:20Z,2026-01-31T15:56:35Z,6,2026-01-31T04:19:52Z,2026-01-31T17:55:00Z,1,1,Equipment problem,In Progres,OUTAGE,Single Customer,RFD,NORMAL,42.4682,-83.09946
NE26013100048,2026-01-31T14:42:57Z,2026-01-31T14:59:43Z,2,2026-01-31T14:23:47Z,2026-01-31T18:55:00Z,1,1,Determined upon crew arrival,In Progres,OUTAGE,Service Secondary,MAR,NORMAL,42.9867,-82.44595
SE26013100044,2026-01-31T14:42:57Z,2026-01-31T15:56:35Z,4,2026-01-31T14:14:20Z,2026-01-31T18:45:00Z,1,1,Determined upon crew arrival,In Progres,OUTAGE,Single Customer,CAN,NORMAL,42.44406,-83.05001
SE26013100045,2026-01-31T14:42:57Z,2026-01-31T15:33:50Z,3,2026-01-31T14:14:35Z,2026-01-31T18:45:00Z,2,2,Determined upon crew arrival,In Progres,OUTAGE,Service Transformer,CAN,NORMAL,42.37366,-83.06239
NE26013100056,2026-01-31T15:33:50Z,2026-01-31T16:35:05Z,3,2026-01-31T14:59:00Z,2026-01-31T19:30:00Z,1,1,Determined upon crew arrival,In Progres,OUTAGE,Service Transformer,MAR,NORMAL,42.97121,-82.46248
NW26013100058,2026-01-31T15:33:50Z,2026-01-31T20:27:31Z,11,2026-01-31T15:04:09Z,2026-02-01T07:35:00Z,1,1,Equipment problem,In Progres,SERVICE DOWN NO,,PON,NORMAL,42.68757,-83.40957
SE26013100053,2026-01-31T15:33:50Z,2026-01-31T15:56:35Z,2,2026-01-31T14:34:33Z,2026-01-31T19:15:00Z,1,1,Determined upon crew arrival,In Progres,OUTAGE,Single Customer,CAN,NORMAL,42.4271,-83.08559
SE26013100057,2026-01-31T15:33:50Z,2026-01-31T17:00:54Z,4,2026-01-31T15:03:45Z,2026-01-31T19:35:00Z,2,2,Determined upon crew arrival,In Progres,OUTAGE,Service Transformer,RFD,NORMAL,42.38006,-83.20071
SE26013100059,2026-01-31T15:33:50Z,2026-01-31T15:56:35Z,2,2026-01-31T15:04:34Z,2026-01-31T19:35:00Z,1,1,Determined upon crew arrival,In Progres,OUTAGE,Single Customer,RFD,NORMAL,42.38194,-83.1977
SW26013100060,2026-01-31T15:33:50Z,2026-01-31T16:35:05Z,3,2026-01-31T15:06:52Z,2026-01-31T19:35:00Z,1,1,Determined upon crew arrival,In Progres,OUTAGE,Single Customer,WWS,NORMAL,42.40909,-83.40228
NE26013100070,2026-01-31T15:56:35Z,2026-01-31T17:00:54Z,3,2026-01-31T15:24:08Z,2026-01-31T19:55:00Z,1,1,Determined upon crew arrival,In Progres,OUTAGE,Single Customer,NAE,NORMAL,43.40808,-82.82785
NW26013100067,2026-01-31T15:56:35Z,2026-02-01T20:58:08Z,47,2026-01-31T15:19:33Z,2026-02-02T07:50:00Z,1,1,Equipment problem,In Progres,OUTAGE,Single Customer,PON,NORMAL,42.56111,-83.23988
SE26013100069,2026-01-31T15:56:35Z,2026-01-31T21:56:58Z,14,2026-01-31T14:05:21Z,2026-02-01T07:55:00Z,1,1,Equipment problem,In Progres,OUTAGE,Single Customer,RFD,NORMAL,42.32083,-83.20503
SW26013100073,2026-01-31T15:56:35Z,2026-01-31T17:00:54Z,3,2026-01-31T15:17:50Z,2026-01-31T20:00:00Z,1,1,Determined upon crew arrival,In Progres,OUTAGE,Single Customer,WWS,NORMAL,42.29332,-83.37535
SE26013100079,2026-01-31T16:35:05Z,2026-01-31T23:46:05Z,17,2026-01-31T15:48:53Z,2026-02-01T08:20:00Z,1,1,Determined upon crew arrival,New,OUTAGE,Single Customer,CAN,NORMAL,42.37541,-83.0103
SE26013100080,2026-01-31T16:35:05Z,2026-01-31T17:57:25Z,4,2026-01-31T15:50:39Z,2026-01-31T20:20:00Z,2,2,Public Interference w/DTE equip,In Progres,OUTAGE,Service Secondary,RFD,NORMAL,42.46095,-83.17332
SE26013100081,2026-01-31T16:35:05Z,2026-01-31T16:35:05Z,1,2026-01-31T15:53:03Z,2026-01-31T20:25:00Z,1,1,Determined upon crew arrival,New,OUTAGE,Single Customer,CAN,NORMAL,42.40131,-83.06327
SE26013100090,2026-01-31T16:35:05Z,2026-01-31T19:32:46Z,7,2026-01-31T16:15:33Z,2026-01-31T20:45:00Z,1,1,Determined upon crew arrival,In Progres,OUTAGE,Single Customer,CAN,NORMAL,42.33031,-83.06471
SE26013100094,2026-01-31T17:00:54Z,2026-01-31T17:41:14Z,2,2026-01-31T16:32:54Z,2026-01-31T21:05:00Z,1,1,Determined upon crew arrival,In Progres,OUTAGE,Single Customer,RFD,NORMAL,42.43026,-83.30797
SW26013100093,2026-01-31T17:00:54Z,2026-01-31T17:41:14Z,2,2026-01-31T16:28:53Z,2026-01-31T21:00:00Z,82,82,Equipment problem,In Progres,OUTAGE,Device (I),WWS,NORMAL,42.34885,-83.38704
NE26013100112,2026-01-31T17:41:14Z,2026-01-31T19:32:46Z,5,2026-01-31T17:20:01Z,2026-01-31T21:50:00Z,1,1,Determined upon crew arrival,In Progres,OUTAGE,Single Customer,NAE,NORMAL,43.61988,-83.58433
NW26013100101,2026-01-31T17:41:14Z,2026-01-31T17:57:25Z,2,2026-01-31T17:01:10Z,2026-01-31T21:35:00Z,104,104,Determined upon crew arrival,In Progres,OUTAGE,Device (I),PON,NORMAL,42.52478,-83.45844
SE26013100113,2026-01-31T17:41:14Z,2026-01-31T23:46:05Z,15,2026-01-31T17:17:05Z,2026-02-01T09:50:00Z,1,1,Equipment problem,In Progres,OUTAGE,Single Customer,RFD,NORMAL,42.4341,-83.21346
SE26013100114,2026-01-31T17:41:14Z,2026-02-01T22:27:11Z,47,2026-01-31T17:23:25Z,2026-02-02T09:55:00Z,1,1,Equipment problem,In Progres,OUTAGE,Single Customer,CAN,NORMAL,42.3861,-83.09221
SW26013100118,2026-01-31T17:57:25Z,2026-01-31T19:32:46Z,4,2026-01-31T15:17:50Z,2026-01-31T22:10:00Z,1,1,Determined upon crew arrival,In Progres,OUTAGE,Single Customer,WWS,NORMAL,42.29332,-83.37535
NE26013100127,2026-01-31T18:42:14Z,2026-01-31T19:02:22Z,2,2026-01-31T18:04:42Z,2026-01-31T22:35:00Z,5,5,Determined upon crew arrival,In Progres,OUTAGE,Service Transformer,MAR,NORMAL,42.92975,-82.52114
SE26013100130,2026-01-31T18:42:14Z,2026-01-31T23:46:05Z,13,2026-01-31T18:10:39Z,2026-02-01T10:40:00Z,1,1,Determined upon crew arrival,In Progres,OUTAGE,Single Customer,CAN,NORMAL,42.44308,-83.04994
SW26013100101,2026-01-31T18:42:14Z,2026-01-31T19:52:35Z,4,2026-01-31T17:01:10Z,2026-01-31T21:35:00Z,104,104,Equipment problem,In Progres,OUTAGE,Device (I),WWS,NORMAL,42.52478,-83.45844
NE26013100134,2026-01-31T19:02:22Z,2026-01-31T23:46:05Z,12,2026-01-31T17:55:02Z,2026-02-01T11:00:00Z,1,1,Determined upon crew arrival,In Progres,OUTAGE,Single Customer,LAP,NORMAL,43.01599,-83.26101
SE26013100142,2026-01-31T19:52:35Z,2026-02-01T22:27:11Z,42,2026-01-31T19:17:33Z,2026-02-01T23:50:00Z,1,1,Equipment problem,In Progres,OUTAGE,Single Customer,CAN,NORMAL,42.3251,-83.09156
SE26013100146,2026-01-31T19:52:35Z,2026-01-31T23:46:05Z,10,2026-01-31T19:42:42Z,2026-02-01T00:15:00Z,1,1,Equipment problem,In Progres,OUTAGE,Single Customer,RFD,NORMAL,42.42614,-83.29988
SE26013100151,2026-01-31T20:27:31Z,2026-01-31T20:27:31Z,1,2026-01-31T20:05:48Z,2026-02-01T00:35:00Z,1,1,Determined upon crew arrival,New,OUTAGE,Single Customer,RFD,NORMAL,42.46116,-83.17454
SE26013100160,2026-01-31T20:50:36Z,2026-01-31T21:22:46Z,2,2026-01-31T20:05:48Z,2026-02-01T01:05:00Z,1,1,Determined upon crew arrival,In Progres,OUTAGE,Single Customer,RFD,NORMAL,42.46095,-83.17332
SW26013100155,2026-01-31T20:50:36Z,2026-01-31T21:56:58Z,4,2026-01-31T20:16:48Z,2026-02-01T00:45:00Z,1,1,Determined upon crew arrival,In Progres,OUTAGE,Single Customer,WWS,NORMAL,42.29153,-83.29856
NE26013100174,2026-01-31T21:45:08Z,2026-01-31T23:46:05Z,6,2026-01-31T21:27:28Z,2026-02-01T02:00:00Z,1,1,Determined upon crew arrival,In Progres,OUTAGE,Single Customer,MTC,NORMAL,42.50319,-83.0492
SE26013100173,2026-01-31T21:45:08Z,2026-02-01T02:32:34Z,7,2026-01-31T21:26:23Z,2026-02-01T05:55:00Z,4,4,Determined upon crew arrival,In Progres,OUTAGE,Service Secondary,CAN,NORMAL,42.41165,-83.0621
SE26013100179,2026-01-31T22:29:05Z,2026-01-31T22:29:05Z,1,2026-01-31T22:03:34Z,2026-02-01T02:35:00Z,2363,2363,Equipment problem,In Progres,OUTAGE,Device (II),RFD,NORMAL,42.50554,-83.24349
SE26013100183,2026-01-31T22:29:05Z,2026-01-31T22:29:05Z,1,2026-01-31T22:04:56Z,2026-02-01T02:35:00Z,122,122,Determined upon crew arrival,New,OUTAGE,Substation,RFD,NORMAL,42.45552,-83.20693
SE26013100185,2026-01-31T22:29:05Z,2026-01-31T23:46:05Z,4,2026-01-31T22:09:10Z,2026-02-01T02:40:00Z,1,1,Determined upon crew arrival,In Progres,OUTAGE,Single Customer,CAN,NORMAL,42.44689,-83.04911
SW26013100221,2026-01-31T22:51:54Z,2026-01-31T23:46:05Z,3,2026-01-31T22:36:16Z,2026-02-01T03:05:00Z,2,2,Determined upon crew arrival,In Progres,OUTAGE,Service Secondary,NPT,NORMAL,42.0846,-83.27355
SE26013100232,2026-01-31T23:23:56Z,2026-01-31T23:23:56Z,1,2026-01-31T23:12:42Z,,2363,2363,Determined upon crew arrival,New,OUTAGE,Subtransmission,RFD,NORMAL,42.50554,-83.24349
NE26013100237,2026-01-31T23:46:05Z,2026-01-31T23:46:05Z,1,2026-01-31T23:30:06Z,,1,1,Determined upon crew arrival,New,OUTAGE,Single Customer,NAE,NORMAL,43.65564,-82.61066
SE26013100235,2026-01-31T23:46:05Z,2026-01-31T23:46:05Z,1,2026-01-31T23:13:21Z,2026-02-01T03:50:00Z,57,57,Determined upon crew arrival,In Progres,OUTAGE,Service Transformer,RFD,NORMAL,42.46066,-83.17396
